C_Zh,mass,CaPhi,BR_mu,acceptance,cross_section_pb,BR_h_to_Za,N_signal
0.001,1.0,1e-06,0.1,0.0,5.331062748960671e-05,9.762063264897768e-07,0.0
0.001,1.0,1.26e-06,0.1,0.0,5.331062748960671e-05,9.762063264897768e-07,0.0
0.001,1.0,1.58e-06,0.1,0.0,5.331062748960671e-05,9.762063264897768e-07,0.0
0.001,1.0,2e-06,0.1,0.0,5.331062748960671e-05,9.762063264897768e-07,0.0
0.001,1.0,2.51e-06,0.1,0.0,5.331062748960671e-05,9.762063264897768e-07,0.0
0.001,1.0,3.16e-06,0.1,0.0,5.331062748960671e-05,9.762063264897768e-07,0.0
0.001,1.0,3.98e-06,0.1,0.0,5.331062748960671e-05,9.762063264897768e-07,0.0
0.001,1.0,5.01e-06,0.1,0.0,5.331062748960671e-05,9.762063264897768e-07,0.0
0.001,1.0,6.31e-06,0.1,0.0,5.331062748960671e-05,9.762063264897768e-07,0.0
0.001,1.0,7.94e-06,0.1,0.0,5.331062748960671e-05,9.762063264897768e-07,0.0
0.001,1.0,1e-05,0.1,0.0,5.331062748960671e-05,9.762063264897768e-07,0.0
0.001,1.0,1.26e-05,0.1,0.0,5.331062748960671e-05,9.762063264897768e-07,0.0
0.001,1.0,1.58e-05,0.1,0.0,5.331062748960671e-05,9.762063264897768e-07,0.0
0.001,1.0,2e-05,0.1,3.3333333333333335e-05,5.331062748960671e-05,9.762063264897768e-07,0.00021324250995842687
0.001,1.0,2.51e-05,0.1,3.3333333333333335e-05,5.331062748960671e-05,9.762063264897768e-07,0.00021324250995842687
0.001,1.0,3.16e-05,0.1,0.0,5.331062748960671e-05,9.762063264897768e-07,0.0
0.001,1.0,3.98e-05,0.1,3.3333333333333335e-05,5.331062748960671e-05,9.762063264897768e-07,0.00021324250995842687
0.001,1.0,5.01e-05,0.1,0.0,5.331062748960671e-05,9.762063264897768e-07,0.0
0.001,1.0,6.31e-05,0.1,6.666666666666667e-05,5.331062748960671e-05,9.762063264897768e-07,0.00042648501991685375
0.001,1.0,7.94e-05,0.1,0.00013333333333333334,5.331062748960671e-05,9.762063264897768e-07,0.0008529700398337075
0.001,1.0,0.0001,0.1,0.00013333333333333334,5.331062748960671e-05,9.762063264897768e-07,0.0008529700398337075
0.001,1.0,0.000126,0.1,0.00016666666666666666,5.331062748960671e-05,9.762063264897768e-07,0.0010662125497921343
0.001,1.0,0.000158,0.1,6.666666666666667e-05,5.331062748960671e-05,9.762063264897768e-07,0.00042648501991685375
0.001,1.0,0.0002,0.1,0.00016666666666666666,5.331062748960671e-05,9.762063264897768e-07,0.0010662125497921343
0.001,1.0,0.000251,0.1,0.0,5.331062748960671e-05,9.762063264897768e-07,0.0
0.001,1.0,0.000316,0.1,0.0,5.331062748960671e-05,9.762063264897768e-07,0.0
0.001,1.0,0.000398,0.1,0.0,5.331062748960671e-05,9.762063264897768e-07,0.0
0.001,1.0,0.000501,0.1,0.0,5.331062748960671e-05,9.762063264897768e-07,0.0
0.001,1.0,0.000631,0.1,0.0,5.331062748960671e-05,9.762063264897768e-07,0.0
0.001,1.0,0.000794,0.1,0.0,5.331062748960671e-05,9.762063264897768e-07,0.0
0.001,1.0,0.001,0.1,0.0,5.331062748960671e-05,9.762063264897768e-07,0.0
0.001,1.0,0.00126,0.1,0.0,5.331062748960671e-05,9.762063264897768e-07,0.0
0.001,1.0,0.00158,0.1,0.0,5.331062748960671e-05,9.762063264897768e-07,0.0
0.001,1.0,0.002,0.1,0.0,5.331062748960671e-05,9.762063264897768e-07,0.0
0.001,1.0,0.00251,0.1,0.0,5.331062748960671e-05,9.762063264897768e-07,0.0
0.001,1.0,0.00316,0.1,0.0,5.331062748960671e-05,9.762063264897768e-07,0.0
0.001,1.0,0.00398,0.1,0.0,5.331062748960671e-05,9.762063264897768e-07,0.0
0.001,1.0,0.00501,0.1,0.0,5.331062748960671e-05,9.762063264897768e-07,0.0
0.001,1.0,0.00631,0.1,0.0,5.331062748960671e-05,9.762063264897768e-07,0.0
0.0010473708979594498,1.0,1e-06,0.1,0.0,5.848099569595742e-05,1.07088437458263e-06,0.0
0.0010473708979594498,1.0,1.26e-06,0.1,0.0,5.848099569595742e-05,1.07088437458263e-06,0.0
0.0010473708979594498,1.0,1.58e-06,0.1,0.0,5.848099569595742e-05,1.07088437458263e-06,0.0
0.0010473708979594498,1.0,2e-06,0.1,0.0,5.848099569595742e-05,1.07088437458263e-06,0.0
0.0010473708979594498,1.0,2.51e-06,0.1,0.0,5.848099569595742e-05,1.07088437458263e-06,0.0
0.0010473708979594498,1.0,3.16e-06,0.1,0.0,5.848099569595742e-05,1.07088437458263e-06,0.0
0.0010473708979594498,1.0,3.98e-06,0.1,0.0,5.848099569595742e-05,1.07088437458263e-06,0.0
0.0010473708979594498,1.0,5.01e-06,0.1,0.0,5.848099569595742e-05,1.07088437458263e-06,0.0
0.0010473708979594498,1.0,6.31e-06,0.1,0.0,5.848099569595742e-05,1.07088437458263e-06,0.0
0.0010473708979594498,1.0,7.94e-06,0.1,0.0,5.848099569595742e-05,1.07088437458263e-06,0.0
0.0010473708979594498,1.0,1e-05,0.1,0.0,5.848099569595742e-05,1.07088437458263e-06,0.0
0.0010473708979594498,1.0,1.26e-05,0.1,0.0,5.848099569595742e-05,1.07088437458263e-06,0.0
0.0010473708979594498,1.0,1.58e-05,0.1,0.0,5.848099569595742e-05,1.07088437458263e-06,0.0
0.0010473708979594498,1.0,2e-05,0.1,3.3333333333333335e-05,5.848099569595742e-05,1.07088437458263e-06,0.00023392398278382972
0.0010473708979594498,1.0,2.51e-05,0.1,3.3333333333333335e-05,5.848099569595742e-05,1.07088437458263e-06,0.00023392398278382972
0.0010473708979594498,1.0,3.16e-05,0.1,0.0,5.848099569595742e-05,1.07088437458263e-06,0.0
0.0010473708979594498,1.0,3.98e-05,0.1,3.3333333333333335e-05,5.848099569595742e-05,1.07088437458263e-06,0.00023392398278382972
0.0010473708979594498,1.0,5.01e-05,0.1,0.0,5.848099569595742e-05,1.07088437458263e-06,0.0
0.0010473708979594498,1.0,6.31e-05,0.1,6.666666666666667e-05,5.848099569595742e-05,1.07088437458263e-06,0.00046784796556765943
0.0010473708979594498,1.0,7.94e-05,0.1,0.00013333333333333334,5.848099569595742e-05,1.07088437458263e-06,0.0009356959311353189
0.0010473708979594498,1.0,0.0001,0.1,0.00013333333333333334,5.848099569595742e-05,1.07088437458263e-06,0.0009356959311353189
0.0010473708979594498,1.0,0.000126,0.1,0.00016666666666666666,5.848099569595742e-05,1.07088437458263e-06,0.0011696199139191485
0.0010473708979594498,1.0,0.000158,0.1,6.666666666666667e-05,5.848099569595742e-05,1.07088437458263e-06,0.00046784796556765943
0.0010473708979594498,1.0,0.0002,0.1,0.00016666666666666666,5.848099569595742e-05,1.07088437458263e-06,0.0011696199139191485
0.0010473708979594498,1.0,0.000251,0.1,0.0,5.848099569595742e-05,1.07088437458263e-06,0.0
0.0010473708979594498,1.0,0.000316,0.1,0.0,5.848099569595742e-05,1.07088437458263e-06,0.0
0.0010473708979594498,1.0,0.000398,0.1,0.0,5.848099569595742e-05,1.07088437458263e-06,0.0
0.0010473708979594498,1.0,0.000501,0.1,0.0,5.848099569595742e-05,1.07088437458263e-06,0.0
0.0010473708979594498,1.0,0.000631,0.1,0.0,5.848099569595742e-05,1.07088437458263e-06,0.0
0.0010473708979594498,1.0,0.000794,0.1,0.0,5.848099569595742e-05,1.07088437458263e-06,0.0
0.0010473708979594498,1.0,0.001,0.1,0.0,5.848099569595742e-05,1.07088437458263e-06,0.0
0.0010473708979594498,1.0,0.00126,0.1,0.0,5.848099569595742e-05,1.07088437458263e-06,0.0
0.0010473708979594498,1.0,0.00158,0.1,0.0,5.848099569595742e-05,1.07088437458263e-06,0.0
0.0010473708979594498,1.0,0.002,0.1,0.0,5.848099569595742e-05,1.07088437458263e-06,0.0
0.0010473708979594498,1.0,0.00251,0.1,0.0,5.848099569595742e-05,1.07088437458263e-06,0.0
0.0010473708979594498,1.0,0.00316,0.1,0.0,5.848099569595742e-05,1.07088437458263e-06,0.0
0.0010473708979594498,1.0,0.00398,0.1,0.0,5.848099569595742e-05,1.07088437458263e-06,0.0
0.0010473708979594498,1.0,0.00501,0.1,0.0,5.848099569595742e-05,1.07088437458263e-06,0.0
0.0010473708979594498,1.0,0.00631,0.1,0.0,5.848099569595742e-05,1.07088437458263e-06,0.0
0.001096985797892384,1.0,1e-06,0.1,0.0,6.415281506212264e-05,1.1747448280923392e-06,0.0
0.001096985797892384,1.0,1.26e-06,0.1,0.0,6.415281506212264e-05,1.1747448280923392e-06,0.0
0.001096985797892384,1.0,1.58e-06,0.1,0.0,6.415281506212264e-05,1.1747448280923392e-06,0.0
0.001096985797892384,1.0,2e-06,0.1,0.0,6.415281506212264e-05,1.1747448280923392e-06,0.0
0.001096985797892384,1.0,2.51e-06,0.1,0.0,6.415281506212264e-05,1.1747448280923392e-06,0.0
0.001096985797892384,1.0,3.16e-06,0.1,0.0,6.415281506212264e-05,1.1747448280923392e-06,0.0
0.001096985797892384,1.0,3.98e-06,0.1,0.0,6.415281506212264e-05,1.1747448280923392e-06,0.0
0.001096985797892384,1.0,5.01e-06,0.1,0.0,6.415281506212264e-05,1.1747448280923392e-06,0.0
0.001096985797892384,1.0,6.31e-06,0.1,0.0,6.415281506212264e-05,1.1747448280923392e-06,0.0
0.001096985797892384,1.0,7.94e-06,0.1,0.0,6.415281506212264e-05,1.1747448280923392e-06,0.0
0.001096985797892384,1.0,1e-05,0.1,0.0,6.415281506212264e-05,1.1747448280923392e-06,0.0
0.001096985797892384,1.0,1.26e-05,0.1,0.0,6.415281506212264e-05,1.1747448280923392e-06,0.0
0.001096985797892384,1.0,1.58e-05,0.1,0.0,6.415281506212264e-05,1.1747448280923392e-06,0.0
0.001096985797892384,1.0,2e-05,0.1,3.3333333333333335e-05,6.415281506212264e-05,1.1747448280923392e-06,0.0002566112602484906
0.001096985797892384,1.0,2.51e-05,0.1,3.3333333333333335e-05,6.415281506212264e-05,1.1747448280923392e-06,0.0002566112602484906
0.001096985797892384,1.0,3.16e-05,0.1,0.0,6.415281506212264e-05,1.1747448280923392e-06,0.0
0.001096985797892384,1.0,3.98e-05,0.1,3.3333333333333335e-05,6.415281506212264e-05,1.1747448280923392e-06,0.0002566112602484906
0.001096985797892384,1.0,5.01e-05,0.1,0.0,6.415281506212264e-05,1.1747448280923392e-06,0.0
0.001096985797892384,1.0,6.31e-05,0.1,6.666666666666667e-05,6.415281506212264e-05,1.1747448280923392e-06,0.0005132225204969812
0.001096985797892384,1.0,7.94e-05,0.1,0.00013333333333333334,6.415281506212264e-05,1.1747448280923392e-06,0.0010264450409939623
0.001096985797892384,1.0,0.0001,0.1,0.00013333333333333334,6.415281506212264e-05,1.1747448280923392e-06,0.0010264450409939623
0.001096985797892384,1.0,0.000126,0.1,0.00016666666666666666,6.415281506212264e-05,1.1747448280923392e-06,0.001283056301242453
0.001096985797892384,1.0,0.000158,0.1,6.666666666666667e-05,6.415281506212264e-05,1.1747448280923392e-06,0.0005132225204969812
0.001096985797892384,1.0,0.0002,0.1,0.00016666666666666666,6.415281506212264e-05,1.1747448280923392e-06,0.001283056301242453
0.001096985797892384,1.0,0.000251,0.1,0.0,6.415281506212264e-05,1.1747448280923392e-06,0.0
0.001096985797892384,1.0,0.000316,0.1,0.0,6.415281506212264e-05,1.1747448280923392e-06,0.0
0.001096985797892384,1.0,0.000398,0.1,0.0,6.415281506212264e-05,1.1747448280923392e-06,0.0
0.001096985797892384,1.0,0.000501,0.1,0.0,6.415281506212264e-05,1.1747448280923392e-06,0.0
0.001096985797892384,1.0,0.000631,0.1,0.0,6.415281506212264e-05,1.1747448280923392e-06,0.0
0.001096985797892384,1.0,0.000794,0.1,0.0,6.415281506212264e-05,1.1747448280923392e-06,0.0
0.001096985797892384,1.0,0.001,0.1,0.0,6.415281506212264e-05,1.1747448280923392e-06,0.0
0.001096985797892384,1.0,0.00126,0.1,0.0,6.415281506212264e-05,1.1747448280923392e-06,0.0
0.001096985797892384,1.0,0.00158,0.1,0.0,6.415281506212264e-05,1.1747448280923392e-06,0.0
0.001096985797892384,1.0,0.002,0.1,0.0,6.415281506212264e-05,1.1747448280923392e-06,0.0
0.001096985797892384,1.0,0.00251,0.1,0.0,6.415281506212264e-05,1.1747448280923392e-06,0.0
0.001096985797892384,1.0,0.00316,0.1,0.0,6.415281506212264e-05,1.1747448280923392e-06,0.0
0.001096985797892384,1.0,0.00398,0.1,0.0,6.415281506212264e-05,1.1747448280923392e-06,0.0
0.001096985797892384,1.0,0.00501,0.1,0.0,6.415281506212264e-05,1.1747448280923392e-06,0.0
0.001096985797892384,1.0,0.00631,0.1,0.0,6.415281506212264e-05,1.1747448280923392e-06,0.0
0.0011489510001873086,1.0,1e-06,0.1,0.0,7.037471899992243e-05,1.2886782457411176e-06,0.0
0.0011489510001873086,1.0,1.26e-06,0.1,0.0,7.037471899992243e-05,1.2886782457411176e-06,0.0
0.0011489510001873086,1.0,1.58e-06,0.1,0.0,7.037471899992243e-05,1.2886782457411176e-06,0.0
0.0011489510001873086,1.0,2e-06,0.1,0.0,7.037471899992243e-05,1.2886782457411176e-06,0.0
0.0011489510001873086,1.0,2.51e-06,0.1,0.0,7.037471899992243e-05,1.2886782457411176e-06,0.0
0.0011489510001873086,1.0,3.16e-06,0.1,0.0,7.037471899992243e-05,1.2886782457411176e-06,0.0
0.0011489510001873086,1.0,3.98e-06,0.1,0.0,7.037471899992243e-05,1.2886782457411176e-06,0.0
0.0011489510001873086,1.0,5.01e-06,0.1,0.0,7.037471899992243e-05,1.2886782457411176e-06,0.0
0.0011489510001873086,1.0,6.31e-06,0.1,0.0,7.037471899992243e-05,1.2886782457411176e-06,0.0
0.0011489510001873086,1.0,7.94e-06,0.1,0.0,7.037471899992243e-05,1.2886782457411176e-06,0.0
0.0011489510001873086,1.0,1e-05,0.1,0.0,7.037471899992243e-05,1.2886782457411176e-06,0.0
0.0011489510001873086,1.0,1.26e-05,0.1,0.0,7.037471899992243e-05,1.2886782457411176e-06,0.0
0.0011489510001873086,1.0,1.58e-05,0.1,0.0,7.037471899992243e-05,1.2886782457411176e-06,0.0
0.0011489510001873086,1.0,2e-05,0.1,3.3333333333333335e-05,7.037471899992243e-05,1.2886782457411176e-06,0.00028149887599968976
0.0011489510001873086,1.0,2.51e-05,0.1,3.3333333333333335e-05,7.037471899992243e-05,1.2886782457411176e-06,0.00028149887599968976
0.0011489510001873086,1.0,3.16e-05,0.1,0.0,7.037471899992243e-05,1.2886782457411176e-06,0.0
0.0011489510001873086,1.0,3.98e-05,0.1,3.3333333333333335e-05,7.037471899992243e-05,1.2886782457411176e-06,0.00028149887599968976
0.0011489510001873086,1.0,5.01e-05,0.1,0.0,7.037471899992243e-05,1.2886782457411176e-06,0.0
0.0011489510001873086,1.0,6.31e-05,0.1,6.666666666666667e-05,7.037471899992243e-05,1.2886782457411176e-06,0.0005629977519993795
0.0011489510001873086,1.0,7.94e-05,0.1,0.00013333333333333334,7.037471899992243e-05,1.2886782457411176e-06,0.001125995503998759
0.0011489510001873086,1.0,0.0001,0.1,0.00013333333333333334,7.037471899992243e-05,1.2886782457411176e-06,0.001125995503998759
0.0011489510001873086,1.0,0.000126,0.1,0.00016666666666666666,7.037471899992243e-05,1.2886782457411176e-06,0.0014074943799984487
0.0011489510001873086,1.0,0.000158,0.1,6.666666666666667e-05,7.037471899992243e-05,1.2886782457411176e-06,0.0005629977519993795
0.0011489510001873086,1.0,0.0002,0.1,0.00016666666666666666,7.037471899992243e-05,1.2886782457411176e-06,0.0014074943799984487
0.0011489510001873086,1.0,0.000251,0.1,0.0,7.037471899992243e-05,1.2886782457411176e-06,0.0
0.0011489510001873086,1.0,0.000316,0.1,0.0,7.037471899992243e-05,1.2886782457411176e-06,0.0
0.0011489510001873086,1.0,0.000398,0.1,0.0,7.037471899992243e-05,1.2886782457411176e-06,0.0
0.0011489510001873086,1.0,0.000501,0.1,0.0,7.037471899992243e-05,1.2886782457411176e-06,0.0
0.0011489510001873086,1.0,0.000631,0.1,0.0,7.037471899992243e-05,1.2886782457411176e-06,0.0
0.0011489510001873086,1.0,0.000794,0.1,0.0,7.037471899992243e-05,1.2886782457411176e-06,0.0
0.0011489510001873086,1.0,0.001,0.1,0.0,7.037471899992243e-05,1.2886782457411176e-06,0.0
0.0011489510001873086,1.0,0.00126,0.1,0.0,7.037471899992243e-05,1.2886782457411176e-06,0.0
0.0011489510001873086,1.0,0.00158,0.1,0.0,7.037471899992243e-05,1.2886782457411176e-06,0.0
0.0011489510001873086,1.0,0.002,0.1,0.0,7.037471899992243e-05,1.2886782457411176e-06,0.0
0.0011489510001873086,1.0,0.00251,0.1,0.0,7.037471899992243e-05,1.2886782457411176e-06,0.0
0.0011489510001873086,1.0,0.00316,0.1,0.0,7.037471899992243e-05,1.2886782457411176e-06,0.0
0.0011489510001873086,1.0,0.00398,0.1,0.0,7.037471899992243e-05,1.2886782457411176e-06,0.0
0.0011489510001873086,1.0,0.00501,0.1,0.0,7.037471899992243e-05,1.2886782457411176e-06,0.0
0.0011489510001873086,1.0,0.00631,0.1,0.0,7.037471899992243e-05,1.2886782457411176e-06,0.0
0.0012033778407775893,1.0,1e-06,0.1,0.0,7.720005762484978e-05,1.4136615569465259e-06,0.0
0.0012033778407775893,1.0,1.26e-06,0.1,0.0,7.720005762484978e-05,1.4136615569465259e-06,0.0
0.0012033778407775893,1.0,1.58e-06,0.1,0.0,7.720005762484978e-05,1.4136615569465259e-06,0.0
0.0012033778407775893,1.0,2e-06,0.1,0.0,7.720005762484978e-05,1.4136615569465259e-06,0.0
0.0012033778407775893,1.0,2.51e-06,0.1,0.0,7.720005762484978e-05,1.4136615569465259e-06,0.0
0.0012033778407775893,1.0,3.16e-06,0.1,0.0,7.720005762484978e-05,1.4136615569465259e-06,0.0
0.0012033778407775893,1.0,3.98e-06,0.1,0.0,7.720005762484978e-05,1.4136615569465259e-06,0.0
0.0012033778407775893,1.0,5.01e-06,0.1,0.0,7.720005762484978e-05,1.4136615569465259e-06,0.0
0.0012033778407775893,1.0,6.31e-06,0.1,0.0,7.720005762484978e-05,1.4136615569465259e-06,0.0
0.0012033778407775893,1.0,7.94e-06,0.1,0.0,7.720005762484978e-05,1.4136615569465259e-06,0.0
0.0012033778407775893,1.0,1e-05,0.1,0.0,7.720005762484978e-05,1.4136615569465259e-06,0.0
0.0012033778407775893,1.0,1.26e-05,0.1,0.0,7.720005762484978e-05,1.4136615569465259e-06,0.0
0.0012033778407775893,1.0,1.58e-05,0.1,0.0,7.720005762484978e-05,1.4136615569465259e-06,0.0
0.0012033778407775893,1.0,2e-05,0.1,3.3333333333333335e-05,7.720005762484978e-05,1.4136615569465259e-06,0.00030880023049939916
0.0012033778407775893,1.0,2.51e-05,0.1,3.3333333333333335e-05,7.720005762484978e-05,1.4136615569465259e-06,0.00030880023049939916
0.0012033778407775893,1.0,3.16e-05,0.1,0.0,7.720005762484978e-05,1.4136615569465259e-06,0.0
0.0012033778407775893,1.0,3.98e-05,0.1,3.3333333333333335e-05,7.720005762484978e-05,1.4136615569465259e-06,0.00030880023049939916
0.0012033778407775893,1.0,5.01e-05,0.1,0.0,7.720005762484978e-05,1.4136615569465259e-06,0.0
0.0012033778407775893,1.0,6.31e-05,0.1,6.666666666666667e-05,7.720005762484978e-05,1.4136615569465259e-06,0.0006176004609987983
0.0012033778407775893,1.0,7.94e-05,0.1,0.00013333333333333334,7.720005762484978e-05,1.4136615569465259e-06,0.0012352009219975966
0.0012033778407775893,1.0,0.0001,0.1,0.00013333333333333334,7.720005762484978e-05,1.4136615569465259e-06,0.0012352009219975966
0.0012033778407775893,1.0,0.000126,0.1,0.00016666666666666666,7.720005762484978e-05,1.4136615569465259e-06,0.0015440011524969956
0.0012033778407775893,1.0,0.000158,0.1,6.666666666666667e-05,7.720005762484978e-05,1.4136615569465259e-06,0.0006176004609987983
0.0012033778407775893,1.0,0.0002,0.1,0.00016666666666666666,7.720005762484978e-05,1.4136615569465259e-06,0.0015440011524969956
0.0012033778407775893,1.0,0.000251,0.1,0.0,7.720005762484978e-05,1.4136615569465259e-06,0.0
0.0012033778407775893,1.0,0.000316,0.1,0.0,7.720005762484978e-05,1.4136615569465259e-06,0.0
0.0012033778407775893,1.0,0.000398,0.1,0.0,7.720005762484978e-05,1.4136615569465259e-06,0.0
0.0012033778407775893,1.0,0.000501,0.1,0.0,7.720005762484978e-05,1.4136615569465259e-06,0.0
0.0012033778407775893,1.0,0.000631,0.1,0.0,7.720005762484978e-05,1.4136615569465259e-06,0.0
0.0012033778407775893,1.0,0.000794,0.1,0.0,7.720005762484978e-05,1.4136615569465259e-06,0.0
0.0012033778407775893,1.0,0.001,0.1,0.0,7.720005762484978e-05,1.4136615569465259e-06,0.0
0.0012033778407775893,1.0,0.00126,0.1,0.0,7.720005762484978e-05,1.4136615569465259e-06,0.0
0.0012033778407775893,1.0,0.00158,0.1,0.0,7.720005762484978e-05,1.4136615569465259e-06,0.0
0.0012033778407775893,1.0,0.002,0.1,0.0,7.720005762484978e-05,1.4136615569465259e-06,0.0
0.0012033778407775893,1.0,0.00251,0.1,0.0,7.720005762484978e-05,1.4136615569465259e-06,0.0
0.0012033778407775893,1.0,0.00316,0.1,0.0,7.720005762484978e-05,1.4136615569465259e-06,0.0
0.0012033778407775893,1.0,0.00398,0.1,0.0,7.720005762484978e-05,1.4136615569465259e-06,0.0
0.0012033778407775893,1.0,0.00501,0.1,0.0,7.720005762484978e-05,1.4136615569465259e-06,0.0
0.0012033778407775893,1.0,0.00631,0.1,0.0,7.720005762484978e-05,1.4136615569465259e-06,0.0
0.0012603829296797275,1.0,1e-06,0.1,0.0,8.468735519986606e-05,1.5507664383787962e-06,0.0
0.0012603829296797275,1.0,1.26e-06,0.1,0.0,8.468735519986606e-05,1.5507664383787962e-06,0.0
0.0012603829296797275,1.0,1.58e-06,0.1,0.0,8.468735519986606e-05,1.5507664383787962e-06,0.0
0.0012603829296797275,1.0,2e-06,0.1,0.0,8.468735519986606e-05,1.5507664383787962e-06,0.0
0.0012603829296797275,1.0,2.51e-06,0.1,0.0,8.468735519986606e-05,1.5507664383787962e-06,0.0
0.0012603829296797275,1.0,3.16e-06,0.1,0.0,8.468735519986606e-05,1.5507664383787962e-06,0.0
0.0012603829296797275,1.0,3.98e-06,0.1,0.0,8.468735519986606e-05,1.5507664383787962e-06,0.0
0.0012603829296797275,1.0,5.01e-06,0.1,0.0,8.468735519986606e-05,1.5507664383787962e-06,0.0
0.0012603829296797275,1.0,6.31e-06,0.1,0.0,8.468735519986606e-05,1.5507664383787962e-06,0.0
0.0012603829296797275,1.0,7.94e-06,0.1,0.0,8.468735519986606e-05,1.5507664383787962e-06,0.0
0.0012603829296797275,1.0,1e-05,0.1,0.0,8.468735519986606e-05,1.5507664383787962e-06,0.0
0.0012603829296797275,1.0,1.26e-05,0.1,0.0,8.468735519986606e-05,1.5507664383787962e-06,0.0
0.0012603829296797275,1.0,1.58e-05,0.1,0.0,8.468735519986606e-05,1.5507664383787962e-06,0.0
0.0012603829296797275,1.0,2e-05,0.1,3.3333333333333335e-05,8.468735519986606e-05,1.5507664383787962e-06,0.0003387494207994643
0.0012603829296797275,1.0,2.51e-05,0.1,3.3333333333333335e-05,8.468735519986606e-05,1.5507664383787962e-06,0.0003387494207994643
0.0012603829296797275,1.0,3.16e-05,0.1,0.0,8.468735519986606e-05,1.5507664383787962e-06,0.0
0.0012603829296797275,1.0,3.98e-05,0.1,3.3333333333333335e-05,8.468735519986606e-05,1.5507664383787962e-06,0.0003387494207994643
0.0012603829296797275,1.0,5.01e-05,0.1,0.0,8.468735519986606e-05,1.5507664383787962e-06,0.0
0.0012603829296797275,1.0,6.31e-05,0.1,6.666666666666667e-05,8.468735519986606e-05,1.5507664383787962e-06,0.0006774988415989286
0.0012603829296797275,1.0,7.94e-05,0.1,0.00013333333333333334,8.468735519986606e-05,1.5507664383787962e-06,0.0013549976831978572
0.0012603829296797275,1.0,0.0001,0.1,0.00013333333333333334,8.468735519986606e-05,1.5507664383787962e-06,0.0013549976831978572
0.0012603829296797275,1.0,0.000126,0.1,0.00016666666666666666,8.468735519986606e-05,1.5507664383787962e-06,0.0016937471039973212
0.0012603829296797275,1.0,0.000158,0.1,6.666666666666667e-05,8.468735519986606e-05,1.5507664383787962e-06,0.0006774988415989286
0.0012603829296797275,1.0,0.0002,0.1,0.00016666666666666666,8.468735519986606e-05,1.5507664383787962e-06,0.0016937471039973212
0.0012603829296797275,1.0,0.000251,0.1,0.0,8.468735519986606e-05,1.5507664383787962e-06,0.0
0.0012603829296797275,1.0,0.000316,0.1,0.0,8.468735519986606e-05,1.5507664383787962e-06,0.0
0.0012603829296797275,1.0,0.000398,0.1,0.0,8.468735519986606e-05,1.5507664383787962e-06,0.0
0.0012603829296797275,1.0,0.000501,0.1,0.0,8.468735519986606e-05,1.5507664383787962e-06,0.0
0.0012603829296797275,1.0,0.000631,0.1,0.0,8.468735519986606e-05,1.5507664383787962e-06,0.0
0.0012603829296797275,1.0,0.000794,0.1,0.0,8.468735519986606e-05,1.5507664383787962e-06,0.0
0.0012603829296797275,1.0,0.001,0.1,0.0,8.468735519986606e-05,1.5507664383787962e-06,0.0
0.0012603829296797275,1.0,0.00126,0.1,0.0,8.468735519986606e-05,1.5507664383787962e-06,0.0
0.0012603829296797275,1.0,0.00158,0.1,0.0,8.468735519986606e-05,1.5507664383787962e-06,0.0
0.0012603829296797275,1.0,0.002,0.1,0.0,8.468735519986606e-05,1.5507664383787962e-06,0.0
0.0012603829296797275,1.0,0.00251,0.1,0.0,8.468735519986606e-05,1.5507664383787962e-06,0.0
0.0012603829296797275,1.0,0.00316,0.1,0.0,8.468735519986606e-05,1.5507664383787962e-06,0.0
0.0012603829296797275,1.0,0.00398,0.1,0.0,8.468735519986606e-05,1.5507664383787962e-06,0.0
0.0012603829296797275,1.0,0.00501,0.1,0.0,8.468735519986606e-05,1.5507664383787962e-06,0.0
0.0012603829296797275,1.0,0.00631,0.1,0.0,8.468735519986606e-05,1.5507664383787962e-06,0.0
0.001320088400831418,1.0,1e-06,0.1,0.0,9.290081194282311e-05,1.701168502890004e-06,0.0
0.001320088400831418,1.0,1.26e-06,0.1,0.0,9.290081194282311e-05,1.701168502890004e-06,0.0
0.001320088400831418,1.0,1.58e-06,0.1,0.0,9.290081194282311e-05,1.701168502890004e-06,0.0
0.001320088400831418,1.0,2e-06,0.1,0.0,9.290081194282311e-05,1.701168502890004e-06,0.0
0.001320088400831418,1.0,2.51e-06,0.1,0.0,9.290081194282311e-05,1.701168502890004e-06,0.0
0.001320088400831418,1.0,3.16e-06,0.1,0.0,9.290081194282311e-05,1.701168502890004e-06,0.0
0.001320088400831418,1.0,3.98e-06,0.1,0.0,9.290081194282311e-05,1.701168502890004e-06,0.0
0.001320088400831418,1.0,5.01e-06,0.1,0.0,9.290081194282311e-05,1.701168502890004e-06,0.0
0.001320088400831418,1.0,6.31e-06,0.1,0.0,9.290081194282311e-05,1.701168502890004e-06,0.0
0.001320088400831418,1.0,7.94e-06,0.1,0.0,9.290081194282311e-05,1.701168502890004e-06,0.0
0.001320088400831418,1.0,1e-05,0.1,0.0,9.290081194282311e-05,1.701168502890004e-06,0.0
0.001320088400831418,1.0,1.26e-05,0.1,0.0,9.290081194282311e-05,1.701168502890004e-06,0.0
0.001320088400831418,1.0,1.58e-05,0.1,0.0,9.290081194282311e-05,1.701168502890004e-06,0.0
0.001320088400831418,1.0,2e-05,0.1,3.3333333333333335e-05,9.290081194282311e-05,1.701168502890004e-06,0.0003716032477712925
0.001320088400831418,1.0,2.51e-05,0.1,3.3333333333333335e-05,9.290081194282311e-05,1.701168502890004e-06,0.0003716032477712925
0.001320088400831418,1.0,3.16e-05,0.1,0.0,9.290081194282311e-05,1.701168502890004e-06,0.0
0.001320088400831418,1.0,3.98e-05,0.1,3.3333333333333335e-05,9.290081194282311e-05,1.701168502890004e-06,0.0003716032477712925
0.001320088400831418,1.0,5.01e-05,0.1,0.0,9.290081194282311e-05,1.701168502890004e-06,0.0
0.001320088400831418,1.0,6.31e-05,0.1,6.666666666666667e-05,9.290081194282311e-05,1.701168502890004e-06,0.000743206495542585
0.001320088400831418,1.0,7.94e-05,0.1,0.00013333333333333334,9.290081194282311e-05,1.701168502890004e-06,0.00148641299108517
0.001320088400831418,1.0,0.0001,0.1,0.00013333333333333334,9.290081194282311e-05,1.701168502890004e-06,0.00148641299108517
0.001320088400831418,1.0,0.000126,0.1,0.00016666666666666666,9.290081194282311e-05,1.701168502890004e-06,0.0018580162388564623
0.001320088400831418,1.0,0.000158,0.1,6.666666666666667e-05,9.290081194282311e-05,1.701168502890004e-06,0.000743206495542585
0.001320088400831418,1.0,0.0002,0.1,0.00016666666666666666,9.290081194282311e-05,1.701168502890004e-06,0.0018580162388564623
0.001320088400831418,1.0,0.000251,0.1,0.0,9.290081194282311e-05,1.701168502890004e-06,0.0
0.001320088400831418,1.0,0.000316,0.1,0.0,9.290081194282311e-05,1.701168502890004e-06,0.0
0.001320088400831418,1.0,0.000398,0.1,0.0,9.290081194282311e-05,1.701168502890004e-06,0.0
0.001320088400831418,1.0,0.000501,0.1,0.0,9.290081194282311e-05,1.701168502890004e-06,0.0
0.001320088400831418,1.0,0.000631,0.1,0.0,9.290081194282311e-05,1.701168502890004e-06,0.0
0.001320088400831418,1.0,0.000794,0.1,0.0,9.290081194282311e-05,1.701168502890004e-06,0.0
0.001320088400831418,1.0,0.001,0.1,0.0,9.290081194282311e-05,1.701168502890004e-06,0.0
0.001320088400831418,1.0,0.00126,0.1,0.0,9.290081194282311e-05,1.701168502890004e-06,0.0
0.001320088400831418,1.0,0.00158,0.1,0.0,9.290081194282311e-05,1.701168502890004e-06,0.0
0.001320088400831418,1.0,0.002,0.1,0.0,9.290081194282311e-05,1.701168502890004e-06,0.0
0.001320088400831418,1.0,0.00251,0.1,0.0,9.290081194282311e-05,1.701168502890004e-06,0.0
0.001320088400831418,1.0,0.00316,0.1,0.0,9.290081194282311e-05,1.701168502890004e-06,0.0
0.001320088400831418,1.0,0.00398,0.1,0.0,9.290081194282311e-05,1.701168502890004e-06,0.0
0.001320088400831418,1.0,0.00501,0.1,0.0,9.290081194282311e-05,1.701168502890004e-06,0.0
0.001320088400831418,1.0,0.00631,0.1,0.0,9.290081194282311e-05,1.701168502890004e-06,0.0
0.0013826221737646563,1.0,1e-06,0.1,0.0,0.00010191085449975935,1.8661573795963992e-06,0.0
0.0013826221737646563,1.0,1.26e-06,0.1,0.0,0.00010191085449975935,1.8661573795963992e-06,0.0
0.0013826221737646563,1.0,1.58e-06,0.1,0.0,0.00010191085449975935,1.8661573795963992e-06,0.0
0.0013826221737646563,1.0,2e-06,0.1,0.0,0.00010191085449975935,1.8661573795963992e-06,0.0
0.0013826221737646563,1.0,2.51e-06,0.1,0.0,0.00010191085449975935,1.8661573795963992e-06,0.0
0.0013826221737646563,1.0,3.16e-06,0.1,0.0,0.00010191085449975935,1.8661573795963992e-06,0.0
0.0013826221737646563,1.0,3.98e-06,0.1,0.0,0.00010191085449975935,1.8661573795963992e-06,0.0
0.0013826221737646563,1.0,5.01e-06,0.1,0.0,0.00010191085449975935,1.8661573795963992e-06,0.0
0.0013826221737646563,1.0,6.31e-06,0.1,0.0,0.00010191085449975935,1.8661573795963992e-06,0.0
0.0013826221737646563,1.0,7.94e-06,0.1,0.0,0.00010191085449975935,1.8661573795963992e-06,0.0
0.0013826221737646563,1.0,1e-05,0.1,0.0,0.00010191085449975935,1.8661573795963992e-06,0.0
0.0013826221737646563,1.0,1.26e-05,0.1,0.0,0.00010191085449975935,1.8661573795963992e-06,0.0
0.0013826221737646563,1.0,1.58e-05,0.1,0.0,0.00010191085449975935,1.8661573795963992e-06,0.0
0.0013826221737646563,1.0,2e-05,0.1,3.3333333333333335e-05,0.00010191085449975935,1.8661573795963992e-06,0.00040764341799903747
0.0013826221737646563,1.0,2.51e-05,0.1,3.3333333333333335e-05,0.00010191085449975935,1.8661573795963992e-06,0.00040764341799903747
0.0013826221737646563,1.0,3.16e-05,0.1,0.0,0.00010191085449975935,1.8661573795963992e-06,0.0
0.0013826221737646563,1.0,3.98e-05,0.1,3.3333333333333335e-05,0.00010191085449975935,1.8661573795963992e-06,0.00040764341799903747
0.0013826221737646563,1.0,5.01e-05,0.1,0.0,0.00010191085449975935,1.8661573795963992e-06,0.0
0.0013826221737646563,1.0,6.31e-05,0.1,6.666666666666667e-05,0.00010191085449975935,1.8661573795963992e-06,0.0008152868359980749
0.0013826221737646563,1.0,7.94e-05,0.1,0.00013333333333333334,0.00010191085449975935,1.8661573795963992e-06,0.0016305736719961499
0.0013826221737646563,1.0,0.0001,0.1,0.00013333333333333334,0.00010191085449975935,1.8661573795963992e-06,0.0016305736719961499
0.0013826221737646563,1.0,0.000126,0.1,0.00016666666666666666,0.00010191085449975935,1.8661573795963992e-06,0.0020382170899951872
0.0013826221737646563,1.0,0.000158,0.1,6.666666666666667e-05,0.00010191085449975935,1.8661573795963992e-06,0.0008152868359980749
0.0013826221737646563,1.0,0.0002,0.1,0.00016666666666666666,0.00010191085449975935,1.8661573795963992e-06,0.0020382170899951872
0.0013826221737646563,1.0,0.000251,0.1,0.0,0.00010191085449975935,1.8661573795963992e-06,0.0
0.0013826221737646563,1.0,0.000316,0.1,0.0,0.00010191085449975935,1.8661573795963992e-06,0.0
0.0013826221737646563,1.0,0.000398,0.1,0.0,0.00010191085449975935,1.8661573795963992e-06,0.0
0.0013826221737646563,1.0,0.000501,0.1,0.0,0.00010191085449975935,1.8661573795963992e-06,0.0
0.0013826221737646563,1.0,0.000631,0.1,0.0,0.00010191085449975935,1.8661573795963992e-06,0.0
0.0013826221737646563,1.0,0.000794,0.1,0.0,0.00010191085449975935,1.8661573795963992e-06,0.0
0.0013826221737646563,1.0,0.001,0.1,0.0,0.00010191085449975935,1.8661573795963992e-06,0.0
0.0013826221737646563,1.0,0.00126,0.1,0.0,0.00010191085449975935,1.8661573795963992e-06,0.0
0.0013826221737646563,1.0,0.00158,0.1,0.0,0.00010191085449975935,1.8661573795963992e-06,0.0
0.0013826221737646563,1.0,0.002,0.1,0.0,0.00010191085449975935,1.8661573795963992e-06,0.0
0.0013826221737646563,1.0,0.00251,0.1,0.0,0.00010191085449975935,1.8661573795963992e-06,0.0
0.0013826221737646563,1.0,0.00316,0.1,0.0,0.00010191085449975935,1.8661573795963992e-06,0.0
0.0013826221737646563,1.0,0.00398,0.1,0.0,0.00010191085449975935,1.8661573795963992e-06,0.0
0.0013826221737646563,1.0,0.00501,0.1,0.0,0.00010191085449975935,1.8661573795963992e-06,0.0
0.0013826221737646563,1.0,0.00631,0.1,0.0,0.00010191085449975935,1.8661573795963992e-06,0.0
0.001448118227674533,1.0,1e-06,0.1,0.0,0.00011179473980349774,2.047147771534476e-06,0.0
0.001448118227674533,1.0,1.26e-06,0.1,0.0,0.00011179473980349774,2.047147771534476e-06,0.0
0.001448118227674533,1.0,1.58e-06,0.1,0.0,0.00011179473980349774,2.047147771534476e-06,0.0
0.001448118227674533,1.0,2e-06,0.1,0.0,0.00011179473980349774,2.047147771534476e-06,0.0
0.001448118227674533,1.0,2.51e-06,0.1,0.0,0.00011179473980349774,2.047147771534476e-06,0.0
0.001448118227674533,1.0,3.16e-06,0.1,0.0,0.00011179473980349774,2.047147771534476e-06,0.0
0.001448118227674533,1.0,3.98e-06,0.1,0.0,0.00011179473980349774,2.047147771534476e-06,0.0
0.001448118227674533,1.0,5.01e-06,0.1,0.0,0.00011179473980349774,2.047147771534476e-06,0.0
0.001448118227674533,1.0,6.31e-06,0.1,0.0,0.00011179473980349774,2.047147771534476e-06,0.0
0.001448118227674533,1.0,7.94e-06,0.1,0.0,0.00011179473980349774,2.047147771534476e-06,0.0
0.001448118227674533,1.0,1e-05,0.1,0.0,0.00011179473980349774,2.047147771534476e-06,0.0
0.001448118227674533,1.0,1.26e-05,0.1,0.0,0.00011179473980349774,2.047147771534476e-06,0.0
0.001448118227674533,1.0,1.58e-05,0.1,0.0,0.00011179473980349774,2.047147771534476e-06,0.0
0.001448118227674533,1.0,2e-05,0.1,3.3333333333333335e-05,0.00011179473980349774,2.047147771534476e-06,0.00044717895921399107
0.001448118227674533,1.0,2.51e-05,0.1,3.3333333333333335e-05,0.00011179473980349774,2.047147771534476e-06,0.00044717895921399107
0.001448118227674533,1.0,3.16e-05,0.1,0.0,0.00011179473980349774,2.047147771534476e-06,0.0
0.001448118227674533,1.0,3.98e-05,0.1,3.3333333333333335e-05,0.00011179473980349774,2.047147771534476e-06,0.00044717895921399107
0.001448118227674533,1.0,5.01e-05,0.1,0.0,0.00011179473980349774,2.047147771534476e-06,0.0
0.001448118227674533,1.0,6.31e-05,0.1,6.666666666666667e-05,0.00011179473980349774,2.047147771534476e-06,0.0008943579184279821
0.001448118227674533,1.0,7.94e-05,0.1,0.00013333333333333334,0.00011179473980349774,2.047147771534476e-06,0.0017887158368559643
0.001448118227674533,1.0,0.0001,0.1,0.00013333333333333334,0.00011179473980349774,2.047147771534476e-06,0.0017887158368559643
0.001448118227674533,1.0,0.000126,0.1,0.00016666666666666666,0.00011179473980349774,2.047147771534476e-06,0.002235894796069955
0.001448118227674533,1.0,0.000158,0.1,6.666666666666667e-05,0.00011179473980349774,2.047147771534476e-06,0.0008943579184279821
0.001448118227674533,1.0,0.0002,0.1,0.00016666666666666666,0.00011179473980349774,2.047147771534476e-06,0.002235894796069955
0.001448118227674533,1.0,0.000251,0.1,0.0,0.00011179473980349774,2.047147771534476e-06,0.0
0.001448118227674533,1.0,0.000316,0.1,0.0,0.00011179473980349774,2.047147771534476e-06,0.0
0.001448118227674533,1.0,0.000398,0.1,0.0,0.00011179473980349774,2.047147771534476e-06,0.0
0.001448118227674533,1.0,0.000501,0.1,0.0,0.00011179473980349774,2.047147771534476e-06,0.0
0.001448118227674533,1.0,0.000631,0.1,0.0,0.00011179473980349774,2.047147771534476e-06,0.0
0.001448118227674533,1.0,0.000794,0.1,0.0,0.00011179473980349774,2.047147771534476e-06,0.0
0.001448118227674533,1.0,0.001,0.1,0.0,0.00011179473980349774,2.047147771534476e-06,0.0
0.001448118227674533,1.0,0.00126,0.1,0.0,0.00011179473980349774,2.047147771534476e-06,0.0
0.001448118227674533,1.0,0.00158,0.1,0.0,0.00011179473980349774,2.047147771534476e-06,0.0
0.001448118227674533,1.0,0.002,0.1,0.0,0.00011179473980349774,2.047147771534476e-06,0.0
0.001448118227674533,1.0,0.00251,0.1,0.0,0.00011179473980349774,2.047147771534476e-06,0.0
0.001448118227674533,1.0,0.00316,0.1,0.0,0.00011179473980349774,2.047147771534476e-06,0.0
0.001448118227674533,1.0,0.00398,0.1,0.0,0.00011179473980349774,2.047147771534476e-06,0.0
0.001448118227674533,1.0,0.00501,0.1,0.0,0.00011179473980349774,2.047147771534476e-06,0.0
0.001448118227674533,1.0,0.00631,0.1,0.0,0.00011179473980349774,2.047147771534476e-06,0.0
0.0015167168884709225,1.0,1e-06,0.1,0.0,0.00012263721749459586,2.2456915856911893e-06,0.0
0.0015167168884709225,1.0,1.26e-06,0.1,0.0,0.00012263721749459586,2.2456915856911893e-06,0.0
0.0015167168884709225,1.0,1.58e-06,0.1,0.0,0.00012263721749459586,2.2456915856911893e-06,0.0
0.0015167168884709225,1.0,2e-06,0.1,0.0,0.00012263721749459586,2.2456915856911893e-06,0.0
0.0015167168884709225,1.0,2.51e-06,0.1,0.0,0.00012263721749459586,2.2456915856911893e-06,0.0
0.0015167168884709225,1.0,3.16e-06,0.1,0.0,0.00012263721749459586,2.2456915856911893e-06,0.0
0.0015167168884709225,1.0,3.98e-06,0.1,0.0,0.00012263721749459586,2.2456915856911893e-06,0.0
0.0015167168884709225,1.0,5.01e-06,0.1,0.0,0.00012263721749459586,2.2456915856911893e-06,0.0
0.0015167168884709225,1.0,6.31e-06,0.1,0.0,0.00012263721749459586,2.2456915856911893e-06,0.0
0.0015167168884709225,1.0,7.94e-06,0.1,0.0,0.00012263721749459586,2.2456915856911893e-06,0.0
0.0015167168884709225,1.0,1e-05,0.1,0.0,0.00012263721749459586,2.2456915856911893e-06,0.0
0.0015167168884709225,1.0,1.26e-05,0.1,0.0,0.00012263721749459586,2.2456915856911893e-06,0.0
0.0015167168884709225,1.0,1.58e-05,0.1,0.0,0.00012263721749459586,2.2456915856911893e-06,0.0
0.0015167168884709225,1.0,2e-05,0.1,3.3333333333333335e-05,0.00012263721749459586,2.2456915856911893e-06,0.0004905488699783834
0.0015167168884709225,1.0,2.51e-05,0.1,3.3333333333333335e-05,0.00012263721749459586,2.2456915856911893e-06,0.0004905488699783834
0.0015167168884709225,1.0,3.16e-05,0.1,0.0,0.00012263721749459586,2.2456915856911893e-06,0.0
0.0015167168884709225,1.0,3.98e-05,0.1,3.3333333333333335e-05,0.00012263721749459586,2.2456915856911893e-06,0.0004905488699783834
0.0015167168884709225,1.0,5.01e-05,0.1,0.0,0.00012263721749459586,2.2456915856911893e-06,0.0
0.0015167168884709225,1.0,6.31e-05,0.1,6.666666666666667e-05,0.00012263721749459586,2.2456915856911893e-06,0.0009810977399567669
0.0015167168884709225,1.0,7.94e-05,0.1,0.00013333333333333334,0.00012263721749459586,2.2456915856911893e-06,0.0019621954799135337
0.0015167168884709225,1.0,0.0001,0.1,0.00013333333333333334,0.00012263721749459586,2.2456915856911893e-06,0.0019621954799135337
0.0015167168884709225,1.0,0.000126,0.1,0.00016666666666666666,0.00012263721749459586,2.2456915856911893e-06,0.0024527443498919173
0.0015167168884709225,1.0,0.000158,0.1,6.666666666666667e-05,0.00012263721749459586,2.2456915856911893e-06,0.0009810977399567669
0.0015167168884709225,1.0,0.0002,0.1,0.00016666666666666666,0.00012263721749459586,2.2456915856911893e-06,0.0024527443498919173
0.0015167168884709225,1.0,0.000251,0.1,0.0,0.00012263721749459586,2.2456915856911893e-06,0.0
0.0015167168884709225,1.0,0.000316,0.1,0.0,0.00012263721749459586,2.2456915856911893e-06,0.0
0.0015167168884709225,1.0,0.000398,0.1,0.0,0.00012263721749459586,2.2456915856911893e-06,0.0
0.0015167168884709225,1.0,0.000501,0.1,0.0,0.00012263721749459586,2.2456915856911893e-06,0.0
0.0015167168884709225,1.0,0.000631,0.1,0.0,0.00012263721749459586,2.2456915856911893e-06,0.0
0.0015167168884709225,1.0,0.000794,0.1,0.0,0.00012263721749459586,2.2456915856911893e-06,0.0
0.0015167168884709225,1.0,0.001,0.1,0.0,0.00012263721749459586,2.2456915856911893e-06,0.0
0.0015167168884709225,1.0,0.00126,0.1,0.0,0.00012263721749459586,2.2456915856911893e-06,0.0
0.0015167168884709225,1.0,0.00158,0.1,0.0,0.00012263721749459586,2.2456915856911893e-06,0.0
0.0015167168884709225,1.0,0.002,0.1,0.0,0.00012263721749459586,2.2456915856911893e-06,0.0
0.0015167168884709225,1.0,0.00251,0.1,0.0,0.00012263721749459586,2.2456915856911893e-06,0.0
0.0015167168884709225,1.0,0.00316,0.1,0.0,0.00012263721749459586,2.2456915856911893e-06,0.0
0.0015167168884709225,1.0,0.00398,0.1,0.0,0.00012263721749459586,2.2456915856911893e-06,0.0
0.0015167168884709225,1.0,0.00501,0.1,0.0,0.00012263721749459586,2.2456915856911893e-06,0.0
0.0015167168884709225,1.0,0.00631,0.1,0.0,0.00012263721749459586,2.2456915856911893e-06,0.0
0.0015885651294280528,1.0,1e-06,0.1,0.0,0.0001345312565836778,2.463491239400802e-06,0.0
0.0015885651294280528,1.0,1.26e-06,0.1,0.0,0.0001345312565836778,2.463491239400802e-06,0.0
0.0015885651294280528,1.0,1.58e-06,0.1,0.0,0.0001345312565836778,2.463491239400802e-06,0.0
0.0015885651294280528,1.0,2e-06,0.1,0.0,0.0001345312565836778,2.463491239400802e-06,0.0
0.0015885651294280528,1.0,2.51e-06,0.1,0.0,0.0001345312565836778,2.463491239400802e-06,0.0
0.0015885651294280528,1.0,3.16e-06,0.1,0.0,0.0001345312565836778,2.463491239400802e-06,0.0
0.0015885651294280528,1.0,3.98e-06,0.1,0.0,0.0001345312565836778,2.463491239400802e-06,0.0
0.0015885651294280528,1.0,5.01e-06,0.1,0.0,0.0001345312565836778,2.463491239400802e-06,0.0
0.0015885651294280528,1.0,6.31e-06,0.1,0.0,0.0001345312565836778,2.463491239400802e-06,0.0
0.0015885651294280528,1.0,7.94e-06,0.1,0.0,0.0001345312565836778,2.463491239400802e-06,0.0
0.0015885651294280528,1.0,1e-05,0.1,0.0,0.0001345312565836778,2.463491239400802e-06,0.0
0.0015885651294280528,1.0,1.26e-05,0.1,0.0,0.0001345312565836778,2.463491239400802e-06,0.0
0.0015885651294280528,1.0,1.58e-05,0.1,0.0,0.0001345312565836778,2.463491239400802e-06,0.0
0.0015885651294280528,1.0,2e-05,0.1,3.3333333333333335e-05,0.0001345312565836778,2.463491239400802e-06,0.0005381250263347113
0.0015885651294280528,1.0,2.51e-05,0.1,3.3333333333333335e-05,0.0001345312565836778,2.463491239400802e-06,0.0005381250263347113
0.0015885651294280528,1.0,3.16e-05,0.1,0.0,0.0001345312565836778,2.463491239400802e-06,0.0
0.0015885651294280528,1.0,3.98e-05,0.1,3.3333333333333335e-05,0.0001345312565836778,2.463491239400802e-06,0.0005381250263347113
0.0015885651294280528,1.0,5.01e-05,0.1,0.0,0.0001345312565836778,2.463491239400802e-06,0.0
0.0015885651294280528,1.0,6.31e-05,0.1,6.666666666666667e-05,0.0001345312565836778,2.463491239400802e-06,0.0010762500526694226
0.0015885651294280528,1.0,7.94e-05,0.1,0.00013333333333333334,0.0001345312565836778,2.463491239400802e-06,0.002152500105338845
0.0015885651294280528,1.0,0.0001,0.1,0.00013333333333333334,0.0001345312565836778,2.463491239400802e-06,0.002152500105338845
0.0015885651294280528,1.0,0.000126,0.1,0.00016666666666666666,0.0001345312565836778,2.463491239400802e-06,0.0026906251316735565
0.0015885651294280528,1.0,0.000158,0.1,6.666666666666667e-05,0.0001345312565836778,2.463491239400802e-06,0.0010762500526694226
0.0015885651294280528,1.0,0.0002,0.1,0.00016666666666666666,0.0001345312565836778,2.463491239400802e-06,0.0026906251316735565
0.0015885651294280528,1.0,0.000251,0.1,0.0,0.0001345312565836778,2.463491239400802e-06,0.0
0.0015885651294280528,1.0,0.000316,0.1,0.0,0.0001345312565836778,2.463491239400802e-06,0.0
0.0015885651294280528,1.0,0.000398,0.1,0.0,0.0001345312565836778,2.463491239400802e-06,0.0
0.0015885651294280528,1.0,0.000501,0.1,0.0,0.0001345312565836778,2.463491239400802e-06,0.0
0.0015885651294280528,1.0,0.000631,0.1,0.0,0.0001345312565836778,2.463491239400802e-06,0.0
0.0015885651294280528,1.0,0.000794,0.1,0.0,0.0001345312565836778,2.463491239400802e-06,0.0
0.0015885651294280528,1.0,0.001,0.1,0.0,0.0001345312565836778,2.463491239400802e-06,0.0
0.0015885651294280528,1.0,0.00126,0.1,0.0,0.0001345312565836778,2.463491239400802e-06,0.0
0.0015885651294280528,1.0,0.00158,0.1,0.0,0.0001345312565836778,2.463491239400802e-06,0.0
0.0015885651294280528,1.0,0.002,0.1,0.0,0.0001345312565836778,2.463491239400802e-06,0.0
0.0015885651294280528,1.0,0.00251,0.1,0.0,0.0001345312565836778,2.463491239400802e-06,0.0
0.0015885651294280528,1.0,0.00316,0.1,0.0,0.0001345312565836778,2.463491239400802e-06,0.0
0.0015885651294280528,1.0,0.00398,0.1,0.0,0.0001345312565836778,2.463491239400802e-06,0.0
0.0015885651294280528,1.0,0.00501,0.1,0.0,0.0001345312565836778,2.463491239400802e-06,0.0
0.0015885651294280528,1.0,0.00631,0.1,0.0,0.0001345312565836778,2.463491239400802e-06,0.0
0.001663816886076129,1.0,1e-06,0.1,0.0,0.0001475788425848331,2.702414257184272e-06,0.0
0.001663816886076129,1.0,1.26e-06,0.1,0.0,0.0001475788425848331,2.702414257184272e-06,0.0
0.001663816886076129,1.0,1.58e-06,0.1,0.0,0.0001475788425848331,2.702414257184272e-06,0.0
0.001663816886076129,1.0,2e-06,0.1,0.0,0.0001475788425848331,2.702414257184272e-06,0.0
0.001663816886076129,1.0,2.51e-06,0.1,0.0,0.0001475788425848331,2.702414257184272e-06,0.0
0.001663816886076129,1.0,3.16e-06,0.1,0.0,0.0001475788425848331,2.702414257184272e-06,0.0
0.001663816886076129,1.0,3.98e-06,0.1,0.0,0.0001475788425848331,2.702414257184272e-06,0.0
0.001663816886076129,1.0,5.01e-06,0.1,0.0,0.0001475788425848331,2.702414257184272e-06,0.0
0.001663816886076129,1.0,6.31e-06,0.1,0.0,0.0001475788425848331,2.702414257184272e-06,0.0
0.001663816886076129,1.0,7.94e-06,0.1,0.0,0.0001475788425848331,2.702414257184272e-06,0.0
0.001663816886076129,1.0,1e-05,0.1,0.0,0.0001475788425848331,2.702414257184272e-06,0.0
0.001663816886076129,1.0,1.26e-05,0.1,0.0,0.0001475788425848331,2.702414257184272e-06,0.0
0.001663816886076129,1.0,1.58e-05,0.1,0.0,0.0001475788425848331,2.702414257184272e-06,0.0
0.001663816886076129,1.0,2e-05,0.1,3.3333333333333335e-05,0.0001475788425848331,2.702414257184272e-06,0.0005903153703393326
0.001663816886076129,1.0,2.51e-05,0.1,3.3333333333333335e-05,0.0001475788425848331,2.702414257184272e-06,0.0005903153703393326
0.001663816886076129,1.0,3.16e-05,0.1,0.0,0.0001475788425848331,2.702414257184272e-06,0.0
0.001663816886076129,1.0,3.98e-05,0.1,3.3333333333333335e-05,0.0001475788425848331,2.702414257184272e-06,0.0005903153703393326
0.001663816886076129,1.0,5.01e-05,0.1,0.0,0.0001475788425848331,2.702414257184272e-06,0.0
0.001663816886076129,1.0,6.31e-05,0.1,6.666666666666667e-05,0.0001475788425848331,2.702414257184272e-06,0.001180630740678665
0.001663816886076129,1.0,7.94e-05,0.1,0.00013333333333333334,0.0001475788425848331,2.702414257184272e-06,0.00236126148135733
0.001663816886076129,1.0,0.0001,0.1,0.00013333333333333334,0.0001475788425848331,2.702414257184272e-06,0.00236126148135733
0.001663816886076129,1.0,0.000126,0.1,0.00016666666666666666,0.0001475788425848331,2.702414257184272e-06,0.002951576851696662
0.001663816886076129,1.0,0.000158,0.1,6.666666666666667e-05,0.0001475788425848331,2.702414257184272e-06,0.001180630740678665
0.001663816886076129,1.0,0.0002,0.1,0.00016666666666666666,0.0001475788425848331,2.702414257184272e-06,0.002951576851696662
0.001663816886076129,1.0,0.000251,0.1,0.0,0.0001475788425848331,2.702414257184272e-06,0.0
0.001663816886076129,1.0,0.000316,0.1,0.0,0.0001475788425848331,2.702414257184272e-06,0.0
0.001663816886076129,1.0,0.000398,0.1,0.0,0.0001475788425848331,2.702414257184272e-06,0.0
0.001663816886076129,1.0,0.000501,0.1,0.0,0.0001475788425848331,2.702414257184272e-06,0.0
0.001663816886076129,1.0,0.000631,0.1,0.0,0.0001475788425848331,2.702414257184272e-06,0.0
0.001663816886076129,1.0,0.000794,0.1,0.0,0.0001475788425848331,2.702414257184272e-06,0.0
0.001663816886076129,1.0,0.001,0.1,0.0,0.0001475788425848331,2.702414257184272e-06,0.0
0.001663816886076129,1.0,0.00126,0.1,0.0,0.0001475788425848331,2.702414257184272e-06,0.0
0.001663816886076129,1.0,0.00158,0.1,0.0,0.0001475788425848331,2.702414257184272e-06,0.0
0.001663816886076129,1.0,0.002,0.1,0.0,0.0001475788425848331,2.702414257184272e-06,0.0
0.001663816886076129,1.0,0.00251,0.1,0.0,0.0001475788425848331,2.702414257184272e-06,0.0
0.001663816886076129,1.0,0.00316,0.1,0.0,0.0001475788425848331,2.702414257184272e-06,0.0
0.001663816886076129,1.0,0.00398,0.1,0.0,0.0001475788425848331,2.702414257184272e-06,0.0
0.001663816886076129,1.0,0.00501,0.1,0.0,0.0001475788425848331,2.702414257184272e-06,0.0
0.001663816886076129,1.0,0.00631,0.1,0.0,0.0001475788425848331,2.702414257184272e-06,0.0
0.0017426333860096508,1.0,1e-06,0.1,0.0,0.00016189185195378278,2.9645092831676025e-06,0.0
0.0017426333860096508,1.0,1.26e-06,0.1,0.0,0.00016189185195378278,2.9645092831676025e-06,0.0
0.0017426333860096508,1.0,1.58e-06,0.1,0.0,0.00016189185195378278,2.9645092831676025e-06,0.0
0.0017426333860096508,1.0,2e-06,0.1,0.0,0.00016189185195378278,2.9645092831676025e-06,0.0
0.0017426333860096508,1.0,2.51e-06,0.1,0.0,0.00016189185195378278,2.9645092831676025e-06,0.0
0.0017426333860096508,1.0,3.16e-06,0.1,0.0,0.00016189185195378278,2.9645092831676025e-06,0.0
0.0017426333860096508,1.0,3.98e-06,0.1,0.0,0.00016189185195378278,2.9645092831676025e-06,0.0
0.0017426333860096508,1.0,5.01e-06,0.1,0.0,0.00016189185195378278,2.9645092831676025e-06,0.0
0.0017426333860096508,1.0,6.31e-06,0.1,0.0,0.00016189185195378278,2.9645092831676025e-06,0.0
0.0017426333860096508,1.0,7.94e-06,0.1,0.0,0.00016189185195378278,2.9645092831676025e-06,0.0
0.0017426333860096508,1.0,1e-05,0.1,0.0,0.00016189185195378278,2.9645092831676025e-06,0.0
0.0017426333860096508,1.0,1.26e-05,0.1,0.0,0.00016189185195378278,2.9645092831676025e-06,0.0
0.0017426333860096508,1.0,1.58e-05,0.1,0.0,0.00016189185195378278,2.9645092831676025e-06,0.0
0.0017426333860096508,1.0,2e-05,0.1,3.3333333333333335e-05,0.00016189185195378278,2.9645092831676025e-06,0.0006475674078151311
0.0017426333860096508,1.0,2.51e-05,0.1,3.3333333333333335e-05,0.00016189185195378278,2.9645092831676025e-06,0.0006475674078151311
0.0017426333860096508,1.0,3.16e-05,0.1,0.0,0.00016189185195378278,2.9645092831676025e-06,0.0
0.0017426333860096508,1.0,3.98e-05,0.1,3.3333333333333335e-05,0.00016189185195378278,2.9645092831676025e-06,0.0006475674078151311
0.0017426333860096508,1.0,5.01e-05,0.1,0.0,0.00016189185195378278,2.9645092831676025e-06,0.0
0.0017426333860096508,1.0,6.31e-05,0.1,6.666666666666667e-05,0.00016189185195378278,2.9645092831676025e-06,0.0012951348156302622
0.0017426333860096508,1.0,7.94e-05,0.1,0.00013333333333333334,0.00016189185195378278,2.9645092831676025e-06,0.0025902696312605244
0.0017426333860096508,1.0,0.0001,0.1,0.00013333333333333334,0.00016189185195378278,2.9645092831676025e-06,0.0025902696312605244
0.0017426333860096508,1.0,0.000126,0.1,0.00016666666666666666,0.00016189185195378278,2.9645092831676025e-06,0.003237837039075656
0.0017426333860096508,1.0,0.000158,0.1,6.666666666666667e-05,0.00016189185195378278,2.9645092831676025e-06,0.0012951348156302622
0.0017426333860096508,1.0,0.0002,0.1,0.00016666666666666666,0.00016189185195378278,2.9645092831676025e-06,0.003237837039075656
0.0017426333860096508,1.0,0.000251,0.1,0.0,0.00016189185195378278,2.9645092831676025e-06,0.0
0.0017426333860096508,1.0,0.000316,0.1,0.0,0.00016189185195378278,2.9645092831676025e-06,0.0
0.0017426333860096508,1.0,0.000398,0.1,0.0,0.00016189185195378278,2.9645092831676025e-06,0.0
0.0017426333860096508,1.0,0.000501,0.1,0.0,0.00016189185195378278,2.9645092831676025e-06,0.0
0.0017426333860096508,1.0,0.000631,0.1,0.0,0.00016189185195378278,2.9645092831676025e-06,0.0
0.0017426333860096508,1.0,0.000794,0.1,0.0,0.00016189185195378278,2.9645092831676025e-06,0.0
0.0017426333860096508,1.0,0.001,0.1,0.0,0.00016189185195378278,2.9645092831676025e-06,0.0
0.0017426333860096508,1.0,0.00126,0.1,0.0,0.00016189185195378278,2.9645092831676025e-06,0.0
0.0017426333860096508,1.0,0.00158,0.1,0.0,0.00016189185195378278,2.9645092831676025e-06,0.0
0.0017426333860096508,1.0,0.002,0.1,0.0,0.00016189185195378278,2.9645092831676025e-06,0.0
0.0017426333860096508,1.0,0.00251,0.1,0.0,0.00016189185195378278,2.9645092831676025e-06,0.0
0.0017426333860096508,1.0,0.00316,0.1,0.0,0.00016189185195378278,2.9645092831676025e-06,0.0
0.0017426333860096508,1.0,0.00398,0.1,0.0,0.00016189185195378278,2.9645092831676025e-06,0.0
0.0017426333860096508,1.0,0.00501,0.1,0.0,0.00016189185195378278,2.9645092831676025e-06,0.0
0.0017426333860096508,1.0,0.00631,0.1,0.0,0.00016189185195378278,2.9645092831676025e-06,0.0
0.0018251834943190425,1.0,1e-06,0.1,0.0,0.00017759301132708814,3.252023646348437e-06,0.0
0.0018251834943190425,1.0,1.26e-06,0.1,0.0,0.00017759301132708814,3.252023646348437e-06,0.0
0.0018251834943190425,1.0,1.58e-06,0.1,0.0,0.00017759301132708814,3.252023646348437e-06,0.0
0.0018251834943190425,1.0,2e-06,0.1,0.0,0.00017759301132708814,3.252023646348437e-06,0.0
0.0018251834943190425,1.0,2.51e-06,0.1,0.0,0.00017759301132708814,3.252023646348437e-06,0.0
0.0018251834943190425,1.0,3.16e-06,0.1,0.0,0.00017759301132708814,3.252023646348437e-06,0.0
0.0018251834943190425,1.0,3.98e-06,0.1,0.0,0.00017759301132708814,3.252023646348437e-06,0.0
0.0018251834943190425,1.0,5.01e-06,0.1,0.0,0.00017759301132708814,3.252023646348437e-06,0.0
0.0018251834943190425,1.0,6.31e-06,0.1,0.0,0.00017759301132708814,3.252023646348437e-06,0.0
0.0018251834943190425,1.0,7.94e-06,0.1,0.0,0.00017759301132708814,3.252023646348437e-06,0.0
0.0018251834943190425,1.0,1e-05,0.1,0.0,0.00017759301132708814,3.252023646348437e-06,0.0
0.0018251834943190425,1.0,1.26e-05,0.1,0.0,0.00017759301132708814,3.252023646348437e-06,0.0
0.0018251834943190425,1.0,1.58e-05,0.1,0.0,0.00017759301132708814,3.252023646348437e-06,0.0
0.0018251834943190425,1.0,2e-05,0.1,3.3333333333333335e-05,0.00017759301132708814,3.252023646348437e-06,0.0007103720453083527
0.0018251834943190425,1.0,2.51e-05,0.1,3.3333333333333335e-05,0.00017759301132708814,3.252023646348437e-06,0.0007103720453083527
0.0018251834943190425,1.0,3.16e-05,0.1,0.0,0.00017759301132708814,3.252023646348437e-06,0.0
0.0018251834943190425,1.0,3.98e-05,0.1,3.3333333333333335e-05,0.00017759301132708814,3.252023646348437e-06,0.0007103720453083527
0.0018251834943190425,1.0,5.01e-05,0.1,0.0,0.00017759301132708814,3.252023646348437e-06,0.0
0.0018251834943190425,1.0,6.31e-05,0.1,6.666666666666667e-05,0.00017759301132708814,3.252023646348437e-06,0.0014207440906167054
0.0018251834943190425,1.0,7.94e-05,0.1,0.00013333333333333334,0.00017759301132708814,3.252023646348437e-06,0.0028414881812334107
0.0018251834943190425,1.0,0.0001,0.1,0.00013333333333333334,0.00017759301132708814,3.252023646348437e-06,0.0028414881812334107
0.0018251834943190425,1.0,0.000126,0.1,0.00016666666666666666,0.00017759301132708814,3.252023646348437e-06,0.003551860226541763
0.0018251834943190425,1.0,0.000158,0.1,6.666666666666667e-05,0.00017759301132708814,3.252023646348437e-06,0.0014207440906167054
0.0018251834943190425,1.0,0.0002,0.1,0.00016666666666666666,0.00017759301132708814,3.252023646348437e-06,0.003551860226541763
0.0018251834943190425,1.0,0.000251,0.1,0.0,0.00017759301132708814,3.252023646348437e-06,0.0
0.0018251834943190425,1.0,0.000316,0.1,0.0,0.00017759301132708814,3.252023646348437e-06,0.0
0.0018251834943190425,1.0,0.000398,0.1,0.0,0.00017759301132708814,3.252023646348437e-06,0.0
0.0018251834943190425,1.0,0.000501,0.1,0.0,0.00017759301132708814,3.252023646348437e-06,0.0
0.0018251834943190425,1.0,0.000631,0.1,0.0,0.00017759301132708814,3.252023646348437e-06,0.0
0.0018251834943190425,1.0,0.000794,0.1,0.0,0.00017759301132708814,3.252023646348437e-06,0.0
0.0018251834943190425,1.0,0.001,0.1,0.0,0.00017759301132708814,3.252023646348437e-06,0.0
0.0018251834943190425,1.0,0.00126,0.1,0.0,0.00017759301132708814,3.252023646348437e-06,0.0
0.0018251834943190425,1.0,0.00158,0.1,0.0,0.00017759301132708814,3.252023646348437e-06,0.0
0.0018251834943190425,1.0,0.002,0.1,0.0,0.00017759301132708814,3.252023646348437e-06,0.0
0.0018251834943190425,1.0,0.00251,0.1,0.0,0.00017759301132708814,3.252023646348437e-06,0.0
0.0018251834943190425,1.0,0.00316,0.1,0.0,0.00017759301132708814,3.252023646348437e-06,0.0
0.0018251834943190425,1.0,0.00398,0.1,0.0,0.00017759301132708814,3.252023646348437e-06,0.0
0.0018251834943190425,1.0,0.00501,0.1,0.0,0.00017759301132708814,3.252023646348437e-06,0.0
0.0018251834943190425,1.0,0.00631,0.1,0.0,0.00017759301132708814,3.252023646348437e-06,0.0
0.0019116440753857017,1.0,1e-06,0.1,0.0,0.00019481694978546992,3.5674226292889566e-06,0.0
0.0019116440753857017,1.0,1.26e-06,0.1,0.0,0.00019481694978546992,3.5674226292889566e-06,0.0
0.0019116440753857017,1.0,1.58e-06,0.1,0.0,0.00019481694978546992,3.5674226292889566e-06,0.0
0.0019116440753857017,1.0,2e-06,0.1,0.0,0.00019481694978546992,3.5674226292889566e-06,0.0
0.0019116440753857017,1.0,2.51e-06,0.1,0.0,0.00019481694978546992,3.5674226292889566e-06,0.0
0.0019116440753857017,1.0,3.16e-06,0.1,0.0,0.00019481694978546992,3.5674226292889566e-06,0.0
0.0019116440753857017,1.0,3.98e-06,0.1,0.0,0.00019481694978546992,3.5674226292889566e-06,0.0
0.0019116440753857017,1.0,5.01e-06,0.1,0.0,0.00019481694978546992,3.5674226292889566e-06,0.0
0.0019116440753857017,1.0,6.31e-06,0.1,0.0,0.00019481694978546992,3.5674226292889566e-06,0.0
0.0019116440753857017,1.0,7.94e-06,0.1,0.0,0.00019481694978546992,3.5674226292889566e-06,0.0
0.0019116440753857017,1.0,1e-05,0.1,0.0,0.00019481694978546992,3.5674226292889566e-06,0.0
0.0019116440753857017,1.0,1.26e-05,0.1,0.0,0.00019481694978546992,3.5674226292889566e-06,0.0
0.0019116440753857017,1.0,1.58e-05,0.1,0.0,0.00019481694978546992,3.5674226292889566e-06,0.0
0.0019116440753857017,1.0,2e-05,0.1,3.3333333333333335e-05,0.00019481694978546992,3.5674226292889566e-06,0.0007792677991418798
0.0019116440753857017,1.0,2.51e-05,0.1,3.3333333333333335e-05,0.00019481694978546992,3.5674226292889566e-06,0.0007792677991418798
0.0019116440753857017,1.0,3.16e-05,0.1,0.0,0.00019481694978546992,3.5674226292889566e-06,0.0
0.0019116440753857017,1.0,3.98e-05,0.1,3.3333333333333335e-05,0.00019481694978546992,3.5674226292889566e-06,0.0007792677991418798
0.0019116440753857017,1.0,5.01e-05,0.1,0.0,0.00019481694978546992,3.5674226292889566e-06,0.0
0.0019116440753857017,1.0,6.31e-05,0.1,6.666666666666667e-05,0.00019481694978546992,3.5674226292889566e-06,0.0015585355982837596
0.0019116440753857017,1.0,7.94e-05,0.1,0.00013333333333333334,0.00019481694978546992,3.5674226292889566e-06,0.003117071196567519
0.0019116440753857017,1.0,0.0001,0.1,0.00013333333333333334,0.00019481694978546992,3.5674226292889566e-06,0.003117071196567519
0.0019116440753857017,1.0,0.000126,0.1,0.00016666666666666666,0.00019481694978546992,3.5674226292889566e-06,0.0038963389957093982
0.0019116440753857017,1.0,0.000158,0.1,6.666666666666667e-05,0.00019481694978546992,3.5674226292889566e-06,0.0015585355982837596
0.0019116440753857017,1.0,0.0002,0.1,0.00016666666666666666,0.00019481694978546992,3.5674226292889566e-06,0.0038963389957093982
0.0019116440753857017,1.0,0.000251,0.1,0.0,0.00019481694978546992,3.5674226292889566e-06,0.0
0.0019116440753857017,1.0,0.000316,0.1,0.0,0.00019481694978546992,3.5674226292889566e-06,0.0
0.0019116440753857017,1.0,0.000398,0.1,0.0,0.00019481694978546992,3.5674226292889566e-06,0.0
0.0019116440753857017,1.0,0.000501,0.1,0.0,0.00019481694978546992,3.5674226292889566e-06,0.0
0.0019116440753857017,1.0,0.000631,0.1,0.0,0.00019481694978546992,3.5674226292889566e-06,0.0
0.0019116440753857017,1.0,0.000794,0.1,0.0,0.00019481694978546992,3.5674226292889566e-06,0.0
0.0019116440753857017,1.0,0.001,0.1,0.0,0.00019481694978546992,3.5674226292889566e-06,0.0
0.0019116440753857017,1.0,0.00126,0.1,0.0,0.00019481694978546992,3.5674226292889566e-06,0.0
0.0019116440753857017,1.0,0.00158,0.1,0.0,0.00019481694978546992,3.5674226292889566e-06,0.0
0.0019116440753857017,1.0,0.002,0.1,0.0,0.00019481694978546992,3.5674226292889566e-06,0.0
0.0019116440753857017,1.0,0.00251,0.1,0.0,0.00019481694978546992,3.5674226292889566e-06,0.0
0.0019116440753857017,1.0,0.00316,0.1,0.0,0.00019481694978546992,3.5674226292889566e-06,0.0
0.0019116440753857017,1.0,0.00398,0.1,0.0,0.00019481694978546992,3.5674226292889566e-06,0.0
0.0019116440753857017,1.0,0.00501,0.1,0.0,0.00019481694978546992,3.5674226292889566e-06,0.0
0.0019116440753857017,1.0,0.00631,0.1,0.0,0.00019481694978546992,3.5674226292889566e-06,0.0
0.0020022003718155844,1.0,1e-06,0.1,0.0,0.00021371135316152634,3.913410605411579e-06,0.0
0.0020022003718155844,1.0,1.26e-06,0.1,0.0,0.00021371135316152634,3.913410605411579e-06,0.0
0.0020022003718155844,1.0,1.58e-06,0.1,0.0,0.00021371135316152634,3.913410605411579e-06,0.0
0.0020022003718155844,1.0,2e-06,0.1,0.0,0.00021371135316152634,3.913410605411579e-06,0.0
0.0020022003718155844,1.0,2.51e-06,0.1,0.0,0.00021371135316152634,3.913410605411579e-06,0.0
0.0020022003718155844,1.0,3.16e-06,0.1,0.0,0.00021371135316152634,3.913410605411579e-06,0.0
0.0020022003718155844,1.0,3.98e-06,0.1,0.0,0.00021371135316152634,3.913410605411579e-06,0.0
0.0020022003718155844,1.0,5.01e-06,0.1,0.0,0.00021371135316152634,3.913410605411579e-06,0.0
0.0020022003718155844,1.0,6.31e-06,0.1,0.0,0.00021371135316152634,3.913410605411579e-06,0.0
0.0020022003718155844,1.0,7.94e-06,0.1,0.0,0.00021371135316152634,3.913410605411579e-06,0.0
0.0020022003718155844,1.0,1e-05,0.1,0.0,0.00021371135316152634,3.913410605411579e-06,0.0
0.0020022003718155844,1.0,1.26e-05,0.1,0.0,0.00021371135316152634,3.913410605411579e-06,0.0
0.0020022003718155844,1.0,1.58e-05,0.1,0.0,0.00021371135316152634,3.913410605411579e-06,0.0
0.0020022003718155844,1.0,2e-05,0.1,3.3333333333333335e-05,0.00021371135316152634,3.913410605411579e-06,0.0008548454126461055
0.0020022003718155844,1.0,2.51e-05,0.1,3.3333333333333335e-05,0.00021371135316152634,3.913410605411579e-06,0.0008548454126461055
0.0020022003718155844,1.0,3.16e-05,0.1,0.0,0.00021371135316152634,3.913410605411579e-06,0.0
0.0020022003718155844,1.0,3.98e-05,0.1,3.3333333333333335e-05,0.00021371135316152634,3.913410605411579e-06,0.0008548454126461055
0.0020022003718155844,1.0,5.01e-05,0.1,0.0,0.00021371135316152634,3.913410605411579e-06,0.0
0.0020022003718155844,1.0,6.31e-05,0.1,6.666666666666667e-05,0.00021371135316152634,3.913410605411579e-06,0.001709690825292211
0.0020022003718155844,1.0,7.94e-05,0.1,0.00013333333333333334,0.00021371135316152634,3.913410605411579e-06,0.003419381650584422
0.0020022003718155844,1.0,0.0001,0.1,0.00013333333333333334,0.00021371135316152634,3.913410605411579e-06,0.003419381650584422
0.0020022003718155844,1.0,0.000126,0.1,0.00016666666666666666,0.00021371135316152634,3.913410605411579e-06,0.004274227063230526
0.0020022003718155844,1.0,0.000158,0.1,6.666666666666667e-05,0.00021371135316152634,3.913410605411579e-06,0.001709690825292211
0.0020022003718155844,1.0,0.0002,0.1,0.00016666666666666666,0.00021371135316152634,3.913410605411579e-06,0.004274227063230526
0.0020022003718155844,1.0,0.000251,0.1,0.0,0.00021371135316152634,3.913410605411579e-06,0.0
0.0020022003718155844,1.0,0.000316,0.1,0.0,0.00021371135316152634,3.913410605411579e-06,0.0
0.0020022003718155844,1.0,0.000398,0.1,0.0,0.00021371135316152634,3.913410605411579e-06,0.0
0.0020022003718155844,1.0,0.000501,0.1,0.0,0.00021371135316152634,3.913410605411579e-06,0.0
0.0020022003718155844,1.0,0.000631,0.1,0.0,0.00021371135316152634,3.913410605411579e-06,0.0
0.0020022003718155844,1.0,0.000794,0.1,0.0,0.00021371135316152634,3.913410605411579e-06,0.0
0.0020022003718155844,1.0,0.001,0.1,0.0,0.00021371135316152634,3.913410605411579e-06,0.0
0.0020022003718155844,1.0,0.00126,0.1,0.0,0.00021371135316152634,3.913410605411579e-06,0.0
0.0020022003718155844,1.0,0.00158,0.1,0.0,0.00021371135316152634,3.913410605411579e-06,0.0
0.0020022003718155844,1.0,0.002,0.1,0.0,0.00021371135316152634,3.913410605411579e-06,0.0
0.0020022003718155844,1.0,0.00251,0.1,0.0,0.00021371135316152634,3.913410605411579e-06,0.0
0.0020022003718155844,1.0,0.00316,0.1,0.0,0.00021371135316152634,3.913410605411579e-06,0.0
0.0020022003718155844,1.0,0.00398,0.1,0.0,0.00021371135316152634,3.913410605411579e-06,0.0
0.0020022003718155844,1.0,0.00501,0.1,0.0,0.00021371135316152634,3.913410605411579e-06,0.0
0.0020022003718155844,1.0,0.00631,0.1,0.0,0.00021371135316152634,3.913410605411579e-06,0.0
0.002097046401323233,1.0,1e-06,0.1,0.0,0.00023443823028664135,4.292954226087554e-06,0.0
0.002097046401323233,1.0,1.26e-06,0.1,0.0,0.00023443823028664135,4.292954226087554e-06,0.0
0.002097046401323233,1.0,1.58e-06,0.1,0.0,0.00023443823028664135,4.292954226087554e-06,0.0
0.002097046401323233,1.0,2e-06,0.1,0.0,0.00023443823028664135,4.292954226087554e-06,0.0
0.002097046401323233,1.0,2.51e-06,0.1,0.0,0.00023443823028664135,4.292954226087554e-06,0.0
0.002097046401323233,1.0,3.16e-06,0.1,0.0,0.00023443823028664135,4.292954226087554e-06,0.0
0.002097046401323233,1.0,3.98e-06,0.1,0.0,0.00023443823028664135,4.292954226087554e-06,0.0
0.002097046401323233,1.0,5.01e-06,0.1,0.0,0.00023443823028664135,4.292954226087554e-06,0.0
0.002097046401323233,1.0,6.31e-06,0.1,0.0,0.00023443823028664135,4.292954226087554e-06,0.0
0.002097046401323233,1.0,7.94e-06,0.1,0.0,0.00023443823028664135,4.292954226087554e-06,0.0
0.002097046401323233,1.0,1e-05,0.1,0.0,0.00023443823028664135,4.292954226087554e-06,0.0
0.002097046401323233,1.0,1.26e-05,0.1,0.0,0.00023443823028664135,4.292954226087554e-06,0.0
0.002097046401323233,1.0,1.58e-05,0.1,0.0,0.00023443823028664135,4.292954226087554e-06,0.0
0.002097046401323233,1.0,2e-05,0.1,3.3333333333333335e-05,0.00023443823028664135,4.292954226087554e-06,0.0009377529211465655
0.002097046401323233,1.0,2.51e-05,0.1,3.3333333333333335e-05,0.00023443823028664135,4.292954226087554e-06,0.0009377529211465655
0.002097046401323233,1.0,3.16e-05,0.1,0.0,0.00023443823028664135,4.292954226087554e-06,0.0
0.002097046401323233,1.0,3.98e-05,0.1,3.3333333333333335e-05,0.00023443823028664135,4.292954226087554e-06,0.0009377529211465655
0.002097046401323233,1.0,5.01e-05,0.1,0.0,0.00023443823028664135,4.292954226087554e-06,0.0
0.002097046401323233,1.0,6.31e-05,0.1,6.666666666666667e-05,0.00023443823028664135,4.292954226087554e-06,0.001875505842293131
0.002097046401323233,1.0,7.94e-05,0.1,0.00013333333333333334,0.00023443823028664135,4.292954226087554e-06,0.003751011684586262
0.002097046401323233,1.0,0.0001,0.1,0.00013333333333333334,0.00023443823028664135,4.292954226087554e-06,0.003751011684586262
0.002097046401323233,1.0,0.000126,0.1,0.00016666666666666666,0.00023443823028664135,4.292954226087554e-06,0.004688764605732827
0.002097046401323233,1.0,0.000158,0.1,6.666666666666667e-05,0.00023443823028664135,4.292954226087554e-06,0.001875505842293131
0.002097046401323233,1.0,0.0002,0.1,0.00016666666666666666,0.00023443823028664135,4.292954226087554e-06,0.004688764605732827
0.002097046401323233,1.0,0.000251,0.1,0.0,0.00023443823028664135,4.292954226087554e-06,0.0
0.002097046401323233,1.0,0.000316,0.1,0.0,0.00023443823028664135,4.292954226087554e-06,0.0
0.002097046401323233,1.0,0.000398,0.1,0.0,0.00023443823028664135,4.292954226087554e-06,0.0
0.002097046401323233,1.0,0.000501,0.1,0.0,0.00023443823028664135,4.292954226087554e-06,0.0
0.002097046401323233,1.0,0.000631,0.1,0.0,0.00023443823028664135,4.292954226087554e-06,0.0
0.002097046401323233,1.0,0.000794,0.1,0.0,0.00023443823028664135,4.292954226087554e-06,0.0
0.002097046401323233,1.0,0.001,0.1,0.0,0.00023443823028664135,4.292954226087554e-06,0.0
0.002097046401323233,1.0,0.00126,0.1,0.0,0.00023443823028664135,4.292954226087554e-06,0.0
0.002097046401323233,1.0,0.00158,0.1,0.0,0.00023443823028664135,4.292954226087554e-06,0.0
0.002097046401323233,1.0,0.002,0.1,0.0,0.00023443823028664135,4.292954226087554e-06,0.0
0.002097046401323233,1.0,0.00251,0.1,0.0,0.00023443823028664135,4.292954226087554e-06,0.0
0.002097046401323233,1.0,0.00316,0.1,0.0,0.00023443823028664135,4.292954226087554e-06,0.0
0.002097046401323233,1.0,0.00398,0.1,0.0,0.00023443823028664135,4.292954226087554e-06,0.0
0.002097046401323233,1.0,0.00501,0.1,0.0,0.00023443823028664135,4.292954226087554e-06,0.0
0.002097046401323233,1.0,0.00631,0.1,0.0,0.00023443823028664135,4.292954226087554e-06,0.0
0.002196385372416547,1.0,1e-06,0.1,0.0,0.0002571753020310949,4.709307856273483e-06,0.0
0.002196385372416547,1.0,1.26e-06,0.1,0.0,0.0002571753020310949,4.709307856273483e-06,0.0
0.002196385372416547,1.0,1.58e-06,0.1,0.0,0.0002571753020310949,4.709307856273483e-06,0.0
0.002196385372416547,1.0,2e-06,0.1,0.0,0.0002571753020310949,4.709307856273483e-06,0.0
0.002196385372416547,1.0,2.51e-06,0.1,0.0,0.0002571753020310949,4.709307856273483e-06,0.0
0.002196385372416547,1.0,3.16e-06,0.1,0.0,0.0002571753020310949,4.709307856273483e-06,0.0
0.002196385372416547,1.0,3.98e-06,0.1,0.0,0.0002571753020310949,4.709307856273483e-06,0.0
0.002196385372416547,1.0,5.01e-06,0.1,0.0,0.0002571753020310949,4.709307856273483e-06,0.0
0.002196385372416547,1.0,6.31e-06,0.1,0.0,0.0002571753020310949,4.709307856273483e-06,0.0
0.002196385372416547,1.0,7.94e-06,0.1,0.0,0.0002571753020310949,4.709307856273483e-06,0.0
0.002196385372416547,1.0,1e-05,0.1,0.0,0.0002571753020310949,4.709307856273483e-06,0.0
0.002196385372416547,1.0,1.26e-05,0.1,0.0,0.0002571753020310949,4.709307856273483e-06,0.0
0.002196385372416547,1.0,1.58e-05,0.1,0.0,0.0002571753020310949,4.709307856273483e-06,0.0
0.002196385372416547,1.0,2e-05,0.1,3.3333333333333335e-05,0.0002571753020310949,4.709307856273483e-06,0.0010287012081243796
0.002196385372416547,1.0,2.51e-05,0.1,3.3333333333333335e-05,0.0002571753020310949,4.709307856273483e-06,0.0010287012081243796
0.002196385372416547,1.0,3.16e-05,0.1,0.0,0.0002571753020310949,4.709307856273483e-06,0.0
0.002196385372416547,1.0,3.98e-05,0.1,3.3333333333333335e-05,0.0002571753020310949,4.709307856273483e-06,0.0010287012081243796
0.002196385372416547,1.0,5.01e-05,0.1,0.0,0.0002571753020310949,4.709307856273483e-06,0.0
0.002196385372416547,1.0,6.31e-05,0.1,6.666666666666667e-05,0.0002571753020310949,4.709307856273483e-06,0.0020574024162487593
0.002196385372416547,1.0,7.94e-05,0.1,0.00013333333333333334,0.0002571753020310949,4.709307856273483e-06,0.0041148048324975185
0.002196385372416547,1.0,0.0001,0.1,0.00013333333333333334,0.0002571753020310949,4.709307856273483e-06,0.0041148048324975185
0.002196385372416547,1.0,0.000126,0.1,0.00016666666666666666,0.0002571753020310949,4.709307856273483e-06,0.005143506040621898
0.002196385372416547,1.0,0.000158,0.1,6.666666666666667e-05,0.0002571753020310949,4.709307856273483e-06,0.0020574024162487593
0.002196385372416547,1.0,0.0002,0.1,0.00016666666666666666,0.0002571753020310949,4.709307856273483e-06,0.005143506040621898
0.002196385372416547,1.0,0.000251,0.1,0.0,0.0002571753020310949,4.709307856273483e-06,0.0
0.002196385372416547,1.0,0.000316,0.1,0.0,0.0002571753020310949,4.709307856273483e-06,0.0
0.002196385372416547,1.0,0.000398,0.1,0.0,0.0002571753020310949,4.709307856273483e-06,0.0
0.002196385372416547,1.0,0.000501,0.1,0.0,0.0002571753020310949,4.709307856273483e-06,0.0
0.002196385372416547,1.0,0.000631,0.1,0.0,0.0002571753020310949,4.709307856273483e-06,0.0
0.002196385372416547,1.0,0.000794,0.1,0.0,0.0002571753020310949,4.709307856273483e-06,0.0
0.002196385372416547,1.0,0.001,0.1,0.0,0.0002571753020310949,4.709307856273483e-06,0.0
0.002196385372416547,1.0,0.00126,0.1,0.0,0.0002571753020310949,4.709307856273483e-06,0.0
0.002196385372416547,1.0,0.00158,0.1,0.0,0.0002571753020310949,4.709307856273483e-06,0.0
0.002196385372416547,1.0,0.002,0.1,0.0,0.0002571753020310949,4.709307856273483e-06,0.0
0.002196385372416547,1.0,0.00251,0.1,0.0,0.0002571753020310949,4.709307856273483e-06,0.0
0.002196385372416547,1.0,0.00316,0.1,0.0,0.0002571753020310949,4.709307856273483e-06,0.0
0.002196385372416547,1.0,0.00398,0.1,0.0,0.0002571753020310949,4.709307856273483e-06,0.0
0.002196385372416547,1.0,0.00501,0.1,0.0,0.0002571753020310949,4.709307856273483e-06,0.0
0.002196385372416547,1.0,0.00631,0.1,0.0,0.0002571753020310949,4.709307856273483e-06,0.0
0.002300430119772917,1.0,1e-06,0.1,0.0,0.00028211752504357066,5.166041476718012e-06,0.0
0.002300430119772917,1.0,1.26e-06,0.1,0.0,0.00028211752504357066,5.166041476718012e-06,0.0
0.002300430119772917,1.0,1.58e-06,0.1,0.0,0.00028211752504357066,5.166041476718012e-06,0.0
0.002300430119772917,1.0,2e-06,0.1,0.0,0.00028211752504357066,5.166041476718012e-06,0.0
0.002300430119772917,1.0,2.51e-06,0.1,0.0,0.00028211752504357066,5.166041476718012e-06,0.0
0.002300430119772917,1.0,3.16e-06,0.1,0.0,0.00028211752504357066,5.166041476718012e-06,0.0
0.002300430119772917,1.0,3.98e-06,0.1,0.0,0.00028211752504357066,5.166041476718012e-06,0.0
0.002300430119772917,1.0,5.01e-06,0.1,0.0,0.00028211752504357066,5.166041476718012e-06,0.0
0.002300430119772917,1.0,6.31e-06,0.1,0.0,0.00028211752504357066,5.166041476718012e-06,0.0
0.002300430119772917,1.0,7.94e-06,0.1,0.0,0.00028211752504357066,5.166041476718012e-06,0.0
0.002300430119772917,1.0,1e-05,0.1,0.0,0.00028211752504357066,5.166041476718012e-06,0.0
0.002300430119772917,1.0,1.26e-05,0.1,0.0,0.00028211752504357066,5.166041476718012e-06,0.0
0.002300430119772917,1.0,1.58e-05,0.1,0.0,0.00028211752504357066,5.166041476718012e-06,0.0
0.002300430119772917,1.0,2e-05,0.1,3.3333333333333335e-05,0.00028211752504357066,5.166041476718012e-06,0.001128470100174283
0.002300430119772917,1.0,2.51e-05,0.1,3.3333333333333335e-05,0.00028211752504357066,5.166041476718012e-06,0.001128470100174283
0.002300430119772917,1.0,3.16e-05,0.1,0.0,0.00028211752504357066,5.166041476718012e-06,0.0
0.002300430119772917,1.0,3.98e-05,0.1,3.3333333333333335e-05,0.00028211752504357066,5.166041476718012e-06,0.001128470100174283
0.002300430119772917,1.0,5.01e-05,0.1,0.0,0.00028211752504357066,5.166041476718012e-06,0.0
0.002300430119772917,1.0,6.31e-05,0.1,6.666666666666667e-05,0.00028211752504357066,5.166041476718012e-06,0.002256940200348566
0.002300430119772917,1.0,7.94e-05,0.1,0.00013333333333333334,0.00028211752504357066,5.166041476718012e-06,0.004513880400697132
0.002300430119772917,1.0,0.0001,0.1,0.00013333333333333334,0.00028211752504357066,5.166041476718012e-06,0.004513880400697132
0.002300430119772917,1.0,0.000126,0.1,0.00016666666666666666,0.00028211752504357066,5.166041476718012e-06,0.005642350500871415
0.002300430119772917,1.0,0.000158,0.1,6.666666666666667e-05,0.00028211752504357066,5.166041476718012e-06,0.002256940200348566
0.002300430119772917,1.0,0.0002,0.1,0.00016666666666666666,0.00028211752504357066,5.166041476718012e-06,0.005642350500871415
0.002300430119772917,1.0,0.000251,0.1,0.0,0.00028211752504357066,5.166041476718012e-06,0.0
0.002300430119772917,1.0,0.000316,0.1,0.0,0.00028211752504357066,5.166041476718012e-06,0.0
0.002300430119772917,1.0,0.000398,0.1,0.0,0.00028211752504357066,5.166041476718012e-06,0.0
0.002300430119772917,1.0,0.000501,0.1,0.0,0.00028211752504357066,5.166041476718012e-06,0.0
0.002300430119772917,1.0,0.000631,0.1,0.0,0.00028211752504357066,5.166041476718012e-06,0.0
0.002300430119772917,1.0,0.000794,0.1,0.0,0.00028211752504357066,5.166041476718012e-06,0.0
0.002300430119772917,1.0,0.001,0.1,0.0,0.00028211752504357066,5.166041476718012e-06,0.0
0.002300430119772917,1.0,0.00126,0.1,0.0,0.00028211752504357066,5.166041476718012e-06,0.0
0.002300430119772917,1.0,0.00158,0.1,0.0,0.00028211752504357066,5.166041476718012e-06,0.0
0.002300430119772917,1.0,0.002,0.1,0.0,0.00028211752504357066,5.166041476718012e-06,0.0
0.002300430119772917,1.0,0.00251,0.1,0.0,0.00028211752504357066,5.166041476718012e-06,0.0
0.002300430119772917,1.0,0.00316,0.1,0.0,0.00028211752504357066,5.166041476718012e-06,0.0
0.002300430119772917,1.0,0.00398,0.1,0.0,0.00028211752504357066,5.166041476718012e-06,0.0
0.002300430119772917,1.0,0.00501,0.1,0.0,0.00028211752504357066,5.166041476718012e-06,0.0
0.002300430119772917,1.0,0.00631,0.1,0.0,0.00028211752504357066,5.166041476718012e-06,0.0
0.0024094035602395245,1.0,1e-06,0.1,0.0,0.00030947876325037964,5.667071291894885e-06,0.0
0.0024094035602395245,1.0,1.26e-06,0.1,0.0,0.00030947876325037964,5.667071291894885e-06,0.0
0.0024094035602395245,1.0,1.58e-06,0.1,0.0,0.00030947876325037964,5.667071291894885e-06,0.0
0.0024094035602395245,1.0,2e-06,0.1,0.0,0.00030947876325037964,5.667071291894885e-06,0.0
0.0024094035602395245,1.0,2.51e-06,0.1,0.0,0.00030947876325037964,5.667071291894885e-06,0.0
0.0024094035602395245,1.0,3.16e-06,0.1,0.0,0.00030947876325037964,5.667071291894885e-06,0.0
0.0024094035602395245,1.0,3.98e-06,0.1,0.0,0.00030947876325037964,5.667071291894885e-06,0.0
0.0024094035602395245,1.0,5.01e-06,0.1,0.0,0.00030947876325037964,5.667071291894885e-06,0.0
0.0024094035602395245,1.0,6.31e-06,0.1,0.0,0.00030947876325037964,5.667071291894885e-06,0.0
0.0024094035602395245,1.0,7.94e-06,0.1,0.0,0.00030947876325037964,5.667071291894885e-06,0.0
0.0024094035602395245,1.0,1e-05,0.1,0.0,0.00030947876325037964,5.667071291894885e-06,0.0
0.0024094035602395245,1.0,1.26e-05,0.1,0.0,0.00030947876325037964,5.667071291894885e-06,0.0
0.0024094035602395245,1.0,1.58e-05,0.1,0.0,0.00030947876325037964,5.667071291894885e-06,0.0
0.0024094035602395245,1.0,2e-05,0.1,3.3333333333333335e-05,0.00030947876325037964,5.667071291894885e-06,0.001237915053001519
0.0024094035602395245,1.0,2.51e-05,0.1,3.3333333333333335e-05,0.00030947876325037964,5.667071291894885e-06,0.001237915053001519
0.0024094035602395245,1.0,3.16e-05,0.1,0.0,0.00030947876325037964,5.667071291894885e-06,0.0
0.0024094035602395245,1.0,3.98e-05,0.1,3.3333333333333335e-05,0.00030947876325037964,5.667071291894885e-06,0.001237915053001519
0.0024094035602395245,1.0,5.01e-05,0.1,0.0,0.00030947876325037964,5.667071291894885e-06,0.0
0.0024094035602395245,1.0,6.31e-05,0.1,6.666666666666667e-05,0.00030947876325037964,5.667071291894885e-06,0.002475830106003038
0.0024094035602395245,1.0,7.94e-05,0.1,0.00013333333333333334,0.00030947876325037964,5.667071291894885e-06,0.004951660212006076
0.0024094035602395245,1.0,0.0001,0.1,0.00013333333333333334,0.00030947876325037964,5.667071291894885e-06,0.004951660212006076
0.0024094035602395245,1.0,0.000126,0.1,0.00016666666666666666,0.00030947876325037964,5.667071291894885e-06,0.006189575265007593
0.0024094035602395245,1.0,0.000158,0.1,6.666666666666667e-05,0.00030947876325037964,5.667071291894885e-06,0.002475830106003038
0.0024094035602395245,1.0,0.0002,0.1,0.00016666666666666666,0.00030947876325037964,5.667071291894885e-06,0.006189575265007593
0.0024094035602395245,1.0,0.000251,0.1,0.0,0.00030947876325037964,5.667071291894885e-06,0.0
0.0024094035602395245,1.0,0.000316,0.1,0.0,0.00030947876325037964,5.667071291894885e-06,0.0
0.0024094035602395245,1.0,0.000398,0.1,0.0,0.00030947876325037964,5.667071291894885e-06,0.0
0.0024094035602395245,1.0,0.000501,0.1,0.0,0.00030947876325037964,5.667071291894885e-06,0.0
0.0024094035602395245,1.0,0.000631,0.1,0.0,0.00030947876325037964,5.667071291894885e-06,0.0
0.0024094035602395245,1.0,0.000794,0.1,0.0,0.00030947876325037964,5.667071291894885e-06,0.0
0.0024094035602395245,1.0,0.001,0.1,0.0,0.00030947876325037964,5.667071291894885e-06,0.0
0.0024094035602395245,1.0,0.00126,0.1,0.0,0.00030947876325037964,5.667071291894885e-06,0.0
0.0024094035602395245,1.0,0.00158,0.1,0.0,0.00030947876325037964,5.667071291894885e-06,0.0
0.0024094035602395245,1.0,0.002,0.1,0.0,0.00030947876325037964,5.667071291894885e-06,0.0
0.0024094035602395245,1.0,0.00251,0.1,0.0,0.00030947876325037964,5.667071291894885e-06,0.0
0.0024094035602395245,1.0,0.00316,0.1,0.0,0.00030947876325037964,5.667071291894885e-06,0.0
0.0024094035602395245,1.0,0.00398,0.1,0.0,0.00030947876325037964,5.667071291894885e-06,0.0
0.0024094035602395245,1.0,0.00501,0.1,0.0,0.00030947876325037964,5.667071291894885e-06,0.0
0.0024094035602395245,1.0,0.00631,0.1,0.0,0.00030947876325037964,5.667071291894885e-06,0.0
0.0025235391704347657,1.0,1e-06,0.1,0.0,0.000339493621440638,6.216693305999597e-06,0.0
0.0025235391704347657,1.0,1.26e-06,0.1,0.0,0.000339493621440638,6.216693305999597e-06,0.0
0.0025235391704347657,1.0,1.58e-06,0.1,0.0,0.000339493621440638,6.216693305999597e-06,0.0
0.0025235391704347657,1.0,2e-06,0.1,0.0,0.000339493621440638,6.216693305999597e-06,0.0
0.0025235391704347657,1.0,2.51e-06,0.1,0.0,0.000339493621440638,6.216693305999597e-06,0.0
0.0025235391704347657,1.0,3.16e-06,0.1,0.0,0.000339493621440638,6.216693305999597e-06,0.0
0.0025235391704347657,1.0,3.98e-06,0.1,0.0,0.000339493621440638,6.216693305999597e-06,0.0
0.0025235391704347657,1.0,5.01e-06,0.1,0.0,0.000339493621440638,6.216693305999597e-06,0.0
0.0025235391704347657,1.0,6.31e-06,0.1,0.0,0.000339493621440638,6.216693305999597e-06,0.0
0.0025235391704347657,1.0,7.94e-06,0.1,0.0,0.000339493621440638,6.216693305999597e-06,0.0
0.0025235391704347657,1.0,1e-05,0.1,0.0,0.000339493621440638,6.216693305999597e-06,0.0
0.0025235391704347657,1.0,1.26e-05,0.1,0.0,0.000339493621440638,6.216693305999597e-06,0.0
0.0025235391704347657,1.0,1.58e-05,0.1,0.0,0.000339493621440638,6.216693305999597e-06,0.0
0.0025235391704347657,1.0,2e-05,0.1,3.3333333333333335e-05,0.000339493621440638,6.216693305999597e-06,0.0013579744857625522
0.0025235391704347657,1.0,2.51e-05,0.1,3.3333333333333335e-05,0.000339493621440638,6.216693305999597e-06,0.0013579744857625522
0.0025235391704347657,1.0,3.16e-05,0.1,0.0,0.000339493621440638,6.216693305999597e-06,0.0
0.0025235391704347657,1.0,3.98e-05,0.1,3.3333333333333335e-05,0.000339493621440638,6.216693305999597e-06,0.0013579744857625522
0.0025235391704347657,1.0,5.01e-05,0.1,0.0,0.000339493621440638,6.216693305999597e-06,0.0
0.0025235391704347657,1.0,6.31e-05,0.1,6.666666666666667e-05,0.000339493621440638,6.216693305999597e-06,0.0027159489715251044
0.0025235391704347657,1.0,7.94e-05,0.1,0.00013333333333333334,0.000339493621440638,6.216693305999597e-06,0.005431897943050209
0.0025235391704347657,1.0,0.0001,0.1,0.00013333333333333334,0.000339493621440638,6.216693305999597e-06,0.005431897943050209
0.0025235391704347657,1.0,0.000126,0.1,0.00016666666666666666,0.000339493621440638,6.216693305999597e-06,0.00678987242881276
0.0025235391704347657,1.0,0.000158,0.1,6.666666666666667e-05,0.000339493621440638,6.216693305999597e-06,0.0027159489715251044
0.0025235391704347657,1.0,0.0002,0.1,0.00016666666666666666,0.000339493621440638,6.216693305999597e-06,0.00678987242881276
0.0025235391704347657,1.0,0.000251,0.1,0.0,0.000339493621440638,6.216693305999597e-06,0.0
0.0025235391704347657,1.0,0.000316,0.1,0.0,0.000339493621440638,6.216693305999597e-06,0.0
0.0025235391704347657,1.0,0.000398,0.1,0.0,0.000339493621440638,6.216693305999597e-06,0.0
0.0025235391704347657,1.0,0.000501,0.1,0.0,0.000339493621440638,6.216693305999597e-06,0.0
0.0025235391704347657,1.0,0.000631,0.1,0.0,0.000339493621440638,6.216693305999597e-06,0.0
0.0025235391704347657,1.0,0.000794,0.1,0.0,0.000339493621440638,6.216693305999597e-06,0.0
0.0025235391704347657,1.0,0.001,0.1,0.0,0.000339493621440638,6.216693305999597e-06,0.0
0.0025235391704347657,1.0,0.00126,0.1,0.0,0.000339493621440638,6.216693305999597e-06,0.0
0.0025235391704347657,1.0,0.00158,0.1,0.0,0.000339493621440638,6.216693305999597e-06,0.0
0.0025235391704347657,1.0,0.002,0.1,0.0,0.000339493621440638,6.216693305999597e-06,0.0
0.0025235391704347657,1.0,0.00251,0.1,0.0,0.000339493621440638,6.216693305999597e-06,0.0
0.0025235391704347657,1.0,0.00316,0.1,0.0,0.000339493621440638,6.216693305999597e-06,0.0
0.0025235391704347657,1.0,0.00398,0.1,0.0,0.000339493621440638,6.216693305999597e-06,0.0
0.0025235391704347657,1.0,0.00501,0.1,0.0,0.000339493621440638,6.216693305999597e-06,0.0
0.0025235391704347657,1.0,0.00631,0.1,0.0,0.000339493621440638,6.216693305999597e-06,0.0
0.0026430814869741054,1.0,1e-06,0.1,0.0,0.00037241945665221254,6.8196201547740805e-06,0.0
0.0026430814869741054,1.0,1.26e-06,0.1,0.0,0.00037241945665221254,6.8196201547740805e-06,0.0
0.0026430814869741054,1.0,1.58e-06,0.1,0.0,0.00037241945665221254,6.8196201547740805e-06,0.0
0.0026430814869741054,1.0,2e-06,0.1,0.0,0.00037241945665221254,6.8196201547740805e-06,0.0
0.0026430814869741054,1.0,2.51e-06,0.1,0.0,0.00037241945665221254,6.8196201547740805e-06,0.0
0.0026430814869741054,1.0,3.16e-06,0.1,0.0,0.00037241945665221254,6.8196201547740805e-06,0.0
0.0026430814869741054,1.0,3.98e-06,0.1,0.0,0.00037241945665221254,6.8196201547740805e-06,0.0
0.0026430814869741054,1.0,5.01e-06,0.1,0.0,0.00037241945665221254,6.8196201547740805e-06,0.0
0.0026430814869741054,1.0,6.31e-06,0.1,0.0,0.00037241945665221254,6.8196201547740805e-06,0.0
0.0026430814869741054,1.0,7.94e-06,0.1,0.0,0.00037241945665221254,6.8196201547740805e-06,0.0
0.0026430814869741054,1.0,1e-05,0.1,0.0,0.00037241945665221254,6.8196201547740805e-06,0.0
0.0026430814869741054,1.0,1.26e-05,0.1,0.0,0.00037241945665221254,6.8196201547740805e-06,0.0
0.0026430814869741054,1.0,1.58e-05,0.1,0.0,0.00037241945665221254,6.8196201547740805e-06,0.0
0.0026430814869741054,1.0,2e-05,0.1,3.3333333333333335e-05,0.00037241945665221254,6.8196201547740805e-06,0.0014896778266088504
0.0026430814869741054,1.0,2.51e-05,0.1,3.3333333333333335e-05,0.00037241945665221254,6.8196201547740805e-06,0.0014896778266088504
0.0026430814869741054,1.0,3.16e-05,0.1,0.0,0.00037241945665221254,6.8196201547740805e-06,0.0
0.0026430814869741054,1.0,3.98e-05,0.1,3.3333333333333335e-05,0.00037241945665221254,6.8196201547740805e-06,0.0014896778266088504
0.0026430814869741054,1.0,5.01e-05,0.1,0.0,0.00037241945665221254,6.8196201547740805e-06,0.0
0.0026430814869741054,1.0,6.31e-05,0.1,6.666666666666667e-05,0.00037241945665221254,6.8196201547740805e-06,0.002979355653217701
0.0026430814869741054,1.0,7.94e-05,0.1,0.00013333333333333334,0.00037241945665221254,6.8196201547740805e-06,0.005958711306435402
0.0026430814869741054,1.0,0.0001,0.1,0.00013333333333333334,0.00037241945665221254,6.8196201547740805e-06,0.005958711306435402
0.0026430814869741054,1.0,0.000126,0.1,0.00016666666666666666,0.00037241945665221254,6.8196201547740805e-06,0.007448389133044252
0.0026430814869741054,1.0,0.000158,0.1,6.666666666666667e-05,0.00037241945665221254,6.8196201547740805e-06,0.002979355653217701
0.0026430814869741054,1.0,0.0002,0.1,0.00016666666666666666,0.00037241945665221254,6.8196201547740805e-06,0.007448389133044252
0.0026430814869741054,1.0,0.000251,0.1,0.0,0.00037241945665221254,6.8196201547740805e-06,0.0
0.0026430814869741054,1.0,0.000316,0.1,0.0,0.00037241945665221254,6.8196201547740805e-06,0.0
0.0026430814869741054,1.0,0.000398,0.1,0.0,0.00037241945665221254,6.8196201547740805e-06,0.0
0.0026430814869741054,1.0,0.000501,0.1,0.0,0.00037241945665221254,6.8196201547740805e-06,0.0
0.0026430814869741054,1.0,0.000631,0.1,0.0,0.00037241945665221254,6.8196201547740805e-06,0.0
0.0026430814869741054,1.0,0.000794,0.1,0.0,0.00037241945665221254,6.8196201547740805e-06,0.0
0.0026430814869741054,1.0,0.001,0.1,0.0,0.00037241945665221254,6.8196201547740805e-06,0.0
0.0026430814869741054,1.0,0.00126,0.1,0.0,0.00037241945665221254,6.8196201547740805e-06,0.0
0.0026430814869741054,1.0,0.00158,0.1,0.0,0.00037241945665221254,6.8196201547740805e-06,0.0
0.0026430814869741054,1.0,0.002,0.1,0.0,0.00037241945665221254,6.8196201547740805e-06,0.0
0.0026430814869741054,1.0,0.00251,0.1,0.0,0.00037241945665221254,6.8196201547740805e-06,0.0
0.0026430814869741054,1.0,0.00316,0.1,0.0,0.00037241945665221254,6.8196201547740805e-06,0.0
0.0026430814869741054,1.0,0.00398,0.1,0.0,0.00037241945665221254,6.8196201547740805e-06,0.0
0.0026430814869741054,1.0,0.00501,0.1,0.0,0.00037241945665221254,6.8196201547740805e-06,0.0
0.0026430814869741054,1.0,0.00631,0.1,0.0,0.00037241945665221254,6.8196201547740805e-06,0.0
0.0027682866303920667,1.0,1e-06,0.1,0.0,0.000408538584596281,7.4810215088130565e-06,0.0
0.0027682866303920667,1.0,1.26e-06,0.1,0.0,0.000408538584596281,7.4810215088130565e-06,0.0
0.0027682866303920667,1.0,1.58e-06,0.1,0.0,0.000408538584596281,7.4810215088130565e-06,0.0
0.0027682866303920667,1.0,2e-06,0.1,0.0,0.000408538584596281,7.4810215088130565e-06,0.0
0.0027682866303920667,1.0,2.51e-06,0.1,0.0,0.000408538584596281,7.4810215088130565e-06,0.0
0.0027682866303920667,1.0,3.16e-06,0.1,0.0,0.000408538584596281,7.4810215088130565e-06,0.0
0.0027682866303920667,1.0,3.98e-06,0.1,0.0,0.000408538584596281,7.4810215088130565e-06,0.0
0.0027682866303920667,1.0,5.01e-06,0.1,0.0,0.000408538584596281,7.4810215088130565e-06,0.0
0.0027682866303920667,1.0,6.31e-06,0.1,0.0,0.000408538584596281,7.4810215088130565e-06,0.0
0.0027682866303920667,1.0,7.94e-06,0.1,0.0,0.000408538584596281,7.4810215088130565e-06,0.0
0.0027682866303920667,1.0,1e-05,0.1,0.0,0.000408538584596281,7.4810215088130565e-06,0.0
0.0027682866303920667,1.0,1.26e-05,0.1,0.0,0.000408538584596281,7.4810215088130565e-06,0.0
0.0027682866303920667,1.0,1.58e-05,0.1,0.0,0.000408538584596281,7.4810215088130565e-06,0.0
0.0027682866303920667,1.0,2e-05,0.1,3.3333333333333335e-05,0.000408538584596281,7.4810215088130565e-06,0.001634154338385124
0.0027682866303920667,1.0,2.51e-05,0.1,3.3333333333333335e-05,0.000408538584596281,7.4810215088130565e-06,0.001634154338385124
0.0027682866303920667,1.0,3.16e-05,0.1,0.0,0.000408538584596281,7.4810215088130565e-06,0.0
0.0027682866303920667,1.0,3.98e-05,0.1,3.3333333333333335e-05,0.000408538584596281,7.4810215088130565e-06,0.001634154338385124
0.0027682866303920667,1.0,5.01e-05,0.1,0.0,0.000408538584596281,7.4810215088130565e-06,0.0
0.0027682866303920667,1.0,6.31e-05,0.1,6.666666666666667e-05,0.000408538584596281,7.4810215088130565e-06,0.003268308676770248
0.0027682866303920667,1.0,7.94e-05,0.1,0.00013333333333333334,0.000408538584596281,7.4810215088130565e-06,0.006536617353540496
0.0027682866303920667,1.0,0.0001,0.1,0.00013333333333333334,0.000408538584596281,7.4810215088130565e-06,0.006536617353540496
0.0027682866303920667,1.0,0.000126,0.1,0.00016666666666666666,0.000408538584596281,7.4810215088130565e-06,0.00817077169192562
0.0027682866303920667,1.0,0.000158,0.1,6.666666666666667e-05,0.000408538584596281,7.4810215088130565e-06,0.003268308676770248
0.0027682866303920667,1.0,0.0002,0.1,0.00016666666666666666,0.000408538584596281,7.4810215088130565e-06,0.00817077169192562
0.0027682866303920667,1.0,0.000251,0.1,0.0,0.000408538584596281,7.4810215088130565e-06,0.0
0.0027682866303920667,1.0,0.000316,0.1,0.0,0.000408538584596281,7.4810215088130565e-06,0.0
0.0027682866303920667,1.0,0.000398,0.1,0.0,0.000408538584596281,7.4810215088130565e-06,0.0
0.0027682866303920667,1.0,0.000501,0.1,0.0,0.000408538584596281,7.4810215088130565e-06,0.0
0.0027682866303920667,1.0,0.000631,0.1,0.0,0.000408538584596281,7.4810215088130565e-06,0.0
0.0027682866303920667,1.0,0.000794,0.1,0.0,0.000408538584596281,7.4810215088130565e-06,0.0
0.0027682866303920667,1.0,0.001,0.1,0.0,0.000408538584596281,7.4810215088130565e-06,0.0
0.0027682866303920667,1.0,0.00126,0.1,0.0,0.000408538584596281,7.4810215088130565e-06,0.0
0.0027682866303920667,1.0,0.00158,0.1,0.0,0.000408538584596281,7.4810215088130565e-06,0.0
0.0027682866303920667,1.0,0.002,0.1,0.0,0.000408538584596281,7.4810215088130565e-06,0.0
0.0027682866303920667,1.0,0.00251,0.1,0.0,0.000408538584596281,7.4810215088130565e-06,0.0
0.0027682866303920667,1.0,0.00316,0.1,0.0,0.000408538584596281,7.4810215088130565e-06,0.0
0.0027682866303920667,1.0,0.00398,0.1,0.0,0.000408538584596281,7.4810215088130565e-06,0.0
0.0027682866303920667,1.0,0.00501,0.1,0.0,0.000408538584596281,7.4810215088130565e-06,0.0
0.0027682866303920667,1.0,0.00631,0.1,0.0,0.000408538584596281,7.4810215088130565e-06,0.0
0.002899422853882875,1.0,1e-06,0.1,0.0,0.0004481607000289069,8.206568394596354e-06,0.0
0.002899422853882875,1.0,1.26e-06,0.1,0.0,0.0004481607000289069,8.206568394596354e-06,0.0
0.002899422853882875,1.0,1.58e-06,0.1,0.0,0.0004481607000289069,8.206568394596354e-06,0.0
0.002899422853882875,1.0,2e-06,0.1,0.0,0.0004481607000289069,8.206568394596354e-06,0.0
0.002899422853882875,1.0,2.51e-06,0.1,0.0,0.0004481607000289069,8.206568394596354e-06,0.0
0.002899422853882875,1.0,3.16e-06,0.1,0.0,0.0004481607000289069,8.206568394596354e-06,0.0
0.002899422853882875,1.0,3.98e-06,0.1,0.0,0.0004481607000289069,8.206568394596354e-06,0.0
0.002899422853882875,1.0,5.01e-06,0.1,0.0,0.0004481607000289069,8.206568394596354e-06,0.0
0.002899422853882875,1.0,6.31e-06,0.1,0.0,0.0004481607000289069,8.206568394596354e-06,0.0
0.002899422853882875,1.0,7.94e-06,0.1,0.0,0.0004481607000289069,8.206568394596354e-06,0.0
0.002899422853882875,1.0,1e-05,0.1,0.0,0.0004481607000289069,8.206568394596354e-06,0.0
0.002899422853882875,1.0,1.26e-05,0.1,0.0,0.0004481607000289069,8.206568394596354e-06,0.0
0.002899422853882875,1.0,1.58e-05,0.1,0.0,0.0004481607000289069,8.206568394596354e-06,0.0
0.002899422853882875,1.0,2e-05,0.1,3.3333333333333335e-05,0.0004481607000289069,8.206568394596354e-06,0.001792642800115628
0.002899422853882875,1.0,2.51e-05,0.1,3.3333333333333335e-05,0.0004481607000289069,8.206568394596354e-06,0.001792642800115628
0.002899422853882875,1.0,3.16e-05,0.1,0.0,0.0004481607000289069,8.206568394596354e-06,0.0
0.002899422853882875,1.0,3.98e-05,0.1,3.3333333333333335e-05,0.0004481607000289069,8.206568394596354e-06,0.001792642800115628
0.002899422853882875,1.0,5.01e-05,0.1,0.0,0.0004481607000289069,8.206568394596354e-06,0.0
0.002899422853882875,1.0,6.31e-05,0.1,6.666666666666667e-05,0.0004481607000289069,8.206568394596354e-06,0.003585285600231256
0.002899422853882875,1.0,7.94e-05,0.1,0.00013333333333333334,0.0004481607000289069,8.206568394596354e-06,0.007170571200462512
0.002899422853882875,1.0,0.0001,0.1,0.00013333333333333334,0.0004481607000289069,8.206568394596354e-06,0.007170571200462512
0.002899422853882875,1.0,0.000126,0.1,0.00016666666666666666,0.0004481607000289069,8.206568394596354e-06,0.008963214000578139
0.002899422853882875,1.0,0.000158,0.1,6.666666666666667e-05,0.0004481607000289069,8.206568394596354e-06,0.003585285600231256
0.002899422853882875,1.0,0.0002,0.1,0.00016666666666666666,0.0004481607000289069,8.206568394596354e-06,0.008963214000578139
0.002899422853882875,1.0,0.000251,0.1,0.0,0.0004481607000289069,8.206568394596354e-06,0.0
0.002899422853882875,1.0,0.000316,0.1,0.0,0.0004481607000289069,8.206568394596354e-06,0.0
0.002899422853882875,1.0,0.000398,0.1,0.0,0.0004481607000289069,8.206568394596354e-06,0.0
0.002899422853882875,1.0,0.000501,0.1,0.0,0.0004481607000289069,8.206568394596354e-06,0.0
0.002899422853882875,1.0,0.000631,0.1,0.0,0.0004481607000289069,8.206568394596354e-06,0.0
0.002899422853882875,1.0,0.000794,0.1,0.0,0.0004481607000289069,8.206568394596354e-06,0.0
0.002899422853882875,1.0,0.001,0.1,0.0,0.0004481607000289069,8.206568394596354e-06,0.0
0.002899422853882875,1.0,0.00126,0.1,0.0,0.0004481607000289069,8.206568394596354e-06,0.0
0.002899422853882875,1.0,0.00158,0.1,0.0,0.0004481607000289069,8.206568394596354e-06,0.0
0.002899422853882875,1.0,0.002,0.1,0.0,0.0004481607000289069,8.206568394596354e-06,0.0
0.002899422853882875,1.0,0.00251,0.1,0.0,0.0004481607000289069,8.206568394596354e-06,0.0
0.002899422853882875,1.0,0.00316,0.1,0.0,0.0004481607000289069,8.206568394596354e-06,0.0
0.002899422853882875,1.0,0.00398,0.1,0.0,0.0004481607000289069,8.206568394596354e-06,0.0
0.002899422853882875,1.0,0.00501,0.1,0.0,0.0004481607000289069,8.206568394596354e-06,0.0
0.002899422853882875,1.0,0.00631,0.1,0.0,0.0004481607000289069,8.206568394596354e-06,0.0
0.0030367711180354575,1.0,1e-06,0.1,0.0,0.0004916255318103397,9.002481813044126e-06,0.0
0.0030367711180354575,1.0,1.26e-06,0.1,0.0,0.0004916255318103397,9.002481813044126e-06,0.0
0.0030367711180354575,1.0,1.58e-06,0.1,0.0,0.0004916255318103397,9.002481813044126e-06,0.0
0.0030367711180354575,1.0,2e-06,0.1,0.0,0.0004916255318103397,9.002481813044126e-06,0.0
0.0030367711180354575,1.0,2.51e-06,0.1,0.0,0.0004916255318103397,9.002481813044126e-06,0.0
0.0030367711180354575,1.0,3.16e-06,0.1,0.0,0.0004916255318103397,9.002481813044126e-06,0.0
0.0030367711180354575,1.0,3.98e-06,0.1,0.0,0.0004916255318103397,9.002481813044126e-06,0.0
0.0030367711180354575,1.0,5.01e-06,0.1,0.0,0.0004916255318103397,9.002481813044126e-06,0.0
0.0030367711180354575,1.0,6.31e-06,0.1,0.0,0.0004916255318103397,9.002481813044126e-06,0.0
0.0030367711180354575,1.0,7.94e-06,0.1,0.0,0.0004916255318103397,9.002481813044126e-06,0.0
0.0030367711180354575,1.0,1e-05,0.1,0.0,0.0004916255318103397,9.002481813044126e-06,0.0
0.0030367711180354575,1.0,1.26e-05,0.1,0.0,0.0004916255318103397,9.002481813044126e-06,0.0
0.0030367711180354575,1.0,1.58e-05,0.1,0.0,0.0004916255318103397,9.002481813044126e-06,0.0
0.0030367711180354575,1.0,2e-05,0.1,3.3333333333333335e-05,0.0004916255318103397,9.002481813044126e-06,0.0019665021272413587
0.0030367711180354575,1.0,2.51e-05,0.1,3.3333333333333335e-05,0.0004916255318103397,9.002481813044126e-06,0.0019665021272413587
0.0030367711180354575,1.0,3.16e-05,0.1,0.0,0.0004916255318103397,9.002481813044126e-06,0.0
0.0030367711180354575,1.0,3.98e-05,0.1,3.3333333333333335e-05,0.0004916255318103397,9.002481813044126e-06,0.0019665021272413587
0.0030367711180354575,1.0,5.01e-05,0.1,0.0,0.0004916255318103397,9.002481813044126e-06,0.0
0.0030367711180354575,1.0,6.31e-05,0.1,6.666666666666667e-05,0.0004916255318103397,9.002481813044126e-06,0.003933004254482717
0.0030367711180354575,1.0,7.94e-05,0.1,0.00013333333333333334,0.0004916255318103397,9.002481813044126e-06,0.007866008508965435
0.0030367711180354575,1.0,0.0001,0.1,0.00013333333333333334,0.0004916255318103397,9.002481813044126e-06,0.007866008508965435
0.0030367711180354575,1.0,0.000126,0.1,0.00016666666666666666,0.0004916255318103397,9.002481813044126e-06,0.009832510636206793
0.0030367711180354575,1.0,0.000158,0.1,6.666666666666667e-05,0.0004916255318103397,9.002481813044126e-06,0.003933004254482717
0.0030367711180354575,1.0,0.0002,0.1,0.00016666666666666666,0.0004916255318103397,9.002481813044126e-06,0.009832510636206793
0.0030367711180354575,1.0,0.000251,0.1,0.0,0.0004916255318103397,9.002481813044126e-06,0.0
0.0030367711180354575,1.0,0.000316,0.1,0.0,0.0004916255318103397,9.002481813044126e-06,0.0
0.0030367711180354575,1.0,0.000398,0.1,0.0,0.0004916255318103397,9.002481813044126e-06,0.0
0.0030367711180354575,1.0,0.000501,0.1,0.0,0.0004916255318103397,9.002481813044126e-06,0.0
0.0030367711180354575,1.0,0.000631,0.1,0.0,0.0004916255318103397,9.002481813044126e-06,0.0
0.0030367711180354575,1.0,0.000794,0.1,0.0,0.0004916255318103397,9.002481813044126e-06,0.0
0.0030367711180354575,1.0,0.001,0.1,0.0,0.0004916255318103397,9.002481813044126e-06,0.0
0.0030367711180354575,1.0,0.00126,0.1,0.0,0.0004916255318103397,9.002481813044126e-06,0.0
0.0030367711180354575,1.0,0.00158,0.1,0.0,0.0004916255318103397,9.002481813044126e-06,0.0
0.0030367711180354575,1.0,0.002,0.1,0.0,0.0004916255318103397,9.002481813044126e-06,0.0
0.0030367711180354575,1.0,0.00251,0.1,0.0,0.0004916255318103397,9.002481813044126e-06,0.0
0.0030367711180354575,1.0,0.00316,0.1,0.0,0.0004916255318103397,9.002481813044126e-06,0.0
0.0030367711180354575,1.0,0.00398,0.1,0.0,0.0004916255318103397,9.002481813044126e-06,0.0
0.0030367711180354575,1.0,0.00501,0.1,0.0,0.0004916255318103397,9.002481813044126e-06,0.0
0.0030367711180354575,1.0,0.00631,0.1,0.0,0.0004916255318103397,9.002481813044126e-06,0.0
0.0031806256927941192,1.0,1e-06,0.1,0.0,0.000539305755402431,9.875586072192475e-06,0.0
0.0031806256927941192,1.0,1.26e-06,0.1,0.0,0.000539305755402431,9.875586072192475e-06,0.0
0.0031806256927941192,1.0,1.58e-06,0.1,0.0,0.000539305755402431,9.875586072192475e-06,0.0
0.0031806256927941192,1.0,2e-06,0.1,0.0,0.000539305755402431,9.875586072192475e-06,0.0
0.0031806256927941192,1.0,2.51e-06,0.1,0.0,0.000539305755402431,9.875586072192475e-06,0.0
0.0031806256927941192,1.0,3.16e-06,0.1,0.0,0.000539305755402431,9.875586072192475e-06,0.0
0.0031806256927941192,1.0,3.98e-06,0.1,0.0,0.000539305755402431,9.875586072192475e-06,0.0
0.0031806256927941192,1.0,5.01e-06,0.1,0.0,0.000539305755402431,9.875586072192475e-06,0.0
0.0031806256927941192,1.0,6.31e-06,0.1,0.0,0.000539305755402431,9.875586072192475e-06,0.0
0.0031806256927941192,1.0,7.94e-06,0.1,0.0,0.000539305755402431,9.875586072192475e-06,0.0
0.0031806256927941192,1.0,1e-05,0.1,0.0,0.000539305755402431,9.875586072192475e-06,0.0
0.0031806256927941192,1.0,1.26e-05,0.1,0.0,0.000539305755402431,9.875586072192475e-06,0.0
0.0031806256927941192,1.0,1.58e-05,0.1,0.0,0.000539305755402431,9.875586072192475e-06,0.0
0.0031806256927941192,1.0,2e-05,0.1,3.3333333333333335e-05,0.000539305755402431,9.875586072192475e-06,0.0021572230216097246
0.0031806256927941192,1.0,2.51e-05,0.1,3.3333333333333335e-05,0.000539305755402431,9.875586072192475e-06,0.0021572230216097246
0.0031806256927941192,1.0,3.16e-05,0.1,0.0,0.000539305755402431,9.875586072192475e-06,0.0
0.0031806256927941192,1.0,3.98e-05,0.1,3.3333333333333335e-05,0.000539305755402431,9.875586072192475e-06,0.0021572230216097246
0.0031806256927941192,1.0,5.01e-05,0.1,0.0,0.000539305755402431,9.875586072192475e-06,0.0
0.0031806256927941192,1.0,6.31e-05,0.1,6.666666666666667e-05,0.000539305755402431,9.875586072192475e-06,0.004314446043219449
0.0031806256927941192,1.0,7.94e-05,0.1,0.00013333333333333334,0.000539305755402431,9.875586072192475e-06,0.008628892086438899
0.0031806256927941192,1.0,0.0001,0.1,0.00013333333333333334,0.000539305755402431,9.875586072192475e-06,0.008628892086438899
0.0031806256927941192,1.0,0.000126,0.1,0.00016666666666666666,0.000539305755402431,9.875586072192475e-06,0.010786115108048623
0.0031806256927941192,1.0,0.000158,0.1,6.666666666666667e-05,0.000539305755402431,9.875586072192475e-06,0.004314446043219449
0.0031806256927941192,1.0,0.0002,0.1,0.00016666666666666666,0.000539305755402431,9.875586072192475e-06,0.010786115108048623
0.0031806256927941192,1.0,0.000251,0.1,0.0,0.000539305755402431,9.875586072192475e-06,0.0
0.0031806256927941192,1.0,0.000316,0.1,0.0,0.000539305755402431,9.875586072192475e-06,0.0
0.0031806256927941192,1.0,0.000398,0.1,0.0,0.000539305755402431,9.875586072192475e-06,0.0
0.0031806256927941192,1.0,0.000501,0.1,0.0,0.000539305755402431,9.875586072192475e-06,0.0
0.0031806256927941192,1.0,0.000631,0.1,0.0,0.000539305755402431,9.875586072192475e-06,0.0
0.0031806256927941192,1.0,0.000794,0.1,0.0,0.000539305755402431,9.875586072192475e-06,0.0
0.0031806256927941192,1.0,0.001,0.1,0.0,0.000539305755402431,9.875586072192475e-06,0.0
0.0031806256927941192,1.0,0.00126,0.1,0.0,0.000539305755402431,9.875586072192475e-06,0.0
0.0031806256927941192,1.0,0.00158,0.1,0.0,0.000539305755402431,9.875586072192475e-06,0.0
0.0031806256927941192,1.0,0.002,0.1,0.0,0.000539305755402431,9.875586072192475e-06,0.0
0.0031806256927941192,1.0,0.00251,0.1,0.0,0.000539305755402431,9.875586072192475e-06,0.0
0.0031806256927941192,1.0,0.00316,0.1,0.0,0.000539305755402431,9.875586072192475e-06,0.0
0.0031806256927941192,1.0,0.00398,0.1,0.0,0.000539305755402431,9.875586072192475e-06,0.0
0.0031806256927941192,1.0,0.00501,0.1,0.0,0.000539305755402431,9.875586072192475e-06,0.0
0.0031806256927941192,1.0,0.00631,0.1,0.0,0.000539305755402431,9.875586072192475e-06,0.0
0.0033312947879346735,1.0,1e-06,0.1,0.0,0.0005916101877588253,1.0833367290950839e-05,0.0
0.0033312947879346735,1.0,1.26e-06,0.1,0.0,0.0005916101877588253,1.0833367290950839e-05,0.0
0.0033312947879346735,1.0,1.58e-06,0.1,0.0,0.0005916101877588253,1.0833367290950839e-05,0.0
0.0033312947879346735,1.0,2e-06,0.1,0.0,0.0005916101877588253,1.0833367290950839e-05,0.0
0.0033312947879346735,1.0,2.51e-06,0.1,0.0,0.0005916101877588253,1.0833367290950839e-05,0.0
0.0033312947879346735,1.0,3.16e-06,0.1,0.0,0.0005916101877588253,1.0833367290950839e-05,0.0
0.0033312947879346735,1.0,3.98e-06,0.1,0.0,0.0005916101877588253,1.0833367290950839e-05,0.0
0.0033312947879346735,1.0,5.01e-06,0.1,0.0,0.0005916101877588253,1.0833367290950839e-05,0.0
0.0033312947879346735,1.0,6.31e-06,0.1,0.0,0.0005916101877588253,1.0833367290950839e-05,0.0
0.0033312947879346735,1.0,7.94e-06,0.1,0.0,0.0005916101877588253,1.0833367290950839e-05,0.0
0.0033312947879346735,1.0,1e-05,0.1,0.0,0.0005916101877588253,1.0833367290950839e-05,0.0
0.0033312947879346735,1.0,1.26e-05,0.1,0.0,0.0005916101877588253,1.0833367290950839e-05,0.0
0.0033312947879346735,1.0,1.58e-05,0.1,0.0,0.0005916101877588253,1.0833367290950839e-05,0.0
0.0033312947879346735,1.0,2e-05,0.1,3.3333333333333335e-05,0.0005916101877588253,1.0833367290950839e-05,0.0023664407510353017
0.0033312947879346735,1.0,2.51e-05,0.1,3.3333333333333335e-05,0.0005916101877588253,1.0833367290950839e-05,0.0023664407510353017
0.0033312947879346735,1.0,3.16e-05,0.1,0.0,0.0005916101877588253,1.0833367290950839e-05,0.0
0.0033312947879346735,1.0,3.98e-05,0.1,3.3333333333333335e-05,0.0005916101877588253,1.0833367290950839e-05,0.0023664407510353017
0.0033312947879346735,1.0,5.01e-05,0.1,0.0,0.0005916101877588253,1.0833367290950839e-05,0.0
0.0033312947879346735,1.0,6.31e-05,0.1,6.666666666666667e-05,0.0005916101877588253,1.0833367290950839e-05,0.004732881502070603
0.0033312947879346735,1.0,7.94e-05,0.1,0.00013333333333333334,0.0005916101877588253,1.0833367290950839e-05,0.009465763004141207
0.0033312947879346735,1.0,0.0001,0.1,0.00013333333333333334,0.0005916101877588253,1.0833367290950839e-05,0.009465763004141207
0.0033312947879346735,1.0,0.000126,0.1,0.00016666666666666666,0.0005916101877588253,1.0833367290950839e-05,0.011832203755176508
0.0033312947879346735,1.0,0.000158,0.1,6.666666666666667e-05,0.0005916101877588253,1.0833367290950839e-05,0.004732881502070603
0.0033312947879346735,1.0,0.0002,0.1,0.00016666666666666666,0.0005916101877588253,1.0833367290950839e-05,0.011832203755176508
0.0033312947879346735,1.0,0.000251,0.1,0.0,0.0005916101877588253,1.0833367290950839e-05,0.0
0.0033312947879346735,1.0,0.000316,0.1,0.0,0.0005916101877588253,1.0833367290950839e-05,0.0
0.0033312947879346735,1.0,0.000398,0.1,0.0,0.0005916101877588253,1.0833367290950839e-05,0.0
0.0033312947879346735,1.0,0.000501,0.1,0.0,0.0005916101877588253,1.0833367290950839e-05,0.0
0.0033312947879346735,1.0,0.000631,0.1,0.0,0.0005916101877588253,1.0833367290950839e-05,0.0
0.0033312947879346735,1.0,0.000794,0.1,0.0,0.0005916101877588253,1.0833367290950839e-05,0.0
0.0033312947879346735,1.0,0.001,0.1,0.0,0.0005916101877588253,1.0833367290950839e-05,0.0
0.0033312947879346735,1.0,0.00126,0.1,0.0,0.0005916101877588253,1.0833367290950839e-05,0.0
0.0033312947879346735,1.0,0.00158,0.1,0.0,0.0005916101877588253,1.0833367290950839e-05,0.0
0.0033312947879346735,1.0,0.002,0.1,0.0,0.0005916101877588253,1.0833367290950839e-05,0.0
0.0033312947879346735,1.0,0.00251,0.1,0.0,0.0005916101877588253,1.0833367290950839e-05,0.0
0.0033312947879346735,1.0,0.00316,0.1,0.0,0.0005916101877588253,1.0833367290950839e-05,0.0
0.0033312947879346735,1.0,0.00398,0.1,0.0,0.0005916101877588253,1.0833367290950839e-05,0.0
0.0033312947879346735,1.0,0.00501,0.1,0.0,0.0005916101877588253,1.0833367290950839e-05,0.0
0.0033312947879346735,1.0,0.00631,0.1,0.0,0.0005916101877588253,1.0833367290950839e-05,0.0
0.0034891012134067737,1.0,1e-06,0.1,0.0,0.0006489872919801121,1.1884037575171436e-05,0.0
0.0034891012134067737,1.0,1.26e-06,0.1,0.0,0.0006489872919801121,1.1884037575171436e-05,0.0
0.0034891012134067737,1.0,1.58e-06,0.1,0.0,0.0006489872919801121,1.1884037575171436e-05,0.0
0.0034891012134067737,1.0,2e-06,0.1,0.0,0.0006489872919801121,1.1884037575171436e-05,0.0
0.0034891012134067737,1.0,2.51e-06,0.1,0.0,0.0006489872919801121,1.1884037575171436e-05,0.0
0.0034891012134067737,1.0,3.16e-06,0.1,0.0,0.0006489872919801121,1.1884037575171436e-05,0.0
0.0034891012134067737,1.0,3.98e-06,0.1,0.0,0.0006489872919801121,1.1884037575171436e-05,0.0
0.0034891012134067737,1.0,5.01e-06,0.1,0.0,0.0006489872919801121,1.1884037575171436e-05,0.0
0.0034891012134067737,1.0,6.31e-06,0.1,0.0,0.0006489872919801121,1.1884037575171436e-05,0.0
0.0034891012134067737,1.0,7.94e-06,0.1,0.0,0.0006489872919801121,1.1884037575171436e-05,0.0
0.0034891012134067737,1.0,1e-05,0.1,0.0,0.0006489872919801121,1.1884037575171436e-05,0.0
0.0034891012134067737,1.0,1.26e-05,0.1,0.0,0.0006489872919801121,1.1884037575171436e-05,0.0
0.0034891012134067737,1.0,1.58e-05,0.1,0.0,0.0006489872919801121,1.1884037575171436e-05,0.0
0.0034891012134067737,1.0,2e-05,0.1,3.3333333333333335e-05,0.0006489872919801121,1.1884037575171436e-05,0.0025959491679204486
0.0034891012134067737,1.0,2.51e-05,0.1,3.3333333333333335e-05,0.0006489872919801121,1.1884037575171436e-05,0.0025959491679204486
0.0034891012134067737,1.0,3.16e-05,0.1,0.0,0.0006489872919801121,1.1884037575171436e-05,0.0
0.0034891012134067737,1.0,3.98e-05,0.1,3.3333333333333335e-05,0.0006489872919801121,1.1884037575171436e-05,0.0025959491679204486
0.0034891012134067737,1.0,5.01e-05,0.1,0.0,0.0006489872919801121,1.1884037575171436e-05,0.0
0.0034891012134067737,1.0,6.31e-05,0.1,6.666666666666667e-05,0.0006489872919801121,1.1884037575171436e-05,0.005191898335840897
0.0034891012134067737,1.0,7.94e-05,0.1,0.00013333333333333334,0.0006489872919801121,1.1884037575171436e-05,0.010383796671681794
0.0034891012134067737,1.0,0.0001,0.1,0.00013333333333333334,0.0006489872919801121,1.1884037575171436e-05,0.010383796671681794
0.0034891012134067737,1.0,0.000126,0.1,0.00016666666666666666,0.0006489872919801121,1.1884037575171436e-05,0.012979745839602243
0.0034891012134067737,1.0,0.000158,0.1,6.666666666666667e-05,0.0006489872919801121,1.1884037575171436e-05,0.005191898335840897
0.0034891012134067737,1.0,0.0002,0.1,0.00016666666666666666,0.0006489872919801121,1.1884037575171436e-05,0.012979745839602243
0.0034891012134067737,1.0,0.000251,0.1,0.0,0.0006489872919801121,1.1884037575171436e-05,0.0
0.0034891012134067737,1.0,0.000316,0.1,0.0,0.0006489872919801121,1.1884037575171436e-05,0.0
0.0034891012134067737,1.0,0.000398,0.1,0.0,0.0006489872919801121,1.1884037575171436e-05,0.0
0.0034891012134067737,1.0,0.000501,0.1,0.0,0.0006489872919801121,1.1884037575171436e-05,0.0
0.0034891012134067737,1.0,0.000631,0.1,0.0,0.0006489872919801121,1.1884037575171436e-05,0.0
0.0034891012134067737,1.0,0.000794,0.1,0.0,0.0006489872919801121,1.1884037575171436e-05,0.0
0.0034891012134067737,1.0,0.001,0.1,0.0,0.0006489872919801121,1.1884037575171436e-05,0.0
0.0034891012134067737,1.0,0.00126,0.1,0.0,0.0006489872919801121,1.1884037575171436e-05,0.0
0.0034891012134067737,1.0,0.00158,0.1,0.0,0.0006489872919801121,1.1884037575171436e-05,0.0
0.0034891012134067737,1.0,0.002,0.1,0.0,0.0006489872919801121,1.1884037575171436e-05,0.0
0.0034891012134067737,1.0,0.00251,0.1,0.0,0.0006489872919801121,1.1884037575171436e-05,0.0
0.0034891012134067737,1.0,0.00316,0.1,0.0,0.0006489872919801121,1.1884037575171436e-05,0.0
0.0034891012134067737,1.0,0.00398,0.1,0.0,0.0006489872919801121,1.1884037575171436e-05,0.0
0.0034891012134067737,1.0,0.00501,0.1,0.0,0.0006489872919801121,1.1884037575171436e-05,0.0
0.0034891012134067737,1.0,0.00631,0.1,0.0,0.0006489872919801121,1.1884037575171436e-05,0.0
0.0036543830709572546,1.0,1e-06,0.1,0.0,0.000711929021757627,1.3036605415814447e-05,0.0
0.0036543830709572546,1.0,1.26e-06,0.1,0.0,0.000711929021757627,1.3036605415814447e-05,0.0
0.0036543830709572546,1.0,1.58e-06,0.1,0.0,0.000711929021757627,1.3036605415814447e-05,0.0
0.0036543830709572546,1.0,2e-06,0.1,0.0,0.000711929021757627,1.3036605415814447e-05,0.0
0.0036543830709572546,1.0,2.51e-06,0.1,0.0,0.000711929021757627,1.3036605415814447e-05,0.0
0.0036543830709572546,1.0,3.16e-06,0.1,0.0,0.000711929021757627,1.3036605415814447e-05,0.0
0.0036543830709572546,1.0,3.98e-06,0.1,0.0,0.000711929021757627,1.3036605415814447e-05,0.0
0.0036543830709572546,1.0,5.01e-06,0.1,0.0,0.000711929021757627,1.3036605415814447e-05,0.0
0.0036543830709572546,1.0,6.31e-06,0.1,0.0,0.000711929021757627,1.3036605415814447e-05,0.0
0.0036543830709572546,1.0,7.94e-06,0.1,0.0,0.000711929021757627,1.3036605415814447e-05,0.0
0.0036543830709572546,1.0,1e-05,0.1,0.0,0.000711929021757627,1.3036605415814447e-05,0.0
0.0036543830709572546,1.0,1.26e-05,0.1,0.0,0.000711929021757627,1.3036605415814447e-05,0.0
0.0036543830709572546,1.0,1.58e-05,0.1,0.0,0.000711929021757627,1.3036605415814447e-05,0.0
0.0036543830709572546,1.0,2e-05,0.1,3.3333333333333335e-05,0.000711929021757627,1.3036605415814447e-05,0.0028477160870305084
0.0036543830709572546,1.0,2.51e-05,0.1,3.3333333333333335e-05,0.000711929021757627,1.3036605415814447e-05,0.0028477160870305084
0.0036543830709572546,1.0,3.16e-05,0.1,0.0,0.000711929021757627,1.3036605415814447e-05,0.0
0.0036543830709572546,1.0,3.98e-05,0.1,3.3333333333333335e-05,0.000711929021757627,1.3036605415814447e-05,0.0028477160870305084
0.0036543830709572546,1.0,5.01e-05,0.1,0.0,0.000711929021757627,1.3036605415814447e-05,0.0
0.0036543830709572546,1.0,6.31e-05,0.1,6.666666666666667e-05,0.000711929021757627,1.3036605415814447e-05,0.005695432174061017
0.0036543830709572546,1.0,7.94e-05,0.1,0.00013333333333333334,0.000711929021757627,1.3036605415814447e-05,0.011390864348122033
0.0036543830709572546,1.0,0.0001,0.1,0.00013333333333333334,0.000711929021757627,1.3036605415814447e-05,0.011390864348122033
0.0036543830709572546,1.0,0.000126,0.1,0.00016666666666666666,0.000711929021757627,1.3036605415814447e-05,0.01423858043515254
0.0036543830709572546,1.0,0.000158,0.1,6.666666666666667e-05,0.000711929021757627,1.3036605415814447e-05,0.005695432174061017
0.0036543830709572546,1.0,0.0002,0.1,0.00016666666666666666,0.000711929021757627,1.3036605415814447e-05,0.01423858043515254
0.0036543830709572546,1.0,0.000251,0.1,0.0,0.000711929021757627,1.3036605415814447e-05,0.0
0.0036543830709572546,1.0,0.000316,0.1,0.0,0.000711929021757627,1.3036605415814447e-05,0.0
0.0036543830709572546,1.0,0.000398,0.1,0.0,0.000711929021757627,1.3036605415814447e-05,0.0
0.0036543830709572546,1.0,0.000501,0.1,0.0,0.000711929021757627,1.3036605415814447e-05,0.0
0.0036543830709572546,1.0,0.000631,0.1,0.0,0.000711929021757627,1.3036605415814447e-05,0.0
0.0036543830709572546,1.0,0.000794,0.1,0.0,0.000711929021757627,1.3036605415814447e-05,0.0
0.0036543830709572546,1.0,0.001,0.1,0.0,0.000711929021757627,1.3036605415814447e-05,0.0
0.0036543830709572546,1.0,0.00126,0.1,0.0,0.000711929021757627,1.3036605415814447e-05,0.0
0.0036543830709572546,1.0,0.00158,0.1,0.0,0.000711929021757627,1.3036605415814447e-05,0.0
0.0036543830709572546,1.0,0.002,0.1,0.0,0.000711929021757627,1.3036605415814447e-05,0.0
0.0036543830709572546,1.0,0.00251,0.1,0.0,0.000711929021757627,1.3036605415814447e-05,0.0
0.0036543830709572546,1.0,0.00316,0.1,0.0,0.000711929021757627,1.3036605415814447e-05,0.0
0.0036543830709572546,1.0,0.00398,0.1,0.0,0.000711929021757627,1.3036605415814447e-05,0.0
0.0036543830709572546,1.0,0.00501,0.1,0.0,0.000711929021757627,1.3036605415814447e-05,0.0
0.0036543830709572546,1.0,0.00631,0.1,0.0,0.000711929021757627,1.3036605415814447e-05,0.0
0.003827494478516311,1.0,1e-06,0.1,0.0,0.0007809750385375787,1.4300952912242788e-05,0.0
0.003827494478516311,1.0,1.26e-06,0.1,0.0,0.0007809750385375787,1.4300952912242788e-05,0.0
0.003827494478516311,1.0,1.58e-06,0.1,0.0,0.0007809750385375787,1.4300952912242788e-05,0.0
0.003827494478516311,1.0,2e-06,0.1,0.0,0.0007809750385375787,1.4300952912242788e-05,0.0
0.003827494478516311,1.0,2.51e-06,0.1,0.0,0.0007809750385375787,1.4300952912242788e-05,0.0
0.003827494478516311,1.0,3.16e-06,0.1,0.0,0.0007809750385375787,1.4300952912242788e-05,0.0
0.003827494478516311,1.0,3.98e-06,0.1,0.0,0.0007809750385375787,1.4300952912242788e-05,0.0
0.003827494478516311,1.0,5.01e-06,0.1,0.0,0.0007809750385375787,1.4300952912242788e-05,0.0
0.003827494478516311,1.0,6.31e-06,0.1,0.0,0.0007809750385375787,1.4300952912242788e-05,0.0
0.003827494478516311,1.0,7.94e-06,0.1,0.0,0.0007809750385375787,1.4300952912242788e-05,0.0
0.003827494478516311,1.0,1e-05,0.1,0.0,0.0007809750385375787,1.4300952912242788e-05,0.0
0.003827494478516311,1.0,1.26e-05,0.1,0.0,0.0007809750385375787,1.4300952912242788e-05,0.0
0.003827494478516311,1.0,1.58e-05,0.1,0.0,0.0007809750385375787,1.4300952912242788e-05,0.0
0.003827494478516311,1.0,2e-05,0.1,3.3333333333333335e-05,0.0007809750385375787,1.4300952912242788e-05,0.003123900154150315
0.003827494478516311,1.0,2.51e-05,0.1,3.3333333333333335e-05,0.0007809750385375787,1.4300952912242788e-05,0.003123900154150315
0.003827494478516311,1.0,3.16e-05,0.1,0.0,0.0007809750385375787,1.4300952912242788e-05,0.0
0.003827494478516311,1.0,3.98e-05,0.1,3.3333333333333335e-05,0.0007809750385375787,1.4300952912242788e-05,0.003123900154150315
0.003827494478516311,1.0,5.01e-05,0.1,0.0,0.0007809750385375787,1.4300952912242788e-05,0.0
0.003827494478516311,1.0,6.31e-05,0.1,6.666666666666667e-05,0.0007809750385375787,1.4300952912242788e-05,0.00624780030830063
0.003827494478516311,1.0,7.94e-05,0.1,0.00013333333333333334,0.0007809750385375787,1.4300952912242788e-05,0.01249560061660126
0.003827494478516311,1.0,0.0001,0.1,0.00013333333333333334,0.0007809750385375787,1.4300952912242788e-05,0.01249560061660126
0.003827494478516311,1.0,0.000126,0.1,0.00016666666666666666,0.0007809750385375787,1.4300952912242788e-05,0.015619500770751575
0.003827494478516311,1.0,0.000158,0.1,6.666666666666667e-05,0.0007809750385375787,1.4300952912242788e-05,0.00624780030830063
0.003827494478516311,1.0,0.0002,0.1,0.00016666666666666666,0.0007809750385375787,1.4300952912242788e-05,0.015619500770751575
0.003827494478516311,1.0,0.000251,0.1,0.0,0.0007809750385375787,1.4300952912242788e-05,0.0
0.003827494478516311,1.0,0.000316,0.1,0.0,0.0007809750385375787,1.4300952912242788e-05,0.0
0.003827494478516311,1.0,0.000398,0.1,0.0,0.0007809750385375787,1.4300952912242788e-05,0.0
0.003827494478516311,1.0,0.000501,0.1,0.0,0.0007809750385375787,1.4300952912242788e-05,0.0
0.003827494478516311,1.0,0.000631,0.1,0.0,0.0007809750385375787,1.4300952912242788e-05,0.0
0.003827494478516311,1.0,0.000794,0.1,0.0,0.0007809750385375787,1.4300952912242788e-05,0.0
0.003827494478516311,1.0,0.001,0.1,0.0,0.0007809750385375787,1.4300952912242788e-05,0.0
0.003827494478516311,1.0,0.00126,0.1,0.0,0.0007809750385375787,1.4300952912242788e-05,0.0
0.003827494478516311,1.0,0.00158,0.1,0.0,0.0007809750385375787,1.4300952912242788e-05,0.0
0.003827494478516311,1.0,0.002,0.1,0.0,0.0007809750385375787,1.4300952912242788e-05,0.0
0.003827494478516311,1.0,0.00251,0.1,0.0,0.0007809750385375787,1.4300952912242788e-05,0.0
0.003827494478516311,1.0,0.00316,0.1,0.0,0.0007809750385375787,1.4300952912242788e-05,0.0
0.003827494478516311,1.0,0.00398,0.1,0.0,0.0007809750385375787,1.4300952912242788e-05,0.0
0.003827494478516311,1.0,0.00501,0.1,0.0,0.0007809750385375787,1.4300952912242788e-05,0.0
0.003827494478516311,1.0,0.00631,0.1,0.0,0.0007809750385375787,1.4300952912242788e-05,0.0
0.004008806328898464,1.0,1e-06,0.1,0.0,0.0008567173375263762,1.568792048207977e-05,0.0
0.004008806328898464,1.0,1.26e-06,0.1,0.0,0.0008567173375263762,1.568792048207977e-05,0.0
0.004008806328898464,1.0,1.58e-06,0.1,0.0,0.0008567173375263762,1.568792048207977e-05,0.0
0.004008806328898464,1.0,2e-06,0.1,0.0,0.0008567173375263762,1.568792048207977e-05,0.0
0.004008806328898464,1.0,2.51e-06,0.1,0.0,0.0008567173375263762,1.568792048207977e-05,0.0
0.004008806328898464,1.0,3.16e-06,0.1,0.0,0.0008567173375263762,1.568792048207977e-05,0.0
0.004008806328898464,1.0,3.98e-06,0.1,0.0,0.0008567173375263762,1.568792048207977e-05,0.0
0.004008806328898464,1.0,5.01e-06,0.1,0.0,0.0008567173375263762,1.568792048207977e-05,0.0
0.004008806328898464,1.0,6.31e-06,0.1,0.0,0.0008567173375263762,1.568792048207977e-05,0.0
0.004008806328898464,1.0,7.94e-06,0.1,0.0,0.0008567173375263762,1.568792048207977e-05,0.0
0.004008806328898464,1.0,1e-05,0.1,0.0,0.0008567173375263762,1.568792048207977e-05,0.0
0.004008806328898464,1.0,1.26e-05,0.1,0.0,0.0008567173375263762,1.568792048207977e-05,0.0
0.004008806328898464,1.0,1.58e-05,0.1,0.0,0.0008567173375263762,1.568792048207977e-05,0.0
0.004008806328898464,1.0,2e-05,0.1,3.3333333333333335e-05,0.0008567173375263762,1.568792048207977e-05,0.003426869350105505
0.004008806328898464,1.0,2.51e-05,0.1,3.3333333333333335e-05,0.0008567173375263762,1.568792048207977e-05,0.003426869350105505
0.004008806328898464,1.0,3.16e-05,0.1,0.0,0.0008567173375263762,1.568792048207977e-05,0.0
0.004008806328898464,1.0,3.98e-05,0.1,3.3333333333333335e-05,0.0008567173375263762,1.568792048207977e-05,0.003426869350105505
0.004008806328898464,1.0,5.01e-05,0.1,0.0,0.0008567173375263762,1.568792048207977e-05,0.0
0.004008806328898464,1.0,6.31e-05,0.1,6.666666666666667e-05,0.0008567173375263762,1.568792048207977e-05,0.00685373870021101
0.004008806328898464,1.0,7.94e-05,0.1,0.00013333333333333334,0.0008567173375263762,1.568792048207977e-05,0.01370747740042202
0.004008806328898464,1.0,0.0001,0.1,0.00013333333333333334,0.0008567173375263762,1.568792048207977e-05,0.01370747740042202
0.004008806328898464,1.0,0.000126,0.1,0.00016666666666666666,0.0008567173375263762,1.568792048207977e-05,0.017134346750527524
0.004008806328898464,1.0,0.000158,0.1,6.666666666666667e-05,0.0008567173375263762,1.568792048207977e-05,0.00685373870021101
0.004008806328898464,1.0,0.0002,0.1,0.00016666666666666666,0.0008567173375263762,1.568792048207977e-05,0.017134346750527524
0.004008806328898464,1.0,0.000251,0.1,0.0,0.0008567173375263762,1.568792048207977e-05,0.0
0.004008806328898464,1.0,0.000316,0.1,0.0,0.0008567173375263762,1.568792048207977e-05,0.0
0.004008806328898464,1.0,0.000398,0.1,0.0,0.0008567173375263762,1.568792048207977e-05,0.0
0.004008806328898464,1.0,0.000501,0.1,0.0,0.0008567173375263762,1.568792048207977e-05,0.0
0.004008806328898464,1.0,0.000631,0.1,0.0,0.0008567173375263762,1.568792048207977e-05,0.0
0.004008806328898464,1.0,0.000794,0.1,0.0,0.0008567173375263762,1.568792048207977e-05,0.0
0.004008806328898464,1.0,0.001,0.1,0.0,0.0008567173375263762,1.568792048207977e-05,0.0
0.004008806328898464,1.0,0.00126,0.1,0.0,0.0008567173375263762,1.568792048207977e-05,0.0
0.004008806328898464,1.0,0.00158,0.1,0.0,0.0008567173375263762,1.568792048207977e-05,0.0
0.004008806328898464,1.0,0.002,0.1,0.0,0.0008567173375263762,1.568792048207977e-05,0.0
0.004008806328898464,1.0,0.00251,0.1,0.0,0.0008567173375263762,1.568792048207977e-05,0.0
0.004008806328898464,1.0,0.00316,0.1,0.0,0.0008567173375263762,1.568792048207977e-05,0.0
0.004008806328898464,1.0,0.00398,0.1,0.0,0.0008567173375263762,1.568792048207977e-05,0.0
0.004008806328898464,1.0,0.00501,0.1,0.0,0.0008567173375263762,1.568792048207977e-05,0.0
0.004008806328898464,1.0,0.00631,0.1,0.0,0.0008567173375263762,1.568792048207977e-05,0.0
0.00419870708444391,1.0,1e-06,0.1,0.0,0.0009398053221556583,1.720939978311039e-05,0.0
0.00419870708444391,1.0,1.26e-06,0.1,0.0,0.0009398053221556583,1.720939978311039e-05,0.0
0.00419870708444391,1.0,1.58e-06,0.1,0.0,0.0009398053221556583,1.720939978311039e-05,0.0
0.00419870708444391,1.0,2e-06,0.1,0.0,0.0009398053221556583,1.720939978311039e-05,0.0
0.00419870708444391,1.0,2.51e-06,0.1,0.0,0.0009398053221556583,1.720939978311039e-05,0.0
0.00419870708444391,1.0,3.16e-06,0.1,0.0,0.0009398053221556583,1.720939978311039e-05,0.0
0.00419870708444391,1.0,3.98e-06,0.1,0.0,0.0009398053221556583,1.720939978311039e-05,0.0
0.00419870708444391,1.0,5.01e-06,0.1,0.0,0.0009398053221556583,1.720939978311039e-05,0.0
0.00419870708444391,1.0,6.31e-06,0.1,0.0,0.0009398053221556583,1.720939978311039e-05,0.0
0.00419870708444391,1.0,7.94e-06,0.1,0.0,0.0009398053221556583,1.720939978311039e-05,0.0
0.00419870708444391,1.0,1e-05,0.1,0.0,0.0009398053221556583,1.720939978311039e-05,0.0
0.00419870708444391,1.0,1.26e-05,0.1,0.0,0.0009398053221556583,1.720939978311039e-05,0.0
0.00419870708444391,1.0,1.58e-05,0.1,0.0,0.0009398053221556583,1.720939978311039e-05,0.0
0.00419870708444391,1.0,2e-05,0.1,3.3333333333333335e-05,0.0009398053221556583,1.720939978311039e-05,0.0037592212886226337
0.00419870708444391,1.0,2.51e-05,0.1,3.3333333333333335e-05,0.0009398053221556583,1.720939978311039e-05,0.0037592212886226337
0.00419870708444391,1.0,3.16e-05,0.1,0.0,0.0009398053221556583,1.720939978311039e-05,0.0
0.00419870708444391,1.0,3.98e-05,0.1,3.3333333333333335e-05,0.0009398053221556583,1.720939978311039e-05,0.0037592212886226337
0.00419870708444391,1.0,5.01e-05,0.1,0.0,0.0009398053221556583,1.720939978311039e-05,0.0
0.00419870708444391,1.0,6.31e-05,0.1,6.666666666666667e-05,0.0009398053221556583,1.720939978311039e-05,0.007518442577245267
0.00419870708444391,1.0,7.94e-05,0.1,0.00013333333333333334,0.0009398053221556583,1.720939978311039e-05,0.015036885154490535
0.00419870708444391,1.0,0.0001,0.1,0.00013333333333333334,0.0009398053221556583,1.720939978311039e-05,0.015036885154490535
0.00419870708444391,1.0,0.000126,0.1,0.00016666666666666666,0.0009398053221556583,1.720939978311039e-05,0.018796106443113168
0.00419870708444391,1.0,0.000158,0.1,6.666666666666667e-05,0.0009398053221556583,1.720939978311039e-05,0.007518442577245267
0.00419870708444391,1.0,0.0002,0.1,0.00016666666666666666,0.0009398053221556583,1.720939978311039e-05,0.018796106443113168
0.00419870708444391,1.0,0.000251,0.1,0.0,0.0009398053221556583,1.720939978311039e-05,0.0
0.00419870708444391,1.0,0.000316,0.1,0.0,0.0009398053221556583,1.720939978311039e-05,0.0
0.00419870708444391,1.0,0.000398,0.1,0.0,0.0009398053221556583,1.720939978311039e-05,0.0
0.00419870708444391,1.0,0.000501,0.1,0.0,0.0009398053221556583,1.720939978311039e-05,0.0
0.00419870708444391,1.0,0.000631,0.1,0.0,0.0009398053221556583,1.720939978311039e-05,0.0
0.00419870708444391,1.0,0.000794,0.1,0.0,0.0009398053221556583,1.720939978311039e-05,0.0
0.00419870708444391,1.0,0.001,0.1,0.0,0.0009398053221556583,1.720939978311039e-05,0.0
0.00419870708444391,1.0,0.00126,0.1,0.0,0.0009398053221556583,1.720939978311039e-05,0.0
0.00419870708444391,1.0,0.00158,0.1,0.0,0.0009398053221556583,1.720939978311039e-05,0.0
0.00419870708444391,1.0,0.002,0.1,0.0,0.0009398053221556583,1.720939978311039e-05,0.0
0.00419870708444391,1.0,0.00251,0.1,0.0,0.0009398053221556583,1.720939978311039e-05,0.0
0.00419870708444391,1.0,0.00316,0.1,0.0,0.0009398053221556583,1.720939978311039e-05,0.0
0.00419870708444391,1.0,0.00398,0.1,0.0,0.0009398053221556583,1.720939978311039e-05,0.0
0.00419870708444391,1.0,0.00501,0.1,0.0,0.0009398053221556583,1.720939978311039e-05,0.0
0.00419870708444391,1.0,0.00631,0.1,0.0,0.0009398053221556583,1.720939978311039e-05,0.0
0.004397603609302721,1.0,1e-06,0.1,0.0,0.001030951370461142,1.8878435642943453e-05,0.0
0.004397603609302721,1.0,1.26e-06,0.1,0.0,0.001030951370461142,1.8878435642943453e-05,0.0
0.004397603609302721,1.0,1.58e-06,0.1,0.0,0.001030951370461142,1.8878435642943453e-05,0.0
0.004397603609302721,1.0,2e-06,0.1,0.0,0.001030951370461142,1.8878435642943453e-05,0.0
0.004397603609302721,1.0,2.51e-06,0.1,0.0,0.001030951370461142,1.8878435642943453e-05,0.0
0.004397603609302721,1.0,3.16e-06,0.1,0.0,0.001030951370461142,1.8878435642943453e-05,0.0
0.004397603609302721,1.0,3.98e-06,0.1,0.0,0.001030951370461142,1.8878435642943453e-05,0.0
0.004397603609302721,1.0,5.01e-06,0.1,0.0,0.001030951370461142,1.8878435642943453e-05,0.0
0.004397603609302721,1.0,6.31e-06,0.1,0.0,0.001030951370461142,1.8878435642943453e-05,0.0
0.004397603609302721,1.0,7.94e-06,0.1,0.0,0.001030951370461142,1.8878435642943453e-05,0.0
0.004397603609302721,1.0,1e-05,0.1,0.0,0.001030951370461142,1.8878435642943453e-05,0.0
0.004397603609302721,1.0,1.26e-05,0.1,0.0,0.001030951370461142,1.8878435642943453e-05,0.0
0.004397603609302721,1.0,1.58e-05,0.1,0.0,0.001030951370461142,1.8878435642943453e-05,0.0
0.004397603609302721,1.0,2e-05,0.1,3.3333333333333335e-05,0.001030951370461142,1.8878435642943453e-05,0.004123805481844568
0.004397603609302721,1.0,2.51e-05,0.1,3.3333333333333335e-05,0.001030951370461142,1.8878435642943453e-05,0.004123805481844568
0.004397603609302721,1.0,3.16e-05,0.1,0.0,0.001030951370461142,1.8878435642943453e-05,0.0
0.004397603609302721,1.0,3.98e-05,0.1,3.3333333333333335e-05,0.001030951370461142,1.8878435642943453e-05,0.004123805481844568
0.004397603609302721,1.0,5.01e-05,0.1,0.0,0.001030951370461142,1.8878435642943453e-05,0.0
0.004397603609302721,1.0,6.31e-05,0.1,6.666666666666667e-05,0.001030951370461142,1.8878435642943453e-05,0.008247610963689136
0.004397603609302721,1.0,7.94e-05,0.1,0.00013333333333333334,0.001030951370461142,1.8878435642943453e-05,0.016495221927378272
0.004397603609302721,1.0,0.0001,0.1,0.00013333333333333334,0.001030951370461142,1.8878435642943453e-05,0.016495221927378272
0.004397603609302721,1.0,0.000126,0.1,0.00016666666666666666,0.001030951370461142,1.8878435642943453e-05,0.02061902740922284
0.004397603609302721,1.0,0.000158,0.1,6.666666666666667e-05,0.001030951370461142,1.8878435642943453e-05,0.008247610963689136
0.004397603609302721,1.0,0.0002,0.1,0.00016666666666666666,0.001030951370461142,1.8878435642943453e-05,0.02061902740922284
0.004397603609302721,1.0,0.000251,0.1,0.0,0.001030951370461142,1.8878435642943453e-05,0.0
0.004397603609302721,1.0,0.000316,0.1,0.0,0.001030951370461142,1.8878435642943453e-05,0.0
0.004397603609302721,1.0,0.000398,0.1,0.0,0.001030951370461142,1.8878435642943453e-05,0.0
0.004397603609302721,1.0,0.000501,0.1,0.0,0.001030951370461142,1.8878435642943453e-05,0.0
0.004397603609302721,1.0,0.000631,0.1,0.0,0.001030951370461142,1.8878435642943453e-05,0.0
0.004397603609302721,1.0,0.000794,0.1,0.0,0.001030951370461142,1.8878435642943453e-05,0.0
0.004397603609302721,1.0,0.001,0.1,0.0,0.001030951370461142,1.8878435642943453e-05,0.0
0.004397603609302721,1.0,0.00126,0.1,0.0,0.001030951370461142,1.8878435642943453e-05,0.0
0.004397603609302721,1.0,0.00158,0.1,0.0,0.001030951370461142,1.8878435642943453e-05,0.0
0.004397603609302721,1.0,0.002,0.1,0.0,0.001030951370461142,1.8878435642943453e-05,0.0
0.004397603609302721,1.0,0.00251,0.1,0.0,0.001030951370461142,1.8878435642943453e-05,0.0
0.004397603609302721,1.0,0.00316,0.1,0.0,0.001030951370461142,1.8878435642943453e-05,0.0
0.004397603609302721,1.0,0.00398,0.1,0.0,0.001030951370461142,1.8878435642943453e-05,0.0
0.004397603609302721,1.0,0.00501,0.1,0.0,0.001030951370461142,1.8878435642943453e-05,0.0
0.004397603609302721,1.0,0.00631,0.1,0.0,0.001030951370461142,1.8878435642943453e-05,0.0
0.004605922041145104,1.0,1e-06,0.1,0.0,0.0011309369410357152,2.0709337869176255e-05,0.0
0.004605922041145104,1.0,1.26e-06,0.1,0.0,0.0011309369410357152,2.0709337869176255e-05,0.0
0.004605922041145104,1.0,1.58e-06,0.1,0.0,0.0011309369410357152,2.0709337869176255e-05,0.0
0.004605922041145104,1.0,2e-06,0.1,0.0,0.0011309369410357152,2.0709337869176255e-05,0.0
0.004605922041145104,1.0,2.51e-06,0.1,0.0,0.0011309369410357152,2.0709337869176255e-05,0.0
0.004605922041145104,1.0,3.16e-06,0.1,0.0,0.0011309369410357152,2.0709337869176255e-05,0.0
0.004605922041145104,1.0,3.98e-06,0.1,0.0,0.0011309369410357152,2.0709337869176255e-05,0.0
0.004605922041145104,1.0,5.01e-06,0.1,0.0,0.0011309369410357152,2.0709337869176255e-05,0.0
0.004605922041145104,1.0,6.31e-06,0.1,0.0,0.0011309369410357152,2.0709337869176255e-05,0.0
0.004605922041145104,1.0,7.94e-06,0.1,0.0,0.0011309369410357152,2.0709337869176255e-05,0.0
0.004605922041145104,1.0,1e-05,0.1,0.0,0.0011309369410357152,2.0709337869176255e-05,0.0
0.004605922041145104,1.0,1.26e-05,0.1,0.0,0.0011309369410357152,2.0709337869176255e-05,0.0
0.004605922041145104,1.0,1.58e-05,0.1,0.0,0.0011309369410357152,2.0709337869176255e-05,0.0
0.004605922041145104,1.0,2e-05,0.1,3.3333333333333335e-05,0.0011309369410357152,2.0709337869176255e-05,0.004523747764142861
0.004605922041145104,1.0,2.51e-05,0.1,3.3333333333333335e-05,0.0011309369410357152,2.0709337869176255e-05,0.004523747764142861
0.004605922041145104,1.0,3.16e-05,0.1,0.0,0.0011309369410357152,2.0709337869176255e-05,0.0
0.004605922041145104,1.0,3.98e-05,0.1,3.3333333333333335e-05,0.0011309369410357152,2.0709337869176255e-05,0.004523747764142861
0.004605922041145104,1.0,5.01e-05,0.1,0.0,0.0011309369410357152,2.0709337869176255e-05,0.0
0.004605922041145104,1.0,6.31e-05,0.1,6.666666666666667e-05,0.0011309369410357152,2.0709337869176255e-05,0.009047495528285722
0.004605922041145104,1.0,7.94e-05,0.1,0.00013333333333333334,0.0011309369410357152,2.0709337869176255e-05,0.018094991056571443
0.004605922041145104,1.0,0.0001,0.1,0.00013333333333333334,0.0011309369410357152,2.0709337869176255e-05,0.018094991056571443
0.004605922041145104,1.0,0.000126,0.1,0.00016666666666666666,0.0011309369410357152,2.0709337869176255e-05,0.022618738820714305
0.004605922041145104,1.0,0.000158,0.1,6.666666666666667e-05,0.0011309369410357152,2.0709337869176255e-05,0.009047495528285722
0.004605922041145104,1.0,0.0002,0.1,0.00016666666666666666,0.0011309369410357152,2.0709337869176255e-05,0.022618738820714305
0.004605922041145104,1.0,0.000251,0.1,0.0,0.0011309369410357152,2.0709337869176255e-05,0.0
0.004605922041145104,1.0,0.000316,0.1,0.0,0.0011309369410357152,2.0709337869176255e-05,0.0
0.004605922041145104,1.0,0.000398,0.1,0.0,0.0011309369410357152,2.0709337869176255e-05,0.0
0.004605922041145104,1.0,0.000501,0.1,0.0,0.0011309369410357152,2.0709337869176255e-05,0.0
0.004605922041145104,1.0,0.000631,0.1,0.0,0.0011309369410357152,2.0709337869176255e-05,0.0
0.004605922041145104,1.0,0.000794,0.1,0.0,0.0011309369410357152,2.0709337869176255e-05,0.0
0.004605922041145104,1.0,0.001,0.1,0.0,0.0011309369410357152,2.0709337869176255e-05,0.0
0.004605922041145104,1.0,0.00126,0.1,0.0,0.0011309369410357152,2.0709337869176255e-05,0.0
0.004605922041145104,1.0,0.00158,0.1,0.0,0.0011309369410357152,2.0709337869176255e-05,0.0
0.004605922041145104,1.0,0.002,0.1,0.0,0.0011309369410357152,2.0709337869176255e-05,0.0
0.004605922041145104,1.0,0.00251,0.1,0.0,0.0011309369410357152,2.0709337869176255e-05,0.0
0.004605922041145104,1.0,0.00316,0.1,0.0,0.0011309369410357152,2.0709337869176255e-05,0.0
0.004605922041145104,1.0,0.00398,0.1,0.0,0.0011309369410357152,2.0709337869176255e-05,0.0
0.004605922041145104,1.0,0.00501,0.1,0.0,0.0011309369410357152,2.0709337869176255e-05,0.0
0.004605922041145104,1.0,0.00631,0.1,0.0,0.0011309369410357152,2.0709337869176255e-05,0.0
0.004824108704165369,1.0,1e-06,0.1,0.0,0.0012406192708297686,2.2717803897267327e-05,0.0
0.004824108704165369,1.0,1.26e-06,0.1,0.0,0.0012406192708297686,2.2717803897267327e-05,0.0
0.004824108704165369,1.0,1.58e-06,0.1,0.0,0.0012406192708297686,2.2717803897267327e-05,0.0
0.004824108704165369,1.0,2e-06,0.1,0.0,0.0012406192708297686,2.2717803897267327e-05,0.0
0.004824108704165369,1.0,2.51e-06,0.1,0.0,0.0012406192708297686,2.2717803897267327e-05,0.0
0.004824108704165369,1.0,3.16e-06,0.1,0.0,0.0012406192708297686,2.2717803897267327e-05,0.0
0.004824108704165369,1.0,3.98e-06,0.1,0.0,0.0012406192708297686,2.2717803897267327e-05,0.0
0.004824108704165369,1.0,5.01e-06,0.1,0.0,0.0012406192708297686,2.2717803897267327e-05,0.0
0.004824108704165369,1.0,6.31e-06,0.1,0.0,0.0012406192708297686,2.2717803897267327e-05,0.0
0.004824108704165369,1.0,7.94e-06,0.1,0.0,0.0012406192708297686,2.2717803897267327e-05,0.0
0.004824108704165369,1.0,1e-05,0.1,0.0,0.0012406192708297686,2.2717803897267327e-05,0.0
0.004824108704165369,1.0,1.26e-05,0.1,0.0,0.0012406192708297686,2.2717803897267327e-05,0.0
0.004824108704165369,1.0,1.58e-05,0.1,0.0,0.0012406192708297686,2.2717803897267327e-05,0.0
0.004824108704165369,1.0,2e-05,0.1,3.3333333333333335e-05,0.0012406192708297686,2.2717803897267327e-05,0.004962477083319076
0.004824108704165369,1.0,2.51e-05,0.1,3.3333333333333335e-05,0.0012406192708297686,2.2717803897267327e-05,0.004962477083319076
0.004824108704165369,1.0,3.16e-05,0.1,0.0,0.0012406192708297686,2.2717803897267327e-05,0.0
0.004824108704165369,1.0,3.98e-05,0.1,3.3333333333333335e-05,0.0012406192708297686,2.2717803897267327e-05,0.004962477083319076
0.004824108704165369,1.0,5.01e-05,0.1,0.0,0.0012406192708297686,2.2717803897267327e-05,0.0
0.004824108704165369,1.0,6.31e-05,0.1,6.666666666666667e-05,0.0012406192708297686,2.2717803897267327e-05,0.009924954166638153
0.004824108704165369,1.0,7.94e-05,0.1,0.00013333333333333334,0.0012406192708297686,2.2717803897267327e-05,0.019849908333276305
0.004824108704165369,1.0,0.0001,0.1,0.00013333333333333334,0.0012406192708297686,2.2717803897267327e-05,0.019849908333276305
0.004824108704165369,1.0,0.000126,0.1,0.00016666666666666666,0.0012406192708297686,2.2717803897267327e-05,0.024812385416595376
0.004824108704165369,1.0,0.000158,0.1,6.666666666666667e-05,0.0012406192708297686,2.2717803897267327e-05,0.009924954166638153
0.004824108704165369,1.0,0.0002,0.1,0.00016666666666666666,0.0012406192708297686,2.2717803897267327e-05,0.024812385416595376
0.004824108704165369,1.0,0.000251,0.1,0.0,0.0012406192708297686,2.2717803897267327e-05,0.0
0.004824108704165369,1.0,0.000316,0.1,0.0,0.0012406192708297686,2.2717803897267327e-05,0.0
0.004824108704165369,1.0,0.000398,0.1,0.0,0.0012406192708297686,2.2717803897267327e-05,0.0
0.004824108704165369,1.0,0.000501,0.1,0.0,0.0012406192708297686,2.2717803897267327e-05,0.0
0.004824108704165369,1.0,0.000631,0.1,0.0,0.0012406192708297686,2.2717803897267327e-05,0.0
0.004824108704165369,1.0,0.000794,0.1,0.0,0.0012406192708297686,2.2717803897267327e-05,0.0
0.004824108704165369,1.0,0.001,0.1,0.0,0.0012406192708297686,2.2717803897267327e-05,0.0
0.004824108704165369,1.0,0.00126,0.1,0.0,0.0012406192708297686,2.2717803897267327e-05,0.0
0.004824108704165369,1.0,0.00158,0.1,0.0,0.0012406192708297686,2.2717803897267327e-05,0.0
0.004824108704165369,1.0,0.002,0.1,0.0,0.0012406192708297686,2.2717803897267327e-05,0.0
0.004824108704165369,1.0,0.00251,0.1,0.0,0.0012406192708297686,2.2717803897267327e-05,0.0
0.004824108704165369,1.0,0.00316,0.1,0.0,0.0012406192708297686,2.2717803897267327e-05,0.0
0.004824108704165369,1.0,0.00398,0.1,0.0,0.0012406192708297686,2.2717803897267327e-05,0.0
0.004824108704165369,1.0,0.00501,0.1,0.0,0.0012406192708297686,2.2717803897267327e-05,0.0
0.004824108704165369,1.0,0.00631,0.1,0.0,0.0012406192708297686,2.2717803897267327e-05,0.0
0.00505263106533568,1.0,1e-06,0.1,0.0,0.0013609387221296717,2.4921053325941618e-05,0.0
0.00505263106533568,1.0,1.26e-06,0.1,0.0,0.0013609387221296717,2.4921053325941618e-05,0.0
0.00505263106533568,1.0,1.58e-06,0.1,0.0,0.0013609387221296717,2.4921053325941618e-05,0.0
0.00505263106533568,1.0,2e-06,0.1,0.0,0.0013609387221296717,2.4921053325941618e-05,0.0
0.00505263106533568,1.0,2.51e-06,0.1,0.0,0.0013609387221296717,2.4921053325941618e-05,0.0
0.00505263106533568,1.0,3.16e-06,0.1,0.0,0.0013609387221296717,2.4921053325941618e-05,0.0
0.00505263106533568,1.0,3.98e-06,0.1,0.0,0.0013609387221296717,2.4921053325941618e-05,0.0
0.00505263106533568,1.0,5.01e-06,0.1,0.0,0.0013609387221296717,2.4921053325941618e-05,0.0
0.00505263106533568,1.0,6.31e-06,0.1,0.0,0.0013609387221296717,2.4921053325941618e-05,0.0
0.00505263106533568,1.0,7.94e-06,0.1,0.0,0.0013609387221296717,2.4921053325941618e-05,0.0
0.00505263106533568,1.0,1e-05,0.1,0.0,0.0013609387221296717,2.4921053325941618e-05,0.0
0.00505263106533568,1.0,1.26e-05,0.1,0.0,0.0013609387221296717,2.4921053325941618e-05,0.0
0.00505263106533568,1.0,1.58e-05,0.1,0.0,0.0013609387221296717,2.4921053325941618e-05,0.0
0.00505263106533568,1.0,2e-05,0.1,3.3333333333333335e-05,0.0013609387221296717,2.4921053325941618e-05,0.005443754888518688
0.00505263106533568,1.0,2.51e-05,0.1,3.3333333333333335e-05,0.0013609387221296717,2.4921053325941618e-05,0.005443754888518688
0.00505263106533568,1.0,3.16e-05,0.1,0.0,0.0013609387221296717,2.4921053325941618e-05,0.0
0.00505263106533568,1.0,3.98e-05,0.1,3.3333333333333335e-05,0.0013609387221296717,2.4921053325941618e-05,0.005443754888518688
0.00505263106533568,1.0,5.01e-05,0.1,0.0,0.0013609387221296717,2.4921053325941618e-05,0.0
0.00505263106533568,1.0,6.31e-05,0.1,6.666666666666667e-05,0.0013609387221296717,2.4921053325941618e-05,0.010887509777037375
0.00505263106533568,1.0,7.94e-05,0.1,0.00013333333333333334,0.0013609387221296717,2.4921053325941618e-05,0.02177501955407475
0.00505263106533568,1.0,0.0001,0.1,0.00013333333333333334,0.0013609387221296717,2.4921053325941618e-05,0.02177501955407475
0.00505263106533568,1.0,0.000126,0.1,0.00016666666666666666,0.0013609387221296717,2.4921053325941618e-05,0.027218774442593435
0.00505263106533568,1.0,0.000158,0.1,6.666666666666667e-05,0.0013609387221296717,2.4921053325941618e-05,0.010887509777037375
0.00505263106533568,1.0,0.0002,0.1,0.00016666666666666666,0.0013609387221296717,2.4921053325941618e-05,0.027218774442593435
0.00505263106533568,1.0,0.000251,0.1,0.0,0.0013609387221296717,2.4921053325941618e-05,0.0
0.00505263106533568,1.0,0.000316,0.1,0.0,0.0013609387221296717,2.4921053325941618e-05,0.0
0.00505263106533568,1.0,0.000398,0.1,0.0,0.0013609387221296717,2.4921053325941618e-05,0.0
0.00505263106533568,1.0,0.000501,0.1,0.0,0.0013609387221296717,2.4921053325941618e-05,0.0
0.00505263106533568,1.0,0.000631,0.1,0.0,0.0013609387221296717,2.4921053325941618e-05,0.0
0.00505263106533568,1.0,0.000794,0.1,0.0,0.0013609387221296717,2.4921053325941618e-05,0.0
0.00505263106533568,1.0,0.001,0.1,0.0,0.0013609387221296717,2.4921053325941618e-05,0.0
0.00505263106533568,1.0,0.00126,0.1,0.0,0.0013609387221296717,2.4921053325941618e-05,0.0
0.00505263106533568,1.0,0.00158,0.1,0.0,0.0013609387221296717,2.4921053325941618e-05,0.0
0.00505263106533568,1.0,0.002,0.1,0.0,0.0013609387221296717,2.4921053325941618e-05,0.0
0.00505263106533568,1.0,0.00251,0.1,0.0,0.0013609387221296717,2.4921053325941618e-05,0.0
0.00505263106533568,1.0,0.00316,0.1,0.0,0.0013609387221296717,2.4921053325941618e-05,0.0
0.00505263106533568,1.0,0.00398,0.1,0.0,0.0013609387221296717,2.4921053325941618e-05,0.0
0.00505263106533568,1.0,0.00501,0.1,0.0,0.0013609387221296717,2.4921053325941618e-05,0.0
0.00505263106533568,1.0,0.00631,0.1,0.0,0.0013609387221296717,2.4921053325941618e-05,0.0
0.005291978735958442,1.0,1e-06,0.1,0.0,0.0014929268415914386,2.733797549151142e-05,0.0
0.005291978735958442,1.0,1.26e-06,0.1,0.0,0.0014929268415914386,2.733797549151142e-05,0.0
0.005291978735958442,1.0,1.58e-06,0.1,0.0,0.0014929268415914386,2.733797549151142e-05,0.0
0.005291978735958442,1.0,2e-06,0.1,0.0,0.0014929268415914386,2.733797549151142e-05,0.0
0.005291978735958442,1.0,2.51e-06,0.1,0.0,0.0014929268415914386,2.733797549151142e-05,0.0
0.005291978735958442,1.0,3.16e-06,0.1,0.0,0.0014929268415914386,2.733797549151142e-05,0.0
0.005291978735958442,1.0,3.98e-06,0.1,0.0,0.0014929268415914386,2.733797549151142e-05,0.0
0.005291978735958442,1.0,5.01e-06,0.1,0.0,0.0014929268415914386,2.733797549151142e-05,0.0
0.005291978735958442,1.0,6.31e-06,0.1,0.0,0.0014929268415914386,2.733797549151142e-05,0.0
0.005291978735958442,1.0,7.94e-06,0.1,0.0,0.0014929268415914386,2.733797549151142e-05,0.0
0.005291978735958442,1.0,1e-05,0.1,0.0,0.0014929268415914386,2.733797549151142e-05,0.0
0.005291978735958442,1.0,1.26e-05,0.1,0.0,0.0014929268415914386,2.733797549151142e-05,0.0
0.005291978735958442,1.0,1.58e-05,0.1,0.0,0.0014929268415914386,2.733797549151142e-05,0.0
0.005291978735958442,1.0,2e-05,0.1,3.3333333333333335e-05,0.0014929268415914386,2.733797549151142e-05,0.005971707366365754
0.005291978735958442,1.0,2.51e-05,0.1,3.3333333333333335e-05,0.0014929268415914386,2.733797549151142e-05,0.005971707366365754
0.005291978735958442,1.0,3.16e-05,0.1,0.0,0.0014929268415914386,2.733797549151142e-05,0.0
0.005291978735958442,1.0,3.98e-05,0.1,3.3333333333333335e-05,0.0014929268415914386,2.733797549151142e-05,0.005971707366365754
0.005291978735958442,1.0,5.01e-05,0.1,0.0,0.0014929268415914386,2.733797549151142e-05,0.0
0.005291978735958442,1.0,6.31e-05,0.1,6.666666666666667e-05,0.0014929268415914386,2.733797549151142e-05,0.011943414732731509
0.005291978735958442,1.0,7.94e-05,0.1,0.00013333333333333334,0.0014929268415914386,2.733797549151142e-05,0.023886829465463017
0.005291978735958442,1.0,0.0001,0.1,0.00013333333333333334,0.0014929268415914386,2.733797549151142e-05,0.023886829465463017
0.005291978735958442,1.0,0.000126,0.1,0.00016666666666666666,0.0014929268415914386,2.733797549151142e-05,0.02985853683182877
0.005291978735958442,1.0,0.000158,0.1,6.666666666666667e-05,0.0014929268415914386,2.733797549151142e-05,0.011943414732731509
0.005291978735958442,1.0,0.0002,0.1,0.00016666666666666666,0.0014929268415914386,2.733797549151142e-05,0.02985853683182877
0.005291978735958442,1.0,0.000251,0.1,0.0,0.0014929268415914386,2.733797549151142e-05,0.0
0.005291978735958442,1.0,0.000316,0.1,0.0,0.0014929268415914386,2.733797549151142e-05,0.0
0.005291978735958442,1.0,0.000398,0.1,0.0,0.0014929268415914386,2.733797549151142e-05,0.0
0.005291978735958442,1.0,0.000501,0.1,0.0,0.0014929268415914386,2.733797549151142e-05,0.0
0.005291978735958442,1.0,0.000631,0.1,0.0,0.0014929268415914386,2.733797549151142e-05,0.0
0.005291978735958442,1.0,0.000794,0.1,0.0,0.0014929268415914386,2.733797549151142e-05,0.0
0.005291978735958442,1.0,0.001,0.1,0.0,0.0014929268415914386,2.733797549151142e-05,0.0
0.005291978735958442,1.0,0.00126,0.1,0.0,0.0014929268415914386,2.733797549151142e-05,0.0
0.005291978735958442,1.0,0.00158,0.1,0.0,0.0014929268415914386,2.733797549151142e-05,0.0
0.005291978735958442,1.0,0.002,0.1,0.0,0.0014929268415914386,2.733797549151142e-05,0.0
0.005291978735958442,1.0,0.00251,0.1,0.0,0.0014929268415914386,2.733797549151142e-05,0.0
0.005291978735958442,1.0,0.00316,0.1,0.0,0.0014929268415914386,2.733797549151142e-05,0.0
0.005291978735958442,1.0,0.00398,0.1,0.0,0.0014929268415914386,2.733797549151142e-05,0.0
0.005291978735958442,1.0,0.00501,0.1,0.0,0.0014929268415914386,2.733797549151142e-05,0.0
0.005291978735958442,1.0,0.00631,0.1,0.0,0.0014929268415914386,2.733797549151142e-05,0.0
0.005542664520663107,1.0,1e-06,0.1,0.0,0.0016377152002876494,2.9989291343850016e-05,0.0
0.005542664520663107,1.0,1.26e-06,0.1,0.0,0.0016377152002876494,2.9989291343850016e-05,0.0
0.005542664520663107,1.0,1.58e-06,0.1,0.0,0.0016377152002876494,2.9989291343850016e-05,0.0
0.005542664520663107,1.0,2e-06,0.1,0.0,0.0016377152002876494,2.9989291343850016e-05,0.0
0.005542664520663107,1.0,2.51e-06,0.1,0.0,0.0016377152002876494,2.9989291343850016e-05,0.0
0.005542664520663107,1.0,3.16e-06,0.1,0.0,0.0016377152002876494,2.9989291343850016e-05,0.0
0.005542664520663107,1.0,3.98e-06,0.1,0.0,0.0016377152002876494,2.9989291343850016e-05,0.0
0.005542664520663107,1.0,5.01e-06,0.1,0.0,0.0016377152002876494,2.9989291343850016e-05,0.0
0.005542664520663107,1.0,6.31e-06,0.1,0.0,0.0016377152002876494,2.9989291343850016e-05,0.0
0.005542664520663107,1.0,7.94e-06,0.1,0.0,0.0016377152002876494,2.9989291343850016e-05,0.0
0.005542664520663107,1.0,1e-05,0.1,0.0,0.0016377152002876494,2.9989291343850016e-05,0.0
0.005542664520663107,1.0,1.26e-05,0.1,0.0,0.0016377152002876494,2.9989291343850016e-05,0.0
0.005542664520663107,1.0,1.58e-05,0.1,0.0,0.0016377152002876494,2.9989291343850016e-05,0.0
0.005542664520663107,1.0,2e-05,0.1,3.3333333333333335e-05,0.0016377152002876494,2.9989291343850016e-05,0.006550860801150599
0.005542664520663107,1.0,2.51e-05,0.1,3.3333333333333335e-05,0.0016377152002876494,2.9989291343850016e-05,0.006550860801150599
0.005542664520663107,1.0,3.16e-05,0.1,0.0,0.0016377152002876494,2.9989291343850016e-05,0.0
0.005542664520663107,1.0,3.98e-05,0.1,3.3333333333333335e-05,0.0016377152002876494,2.9989291343850016e-05,0.006550860801150599
0.005542664520663107,1.0,5.01e-05,0.1,0.0,0.0016377152002876494,2.9989291343850016e-05,0.0
0.005542664520663107,1.0,6.31e-05,0.1,6.666666666666667e-05,0.0016377152002876494,2.9989291343850016e-05,0.013101721602301199
0.005542664520663107,1.0,7.94e-05,0.1,0.00013333333333333334,0.0016377152002876494,2.9989291343850016e-05,0.026203443204602397
0.005542664520663107,1.0,0.0001,0.1,0.00013333333333333334,0.0016377152002876494,2.9989291343850016e-05,0.026203443204602397
0.005542664520663107,1.0,0.000126,0.1,0.00016666666666666666,0.0016377152002876494,2.9989291343850016e-05,0.03275430400575299
0.005542664520663107,1.0,0.000158,0.1,6.666666666666667e-05,0.0016377152002876494,2.9989291343850016e-05,0.013101721602301199
0.005542664520663107,1.0,0.0002,0.1,0.00016666666666666666,0.0016377152002876494,2.9989291343850016e-05,0.03275430400575299
0.005542664520663107,1.0,0.000251,0.1,0.0,0.0016377152002876494,2.9989291343850016e-05,0.0
0.005542664520663107,1.0,0.000316,0.1,0.0,0.0016377152002876494,2.9989291343850016e-05,0.0
0.005542664520663107,1.0,0.000398,0.1,0.0,0.0016377152002876494,2.9989291343850016e-05,0.0
0.005542664520663107,1.0,0.000501,0.1,0.0,0.0016377152002876494,2.9989291343850016e-05,0.0
0.005542664520663107,1.0,0.000631,0.1,0.0,0.0016377152002876494,2.9989291343850016e-05,0.0
0.005542664520663107,1.0,0.000794,0.1,0.0,0.0016377152002876494,2.9989291343850016e-05,0.0
0.005542664520663107,1.0,0.001,0.1,0.0,0.0016377152002876494,2.9989291343850016e-05,0.0
0.005542664520663107,1.0,0.00126,0.1,0.0,0.0016377152002876494,2.9989291343850016e-05,0.0
0.005542664520663107,1.0,0.00158,0.1,0.0,0.0016377152002876494,2.9989291343850016e-05,0.0
0.005542664520663107,1.0,0.002,0.1,0.0,0.0016377152002876494,2.9989291343850016e-05,0.0
0.005542664520663107,1.0,0.00251,0.1,0.0,0.0016377152002876494,2.9989291343850016e-05,0.0
0.005542664520663107,1.0,0.00316,0.1,0.0,0.0016377152002876494,2.9989291343850016e-05,0.0
0.005542664520663107,1.0,0.00398,0.1,0.0,0.0016377152002876494,2.9989291343850016e-05,0.0
0.005542664520663107,1.0,0.00501,0.1,0.0,0.0016377152002876494,2.9989291343850016e-05,0.0
0.005542664520663107,1.0,0.00631,0.1,0.0,0.0016377152002876494,2.9989291343850016e-05,0.0
0.005805225516094896,1.0,1e-06,0.1,0.0,0.0017965450903931262,3.2897731008846846e-05,0.0
0.005805225516094896,1.0,1.26e-06,0.1,0.0,0.0017965450903931262,3.2897731008846846e-05,0.0
0.005805225516094896,1.0,1.58e-06,0.1,0.0,0.0017965450903931262,3.2897731008846846e-05,0.0
0.005805225516094896,1.0,2e-06,0.1,0.0,0.0017965450903931262,3.2897731008846846e-05,0.0
0.005805225516094896,1.0,2.51e-06,0.1,0.0,0.0017965450903931262,3.2897731008846846e-05,0.0
0.005805225516094896,1.0,3.16e-06,0.1,0.0,0.0017965450903931262,3.2897731008846846e-05,0.0
0.005805225516094896,1.0,3.98e-06,0.1,0.0,0.0017965450903931262,3.2897731008846846e-05,0.0
0.005805225516094896,1.0,5.01e-06,0.1,0.0,0.0017965450903931262,3.2897731008846846e-05,0.0
0.005805225516094896,1.0,6.31e-06,0.1,0.0,0.0017965450903931262,3.2897731008846846e-05,0.0
0.005805225516094896,1.0,7.94e-06,0.1,0.0,0.0017965450903931262,3.2897731008846846e-05,0.0
0.005805225516094896,1.0,1e-05,0.1,0.0,0.0017965450903931262,3.2897731008846846e-05,0.0
0.005805225516094896,1.0,1.26e-05,0.1,0.0,0.0017965450903931262,3.2897731008846846e-05,0.0
0.005805225516094896,1.0,1.58e-05,0.1,0.0,0.0017965450903931262,3.2897731008846846e-05,0.0
0.005805225516094896,1.0,2e-05,0.1,3.3333333333333335e-05,0.0017965450903931262,3.2897731008846846e-05,0.007186180361572506
0.005805225516094896,1.0,2.51e-05,0.1,3.3333333333333335e-05,0.0017965450903931262,3.2897731008846846e-05,0.007186180361572506
0.005805225516094896,1.0,3.16e-05,0.1,0.0,0.0017965450903931262,3.2897731008846846e-05,0.0
0.005805225516094896,1.0,3.98e-05,0.1,3.3333333333333335e-05,0.0017965450903931262,3.2897731008846846e-05,0.007186180361572506
0.005805225516094896,1.0,5.01e-05,0.1,0.0,0.0017965450903931262,3.2897731008846846e-05,0.0
0.005805225516094896,1.0,6.31e-05,0.1,6.666666666666667e-05,0.0017965450903931262,3.2897731008846846e-05,0.014372360723145012
0.005805225516094896,1.0,7.94e-05,0.1,0.00013333333333333334,0.0017965450903931262,3.2897731008846846e-05,0.028744721446290023
0.005805225516094896,1.0,0.0001,0.1,0.00013333333333333334,0.0017965450903931262,3.2897731008846846e-05,0.028744721446290023
0.005805225516094896,1.0,0.000126,0.1,0.00016666666666666666,0.0017965450903931262,3.2897731008846846e-05,0.03593090180786253
0.005805225516094896,1.0,0.000158,0.1,6.666666666666667e-05,0.0017965450903931262,3.2897731008846846e-05,0.014372360723145012
0.005805225516094896,1.0,0.0002,0.1,0.00016666666666666666,0.0017965450903931262,3.2897731008846846e-05,0.03593090180786253
0.005805225516094896,1.0,0.000251,0.1,0.0,0.0017965450903931262,3.2897731008846846e-05,0.0
0.005805225516094896,1.0,0.000316,0.1,0.0,0.0017965450903931262,3.2897731008846846e-05,0.0
0.005805225516094896,1.0,0.000398,0.1,0.0,0.0017965450903931262,3.2897731008846846e-05,0.0
0.005805225516094896,1.0,0.000501,0.1,0.0,0.0017965450903931262,3.2897731008846846e-05,0.0
0.005805225516094896,1.0,0.000631,0.1,0.0,0.0017965450903931262,3.2897731008846846e-05,0.0
0.005805225516094896,1.0,0.000794,0.1,0.0,0.0017965450903931262,3.2897731008846846e-05,0.0
0.005805225516094896,1.0,0.001,0.1,0.0,0.0017965450903931262,3.2897731008846846e-05,0.0
0.005805225516094896,1.0,0.00126,0.1,0.0,0.0017965450903931262,3.2897731008846846e-05,0.0
0.005805225516094896,1.0,0.00158,0.1,0.0,0.0017965450903931262,3.2897731008846846e-05,0.0
0.005805225516094896,1.0,0.002,0.1,0.0,0.0017965450903931262,3.2897731008846846e-05,0.0
0.005805225516094896,1.0,0.00251,0.1,0.0,0.0017965450903931262,3.2897731008846846e-05,0.0
0.005805225516094896,1.0,0.00316,0.1,0.0,0.0017965450903931262,3.2897731008846846e-05,0.0
0.005805225516094896,1.0,0.00398,0.1,0.0,0.0017965450903931262,3.2897731008846846e-05,0.0
0.005805225516094896,1.0,0.00501,0.1,0.0,0.0017965450903931262,3.2897731008846846e-05,0.0
0.005805225516094896,1.0,0.00631,0.1,0.0,0.0017965450903931262,3.2897731008846846e-05,0.0
0.006080224261649427,1.0,1e-06,0.1,0.0,0.0019707781614447402,3.608822855602894e-05,0.0
0.006080224261649427,1.0,1.26e-06,0.1,0.0,0.0019707781614447402,3.608822855602894e-05,0.0
0.006080224261649427,1.0,1.58e-06,0.1,0.0,0.0019707781614447402,3.608822855602894e-05,0.0
0.006080224261649427,1.0,2e-06,0.1,0.0,0.0019707781614447402,3.608822855602894e-05,0.0
0.006080224261649427,1.0,2.51e-06,0.1,0.0,0.0019707781614447402,3.608822855602894e-05,0.0
0.006080224261649427,1.0,3.16e-06,0.1,0.0,0.0019707781614447402,3.608822855602894e-05,0.0
0.006080224261649427,1.0,3.98e-06,0.1,0.0,0.0019707781614447402,3.608822855602894e-05,0.0
0.006080224261649427,1.0,5.01e-06,0.1,0.0,0.0019707781614447402,3.608822855602894e-05,0.0
0.006080224261649427,1.0,6.31e-06,0.1,0.0,0.0019707781614447402,3.608822855602894e-05,0.0
0.006080224261649427,1.0,7.94e-06,0.1,0.0,0.0019707781614447402,3.608822855602894e-05,0.0
0.006080224261649427,1.0,1e-05,0.1,0.0,0.0019707781614447402,3.608822855602894e-05,0.0
0.006080224261649427,1.0,1.26e-05,0.1,0.0,0.0019707781614447402,3.608822855602894e-05,0.0
0.006080224261649427,1.0,1.58e-05,0.1,0.0,0.0019707781614447402,3.608822855602894e-05,0.0
0.006080224261649427,1.0,2e-05,0.1,3.3333333333333335e-05,0.0019707781614447402,3.608822855602894e-05,0.007883112645778963
0.006080224261649427,1.0,2.51e-05,0.1,3.3333333333333335e-05,0.0019707781614447402,3.608822855602894e-05,0.007883112645778963
0.006080224261649427,1.0,3.16e-05,0.1,0.0,0.0019707781614447402,3.608822855602894e-05,0.0
0.006080224261649427,1.0,3.98e-05,0.1,3.3333333333333335e-05,0.0019707781614447402,3.608822855602894e-05,0.007883112645778963
0.006080224261649427,1.0,5.01e-05,0.1,0.0,0.0019707781614447402,3.608822855602894e-05,0.0
0.006080224261649427,1.0,6.31e-05,0.1,6.666666666666667e-05,0.0019707781614447402,3.608822855602894e-05,0.015766225291557925
0.006080224261649427,1.0,7.94e-05,0.1,0.00013333333333333334,0.0019707781614447402,3.608822855602894e-05,0.03153245058311585
0.006080224261649427,1.0,0.0001,0.1,0.00013333333333333334,0.0019707781614447402,3.608822855602894e-05,0.03153245058311585
0.006080224261649427,1.0,0.000126,0.1,0.00016666666666666666,0.0019707781614447402,3.608822855602894e-05,0.03941556322889481
0.006080224261649427,1.0,0.000158,0.1,6.666666666666667e-05,0.0019707781614447402,3.608822855602894e-05,0.015766225291557925
0.006080224261649427,1.0,0.0002,0.1,0.00016666666666666666,0.0019707781614447402,3.608822855602894e-05,0.03941556322889481
0.006080224261649427,1.0,0.000251,0.1,0.0,0.0019707781614447402,3.608822855602894e-05,0.0
0.006080224261649427,1.0,0.000316,0.1,0.0,0.0019707781614447402,3.608822855602894e-05,0.0
0.006080224261649427,1.0,0.000398,0.1,0.0,0.0019707781614447402,3.608822855602894e-05,0.0
0.006080224261649427,1.0,0.000501,0.1,0.0,0.0019707781614447402,3.608822855602894e-05,0.0
0.006080224261649427,1.0,0.000631,0.1,0.0,0.0019707781614447402,3.608822855602894e-05,0.0
0.006080224261649427,1.0,0.000794,0.1,0.0,0.0019707781614447402,3.608822855602894e-05,0.0
0.006080224261649427,1.0,0.001,0.1,0.0,0.0019707781614447402,3.608822855602894e-05,0.0
0.006080224261649427,1.0,0.00126,0.1,0.0,0.0019707781614447402,3.608822855602894e-05,0.0
0.006080224261649427,1.0,0.00158,0.1,0.0,0.0019707781614447402,3.608822855602894e-05,0.0
0.006080224261649427,1.0,0.002,0.1,0.0,0.0019707781614447402,3.608822855602894e-05,0.0
0.006080224261649427,1.0,0.00251,0.1,0.0,0.0019707781614447402,3.608822855602894e-05,0.0
0.006080224261649427,1.0,0.00316,0.1,0.0,0.0019707781614447402,3.608822855602894e-05,0.0
0.006080224261649427,1.0,0.00398,0.1,0.0,0.0019707781614447402,3.608822855602894e-05,0.0
0.006080224261649427,1.0,0.00501,0.1,0.0,0.0019707781614447402,3.608822855602894e-05,0.0
0.006080224261649427,1.0,0.00631,0.1,0.0,0.0019707781614447402,3.608822855602894e-05,0.0
0.006368249944718587,1.0,1e-06,0.1,0.0,0.0021619080871243634,3.9588135636776477e-05,0.0
0.006368249944718587,1.0,1.26e-06,0.1,0.0,0.0021619080871243634,3.9588135636776477e-05,0.0
0.006368249944718587,1.0,1.58e-06,0.1,0.0,0.0021619080871243634,3.9588135636776477e-05,0.0
0.006368249944718587,1.0,2e-06,0.1,0.0,0.0021619080871243634,3.9588135636776477e-05,0.0
0.006368249944718587,1.0,2.51e-06,0.1,0.0,0.0021619080871243634,3.9588135636776477e-05,0.0
0.006368249944718587,1.0,3.16e-06,0.1,0.0,0.0021619080871243634,3.9588135636776477e-05,0.0
0.006368249944718587,1.0,3.98e-06,0.1,0.0,0.0021619080871243634,3.9588135636776477e-05,0.0
0.006368249944718587,1.0,5.01e-06,0.1,0.0,0.0021619080871243634,3.9588135636776477e-05,0.0
0.006368249944718587,1.0,6.31e-06,0.1,0.0,0.0021619080871243634,3.9588135636776477e-05,0.0
0.006368249944718587,1.0,7.94e-06,0.1,0.0,0.0021619080871243634,3.9588135636776477e-05,0.0
0.006368249944718587,1.0,1e-05,0.1,0.0,0.0021619080871243634,3.9588135636776477e-05,0.0
0.006368249944718587,1.0,1.26e-05,0.1,0.0,0.0021619080871243634,3.9588135636776477e-05,0.0
0.006368249944718587,1.0,1.58e-05,0.1,0.0,0.0021619080871243634,3.9588135636776477e-05,0.0
0.006368249944718587,1.0,2e-05,0.1,3.3333333333333335e-05,0.0021619080871243634,3.9588135636776477e-05,0.008647632348497455
0.006368249944718587,1.0,2.51e-05,0.1,3.3333333333333335e-05,0.0021619080871243634,3.9588135636776477e-05,0.008647632348497455
0.006368249944718587,1.0,3.16e-05,0.1,0.0,0.0021619080871243634,3.9588135636776477e-05,0.0
0.006368249944718587,1.0,3.98e-05,0.1,3.3333333333333335e-05,0.0021619080871243634,3.9588135636776477e-05,0.008647632348497455
0.006368249944718587,1.0,5.01e-05,0.1,0.0,0.0021619080871243634,3.9588135636776477e-05,0.0
0.006368249944718587,1.0,6.31e-05,0.1,6.666666666666667e-05,0.0021619080871243634,3.9588135636776477e-05,0.01729526469699491
0.006368249944718587,1.0,7.94e-05,0.1,0.00013333333333333334,0.0021619080871243634,3.9588135636776477e-05,0.03459052939398982
0.006368249944718587,1.0,0.0001,0.1,0.00013333333333333334,0.0021619080871243634,3.9588135636776477e-05,0.03459052939398982
0.006368249944718587,1.0,0.000126,0.1,0.00016666666666666666,0.0021619080871243634,3.9588135636776477e-05,0.04323816174248727
0.006368249944718587,1.0,0.000158,0.1,6.666666666666667e-05,0.0021619080871243634,3.9588135636776477e-05,0.01729526469699491
0.006368249944718587,1.0,0.0002,0.1,0.00016666666666666666,0.0021619080871243634,3.9588135636776477e-05,0.04323816174248727
0.006368249944718587,1.0,0.000251,0.1,0.0,0.0021619080871243634,3.9588135636776477e-05,0.0
0.006368249944718587,1.0,0.000316,0.1,0.0,0.0021619080871243634,3.9588135636776477e-05,0.0
0.006368249944718587,1.0,0.000398,0.1,0.0,0.0021619080871243634,3.9588135636776477e-05,0.0
0.006368249944718587,1.0,0.000501,0.1,0.0,0.0021619080871243634,3.9588135636776477e-05,0.0
0.006368249944718587,1.0,0.000631,0.1,0.0,0.0021619080871243634,3.9588135636776477e-05,0.0
0.006368249944718587,1.0,0.000794,0.1,0.0,0.0021619080871243634,3.9588135636776477e-05,0.0
0.006368249944718587,1.0,0.001,0.1,0.0,0.0021619080871243634,3.9588135636776477e-05,0.0
0.006368249944718587,1.0,0.00126,0.1,0.0,0.0021619080871243634,3.9588135636776477e-05,0.0
0.006368249944718587,1.0,0.00158,0.1,0.0,0.0021619080871243634,3.9588135636776477e-05,0.0
0.006368249944718587,1.0,0.002,0.1,0.0,0.0021619080871243634,3.9588135636776477e-05,0.0
0.006368249944718587,1.0,0.00251,0.1,0.0,0.0021619080871243634,3.9588135636776477e-05,0.0
0.006368249944718587,1.0,0.00316,0.1,0.0,0.0021619080871243634,3.9588135636776477e-05,0.0
0.006368249944718587,1.0,0.00398,0.1,0.0,0.0021619080871243634,3.9588135636776477e-05,0.0
0.006368249944718587,1.0,0.00501,0.1,0.0,0.0021619080871243634,3.9588135636776477e-05,0.0
0.006368249944718587,1.0,0.00631,0.1,0.0,0.0021619080871243634,3.9588135636776477e-05,0.0
0.006669919663030122,1.0,1e-06,0.1,0.0,0.002371573362299209,4.34274558194325e-05,0.0
0.006669919663030122,1.0,1.26e-06,0.1,0.0,0.002371573362299209,4.34274558194325e-05,0.0
0.006669919663030122,1.0,1.58e-06,0.1,0.0,0.002371573362299209,4.34274558194325e-05,0.0
0.006669919663030122,1.0,2e-06,0.1,0.0,0.002371573362299209,4.34274558194325e-05,0.0
0.006669919663030122,1.0,2.51e-06,0.1,0.0,0.002371573362299209,4.34274558194325e-05,0.0
0.006669919663030122,1.0,3.16e-06,0.1,0.0,0.002371573362299209,4.34274558194325e-05,0.0
0.006669919663030122,1.0,3.98e-06,0.1,0.0,0.002371573362299209,4.34274558194325e-05,0.0
0.006669919663030122,1.0,5.01e-06,0.1,0.0,0.002371573362299209,4.34274558194325e-05,0.0
0.006669919663030122,1.0,6.31e-06,0.1,0.0,0.002371573362299209,4.34274558194325e-05,0.0
0.006669919663030122,1.0,7.94e-06,0.1,0.0,0.002371573362299209,4.34274558194325e-05,0.0
0.006669919663030122,1.0,1e-05,0.1,0.0,0.002371573362299209,4.34274558194325e-05,0.0
0.006669919663030122,1.0,1.26e-05,0.1,0.0,0.002371573362299209,4.34274558194325e-05,0.0
0.006669919663030122,1.0,1.58e-05,0.1,0.0,0.002371573362299209,4.34274558194325e-05,0.0
0.006669919663030122,1.0,2e-05,0.1,3.3333333333333335e-05,0.002371573362299209,4.34274558194325e-05,0.00948629344919684
0.006669919663030122,1.0,2.51e-05,0.1,3.3333333333333335e-05,0.002371573362299209,4.34274558194325e-05,0.00948629344919684
0.006669919663030122,1.0,3.16e-05,0.1,0.0,0.002371573362299209,4.34274558194325e-05,0.0
0.006669919663030122,1.0,3.98e-05,0.1,3.3333333333333335e-05,0.002371573362299209,4.34274558194325e-05,0.00948629344919684
0.006669919663030122,1.0,5.01e-05,0.1,0.0,0.002371573362299209,4.34274558194325e-05,0.0
0.006669919663030122,1.0,6.31e-05,0.1,6.666666666666667e-05,0.002371573362299209,4.34274558194325e-05,0.01897258689839368
0.006669919663030122,1.0,7.94e-05,0.1,0.00013333333333333334,0.002371573362299209,4.34274558194325e-05,0.03794517379678736
0.006669919663030122,1.0,0.0001,0.1,0.00013333333333333334,0.002371573362299209,4.34274558194325e-05,0.03794517379678736
0.006669919663030122,1.0,0.000126,0.1,0.00016666666666666666,0.002371573362299209,4.34274558194325e-05,0.04743146724598418
0.006669919663030122,1.0,0.000158,0.1,6.666666666666667e-05,0.002371573362299209,4.34274558194325e-05,0.01897258689839368
0.006669919663030122,1.0,0.0002,0.1,0.00016666666666666666,0.002371573362299209,4.34274558194325e-05,0.04743146724598418
0.006669919663030122,1.0,0.000251,0.1,0.0,0.002371573362299209,4.34274558194325e-05,0.0
0.006669919663030122,1.0,0.000316,0.1,0.0,0.002371573362299209,4.34274558194325e-05,0.0
0.006669919663030122,1.0,0.000398,0.1,0.0,0.002371573362299209,4.34274558194325e-05,0.0
0.006669919663030122,1.0,0.000501,0.1,0.0,0.002371573362299209,4.34274558194325e-05,0.0
0.006669919663030122,1.0,0.000631,0.1,0.0,0.002371573362299209,4.34274558194325e-05,0.0
0.006669919663030122,1.0,0.000794,0.1,0.0,0.002371573362299209,4.34274558194325e-05,0.0
0.006669919663030122,1.0,0.001,0.1,0.0,0.002371573362299209,4.34274558194325e-05,0.0
0.006669919663030122,1.0,0.00126,0.1,0.0,0.002371573362299209,4.34274558194325e-05,0.0
0.006669919663030122,1.0,0.00158,0.1,0.0,0.002371573362299209,4.34274558194325e-05,0.0
0.006669919663030122,1.0,0.002,0.1,0.0,0.002371573362299209,4.34274558194325e-05,0.0
0.006669919663030122,1.0,0.00251,0.1,0.0,0.002371573362299209,4.34274558194325e-05,0.0
0.006669919663030122,1.0,0.00316,0.1,0.0,0.002371573362299209,4.34274558194325e-05,0.0
0.006669919663030122,1.0,0.00398,0.1,0.0,0.002371573362299209,4.34274558194325e-05,0.0
0.006669919663030122,1.0,0.00501,0.1,0.0,0.002371573362299209,4.34274558194325e-05,0.0
0.006669919663030122,1.0,0.00631,0.1,0.0,0.002371573362299209,4.34274558194325e-05,0.0
0.0069858797467852495,1.0,1e-06,0.1,0.0,0.0026015713396831024,4.763910162393522e-05,0.0
0.0069858797467852495,1.0,1.26e-06,0.1,0.0,0.0026015713396831024,4.763910162393522e-05,0.0
0.0069858797467852495,1.0,1.58e-06,0.1,0.0,0.0026015713396831024,4.763910162393522e-05,0.0
0.0069858797467852495,1.0,2e-06,0.1,0.0,0.0026015713396831024,4.763910162393522e-05,0.0
0.0069858797467852495,1.0,2.51e-06,0.1,0.0,0.0026015713396831024,4.763910162393522e-05,0.0
0.0069858797467852495,1.0,3.16e-06,0.1,0.0,0.0026015713396831024,4.763910162393522e-05,0.0
0.0069858797467852495,1.0,3.98e-06,0.1,0.0,0.0026015713396831024,4.763910162393522e-05,0.0
0.0069858797467852495,1.0,5.01e-06,0.1,0.0,0.0026015713396831024,4.763910162393522e-05,0.0
0.0069858797467852495,1.0,6.31e-06,0.1,0.0,0.0026015713396831024,4.763910162393522e-05,0.0
0.0069858797467852495,1.0,7.94e-06,0.1,0.0,0.0026015713396831024,4.763910162393522e-05,0.0
0.0069858797467852495,1.0,1e-05,0.1,0.0,0.0026015713396831024,4.763910162393522e-05,0.0
0.0069858797467852495,1.0,1.26e-05,0.1,0.0,0.0026015713396831024,4.763910162393522e-05,0.0
0.0069858797467852495,1.0,1.58e-05,0.1,0.0,0.0026015713396831024,4.763910162393522e-05,0.0
0.0069858797467852495,1.0,2e-05,0.1,3.3333333333333335e-05,0.0026015713396831024,4.763910162393522e-05,0.010406285358732411
0.0069858797467852495,1.0,2.51e-05,0.1,3.3333333333333335e-05,0.0026015713396831024,4.763910162393522e-05,0.010406285358732411
0.0069858797467852495,1.0,3.16e-05,0.1,0.0,0.0026015713396831024,4.763910162393522e-05,0.0
0.0069858797467852495,1.0,3.98e-05,0.1,3.3333333333333335e-05,0.0026015713396831024,4.763910162393522e-05,0.010406285358732411
0.0069858797467852495,1.0,5.01e-05,0.1,0.0,0.0026015713396831024,4.763910162393522e-05,0.0
0.0069858797467852495,1.0,6.31e-05,0.1,6.666666666666667e-05,0.0026015713396831024,4.763910162393522e-05,0.020812570717464823
0.0069858797467852495,1.0,7.94e-05,0.1,0.00013333333333333334,0.0026015713396831024,4.763910162393522e-05,0.041625141434929645
0.0069858797467852495,1.0,0.0001,0.1,0.00013333333333333334,0.0026015713396831024,4.763910162393522e-05,0.041625141434929645
0.0069858797467852495,1.0,0.000126,0.1,0.00016666666666666666,0.0026015713396831024,4.763910162393522e-05,0.05203142679366205
0.0069858797467852495,1.0,0.000158,0.1,6.666666666666667e-05,0.0026015713396831024,4.763910162393522e-05,0.020812570717464823
0.0069858797467852495,1.0,0.0002,0.1,0.00016666666666666666,0.0026015713396831024,4.763910162393522e-05,0.05203142679366205
0.0069858797467852495,1.0,0.000251,0.1,0.0,0.0026015713396831024,4.763910162393522e-05,0.0
0.0069858797467852495,1.0,0.000316,0.1,0.0,0.0026015713396831024,4.763910162393522e-05,0.0
0.0069858797467852495,1.0,0.000398,0.1,0.0,0.0026015713396831024,4.763910162393522e-05,0.0
0.0069858797467852495,1.0,0.000501,0.1,0.0,0.0026015713396831024,4.763910162393522e-05,0.0
0.0069858797467852495,1.0,0.000631,0.1,0.0,0.0026015713396831024,4.763910162393522e-05,0.0
0.0069858797467852495,1.0,0.000794,0.1,0.0,0.0026015713396831024,4.763910162393522e-05,0.0
0.0069858797467852495,1.0,0.001,0.1,0.0,0.0026015713396831024,4.763910162393522e-05,0.0
0.0069858797467852495,1.0,0.00126,0.1,0.0,0.0026015713396831024,4.763910162393522e-05,0.0
0.0069858797467852495,1.0,0.00158,0.1,0.0,0.0026015713396831024,4.763910162393522e-05,0.0
0.0069858797467852495,1.0,0.002,0.1,0.0,0.0026015713396831024,4.763910162393522e-05,0.0
0.0069858797467852495,1.0,0.00251,0.1,0.0,0.0026015713396831024,4.763910162393522e-05,0.0
0.0069858797467852495,1.0,0.00316,0.1,0.0,0.0026015713396831024,4.763910162393522e-05,0.0
0.0069858797467852495,1.0,0.00398,0.1,0.0,0.0026015713396831024,4.763910162393522e-05,0.0
0.0069858797467852495,1.0,0.00501,0.1,0.0,0.0026015713396831024,4.763910162393522e-05,0.0
0.0069858797467852495,1.0,0.00631,0.1,0.0,0.0026015713396831024,4.763910162393522e-05,0.0
0.007316807143427192,1.0,1e-06,0.1,0.0,0.0028538736260374396,5.225917645188499e-05,0.0
0.007316807143427192,1.0,1.26e-06,0.1,0.0,0.0028538736260374396,5.225917645188499e-05,0.0
0.007316807143427192,1.0,1.58e-06,0.1,0.0,0.0028538736260374396,5.225917645188499e-05,0.0
0.007316807143427192,1.0,2e-06,0.1,0.0,0.0028538736260374396,5.225917645188499e-05,0.0
0.007316807143427192,1.0,2.51e-06,0.1,0.0,0.0028538736260374396,5.225917645188499e-05,0.0
0.007316807143427192,1.0,3.16e-06,0.1,0.0,0.0028538736260374396,5.225917645188499e-05,0.0
0.007316807143427192,1.0,3.98e-06,0.1,0.0,0.0028538736260374396,5.225917645188499e-05,0.0
0.007316807143427192,1.0,5.01e-06,0.1,0.0,0.0028538736260374396,5.225917645188499e-05,0.0
0.007316807143427192,1.0,6.31e-06,0.1,0.0,0.0028538736260374396,5.225917645188499e-05,0.0
0.007316807143427192,1.0,7.94e-06,0.1,0.0,0.0028538736260374396,5.225917645188499e-05,0.0
0.007316807143427192,1.0,1e-05,0.1,0.0,0.0028538736260374396,5.225917645188499e-05,0.0
0.007316807143427192,1.0,1.26e-05,0.1,0.0,0.0028538736260374396,5.225917645188499e-05,0.0
0.007316807143427192,1.0,1.58e-05,0.1,0.0,0.0028538736260374396,5.225917645188499e-05,0.0
0.007316807143427192,1.0,2e-05,0.1,3.3333333333333335e-05,0.0028538736260374396,5.225917645188499e-05,0.01141549450414976
0.007316807143427192,1.0,2.51e-05,0.1,3.3333333333333335e-05,0.0028538736260374396,5.225917645188499e-05,0.01141549450414976
0.007316807143427192,1.0,3.16e-05,0.1,0.0,0.0028538736260374396,5.225917645188499e-05,0.0
0.007316807143427192,1.0,3.98e-05,0.1,3.3333333333333335e-05,0.0028538736260374396,5.225917645188499e-05,0.01141549450414976
0.007316807143427192,1.0,5.01e-05,0.1,0.0,0.0028538736260374396,5.225917645188499e-05,0.0
0.007316807143427192,1.0,6.31e-05,0.1,6.666666666666667e-05,0.0028538736260374396,5.225917645188499e-05,0.02283098900829952
0.007316807143427192,1.0,7.94e-05,0.1,0.00013333333333333334,0.0028538736260374396,5.225917645188499e-05,0.04566197801659904
0.007316807143427192,1.0,0.0001,0.1,0.00013333333333333334,0.0028538736260374396,5.225917645188499e-05,0.04566197801659904
0.007316807143427192,1.0,0.000126,0.1,0.00016666666666666666,0.0028538736260374396,5.225917645188499e-05,0.057077472520748795
0.007316807143427192,1.0,0.000158,0.1,6.666666666666667e-05,0.0028538736260374396,5.225917645188499e-05,0.02283098900829952
0.007316807143427192,1.0,0.0002,0.1,0.00016666666666666666,0.0028538736260374396,5.225917645188499e-05,0.057077472520748795
0.007316807143427192,1.0,0.000251,0.1,0.0,0.0028538736260374396,5.225917645188499e-05,0.0
0.007316807143427192,1.0,0.000316,0.1,0.0,0.0028538736260374396,5.225917645188499e-05,0.0
0.007316807143427192,1.0,0.000398,0.1,0.0,0.0028538736260374396,5.225917645188499e-05,0.0
0.007316807143427192,1.0,0.000501,0.1,0.0,0.0028538736260374396,5.225917645188499e-05,0.0
0.007316807143427192,1.0,0.000631,0.1,0.0,0.0028538736260374396,5.225917645188499e-05,0.0
0.007316807143427192,1.0,0.000794,0.1,0.0,0.0028538736260374396,5.225917645188499e-05,0.0
0.007316807143427192,1.0,0.001,0.1,0.0,0.0028538736260374396,5.225917645188499e-05,0.0
0.007316807143427192,1.0,0.00126,0.1,0.0,0.0028538736260374396,5.225917645188499e-05,0.0
0.007316807143427192,1.0,0.00158,0.1,0.0,0.0028538736260374396,5.225917645188499e-05,0.0
0.007316807143427192,1.0,0.002,0.1,0.0,0.0028538736260374396,5.225917645188499e-05,0.0
0.007316807143427192,1.0,0.00251,0.1,0.0,0.0028538736260374396,5.225917645188499e-05,0.0
0.007316807143427192,1.0,0.00316,0.1,0.0,0.0028538736260374396,5.225917645188499e-05,0.0
0.007316807143427192,1.0,0.00398,0.1,0.0,0.0028538736260374396,5.225917645188499e-05,0.0
0.007316807143427192,1.0,0.00501,0.1,0.0,0.0028538736260374396,5.225917645188499e-05,0.0
0.007316807143427192,1.0,0.00631,0.1,0.0,0.0028538736260374396,5.225917645188499e-05,0.0
0.007663410868007463,1.0,1e-06,0.1,0.0,0.0031306429693983874,5.732728381978369e-05,0.0
0.007663410868007463,1.0,1.26e-06,0.1,0.0,0.0031306429693983874,5.732728381978369e-05,0.0
0.007663410868007463,1.0,1.58e-06,0.1,0.0,0.0031306429693983874,5.732728381978369e-05,0.0
0.007663410868007463,1.0,2e-06,0.1,0.0,0.0031306429693983874,5.732728381978369e-05,0.0
0.007663410868007463,1.0,2.51e-06,0.1,0.0,0.0031306429693983874,5.732728381978369e-05,0.0
0.007663410868007463,1.0,3.16e-06,0.1,0.0,0.0031306429693983874,5.732728381978369e-05,0.0
0.007663410868007463,1.0,3.98e-06,0.1,0.0,0.0031306429693983874,5.732728381978369e-05,0.0
0.007663410868007463,1.0,5.01e-06,0.1,0.0,0.0031306429693983874,5.732728381978369e-05,0.0
0.007663410868007463,1.0,6.31e-06,0.1,0.0,0.0031306429693983874,5.732728381978369e-05,0.0
0.007663410868007463,1.0,7.94e-06,0.1,0.0,0.0031306429693983874,5.732728381978369e-05,0.0
0.007663410868007463,1.0,1e-05,0.1,0.0,0.0031306429693983874,5.732728381978369e-05,0.0
0.007663410868007463,1.0,1.26e-05,0.1,0.0,0.0031306429693983874,5.732728381978369e-05,0.0
0.007663410868007463,1.0,1.58e-05,0.1,0.0,0.0031306429693983874,5.732728381978369e-05,0.0
0.007663410868007463,1.0,2e-05,0.1,3.3333333333333335e-05,0.0031306429693983874,5.732728381978369e-05,0.012522571877593553
0.007663410868007463,1.0,2.51e-05,0.1,3.3333333333333335e-05,0.0031306429693983874,5.732728381978369e-05,0.012522571877593553
0.007663410868007463,1.0,3.16e-05,0.1,0.0,0.0031306429693983874,5.732728381978369e-05,0.0
0.007663410868007463,1.0,3.98e-05,0.1,3.3333333333333335e-05,0.0031306429693983874,5.732728381978369e-05,0.012522571877593553
0.007663410868007463,1.0,5.01e-05,0.1,0.0,0.0031306429693983874,5.732728381978369e-05,0.0
0.007663410868007463,1.0,6.31e-05,0.1,6.666666666666667e-05,0.0031306429693983874,5.732728381978369e-05,0.025045143755187106
0.007663410868007463,1.0,7.94e-05,0.1,0.00013333333333333334,0.0031306429693983874,5.732728381978369e-05,0.05009028751037421
0.007663410868007463,1.0,0.0001,0.1,0.00013333333333333334,0.0031306429693983874,5.732728381978369e-05,0.05009028751037421
0.007663410868007463,1.0,0.000126,0.1,0.00016666666666666666,0.0031306429693983874,5.732728381978369e-05,0.06261285938796776
0.007663410868007463,1.0,0.000158,0.1,6.666666666666667e-05,0.0031306429693983874,5.732728381978369e-05,0.025045143755187106
0.007663410868007463,1.0,0.0002,0.1,0.00016666666666666666,0.0031306429693983874,5.732728381978369e-05,0.06261285938796776
0.007663410868007463,1.0,0.000251,0.1,0.0,0.0031306429693983874,5.732728381978369e-05,0.0
0.007663410868007463,1.0,0.000316,0.1,0.0,0.0031306429693983874,5.732728381978369e-05,0.0
0.007663410868007463,1.0,0.000398,0.1,0.0,0.0031306429693983874,5.732728381978369e-05,0.0
0.007663410868007463,1.0,0.000501,0.1,0.0,0.0031306429693983874,5.732728381978369e-05,0.0
0.007663410868007463,1.0,0.000631,0.1,0.0,0.0031306429693983874,5.732728381978369e-05,0.0
0.007663410868007463,1.0,0.000794,0.1,0.0,0.0031306429693983874,5.732728381978369e-05,0.0
0.007663410868007463,1.0,0.001,0.1,0.0,0.0031306429693983874,5.732728381978369e-05,0.0
0.007663410868007463,1.0,0.00126,0.1,0.0,0.0031306429693983874,5.732728381978369e-05,0.0
0.007663410868007463,1.0,0.00158,0.1,0.0,0.0031306429693983874,5.732728381978369e-05,0.0
0.007663410868007463,1.0,0.002,0.1,0.0,0.0031306429693983874,5.732728381978369e-05,0.0
0.007663410868007463,1.0,0.00251,0.1,0.0,0.0031306429693983874,5.732728381978369e-05,0.0
0.007663410868007463,1.0,0.00316,0.1,0.0,0.0031306429693983874,5.732728381978369e-05,0.0
0.007663410868007463,1.0,0.00398,0.1,0.0,0.0031306429693983874,5.732728381978369e-05,0.0
0.007663410868007463,1.0,0.00501,0.1,0.0,0.0031306429693983874,5.732728381978369e-05,0.0
0.007663410868007463,1.0,0.00631,0.1,0.0,0.0031306429693983874,5.732728381978369e-05,0.0
0.008026433522257174,1.0,1e-06,0.1,0.0,0.003434251781494045,6.288686653532403e-05,0.0
0.008026433522257174,1.0,1.26e-06,0.1,0.0,0.003434251781494045,6.288686653532403e-05,0.0
0.008026433522257174,1.0,1.58e-06,0.1,0.0,0.003434251781494045,6.288686653532403e-05,0.0
0.008026433522257174,1.0,2e-06,0.1,0.0,0.003434251781494045,6.288686653532403e-05,0.0
0.008026433522257174,1.0,2.51e-06,0.1,0.0,0.003434251781494045,6.288686653532403e-05,0.0
0.008026433522257174,1.0,3.16e-06,0.1,0.0,0.003434251781494045,6.288686653532403e-05,0.0
0.008026433522257174,1.0,3.98e-06,0.1,0.0,0.003434251781494045,6.288686653532403e-05,0.0
0.008026433522257174,1.0,5.01e-06,0.1,0.0,0.003434251781494045,6.288686653532403e-05,0.0
0.008026433522257174,1.0,6.31e-06,0.1,0.0,0.003434251781494045,6.288686653532403e-05,0.0
0.008026433522257174,1.0,7.94e-06,0.1,0.0,0.003434251781494045,6.288686653532403e-05,0.0
0.008026433522257174,1.0,1e-05,0.1,0.0,0.003434251781494045,6.288686653532403e-05,0.0
0.008026433522257174,1.0,1.26e-05,0.1,0.0,0.003434251781494045,6.288686653532403e-05,0.0
0.008026433522257174,1.0,1.58e-05,0.1,0.0,0.003434251781494045,6.288686653532403e-05,0.0
0.008026433522257174,1.0,2e-05,0.1,3.3333333333333335e-05,0.003434251781494045,6.288686653532403e-05,0.013737007125976183
0.008026433522257174,1.0,2.51e-05,0.1,3.3333333333333335e-05,0.003434251781494045,6.288686653532403e-05,0.013737007125976183
0.008026433522257174,1.0,3.16e-05,0.1,0.0,0.003434251781494045,6.288686653532403e-05,0.0
0.008026433522257174,1.0,3.98e-05,0.1,3.3333333333333335e-05,0.003434251781494045,6.288686653532403e-05,0.013737007125976183
0.008026433522257174,1.0,5.01e-05,0.1,0.0,0.003434251781494045,6.288686653532403e-05,0.0
0.008026433522257174,1.0,6.31e-05,0.1,6.666666666666667e-05,0.003434251781494045,6.288686653532403e-05,0.027474014251952367
0.008026433522257174,1.0,7.94e-05,0.1,0.00013333333333333334,0.003434251781494045,6.288686653532403e-05,0.05494802850390473
0.008026433522257174,1.0,0.0001,0.1,0.00013333333333333334,0.003434251781494045,6.288686653532403e-05,0.05494802850390473
0.008026433522257174,1.0,0.000126,0.1,0.00016666666666666666,0.003434251781494045,6.288686653532403e-05,0.06868503562988092
0.008026433522257174,1.0,0.000158,0.1,6.666666666666667e-05,0.003434251781494045,6.288686653532403e-05,0.027474014251952367
0.008026433522257174,1.0,0.0002,0.1,0.00016666666666666666,0.003434251781494045,6.288686653532403e-05,0.06868503562988092
0.008026433522257174,1.0,0.000251,0.1,0.0,0.003434251781494045,6.288686653532403e-05,0.0
0.008026433522257174,1.0,0.000316,0.1,0.0,0.003434251781494045,6.288686653532403e-05,0.0
0.008026433522257174,1.0,0.000398,0.1,0.0,0.003434251781494045,6.288686653532403e-05,0.0
0.008026433522257174,1.0,0.000501,0.1,0.0,0.003434251781494045,6.288686653532403e-05,0.0
0.008026433522257174,1.0,0.000631,0.1,0.0,0.003434251781494045,6.288686653532403e-05,0.0
0.008026433522257174,1.0,0.000794,0.1,0.0,0.003434251781494045,6.288686653532403e-05,0.0
0.008026433522257174,1.0,0.001,0.1,0.0,0.003434251781494045,6.288686653532403e-05,0.0
0.008026433522257174,1.0,0.00126,0.1,0.0,0.003434251781494045,6.288686653532403e-05,0.0
0.008026433522257174,1.0,0.00158,0.1,0.0,0.003434251781494045,6.288686653532403e-05,0.0
0.008026433522257174,1.0,0.002,0.1,0.0,0.003434251781494045,6.288686653532403e-05,0.0
0.008026433522257174,1.0,0.00251,0.1,0.0,0.003434251781494045,6.288686653532403e-05,0.0
0.008026433522257174,1.0,0.00316,0.1,0.0,0.003434251781494045,6.288686653532403e-05,0.0
0.008026433522257174,1.0,0.00398,0.1,0.0,0.003434251781494045,6.288686653532403e-05,0.0
0.008026433522257174,1.0,0.00501,0.1,0.0,0.003434251781494045,6.288686653532403e-05,0.0
0.008026433522257174,1.0,0.00631,0.1,0.0,0.003434251781494045,6.288686653532403e-05,0.0
0.008406652885618326,1.0,1e-06,0.1,0.0,0.0037673024534071444,6.898557871098964e-05,0.0
0.008406652885618326,1.0,1.26e-06,0.1,0.0,0.0037673024534071444,6.898557871098964e-05,0.0
0.008406652885618326,1.0,1.58e-06,0.1,0.0,0.0037673024534071444,6.898557871098964e-05,0.0
0.008406652885618326,1.0,2e-06,0.1,0.0,0.0037673024534071444,6.898557871098964e-05,0.0
0.008406652885618326,1.0,2.51e-06,0.1,0.0,0.0037673024534071444,6.898557871098964e-05,0.0
0.008406652885618326,1.0,3.16e-06,0.1,0.0,0.0037673024534071444,6.898557871098964e-05,0.0
0.008406652885618326,1.0,3.98e-06,0.1,0.0,0.0037673024534071444,6.898557871098964e-05,0.0
0.008406652885618326,1.0,5.01e-06,0.1,0.0,0.0037673024534071444,6.898557871098964e-05,0.0
0.008406652885618326,1.0,6.31e-06,0.1,0.0,0.0037673024534071444,6.898557871098964e-05,0.0
0.008406652885618326,1.0,7.94e-06,0.1,0.0,0.0037673024534071444,6.898557871098964e-05,0.0
0.008406652885618326,1.0,1e-05,0.1,0.0,0.0037673024534071444,6.898557871098964e-05,0.0
0.008406652885618326,1.0,1.26e-05,0.1,0.0,0.0037673024534071444,6.898557871098964e-05,0.0
0.008406652885618326,1.0,1.58e-05,0.1,0.0,0.0037673024534071444,6.898557871098964e-05,0.0
0.008406652885618326,1.0,2e-05,0.1,3.3333333333333335e-05,0.0037673024534071444,6.898557871098964e-05,0.015069209813628581
0.008406652885618326,1.0,2.51e-05,0.1,3.3333333333333335e-05,0.0037673024534071444,6.898557871098964e-05,0.015069209813628581
0.008406652885618326,1.0,3.16e-05,0.1,0.0,0.0037673024534071444,6.898557871098964e-05,0.0
0.008406652885618326,1.0,3.98e-05,0.1,3.3333333333333335e-05,0.0037673024534071444,6.898557871098964e-05,0.015069209813628581
0.008406652885618326,1.0,5.01e-05,0.1,0.0,0.0037673024534071444,6.898557871098964e-05,0.0
0.008406652885618326,1.0,6.31e-05,0.1,6.666666666666667e-05,0.0037673024534071444,6.898557871098964e-05,0.030138419627257163
0.008406652885618326,1.0,7.94e-05,0.1,0.00013333333333333334,0.0037673024534071444,6.898557871098964e-05,0.060276839254514325
0.008406652885618326,1.0,0.0001,0.1,0.00013333333333333334,0.0037673024534071444,6.898557871098964e-05,0.060276839254514325
0.008406652885618326,1.0,0.000126,0.1,0.00016666666666666666,0.0037673024534071444,6.898557871098964e-05,0.0753460490681429
0.008406652885618326,1.0,0.000158,0.1,6.666666666666667e-05,0.0037673024534071444,6.898557871098964e-05,0.030138419627257163
0.008406652885618326,1.0,0.0002,0.1,0.00016666666666666666,0.0037673024534071444,6.898557871098964e-05,0.0753460490681429
0.008406652885618326,1.0,0.000251,0.1,0.0,0.0037673024534071444,6.898557871098964e-05,0.0
0.008406652885618326,1.0,0.000316,0.1,0.0,0.0037673024534071444,6.898557871098964e-05,0.0
0.008406652885618326,1.0,0.000398,0.1,0.0,0.0037673024534071444,6.898557871098964e-05,0.0
0.008406652885618326,1.0,0.000501,0.1,0.0,0.0037673024534071444,6.898557871098964e-05,0.0
0.008406652885618326,1.0,0.000631,0.1,0.0,0.0037673024534071444,6.898557871098964e-05,0.0
0.008406652885618326,1.0,0.000794,0.1,0.0,0.0037673024534071444,6.898557871098964e-05,0.0
0.008406652885618326,1.0,0.001,0.1,0.0,0.0037673024534071444,6.898557871098964e-05,0.0
0.008406652885618326,1.0,0.00126,0.1,0.0,0.0037673024534071444,6.898557871098964e-05,0.0
0.008406652885618326,1.0,0.00158,0.1,0.0,0.0037673024534071444,6.898557871098964e-05,0.0
0.008406652885618326,1.0,0.002,0.1,0.0,0.0037673024534071444,6.898557871098964e-05,0.0
0.008406652885618326,1.0,0.00251,0.1,0.0,0.0037673024534071444,6.898557871098964e-05,0.0
0.008406652885618326,1.0,0.00316,0.1,0.0,0.0037673024534071444,6.898557871098964e-05,0.0
0.008406652885618326,1.0,0.00398,0.1,0.0,0.0037673024534071444,6.898557871098964e-05,0.0
0.008406652885618326,1.0,0.00501,0.1,0.0,0.0037673024534071444,6.898557871098964e-05,0.0
0.008406652885618326,1.0,0.00631,0.1,0.0,0.0037673024534071444,6.898557871098964e-05,0.0
0.008804883581643464,1.0,1e-06,0.1,0.0,0.004132649637758689,7.567569378792693e-05,0.0
0.008804883581643464,1.0,1.26e-06,0.1,0.0,0.004132649637758689,7.567569378792693e-05,0.0
0.008804883581643464,1.0,1.58e-06,0.1,0.0,0.004132649637758689,7.567569378792693e-05,0.0
0.008804883581643464,1.0,2e-06,0.1,0.0,0.004132649637758689,7.567569378792693e-05,0.0
0.008804883581643464,1.0,2.51e-06,0.1,0.0,0.004132649637758689,7.567569378792693e-05,0.0
0.008804883581643464,1.0,3.16e-06,0.1,0.0,0.004132649637758689,7.567569378792693e-05,0.0
0.008804883581643464,1.0,3.98e-06,0.1,0.0,0.004132649637758689,7.567569378792693e-05,0.0
0.008804883581643464,1.0,5.01e-06,0.1,0.0,0.004132649637758689,7.567569378792693e-05,0.0
0.008804883581643464,1.0,6.31e-06,0.1,0.0,0.004132649637758689,7.567569378792693e-05,0.0
0.008804883581643464,1.0,7.94e-06,0.1,0.0,0.004132649637758689,7.567569378792693e-05,0.0
0.008804883581643464,1.0,1e-05,0.1,0.0,0.004132649637758689,7.567569378792693e-05,0.0
0.008804883581643464,1.0,1.26e-05,0.1,0.0,0.004132649637758689,7.567569378792693e-05,0.0
0.008804883581643464,1.0,1.58e-05,0.1,0.0,0.004132649637758689,7.567569378792693e-05,0.0
0.008804883581643464,1.0,2e-05,0.1,3.3333333333333335e-05,0.004132649637758689,7.567569378792693e-05,0.01653059855103476
0.008804883581643464,1.0,2.51e-05,0.1,3.3333333333333335e-05,0.004132649637758689,7.567569378792693e-05,0.01653059855103476
0.008804883581643464,1.0,3.16e-05,0.1,0.0,0.004132649637758689,7.567569378792693e-05,0.0
0.008804883581643464,1.0,3.98e-05,0.1,3.3333333333333335e-05,0.004132649637758689,7.567569378792693e-05,0.01653059855103476
0.008804883581643464,1.0,5.01e-05,0.1,0.0,0.004132649637758689,7.567569378792693e-05,0.0
0.008804883581643464,1.0,6.31e-05,0.1,6.666666666666667e-05,0.004132649637758689,7.567569378792693e-05,0.03306119710206952
0.008804883581643464,1.0,7.94e-05,0.1,0.00013333333333333334,0.004132649637758689,7.567569378792693e-05,0.06612239420413904
0.008804883581643464,1.0,0.0001,0.1,0.00013333333333333334,0.004132649637758689,7.567569378792693e-05,0.06612239420413904
0.008804883581643464,1.0,0.000126,0.1,0.00016666666666666666,0.004132649637758689,7.567569378792693e-05,0.0826529927551738
0.008804883581643464,1.0,0.000158,0.1,6.666666666666667e-05,0.004132649637758689,7.567569378792693e-05,0.03306119710206952
0.008804883581643464,1.0,0.0002,0.1,0.00016666666666666666,0.004132649637758689,7.567569378792693e-05,0.0826529927551738
0.008804883581643464,1.0,0.000251,0.1,0.0,0.004132649637758689,7.567569378792693e-05,0.0
0.008804883581643464,1.0,0.000316,0.1,0.0,0.004132649637758689,7.567569378792693e-05,0.0
0.008804883581643464,1.0,0.000398,0.1,0.0,0.004132649637758689,7.567569378792693e-05,0.0
0.008804883581643464,1.0,0.000501,0.1,0.0,0.004132649637758689,7.567569378792693e-05,0.0
0.008804883581643464,1.0,0.000631,0.1,0.0,0.004132649637758689,7.567569378792693e-05,0.0
0.008804883581643464,1.0,0.000794,0.1,0.0,0.004132649637758689,7.567569378792693e-05,0.0
0.008804883581643464,1.0,0.001,0.1,0.0,0.004132649637758689,7.567569378792693e-05,0.0
0.008804883581643464,1.0,0.00126,0.1,0.0,0.004132649637758689,7.567569378792693e-05,0.0
0.008804883581643464,1.0,0.00158,0.1,0.0,0.004132649637758689,7.567569378792693e-05,0.0
0.008804883581643464,1.0,0.002,0.1,0.0,0.004132649637758689,7.567569378792693e-05,0.0
0.008804883581643464,1.0,0.00251,0.1,0.0,0.004132649637758689,7.567569378792693e-05,0.0
0.008804883581643464,1.0,0.00316,0.1,0.0,0.004132649637758689,7.567569378792693e-05,0.0
0.008804883581643464,1.0,0.00398,0.1,0.0,0.004132649637758689,7.567569378792693e-05,0.0
0.008804883581643464,1.0,0.00501,0.1,0.0,0.004132649637758689,7.567569378792693e-05,0.0
0.008804883581643464,1.0,0.00631,0.1,0.0,0.004132649637758689,7.567569378792693e-05,0.0
0.009221978823334321,1.0,1e-06,0.1,0.0,0.004533424687363028,8.301455204839823e-05,0.0
0.009221978823334321,1.0,1.26e-06,0.1,0.0,0.004533424687363028,8.301455204839823e-05,0.0
0.009221978823334321,1.0,1.58e-06,0.1,0.0,0.004533424687363028,8.301455204839823e-05,0.0
0.009221978823334321,1.0,2e-06,0.1,0.0,0.004533424687363028,8.301455204839823e-05,0.0
0.009221978823334321,1.0,2.51e-06,0.1,0.0,0.004533424687363028,8.301455204839823e-05,0.0
0.009221978823334321,1.0,3.16e-06,0.1,0.0,0.004533424687363028,8.301455204839823e-05,0.0
0.009221978823334321,1.0,3.98e-06,0.1,0.0,0.004533424687363028,8.301455204839823e-05,0.0
0.009221978823334321,1.0,5.01e-06,0.1,0.0,0.004533424687363028,8.301455204839823e-05,0.0
0.009221978823334321,1.0,6.31e-06,0.1,0.0,0.004533424687363028,8.301455204839823e-05,0.0
0.009221978823334321,1.0,7.94e-06,0.1,0.0,0.004533424687363028,8.301455204839823e-05,0.0
0.009221978823334321,1.0,1e-05,0.1,0.0,0.004533424687363028,8.301455204839823e-05,0.0
0.009221978823334321,1.0,1.26e-05,0.1,0.0,0.004533424687363028,8.301455204839823e-05,0.0
0.009221978823334321,1.0,1.58e-05,0.1,0.0,0.004533424687363028,8.301455204839823e-05,0.0
0.009221978823334321,1.0,2e-05,0.1,3.3333333333333335e-05,0.004533424687363028,8.301455204839823e-05,0.01813369874945211
0.009221978823334321,1.0,2.51e-05,0.1,3.3333333333333335e-05,0.004533424687363028,8.301455204839823e-05,0.01813369874945211
0.009221978823334321,1.0,3.16e-05,0.1,0.0,0.004533424687363028,8.301455204839823e-05,0.0
0.009221978823334321,1.0,3.98e-05,0.1,3.3333333333333335e-05,0.004533424687363028,8.301455204839823e-05,0.01813369874945211
0.009221978823334321,1.0,5.01e-05,0.1,0.0,0.004533424687363028,8.301455204839823e-05,0.0
0.009221978823334321,1.0,6.31e-05,0.1,6.666666666666667e-05,0.004533424687363028,8.301455204839823e-05,0.03626739749890422
0.009221978823334321,1.0,7.94e-05,0.1,0.00013333333333333334,0.004533424687363028,8.301455204839823e-05,0.07253479499780845
0.009221978823334321,1.0,0.0001,0.1,0.00013333333333333334,0.004533424687363028,8.301455204839823e-05,0.07253479499780845
0.009221978823334321,1.0,0.000126,0.1,0.00016666666666666666,0.004533424687363028,8.301455204839823e-05,0.09066849374726056
0.009221978823334321,1.0,0.000158,0.1,6.666666666666667e-05,0.004533424687363028,8.301455204839823e-05,0.03626739749890422
0.009221978823334321,1.0,0.0002,0.1,0.00016666666666666666,0.004533424687363028,8.301455204839823e-05,0.09066849374726056
0.009221978823334321,1.0,0.000251,0.1,0.0,0.004533424687363028,8.301455204839823e-05,0.0
0.009221978823334321,1.0,0.000316,0.1,0.0,0.004533424687363028,8.301455204839823e-05,0.0
0.009221978823334321,1.0,0.000398,0.1,0.0,0.004533424687363028,8.301455204839823e-05,0.0
0.009221978823334321,1.0,0.000501,0.1,0.0,0.004533424687363028,8.301455204839823e-05,0.0
0.009221978823334321,1.0,0.000631,0.1,0.0,0.004533424687363028,8.301455204839823e-05,0.0
0.009221978823334321,1.0,0.000794,0.1,0.0,0.004533424687363028,8.301455204839823e-05,0.0
0.009221978823334321,1.0,0.001,0.1,0.0,0.004533424687363028,8.301455204839823e-05,0.0
0.009221978823334321,1.0,0.00126,0.1,0.0,0.004533424687363028,8.301455204839823e-05,0.0
0.009221978823334321,1.0,0.00158,0.1,0.0,0.004533424687363028,8.301455204839823e-05,0.0
0.009221978823334321,1.0,0.002,0.1,0.0,0.004533424687363028,8.301455204839823e-05,0.0
0.009221978823334321,1.0,0.00251,0.1,0.0,0.004533424687363028,8.301455204839823e-05,0.0
0.009221978823334321,1.0,0.00316,0.1,0.0,0.004533424687363028,8.301455204839823e-05,0.0
0.009221978823334321,1.0,0.00398,0.1,0.0,0.004533424687363028,8.301455204839823e-05,0.0
0.009221978823334321,1.0,0.00501,0.1,0.0,0.004533424687363028,8.301455204839823e-05,0.0
0.009221978823334321,1.0,0.00631,0.1,0.0,0.004533424687363028,8.301455204839823e-05,0.0
0.009658832241158708,1.0,1e-06,0.1,0.0,0.004973062458569547,9.106505142958337e-05,0.0
0.009658832241158708,1.0,1.26e-06,0.1,0.0,0.004973062458569547,9.106505142958337e-05,0.0
0.009658832241158708,1.0,1.58e-06,0.1,0.0,0.004973062458569547,9.106505142958337e-05,0.0
0.009658832241158708,1.0,2e-06,0.1,0.0,0.004973062458569547,9.106505142958337e-05,0.0
0.009658832241158708,1.0,2.51e-06,0.1,0.0,0.004973062458569547,9.106505142958337e-05,0.0
0.009658832241158708,1.0,3.16e-06,0.1,0.0,0.004973062458569547,9.106505142958337e-05,0.0
0.009658832241158708,1.0,3.98e-06,0.1,0.0,0.004973062458569547,9.106505142958337e-05,0.0
0.009658832241158708,1.0,5.01e-06,0.1,0.0,0.004973062458569547,9.106505142958337e-05,0.0
0.009658832241158708,1.0,6.31e-06,0.1,0.0,0.004973062458569547,9.106505142958337e-05,0.0
0.009658832241158708,1.0,7.94e-06,0.1,0.0,0.004973062458569547,9.106505142958337e-05,0.0
0.009658832241158708,1.0,1e-05,0.1,0.0,0.004973062458569547,9.106505142958337e-05,0.0
0.009658832241158708,1.0,1.26e-05,0.1,0.0,0.004973062458569547,9.106505142958337e-05,0.0
0.009658832241158708,1.0,1.58e-05,0.1,0.0,0.004973062458569547,9.106505142958337e-05,0.0
0.009658832241158708,1.0,2e-05,0.1,3.3333333333333335e-05,0.004973062458569547,9.106505142958337e-05,0.019892249834278192
0.009658832241158708,1.0,2.51e-05,0.1,3.3333333333333335e-05,0.004973062458569547,9.106505142958337e-05,0.019892249834278192
0.009658832241158708,1.0,3.16e-05,0.1,0.0,0.004973062458569547,9.106505142958337e-05,0.0
0.009658832241158708,1.0,3.98e-05,0.1,3.3333333333333335e-05,0.004973062458569547,9.106505142958337e-05,0.019892249834278192
0.009658832241158708,1.0,5.01e-05,0.1,0.0,0.004973062458569547,9.106505142958337e-05,0.0
0.009658832241158708,1.0,6.31e-05,0.1,6.666666666666667e-05,0.004973062458569547,9.106505142958337e-05,0.039784499668556385
0.009658832241158708,1.0,7.94e-05,0.1,0.00013333333333333334,0.004973062458569547,9.106505142958337e-05,0.07956899933711277
0.009658832241158708,1.0,0.0001,0.1,0.00013333333333333334,0.004973062458569547,9.106505142958337e-05,0.07956899933711277
0.009658832241158708,1.0,0.000126,0.1,0.00016666666666666666,0.004973062458569547,9.106505142958337e-05,0.09946124917139096
0.009658832241158708,1.0,0.000158,0.1,6.666666666666667e-05,0.004973062458569547,9.106505142958337e-05,0.039784499668556385
0.009658832241158708,1.0,0.0002,0.1,0.00016666666666666666,0.004973062458569547,9.106505142958337e-05,0.09946124917139096
0.009658832241158708,1.0,0.000251,0.1,0.0,0.004973062458569547,9.106505142958337e-05,0.0
0.009658832241158708,1.0,0.000316,0.1,0.0,0.004973062458569547,9.106505142958337e-05,0.0
0.009658832241158708,1.0,0.000398,0.1,0.0,0.004973062458569547,9.106505142958337e-05,0.0
0.009658832241158708,1.0,0.000501,0.1,0.0,0.004973062458569547,9.106505142958337e-05,0.0
0.009658832241158708,1.0,0.000631,0.1,0.0,0.004973062458569547,9.106505142958337e-05,0.0
0.009658832241158708,1.0,0.000794,0.1,0.0,0.004973062458569547,9.106505142958337e-05,0.0
0.009658832241158708,1.0,0.001,0.1,0.0,0.004973062458569547,9.106505142958337e-05,0.0
0.009658832241158708,1.0,0.00126,0.1,0.0,0.004973062458569547,9.106505142958337e-05,0.0
0.009658832241158708,1.0,0.00158,0.1,0.0,0.004973062458569547,9.106505142958337e-05,0.0
0.009658832241158708,1.0,0.002,0.1,0.0,0.004973062458569547,9.106505142958337e-05,0.0
0.009658832241158708,1.0,0.00251,0.1,0.0,0.004973062458569547,9.106505142958337e-05,0.0
0.009658832241158708,1.0,0.00316,0.1,0.0,0.004973062458569547,9.106505142958337e-05,0.0
0.009658832241158708,1.0,0.00398,0.1,0.0,0.004973062458569547,9.106505142958337e-05,0.0
0.009658832241158708,1.0,0.00501,0.1,0.0,0.004973062458569547,9.106505142958337e-05,0.0
0.009658832241158708,1.0,0.00631,0.1,0.0,0.004973062458569547,9.106505142958337e-05,0.0
0.01011637979766207,1.0,1e-06,0.1,0.0,0.0054553307075108,9.989618581781359e-05,0.0
0.01011637979766207,1.0,1.26e-06,0.1,0.0,0.0054553307075108,9.989618581781359e-05,0.0
0.01011637979766207,1.0,1.58e-06,0.1,0.0,0.0054553307075108,9.989618581781359e-05,0.0
0.01011637979766207,1.0,2e-06,0.1,0.0,0.0054553307075108,9.989618581781359e-05,0.0
0.01011637979766207,1.0,2.51e-06,0.1,0.0,0.0054553307075108,9.989618581781359e-05,0.0
0.01011637979766207,1.0,3.16e-06,0.1,0.0,0.0054553307075108,9.989618581781359e-05,0.0
0.01011637979766207,1.0,3.98e-06,0.1,0.0,0.0054553307075108,9.989618581781359e-05,0.0
0.01011637979766207,1.0,5.01e-06,0.1,0.0,0.0054553307075108,9.989618581781359e-05,0.0
0.01011637979766207,1.0,6.31e-06,0.1,0.0,0.0054553307075108,9.989618581781359e-05,0.0
0.01011637979766207,1.0,7.94e-06,0.1,0.0,0.0054553307075108,9.989618581781359e-05,0.0
0.01011637979766207,1.0,1e-05,0.1,0.0,0.0054553307075108,9.989618581781359e-05,0.0
0.01011637979766207,1.0,1.26e-05,0.1,0.0,0.0054553307075108,9.989618581781359e-05,0.0
0.01011637979766207,1.0,1.58e-05,0.1,0.0,0.0054553307075108,9.989618581781359e-05,0.0
0.01011637979766207,1.0,2e-05,0.1,3.3333333333333335e-05,0.0054553307075108,9.989618581781359e-05,0.021821322830043205
0.01011637979766207,1.0,2.51e-05,0.1,3.3333333333333335e-05,0.0054553307075108,9.989618581781359e-05,0.021821322830043205
0.01011637979766207,1.0,3.16e-05,0.1,0.0,0.0054553307075108,9.989618581781359e-05,0.0
0.01011637979766207,1.0,3.98e-05,0.1,3.3333333333333335e-05,0.0054553307075108,9.989618581781359e-05,0.021821322830043205
0.01011637979766207,1.0,5.01e-05,0.1,0.0,0.0054553307075108,9.989618581781359e-05,0.0
0.01011637979766207,1.0,6.31e-05,0.1,6.666666666666667e-05,0.0054553307075108,9.989618581781359e-05,0.04364264566008641
0.01011637979766207,1.0,7.94e-05,0.1,0.00013333333333333334,0.0054553307075108,9.989618581781359e-05,0.08728529132017282
0.01011637979766207,1.0,0.0001,0.1,0.00013333333333333334,0.0054553307075108,9.989618581781359e-05,0.08728529132017282
0.01011637979766207,1.0,0.000126,0.1,0.00016666666666666666,0.0054553307075108,9.989618581781359e-05,0.10910661415021601
0.01011637979766207,1.0,0.000158,0.1,6.666666666666667e-05,0.0054553307075108,9.989618581781359e-05,0.04364264566008641
0.01011637979766207,1.0,0.0002,0.1,0.00016666666666666666,0.0054553307075108,9.989618581781359e-05,0.10910661415021601
0.01011637979766207,1.0,0.000251,0.1,0.0,0.0054553307075108,9.989618581781359e-05,0.0
0.01011637979766207,1.0,0.000316,0.1,0.0,0.0054553307075108,9.989618581781359e-05,0.0
0.01011637979766207,1.0,0.000398,0.1,0.0,0.0054553307075108,9.989618581781359e-05,0.0
0.01011637979766207,1.0,0.000501,0.1,0.0,0.0054553307075108,9.989618581781359e-05,0.0
0.01011637979766207,1.0,0.000631,0.1,0.0,0.0054553307075108,9.989618581781359e-05,0.0
0.01011637979766207,1.0,0.000794,0.1,0.0,0.0054553307075108,9.989618581781359e-05,0.0
0.01011637979766207,1.0,0.001,0.1,0.0,0.0054553307075108,9.989618581781359e-05,0.0
0.01011637979766207,1.0,0.00126,0.1,0.0,0.0054553307075108,9.989618581781359e-05,0.0
0.01011637979766207,1.0,0.00158,0.1,0.0,0.0054553307075108,9.989618581781359e-05,0.0
0.01011637979766207,1.0,0.002,0.1,0.0,0.0054553307075108,9.989618581781359e-05,0.0
0.01011637979766207,1.0,0.00251,0.1,0.0,0.0054553307075108,9.989618581781359e-05,0.0
0.01011637979766207,1.0,0.00316,0.1,0.0,0.0054553307075108,9.989618581781359e-05,0.0
0.01011637979766207,1.0,0.00398,0.1,0.0,0.0054553307075108,9.989618581781359e-05,0.0
0.01011637979766207,1.0,0.00501,0.1,0.0,0.0054553307075108,9.989618581781359e-05,0.0
0.01011637979766207,1.0,0.00631,0.1,0.0,0.0054553307075108,9.989618581781359e-05,0.0
0.010595601792776159,1.0,1e-06,0.1,0.0,0.005984362329383579,0.00010958363540347151,0.0
0.010595601792776159,1.0,1.26e-06,0.1,0.0,0.005984362329383579,0.00010958363540347151,0.0
0.010595601792776159,1.0,1.58e-06,0.1,0.0,0.005984362329383579,0.00010958363540347151,0.0
0.010595601792776159,1.0,2e-06,0.1,0.0,0.005984362329383579,0.00010958363540347151,0.0
0.010595601792776159,1.0,2.51e-06,0.1,0.0,0.005984362329383579,0.00010958363540347151,0.0
0.010595601792776159,1.0,3.16e-06,0.1,0.0,0.005984362329383579,0.00010958363540347151,0.0
0.010595601792776159,1.0,3.98e-06,0.1,0.0,0.005984362329383579,0.00010958363540347151,0.0
0.010595601792776159,1.0,5.01e-06,0.1,0.0,0.005984362329383579,0.00010958363540347151,0.0
0.010595601792776159,1.0,6.31e-06,0.1,0.0,0.005984362329383579,0.00010958363540347151,0.0
0.010595601792776159,1.0,7.94e-06,0.1,0.0,0.005984362329383579,0.00010958363540347151,0.0
0.010595601792776159,1.0,1e-05,0.1,0.0,0.005984362329383579,0.00010958363540347151,0.0
0.010595601792776159,1.0,1.26e-05,0.1,0.0,0.005984362329383579,0.00010958363540347151,0.0
0.010595601792776159,1.0,1.58e-05,0.1,0.0,0.005984362329383579,0.00010958363540347151,0.0
0.010595601792776159,1.0,2e-05,0.1,3.3333333333333335e-05,0.005984362329383579,0.00010958363540347151,0.023937449317534318
0.010595601792776159,1.0,2.51e-05,0.1,3.3333333333333335e-05,0.005984362329383579,0.00010958363540347151,0.023937449317534318
0.010595601792776159,1.0,3.16e-05,0.1,0.0,0.005984362329383579,0.00010958363540347151,0.0
0.010595601792776159,1.0,3.98e-05,0.1,3.3333333333333335e-05,0.005984362329383579,0.00010958363540347151,0.023937449317534318
0.010595601792776159,1.0,5.01e-05,0.1,0.0,0.005984362329383579,0.00010958363540347151,0.0
0.010595601792776159,1.0,6.31e-05,0.1,6.666666666666667e-05,0.005984362329383579,0.00010958363540347151,0.047874898635068636
0.010595601792776159,1.0,7.94e-05,0.1,0.00013333333333333334,0.005984362329383579,0.00010958363540347151,0.09574979727013727
0.010595601792776159,1.0,0.0001,0.1,0.00013333333333333334,0.005984362329383579,0.00010958363540347151,0.09574979727013727
0.010595601792776159,1.0,0.000126,0.1,0.00016666666666666666,0.005984362329383579,0.00010958363540347151,0.11968724658767156
0.010595601792776159,1.0,0.000158,0.1,6.666666666666667e-05,0.005984362329383579,0.00010958363540347151,0.047874898635068636
0.010595601792776159,1.0,0.0002,0.1,0.00016666666666666666,0.005984362329383579,0.00010958363540347151,0.11968724658767156
0.010595601792776159,1.0,0.000251,0.1,0.0,0.005984362329383579,0.00010958363540347151,0.0
0.010595601792776159,1.0,0.000316,0.1,0.0,0.005984362329383579,0.00010958363540347151,0.0
0.010595601792776159,1.0,0.000398,0.1,0.0,0.005984362329383579,0.00010958363540347151,0.0
0.010595601792776159,1.0,0.000501,0.1,0.0,0.005984362329383579,0.00010958363540347151,0.0
0.010595601792776159,1.0,0.000631,0.1,0.0,0.005984362329383579,0.00010958363540347151,0.0
0.010595601792776159,1.0,0.000794,0.1,0.0,0.005984362329383579,0.00010958363540347151,0.0
0.010595601792776159,1.0,0.001,0.1,0.0,0.005984362329383579,0.00010958363540347151,0.0
0.010595601792776159,1.0,0.00126,0.1,0.0,0.005984362329383579,0.00010958363540347151,0.0
0.010595601792776159,1.0,0.00158,0.1,0.0,0.005984362329383579,0.00010958363540347151,0.0
0.010595601792776159,1.0,0.002,0.1,0.0,0.005984362329383579,0.00010958363540347151,0.0
0.010595601792776159,1.0,0.00251,0.1,0.0,0.005984362329383579,0.00010958363540347151,0.0
0.010595601792776159,1.0,0.00316,0.1,0.0,0.005984362329383579,0.00010958363540347151,0.0
0.010595601792776159,1.0,0.00398,0.1,0.0,0.005984362329383579,0.00010958363540347151,0.0
0.010595601792776159,1.0,0.00501,0.1,0.0,0.005984362329383579,0.00010958363540347151,0.0
0.010595601792776159,1.0,0.00631,0.1,0.0,0.005984362329383579,0.00010958363540347151,0.0
0.011097524964120722,1.0,1e-06,0.1,0.0,0.006564690714873362,0.0001202104141159744,0.0
0.011097524964120722,1.0,1.26e-06,0.1,0.0,0.006564690714873362,0.0001202104141159744,0.0
0.011097524964120722,1.0,1.58e-06,0.1,0.0,0.006564690714873362,0.0001202104141159744,0.0
0.011097524964120722,1.0,2e-06,0.1,0.0,0.006564690714873362,0.0001202104141159744,0.0
0.011097524964120722,1.0,2.51e-06,0.1,0.0,0.006564690714873362,0.0001202104141159744,0.0
0.011097524964120722,1.0,3.16e-06,0.1,0.0,0.006564690714873362,0.0001202104141159744,0.0
0.011097524964120722,1.0,3.98e-06,0.1,0.0,0.006564690714873362,0.0001202104141159744,0.0
0.011097524964120722,1.0,5.01e-06,0.1,0.0,0.006564690714873362,0.0001202104141159744,0.0
0.011097524964120722,1.0,6.31e-06,0.1,0.0,0.006564690714873362,0.0001202104141159744,0.0
0.011097524964120722,1.0,7.94e-06,0.1,0.0,0.006564690714873362,0.0001202104141159744,0.0
0.011097524964120722,1.0,1e-05,0.1,0.0,0.006564690714873362,0.0001202104141159744,0.0
0.011097524964120722,1.0,1.26e-05,0.1,0.0,0.006564690714873362,0.0001202104141159744,0.0
0.011097524964120722,1.0,1.58e-05,0.1,0.0,0.006564690714873362,0.0001202104141159744,0.0
0.011097524964120722,1.0,2e-05,0.1,3.3333333333333335e-05,0.006564690714873362,0.0001202104141159744,0.026258762859493454
0.011097524964120722,1.0,2.51e-05,0.1,3.3333333333333335e-05,0.006564690714873362,0.0001202104141159744,0.026258762859493454
0.011097524964120722,1.0,3.16e-05,0.1,0.0,0.006564690714873362,0.0001202104141159744,0.0
0.011097524964120722,1.0,3.98e-05,0.1,3.3333333333333335e-05,0.006564690714873362,0.0001202104141159744,0.026258762859493454
0.011097524964120722,1.0,5.01e-05,0.1,0.0,0.006564690714873362,0.0001202104141159744,0.0
0.011097524964120722,1.0,6.31e-05,0.1,6.666666666666667e-05,0.006564690714873362,0.0001202104141159744,0.05251752571898691
0.011097524964120722,1.0,7.94e-05,0.1,0.00013333333333333334,0.006564690714873362,0.0001202104141159744,0.10503505143797381
0.011097524964120722,1.0,0.0001,0.1,0.00013333333333333334,0.006564690714873362,0.0001202104141159744,0.10503505143797381
0.011097524964120722,1.0,0.000126,0.1,0.00016666666666666666,0.006564690714873362,0.0001202104141159744,0.13129381429746723
0.011097524964120722,1.0,0.000158,0.1,6.666666666666667e-05,0.006564690714873362,0.0001202104141159744,0.05251752571898691
0.011097524964120722,1.0,0.0002,0.1,0.00016666666666666666,0.006564690714873362,0.0001202104141159744,0.13129381429746723
0.011097524964120722,1.0,0.000251,0.1,0.0,0.006564690714873362,0.0001202104141159744,0.0
0.011097524964120722,1.0,0.000316,0.1,0.0,0.006564690714873362,0.0001202104141159744,0.0
0.011097524964120722,1.0,0.000398,0.1,0.0,0.006564690714873362,0.0001202104141159744,0.0
0.011097524964120722,1.0,0.000501,0.1,0.0,0.006564690714873362,0.0001202104141159744,0.0
0.011097524964120722,1.0,0.000631,0.1,0.0,0.006564690714873362,0.0001202104141159744,0.0
0.011097524964120722,1.0,0.000794,0.1,0.0,0.006564690714873362,0.0001202104141159744,0.0
0.011097524964120722,1.0,0.001,0.1,0.0,0.006564690714873362,0.0001202104141159744,0.0
0.011097524964120722,1.0,0.00126,0.1,0.0,0.006564690714873362,0.0001202104141159744,0.0
0.011097524964120722,1.0,0.00158,0.1,0.0,0.006564690714873362,0.0001202104141159744,0.0
0.011097524964120722,1.0,0.002,0.1,0.0,0.006564690714873362,0.0001202104141159744,0.0
0.011097524964120722,1.0,0.00251,0.1,0.0,0.006564690714873362,0.0001202104141159744,0.0
0.011097524964120722,1.0,0.00316,0.1,0.0,0.006564690714873362,0.0001202104141159744,0.0
0.011097524964120722,1.0,0.00398,0.1,0.0,0.006564690714873362,0.0001202104141159744,0.0
0.011097524964120722,1.0,0.00501,0.1,0.0,0.006564690714873362,0.0001202104141159744,0.0
0.011097524964120722,1.0,0.00631,0.1,0.0,0.006564690714873362,0.0001202104141159744,0.0
0.011623224686798524,1.0,1e-06,0.1,0.0,0.007201288524088469,0.00013186757963904906,0.0
0.011623224686798524,1.0,1.26e-06,0.1,0.0,0.007201288524088469,0.00013186757963904906,0.0
0.011623224686798524,1.0,1.58e-06,0.1,0.0,0.007201288524088469,0.00013186757963904906,0.0
0.011623224686798524,1.0,2e-06,0.1,0.0,0.007201288524088469,0.00013186757963904906,0.0
0.011623224686798524,1.0,2.51e-06,0.1,0.0,0.007201288524088469,0.00013186757963904906,0.0
0.011623224686798524,1.0,3.16e-06,0.1,0.0,0.007201288524088469,0.00013186757963904906,0.0
0.011623224686798524,1.0,3.98e-06,0.1,0.0,0.007201288524088469,0.00013186757963904906,0.0
0.011623224686798524,1.0,5.01e-06,0.1,0.0,0.007201288524088469,0.00013186757963904906,0.0
0.011623224686798524,1.0,6.31e-06,0.1,0.0,0.007201288524088469,0.00013186757963904906,0.0
0.011623224686798524,1.0,7.94e-06,0.1,0.0,0.007201288524088469,0.00013186757963904906,0.0
0.011623224686798524,1.0,1e-05,0.1,0.0,0.007201288524088469,0.00013186757963904906,0.0
0.011623224686798524,1.0,1.26e-05,0.1,0.0,0.007201288524088469,0.00013186757963904906,0.0
0.011623224686798524,1.0,1.58e-05,0.1,0.0,0.007201288524088469,0.00013186757963904906,0.0
0.011623224686798524,1.0,2e-05,0.1,3.3333333333333335e-05,0.007201288524088469,0.00013186757963904906,0.028805154096353883
0.011623224686798524,1.0,2.51e-05,0.1,3.3333333333333335e-05,0.007201288524088469,0.00013186757963904906,0.028805154096353883
0.011623224686798524,1.0,3.16e-05,0.1,0.0,0.007201288524088469,0.00013186757963904906,0.0
0.011623224686798524,1.0,3.98e-05,0.1,3.3333333333333335e-05,0.007201288524088469,0.00013186757963904906,0.028805154096353883
0.011623224686798524,1.0,5.01e-05,0.1,0.0,0.007201288524088469,0.00013186757963904906,0.0
0.011623224686798524,1.0,6.31e-05,0.1,6.666666666666667e-05,0.007201288524088469,0.00013186757963904906,0.057610308192707765
0.011623224686798524,1.0,7.94e-05,0.1,0.00013333333333333334,0.007201288524088469,0.00013186757963904906,0.11522061638541553
0.011623224686798524,1.0,0.0001,0.1,0.00013333333333333334,0.007201288524088469,0.00013186757963904906,0.11522061638541553
0.011623224686798524,1.0,0.000126,0.1,0.00016666666666666666,0.007201288524088469,0.00013186757963904906,0.1440257704817694
0.011623224686798524,1.0,0.000158,0.1,6.666666666666667e-05,0.007201288524088469,0.00013186757963904906,0.057610308192707765
0.011623224686798524,1.0,0.0002,0.1,0.00016666666666666666,0.007201288524088469,0.00013186757963904906,0.1440257704817694
0.011623224686798524,1.0,0.000251,0.1,0.0,0.007201288524088469,0.00013186757963904906,0.0
0.011623224686798524,1.0,0.000316,0.1,0.0,0.007201288524088469,0.00013186757963904906,0.0
0.011623224686798524,1.0,0.000398,0.1,0.0,0.007201288524088469,0.00013186757963904906,0.0
0.011623224686798524,1.0,0.000501,0.1,0.0,0.007201288524088469,0.00013186757963904906,0.0
0.011623224686798524,1.0,0.000631,0.1,0.0,0.007201288524088469,0.00013186757963904906,0.0
0.011623224686798524,1.0,0.000794,0.1,0.0,0.007201288524088469,0.00013186757963904906,0.0
0.011623224686798524,1.0,0.001,0.1,0.0,0.007201288524088469,0.00013186757963904906,0.0
0.011623224686798524,1.0,0.00126,0.1,0.0,0.007201288524088469,0.00013186757963904906,0.0
0.011623224686798524,1.0,0.00158,0.1,0.0,0.007201288524088469,0.00013186757963904906,0.0
0.011623224686798524,1.0,0.002,0.1,0.0,0.007201288524088469,0.00013186757963904906,0.0
0.011623224686798524,1.0,0.00251,0.1,0.0,0.007201288524088469,0.00013186757963904906,0.0
0.011623224686798524,1.0,0.00316,0.1,0.0,0.007201288524088469,0.00013186757963904906,0.0
0.011623224686798524,1.0,0.00398,0.1,0.0,0.007201288524088469,0.00013186757963904906,0.0
0.011623224686798524,1.0,0.00501,0.1,0.0,0.007201288524088469,0.00013186757963904906,0.0
0.011623224686798524,1.0,0.00631,0.1,0.0,0.007201288524088469,0.00013186757963904906,0.0
0.012173827277396614,1.0,1e-06,0.1,0.0,0.007899610207104453,0.0001446550120326763,0.0
0.012173827277396614,1.0,1.26e-06,0.1,0.0,0.007899610207104453,0.0001446550120326763,0.0
0.012173827277396614,1.0,1.58e-06,0.1,0.0,0.007899610207104453,0.0001446550120326763,0.0
0.012173827277396614,1.0,2e-06,0.1,0.0,0.007899610207104453,0.0001446550120326763,0.0
0.012173827277396614,1.0,2.51e-06,0.1,0.0,0.007899610207104453,0.0001446550120326763,0.0
0.012173827277396614,1.0,3.16e-06,0.1,0.0,0.007899610207104453,0.0001446550120326763,0.0
0.012173827277396614,1.0,3.98e-06,0.1,0.0,0.007899610207104453,0.0001446550120326763,0.0
0.012173827277396614,1.0,5.01e-06,0.1,0.0,0.007899610207104453,0.0001446550120326763,0.0
0.012173827277396614,1.0,6.31e-06,0.1,0.0,0.007899610207104453,0.0001446550120326763,0.0
0.012173827277396614,1.0,7.94e-06,0.1,0.0,0.007899610207104453,0.0001446550120326763,0.0
0.012173827277396614,1.0,1e-05,0.1,0.0,0.007899610207104453,0.0001446550120326763,0.0
0.012173827277396614,1.0,1.26e-05,0.1,0.0,0.007899610207104453,0.0001446550120326763,0.0
0.012173827277396614,1.0,1.58e-05,0.1,0.0,0.007899610207104453,0.0001446550120326763,0.0
0.012173827277396614,1.0,2e-05,0.1,3.3333333333333335e-05,0.007899610207104453,0.0001446550120326763,0.03159844082841781
0.012173827277396614,1.0,2.51e-05,0.1,3.3333333333333335e-05,0.007899610207104453,0.0001446550120326763,0.03159844082841781
0.012173827277396614,1.0,3.16e-05,0.1,0.0,0.007899610207104453,0.0001446550120326763,0.0
0.012173827277396614,1.0,3.98e-05,0.1,3.3333333333333335e-05,0.007899610207104453,0.0001446550120326763,0.03159844082841781
0.012173827277396614,1.0,5.01e-05,0.1,0.0,0.007899610207104453,0.0001446550120326763,0.0
0.012173827277396614,1.0,6.31e-05,0.1,6.666666666666667e-05,0.007899610207104453,0.0001446550120326763,0.06319688165683562
0.012173827277396614,1.0,7.94e-05,0.1,0.00013333333333333334,0.007899610207104453,0.0001446550120326763,0.12639376331367125
0.012173827277396614,1.0,0.0001,0.1,0.00013333333333333334,0.007899610207104453,0.0001446550120326763,0.12639376331367125
0.012173827277396614,1.0,0.000126,0.1,0.00016666666666666666,0.007899610207104453,0.0001446550120326763,0.15799220414208906
0.012173827277396614,1.0,0.000158,0.1,6.666666666666667e-05,0.007899610207104453,0.0001446550120326763,0.06319688165683562
0.012173827277396614,1.0,0.0002,0.1,0.00016666666666666666,0.007899610207104453,0.0001446550120326763,0.15799220414208906
0.012173827277396614,1.0,0.000251,0.1,0.0,0.007899610207104453,0.0001446550120326763,0.0
0.012173827277396614,1.0,0.000316,0.1,0.0,0.007899610207104453,0.0001446550120326763,0.0
0.012173827277396614,1.0,0.000398,0.1,0.0,0.007899610207104453,0.0001446550120326763,0.0
0.012173827277396614,1.0,0.000501,0.1,0.0,0.007899610207104453,0.0001446550120326763,0.0
0.012173827277396614,1.0,0.000631,0.1,0.0,0.007899610207104453,0.0001446550120326763,0.0
0.012173827277396614,1.0,0.000794,0.1,0.0,0.007899610207104453,0.0001446550120326763,0.0
0.012173827277396614,1.0,0.001,0.1,0.0,0.007899610207104453,0.0001446550120326763,0.0
0.012173827277396614,1.0,0.00126,0.1,0.0,0.007899610207104453,0.0001446550120326763,0.0
0.012173827277396614,1.0,0.00158,0.1,0.0,0.007899610207104453,0.0001446550120326763,0.0
0.012173827277396614,1.0,0.002,0.1,0.0,0.007899610207104453,0.0001446550120326763,0.0
0.012173827277396614,1.0,0.00251,0.1,0.0,0.007899610207104453,0.0001446550120326763,0.0
0.012173827277396614,1.0,0.00316,0.1,0.0,0.007899610207104453,0.0001446550120326763,0.0
0.012173827277396614,1.0,0.00398,0.1,0.0,0.007899610207104453,0.0001446550120326763,0.0
0.012173827277396614,1.0,0.00501,0.1,0.0,0.007899610207104453,0.0001446550120326763,0.0
0.012173827277396614,1.0,0.00631,0.1,0.0,0.007899610207104453,0.0001446550120326763,0.0
0.012750512407130135,1.0,1e-06,0.1,0.0,0.00866563863166017,0.00015868226756381927,0.0
0.012750512407130135,1.0,1.26e-06,0.1,0.0,0.00866563863166017,0.00015868226756381927,0.0
0.012750512407130135,1.0,1.58e-06,0.1,0.0,0.00866563863166017,0.00015868226756381927,0.0
0.012750512407130135,1.0,2e-06,0.1,0.0,0.00866563863166017,0.00015868226756381927,0.0
0.012750512407130135,1.0,2.51e-06,0.1,0.0,0.00866563863166017,0.00015868226756381927,0.0
0.012750512407130135,1.0,3.16e-06,0.1,0.0,0.00866563863166017,0.00015868226756381927,0.0
0.012750512407130135,1.0,3.98e-06,0.1,0.0,0.00866563863166017,0.00015868226756381927,0.0
0.012750512407130135,1.0,5.01e-06,0.1,0.0,0.00866563863166017,0.00015868226756381927,0.0
0.012750512407130135,1.0,6.31e-06,0.1,0.0,0.00866563863166017,0.00015868226756381927,0.0
0.012750512407130135,1.0,7.94e-06,0.1,0.0,0.00866563863166017,0.00015868226756381927,0.0
0.012750512407130135,1.0,1e-05,0.1,0.0,0.00866563863166017,0.00015868226756381927,0.0
0.012750512407130135,1.0,1.26e-05,0.1,0.0,0.00866563863166017,0.00015868226756381927,0.0
0.012750512407130135,1.0,1.58e-05,0.1,0.0,0.00866563863166017,0.00015868226756381927,0.0
0.012750512407130135,1.0,2e-05,0.1,3.3333333333333335e-05,0.00866563863166017,0.00015868226756381927,0.03466255452664068
0.012750512407130135,1.0,2.51e-05,0.1,3.3333333333333335e-05,0.00866563863166017,0.00015868226756381927,0.03466255452664068
0.012750512407130135,1.0,3.16e-05,0.1,0.0,0.00866563863166017,0.00015868226756381927,0.0
0.012750512407130135,1.0,3.98e-05,0.1,3.3333333333333335e-05,0.00866563863166017,0.00015868226756381927,0.03466255452664068
0.012750512407130135,1.0,5.01e-05,0.1,0.0,0.00866563863166017,0.00015868226756381927,0.0
0.012750512407130135,1.0,6.31e-05,0.1,6.666666666666667e-05,0.00866563863166017,0.00015868226756381927,0.06932510905328136
0.012750512407130135,1.0,7.94e-05,0.1,0.00013333333333333334,0.00866563863166017,0.00015868226756381927,0.13865021810656272
0.012750512407130135,1.0,0.0001,0.1,0.00013333333333333334,0.00866563863166017,0.00015868226756381927,0.13865021810656272
0.012750512407130135,1.0,0.000126,0.1,0.00016666666666666666,0.00866563863166017,0.00015868226756381927,0.1733127726332034
0.012750512407130135,1.0,0.000158,0.1,6.666666666666667e-05,0.00866563863166017,0.00015868226756381927,0.06932510905328136
0.012750512407130135,1.0,0.0002,0.1,0.00016666666666666666,0.00866563863166017,0.00015868226756381927,0.1733127726332034
0.012750512407130135,1.0,0.000251,0.1,0.0,0.00866563863166017,0.00015868226756381927,0.0
0.012750512407130135,1.0,0.000316,0.1,0.0,0.00866563863166017,0.00015868226756381927,0.0
0.012750512407130135,1.0,0.000398,0.1,0.0,0.00866563863166017,0.00015868226756381927,0.0
0.012750512407130135,1.0,0.000501,0.1,0.0,0.00866563863166017,0.00015868226756381927,0.0
0.012750512407130135,1.0,0.000631,0.1,0.0,0.00866563863166017,0.00015868226756381927,0.0
0.012750512407130135,1.0,0.000794,0.1,0.0,0.00866563863166017,0.00015868226756381927,0.0
0.012750512407130135,1.0,0.001,0.1,0.0,0.00866563863166017,0.00015868226756381927,0.0
0.012750512407130135,1.0,0.00126,0.1,0.0,0.00866563863166017,0.00015868226756381927,0.0
0.012750512407130135,1.0,0.00158,0.1,0.0,0.00866563863166017,0.00015868226756381927,0.0
0.012750512407130135,1.0,0.002,0.1,0.0,0.00866563863166017,0.00015868226756381927,0.0
0.012750512407130135,1.0,0.00251,0.1,0.0,0.00866563863166017,0.00015868226756381927,0.0
0.012750512407130135,1.0,0.00316,0.1,0.0,0.00866563863166017,0.00015868226756381927,0.0
0.012750512407130135,1.0,0.00398,0.1,0.0,0.00866563863166017,0.00015868226756381927,0.0
0.012750512407130135,1.0,0.00501,0.1,0.0,0.00866563863166017,0.00015868226756381927,0.0
0.012750512407130135,1.0,0.00631,0.1,0.0,0.00866563863166017,0.00015868226756381927,0.0
0.013354515629298987,1.0,1e-06,0.1,0.0,0.009505936212940764,0.00017406951497785686,0.0
0.013354515629298987,1.0,1.26e-06,0.1,0.0,0.009505936212940764,0.00017406951497785686,0.0
0.013354515629298987,1.0,1.58e-06,0.1,0.0,0.009505936212940764,0.00017406951497785686,0.0
0.013354515629298987,1.0,2e-06,0.1,0.0,0.009505936212940764,0.00017406951497785686,0.0
0.013354515629298987,1.0,2.51e-06,0.1,0.0,0.009505936212940764,0.00017406951497785686,0.0
0.013354515629298987,1.0,3.16e-06,0.1,0.0,0.009505936212940764,0.00017406951497785686,0.0
0.013354515629298987,1.0,3.98e-06,0.1,0.0,0.009505936212940764,0.00017406951497785686,0.0
0.013354515629298987,1.0,5.01e-06,0.1,0.0,0.009505936212940764,0.00017406951497785686,0.0
0.013354515629298987,1.0,6.31e-06,0.1,0.0,0.009505936212940764,0.00017406951497785686,0.0
0.013354515629298987,1.0,7.94e-06,0.1,0.0,0.009505936212940764,0.00017406951497785686,0.0
0.013354515629298987,1.0,1e-05,0.1,0.0,0.009505936212940764,0.00017406951497785686,0.0
0.013354515629298987,1.0,1.26e-05,0.1,0.0,0.009505936212940764,0.00017406951497785686,0.0
0.013354515629298987,1.0,1.58e-05,0.1,0.0,0.009505936212940764,0.00017406951497785686,0.0
0.013354515629298987,1.0,2e-05,0.1,3.3333333333333335e-05,0.009505936212940764,0.00017406951497785686,0.03802374485176306
0.013354515629298987,1.0,2.51e-05,0.1,3.3333333333333335e-05,0.009505936212940764,0.00017406951497785686,0.03802374485176306
0.013354515629298987,1.0,3.16e-05,0.1,0.0,0.009505936212940764,0.00017406951497785686,0.0
0.013354515629298987,1.0,3.98e-05,0.1,3.3333333333333335e-05,0.009505936212940764,0.00017406951497785686,0.03802374485176306
0.013354515629298987,1.0,5.01e-05,0.1,0.0,0.009505936212940764,0.00017406951497785686,0.0
0.013354515629298987,1.0,6.31e-05,0.1,6.666666666666667e-05,0.009505936212940764,0.00017406951497785686,0.07604748970352612
0.013354515629298987,1.0,7.94e-05,0.1,0.00013333333333333334,0.009505936212940764,0.00017406951497785686,0.15209497940705224
0.013354515629298987,1.0,0.0001,0.1,0.00013333333333333334,0.009505936212940764,0.00017406951497785686,0.15209497940705224
0.013354515629298987,1.0,0.000126,0.1,0.00016666666666666666,0.009505936212940764,0.00017406951497785686,0.1901187242588153
0.013354515629298987,1.0,0.000158,0.1,6.666666666666667e-05,0.009505936212940764,0.00017406951497785686,0.07604748970352612
0.013354515629298987,1.0,0.0002,0.1,0.00016666666666666666,0.009505936212940764,0.00017406951497785686,0.1901187242588153
0.013354515629298987,1.0,0.000251,0.1,0.0,0.009505936212940764,0.00017406951497785686,0.0
0.013354515629298987,1.0,0.000316,0.1,0.0,0.009505936212940764,0.00017406951497785686,0.0
0.013354515629298987,1.0,0.000398,0.1,0.0,0.009505936212940764,0.00017406951497785686,0.0
0.013354515629298987,1.0,0.000501,0.1,0.0,0.009505936212940764,0.00017406951497785686,0.0
0.013354515629298987,1.0,0.000631,0.1,0.0,0.009505936212940764,0.00017406951497785686,0.0
0.013354515629298987,1.0,0.000794,0.1,0.0,0.009505936212940764,0.00017406951497785686,0.0
0.013354515629298987,1.0,0.001,0.1,0.0,0.009505936212940764,0.00017406951497785686,0.0
0.013354515629298987,1.0,0.00126,0.1,0.0,0.009505936212940764,0.00017406951497785686,0.0
0.013354515629298987,1.0,0.00158,0.1,0.0,0.009505936212940764,0.00017406951497785686,0.0
0.013354515629298987,1.0,0.002,0.1,0.0,0.009505936212940764,0.00017406951497785686,0.0
0.013354515629298987,1.0,0.00251,0.1,0.0,0.009505936212940764,0.00017406951497785686,0.0
0.013354515629298987,1.0,0.00316,0.1,0.0,0.009505936212940764,0.00017406951497785686,0.0
0.013354515629298987,1.0,0.00398,0.1,0.0,0.009505936212940764,0.00017406951497785686,0.0
0.013354515629298987,1.0,0.00501,0.1,0.0,0.009505936212940764,0.00017406951497785686,0.0
0.013354515629298987,1.0,0.00631,0.1,0.0,0.009505936212940764,0.00017406951497785686,0.0
0.013987131026472387,1.0,1e-06,0.1,0.0,0.010427700977995212,0.00019094856213139008,0.0
0.013987131026472387,1.0,1.26e-06,0.1,0.0,0.010427700977995212,0.00019094856213139008,0.0
0.013987131026472387,1.0,1.58e-06,0.1,0.0,0.010427700977995212,0.00019094856213139008,0.0
0.013987131026472387,1.0,2e-06,0.1,0.0,0.010427700977995212,0.00019094856213139008,0.0
0.013987131026472387,1.0,2.51e-06,0.1,0.0,0.010427700977995212,0.00019094856213139008,0.0
0.013987131026472387,1.0,3.16e-06,0.1,0.0,0.010427700977995212,0.00019094856213139008,0.0
0.013987131026472387,1.0,3.98e-06,0.1,0.0,0.010427700977995212,0.00019094856213139008,0.0
0.013987131026472387,1.0,5.01e-06,0.1,0.0,0.010427700977995212,0.00019094856213139008,0.0
0.013987131026472387,1.0,6.31e-06,0.1,0.0,0.010427700977995212,0.00019094856213139008,0.0
0.013987131026472387,1.0,7.94e-06,0.1,0.0,0.010427700977995212,0.00019094856213139008,0.0
0.013987131026472387,1.0,1e-05,0.1,0.0,0.010427700977995212,0.00019094856213139008,0.0
0.013987131026472387,1.0,1.26e-05,0.1,0.0,0.010427700977995212,0.00019094856213139008,0.0
0.013987131026472387,1.0,1.58e-05,0.1,0.0,0.010427700977995212,0.00019094856213139008,0.0
0.013987131026472387,1.0,2e-05,0.1,3.3333333333333335e-05,0.010427700977995212,0.00019094856213139008,0.04171080391198086
0.013987131026472387,1.0,2.51e-05,0.1,3.3333333333333335e-05,0.010427700977995212,0.00019094856213139008,0.04171080391198086
0.013987131026472387,1.0,3.16e-05,0.1,0.0,0.010427700977995212,0.00019094856213139008,0.0
0.013987131026472387,1.0,3.98e-05,0.1,3.3333333333333335e-05,0.010427700977995212,0.00019094856213139008,0.04171080391198086
0.013987131026472387,1.0,5.01e-05,0.1,0.0,0.010427700977995212,0.00019094856213139008,0.0
0.013987131026472387,1.0,6.31e-05,0.1,6.666666666666667e-05,0.010427700977995212,0.00019094856213139008,0.08342160782396171
0.013987131026472387,1.0,7.94e-05,0.1,0.00013333333333333334,0.010427700977995212,0.00019094856213139008,0.16684321564792343
0.013987131026472387,1.0,0.0001,0.1,0.00013333333333333334,0.010427700977995212,0.00019094856213139008,0.16684321564792343
0.013987131026472387,1.0,0.000126,0.1,0.00016666666666666666,0.010427700977995212,0.00019094856213139008,0.20855401955990424
0.013987131026472387,1.0,0.000158,0.1,6.666666666666667e-05,0.010427700977995212,0.00019094856213139008,0.08342160782396171
0.013987131026472387,1.0,0.0002,0.1,0.00016666666666666666,0.010427700977995212,0.00019094856213139008,0.20855401955990424
0.013987131026472387,1.0,0.000251,0.1,0.0,0.010427700977995212,0.00019094856213139008,0.0
0.013987131026472387,1.0,0.000316,0.1,0.0,0.010427700977995212,0.00019094856213139008,0.0
0.013987131026472387,1.0,0.000398,0.1,0.0,0.010427700977995212,0.00019094856213139008,0.0
0.013987131026472387,1.0,0.000501,0.1,0.0,0.010427700977995212,0.00019094856213139008,0.0
0.013987131026472387,1.0,0.000631,0.1,0.0,0.010427700977995212,0.00019094856213139008,0.0
0.013987131026472387,1.0,0.000794,0.1,0.0,0.010427700977995212,0.00019094856213139008,0.0
0.013987131026472387,1.0,0.001,0.1,0.0,0.010427700977995212,0.00019094856213139008,0.0
0.013987131026472387,1.0,0.00126,0.1,0.0,0.010427700977995212,0.00019094856213139008,0.0
0.013987131026472387,1.0,0.00158,0.1,0.0,0.010427700977995212,0.00019094856213139008,0.0
0.013987131026472387,1.0,0.002,0.1,0.0,0.010427700977995212,0.00019094856213139008,0.0
0.013987131026472387,1.0,0.00251,0.1,0.0,0.010427700977995212,0.00019094856213139008,0.0
0.013987131026472387,1.0,0.00316,0.1,0.0,0.010427700977995212,0.00019094856213139008,0.0
0.013987131026472387,1.0,0.00398,0.1,0.0,0.010427700977995212,0.00019094856213139008,0.0
0.013987131026472387,1.0,0.00501,0.1,0.0,0.010427700977995212,0.00019094856213139008,0.0
0.013987131026472387,1.0,0.00631,0.1,0.0,0.010427700977995212,0.00019094856213139008,0.0
0.014649713983072856,1.0,1e-06,0.1,0.0,0.011438828038456557,0.00020946398166007247,0.0
0.014649713983072856,1.0,1.26e-06,0.1,0.0,0.011438828038456557,0.00020946398166007247,0.0
0.014649713983072856,1.0,1.58e-06,0.1,0.0,0.011438828038456557,0.00020946398166007247,0.0
0.014649713983072856,1.0,2e-06,0.1,0.0,0.011438828038456557,0.00020946398166007247,0.0
0.014649713983072856,1.0,2.51e-06,0.1,0.0,0.011438828038456557,0.00020946398166007247,0.0
0.014649713983072856,1.0,3.16e-06,0.1,0.0,0.011438828038456557,0.00020946398166007247,0.0
0.014649713983072856,1.0,3.98e-06,0.1,0.0,0.011438828038456557,0.00020946398166007247,0.0
0.014649713983072856,1.0,5.01e-06,0.1,0.0,0.011438828038456557,0.00020946398166007247,0.0
0.014649713983072856,1.0,6.31e-06,0.1,0.0,0.011438828038456557,0.00020946398166007247,0.0
0.014649713983072856,1.0,7.94e-06,0.1,0.0,0.011438828038456557,0.00020946398166007247,0.0
0.014649713983072856,1.0,1e-05,0.1,0.0,0.011438828038456557,0.00020946398166007247,0.0
0.014649713983072856,1.0,1.26e-05,0.1,0.0,0.011438828038456557,0.00020946398166007247,0.0
0.014649713983072856,1.0,1.58e-05,0.1,0.0,0.011438828038456557,0.00020946398166007247,0.0
0.014649713983072856,1.0,2e-05,0.1,3.3333333333333335e-05,0.011438828038456557,0.00020946398166007247,0.045755312153826236
0.014649713983072856,1.0,2.51e-05,0.1,3.3333333333333335e-05,0.011438828038456557,0.00020946398166007247,0.045755312153826236
0.014649713983072856,1.0,3.16e-05,0.1,0.0,0.011438828038456557,0.00020946398166007247,0.0
0.014649713983072856,1.0,3.98e-05,0.1,3.3333333333333335e-05,0.011438828038456557,0.00020946398166007247,0.045755312153826236
0.014649713983072856,1.0,5.01e-05,0.1,0.0,0.011438828038456557,0.00020946398166007247,0.0
0.014649713983072856,1.0,6.31e-05,0.1,6.666666666666667e-05,0.011438828038456557,0.00020946398166007247,0.09151062430765247
0.014649713983072856,1.0,7.94e-05,0.1,0.00013333333333333334,0.011438828038456557,0.00020946398166007247,0.18302124861530494
0.014649713983072856,1.0,0.0001,0.1,0.00013333333333333334,0.011438828038456557,0.00020946398166007247,0.18302124861530494
0.014649713983072856,1.0,0.000126,0.1,0.00016666666666666666,0.011438828038456557,0.00020946398166007247,0.22877656076913114
0.014649713983072856,1.0,0.000158,0.1,6.666666666666667e-05,0.011438828038456557,0.00020946398166007247,0.09151062430765247
0.014649713983072856,1.0,0.0002,0.1,0.00016666666666666666,0.011438828038456557,0.00020946398166007247,0.22877656076913114
0.014649713983072856,1.0,0.000251,0.1,0.0,0.011438828038456557,0.00020946398166007247,0.0
0.014649713983072856,1.0,0.000316,0.1,0.0,0.011438828038456557,0.00020946398166007247,0.0
0.014649713983072856,1.0,0.000398,0.1,0.0,0.011438828038456557,0.00020946398166007247,0.0
0.014649713983072856,1.0,0.000501,0.1,0.0,0.011438828038456557,0.00020946398166007247,0.0
0.014649713983072856,1.0,0.000631,0.1,0.0,0.011438828038456557,0.00020946398166007247,0.0
0.014649713983072856,1.0,0.000794,0.1,0.0,0.011438828038456557,0.00020946398166007247,0.0
0.014649713983072856,1.0,0.001,0.1,0.0,0.011438828038456557,0.00020946398166007247,0.0
0.014649713983072856,1.0,0.00126,0.1,0.0,0.011438828038456557,0.00020946398166007247,0.0
0.014649713983072856,1.0,0.00158,0.1,0.0,0.011438828038456557,0.00020946398166007247,0.0
0.014649713983072856,1.0,0.002,0.1,0.0,0.011438828038456557,0.00020946398166007247,0.0
0.014649713983072856,1.0,0.00251,0.1,0.0,0.011438828038456557,0.00020946398166007247,0.0
0.014649713983072856,1.0,0.00316,0.1,0.0,0.011438828038456557,0.00020946398166007247,0.0
0.014649713983072856,1.0,0.00398,0.1,0.0,0.011438828038456557,0.00020946398166007247,0.0
0.014649713983072856,1.0,0.00501,0.1,0.0,0.011438828038456557,0.00020946398166007247,0.0
0.014649713983072856,1.0,0.00631,0.1,0.0,0.011438828038456557,0.00020946398166007247,0.0
0.015343684089300124,1.0,1e-06,0.1,0.0,0.012547976990173588,0.00022977434517805508,0.0
0.015343684089300124,1.0,1.26e-06,0.1,0.0,0.012547976990173588,0.00022977434517805508,0.0
0.015343684089300124,1.0,1.58e-06,0.1,0.0,0.012547976990173588,0.00022977434517805508,0.0
0.015343684089300124,1.0,2e-06,0.1,0.0,0.012547976990173588,0.00022977434517805508,0.0
0.015343684089300124,1.0,2.51e-06,0.1,0.0,0.012547976990173588,0.00022977434517805508,0.0
0.015343684089300124,1.0,3.16e-06,0.1,0.0,0.012547976990173588,0.00022977434517805508,0.0
0.015343684089300124,1.0,3.98e-06,0.1,0.0,0.012547976990173588,0.00022977434517805508,0.0
0.015343684089300124,1.0,5.01e-06,0.1,0.0,0.012547976990173588,0.00022977434517805508,0.0
0.015343684089300124,1.0,6.31e-06,0.1,0.0,0.012547976990173588,0.00022977434517805508,0.0
0.015343684089300124,1.0,7.94e-06,0.1,0.0,0.012547976990173588,0.00022977434517805508,0.0
0.015343684089300124,1.0,1e-05,0.1,0.0,0.012547976990173588,0.00022977434517805508,0.0
0.015343684089300124,1.0,1.26e-05,0.1,0.0,0.012547976990173588,0.00022977434517805508,0.0
0.015343684089300124,1.0,1.58e-05,0.1,0.0,0.012547976990173588,0.00022977434517805508,0.0
0.015343684089300124,1.0,2e-05,0.1,3.3333333333333335e-05,0.012547976990173588,0.00022977434517805508,0.050191907960694365
0.015343684089300124,1.0,2.51e-05,0.1,3.3333333333333335e-05,0.012547976990173588,0.00022977434517805508,0.050191907960694365
0.015343684089300124,1.0,3.16e-05,0.1,0.0,0.012547976990173588,0.00022977434517805508,0.0
0.015343684089300124,1.0,3.98e-05,0.1,3.3333333333333335e-05,0.012547976990173588,0.00022977434517805508,0.050191907960694365
0.015343684089300124,1.0,5.01e-05,0.1,0.0,0.012547976990173588,0.00022977434517805508,0.0
0.015343684089300124,1.0,6.31e-05,0.1,6.666666666666667e-05,0.012547976990173588,0.00022977434517805508,0.10038381592138873
0.015343684089300124,1.0,7.94e-05,0.1,0.00013333333333333334,0.012547976990173588,0.00022977434517805508,0.20076763184277746
0.015343684089300124,1.0,0.0001,0.1,0.00013333333333333334,0.012547976990173588,0.00022977434517805508,0.20076763184277746
0.015343684089300124,1.0,0.000126,0.1,0.00016666666666666666,0.012547976990173588,0.00022977434517805508,0.2509595398034718
0.015343684089300124,1.0,0.000158,0.1,6.666666666666667e-05,0.012547976990173588,0.00022977434517805508,0.10038381592138873
0.015343684089300124,1.0,0.0002,0.1,0.00016666666666666666,0.012547976990173588,0.00022977434517805508,0.2509595398034718
0.015343684089300124,1.0,0.000251,0.1,0.0,0.012547976990173588,0.00022977434517805508,0.0
0.015343684089300124,1.0,0.000316,0.1,0.0,0.012547976990173588,0.00022977434517805508,0.0
0.015343684089300124,1.0,0.000398,0.1,0.0,0.012547976990173588,0.00022977434517805508,0.0
0.015343684089300124,1.0,0.000501,0.1,0.0,0.012547976990173588,0.00022977434517805508,0.0
0.015343684089300124,1.0,0.000631,0.1,0.0,0.012547976990173588,0.00022977434517805508,0.0
0.015343684089300124,1.0,0.000794,0.1,0.0,0.012547976990173588,0.00022977434517805508,0.0
0.015343684089300124,1.0,0.001,0.1,0.0,0.012547976990173588,0.00022977434517805508,0.0
0.015343684089300124,1.0,0.00126,0.1,0.0,0.012547976990173588,0.00022977434517805508,0.0
0.015343684089300124,1.0,0.00158,0.1,0.0,0.012547976990173588,0.00022977434517805508,0.0
0.015343684089300124,1.0,0.002,0.1,0.0,0.012547976990173588,0.00022977434517805508,0.0
0.015343684089300124,1.0,0.00251,0.1,0.0,0.012547976990173588,0.00022977434517805508,0.0
0.015343684089300124,1.0,0.00316,0.1,0.0,0.012547976990173588,0.00022977434517805508,0.0
0.015343684089300124,1.0,0.00398,0.1,0.0,0.012547976990173588,0.00022977434517805508,0.0
0.015343684089300124,1.0,0.00501,0.1,0.0,0.012547976990173588,0.00022977434517805508,0.0
0.015343684089300124,1.0,0.00631,0.1,0.0,0.012547976990173588,0.00022977434517805508,0.0
0.01607052818261639,1.0,1e-06,0.1,0.0,0.013764645807458472,0.0002520535764046598,0.0
0.01607052818261639,1.0,1.26e-06,0.1,0.0,0.013764645807458472,0.0002520535764046598,0.0
0.01607052818261639,1.0,1.58e-06,0.1,0.0,0.013764645807458472,0.0002520535764046598,0.0
0.01607052818261639,1.0,2e-06,0.1,0.0,0.013764645807458472,0.0002520535764046598,0.0
0.01607052818261639,1.0,2.51e-06,0.1,0.0,0.013764645807458472,0.0002520535764046598,0.0
0.01607052818261639,1.0,3.16e-06,0.1,0.0,0.013764645807458472,0.0002520535764046598,0.0
0.01607052818261639,1.0,3.98e-06,0.1,0.0,0.013764645807458472,0.0002520535764046598,0.0
0.01607052818261639,1.0,5.01e-06,0.1,0.0,0.013764645807458472,0.0002520535764046598,0.0
0.01607052818261639,1.0,6.31e-06,0.1,0.0,0.013764645807458472,0.0002520535764046598,0.0
0.01607052818261639,1.0,7.94e-06,0.1,0.0,0.013764645807458472,0.0002520535764046598,0.0
0.01607052818261639,1.0,1e-05,0.1,0.0,0.013764645807458472,0.0002520535764046598,0.0
0.01607052818261639,1.0,1.26e-05,0.1,0.0,0.013764645807458472,0.0002520535764046598,0.0
0.01607052818261639,1.0,1.58e-05,0.1,0.0,0.013764645807458472,0.0002520535764046598,0.0
0.01607052818261639,1.0,2e-05,0.1,3.3333333333333335e-05,0.013764645807458472,0.0002520535764046598,0.0550585832298339
0.01607052818261639,1.0,2.51e-05,0.1,3.3333333333333335e-05,0.013764645807458472,0.0002520535764046598,0.0550585832298339
0.01607052818261639,1.0,3.16e-05,0.1,0.0,0.013764645807458472,0.0002520535764046598,0.0
0.01607052818261639,1.0,3.98e-05,0.1,3.3333333333333335e-05,0.013764645807458472,0.0002520535764046598,0.0550585832298339
0.01607052818261639,1.0,5.01e-05,0.1,0.0,0.013764645807458472,0.0002520535764046598,0.0
0.01607052818261639,1.0,6.31e-05,0.1,6.666666666666667e-05,0.013764645807458472,0.0002520535764046598,0.1101171664596678
0.01607052818261639,1.0,7.94e-05,0.1,0.00013333333333333334,0.013764645807458472,0.0002520535764046598,0.2202343329193356
0.01607052818261639,1.0,0.0001,0.1,0.00013333333333333334,0.013764645807458472,0.0002520535764046598,0.2202343329193356
0.01607052818261639,1.0,0.000126,0.1,0.00016666666666666666,0.013764645807458472,0.0002520535764046598,0.27529291614916945
0.01607052818261639,1.0,0.000158,0.1,6.666666666666667e-05,0.013764645807458472,0.0002520535764046598,0.1101171664596678
0.01607052818261639,1.0,0.0002,0.1,0.00016666666666666666,0.013764645807458472,0.0002520535764046598,0.27529291614916945
0.01607052818261639,1.0,0.000251,0.1,0.0,0.013764645807458472,0.0002520535764046598,0.0
0.01607052818261639,1.0,0.000316,0.1,0.0,0.013764645807458472,0.0002520535764046598,0.0
0.01607052818261639,1.0,0.000398,0.1,0.0,0.013764645807458472,0.0002520535764046598,0.0
0.01607052818261639,1.0,0.000501,0.1,0.0,0.013764645807458472,0.0002520535764046598,0.0
0.01607052818261639,1.0,0.000631,0.1,0.0,0.013764645807458472,0.0002520535764046598,0.0
0.01607052818261639,1.0,0.000794,0.1,0.0,0.013764645807458472,0.0002520535764046598,0.0
0.01607052818261639,1.0,0.001,0.1,0.0,0.013764645807458472,0.0002520535764046598,0.0
0.01607052818261639,1.0,0.00126,0.1,0.0,0.013764645807458472,0.0002520535764046598,0.0
0.01607052818261639,1.0,0.00158,0.1,0.0,0.013764645807458472,0.0002520535764046598,0.0
0.01607052818261639,1.0,0.002,0.1,0.0,0.013764645807458472,0.0002520535764046598,0.0
0.01607052818261639,1.0,0.00251,0.1,0.0,0.013764645807458472,0.0002520535764046598,0.0
0.01607052818261639,1.0,0.00316,0.1,0.0,0.013764645807458472,0.0002520535764046598,0.0
0.01607052818261639,1.0,0.00398,0.1,0.0,0.013764645807458472,0.0002520535764046598,0.0
0.01607052818261639,1.0,0.00501,0.1,0.0,0.013764645807458472,0.0002520535764046598,0.0
0.01607052818261639,1.0,0.00631,0.1,0.0,0.013764645807458472,0.0002520535764046598,0.0
0.016831803533309566,1.0,1e-06,0.1,0.0,0.015099251853269774,0.0002764924345956743,0.0
0.016831803533309566,1.0,1.26e-06,0.1,0.0,0.015099251853269774,0.0002764924345956743,0.0
0.016831803533309566,1.0,1.58e-06,0.1,0.0,0.015099251853269774,0.0002764924345956743,0.0
0.016831803533309566,1.0,2e-06,0.1,0.0,0.015099251853269774,0.0002764924345956743,0.0
0.016831803533309566,1.0,2.51e-06,0.1,0.0,0.015099251853269774,0.0002764924345956743,0.0
0.016831803533309566,1.0,3.16e-06,0.1,0.0,0.015099251853269774,0.0002764924345956743,0.0
0.016831803533309566,1.0,3.98e-06,0.1,0.0,0.015099251853269774,0.0002764924345956743,0.0
0.016831803533309566,1.0,5.01e-06,0.1,0.0,0.015099251853269774,0.0002764924345956743,0.0
0.016831803533309566,1.0,6.31e-06,0.1,0.0,0.015099251853269774,0.0002764924345956743,0.0
0.016831803533309566,1.0,7.94e-06,0.1,0.0,0.015099251853269774,0.0002764924345956743,0.0
0.016831803533309566,1.0,1e-05,0.1,0.0,0.015099251853269774,0.0002764924345956743,0.0
0.016831803533309566,1.0,1.26e-05,0.1,0.0,0.015099251853269774,0.0002764924345956743,0.0
0.016831803533309566,1.0,1.58e-05,0.1,0.0,0.015099251853269774,0.0002764924345956743,0.0
0.016831803533309566,1.0,2e-05,0.1,3.3333333333333335e-05,0.015099251853269774,0.0002764924345956743,0.06039700741307911
0.016831803533309566,1.0,2.51e-05,0.1,3.3333333333333335e-05,0.015099251853269774,0.0002764924345956743,0.06039700741307911
0.016831803533309566,1.0,3.16e-05,0.1,0.0,0.015099251853269774,0.0002764924345956743,0.0
0.016831803533309566,1.0,3.98e-05,0.1,3.3333333333333335e-05,0.015099251853269774,0.0002764924345956743,0.06039700741307911
0.016831803533309566,1.0,5.01e-05,0.1,0.0,0.015099251853269774,0.0002764924345956743,0.0
0.016831803533309566,1.0,6.31e-05,0.1,6.666666666666667e-05,0.015099251853269774,0.0002764924345956743,0.12079401482615822
0.016831803533309566,1.0,7.94e-05,0.1,0.00013333333333333334,0.015099251853269774,0.0002764924345956743,0.24158802965231643
0.016831803533309566,1.0,0.0001,0.1,0.00013333333333333334,0.015099251853269774,0.0002764924345956743,0.24158802965231643
0.016831803533309566,1.0,0.000126,0.1,0.00016666666666666666,0.015099251853269774,0.0002764924345956743,0.30198503706539553
0.016831803533309566,1.0,0.000158,0.1,6.666666666666667e-05,0.015099251853269774,0.0002764924345956743,0.12079401482615822
0.016831803533309566,1.0,0.0002,0.1,0.00016666666666666666,0.015099251853269774,0.0002764924345956743,0.30198503706539553
0.016831803533309566,1.0,0.000251,0.1,0.0,0.015099251853269774,0.0002764924345956743,0.0
0.016831803533309566,1.0,0.000316,0.1,0.0,0.015099251853269774,0.0002764924345956743,0.0
0.016831803533309566,1.0,0.000398,0.1,0.0,0.015099251853269774,0.0002764924345956743,0.0
0.016831803533309566,1.0,0.000501,0.1,0.0,0.015099251853269774,0.0002764924345956743,0.0
0.016831803533309566,1.0,0.000631,0.1,0.0,0.015099251853269774,0.0002764924345956743,0.0
0.016831803533309566,1.0,0.000794,0.1,0.0,0.015099251853269774,0.0002764924345956743,0.0
0.016831803533309566,1.0,0.001,0.1,0.0,0.015099251853269774,0.0002764924345956743,0.0
0.016831803533309566,1.0,0.00126,0.1,0.0,0.015099251853269774,0.0002764924345956743,0.0
0.016831803533309566,1.0,0.00158,0.1,0.0,0.015099251853269774,0.0002764924345956743,0.0
0.016831803533309566,1.0,0.002,0.1,0.0,0.015099251853269774,0.0002764924345956743,0.0
0.016831803533309566,1.0,0.00251,0.1,0.0,0.015099251853269774,0.0002764924345956743,0.0
0.016831803533309566,1.0,0.00316,0.1,0.0,0.015099251853269774,0.0002764924345956743,0.0
0.016831803533309566,1.0,0.00398,0.1,0.0,0.015099251853269774,0.0002764924345956743,0.0
0.016831803533309566,1.0,0.00501,0.1,0.0,0.015099251853269774,0.0002764924345956743,0.0
0.016831803533309566,1.0,0.00631,0.1,0.0,0.015099251853269774,0.0002764924345956743,0.0
0.01762914118095948,1.0,1e-06,0.1,0.0,0.01656322068517169,0.00030330014072828585,0.0
0.01762914118095948,1.0,1.26e-06,0.1,0.0,0.01656322068517169,0.00030330014072828585,0.0
0.01762914118095948,1.0,1.58e-06,0.1,0.0,0.01656322068517169,0.00030330014072828585,0.0
0.01762914118095948,1.0,2e-06,0.1,0.0,0.01656322068517169,0.00030330014072828585,0.0
0.01762914118095948,1.0,2.51e-06,0.1,0.0,0.01656322068517169,0.00030330014072828585,0.0
0.01762914118095948,1.0,3.16e-06,0.1,0.0,0.01656322068517169,0.00030330014072828585,0.0
0.01762914118095948,1.0,3.98e-06,0.1,0.0,0.01656322068517169,0.00030330014072828585,0.0
0.01762914118095948,1.0,5.01e-06,0.1,0.0,0.01656322068517169,0.00030330014072828585,0.0
0.01762914118095948,1.0,6.31e-06,0.1,0.0,0.01656322068517169,0.00030330014072828585,0.0
0.01762914118095948,1.0,7.94e-06,0.1,0.0,0.01656322068517169,0.00030330014072828585,0.0
0.01762914118095948,1.0,1e-05,0.1,0.0,0.01656322068517169,0.00030330014072828585,0.0
0.01762914118095948,1.0,1.26e-05,0.1,0.0,0.01656322068517169,0.00030330014072828585,0.0
0.01762914118095948,1.0,1.58e-05,0.1,0.0,0.01656322068517169,0.00030330014072828585,0.0
0.01762914118095948,1.0,2e-05,0.1,3.3333333333333335e-05,0.01656322068517169,0.00030330014072828585,0.06625288274068677
0.01762914118095948,1.0,2.51e-05,0.1,3.3333333333333335e-05,0.01656322068517169,0.00030330014072828585,0.06625288274068677
0.01762914118095948,1.0,3.16e-05,0.1,0.0,0.01656322068517169,0.00030330014072828585,0.0
0.01762914118095948,1.0,3.98e-05,0.1,3.3333333333333335e-05,0.01656322068517169,0.00030330014072828585,0.06625288274068677
0.01762914118095948,1.0,5.01e-05,0.1,0.0,0.01656322068517169,0.00030330014072828585,0.0
0.01762914118095948,1.0,6.31e-05,0.1,6.666666666666667e-05,0.01656322068517169,0.00030330014072828585,0.13250576548137355
0.01762914118095948,1.0,7.94e-05,0.1,0.00013333333333333334,0.01656322068517169,0.00030330014072828585,0.2650115309627471
0.01762914118095948,1.0,0.0001,0.1,0.00013333333333333334,0.01656322068517169,0.00030330014072828585,0.2650115309627471
0.01762914118095948,1.0,0.000126,0.1,0.00016666666666666666,0.01656322068517169,0.00030330014072828585,0.33126441370343385
0.01762914118095948,1.0,0.000158,0.1,6.666666666666667e-05,0.01656322068517169,0.00030330014072828585,0.13250576548137355
0.01762914118095948,1.0,0.0002,0.1,0.00016666666666666666,0.01656322068517169,0.00030330014072828585,0.33126441370343385
0.01762914118095948,1.0,0.000251,0.1,0.0,0.01656322068517169,0.00030330014072828585,0.0
0.01762914118095948,1.0,0.000316,0.1,0.0,0.01656322068517169,0.00030330014072828585,0.0
0.01762914118095948,1.0,0.000398,0.1,0.0,0.01656322068517169,0.00030330014072828585,0.0
0.01762914118095948,1.0,0.000501,0.1,0.0,0.01656322068517169,0.00030330014072828585,0.0
0.01762914118095948,1.0,0.000631,0.1,0.0,0.01656322068517169,0.00030330014072828585,0.0
0.01762914118095948,1.0,0.000794,0.1,0.0,0.01656322068517169,0.00030330014072828585,0.0
0.01762914118095948,1.0,0.001,0.1,0.0,0.01656322068517169,0.00030330014072828585,0.0
0.01762914118095948,1.0,0.00126,0.1,0.0,0.01656322068517169,0.00030330014072828585,0.0
0.01762914118095948,1.0,0.00158,0.1,0.0,0.01656322068517169,0.00030330014072828585,0.0
0.01762914118095948,1.0,0.002,0.1,0.0,0.01656322068517169,0.00030330014072828585,0.0
0.01762914118095948,1.0,0.00251,0.1,0.0,0.01656322068517169,0.00030330014072828585,0.0
0.01762914118095948,1.0,0.00316,0.1,0.0,0.01656322068517169,0.00030330014072828585,0.0
0.01762914118095948,1.0,0.00398,0.1,0.0,0.01656322068517169,0.00030330014072828585,0.0
0.01762914118095948,1.0,0.00501,0.1,0.0,0.01656322068517169,0.00030330014072828585,0.0
0.01762914118095948,1.0,0.00631,0.1,0.0,0.01656322068517169,0.00030330014072828585,0.0
0.018464249428955436,1.0,1e-06,0.1,0.0,0.018169083400755463,0.00033270616005778175,0.0
0.018464249428955436,1.0,1.26e-06,0.1,0.0,0.018169083400755463,0.00033270616005778175,0.0
0.018464249428955436,1.0,1.58e-06,0.1,0.0,0.018169083400755463,0.00033270616005778175,0.0
0.018464249428955436,1.0,2e-06,0.1,0.0,0.018169083400755463,0.00033270616005778175,0.0
0.018464249428955436,1.0,2.51e-06,0.1,0.0,0.018169083400755463,0.00033270616005778175,0.0
0.018464249428955436,1.0,3.16e-06,0.1,0.0,0.018169083400755463,0.00033270616005778175,0.0
0.018464249428955436,1.0,3.98e-06,0.1,0.0,0.018169083400755463,0.00033270616005778175,0.0
0.018464249428955436,1.0,5.01e-06,0.1,0.0,0.018169083400755463,0.00033270616005778175,0.0
0.018464249428955436,1.0,6.31e-06,0.1,0.0,0.018169083400755463,0.00033270616005778175,0.0
0.018464249428955436,1.0,7.94e-06,0.1,0.0,0.018169083400755463,0.00033270616005778175,0.0
0.018464249428955436,1.0,1e-05,0.1,0.0,0.018169083400755463,0.00033270616005778175,0.0
0.018464249428955436,1.0,1.26e-05,0.1,0.0,0.018169083400755463,0.00033270616005778175,0.0
0.018464249428955436,1.0,1.58e-05,0.1,0.0,0.018169083400755463,0.00033270616005778175,0.0
0.018464249428955436,1.0,2e-05,0.1,3.3333333333333335e-05,0.018169083400755463,0.00033270616005778175,0.07267633360302188
0.018464249428955436,1.0,2.51e-05,0.1,3.3333333333333335e-05,0.018169083400755463,0.00033270616005778175,0.07267633360302188
0.018464249428955436,1.0,3.16e-05,0.1,0.0,0.018169083400755463,0.00033270616005778175,0.0
0.018464249428955436,1.0,3.98e-05,0.1,3.3333333333333335e-05,0.018169083400755463,0.00033270616005778175,0.07267633360302188
0.018464249428955436,1.0,5.01e-05,0.1,0.0,0.018169083400755463,0.00033270616005778175,0.0
0.018464249428955436,1.0,6.31e-05,0.1,6.666666666666667e-05,0.018169083400755463,0.00033270616005778175,0.14535266720604376
0.018464249428955436,1.0,7.94e-05,0.1,0.00013333333333333334,0.018169083400755463,0.00033270616005778175,0.2907053344120875
0.018464249428955436,1.0,0.0001,0.1,0.00013333333333333334,0.018169083400755463,0.00033270616005778175,0.2907053344120875
0.018464249428955436,1.0,0.000126,0.1,0.00016666666666666666,0.018169083400755463,0.00033270616005778175,0.3633816680151093
0.018464249428955436,1.0,0.000158,0.1,6.666666666666667e-05,0.018169083400755463,0.00033270616005778175,0.14535266720604376
0.018464249428955436,1.0,0.0002,0.1,0.00016666666666666666,0.018169083400755463,0.00033270616005778175,0.3633816680151093
0.018464249428955436,1.0,0.000251,0.1,0.0,0.018169083400755463,0.00033270616005778175,0.0
0.018464249428955436,1.0,0.000316,0.1,0.0,0.018169083400755463,0.00033270616005778175,0.0
0.018464249428955436,1.0,0.000398,0.1,0.0,0.018169083400755463,0.00033270616005778175,0.0
0.018464249428955436,1.0,0.000501,0.1,0.0,0.018169083400755463,0.00033270616005778175,0.0
0.018464249428955436,1.0,0.000631,0.1,0.0,0.018169083400755463,0.00033270616005778175,0.0
0.018464249428955436,1.0,0.000794,0.1,0.0,0.018169083400755463,0.00033270616005778175,0.0
0.018464249428955436,1.0,0.001,0.1,0.0,0.018169083400755463,0.00033270616005778175,0.0
0.018464249428955436,1.0,0.00126,0.1,0.0,0.018169083400755463,0.00033270616005778175,0.0
0.018464249428955436,1.0,0.00158,0.1,0.0,0.018169083400755463,0.00033270616005778175,0.0
0.018464249428955436,1.0,0.002,0.1,0.0,0.018169083400755463,0.00033270616005778175,0.0
0.018464249428955436,1.0,0.00251,0.1,0.0,0.018169083400755463,0.00033270616005778175,0.0
0.018464249428955436,1.0,0.00316,0.1,0.0,0.018169083400755463,0.00033270616005778175,0.0
0.018464249428955436,1.0,0.00398,0.1,0.0,0.018169083400755463,0.00033270616005778175,0.0
0.018464249428955436,1.0,0.00501,0.1,0.0,0.018169083400755463,0.00033270616005778175,0.0
0.018464249428955436,1.0,0.00631,0.1,0.0,0.018169083400755463,0.00033270616005778175,0.0
0.01933891750455231,1.0,1e-06,0.1,0.0,0.019930583335824176,0.0003649621559389155,0.0
0.01933891750455231,1.0,1.26e-06,0.1,0.0,0.019930583335824176,0.0003649621559389155,0.0
0.01933891750455231,1.0,1.58e-06,0.1,0.0,0.019930583335824176,0.0003649621559389155,0.0
0.01933891750455231,1.0,2e-06,0.1,0.0,0.019930583335824176,0.0003649621559389155,0.0
0.01933891750455231,1.0,2.51e-06,0.1,0.0,0.019930583335824176,0.0003649621559389155,0.0
0.01933891750455231,1.0,3.16e-06,0.1,0.0,0.019930583335824176,0.0003649621559389155,0.0
0.01933891750455231,1.0,3.98e-06,0.1,0.0,0.019930583335824176,0.0003649621559389155,0.0
0.01933891750455231,1.0,5.01e-06,0.1,0.0,0.019930583335824176,0.0003649621559389155,0.0
0.01933891750455231,1.0,6.31e-06,0.1,0.0,0.019930583335824176,0.0003649621559389155,0.0
0.01933891750455231,1.0,7.94e-06,0.1,0.0,0.019930583335824176,0.0003649621559389155,0.0
0.01933891750455231,1.0,1e-05,0.1,0.0,0.019930583335824176,0.0003649621559389155,0.0
0.01933891750455231,1.0,1.26e-05,0.1,0.0,0.019930583335824176,0.0003649621559389155,0.0
0.01933891750455231,1.0,1.58e-05,0.1,0.0,0.019930583335824176,0.0003649621559389155,0.0
0.01933891750455231,1.0,2e-05,0.1,3.3333333333333335e-05,0.019930583335824176,0.0003649621559389155,0.07972233334329672
0.01933891750455231,1.0,2.51e-05,0.1,3.3333333333333335e-05,0.019930583335824176,0.0003649621559389155,0.07972233334329672
0.01933891750455231,1.0,3.16e-05,0.1,0.0,0.019930583335824176,0.0003649621559389155,0.0
0.01933891750455231,1.0,3.98e-05,0.1,3.3333333333333335e-05,0.019930583335824176,0.0003649621559389155,0.07972233334329672
0.01933891750455231,1.0,5.01e-05,0.1,0.0,0.019930583335824176,0.0003649621559389155,0.0
0.01933891750455231,1.0,6.31e-05,0.1,6.666666666666667e-05,0.019930583335824176,0.0003649621559389155,0.15944466668659343
0.01933891750455231,1.0,7.94e-05,0.1,0.00013333333333333334,0.019930583335824176,0.0003649621559389155,0.31888933337318687
0.01933891750455231,1.0,0.0001,0.1,0.00013333333333333334,0.019930583335824176,0.0003649621559389155,0.31888933337318687
0.01933891750455231,1.0,0.000126,0.1,0.00016666666666666666,0.019930583335824176,0.0003649621559389155,0.3986116667164835
0.01933891750455231,1.0,0.000158,0.1,6.666666666666667e-05,0.019930583335824176,0.0003649621559389155,0.15944466668659343
0.01933891750455231,1.0,0.0002,0.1,0.00016666666666666666,0.019930583335824176,0.0003649621559389155,0.3986116667164835
0.01933891750455231,1.0,0.000251,0.1,0.0,0.019930583335824176,0.0003649621559389155,0.0
0.01933891750455231,1.0,0.000316,0.1,0.0,0.019930583335824176,0.0003649621559389155,0.0
0.01933891750455231,1.0,0.000398,0.1,0.0,0.019930583335824176,0.0003649621559389155,0.0
0.01933891750455231,1.0,0.000501,0.1,0.0,0.019930583335824176,0.0003649621559389155,0.0
0.01933891750455231,1.0,0.000631,0.1,0.0,0.019930583335824176,0.0003649621559389155,0.0
0.01933891750455231,1.0,0.000794,0.1,0.0,0.019930583335824176,0.0003649621559389155,0.0
0.01933891750455231,1.0,0.001,0.1,0.0,0.019930583335824176,0.0003649621559389155,0.0
0.01933891750455231,1.0,0.00126,0.1,0.0,0.019930583335824176,0.0003649621559389155,0.0
0.01933891750455231,1.0,0.00158,0.1,0.0,0.019930583335824176,0.0003649621559389155,0.0
0.01933891750455231,1.0,0.002,0.1,0.0,0.019930583335824176,0.0003649621559389155,0.0
0.01933891750455231,1.0,0.00251,0.1,0.0,0.019930583335824176,0.0003649621559389155,0.0
0.01933891750455231,1.0,0.00316,0.1,0.0,0.019930583335824176,0.0003649621559389155,0.0
0.01933891750455231,1.0,0.00398,0.1,0.0,0.019930583335824176,0.0003649621559389155,0.0
0.01933891750455231,1.0,0.00501,0.1,0.0,0.019930583335824176,0.0003649621559389155,0.0
0.01933891750455231,1.0,0.00631,0.1,0.0,0.019930583335824176,0.0003649621559389155,0.0
0.020255019392306676,1.0,1e-06,0.1,0.0,0.021862793004498896,0.0004003441311939003,0.0
0.020255019392306676,1.0,1.26e-06,0.1,0.0,0.021862793004498896,0.0004003441311939003,0.0
0.020255019392306676,1.0,1.58e-06,0.1,0.0,0.021862793004498896,0.0004003441311939003,0.0
0.020255019392306676,1.0,2e-06,0.1,0.0,0.021862793004498896,0.0004003441311939003,0.0
0.020255019392306676,1.0,2.51e-06,0.1,0.0,0.021862793004498896,0.0004003441311939003,0.0
0.020255019392306676,1.0,3.16e-06,0.1,0.0,0.021862793004498896,0.0004003441311939003,0.0
0.020255019392306676,1.0,3.98e-06,0.1,0.0,0.021862793004498896,0.0004003441311939003,0.0
0.020255019392306676,1.0,5.01e-06,0.1,0.0,0.021862793004498896,0.0004003441311939003,0.0
0.020255019392306676,1.0,6.31e-06,0.1,0.0,0.021862793004498896,0.0004003441311939003,0.0
0.020255019392306676,1.0,7.94e-06,0.1,0.0,0.021862793004498896,0.0004003441311939003,0.0
0.020255019392306676,1.0,1e-05,0.1,0.0,0.021862793004498896,0.0004003441311939003,0.0
0.020255019392306676,1.0,1.26e-05,0.1,0.0,0.021862793004498896,0.0004003441311939003,0.0
0.020255019392306676,1.0,1.58e-05,0.1,0.0,0.021862793004498896,0.0004003441311939003,0.0
0.020255019392306676,1.0,2e-05,0.1,3.3333333333333335e-05,0.021862793004498896,0.0004003441311939003,0.08745117201799558
0.020255019392306676,1.0,2.51e-05,0.1,3.3333333333333335e-05,0.021862793004498896,0.0004003441311939003,0.08745117201799558
0.020255019392306676,1.0,3.16e-05,0.1,0.0,0.021862793004498896,0.0004003441311939003,0.0
0.020255019392306676,1.0,3.98e-05,0.1,3.3333333333333335e-05,0.021862793004498896,0.0004003441311939003,0.08745117201799558
0.020255019392306676,1.0,5.01e-05,0.1,0.0,0.021862793004498896,0.0004003441311939003,0.0
0.020255019392306676,1.0,6.31e-05,0.1,6.666666666666667e-05,0.021862793004498896,0.0004003441311939003,0.17490234403599117
0.020255019392306676,1.0,7.94e-05,0.1,0.00013333333333333334,0.021862793004498896,0.0004003441311939003,0.34980468807198234
0.020255019392306676,1.0,0.0001,0.1,0.00013333333333333334,0.021862793004498896,0.0004003441311939003,0.34980468807198234
0.020255019392306676,1.0,0.000126,0.1,0.00016666666666666666,0.021862793004498896,0.0004003441311939003,0.43725586008997797
0.020255019392306676,1.0,0.000158,0.1,6.666666666666667e-05,0.021862793004498896,0.0004003441311939003,0.17490234403599117
0.020255019392306676,1.0,0.0002,0.1,0.00016666666666666666,0.021862793004498896,0.0004003441311939003,0.43725586008997797
0.020255019392306676,1.0,0.000251,0.1,0.0,0.021862793004498896,0.0004003441311939003,0.0
0.020255019392306676,1.0,0.000316,0.1,0.0,0.021862793004498896,0.0004003441311939003,0.0
0.020255019392306676,1.0,0.000398,0.1,0.0,0.021862793004498896,0.0004003441311939003,0.0
0.020255019392306676,1.0,0.000501,0.1,0.0,0.021862793004498896,0.0004003441311939003,0.0
0.020255019392306676,1.0,0.000631,0.1,0.0,0.021862793004498896,0.0004003441311939003,0.0
0.020255019392306676,1.0,0.000794,0.1,0.0,0.021862793004498896,0.0004003441311939003,0.0
0.020255019392306676,1.0,0.001,0.1,0.0,0.021862793004498896,0.0004003441311939003,0.0
0.020255019392306676,1.0,0.00126,0.1,0.0,0.021862793004498896,0.0004003441311939003,0.0
0.020255019392306676,1.0,0.00158,0.1,0.0,0.021862793004498896,0.0004003441311939003,0.0
0.020255019392306676,1.0,0.002,0.1,0.0,0.021862793004498896,0.0004003441311939003,0.0
0.020255019392306676,1.0,0.00251,0.1,0.0,0.021862793004498896,0.0004003441311939003,0.0
0.020255019392306676,1.0,0.00316,0.1,0.0,0.021862793004498896,0.0004003441311939003,0.0
0.020255019392306676,1.0,0.00398,0.1,0.0,0.021862793004498896,0.0004003441311939003,0.0
0.020255019392306676,1.0,0.00501,0.1,0.0,0.021862793004498896,0.0004003441311939003,0.0
0.020255019392306676,1.0,0.00631,0.1,0.0,0.021862793004498896,0.0004003441311939003,0.0
0.021214517849106298,1.0,1e-06,0.1,0.0,0.023982242253008722,0.000439154774821621,0.0
0.021214517849106298,1.0,1.26e-06,0.1,0.0,0.023982242253008722,0.000439154774821621,0.0
0.021214517849106298,1.0,1.58e-06,0.1,0.0,0.023982242253008722,0.000439154774821621,0.0
0.021214517849106298,1.0,2e-06,0.1,0.0,0.023982242253008722,0.000439154774821621,0.0
0.021214517849106298,1.0,2.51e-06,0.1,0.0,0.023982242253008722,0.000439154774821621,0.0
0.021214517849106298,1.0,3.16e-06,0.1,0.0,0.023982242253008722,0.000439154774821621,0.0
0.021214517849106298,1.0,3.98e-06,0.1,0.0,0.023982242253008722,0.000439154774821621,0.0
0.021214517849106298,1.0,5.01e-06,0.1,0.0,0.023982242253008722,0.000439154774821621,0.0
0.021214517849106298,1.0,6.31e-06,0.1,0.0,0.023982242253008722,0.000439154774821621,0.0
0.021214517849106298,1.0,7.94e-06,0.1,0.0,0.023982242253008722,0.000439154774821621,0.0
0.021214517849106298,1.0,1e-05,0.1,0.0,0.023982242253008722,0.000439154774821621,0.0
0.021214517849106298,1.0,1.26e-05,0.1,0.0,0.023982242253008722,0.000439154774821621,0.0
0.021214517849106298,1.0,1.58e-05,0.1,0.0,0.023982242253008722,0.000439154774821621,0.0
0.021214517849106298,1.0,2e-05,0.1,3.3333333333333335e-05,0.023982242253008722,0.000439154774821621,0.0959289690120349
0.021214517849106298,1.0,2.51e-05,0.1,3.3333333333333335e-05,0.023982242253008722,0.000439154774821621,0.0959289690120349
0.021214517849106298,1.0,3.16e-05,0.1,0.0,0.023982242253008722,0.000439154774821621,0.0
0.021214517849106298,1.0,3.98e-05,0.1,3.3333333333333335e-05,0.023982242253008722,0.000439154774821621,0.0959289690120349
0.021214517849106298,1.0,5.01e-05,0.1,0.0,0.023982242253008722,0.000439154774821621,0.0
0.021214517849106298,1.0,6.31e-05,0.1,6.666666666666667e-05,0.023982242253008722,0.000439154774821621,0.1918579380240698
0.021214517849106298,1.0,7.94e-05,0.1,0.00013333333333333334,0.023982242253008722,0.000439154774821621,0.3837158760481396
0.021214517849106298,1.0,0.0001,0.1,0.00013333333333333334,0.023982242253008722,0.000439154774821621,0.3837158760481396
0.021214517849106298,1.0,0.000126,0.1,0.00016666666666666666,0.023982242253008722,0.000439154774821621,0.47964484506017446
0.021214517849106298,1.0,0.000158,0.1,6.666666666666667e-05,0.023982242253008722,0.000439154774821621,0.1918579380240698
0.021214517849106298,1.0,0.0002,0.1,0.00016666666666666666,0.023982242253008722,0.000439154774821621,0.47964484506017446
0.021214517849106298,1.0,0.000251,0.1,0.0,0.023982242253008722,0.000439154774821621,0.0
0.021214517849106298,1.0,0.000316,0.1,0.0,0.023982242253008722,0.000439154774821621,0.0
0.021214517849106298,1.0,0.000398,0.1,0.0,0.023982242253008722,0.000439154774821621,0.0
0.021214517849106298,1.0,0.000501,0.1,0.0,0.023982242253008722,0.000439154774821621,0.0
0.021214517849106298,1.0,0.000631,0.1,0.0,0.023982242253008722,0.000439154774821621,0.0
0.021214517849106298,1.0,0.000794,0.1,0.0,0.023982242253008722,0.000439154774821621,0.0
0.021214517849106298,1.0,0.001,0.1,0.0,0.023982242253008722,0.000439154774821621,0.0
0.021214517849106298,1.0,0.00126,0.1,0.0,0.023982242253008722,0.000439154774821621,0.0
0.021214517849106298,1.0,0.00158,0.1,0.0,0.023982242253008722,0.000439154774821621,0.0
0.021214517849106298,1.0,0.002,0.1,0.0,0.023982242253008722,0.000439154774821621,0.0
0.021214517849106298,1.0,0.00251,0.1,0.0,0.023982242253008722,0.000439154774821621,0.0
0.021214517849106298,1.0,0.00316,0.1,0.0,0.023982242253008722,0.000439154774821621,0.0
0.021214517849106298,1.0,0.00398,0.1,0.0,0.023982242253008722,0.000439154774821621,0.0
0.021214517849106298,1.0,0.00501,0.1,0.0,0.023982242253008722,0.000439154774821621,0.0
0.021214517849106298,1.0,0.00631,0.1,0.0,0.023982242253008722,0.000439154774821621,0.0
0.02221946860939524,1.0,1e-06,0.1,0.0,0.02630705868880816,0.00048172603348852156,0.0
0.02221946860939524,1.0,1.26e-06,0.1,0.0,0.02630705868880816,0.00048172603348852156,0.0
0.02221946860939524,1.0,1.58e-06,0.1,0.0,0.02630705868880816,0.00048172603348852156,0.0
0.02221946860939524,1.0,2e-06,0.1,0.0,0.02630705868880816,0.00048172603348852156,0.0
0.02221946860939524,1.0,2.51e-06,0.1,0.0,0.02630705868880816,0.00048172603348852156,0.0
0.02221946860939524,1.0,3.16e-06,0.1,0.0,0.02630705868880816,0.00048172603348852156,0.0
0.02221946860939524,1.0,3.98e-06,0.1,0.0,0.02630705868880816,0.00048172603348852156,0.0
0.02221946860939524,1.0,5.01e-06,0.1,0.0,0.02630705868880816,0.00048172603348852156,0.0
0.02221946860939524,1.0,6.31e-06,0.1,0.0,0.02630705868880816,0.00048172603348852156,0.0
0.02221946860939524,1.0,7.94e-06,0.1,0.0,0.02630705868880816,0.00048172603348852156,0.0
0.02221946860939524,1.0,1e-05,0.1,0.0,0.02630705868880816,0.00048172603348852156,0.0
0.02221946860939524,1.0,1.26e-05,0.1,0.0,0.02630705868880816,0.00048172603348852156,0.0
0.02221946860939524,1.0,1.58e-05,0.1,0.0,0.02630705868880816,0.00048172603348852156,0.0
0.02221946860939524,1.0,2e-05,0.1,3.3333333333333335e-05,0.02630705868880816,0.00048172603348852156,0.10522823475523267
0.02221946860939524,1.0,2.51e-05,0.1,3.3333333333333335e-05,0.02630705868880816,0.00048172603348852156,0.10522823475523267
0.02221946860939524,1.0,3.16e-05,0.1,0.0,0.02630705868880816,0.00048172603348852156,0.0
0.02221946860939524,1.0,3.98e-05,0.1,3.3333333333333335e-05,0.02630705868880816,0.00048172603348852156,0.10522823475523267
0.02221946860939524,1.0,5.01e-05,0.1,0.0,0.02630705868880816,0.00048172603348852156,0.0
0.02221946860939524,1.0,6.31e-05,0.1,6.666666666666667e-05,0.02630705868880816,0.00048172603348852156,0.21045646951046534
0.02221946860939524,1.0,7.94e-05,0.1,0.00013333333333333334,0.02630705868880816,0.00048172603348852156,0.4209129390209307
0.02221946860939524,1.0,0.0001,0.1,0.00013333333333333334,0.02630705868880816,0.00048172603348852156,0.4209129390209307
0.02221946860939524,1.0,0.000126,0.1,0.00016666666666666666,0.02630705868880816,0.00048172603348852156,0.5261411737761632
0.02221946860939524,1.0,0.000158,0.1,6.666666666666667e-05,0.02630705868880816,0.00048172603348852156,0.21045646951046534
0.02221946860939524,1.0,0.0002,0.1,0.00016666666666666666,0.02630705868880816,0.00048172603348852156,0.5261411737761632
0.02221946860939524,1.0,0.000251,0.1,0.0,0.02630705868880816,0.00048172603348852156,0.0
0.02221946860939524,1.0,0.000316,0.1,0.0,0.02630705868880816,0.00048172603348852156,0.0
0.02221946860939524,1.0,0.000398,0.1,0.0,0.02630705868880816,0.00048172603348852156,0.0
0.02221946860939524,1.0,0.000501,0.1,0.0,0.02630705868880816,0.00048172603348852156,0.0
0.02221946860939524,1.0,0.000631,0.1,0.0,0.02630705868880816,0.00048172603348852156,0.0
0.02221946860939524,1.0,0.000794,0.1,0.0,0.02630705868880816,0.00048172603348852156,0.0
0.02221946860939524,1.0,0.001,0.1,0.0,0.02630705868880816,0.00048172603348852156,0.0
0.02221946860939524,1.0,0.00126,0.1,0.0,0.02630705868880816,0.00048172603348852156,0.0
0.02221946860939524,1.0,0.00158,0.1,0.0,0.02630705868880816,0.00048172603348852156,0.0
0.02221946860939524,1.0,0.002,0.1,0.0,0.02630705868880816,0.00048172603348852156,0.0
0.02221946860939524,1.0,0.00251,0.1,0.0,0.02630705868880816,0.00048172603348852156,0.0
0.02221946860939524,1.0,0.00316,0.1,0.0,0.02630705868880816,0.00048172603348852156,0.0
0.02221946860939524,1.0,0.00398,0.1,0.0,0.02630705868880816,0.00048172603348852156,0.0
0.02221946860939524,1.0,0.00501,0.1,0.0,0.02630705868880816,0.00048172603348852156,0.0
0.02221946860939524,1.0,0.00631,0.1,0.0,0.02630705868880816,0.00048172603348852156,0.0
0.023272024789604086,1.0,1e-06,0.1,0.0,0.028857121544380842,0.0005284219290309621,0.0
0.023272024789604086,1.0,1.26e-06,0.1,0.0,0.028857121544380842,0.0005284219290309621,0.0
0.023272024789604086,1.0,1.58e-06,0.1,0.0,0.028857121544380842,0.0005284219290309621,0.0
0.023272024789604086,1.0,2e-06,0.1,0.0,0.028857121544380842,0.0005284219290309621,0.0
0.023272024789604086,1.0,2.51e-06,0.1,0.0,0.028857121544380842,0.0005284219290309621,0.0
0.023272024789604086,1.0,3.16e-06,0.1,0.0,0.028857121544380842,0.0005284219290309621,0.0
0.023272024789604086,1.0,3.98e-06,0.1,0.0,0.028857121544380842,0.0005284219290309621,0.0
0.023272024789604086,1.0,5.01e-06,0.1,0.0,0.028857121544380842,0.0005284219290309621,0.0
0.023272024789604086,1.0,6.31e-06,0.1,0.0,0.028857121544380842,0.0005284219290309621,0.0
0.023272024789604086,1.0,7.94e-06,0.1,0.0,0.028857121544380842,0.0005284219290309621,0.0
0.023272024789604086,1.0,1e-05,0.1,0.0,0.028857121544380842,0.0005284219290309621,0.0
0.023272024789604086,1.0,1.26e-05,0.1,0.0,0.028857121544380842,0.0005284219290309621,0.0
0.023272024789604086,1.0,1.58e-05,0.1,0.0,0.028857121544380842,0.0005284219290309621,0.0
0.023272024789604086,1.0,2e-05,0.1,3.3333333333333335e-05,0.028857121544380842,0.0005284219290309621,0.11542848617752338
0.023272024789604086,1.0,2.51e-05,0.1,3.3333333333333335e-05,0.028857121544380842,0.0005284219290309621,0.11542848617752338
0.023272024789604086,1.0,3.16e-05,0.1,0.0,0.028857121544380842,0.0005284219290309621,0.0
0.023272024789604086,1.0,3.98e-05,0.1,3.3333333333333335e-05,0.028857121544380842,0.0005284219290309621,0.11542848617752338
0.023272024789604086,1.0,5.01e-05,0.1,0.0,0.028857121544380842,0.0005284219290309621,0.0
0.023272024789604086,1.0,6.31e-05,0.1,6.666666666666667e-05,0.028857121544380842,0.0005284219290309621,0.23085697235504676
0.023272024789604086,1.0,7.94e-05,0.1,0.00013333333333333334,0.028857121544380842,0.0005284219290309621,0.4617139447100935
0.023272024789604086,1.0,0.0001,0.1,0.00013333333333333334,0.028857121544380842,0.0005284219290309621,0.4617139447100935
0.023272024789604086,1.0,0.000126,0.1,0.00016666666666666666,0.028857121544380842,0.0005284219290309621,0.5771424308876169
0.023272024789604086,1.0,0.000158,0.1,6.666666666666667e-05,0.028857121544380842,0.0005284219290309621,0.23085697235504676
0.023272024789604086,1.0,0.0002,0.1,0.00016666666666666666,0.028857121544380842,0.0005284219290309621,0.5771424308876169
0.023272024789604086,1.0,0.000251,0.1,0.0,0.028857121544380842,0.0005284219290309621,0.0
0.023272024789604086,1.0,0.000316,0.1,0.0,0.028857121544380842,0.0005284219290309621,0.0
0.023272024789604086,1.0,0.000398,0.1,0.0,0.028857121544380842,0.0005284219290309621,0.0
0.023272024789604086,1.0,0.000501,0.1,0.0,0.028857121544380842,0.0005284219290309621,0.0
0.023272024789604086,1.0,0.000631,0.1,0.0,0.028857121544380842,0.0005284219290309621,0.0
0.023272024789604086,1.0,0.000794,0.1,0.0,0.028857121544380842,0.0005284219290309621,0.0
0.023272024789604086,1.0,0.001,0.1,0.0,0.028857121544380842,0.0005284219290309621,0.0
0.023272024789604086,1.0,0.00126,0.1,0.0,0.028857121544380842,0.0005284219290309621,0.0
0.023272024789604086,1.0,0.00158,0.1,0.0,0.028857121544380842,0.0005284219290309621,0.0
0.023272024789604086,1.0,0.002,0.1,0.0,0.028857121544380842,0.0005284219290309621,0.0
0.023272024789604086,1.0,0.00251,0.1,0.0,0.028857121544380842,0.0005284219290309621,0.0
0.023272024789604086,1.0,0.00316,0.1,0.0,0.028857121544380842,0.0005284219290309621,0.0
0.023272024789604086,1.0,0.00398,0.1,0.0,0.028857121544380842,0.0005284219290309621,0.0
0.023272024789604086,1.0,0.00501,0.1,0.0,0.028857121544380842,0.0005284219290309621,0.0
0.023272024789604086,1.0,0.00631,0.1,0.0,0.028857121544380842,0.0005284219290309621,0.0
0.024374441501222206,1.0,1e-06,0.1,0.0,0.0316542302412234,0.0005796416451423439,0.0
0.024374441501222206,1.0,1.26e-06,0.1,0.0,0.0316542302412234,0.0005796416451423439,0.0
0.024374441501222206,1.0,1.58e-06,0.1,0.0,0.0316542302412234,0.0005796416451423439,0.0
0.024374441501222206,1.0,2e-06,0.1,0.0,0.0316542302412234,0.0005796416451423439,0.0
0.024374441501222206,1.0,2.51e-06,0.1,0.0,0.0316542302412234,0.0005796416451423439,0.0
0.024374441501222206,1.0,3.16e-06,0.1,0.0,0.0316542302412234,0.0005796416451423439,0.0
0.024374441501222206,1.0,3.98e-06,0.1,0.0,0.0316542302412234,0.0005796416451423439,0.0
0.024374441501222206,1.0,5.01e-06,0.1,0.0,0.0316542302412234,0.0005796416451423439,0.0
0.024374441501222206,1.0,6.31e-06,0.1,0.0,0.0316542302412234,0.0005796416451423439,0.0
0.024374441501222206,1.0,7.94e-06,0.1,0.0,0.0316542302412234,0.0005796416451423439,0.0
0.024374441501222206,1.0,1e-05,0.1,0.0,0.0316542302412234,0.0005796416451423439,0.0
0.024374441501222206,1.0,1.26e-05,0.1,0.0,0.0316542302412234,0.0005796416451423439,0.0
0.024374441501222206,1.0,1.58e-05,0.1,0.0,0.0316542302412234,0.0005796416451423439,0.0
0.024374441501222206,1.0,2e-05,0.1,3.3333333333333335e-05,0.0316542302412234,0.0005796416451423439,0.1266169209648936
0.024374441501222206,1.0,2.51e-05,0.1,3.3333333333333335e-05,0.0316542302412234,0.0005796416451423439,0.1266169209648936
0.024374441501222206,1.0,3.16e-05,0.1,0.0,0.0316542302412234,0.0005796416451423439,0.0
0.024374441501222206,1.0,3.98e-05,0.1,3.3333333333333335e-05,0.0316542302412234,0.0005796416451423439,0.1266169209648936
0.024374441501222206,1.0,5.01e-05,0.1,0.0,0.0316542302412234,0.0005796416451423439,0.0
0.024374441501222206,1.0,6.31e-05,0.1,6.666666666666667e-05,0.0316542302412234,0.0005796416451423439,0.2532338419297872
0.024374441501222206,1.0,7.94e-05,0.1,0.00013333333333333334,0.0316542302412234,0.0005796416451423439,0.5064676838595744
0.024374441501222206,1.0,0.0001,0.1,0.00013333333333333334,0.0316542302412234,0.0005796416451423439,0.5064676838595744
0.024374441501222206,1.0,0.000126,0.1,0.00016666666666666666,0.0316542302412234,0.0005796416451423439,0.633084604824468
0.024374441501222206,1.0,0.000158,0.1,6.666666666666667e-05,0.0316542302412234,0.0005796416451423439,0.2532338419297872
0.024374441501222206,1.0,0.0002,0.1,0.00016666666666666666,0.0316542302412234,0.0005796416451423439,0.633084604824468
0.024374441501222206,1.0,0.000251,0.1,0.0,0.0316542302412234,0.0005796416451423439,0.0
0.024374441501222206,1.0,0.000316,0.1,0.0,0.0316542302412234,0.0005796416451423439,0.0
0.024374441501222206,1.0,0.000398,0.1,0.0,0.0316542302412234,0.0005796416451423439,0.0
0.024374441501222206,1.0,0.000501,0.1,0.0,0.0316542302412234,0.0005796416451423439,0.0
0.024374441501222206,1.0,0.000631,0.1,0.0,0.0316542302412234,0.0005796416451423439,0.0
0.024374441501222206,1.0,0.000794,0.1,0.0,0.0316542302412234,0.0005796416451423439,0.0
0.024374441501222206,1.0,0.001,0.1,0.0,0.0316542302412234,0.0005796416451423439,0.0
0.024374441501222206,1.0,0.00126,0.1,0.0,0.0316542302412234,0.0005796416451423439,0.0
0.024374441501222206,1.0,0.00158,0.1,0.0,0.0316542302412234,0.0005796416451423439,0.0
0.024374441501222206,1.0,0.002,0.1,0.0,0.0316542302412234,0.0005796416451423439,0.0
0.024374441501222206,1.0,0.00251,0.1,0.0,0.0316542302412234,0.0005796416451423439,0.0
0.024374441501222206,1.0,0.00316,0.1,0.0,0.0316542302412234,0.0005796416451423439,0.0
0.024374441501222206,1.0,0.00398,0.1,0.0,0.0316542302412234,0.0005796416451423439,0.0
0.024374441501222206,1.0,0.00501,0.1,0.0,0.0316542302412234,0.0005796416451423439,0.0
0.024374441501222206,1.0,0.00631,0.1,0.0,0.0316542302412234,0.0005796416451423439,0.0
0.025529080682395178,1.0,1e-06,0.1,0.0,0.03472228903465648,0.0006358229085269453,0.0
0.025529080682395178,1.0,1.26e-06,0.1,0.0,0.03472228903465648,0.0006358229085269453,0.0
0.025529080682395178,1.0,1.58e-06,0.1,0.0,0.03472228903465648,0.0006358229085269453,0.0
0.025529080682395178,1.0,2e-06,0.1,0.0,0.03472228903465648,0.0006358229085269453,0.0
0.025529080682395178,1.0,2.51e-06,0.1,0.0,0.03472228903465648,0.0006358229085269453,0.0
0.025529080682395178,1.0,3.16e-06,0.1,0.0,0.03472228903465648,0.0006358229085269453,0.0
0.025529080682395178,1.0,3.98e-06,0.1,0.0,0.03472228903465648,0.0006358229085269453,0.0
0.025529080682395178,1.0,5.01e-06,0.1,0.0,0.03472228903465648,0.0006358229085269453,0.0
0.025529080682395178,1.0,6.31e-06,0.1,0.0,0.03472228903465648,0.0006358229085269453,0.0
0.025529080682395178,1.0,7.94e-06,0.1,0.0,0.03472228903465648,0.0006358229085269453,0.0
0.025529080682395178,1.0,1e-05,0.1,0.0,0.03472228903465648,0.0006358229085269453,0.0
0.025529080682395178,1.0,1.26e-05,0.1,0.0,0.03472228903465648,0.0006358229085269453,0.0
0.025529080682395178,1.0,1.58e-05,0.1,0.0,0.03472228903465648,0.0006358229085269453,0.0
0.025529080682395178,1.0,2e-05,0.1,3.3333333333333335e-05,0.03472228903465648,0.0006358229085269453,0.13888915613862593
0.025529080682395178,1.0,2.51e-05,0.1,3.3333333333333335e-05,0.03472228903465648,0.0006358229085269453,0.13888915613862593
0.025529080682395178,1.0,3.16e-05,0.1,0.0,0.03472228903465648,0.0006358229085269453,0.0
0.025529080682395178,1.0,3.98e-05,0.1,3.3333333333333335e-05,0.03472228903465648,0.0006358229085269453,0.13888915613862593
0.025529080682395178,1.0,5.01e-05,0.1,0.0,0.03472228903465648,0.0006358229085269453,0.0
0.025529080682395178,1.0,6.31e-05,0.1,6.666666666666667e-05,0.03472228903465648,0.0006358229085269453,0.27777831227725186
0.025529080682395178,1.0,7.94e-05,0.1,0.00013333333333333334,0.03472228903465648,0.0006358229085269453,0.5555566245545037
0.025529080682395178,1.0,0.0001,0.1,0.00013333333333333334,0.03472228903465648,0.0006358229085269453,0.5555566245545037
0.025529080682395178,1.0,0.000126,0.1,0.00016666666666666666,0.03472228903465648,0.0006358229085269453,0.6944457806931297
0.025529080682395178,1.0,0.000158,0.1,6.666666666666667e-05,0.03472228903465648,0.0006358229085269453,0.27777831227725186
0.025529080682395178,1.0,0.0002,0.1,0.00016666666666666666,0.03472228903465648,0.0006358229085269453,0.6944457806931297
0.025529080682395178,1.0,0.000251,0.1,0.0,0.03472228903465648,0.0006358229085269453,0.0
0.025529080682395178,1.0,0.000316,0.1,0.0,0.03472228903465648,0.0006358229085269453,0.0
0.025529080682395178,1.0,0.000398,0.1,0.0,0.03472228903465648,0.0006358229085269453,0.0
0.025529080682395178,1.0,0.000501,0.1,0.0,0.03472228903465648,0.0006358229085269453,0.0
0.025529080682395178,1.0,0.000631,0.1,0.0,0.03472228903465648,0.0006358229085269453,0.0
0.025529080682395178,1.0,0.000794,0.1,0.0,0.03472228903465648,0.0006358229085269453,0.0
0.025529080682395178,1.0,0.001,0.1,0.0,0.03472228903465648,0.0006358229085269453,0.0
0.025529080682395178,1.0,0.00126,0.1,0.0,0.03472228903465648,0.0006358229085269453,0.0
0.025529080682395178,1.0,0.00158,0.1,0.0,0.03472228903465648,0.0006358229085269453,0.0
0.025529080682395178,1.0,0.002,0.1,0.0,0.03472228903465648,0.0006358229085269453,0.0
0.025529080682395178,1.0,0.00251,0.1,0.0,0.03472228903465648,0.0006358229085269453,0.0
0.025529080682395178,1.0,0.00316,0.1,0.0,0.03472228903465648,0.0006358229085269453,0.0
0.025529080682395178,1.0,0.00398,0.1,0.0,0.03472228903465648,0.0006358229085269453,0.0
0.025529080682395178,1.0,0.00501,0.1,0.0,0.03472228903465648,0.0006358229085269453,0.0
0.025529080682395178,1.0,0.00631,0.1,0.0,0.03472228903465648,0.0006358229085269453,0.0
0.026738416158399468,1.0,1e-06,0.1,0.0,0.038087509244905816,0.0006974456920876363,0.0
0.026738416158399468,1.0,1.26e-06,0.1,0.0,0.038087509244905816,0.0006974456920876363,0.0
0.026738416158399468,1.0,1.58e-06,0.1,0.0,0.038087509244905816,0.0006974456920876363,0.0
0.026738416158399468,1.0,2e-06,0.1,0.0,0.038087509244905816,0.0006974456920876363,0.0
0.026738416158399468,1.0,2.51e-06,0.1,0.0,0.038087509244905816,0.0006974456920876363,0.0
0.026738416158399468,1.0,3.16e-06,0.1,0.0,0.038087509244905816,0.0006974456920876363,0.0
0.026738416158399468,1.0,3.98e-06,0.1,0.0,0.038087509244905816,0.0006974456920876363,0.0
0.026738416158399468,1.0,5.01e-06,0.1,0.0,0.038087509244905816,0.0006974456920876363,0.0
0.026738416158399468,1.0,6.31e-06,0.1,0.0,0.038087509244905816,0.0006974456920876363,0.0
0.026738416158399468,1.0,7.94e-06,0.1,0.0,0.038087509244905816,0.0006974456920876363,0.0
0.026738416158399468,1.0,1e-05,0.1,0.0,0.038087509244905816,0.0006974456920876363,0.0
0.026738416158399468,1.0,1.26e-05,0.1,0.0,0.038087509244905816,0.0006974456920876363,0.0
0.026738416158399468,1.0,1.58e-05,0.1,0.0,0.038087509244905816,0.0006974456920876363,0.0
0.026738416158399468,1.0,2e-05,0.1,3.3333333333333335e-05,0.038087509244905816,0.0006974456920876363,0.1523500369796233
0.026738416158399468,1.0,2.51e-05,0.1,3.3333333333333335e-05,0.038087509244905816,0.0006974456920876363,0.1523500369796233
0.026738416158399468,1.0,3.16e-05,0.1,0.0,0.038087509244905816,0.0006974456920876363,0.0
0.026738416158399468,1.0,3.98e-05,0.1,3.3333333333333335e-05,0.038087509244905816,0.0006974456920876363,0.1523500369796233
0.026738416158399468,1.0,5.01e-05,0.1,0.0,0.038087509244905816,0.0006974456920876363,0.0
0.026738416158399468,1.0,6.31e-05,0.1,6.666666666666667e-05,0.038087509244905816,0.0006974456920876363,0.3047000739592466
0.026738416158399468,1.0,7.94e-05,0.1,0.00013333333333333334,0.038087509244905816,0.0006974456920876363,0.6094001479184932
0.026738416158399468,1.0,0.0001,0.1,0.00013333333333333334,0.038087509244905816,0.0006974456920876363,0.6094001479184932
0.026738416158399468,1.0,0.000126,0.1,0.00016666666666666666,0.038087509244905816,0.0006974456920876363,0.7617501848981164
0.026738416158399468,1.0,0.000158,0.1,6.666666666666667e-05,0.038087509244905816,0.0006974456920876363,0.3047000739592466
0.026738416158399468,1.0,0.0002,0.1,0.00016666666666666666,0.038087509244905816,0.0006974456920876363,0.7617501848981164
0.026738416158399468,1.0,0.000251,0.1,0.0,0.038087509244905816,0.0006974456920876363,0.0
0.026738416158399468,1.0,0.000316,0.1,0.0,0.038087509244905816,0.0006974456920876363,0.0
0.026738416158399468,1.0,0.000398,0.1,0.0,0.038087509244905816,0.0006974456920876363,0.0
0.026738416158399468,1.0,0.000501,0.1,0.0,0.038087509244905816,0.0006974456920876363,0.0
0.026738416158399468,1.0,0.000631,0.1,0.0,0.038087509244905816,0.0006974456920876363,0.0
0.026738416158399468,1.0,0.000794,0.1,0.0,0.038087509244905816,0.0006974456920876363,0.0
0.026738416158399468,1.0,0.001,0.1,0.0,0.038087509244905816,0.0006974456920876363,0.0
0.026738416158399468,1.0,0.00126,0.1,0.0,0.038087509244905816,0.0006974456920876363,0.0
0.026738416158399468,1.0,0.00158,0.1,0.0,0.038087509244905816,0.0006974456920876363,0.0
0.026738416158399468,1.0,0.002,0.1,0.0,0.038087509244905816,0.0006974456920876363,0.0
0.026738416158399468,1.0,0.00251,0.1,0.0,0.038087509244905816,0.0006974456920876363,0.0
0.026738416158399468,1.0,0.00316,0.1,0.0,0.038087509244905816,0.0006974456920876363,0.0
0.026738416158399468,1.0,0.00398,0.1,0.0,0.038087509244905816,0.0006974456920876363,0.0
0.026738416158399468,1.0,0.00501,0.1,0.0,0.038087509244905816,0.0006974456920876363,0.0
0.026738416158399468,1.0,0.00631,0.1,0.0,0.038087509244905816,0.0006974456920876363,0.0
0.02800503894183631,1.0,1e-06,0.1,0.0,0.041778630714958895,0.0007650362701878574,0.0
0.02800503894183631,1.0,1.26e-06,0.1,0.0,0.041778630714958895,0.0007650362701878574,0.0
0.02800503894183631,1.0,1.58e-06,0.1,0.0,0.041778630714958895,0.0007650362701878574,0.0
0.02800503894183631,1.0,2e-06,0.1,0.0,0.041778630714958895,0.0007650362701878574,0.0
0.02800503894183631,1.0,2.51e-06,0.1,0.0,0.041778630714958895,0.0007650362701878574,0.0
0.02800503894183631,1.0,3.16e-06,0.1,0.0,0.041778630714958895,0.0007650362701878574,0.0
0.02800503894183631,1.0,3.98e-06,0.1,0.0,0.041778630714958895,0.0007650362701878574,0.0
0.02800503894183631,1.0,5.01e-06,0.1,0.0,0.041778630714958895,0.0007650362701878574,0.0
0.02800503894183631,1.0,6.31e-06,0.1,0.0,0.041778630714958895,0.0007650362701878574,0.0
0.02800503894183631,1.0,7.94e-06,0.1,0.0,0.041778630714958895,0.0007650362701878574,0.0
0.02800503894183631,1.0,1e-05,0.1,0.0,0.041778630714958895,0.0007650362701878574,0.0
0.02800503894183631,1.0,1.26e-05,0.1,0.0,0.041778630714958895,0.0007650362701878574,0.0
0.02800503894183631,1.0,1.58e-05,0.1,0.0,0.041778630714958895,0.0007650362701878574,0.0
0.02800503894183631,1.0,2e-05,0.1,3.3333333333333335e-05,0.041778630714958895,0.0007650362701878574,0.1671145228598356
0.02800503894183631,1.0,2.51e-05,0.1,3.3333333333333335e-05,0.041778630714958895,0.0007650362701878574,0.1671145228598356
0.02800503894183631,1.0,3.16e-05,0.1,0.0,0.041778630714958895,0.0007650362701878574,0.0
0.02800503894183631,1.0,3.98e-05,0.1,3.3333333333333335e-05,0.041778630714958895,0.0007650362701878574,0.1671145228598356
0.02800503894183631,1.0,5.01e-05,0.1,0.0,0.041778630714958895,0.0007650362701878574,0.0
0.02800503894183631,1.0,6.31e-05,0.1,6.666666666666667e-05,0.041778630714958895,0.0007650362701878574,0.3342290457196712
0.02800503894183631,1.0,7.94e-05,0.1,0.00013333333333333334,0.041778630714958895,0.0007650362701878574,0.6684580914393424
0.02800503894183631,1.0,0.0001,0.1,0.00013333333333333334,0.041778630714958895,0.0007650362701878574,0.6684580914393424
0.02800503894183631,1.0,0.000126,0.1,0.00016666666666666666,0.041778630714958895,0.0007650362701878574,0.835572614299178
0.02800503894183631,1.0,0.000158,0.1,6.666666666666667e-05,0.041778630714958895,0.0007650362701878574,0.3342290457196712
0.02800503894183631,1.0,0.0002,0.1,0.00016666666666666666,0.041778630714958895,0.0007650362701878574,0.835572614299178
0.02800503894183631,1.0,0.000251,0.1,0.0,0.041778630714958895,0.0007650362701878574,0.0
0.02800503894183631,1.0,0.000316,0.1,0.0,0.041778630714958895,0.0007650362701878574,0.0
0.02800503894183631,1.0,0.000398,0.1,0.0,0.041778630714958895,0.0007650362701878574,0.0
0.02800503894183631,1.0,0.000501,0.1,0.0,0.041778630714958895,0.0007650362701878574,0.0
0.02800503894183631,1.0,0.000631,0.1,0.0,0.041778630714958895,0.0007650362701878574,0.0
0.02800503894183631,1.0,0.000794,0.1,0.0,0.041778630714958895,0.0007650362701878574,0.0
0.02800503894183631,1.0,0.001,0.1,0.0,0.041778630714958895,0.0007650362701878574,0.0
0.02800503894183631,1.0,0.00126,0.1,0.0,0.041778630714958895,0.0007650362701878574,0.0
0.02800503894183631,1.0,0.00158,0.1,0.0,0.041778630714958895,0.0007650362701878574,0.0
0.02800503894183631,1.0,0.002,0.1,0.0,0.041778630714958895,0.0007650362701878574,0.0
0.02800503894183631,1.0,0.00251,0.1,0.0,0.041778630714958895,0.0007650362701878574,0.0
0.02800503894183631,1.0,0.00316,0.1,0.0,0.041778630714958895,0.0007650362701878574,0.0
0.02800503894183631,1.0,0.00398,0.1,0.0,0.041778630714958895,0.0007650362701878574,0.0
0.02800503894183631,1.0,0.00501,0.1,0.0,0.041778630714958895,0.0007650362701878574,0.0
0.02800503894183631,1.0,0.00631,0.1,0.0,0.041778630714958895,0.0007650362701878574,0.0
0.02933166278390044,1.0,1e-06,0.1,0.0,0.045827164281663356,0.000839171658701032,0.0
0.02933166278390044,1.0,1.26e-06,0.1,0.0,0.045827164281663356,0.000839171658701032,0.0
0.02933166278390044,1.0,1.58e-06,0.1,0.0,0.045827164281663356,0.000839171658701032,0.0
0.02933166278390044,1.0,2e-06,0.1,0.0,0.045827164281663356,0.000839171658701032,0.0
0.02933166278390044,1.0,2.51e-06,0.1,0.0,0.045827164281663356,0.000839171658701032,0.0
0.02933166278390044,1.0,3.16e-06,0.1,0.0,0.045827164281663356,0.000839171658701032,0.0
0.02933166278390044,1.0,3.98e-06,0.1,0.0,0.045827164281663356,0.000839171658701032,0.0
0.02933166278390044,1.0,5.01e-06,0.1,0.0,0.045827164281663356,0.000839171658701032,0.0
0.02933166278390044,1.0,6.31e-06,0.1,0.0,0.045827164281663356,0.000839171658701032,0.0
0.02933166278390044,1.0,7.94e-06,0.1,0.0,0.045827164281663356,0.000839171658701032,0.0
0.02933166278390044,1.0,1e-05,0.1,0.0,0.045827164281663356,0.000839171658701032,0.0
0.02933166278390044,1.0,1.26e-05,0.1,0.0,0.045827164281663356,0.000839171658701032,0.0
0.02933166278390044,1.0,1.58e-05,0.1,0.0,0.045827164281663356,0.000839171658701032,0.0
0.02933166278390044,1.0,2e-05,0.1,3.3333333333333335e-05,0.045827164281663356,0.000839171658701032,0.18330865712665345
0.02933166278390044,1.0,2.51e-05,0.1,3.3333333333333335e-05,0.045827164281663356,0.000839171658701032,0.18330865712665345
0.02933166278390044,1.0,3.16e-05,0.1,0.0,0.045827164281663356,0.000839171658701032,0.0
0.02933166278390044,1.0,3.98e-05,0.1,3.3333333333333335e-05,0.045827164281663356,0.000839171658701032,0.18330865712665345
0.02933166278390044,1.0,5.01e-05,0.1,0.0,0.045827164281663356,0.000839171658701032,0.0
0.02933166278390044,1.0,6.31e-05,0.1,6.666666666666667e-05,0.045827164281663356,0.000839171658701032,0.3666173142533069
0.02933166278390044,1.0,7.94e-05,0.1,0.00013333333333333334,0.045827164281663356,0.000839171658701032,0.7332346285066138
0.02933166278390044,1.0,0.0001,0.1,0.00013333333333333334,0.045827164281663356,0.000839171658701032,0.7332346285066138
0.02933166278390044,1.0,0.000126,0.1,0.00016666666666666666,0.045827164281663356,0.000839171658701032,0.9165432856332671
0.02933166278390044,1.0,0.000158,0.1,6.666666666666667e-05,0.045827164281663356,0.000839171658701032,0.3666173142533069
0.02933166278390044,1.0,0.0002,0.1,0.00016666666666666666,0.045827164281663356,0.000839171658701032,0.9165432856332671
0.02933166278390044,1.0,0.000251,0.1,0.0,0.045827164281663356,0.000839171658701032,0.0
0.02933166278390044,1.0,0.000316,0.1,0.0,0.045827164281663356,0.000839171658701032,0.0
0.02933166278390044,1.0,0.000398,0.1,0.0,0.045827164281663356,0.000839171658701032,0.0
0.02933166278390044,1.0,0.000501,0.1,0.0,0.045827164281663356,0.000839171658701032,0.0
0.02933166278390044,1.0,0.000631,0.1,0.0,0.045827164281663356,0.000839171658701032,0.0
0.02933166278390044,1.0,0.000794,0.1,0.0,0.045827164281663356,0.000839171658701032,0.0
0.02933166278390044,1.0,0.001,0.1,0.0,0.045827164281663356,0.000839171658701032,0.0
0.02933166278390044,1.0,0.00126,0.1,0.0,0.045827164281663356,0.000839171658701032,0.0
0.02933166278390044,1.0,0.00158,0.1,0.0,0.045827164281663356,0.000839171658701032,0.0
0.02933166278390044,1.0,0.002,0.1,0.0,0.045827164281663356,0.000839171658701032,0.0
0.02933166278390044,1.0,0.00251,0.1,0.0,0.045827164281663356,0.000839171658701032,0.0
0.02933166278390044,1.0,0.00316,0.1,0.0,0.045827164281663356,0.000839171658701032,0.0
0.02933166278390044,1.0,0.00398,0.1,0.0,0.045827164281663356,0.000839171658701032,0.0
0.02933166278390044,1.0,0.00501,0.1,0.0,0.045827164281663356,0.000839171658701032,0.0
0.02933166278390044,1.0,0.00631,0.1,0.0,0.045827164281663356,0.000839171658701032,0.0
0.030721129988617576,1.0,1e-06,0.1,0.0,0.05026765720400842,0.000920484475444212,0.0
0.030721129988617576,1.0,1.26e-06,0.1,0.0,0.05026765720400842,0.000920484475444212,0.0
0.030721129988617576,1.0,1.58e-06,0.1,0.0,0.05026765720400842,0.000920484475444212,0.0
0.030721129988617576,1.0,2e-06,0.1,0.0,0.05026765720400842,0.000920484475444212,0.0
0.030721129988617576,1.0,2.51e-06,0.1,0.0,0.05026765720400842,0.000920484475444212,0.0
0.030721129988617576,1.0,3.16e-06,0.1,0.0,0.05026765720400842,0.000920484475444212,0.0
0.030721129988617576,1.0,3.98e-06,0.1,0.0,0.05026765720400842,0.000920484475444212,0.0
0.030721129988617576,1.0,5.01e-06,0.1,0.0,0.05026765720400842,0.000920484475444212,0.0
0.030721129988617576,1.0,6.31e-06,0.1,0.0,0.05026765720400842,0.000920484475444212,0.0
0.030721129988617576,1.0,7.94e-06,0.1,0.0,0.05026765720400842,0.000920484475444212,0.0
0.030721129988617576,1.0,1e-05,0.1,0.0,0.05026765720400842,0.000920484475444212,0.0
0.030721129988617576,1.0,1.26e-05,0.1,0.0,0.05026765720400842,0.000920484475444212,0.0
0.030721129988617576,1.0,1.58e-05,0.1,0.0,0.05026765720400842,0.000920484475444212,0.0
0.030721129988617576,1.0,2e-05,0.1,3.3333333333333335e-05,0.05026765720400842,0.000920484475444212,0.2010706288160337
0.030721129988617576,1.0,2.51e-05,0.1,3.3333333333333335e-05,0.05026765720400842,0.000920484475444212,0.2010706288160337
0.030721129988617576,1.0,3.16e-05,0.1,0.0,0.05026765720400842,0.000920484475444212,0.0
0.030721129988617576,1.0,3.98e-05,0.1,3.3333333333333335e-05,0.05026765720400842,0.000920484475444212,0.2010706288160337
0.030721129988617576,1.0,5.01e-05,0.1,0.0,0.05026765720400842,0.000920484475444212,0.0
0.030721129988617576,1.0,6.31e-05,0.1,6.666666666666667e-05,0.05026765720400842,0.000920484475444212,0.4021412576320674
0.030721129988617576,1.0,7.94e-05,0.1,0.00013333333333333334,0.05026765720400842,0.000920484475444212,0.8042825152641347
0.030721129988617576,1.0,0.0001,0.1,0.00013333333333333334,0.05026765720400842,0.000920484475444212,0.8042825152641347
0.030721129988617576,1.0,0.000126,0.1,0.00016666666666666666,0.05026765720400842,0.000920484475444212,1.0053531440801684
0.030721129988617576,1.0,0.000158,0.1,6.666666666666667e-05,0.05026765720400842,0.000920484475444212,0.4021412576320674
0.030721129988617576,1.0,0.0002,0.1,0.00016666666666666666,0.05026765720400842,0.000920484475444212,1.0053531440801684
0.030721129988617576,1.0,0.000251,0.1,0.0,0.05026765720400842,0.000920484475444212,0.0
0.030721129988617576,1.0,0.000316,0.1,0.0,0.05026765720400842,0.000920484475444212,0.0
0.030721129988617576,1.0,0.000398,0.1,0.0,0.05026765720400842,0.000920484475444212,0.0
0.030721129988617576,1.0,0.000501,0.1,0.0,0.05026765720400842,0.000920484475444212,0.0
0.030721129988617576,1.0,0.000631,0.1,0.0,0.05026765720400842,0.000920484475444212,0.0
0.030721129988617576,1.0,0.000794,0.1,0.0,0.05026765720400842,0.000920484475444212,0.0
0.030721129988617576,1.0,0.001,0.1,0.0,0.05026765720400842,0.000920484475444212,0.0
0.030721129988617576,1.0,0.00126,0.1,0.0,0.05026765720400842,0.000920484475444212,0.0
0.030721129988617576,1.0,0.00158,0.1,0.0,0.05026765720400842,0.000920484475444212,0.0
0.030721129988617576,1.0,0.002,0.1,0.0,0.05026765720400842,0.000920484475444212,0.0
0.030721129988617576,1.0,0.00251,0.1,0.0,0.05026765720400842,0.000920484475444212,0.0
0.030721129988617576,1.0,0.00316,0.1,0.0,0.05026765720400842,0.000920484475444212,0.0
0.030721129988617576,1.0,0.00398,0.1,0.0,0.05026765720400842,0.000920484475444212,0.0
0.030721129988617576,1.0,0.00501,0.1,0.0,0.05026765720400842,0.000920484475444212,0.0
0.030721129988617576,1.0,0.00631,0.1,0.0,0.05026765720400842,0.000920484475444212,0.0
0.03217641750250737,1.0,1e-06,0.1,0.0,0.05513798366210601,0.0010096682596979676,0.0
0.03217641750250737,1.0,1.26e-06,0.1,0.0,0.05513798366210601,0.0010096682596979676,0.0
0.03217641750250737,1.0,1.58e-06,0.1,0.0,0.05513798366210601,0.0010096682596979676,0.0
0.03217641750250737,1.0,2e-06,0.1,0.0,0.05513798366210601,0.0010096682596979676,0.0
0.03217641750250737,1.0,2.51e-06,0.1,0.0,0.05513798366210601,0.0010096682596979676,0.0
0.03217641750250737,1.0,3.16e-06,0.1,0.0,0.05513798366210601,0.0010096682596979676,0.0
0.03217641750250737,1.0,3.98e-06,0.1,0.0,0.05513798366210601,0.0010096682596979676,0.0
0.03217641750250737,1.0,5.01e-06,0.1,0.0,0.05513798366210601,0.0010096682596979676,0.0
0.03217641750250737,1.0,6.31e-06,0.1,0.0,0.05513798366210601,0.0010096682596979676,0.0
0.03217641750250737,1.0,7.94e-06,0.1,0.0,0.05513798366210601,0.0010096682596979676,0.0
0.03217641750250737,1.0,1e-05,0.1,0.0,0.05513798366210601,0.0010096682596979676,0.0
0.03217641750250737,1.0,1.26e-05,0.1,0.0,0.05513798366210601,0.0010096682596979676,0.0
0.03217641750250737,1.0,1.58e-05,0.1,0.0,0.05513798366210601,0.0010096682596979676,0.0
0.03217641750250737,1.0,2e-05,0.1,3.3333333333333335e-05,0.05513798366210601,0.0010096682596979676,0.22055193464842407
0.03217641750250737,1.0,2.51e-05,0.1,3.3333333333333335e-05,0.05513798366210601,0.0010096682596979676,0.22055193464842407
0.03217641750250737,1.0,3.16e-05,0.1,0.0,0.05513798366210601,0.0010096682596979676,0.0
0.03217641750250737,1.0,3.98e-05,0.1,3.3333333333333335e-05,0.05513798366210601,0.0010096682596979676,0.22055193464842407
0.03217641750250737,1.0,5.01e-05,0.1,0.0,0.05513798366210601,0.0010096682596979676,0.0
0.03217641750250737,1.0,6.31e-05,0.1,6.666666666666667e-05,0.05513798366210601,0.0010096682596979676,0.44110386929684814
0.03217641750250737,1.0,7.94e-05,0.1,0.00013333333333333334,0.05513798366210601,0.0010096682596979676,0.8822077385936963
0.03217641750250737,1.0,0.0001,0.1,0.00013333333333333334,0.05513798366210601,0.0010096682596979676,0.8822077385936963
0.03217641750250737,1.0,0.000126,0.1,0.00016666666666666666,0.05513798366210601,0.0010096682596979676,1.1027596732421203
0.03217641750250737,1.0,0.000158,0.1,6.666666666666667e-05,0.05513798366210601,0.0010096682596979676,0.44110386929684814
0.03217641750250737,1.0,0.0002,0.1,0.00016666666666666666,0.05513798366210601,0.0010096682596979676,1.1027596732421203
0.03217641750250737,1.0,0.000251,0.1,0.0,0.05513798366210601,0.0010096682596979676,0.0
0.03217641750250737,1.0,0.000316,0.1,0.0,0.05513798366210601,0.0010096682596979676,0.0
0.03217641750250737,1.0,0.000398,0.1,0.0,0.05513798366210601,0.0010096682596979676,0.0
0.03217641750250737,1.0,0.000501,0.1,0.0,0.05513798366210601,0.0010096682596979676,0.0
0.03217641750250737,1.0,0.000631,0.1,0.0,0.05513798366210601,0.0010096682596979676,0.0
0.03217641750250737,1.0,0.000794,0.1,0.0,0.05513798366210601,0.0010096682596979676,0.0
0.03217641750250737,1.0,0.001,0.1,0.0,0.05513798366210601,0.0010096682596979676,0.0
0.03217641750250737,1.0,0.00126,0.1,0.0,0.05513798366210601,0.0010096682596979676,0.0
0.03217641750250737,1.0,0.00158,0.1,0.0,0.05513798366210601,0.0010096682596979676,0.0
0.03217641750250737,1.0,0.002,0.1,0.0,0.05513798366210601,0.0010096682596979676,0.0
0.03217641750250737,1.0,0.00251,0.1,0.0,0.05513798366210601,0.0010096682596979676,0.0
0.03217641750250737,1.0,0.00316,0.1,0.0,0.05513798366210601,0.0010096682596979676,0.0
0.03217641750250737,1.0,0.00398,0.1,0.0,0.05513798366210601,0.0010096682596979676,0.0
0.03217641750250737,1.0,0.00501,0.1,0.0,0.05513798366210601,0.0010096682596979676,0.0
0.03217641750250737,1.0,0.00631,0.1,0.0,0.05513798366210601,0.0010096682596979676,0.0
0.03370064329271928,1.0,1e-06,0.1,0.0,0.06047966262261204,0.0011074832928513467,0.0
0.03370064329271928,1.0,1.26e-06,0.1,0.0,0.06047966262261204,0.0011074832928513467,0.0
0.03370064329271928,1.0,1.58e-06,0.1,0.0,0.06047966262261204,0.0011074832928513467,0.0
0.03370064329271928,1.0,2e-06,0.1,0.0,0.06047966262261204,0.0011074832928513467,0.0
0.03370064329271928,1.0,2.51e-06,0.1,0.0,0.06047966262261204,0.0011074832928513467,0.0
0.03370064329271928,1.0,3.16e-06,0.1,0.0,0.06047966262261204,0.0011074832928513467,0.0
0.03370064329271928,1.0,3.98e-06,0.1,0.0,0.06047966262261204,0.0011074832928513467,0.0
0.03370064329271928,1.0,5.01e-06,0.1,0.0,0.06047966262261204,0.0011074832928513467,0.0
0.03370064329271928,1.0,6.31e-06,0.1,0.0,0.06047966262261204,0.0011074832928513467,0.0
0.03370064329271928,1.0,7.94e-06,0.1,0.0,0.06047966262261204,0.0011074832928513467,0.0
0.03370064329271928,1.0,1e-05,0.1,0.0,0.06047966262261204,0.0011074832928513467,0.0
0.03370064329271928,1.0,1.26e-05,0.1,0.0,0.06047966262261204,0.0011074832928513467,0.0
0.03370064329271928,1.0,1.58e-05,0.1,0.0,0.06047966262261204,0.0011074832928513467,0.0
0.03370064329271928,1.0,2e-05,0.1,3.3333333333333335e-05,0.06047966262261204,0.0011074832928513467,0.24191865049044817
0.03370064329271928,1.0,2.51e-05,0.1,3.3333333333333335e-05,0.06047966262261204,0.0011074832928513467,0.24191865049044817
0.03370064329271928,1.0,3.16e-05,0.1,0.0,0.06047966262261204,0.0011074832928513467,0.0
0.03370064329271928,1.0,3.98e-05,0.1,3.3333333333333335e-05,0.06047966262261204,0.0011074832928513467,0.24191865049044817
0.03370064329271928,1.0,5.01e-05,0.1,0.0,0.06047966262261204,0.0011074832928513467,0.0
0.03370064329271928,1.0,6.31e-05,0.1,6.666666666666667e-05,0.06047966262261204,0.0011074832928513467,0.48383730098089633
0.03370064329271928,1.0,7.94e-05,0.1,0.00013333333333333334,0.06047966262261204,0.0011074832928513467,0.9676746019617927
0.03370064329271928,1.0,0.0001,0.1,0.00013333333333333334,0.06047966262261204,0.0011074832928513467,0.9676746019617927
0.03370064329271928,1.0,0.000126,0.1,0.00016666666666666666,0.06047966262261204,0.0011074832928513467,1.2095932524522408
0.03370064329271928,1.0,0.000158,0.1,6.666666666666667e-05,0.06047966262261204,0.0011074832928513467,0.48383730098089633
0.03370064329271928,1.0,0.0002,0.1,0.00016666666666666666,0.06047966262261204,0.0011074832928513467,1.2095932524522408
0.03370064329271928,1.0,0.000251,0.1,0.0,0.06047966262261204,0.0011074832928513467,0.0
0.03370064329271928,1.0,0.000316,0.1,0.0,0.06047966262261204,0.0011074832928513467,0.0
0.03370064329271928,1.0,0.000398,0.1,0.0,0.06047966262261204,0.0011074832928513467,0.0
0.03370064329271928,1.0,0.000501,0.1,0.0,0.06047966262261204,0.0011074832928513467,0.0
0.03370064329271928,1.0,0.000631,0.1,0.0,0.06047966262261204,0.0011074832928513467,0.0
0.03370064329271928,1.0,0.000794,0.1,0.0,0.06047966262261204,0.0011074832928513467,0.0
0.03370064329271928,1.0,0.001,0.1,0.0,0.06047966262261204,0.0011074832928513467,0.0
0.03370064329271928,1.0,0.00126,0.1,0.0,0.06047966262261204,0.0011074832928513467,0.0
0.03370064329271928,1.0,0.00158,0.1,0.0,0.06047966262261204,0.0011074832928513467,0.0
0.03370064329271928,1.0,0.002,0.1,0.0,0.06047966262261204,0.0011074832928513467,0.0
0.03370064329271928,1.0,0.00251,0.1,0.0,0.06047966262261204,0.0011074832928513467,0.0
0.03370064329271928,1.0,0.00316,0.1,0.0,0.06047966262261204,0.0011074832928513467,0.0
0.03370064329271928,1.0,0.00398,0.1,0.0,0.06047966262261204,0.0011074832928513467,0.0
0.03370064329271928,1.0,0.00501,0.1,0.0,0.06047966262261204,0.0011074832928513467,0.0
0.03370064329271928,1.0,0.00631,0.1,0.0,0.06047966262261204,0.0011074832928513467,0.0
0.0352970730273065,1.0,1e-06,0.1,0.0,0.06633820556166446,0.0012147629657876665,0.0
0.0352970730273065,1.0,1.26e-06,0.1,0.0,0.06633820556166446,0.0012147629657876665,0.0
0.0352970730273065,1.0,1.58e-06,0.1,0.0,0.06633820556166446,0.0012147629657876665,0.0
0.0352970730273065,1.0,2e-06,0.1,0.0,0.06633820556166446,0.0012147629657876665,0.0
0.0352970730273065,1.0,2.51e-06,0.1,0.0,0.06633820556166446,0.0012147629657876665,0.0
0.0352970730273065,1.0,3.16e-06,0.1,0.0,0.06633820556166446,0.0012147629657876665,0.0
0.0352970730273065,1.0,3.98e-06,0.1,0.0,0.06633820556166446,0.0012147629657876665,0.0
0.0352970730273065,1.0,5.01e-06,0.1,0.0,0.06633820556166446,0.0012147629657876665,0.0
0.0352970730273065,1.0,6.31e-06,0.1,0.0,0.06633820556166446,0.0012147629657876665,0.0
0.0352970730273065,1.0,7.94e-06,0.1,0.0,0.06633820556166446,0.0012147629657876665,0.0
0.0352970730273065,1.0,1e-05,0.1,0.0,0.06633820556166446,0.0012147629657876665,0.0
0.0352970730273065,1.0,1.26e-05,0.1,0.0,0.06633820556166446,0.0012147629657876665,0.0
0.0352970730273065,1.0,1.58e-05,0.1,0.0,0.06633820556166446,0.0012147629657876665,0.0
0.0352970730273065,1.0,2e-05,0.1,3.3333333333333335e-05,0.06633820556166446,0.0012147629657876665,0.26535282224665785
0.0352970730273065,1.0,2.51e-05,0.1,3.3333333333333335e-05,0.06633820556166446,0.0012147629657876665,0.26535282224665785
0.0352970730273065,1.0,3.16e-05,0.1,0.0,0.06633820556166446,0.0012147629657876665,0.0
0.0352970730273065,1.0,3.98e-05,0.1,3.3333333333333335e-05,0.06633820556166446,0.0012147629657876665,0.26535282224665785
0.0352970730273065,1.0,5.01e-05,0.1,0.0,0.06633820556166446,0.0012147629657876665,0.0
0.0352970730273065,1.0,6.31e-05,0.1,6.666666666666667e-05,0.06633820556166446,0.0012147629657876665,0.5307056444933157
0.0352970730273065,1.0,7.94e-05,0.1,0.00013333333333333334,0.06633820556166446,0.0012147629657876665,1.0614112889866314
0.0352970730273065,1.0,0.0001,0.1,0.00013333333333333334,0.06633820556166446,0.0012147629657876665,1.0614112889866314
0.0352970730273065,1.0,0.000126,0.1,0.00016666666666666666,0.06633820556166446,0.0012147629657876665,1.326764111233289
0.0352970730273065,1.0,0.000158,0.1,6.666666666666667e-05,0.06633820556166446,0.0012147629657876665,0.5307056444933157
0.0352970730273065,1.0,0.0002,0.1,0.00016666666666666666,0.06633820556166446,0.0012147629657876665,1.326764111233289
0.0352970730273065,1.0,0.000251,0.1,0.0,0.06633820556166446,0.0012147629657876665,0.0
0.0352970730273065,1.0,0.000316,0.1,0.0,0.06633820556166446,0.0012147629657876665,0.0
0.0352970730273065,1.0,0.000398,0.1,0.0,0.06633820556166446,0.0012147629657876665,0.0
0.0352970730273065,1.0,0.000501,0.1,0.0,0.06633820556166446,0.0012147629657876665,0.0
0.0352970730273065,1.0,0.000631,0.1,0.0,0.06633820556166446,0.0012147629657876665,0.0
0.0352970730273065,1.0,0.000794,0.1,0.0,0.06633820556166446,0.0012147629657876665,0.0
0.0352970730273065,1.0,0.001,0.1,0.0,0.06633820556166446,0.0012147629657876665,0.0
0.0352970730273065,1.0,0.00126,0.1,0.0,0.06633820556166446,0.0012147629657876665,0.0
0.0352970730273065,1.0,0.00158,0.1,0.0,0.06633820556166446,0.0012147629657876665,0.0
0.0352970730273065,1.0,0.002,0.1,0.0,0.06633820556166446,0.0012147629657876665,0.0
0.0352970730273065,1.0,0.00251,0.1,0.0,0.06633820556166446,0.0012147629657876665,0.0
0.0352970730273065,1.0,0.00316,0.1,0.0,0.06633820556166446,0.0012147629657876665,0.0
0.0352970730273065,1.0,0.00398,0.1,0.0,0.06633820556166446,0.0012147629657876665,0.0
0.0352970730273065,1.0,0.00501,0.1,0.0,0.06633820556166446,0.0012147629657876665,0.0
0.0352970730273065,1.0,0.00631,0.1,0.0,0.06633820556166446,0.0012147629657876665,0.0
0.036969127071950283,1.0,1e-06,0.1,0.0,0.07276349674523407,0.0013324207424507246,0.0
0.036969127071950283,1.0,1.26e-06,0.1,0.0,0.07276349674523407,0.0013324207424507246,0.0
0.036969127071950283,1.0,1.58e-06,0.1,0.0,0.07276349674523407,0.0013324207424507246,0.0
0.036969127071950283,1.0,2e-06,0.1,0.0,0.07276349674523407,0.0013324207424507246,0.0
0.036969127071950283,1.0,2.51e-06,0.1,0.0,0.07276349674523407,0.0013324207424507246,0.0
0.036969127071950283,1.0,3.16e-06,0.1,0.0,0.07276349674523407,0.0013324207424507246,0.0
0.036969127071950283,1.0,3.98e-06,0.1,0.0,0.07276349674523407,0.0013324207424507246,0.0
0.036969127071950283,1.0,5.01e-06,0.1,0.0,0.07276349674523407,0.0013324207424507246,0.0
0.036969127071950283,1.0,6.31e-06,0.1,0.0,0.07276349674523407,0.0013324207424507246,0.0
0.036969127071950283,1.0,7.94e-06,0.1,0.0,0.07276349674523407,0.0013324207424507246,0.0
0.036969127071950283,1.0,1e-05,0.1,0.0,0.07276349674523407,0.0013324207424507246,0.0
0.036969127071950283,1.0,1.26e-05,0.1,0.0,0.07276349674523407,0.0013324207424507246,0.0
0.036969127071950283,1.0,1.58e-05,0.1,0.0,0.07276349674523407,0.0013324207424507246,0.0
0.036969127071950283,1.0,2e-05,0.1,3.3333333333333335e-05,0.07276349674523407,0.0013324207424507246,0.29105398698093626
0.036969127071950283,1.0,2.51e-05,0.1,3.3333333333333335e-05,0.07276349674523407,0.0013324207424507246,0.29105398698093626
0.036969127071950283,1.0,3.16e-05,0.1,0.0,0.07276349674523407,0.0013324207424507246,0.0
0.036969127071950283,1.0,3.98e-05,0.1,3.3333333333333335e-05,0.07276349674523407,0.0013324207424507246,0.29105398698093626
0.036969127071950283,1.0,5.01e-05,0.1,0.0,0.07276349674523407,0.0013324207424507246,0.0
0.036969127071950283,1.0,6.31e-05,0.1,6.666666666666667e-05,0.07276349674523407,0.0013324207424507246,0.5821079739618725
0.036969127071950283,1.0,7.94e-05,0.1,0.00013333333333333334,0.07276349674523407,0.0013324207424507246,1.164215947923745
0.036969127071950283,1.0,0.0001,0.1,0.00013333333333333334,0.07276349674523407,0.0013324207424507246,1.164215947923745
0.036969127071950283,1.0,0.000126,0.1,0.00016666666666666666,0.07276349674523407,0.0013324207424507246,1.4552699349046814
0.036969127071950283,1.0,0.000158,0.1,6.666666666666667e-05,0.07276349674523407,0.0013324207424507246,0.5821079739618725
0.036969127071950283,1.0,0.0002,0.1,0.00016666666666666666,0.07276349674523407,0.0013324207424507246,1.4552699349046814
0.036969127071950283,1.0,0.000251,0.1,0.0,0.07276349674523407,0.0013324207424507246,0.0
0.036969127071950283,1.0,0.000316,0.1,0.0,0.07276349674523407,0.0013324207424507246,0.0
0.036969127071950283,1.0,0.000398,0.1,0.0,0.07276349674523407,0.0013324207424507246,0.0
0.036969127071950283,1.0,0.000501,0.1,0.0,0.07276349674523407,0.0013324207424507246,0.0
0.036969127071950283,1.0,0.000631,0.1,0.0,0.07276349674523407,0.0013324207424507246,0.0
0.036969127071950283,1.0,0.000794,0.1,0.0,0.07276349674523407,0.0013324207424507246,0.0
0.036969127071950283,1.0,0.001,0.1,0.0,0.07276349674523407,0.0013324207424507246,0.0
0.036969127071950283,1.0,0.00126,0.1,0.0,0.07276349674523407,0.0013324207424507246,0.0
0.036969127071950283,1.0,0.00158,0.1,0.0,0.07276349674523407,0.0013324207424507246,0.0
0.036969127071950283,1.0,0.002,0.1,0.0,0.07276349674523407,0.0013324207424507246,0.0
0.036969127071950283,1.0,0.00251,0.1,0.0,0.07276349674523407,0.0013324207424507246,0.0
0.036969127071950283,1.0,0.00316,0.1,0.0,0.07276349674523407,0.0013324207424507246,0.0
0.036969127071950283,1.0,0.00398,0.1,0.0,0.07276349674523407,0.0013324207424507246,0.0
0.036969127071950283,1.0,0.00501,0.1,0.0,0.07276349674523407,0.0013324207424507246,0.0
0.036969127071950283,1.0,0.00631,0.1,0.0,0.07276349674523407,0.0013324207424507246,0.0
0.03872038781812555,1.0,1e-06,0.1,0.0,0.07981020898931562,0.0014614577731059445,0.0
0.03872038781812555,1.0,1.26e-06,0.1,0.0,0.07981020898931562,0.0014614577731059445,0.0
0.03872038781812555,1.0,1.58e-06,0.1,0.0,0.07981020898931562,0.0014614577731059445,0.0
0.03872038781812555,1.0,2e-06,0.1,0.0,0.07981020898931562,0.0014614577731059445,0.0
0.03872038781812555,1.0,2.51e-06,0.1,0.0,0.07981020898931562,0.0014614577731059445,0.0
0.03872038781812555,1.0,3.16e-06,0.1,0.0,0.07981020898931562,0.0014614577731059445,0.0
0.03872038781812555,1.0,3.98e-06,0.1,0.0,0.07981020898931562,0.0014614577731059445,0.0
0.03872038781812555,1.0,5.01e-06,0.1,0.0,0.07981020898931562,0.0014614577731059445,0.0
0.03872038781812555,1.0,6.31e-06,0.1,0.0,0.07981020898931562,0.0014614577731059445,0.0
0.03872038781812555,1.0,7.94e-06,0.1,0.0,0.07981020898931562,0.0014614577731059445,0.0
0.03872038781812555,1.0,1e-05,0.1,0.0,0.07981020898931562,0.0014614577731059445,0.0
0.03872038781812555,1.0,1.26e-05,0.1,0.0,0.07981020898931562,0.0014614577731059445,0.0
0.03872038781812555,1.0,1.58e-05,0.1,0.0,0.07981020898931562,0.0014614577731059445,0.0
0.03872038781812555,1.0,2e-05,0.1,3.3333333333333335e-05,0.07981020898931562,0.0014614577731059445,0.31924083595726255
0.03872038781812555,1.0,2.51e-05,0.1,3.3333333333333335e-05,0.07981020898931562,0.0014614577731059445,0.31924083595726255
0.03872038781812555,1.0,3.16e-05,0.1,0.0,0.07981020898931562,0.0014614577731059445,0.0
0.03872038781812555,1.0,3.98e-05,0.1,3.3333333333333335e-05,0.07981020898931562,0.0014614577731059445,0.31924083595726255
0.03872038781812555,1.0,5.01e-05,0.1,0.0,0.07981020898931562,0.0014614577731059445,0.0
0.03872038781812555,1.0,6.31e-05,0.1,6.666666666666667e-05,0.07981020898931562,0.0014614577731059445,0.6384816719145251
0.03872038781812555,1.0,7.94e-05,0.1,0.00013333333333333334,0.07981020898931562,0.0014614577731059445,1.2769633438290502
0.03872038781812555,1.0,0.0001,0.1,0.00013333333333333334,0.07981020898931562,0.0014614577731059445,1.2769633438290502
0.03872038781812555,1.0,0.000126,0.1,0.00016666666666666666,0.07981020898931562,0.0014614577731059445,1.5962041797863125
0.03872038781812555,1.0,0.000158,0.1,6.666666666666667e-05,0.07981020898931562,0.0014614577731059445,0.6384816719145251
0.03872038781812555,1.0,0.0002,0.1,0.00016666666666666666,0.07981020898931562,0.0014614577731059445,1.5962041797863125
0.03872038781812555,1.0,0.000251,0.1,0.0,0.07981020898931562,0.0014614577731059445,0.0
0.03872038781812555,1.0,0.000316,0.1,0.0,0.07981020898931562,0.0014614577731059445,0.0
0.03872038781812555,1.0,0.000398,0.1,0.0,0.07981020898931562,0.0014614577731059445,0.0
0.03872038781812555,1.0,0.000501,0.1,0.0,0.07981020898931562,0.0014614577731059445,0.0
0.03872038781812555,1.0,0.000631,0.1,0.0,0.07981020898931562,0.0014614577731059445,0.0
0.03872038781812555,1.0,0.000794,0.1,0.0,0.07981020898931562,0.0014614577731059445,0.0
0.03872038781812555,1.0,0.001,0.1,0.0,0.07981020898931562,0.0014614577731059445,0.0
0.03872038781812555,1.0,0.00126,0.1,0.0,0.07981020898931562,0.0014614577731059445,0.0
0.03872038781812555,1.0,0.00158,0.1,0.0,0.07981020898931562,0.0014614577731059445,0.0
0.03872038781812555,1.0,0.002,0.1,0.0,0.07981020898931562,0.0014614577731059445,0.0
0.03872038781812555,1.0,0.00251,0.1,0.0,0.07981020898931562,0.0014614577731059445,0.0
0.03872038781812555,1.0,0.00316,0.1,0.0,0.07981020898931562,0.0014614577731059445,0.0
0.03872038781812555,1.0,0.00398,0.1,0.0,0.07981020898931562,0.0014614577731059445,0.0
0.03872038781812555,1.0,0.00501,0.1,0.0,0.07981020898931562,0.0014614577731059445,0.0
0.03872038781812555,1.0,0.00631,0.1,0.0,0.07981020898931562,0.0014614577731059445,0.0
0.040554607358408296,1.0,1e-06,0.1,0.0,0.08753825805866189,0.0016029712151375552,0.0
0.040554607358408296,1.0,1.26e-06,0.1,0.0,0.08753825805866189,0.0016029712151375552,0.0
0.040554607358408296,1.0,1.58e-06,0.1,0.0,0.08753825805866189,0.0016029712151375552,0.0
0.040554607358408296,1.0,2e-06,0.1,0.0,0.08753825805866189,0.0016029712151375552,0.0
0.040554607358408296,1.0,2.51e-06,0.1,0.0,0.08753825805866189,0.0016029712151375552,0.0
0.040554607358408296,1.0,3.16e-06,0.1,0.0,0.08753825805866189,0.0016029712151375552,0.0
0.040554607358408296,1.0,3.98e-06,0.1,0.0,0.08753825805866189,0.0016029712151375552,0.0
0.040554607358408296,1.0,5.01e-06,0.1,0.0,0.08753825805866189,0.0016029712151375552,0.0
0.040554607358408296,1.0,6.31e-06,0.1,0.0,0.08753825805866189,0.0016029712151375552,0.0
0.040554607358408296,1.0,7.94e-06,0.1,0.0,0.08753825805866189,0.0016029712151375552,0.0
0.040554607358408296,1.0,1e-05,0.1,0.0,0.08753825805866189,0.0016029712151375552,0.0
0.040554607358408296,1.0,1.26e-05,0.1,0.0,0.08753825805866189,0.0016029712151375552,0.0
0.040554607358408296,1.0,1.58e-05,0.1,0.0,0.08753825805866189,0.0016029712151375552,0.0
0.040554607358408296,1.0,2e-05,0.1,3.3333333333333335e-05,0.08753825805866189,0.0016029712151375552,0.35015303223464755
0.040554607358408296,1.0,2.51e-05,0.1,3.3333333333333335e-05,0.08753825805866189,0.0016029712151375552,0.35015303223464755
0.040554607358408296,1.0,3.16e-05,0.1,0.0,0.08753825805866189,0.0016029712151375552,0.0
0.040554607358408296,1.0,3.98e-05,0.1,3.3333333333333335e-05,0.08753825805866189,0.0016029712151375552,0.35015303223464755
0.040554607358408296,1.0,5.01e-05,0.1,0.0,0.08753825805866189,0.0016029712151375552,0.0
0.040554607358408296,1.0,6.31e-05,0.1,6.666666666666667e-05,0.08753825805866189,0.0016029712151375552,0.7003060644692951
0.040554607358408296,1.0,7.94e-05,0.1,0.00013333333333333334,0.08753825805866189,0.0016029712151375552,1.4006121289385902
0.040554607358408296,1.0,0.0001,0.1,0.00013333333333333334,0.08753825805866189,0.0016029712151375552,1.4006121289385902
0.040554607358408296,1.0,0.000126,0.1,0.00016666666666666666,0.08753825805866189,0.0016029712151375552,1.7507651611732378
0.040554607358408296,1.0,0.000158,0.1,6.666666666666667e-05,0.08753825805866189,0.0016029712151375552,0.7003060644692951
0.040554607358408296,1.0,0.0002,0.1,0.00016666666666666666,0.08753825805866189,0.0016029712151375552,1.7507651611732378
0.040554607358408296,1.0,0.000251,0.1,0.0,0.08753825805866189,0.0016029712151375552,0.0
0.040554607358408296,1.0,0.000316,0.1,0.0,0.08753825805866189,0.0016029712151375552,0.0
0.040554607358408296,1.0,0.000398,0.1,0.0,0.08753825805866189,0.0016029712151375552,0.0
0.040554607358408296,1.0,0.000501,0.1,0.0,0.08753825805866189,0.0016029712151375552,0.0
0.040554607358408296,1.0,0.000631,0.1,0.0,0.08753825805866189,0.0016029712151375552,0.0
0.040554607358408296,1.0,0.000794,0.1,0.0,0.08753825805866189,0.0016029712151375552,0.0
0.040554607358408296,1.0,0.001,0.1,0.0,0.08753825805866189,0.0016029712151375552,0.0
0.040554607358408296,1.0,0.00126,0.1,0.0,0.08753825805866189,0.0016029712151375552,0.0
0.040554607358408296,1.0,0.00158,0.1,0.0,0.08753825805866189,0.0016029712151375552,0.0
0.040554607358408296,1.0,0.002,0.1,0.0,0.08753825805866189,0.0016029712151375552,0.0
0.040554607358408296,1.0,0.00251,0.1,0.0,0.08753825805866189,0.0016029712151375552,0.0
0.040554607358408296,1.0,0.00316,0.1,0.0,0.08753825805866189,0.0016029712151375552,0.0
0.040554607358408296,1.0,0.00398,0.1,0.0,0.08753825805866189,0.0016029712151375552,0.0
0.040554607358408296,1.0,0.00501,0.1,0.0,0.08753825805866189,0.0016029712151375552,0.0
0.040554607358408296,1.0,0.00631,0.1,0.0,0.08753825805866189,0.0016029712151375552,0.0
0.04247571552536898,1.0,1e-06,0.1,0.0,0.09601329911257742,0.0017581633237974256,0.0
0.04247571552536898,1.0,1.26e-06,0.1,0.0,0.09601329911257742,0.0017581633237974256,0.0
0.04247571552536898,1.0,1.58e-06,0.1,0.0,0.09601329911257742,0.0017581633237974256,0.0
0.04247571552536898,1.0,2e-06,0.1,0.0,0.09601329911257742,0.0017581633237974256,0.0
0.04247571552536898,1.0,2.51e-06,0.1,0.0,0.09601329911257742,0.0017581633237974256,0.0
0.04247571552536898,1.0,3.16e-06,0.1,0.0,0.09601329911257742,0.0017581633237974256,0.0
0.04247571552536898,1.0,3.98e-06,0.1,0.0,0.09601329911257742,0.0017581633237974256,0.0
0.04247571552536898,1.0,5.01e-06,0.1,0.0,0.09601329911257742,0.0017581633237974256,0.0
0.04247571552536898,1.0,6.31e-06,0.1,0.0,0.09601329911257742,0.0017581633237974256,0.0
0.04247571552536898,1.0,7.94e-06,0.1,0.0,0.09601329911257742,0.0017581633237974256,0.0
0.04247571552536898,1.0,1e-05,0.1,0.0,0.09601329911257742,0.0017581633237974256,0.0
0.04247571552536898,1.0,1.26e-05,0.1,0.0,0.09601329911257742,0.0017581633237974256,0.0
0.04247571552536898,1.0,1.58e-05,0.1,0.0,0.09601329911257742,0.0017581633237974256,0.0
0.04247571552536898,1.0,2e-05,0.1,3.3333333333333335e-05,0.09601329911257742,0.0017581633237974256,0.3840531964503097
0.04247571552536898,1.0,2.51e-05,0.1,3.3333333333333335e-05,0.09601329911257742,0.0017581633237974256,0.3840531964503097
0.04247571552536898,1.0,3.16e-05,0.1,0.0,0.09601329911257742,0.0017581633237974256,0.0
0.04247571552536898,1.0,3.98e-05,0.1,3.3333333333333335e-05,0.09601329911257742,0.0017581633237974256,0.3840531964503097
0.04247571552536898,1.0,5.01e-05,0.1,0.0,0.09601329911257742,0.0017581633237974256,0.0
0.04247571552536898,1.0,6.31e-05,0.1,6.666666666666667e-05,0.09601329911257742,0.0017581633237974256,0.7681063929006194
0.04247571552536898,1.0,7.94e-05,0.1,0.00013333333333333334,0.09601329911257742,0.0017581633237974256,1.5362127858012389
0.04247571552536898,1.0,0.0001,0.1,0.00013333333333333334,0.09601329911257742,0.0017581633237974256,1.5362127858012389
0.04247571552536898,1.0,0.000126,0.1,0.00016666666666666666,0.09601329911257742,0.0017581633237974256,1.9202659822515482
0.04247571552536898,1.0,0.000158,0.1,6.666666666666667e-05,0.09601329911257742,0.0017581633237974256,0.7681063929006194
0.04247571552536898,1.0,0.0002,0.1,0.00016666666666666666,0.09601329911257742,0.0017581633237974256,1.9202659822515482
0.04247571552536898,1.0,0.000251,0.1,0.0,0.09601329911257742,0.0017581633237974256,0.0
0.04247571552536898,1.0,0.000316,0.1,0.0,0.09601329911257742,0.0017581633237974256,0.0
0.04247571552536898,1.0,0.000398,0.1,0.0,0.09601329911257742,0.0017581633237974256,0.0
0.04247571552536898,1.0,0.000501,0.1,0.0,0.09601329911257742,0.0017581633237974256,0.0
0.04247571552536898,1.0,0.000631,0.1,0.0,0.09601329911257742,0.0017581633237974256,0.0
0.04247571552536898,1.0,0.000794,0.1,0.0,0.09601329911257742,0.0017581633237974256,0.0
0.04247571552536898,1.0,0.001,0.1,0.0,0.09601329911257742,0.0017581633237974256,0.0
0.04247571552536898,1.0,0.00126,0.1,0.0,0.09601329911257742,0.0017581633237974256,0.0
0.04247571552536898,1.0,0.00158,0.1,0.0,0.09601329911257742,0.0017581633237974256,0.0
0.04247571552536898,1.0,0.002,0.1,0.0,0.09601329911257742,0.0017581633237974256,0.0
0.04247571552536898,1.0,0.00251,0.1,0.0,0.09601329911257742,0.0017581633237974256,0.0
0.04247571552536898,1.0,0.00316,0.1,0.0,0.09601329911257742,0.0017581633237974256,0.0
0.04247571552536898,1.0,0.00398,0.1,0.0,0.09601329911257742,0.0017581633237974256,0.0
0.04247571552536898,1.0,0.00501,0.1,0.0,0.09601329911257742,0.0017581633237974256,0.0
0.04247571552536898,1.0,0.00631,0.1,0.0,0.09601329911257742,0.0017581633237974256,0.0
0.04448782831127585,1.0,1e-06,0.1,0.0,0.10530726886912194,0.0019283513801340768,0.0
0.04448782831127585,1.0,1.26e-06,0.1,0.0,0.10530726886912194,0.0019283513801340768,0.0
0.04448782831127585,1.0,1.58e-06,0.1,0.0,0.10530726886912194,0.0019283513801340768,0.0
0.04448782831127585,1.0,2e-06,0.1,0.0,0.10530726886912194,0.0019283513801340768,0.0
0.04448782831127585,1.0,2.51e-06,0.1,0.0,0.10530726886912194,0.0019283513801340768,0.0
0.04448782831127585,1.0,3.16e-06,0.1,0.0,0.10530726886912194,0.0019283513801340768,0.0
0.04448782831127585,1.0,3.98e-06,0.1,0.0,0.10530726886912194,0.0019283513801340768,0.0
0.04448782831127585,1.0,5.01e-06,0.1,0.0,0.10530726886912194,0.0019283513801340768,0.0
0.04448782831127585,1.0,6.31e-06,0.1,0.0,0.10530726886912194,0.0019283513801340768,0.0
0.04448782831127585,1.0,7.94e-06,0.1,0.0,0.10530726886912194,0.0019283513801340768,0.0
0.04448782831127585,1.0,1e-05,0.1,0.0,0.10530726886912194,0.0019283513801340768,0.0
0.04448782831127585,1.0,1.26e-05,0.1,0.0,0.10530726886912194,0.0019283513801340768,0.0
0.04448782831127585,1.0,1.58e-05,0.1,0.0,0.10530726886912194,0.0019283513801340768,0.0
0.04448782831127585,1.0,2e-05,0.1,3.3333333333333335e-05,0.10530726886912194,0.0019283513801340768,0.4212290754764878
0.04448782831127585,1.0,2.51e-05,0.1,3.3333333333333335e-05,0.10530726886912194,0.0019283513801340768,0.4212290754764878
0.04448782831127585,1.0,3.16e-05,0.1,0.0,0.10530726886912194,0.0019283513801340768,0.0
0.04448782831127585,1.0,3.98e-05,0.1,3.3333333333333335e-05,0.10530726886912194,0.0019283513801340768,0.4212290754764878
0.04448782831127585,1.0,5.01e-05,0.1,0.0,0.10530726886912194,0.0019283513801340768,0.0
0.04448782831127585,1.0,6.31e-05,0.1,6.666666666666667e-05,0.10530726886912194,0.0019283513801340768,0.8424581509529756
0.04448782831127585,1.0,7.94e-05,0.1,0.00013333333333333334,0.10530726886912194,0.0019283513801340768,1.6849163019059512
0.04448782831127585,1.0,0.0001,0.1,0.00013333333333333334,0.10530726886912194,0.0019283513801340768,1.6849163019059512
0.04448782831127585,1.0,0.000126,0.1,0.00016666666666666666,0.10530726886912194,0.0019283513801340768,2.106145377382439
0.04448782831127585,1.0,0.000158,0.1,6.666666666666667e-05,0.10530726886912194,0.0019283513801340768,0.8424581509529756
0.04448782831127585,1.0,0.0002,0.1,0.00016666666666666666,0.10530726886912194,0.0019283513801340768,2.106145377382439
0.04448782831127585,1.0,0.000251,0.1,0.0,0.10530726886912194,0.0019283513801340768,0.0
0.04448782831127585,1.0,0.000316,0.1,0.0,0.10530726886912194,0.0019283513801340768,0.0
0.04448782831127585,1.0,0.000398,0.1,0.0,0.10530726886912194,0.0019283513801340768,0.0
0.04448782831127585,1.0,0.000501,0.1,0.0,0.10530726886912194,0.0019283513801340768,0.0
0.04448782831127585,1.0,0.000631,0.1,0.0,0.10530726886912194,0.0019283513801340768,0.0
0.04448782831127585,1.0,0.000794,0.1,0.0,0.10530726886912194,0.0019283513801340768,0.0
0.04448782831127585,1.0,0.001,0.1,0.0,0.10530726886912194,0.0019283513801340768,0.0
0.04448782831127585,1.0,0.00126,0.1,0.0,0.10530726886912194,0.0019283513801340768,0.0
0.04448782831127585,1.0,0.00158,0.1,0.0,0.10530726886912194,0.0019283513801340768,0.0
0.04448782831127585,1.0,0.002,0.1,0.0,0.10530726886912194,0.0019283513801340768,0.0
0.04448782831127585,1.0,0.00251,0.1,0.0,0.10530726886912194,0.0019283513801340768,0.0
0.04448782831127585,1.0,0.00316,0.1,0.0,0.10530726886912194,0.0019283513801340768,0.0
0.04448782831127585,1.0,0.00398,0.1,0.0,0.10530726886912194,0.0019283513801340768,0.0
0.04448782831127585,1.0,0.00501,0.1,0.0,0.10530726886912194,0.0019283513801340768,0.0
0.04448782831127585,1.0,0.00631,0.1,0.0,0.10530726886912194,0.0019283513801340768,0.0
0.046595256686646824,1.0,1e-06,0.1,0.0,0.1154989774339758,0.0021149785283643254,0.0
0.046595256686646824,1.0,1.26e-06,0.1,0.0,0.1154989774339758,0.0021149785283643254,0.0
0.046595256686646824,1.0,1.58e-06,0.1,0.0,0.1154989774339758,0.0021149785283643254,0.0
0.046595256686646824,1.0,2e-06,0.1,0.0,0.1154989774339758,0.0021149785283643254,0.0
0.046595256686646824,1.0,2.51e-06,0.1,0.0,0.1154989774339758,0.0021149785283643254,0.0
0.046595256686646824,1.0,3.16e-06,0.1,0.0,0.1154989774339758,0.0021149785283643254,0.0
0.046595256686646824,1.0,3.98e-06,0.1,0.0,0.1154989774339758,0.0021149785283643254,0.0
0.046595256686646824,1.0,5.01e-06,0.1,0.0,0.1154989774339758,0.0021149785283643254,0.0
0.046595256686646824,1.0,6.31e-06,0.1,0.0,0.1154989774339758,0.0021149785283643254,0.0
0.046595256686646824,1.0,7.94e-06,0.1,0.0,0.1154989774339758,0.0021149785283643254,0.0
0.046595256686646824,1.0,1e-05,0.1,0.0,0.1154989774339758,0.0021149785283643254,0.0
0.046595256686646824,1.0,1.26e-05,0.1,0.0,0.1154989774339758,0.0021149785283643254,0.0
0.046595256686646824,1.0,1.58e-05,0.1,0.0,0.1154989774339758,0.0021149785283643254,0.0
0.046595256686646824,1.0,2e-05,0.1,3.3333333333333335e-05,0.1154989774339758,0.0021149785283643254,0.46199590973590327
0.046595256686646824,1.0,2.51e-05,0.1,3.3333333333333335e-05,0.1154989774339758,0.0021149785283643254,0.46199590973590327
0.046595256686646824,1.0,3.16e-05,0.1,0.0,0.1154989774339758,0.0021149785283643254,0.0
0.046595256686646824,1.0,3.98e-05,0.1,3.3333333333333335e-05,0.1154989774339758,0.0021149785283643254,0.46199590973590327
0.046595256686646824,1.0,5.01e-05,0.1,0.0,0.1154989774339758,0.0021149785283643254,0.0
0.046595256686646824,1.0,6.31e-05,0.1,6.666666666666667e-05,0.1154989774339758,0.0021149785283643254,0.9239918194718065
0.046595256686646824,1.0,7.94e-05,0.1,0.00013333333333333334,0.1154989774339758,0.0021149785283643254,1.847983638943613
0.046595256686646824,1.0,0.0001,0.1,0.00013333333333333334,0.1154989774339758,0.0021149785283643254,1.847983638943613
0.046595256686646824,1.0,0.000126,0.1,0.00016666666666666666,0.1154989774339758,0.0021149785283643254,2.3099795486795163
0.046595256686646824,1.0,0.000158,0.1,6.666666666666667e-05,0.1154989774339758,0.0021149785283643254,0.9239918194718065
0.046595256686646824,1.0,0.0002,0.1,0.00016666666666666666,0.1154989774339758,0.0021149785283643254,2.3099795486795163
0.046595256686646824,1.0,0.000251,0.1,0.0,0.1154989774339758,0.0021149785283643254,0.0
0.046595256686646824,1.0,0.000316,0.1,0.0,0.1154989774339758,0.0021149785283643254,0.0
0.046595256686646824,1.0,0.000398,0.1,0.0,0.1154989774339758,0.0021149785283643254,0.0
0.046595256686646824,1.0,0.000501,0.1,0.0,0.1154989774339758,0.0021149785283643254,0.0
0.046595256686646824,1.0,0.000631,0.1,0.0,0.1154989774339758,0.0021149785283643254,0.0
0.046595256686646824,1.0,0.000794,0.1,0.0,0.1154989774339758,0.0021149785283643254,0.0
0.046595256686646824,1.0,0.001,0.1,0.0,0.1154989774339758,0.0021149785283643254,0.0
0.046595256686646824,1.0,0.00126,0.1,0.0,0.1154989774339758,0.0021149785283643254,0.0
0.046595256686646824,1.0,0.00158,0.1,0.0,0.1154989774339758,0.0021149785283643254,0.0
0.046595256686646824,1.0,0.002,0.1,0.0,0.1154989774339758,0.0021149785283643254,0.0
0.046595256686646824,1.0,0.00251,0.1,0.0,0.1154989774339758,0.0021149785283643254,0.0
0.046595256686646824,1.0,0.00316,0.1,0.0,0.1154989774339758,0.0021149785283643254,0.0
0.046595256686646824,1.0,0.00398,0.1,0.0,0.1154989774339758,0.0021149785283643254,0.0
0.046595256686646824,1.0,0.00501,0.1,0.0,0.1154989774339758,0.0021149785283643254,0.0
0.046595256686646824,1.0,0.00631,0.1,0.0,0.1154989774339758,0.0021149785283643254,0.0
0.04880251583654431,1.0,1e-06,0.1,0.0,0.1266747540257827,0.002319625600179138,0.0
0.04880251583654431,1.0,1.26e-06,0.1,0.0,0.1266747540257827,0.002319625600179138,0.0
0.04880251583654431,1.0,1.58e-06,0.1,0.0,0.1266747540257827,0.002319625600179138,0.0
0.04880251583654431,1.0,2e-06,0.1,0.0,0.1266747540257827,0.002319625600179138,0.0
0.04880251583654431,1.0,2.51e-06,0.1,0.0,0.1266747540257827,0.002319625600179138,0.0
0.04880251583654431,1.0,3.16e-06,0.1,0.0,0.1266747540257827,0.002319625600179138,0.0
0.04880251583654431,1.0,3.98e-06,0.1,0.0,0.1266747540257827,0.002319625600179138,0.0
0.04880251583654431,1.0,5.01e-06,0.1,0.0,0.1266747540257827,0.002319625600179138,0.0
0.04880251583654431,1.0,6.31e-06,0.1,0.0,0.1266747540257827,0.002319625600179138,0.0
0.04880251583654431,1.0,7.94e-06,0.1,0.0,0.1266747540257827,0.002319625600179138,0.0
0.04880251583654431,1.0,1e-05,0.1,0.0,0.1266747540257827,0.002319625600179138,0.0
0.04880251583654431,1.0,1.26e-05,0.1,0.0,0.1266747540257827,0.002319625600179138,0.0
0.04880251583654431,1.0,1.58e-05,0.1,0.0,0.1266747540257827,0.002319625600179138,0.0
0.04880251583654431,1.0,2e-05,0.1,3.3333333333333335e-05,0.1266747540257827,0.002319625600179138,0.506699016103131
0.04880251583654431,1.0,2.51e-05,0.1,3.3333333333333335e-05,0.1266747540257827,0.002319625600179138,0.506699016103131
0.04880251583654431,1.0,3.16e-05,0.1,0.0,0.1266747540257827,0.002319625600179138,0.0
0.04880251583654431,1.0,3.98e-05,0.1,3.3333333333333335e-05,0.1266747540257827,0.002319625600179138,0.506699016103131
0.04880251583654431,1.0,5.01e-05,0.1,0.0,0.1266747540257827,0.002319625600179138,0.0
0.04880251583654431,1.0,6.31e-05,0.1,6.666666666666667e-05,0.1266747540257827,0.002319625600179138,1.013398032206262
0.04880251583654431,1.0,7.94e-05,0.1,0.00013333333333333334,0.1266747540257827,0.002319625600179138,2.026796064412524
0.04880251583654431,1.0,0.0001,0.1,0.00013333333333333334,0.1266747540257827,0.002319625600179138,2.026796064412524
0.04880251583654431,1.0,0.000126,0.1,0.00016666666666666666,0.1266747540257827,0.002319625600179138,2.533495080515655
0.04880251583654431,1.0,0.000158,0.1,6.666666666666667e-05,0.1266747540257827,0.002319625600179138,1.013398032206262
0.04880251583654431,1.0,0.0002,0.1,0.00016666666666666666,0.1266747540257827,0.002319625600179138,2.533495080515655
0.04880251583654431,1.0,0.000251,0.1,0.0,0.1266747540257827,0.002319625600179138,0.0
0.04880251583654431,1.0,0.000316,0.1,0.0,0.1266747540257827,0.002319625600179138,0.0
0.04880251583654431,1.0,0.000398,0.1,0.0,0.1266747540257827,0.002319625600179138,0.0
0.04880251583654431,1.0,0.000501,0.1,0.0,0.1266747540257827,0.002319625600179138,0.0
0.04880251583654431,1.0,0.000631,0.1,0.0,0.1266747540257827,0.002319625600179138,0.0
0.04880251583654431,1.0,0.000794,0.1,0.0,0.1266747540257827,0.002319625600179138,0.0
0.04880251583654431,1.0,0.001,0.1,0.0,0.1266747540257827,0.002319625600179138,0.0
0.04880251583654431,1.0,0.00126,0.1,0.0,0.1266747540257827,0.002319625600179138,0.0
0.04880251583654431,1.0,0.00158,0.1,0.0,0.1266747540257827,0.002319625600179138,0.0
0.04880251583654431,1.0,0.002,0.1,0.0,0.1266747540257827,0.002319625600179138,0.0
0.04880251583654431,1.0,0.00251,0.1,0.0,0.1266747540257827,0.002319625600179138,0.0
0.04880251583654431,1.0,0.00316,0.1,0.0,0.1266747540257827,0.002319625600179138,0.0
0.04880251583654431,1.0,0.00398,0.1,0.0,0.1266747540257827,0.002319625600179138,0.0
0.04880251583654431,1.0,0.00501,0.1,0.0,0.1266747540257827,0.002319625600179138,0.0
0.04880251583654431,1.0,0.00631,0.1,0.0,0.1266747540257827,0.002319625600179138,0.0
0.051114334834401684,1.0,1e-06,0.1,0.0,0.13892915112390816,0.0025440240088611637,0.0
0.051114334834401684,1.0,1.26e-06,0.1,0.0,0.13892915112390816,0.0025440240088611637,0.0
0.051114334834401684,1.0,1.58e-06,0.1,0.0,0.13892915112390816,0.0025440240088611637,0.0
0.051114334834401684,1.0,2e-06,0.1,0.0,0.13892915112390816,0.0025440240088611637,0.0
0.051114334834401684,1.0,2.51e-06,0.1,0.0,0.13892915112390816,0.0025440240088611637,0.0
0.051114334834401684,1.0,3.16e-06,0.1,0.0,0.13892915112390816,0.0025440240088611637,0.0
0.051114334834401684,1.0,3.98e-06,0.1,0.0,0.13892915112390816,0.0025440240088611637,0.0
0.051114334834401684,1.0,5.01e-06,0.1,0.0,0.13892915112390816,0.0025440240088611637,0.0
0.051114334834401684,1.0,6.31e-06,0.1,0.0,0.13892915112390816,0.0025440240088611637,0.0
0.051114334834401684,1.0,7.94e-06,0.1,0.0,0.13892915112390816,0.0025440240088611637,0.0
0.051114334834401684,1.0,1e-05,0.1,0.0,0.13892915112390816,0.0025440240088611637,0.0
0.051114334834401684,1.0,1.26e-05,0.1,0.0,0.13892915112390816,0.0025440240088611637,0.0
0.051114334834401684,1.0,1.58e-05,0.1,0.0,0.13892915112390816,0.0025440240088611637,0.0
0.051114334834401684,1.0,2e-05,0.1,3.3333333333333335e-05,0.13892915112390816,0.0025440240088611637,0.5557166044956326
0.051114334834401684,1.0,2.51e-05,0.1,3.3333333333333335e-05,0.13892915112390816,0.0025440240088611637,0.5557166044956326
0.051114334834401684,1.0,3.16e-05,0.1,0.0,0.13892915112390816,0.0025440240088611637,0.0
0.051114334834401684,1.0,3.98e-05,0.1,3.3333333333333335e-05,0.13892915112390816,0.0025440240088611637,0.5557166044956326
0.051114334834401684,1.0,5.01e-05,0.1,0.0,0.13892915112390816,0.0025440240088611637,0.0
0.051114334834401684,1.0,6.31e-05,0.1,6.666666666666667e-05,0.13892915112390816,0.0025440240088611637,1.1114332089912653
0.051114334834401684,1.0,7.94e-05,0.1,0.00013333333333333334,0.13892915112390816,0.0025440240088611637,2.2228664179825306
0.051114334834401684,1.0,0.0001,0.1,0.00013333333333333334,0.13892915112390816,0.0025440240088611637,2.2228664179825306
0.051114334834401684,1.0,0.000126,0.1,0.00016666666666666666,0.13892915112390816,0.0025440240088611637,2.778583022478163
0.051114334834401684,1.0,0.000158,0.1,6.666666666666667e-05,0.13892915112390816,0.0025440240088611637,1.1114332089912653
0.051114334834401684,1.0,0.0002,0.1,0.00016666666666666666,0.13892915112390816,0.0025440240088611637,2.778583022478163
0.051114334834401684,1.0,0.000251,0.1,0.0,0.13892915112390816,0.0025440240088611637,0.0
0.051114334834401684,1.0,0.000316,0.1,0.0,0.13892915112390816,0.0025440240088611637,0.0
0.051114334834401684,1.0,0.000398,0.1,0.0,0.13892915112390816,0.0025440240088611637,0.0
0.051114334834401684,1.0,0.000501,0.1,0.0,0.13892915112390816,0.0025440240088611637,0.0
0.051114334834401684,1.0,0.000631,0.1,0.0,0.13892915112390816,0.0025440240088611637,0.0
0.051114334834401684,1.0,0.000794,0.1,0.0,0.13892915112390816,0.0025440240088611637,0.0
0.051114334834401684,1.0,0.001,0.1,0.0,0.13892915112390816,0.0025440240088611637,0.0
0.051114334834401684,1.0,0.00126,0.1,0.0,0.13892915112390816,0.0025440240088611637,0.0
0.051114334834401684,1.0,0.00158,0.1,0.0,0.13892915112390816,0.0025440240088611637,0.0
0.051114334834401684,1.0,0.002,0.1,0.0,0.13892915112390816,0.0025440240088611637,0.0
0.051114334834401684,1.0,0.00251,0.1,0.0,0.13892915112390816,0.0025440240088611637,0.0
0.051114334834401684,1.0,0.00316,0.1,0.0,0.13892915112390816,0.0025440240088611637,0.0
0.051114334834401684,1.0,0.00398,0.1,0.0,0.13892915112390816,0.0025440240088611637,0.0
0.051114334834401684,1.0,0.00501,0.1,0.0,0.13892915112390816,0.0025440240088611637,0.0
0.051114334834401684,1.0,0.00631,0.1,0.0,0.13892915112390816,0.0025440240088611637,0.0
0.053535666774107246,1.0,1e-06,0.1,0.0,0.15236571186439796,0.0027900698015820903,0.0
0.053535666774107246,1.0,1.26e-06,0.1,0.0,0.15236571186439796,0.0027900698015820903,0.0
0.053535666774107246,1.0,1.58e-06,0.1,0.0,0.15236571186439796,0.0027900698015820903,0.0
0.053535666774107246,1.0,2e-06,0.1,0.0,0.15236571186439796,0.0027900698015820903,0.0
0.053535666774107246,1.0,2.51e-06,0.1,0.0,0.15236571186439796,0.0027900698015820903,0.0
0.053535666774107246,1.0,3.16e-06,0.1,0.0,0.15236571186439796,0.0027900698015820903,0.0
0.053535666774107246,1.0,3.98e-06,0.1,0.0,0.15236571186439796,0.0027900698015820903,0.0
0.053535666774107246,1.0,5.01e-06,0.1,0.0,0.15236571186439796,0.0027900698015820903,0.0
0.053535666774107246,1.0,6.31e-06,0.1,0.0,0.15236571186439796,0.0027900698015820903,0.0
0.053535666774107246,1.0,7.94e-06,0.1,0.0,0.15236571186439796,0.0027900698015820903,0.0
0.053535666774107246,1.0,1e-05,0.1,0.0,0.15236571186439796,0.0027900698015820903,0.0
0.053535666774107246,1.0,1.26e-05,0.1,0.0,0.15236571186439796,0.0027900698015820903,0.0
0.053535666774107246,1.0,1.58e-05,0.1,0.0,0.15236571186439796,0.0027900698015820903,0.0
0.053535666774107246,1.0,2e-05,0.1,3.3333333333333335e-05,0.15236571186439796,0.0027900698015820903,0.6094628474575919
0.053535666774107246,1.0,2.51e-05,0.1,3.3333333333333335e-05,0.15236571186439796,0.0027900698015820903,0.6094628474575919
0.053535666774107246,1.0,3.16e-05,0.1,0.0,0.15236571186439796,0.0027900698015820903,0.0
0.053535666774107246,1.0,3.98e-05,0.1,3.3333333333333335e-05,0.15236571186439796,0.0027900698015820903,0.6094628474575919
0.053535666774107246,1.0,5.01e-05,0.1,0.0,0.15236571186439796,0.0027900698015820903,0.0
0.053535666774107246,1.0,6.31e-05,0.1,6.666666666666667e-05,0.15236571186439796,0.0027900698015820903,1.2189256949151839
0.053535666774107246,1.0,7.94e-05,0.1,0.00013333333333333334,0.15236571186439796,0.0027900698015820903,2.4378513898303678
0.053535666774107246,1.0,0.0001,0.1,0.00013333333333333334,0.15236571186439796,0.0027900698015820903,2.4378513898303678
0.053535666774107246,1.0,0.000126,0.1,0.00016666666666666666,0.15236571186439796,0.0027900698015820903,3.0473142372879596
0.053535666774107246,1.0,0.000158,0.1,6.666666666666667e-05,0.15236571186439796,0.0027900698015820903,1.2189256949151839
0.053535666774107246,1.0,0.0002,0.1,0.00016666666666666666,0.15236571186439796,0.0027900698015820903,3.0473142372879596
0.053535666774107246,1.0,0.000251,0.1,0.0,0.15236571186439796,0.0027900698015820903,0.0
0.053535666774107246,1.0,0.000316,0.1,0.0,0.15236571186439796,0.0027900698015820903,0.0
0.053535666774107246,1.0,0.000398,0.1,0.0,0.15236571186439796,0.0027900698015820903,0.0
0.053535666774107246,1.0,0.000501,0.1,0.0,0.15236571186439796,0.0027900698015820903,0.0
0.053535666774107246,1.0,0.000631,0.1,0.0,0.15236571186439796,0.0027900698015820903,0.0
0.053535666774107246,1.0,0.000794,0.1,0.0,0.15236571186439796,0.0027900698015820903,0.0
0.053535666774107246,1.0,0.001,0.1,0.0,0.15236571186439796,0.0027900698015820903,0.0
0.053535666774107246,1.0,0.00126,0.1,0.0,0.15236571186439796,0.0027900698015820903,0.0
0.053535666774107246,1.0,0.00158,0.1,0.0,0.15236571186439796,0.0027900698015820903,0.0
0.053535666774107246,1.0,0.002,0.1,0.0,0.15236571186439796,0.0027900698015820903,0.0
0.053535666774107246,1.0,0.00251,0.1,0.0,0.15236571186439796,0.0027900698015820903,0.0
0.053535666774107246,1.0,0.00316,0.1,0.0,0.15236571186439796,0.0027900698015820903,0.0
0.053535666774107246,1.0,0.00398,0.1,0.0,0.15236571186439796,0.0027900698015820903,0.0
0.053535666774107246,1.0,0.00501,0.1,0.0,0.15236571186439796,0.0027900698015820903,0.0
0.053535666774107246,1.0,0.00631,0.1,0.0,0.15236571186439796,0.0027900698015820903,0.0
0.05607169938205458,1.0,1e-06,0.1,0.0,0.16709780581167183,0.003059838963773518,0.0
0.05607169938205458,1.0,1.26e-06,0.1,0.0,0.16709780581167183,0.003059838963773518,0.0
0.05607169938205458,1.0,1.58e-06,0.1,0.0,0.16709780581167183,0.003059838963773518,0.0
0.05607169938205458,1.0,2e-06,0.1,0.0,0.16709780581167183,0.003059838963773518,0.0
0.05607169938205458,1.0,2.51e-06,0.1,0.0,0.16709780581167183,0.003059838963773518,0.0
0.05607169938205458,1.0,3.16e-06,0.1,0.0,0.16709780581167183,0.003059838963773518,0.0
0.05607169938205458,1.0,3.98e-06,0.1,0.0,0.16709780581167183,0.003059838963773518,0.0
0.05607169938205458,1.0,5.01e-06,0.1,0.0,0.16709780581167183,0.003059838963773518,0.0
0.05607169938205458,1.0,6.31e-06,0.1,0.0,0.16709780581167183,0.003059838963773518,0.0
0.05607169938205458,1.0,7.94e-06,0.1,0.0,0.16709780581167183,0.003059838963773518,0.0
0.05607169938205458,1.0,1e-05,0.1,0.0,0.16709780581167183,0.003059838963773518,0.0
0.05607169938205458,1.0,1.26e-05,0.1,0.0,0.16709780581167183,0.003059838963773518,0.0
0.05607169938205458,1.0,1.58e-05,0.1,0.0,0.16709780581167183,0.003059838963773518,0.0
0.05607169938205458,1.0,2e-05,0.1,3.3333333333333335e-05,0.16709780581167183,0.003059838963773518,0.6683912232466874
0.05607169938205458,1.0,2.51e-05,0.1,3.3333333333333335e-05,0.16709780581167183,0.003059838963773518,0.6683912232466874
0.05607169938205458,1.0,3.16e-05,0.1,0.0,0.16709780581167183,0.003059838963773518,0.0
0.05607169938205458,1.0,3.98e-05,0.1,3.3333333333333335e-05,0.16709780581167183,0.003059838963773518,0.6683912232466874
0.05607169938205458,1.0,5.01e-05,0.1,0.0,0.16709780581167183,0.003059838963773518,0.0
0.05607169938205458,1.0,6.31e-05,0.1,6.666666666666667e-05,0.16709780581167183,0.003059838963773518,1.3367824464933749
0.05607169938205458,1.0,7.94e-05,0.1,0.00013333333333333334,0.16709780581167183,0.003059838963773518,2.6735648929867497
0.05607169938205458,1.0,0.0001,0.1,0.00013333333333333334,0.16709780581167183,0.003059838963773518,2.6735648929867497
0.05607169938205458,1.0,0.000126,0.1,0.00016666666666666666,0.16709780581167183,0.003059838963773518,3.341956116233437
0.05607169938205458,1.0,0.000158,0.1,6.666666666666667e-05,0.16709780581167183,0.003059838963773518,1.3367824464933749
0.05607169938205458,1.0,0.0002,0.1,0.00016666666666666666,0.16709780581167183,0.003059838963773518,3.341956116233437
0.05607169938205458,1.0,0.000251,0.1,0.0,0.16709780581167183,0.003059838963773518,0.0
0.05607169938205458,1.0,0.000316,0.1,0.0,0.16709780581167183,0.003059838963773518,0.0
0.05607169938205458,1.0,0.000398,0.1,0.0,0.16709780581167183,0.003059838963773518,0.0
0.05607169938205458,1.0,0.000501,0.1,0.0,0.16709780581167183,0.003059838963773518,0.0
0.05607169938205458,1.0,0.000631,0.1,0.0,0.16709780581167183,0.003059838963773518,0.0
0.05607169938205458,1.0,0.000794,0.1,0.0,0.16709780581167183,0.003059838963773518,0.0
0.05607169938205458,1.0,0.001,0.1,0.0,0.16709780581167183,0.003059838963773518,0.0
0.05607169938205458,1.0,0.00126,0.1,0.0,0.16709780581167183,0.003059838963773518,0.0
0.05607169938205458,1.0,0.00158,0.1,0.0,0.16709780581167183,0.003059838963773518,0.0
0.05607169938205458,1.0,0.002,0.1,0.0,0.16709780581167183,0.003059838963773518,0.0
0.05607169938205458,1.0,0.00251,0.1,0.0,0.16709780581167183,0.003059838963773518,0.0
0.05607169938205458,1.0,0.00316,0.1,0.0,0.16709780581167183,0.003059838963773518,0.0
0.05607169938205458,1.0,0.00398,0.1,0.0,0.16709780581167183,0.003059838963773518,0.0
0.05607169938205458,1.0,0.00501,0.1,0.0,0.16709780581167183,0.003059838963773518,0.0
0.05607169938205458,1.0,0.00631,0.1,0.0,0.16709780581167183,0.003059838963773518,0.0
0.05872786613189483,1.0,1e-06,0.1,0.0,0.1832495385321301,0.0033556040749337136,0.0
0.05872786613189483,1.0,1.26e-06,0.1,0.0,0.1832495385321301,0.0033556040749337136,0.0
0.05872786613189483,1.0,1.58e-06,0.1,0.0,0.1832495385321301,0.0033556040749337136,0.0
0.05872786613189483,1.0,2e-06,0.1,0.0,0.1832495385321301,0.0033556040749337136,0.0
0.05872786613189483,1.0,2.51e-06,0.1,0.0,0.1832495385321301,0.0033556040749337136,0.0
0.05872786613189483,1.0,3.16e-06,0.1,0.0,0.1832495385321301,0.0033556040749337136,0.0
0.05872786613189483,1.0,3.98e-06,0.1,0.0,0.1832495385321301,0.0033556040749337136,0.0
0.05872786613189483,1.0,5.01e-06,0.1,0.0,0.1832495385321301,0.0033556040749337136,0.0
0.05872786613189483,1.0,6.31e-06,0.1,0.0,0.1832495385321301,0.0033556040749337136,0.0
0.05872786613189483,1.0,7.94e-06,0.1,0.0,0.1832495385321301,0.0033556040749337136,0.0
0.05872786613189483,1.0,1e-05,0.1,0.0,0.1832495385321301,0.0033556040749337136,0.0
0.05872786613189483,1.0,1.26e-05,0.1,0.0,0.1832495385321301,0.0033556040749337136,0.0
0.05872786613189483,1.0,1.58e-05,0.1,0.0,0.1832495385321301,0.0033556040749337136,0.0
0.05872786613189483,1.0,2e-05,0.1,3.3333333333333335e-05,0.1832495385321301,0.0033556040749337136,0.7329981541285205
0.05872786613189483,1.0,2.51e-05,0.1,3.3333333333333335e-05,0.1832495385321301,0.0033556040749337136,0.7329981541285205
0.05872786613189483,1.0,3.16e-05,0.1,0.0,0.1832495385321301,0.0033556040749337136,0.0
0.05872786613189483,1.0,3.98e-05,0.1,3.3333333333333335e-05,0.1832495385321301,0.0033556040749337136,0.7329981541285205
0.05872786613189483,1.0,5.01e-05,0.1,0.0,0.1832495385321301,0.0033556040749337136,0.0
0.05872786613189483,1.0,6.31e-05,0.1,6.666666666666667e-05,0.1832495385321301,0.0033556040749337136,1.465996308257041
0.05872786613189483,1.0,7.94e-05,0.1,0.00013333333333333334,0.1832495385321301,0.0033556040749337136,2.931992616514082
0.05872786613189483,1.0,0.0001,0.1,0.00013333333333333334,0.1832495385321301,0.0033556040749337136,2.931992616514082
0.05872786613189483,1.0,0.000126,0.1,0.00016666666666666666,0.1832495385321301,0.0033556040749337136,3.664990770642602
0.05872786613189483,1.0,0.000158,0.1,6.666666666666667e-05,0.1832495385321301,0.0033556040749337136,1.465996308257041
0.05872786613189483,1.0,0.0002,0.1,0.00016666666666666666,0.1832495385321301,0.0033556040749337136,3.664990770642602
0.05872786613189483,1.0,0.000251,0.1,0.0,0.1832495385321301,0.0033556040749337136,0.0
0.05872786613189483,1.0,0.000316,0.1,0.0,0.1832495385321301,0.0033556040749337136,0.0
0.05872786613189483,1.0,0.000398,0.1,0.0,0.1832495385321301,0.0033556040749337136,0.0
0.05872786613189483,1.0,0.000501,0.1,0.0,0.1832495385321301,0.0033556040749337136,0.0
0.05872786613189483,1.0,0.000631,0.1,0.0,0.1832495385321301,0.0033556040749337136,0.0
0.05872786613189483,1.0,0.000794,0.1,0.0,0.1832495385321301,0.0033556040749337136,0.0
0.05872786613189483,1.0,0.001,0.1,0.0,0.1832495385321301,0.0033556040749337136,0.0
0.05872786613189483,1.0,0.00126,0.1,0.0,0.1832495385321301,0.0033556040749337136,0.0
0.05872786613189483,1.0,0.00158,0.1,0.0,0.1832495385321301,0.0033556040749337136,0.0
0.05872786613189483,1.0,0.002,0.1,0.0,0.1832495385321301,0.0033556040749337136,0.0
0.05872786613189483,1.0,0.00251,0.1,0.0,0.1832495385321301,0.0033556040749337136,0.0
0.05872786613189483,1.0,0.00316,0.1,0.0,0.1832495385321301,0.0033556040749337136,0.0
0.05872786613189483,1.0,0.00398,0.1,0.0,0.1832495385321301,0.0033556040749337136,0.0
0.05872786613189483,1.0,0.00501,0.1,0.0,0.1832495385321301,0.0033556040749337136,0.0
0.05872786613189483,1.0,0.00631,0.1,0.0,0.1832495385321301,0.0033556040749337136,0.0
0.061509857885805014,1.0,1e-06,0.1,0.0,0.20095674068498576,0.0036798524205271152,0.0
0.061509857885805014,1.0,1.26e-06,0.1,0.0,0.20095674068498576,0.0036798524205271152,0.0
0.061509857885805014,1.0,1.58e-06,0.1,0.0,0.20095674068498576,0.0036798524205271152,0.0
0.061509857885805014,1.0,2e-06,0.1,0.0,0.20095674068498576,0.0036798524205271152,0.0
0.061509857885805014,1.0,2.51e-06,0.1,0.0,0.20095674068498576,0.0036798524205271152,0.0
0.061509857885805014,1.0,3.16e-06,0.1,0.0,0.20095674068498576,0.0036798524205271152,0.0
0.061509857885805014,1.0,3.98e-06,0.1,0.0,0.20095674068498576,0.0036798524205271152,0.0
0.061509857885805014,1.0,5.01e-06,0.1,0.0,0.20095674068498576,0.0036798524205271152,0.0
0.061509857885805014,1.0,6.31e-06,0.1,0.0,0.20095674068498576,0.0036798524205271152,0.0
0.061509857885805014,1.0,7.94e-06,0.1,0.0,0.20095674068498576,0.0036798524205271152,0.0
0.061509857885805014,1.0,1e-05,0.1,0.0,0.20095674068498576,0.0036798524205271152,0.0
0.061509857885805014,1.0,1.26e-05,0.1,0.0,0.20095674068498576,0.0036798524205271152,0.0
0.061509857885805014,1.0,1.58e-05,0.1,0.0,0.20095674068498576,0.0036798524205271152,0.0
0.061509857885805014,1.0,2e-05,0.1,3.3333333333333335e-05,0.20095674068498576,0.0036798524205271152,0.8038269627399433
0.061509857885805014,1.0,2.51e-05,0.1,3.3333333333333335e-05,0.20095674068498576,0.0036798524205271152,0.8038269627399433
0.061509857885805014,1.0,3.16e-05,0.1,0.0,0.20095674068498576,0.0036798524205271152,0.0
0.061509857885805014,1.0,3.98e-05,0.1,3.3333333333333335e-05,0.20095674068498576,0.0036798524205271152,0.8038269627399433
0.061509857885805014,1.0,5.01e-05,0.1,0.0,0.20095674068498576,0.0036798524205271152,0.0
0.061509857885805014,1.0,6.31e-05,0.1,6.666666666666667e-05,0.20095674068498576,0.0036798524205271152,1.6076539254798865
0.061509857885805014,1.0,7.94e-05,0.1,0.00013333333333333334,0.20095674068498576,0.0036798524205271152,3.215307850959773
0.061509857885805014,1.0,0.0001,0.1,0.00013333333333333334,0.20095674068498576,0.0036798524205271152,3.215307850959773
0.061509857885805014,1.0,0.000126,0.1,0.00016666666666666666,0.20095674068498576,0.0036798524205271152,4.019134813699716
0.061509857885805014,1.0,0.000158,0.1,6.666666666666667e-05,0.20095674068498576,0.0036798524205271152,1.6076539254798865
0.061509857885805014,1.0,0.0002,0.1,0.00016666666666666666,0.20095674068498576,0.0036798524205271152,4.019134813699716
0.061509857885805014,1.0,0.000251,0.1,0.0,0.20095674068498576,0.0036798524205271152,0.0
0.061509857885805014,1.0,0.000316,0.1,0.0,0.20095674068498576,0.0036798524205271152,0.0
0.061509857885805014,1.0,0.000398,0.1,0.0,0.20095674068498576,0.0036798524205271152,0.0
0.061509857885805014,1.0,0.000501,0.1,0.0,0.20095674068498576,0.0036798524205271152,0.0
0.061509857885805014,1.0,0.000631,0.1,0.0,0.20095674068498576,0.0036798524205271152,0.0
0.061509857885805014,1.0,0.000794,0.1,0.0,0.20095674068498576,0.0036798524205271152,0.0
0.061509857885805014,1.0,0.001,0.1,0.0,0.20095674068498576,0.0036798524205271152,0.0
0.061509857885805014,1.0,0.00126,0.1,0.0,0.20095674068498576,0.0036798524205271152,0.0
0.061509857885805014,1.0,0.00158,0.1,0.0,0.20095674068498576,0.0036798524205271152,0.0
0.061509857885805014,1.0,0.002,0.1,0.0,0.20095674068498576,0.0036798524205271152,0.0
0.061509857885805014,1.0,0.00251,0.1,0.0,0.20095674068498576,0.0036798524205271152,0.0
0.061509857885805014,1.0,0.00316,0.1,0.0,0.20095674068498576,0.0036798524205271152,0.0
0.061509857885805014,1.0,0.00398,0.1,0.0,0.20095674068498576,0.0036798524205271152,0.0
0.061509857885805014,1.0,0.00501,0.1,0.0,0.20095674068498576,0.0036798524205271152,0.0
0.061509857885805014,1.0,0.00631,0.1,0.0,0.20095674068498576,0.0036798524205271152,0.0
0.06442363508721373,1.0,1e-06,0.1,0.0,0.22036804261709372,0.004035305669604353,0.0
0.06442363508721373,1.0,1.26e-06,0.1,0.0,0.22036804261709372,0.004035305669604353,0.0
0.06442363508721373,1.0,1.58e-06,0.1,0.0,0.22036804261709372,0.004035305669604353,0.0
0.06442363508721373,1.0,2e-06,0.1,0.0,0.22036804261709372,0.004035305669604353,0.0
0.06442363508721373,1.0,2.51e-06,0.1,0.0,0.22036804261709372,0.004035305669604353,0.0
0.06442363508721373,1.0,3.16e-06,0.1,0.0,0.22036804261709372,0.004035305669604353,0.0
0.06442363508721373,1.0,3.98e-06,0.1,0.0,0.22036804261709372,0.004035305669604353,0.0
0.06442363508721373,1.0,5.01e-06,0.1,0.0,0.22036804261709372,0.004035305669604353,0.0
0.06442363508721373,1.0,6.31e-06,0.1,0.0,0.22036804261709372,0.004035305669604353,0.0
0.06442363508721373,1.0,7.94e-06,0.1,0.0,0.22036804261709372,0.004035305669604353,0.0
0.06442363508721373,1.0,1e-05,0.1,0.0,0.22036804261709372,0.004035305669604353,0.0
0.06442363508721373,1.0,1.26e-05,0.1,0.0,0.22036804261709372,0.004035305669604353,0.0
0.06442363508721373,1.0,1.58e-05,0.1,0.0,0.22036804261709372,0.004035305669604353,0.0
0.06442363508721373,1.0,2e-05,0.1,3.3333333333333335e-05,0.22036804261709372,0.004035305669604353,0.881472170468375
0.06442363508721373,1.0,2.51e-05,0.1,3.3333333333333335e-05,0.22036804261709372,0.004035305669604353,0.881472170468375
0.06442363508721373,1.0,3.16e-05,0.1,0.0,0.22036804261709372,0.004035305669604353,0.0
0.06442363508721373,1.0,3.98e-05,0.1,3.3333333333333335e-05,0.22036804261709372,0.004035305669604353,0.881472170468375
0.06442363508721373,1.0,5.01e-05,0.1,0.0,0.22036804261709372,0.004035305669604353,0.0
0.06442363508721373,1.0,6.31e-05,0.1,6.666666666666667e-05,0.22036804261709372,0.004035305669604353,1.76294434093675
0.06442363508721373,1.0,7.94e-05,0.1,0.00013333333333333334,0.22036804261709372,0.004035305669604353,3.5258886818735
0.06442363508721373,1.0,0.0001,0.1,0.00013333333333333334,0.22036804261709372,0.004035305669604353,3.5258886818735
0.06442363508721373,1.0,0.000126,0.1,0.00016666666666666666,0.22036804261709372,0.004035305669604353,4.407360852341875
0.06442363508721373,1.0,0.000158,0.1,6.666666666666667e-05,0.22036804261709372,0.004035305669604353,1.76294434093675
0.06442363508721373,1.0,0.0002,0.1,0.00016666666666666666,0.22036804261709372,0.004035305669604353,4.407360852341875
0.06442363508721373,1.0,0.000251,0.1,0.0,0.22036804261709372,0.004035305669604353,0.0
0.06442363508721373,1.0,0.000316,0.1,0.0,0.22036804261709372,0.004035305669604353,0.0
0.06442363508721373,1.0,0.000398,0.1,0.0,0.22036804261709372,0.004035305669604353,0.0
0.06442363508721373,1.0,0.000501,0.1,0.0,0.22036804261709372,0.004035305669604353,0.0
0.06442363508721373,1.0,0.000631,0.1,0.0,0.22036804261709372,0.004035305669604353,0.0
0.06442363508721373,1.0,0.000794,0.1,0.0,0.22036804261709372,0.004035305669604353,0.0
0.06442363508721373,1.0,0.001,0.1,0.0,0.22036804261709372,0.004035305669604353,0.0
0.06442363508721373,1.0,0.00126,0.1,0.0,0.22036804261709372,0.004035305669604353,0.0
0.06442363508721373,1.0,0.00158,0.1,0.0,0.22036804261709372,0.004035305669604353,0.0
0.06442363508721373,1.0,0.002,0.1,0.0,0.22036804261709372,0.004035305669604353,0.0
0.06442363508721373,1.0,0.00251,0.1,0.0,0.22036804261709372,0.004035305669604353,0.0
0.06442363508721373,1.0,0.00316,0.1,0.0,0.22036804261709372,0.004035305669604353,0.0
0.06442363508721373,1.0,0.00398,0.1,0.0,0.22036804261709372,0.004035305669604353,0.0
0.06442363508721373,1.0,0.00501,0.1,0.0,0.22036804261709372,0.004035305669604353,0.0
0.06442363508721373,1.0,0.00631,0.1,0.0,0.22036804261709372,0.004035305669604353,0.0
0.06747544053110693,1.0,1e-06,0.1,0.0,0.24164604069210235,0.004424941232230404,0.0
0.06747544053110693,1.0,1.26e-06,0.1,0.0,0.24164604069210235,0.004424941232230404,0.0
0.06747544053110693,1.0,1.58e-06,0.1,0.0,0.24164604069210235,0.004424941232230404,0.0
0.06747544053110693,1.0,2e-06,0.1,0.0,0.24164604069210235,0.004424941232230404,0.0
0.06747544053110693,1.0,2.51e-06,0.1,0.0,0.24164604069210235,0.004424941232230404,0.0
0.06747544053110693,1.0,3.16e-06,0.1,0.0,0.24164604069210235,0.004424941232230404,0.0
0.06747544053110693,1.0,3.98e-06,0.1,0.0,0.24164604069210235,0.004424941232230404,0.0
0.06747544053110693,1.0,5.01e-06,0.1,0.0,0.24164604069210235,0.004424941232230404,0.0
0.06747544053110693,1.0,6.31e-06,0.1,0.0,0.24164604069210235,0.004424941232230404,0.0
0.06747544053110693,1.0,7.94e-06,0.1,0.0,0.24164604069210235,0.004424941232230404,0.0
0.06747544053110693,1.0,1e-05,0.1,0.0,0.24164604069210235,0.004424941232230404,0.0
0.06747544053110693,1.0,1.26e-05,0.1,0.0,0.24164604069210235,0.004424941232230404,0.0
0.06747544053110693,1.0,1.58e-05,0.1,0.0,0.24164604069210235,0.004424941232230404,0.0
0.06747544053110693,1.0,2e-05,0.1,3.3333333333333335e-05,0.24164604069210235,0.004424941232230404,0.9665841627684095
0.06747544053110693,1.0,2.51e-05,0.1,3.3333333333333335e-05,0.24164604069210235,0.004424941232230404,0.9665841627684095
0.06747544053110693,1.0,3.16e-05,0.1,0.0,0.24164604069210235,0.004424941232230404,0.0
0.06747544053110693,1.0,3.98e-05,0.1,3.3333333333333335e-05,0.24164604069210235,0.004424941232230404,0.9665841627684095
0.06747544053110693,1.0,5.01e-05,0.1,0.0,0.24164604069210235,0.004424941232230404,0.0
0.06747544053110693,1.0,6.31e-05,0.1,6.666666666666667e-05,0.24164604069210235,0.004424941232230404,1.933168325536819
0.06747544053110693,1.0,7.94e-05,0.1,0.00013333333333333334,0.24164604069210235,0.004424941232230404,3.866336651073638
0.06747544053110693,1.0,0.0001,0.1,0.00013333333333333334,0.24164604069210235,0.004424941232230404,3.866336651073638
0.06747544053110693,1.0,0.000126,0.1,0.00016666666666666666,0.24164604069210235,0.004424941232230404,4.832920813842048
0.06747544053110693,1.0,0.000158,0.1,6.666666666666667e-05,0.24164604069210235,0.004424941232230404,1.933168325536819
0.06747544053110693,1.0,0.0002,0.1,0.00016666666666666666,0.24164604069210235,0.004424941232230404,4.832920813842048
0.06747544053110693,1.0,0.000251,0.1,0.0,0.24164604069210235,0.004424941232230404,0.0
0.06747544053110693,1.0,0.000316,0.1,0.0,0.24164604069210235,0.004424941232230404,0.0
0.06747544053110693,1.0,0.000398,0.1,0.0,0.24164604069210235,0.004424941232230404,0.0
0.06747544053110693,1.0,0.000501,0.1,0.0,0.24164604069210235,0.004424941232230404,0.0
0.06747544053110693,1.0,0.000631,0.1,0.0,0.24164604069210235,0.004424941232230404,0.0
0.06747544053110693,1.0,0.000794,0.1,0.0,0.24164604069210235,0.004424941232230404,0.0
0.06747544053110693,1.0,0.001,0.1,0.0,0.24164604069210235,0.004424941232230404,0.0
0.06747544053110693,1.0,0.00126,0.1,0.0,0.24164604069210235,0.004424941232230404,0.0
0.06747544053110693,1.0,0.00158,0.1,0.0,0.24164604069210235,0.004424941232230404,0.0
0.06747544053110693,1.0,0.002,0.1,0.0,0.24164604069210235,0.004424941232230404,0.0
0.06747544053110693,1.0,0.00251,0.1,0.0,0.24164604069210235,0.004424941232230404,0.0
0.06747544053110693,1.0,0.00316,0.1,0.0,0.24164604069210235,0.004424941232230404,0.0
0.06747544053110693,1.0,0.00398,0.1,0.0,0.24164604069210235,0.004424941232230404,0.0
0.06747544053110693,1.0,0.00501,0.1,0.0,0.24164604069210235,0.004424941232230404,0.0
0.06747544053110693,1.0,0.00631,0.1,0.0,0.24164604069210235,0.004424941232230404,0.0
0.07067181273927492,1.0,1e-06,0.1,0.0,0.26496856178722417,0.004852015414525255,0.0
0.07067181273927492,1.0,1.26e-06,0.1,0.0,0.26496856178722417,0.004852015414525255,0.0
0.07067181273927492,1.0,1.58e-06,0.1,0.0,0.26496856178722417,0.004852015414525255,0.0
0.07067181273927492,1.0,2e-06,0.1,0.0,0.26496856178722417,0.004852015414525255,0.0
0.07067181273927492,1.0,2.51e-06,0.1,0.0,0.26496856178722417,0.004852015414525255,0.0
0.07067181273927492,1.0,3.16e-06,0.1,0.0,0.26496856178722417,0.004852015414525255,0.0
0.07067181273927492,1.0,3.98e-06,0.1,0.0,0.26496856178722417,0.004852015414525255,0.0
0.07067181273927492,1.0,5.01e-06,0.1,0.0,0.26496856178722417,0.004852015414525255,0.0
0.07067181273927492,1.0,6.31e-06,0.1,0.0,0.26496856178722417,0.004852015414525255,0.0
0.07067181273927492,1.0,7.94e-06,0.1,0.0,0.26496856178722417,0.004852015414525255,0.0
0.07067181273927492,1.0,1e-05,0.1,0.0,0.26496856178722417,0.004852015414525255,0.0
0.07067181273927492,1.0,1.26e-05,0.1,0.0,0.26496856178722417,0.004852015414525255,0.0
0.07067181273927492,1.0,1.58e-05,0.1,0.0,0.26496856178722417,0.004852015414525255,0.0
0.07067181273927492,1.0,2e-05,0.1,3.3333333333333335e-05,0.26496856178722417,0.004852015414525255,1.0598742471488969
0.07067181273927492,1.0,2.51e-05,0.1,3.3333333333333335e-05,0.26496856178722417,0.004852015414525255,1.0598742471488969
0.07067181273927492,1.0,3.16e-05,0.1,0.0,0.26496856178722417,0.004852015414525255,0.0
0.07067181273927492,1.0,3.98e-05,0.1,3.3333333333333335e-05,0.26496856178722417,0.004852015414525255,1.0598742471488969
0.07067181273927492,1.0,5.01e-05,0.1,0.0,0.26496856178722417,0.004852015414525255,0.0
0.07067181273927492,1.0,6.31e-05,0.1,6.666666666666667e-05,0.26496856178722417,0.004852015414525255,2.1197484942977938
0.07067181273927492,1.0,7.94e-05,0.1,0.00013333333333333334,0.26496856178722417,0.004852015414525255,4.2394969885955875
0.07067181273927492,1.0,0.0001,0.1,0.00013333333333333334,0.26496856178722417,0.004852015414525255,4.2394969885955875
0.07067181273927492,1.0,0.000126,0.1,0.00016666666666666666,0.26496856178722417,0.004852015414525255,5.299371235744484
0.07067181273927492,1.0,0.000158,0.1,6.666666666666667e-05,0.26496856178722417,0.004852015414525255,2.1197484942977938
0.07067181273927492,1.0,0.0002,0.1,0.00016666666666666666,0.26496856178722417,0.004852015414525255,5.299371235744484
0.07067181273927492,1.0,0.000251,0.1,0.0,0.26496856178722417,0.004852015414525255,0.0
0.07067181273927492,1.0,0.000316,0.1,0.0,0.26496856178722417,0.004852015414525255,0.0
0.07067181273927492,1.0,0.000398,0.1,0.0,0.26496856178722417,0.004852015414525255,0.0
0.07067181273927492,1.0,0.000501,0.1,0.0,0.26496856178722417,0.004852015414525255,0.0
0.07067181273927492,1.0,0.000631,0.1,0.0,0.26496856178722417,0.004852015414525255,0.0
0.07067181273927492,1.0,0.000794,0.1,0.0,0.26496856178722417,0.004852015414525255,0.0
0.07067181273927492,1.0,0.001,0.1,0.0,0.26496856178722417,0.004852015414525255,0.0
0.07067181273927492,1.0,0.00126,0.1,0.0,0.26496856178722417,0.004852015414525255,0.0
0.07067181273927492,1.0,0.00158,0.1,0.0,0.26496856178722417,0.004852015414525255,0.0
0.07067181273927492,1.0,0.002,0.1,0.0,0.26496856178722417,0.004852015414525255,0.0
0.07067181273927492,1.0,0.00251,0.1,0.0,0.26496856178722417,0.004852015414525255,0.0
0.07067181273927492,1.0,0.00316,0.1,0.0,0.26496856178722417,0.004852015414525255,0.0
0.07067181273927492,1.0,0.00398,0.1,0.0,0.26496856178722417,0.004852015414525255,0.0
0.07067181273927492,1.0,0.00501,0.1,0.0,0.26496856178722417,0.004852015414525255,0.0
0.07067181273927492,1.0,0.00631,0.1,0.0,0.26496856178722417,0.004852015414525255,0.0
0.07401959996915644,1.0,1e-06,0.1,0.0,0.29053003253760773,0.005320088491807503,0.0
0.07401959996915644,1.0,1.26e-06,0.1,0.0,0.29053003253760773,0.005320088491807503,0.0
0.07401959996915644,1.0,1.58e-06,0.1,0.0,0.29053003253760773,0.005320088491807503,0.0
0.07401959996915644,1.0,2e-06,0.1,0.0,0.29053003253760773,0.005320088491807503,0.0
0.07401959996915644,1.0,2.51e-06,0.1,0.0,0.29053003253760773,0.005320088491807503,0.0
0.07401959996915644,1.0,3.16e-06,0.1,0.0,0.29053003253760773,0.005320088491807503,0.0
0.07401959996915644,1.0,3.98e-06,0.1,0.0,0.29053003253760773,0.005320088491807503,0.0
0.07401959996915644,1.0,5.01e-06,0.1,0.0,0.29053003253760773,0.005320088491807503,0.0
0.07401959996915644,1.0,6.31e-06,0.1,0.0,0.29053003253760773,0.005320088491807503,0.0
0.07401959996915644,1.0,7.94e-06,0.1,0.0,0.29053003253760773,0.005320088491807503,0.0
0.07401959996915644,1.0,1e-05,0.1,0.0,0.29053003253760773,0.005320088491807503,0.0
0.07401959996915644,1.0,1.26e-05,0.1,0.0,0.29053003253760773,0.005320088491807503,0.0
0.07401959996915644,1.0,1.58e-05,0.1,0.0,0.29053003253760773,0.005320088491807503,0.0
0.07401959996915644,1.0,2e-05,0.1,3.3333333333333335e-05,0.29053003253760773,0.005320088491807503,1.1621201301504311
0.07401959996915644,1.0,2.51e-05,0.1,3.3333333333333335e-05,0.29053003253760773,0.005320088491807503,1.1621201301504311
0.07401959996915644,1.0,3.16e-05,0.1,0.0,0.29053003253760773,0.005320088491807503,0.0
0.07401959996915644,1.0,3.98e-05,0.1,3.3333333333333335e-05,0.29053003253760773,0.005320088491807503,1.1621201301504311
0.07401959996915644,1.0,5.01e-05,0.1,0.0,0.29053003253760773,0.005320088491807503,0.0
0.07401959996915644,1.0,6.31e-05,0.1,6.666666666666667e-05,0.29053003253760773,0.005320088491807503,2.3242402603008623
0.07401959996915644,1.0,7.94e-05,0.1,0.00013333333333333334,0.29053003253760773,0.005320088491807503,4.648480520601725
0.07401959996915644,1.0,0.0001,0.1,0.00013333333333333334,0.29053003253760773,0.005320088491807503,4.648480520601725
0.07401959996915644,1.0,0.000126,0.1,0.00016666666666666666,0.29053003253760773,0.005320088491807503,5.810600650752155
0.07401959996915644,1.0,0.000158,0.1,6.666666666666667e-05,0.29053003253760773,0.005320088491807503,2.3242402603008623
0.07401959996915644,1.0,0.0002,0.1,0.00016666666666666666,0.29053003253760773,0.005320088491807503,5.810600650752155
0.07401959996915644,1.0,0.000251,0.1,0.0,0.29053003253760773,0.005320088491807503,0.0
0.07401959996915644,1.0,0.000316,0.1,0.0,0.29053003253760773,0.005320088491807503,0.0
0.07401959996915644,1.0,0.000398,0.1,0.0,0.29053003253760773,0.005320088491807503,0.0
0.07401959996915644,1.0,0.000501,0.1,0.0,0.29053003253760773,0.005320088491807503,0.0
0.07401959996915644,1.0,0.000631,0.1,0.0,0.29053003253760773,0.005320088491807503,0.0
0.07401959996915644,1.0,0.000794,0.1,0.0,0.29053003253760773,0.005320088491807503,0.0
0.07401959996915644,1.0,0.001,0.1,0.0,0.29053003253760773,0.005320088491807503,0.0
0.07401959996915644,1.0,0.00126,0.1,0.0,0.29053003253760773,0.005320088491807503,0.0
0.07401959996915644,1.0,0.00158,0.1,0.0,0.29053003253760773,0.005320088491807503,0.0
0.07401959996915644,1.0,0.002,0.1,0.0,0.29053003253760773,0.005320088491807503,0.0
0.07401959996915644,1.0,0.00251,0.1,0.0,0.29053003253760773,0.005320088491807503,0.0
0.07401959996915644,1.0,0.00316,0.1,0.0,0.29053003253760773,0.005320088491807503,0.0
0.07401959996915644,1.0,0.00398,0.1,0.0,0.29053003253760773,0.005320088491807503,0.0
0.07401959996915644,1.0,0.00501,0.1,0.0,0.29053003253760773,0.005320088491807503,0.0
0.07401959996915644,1.0,0.00631,0.1,0.0,0.29053003253760773,0.005320088491807503,0.0
0.0775259748862946,1.0,1e-06,0.1,0.0,0.31854295997960225,0.005833051821637104,0.0
0.0775259748862946,1.0,1.26e-06,0.1,0.0,0.31854295997960225,0.005833051821637104,0.0
0.0775259748862946,1.0,1.58e-06,0.1,0.0,0.31854295997960225,0.005833051821637104,0.0
0.0775259748862946,1.0,2e-06,0.1,0.0,0.31854295997960225,0.005833051821637104,0.0
0.0775259748862946,1.0,2.51e-06,0.1,0.0,0.31854295997960225,0.005833051821637104,0.0
0.0775259748862946,1.0,3.16e-06,0.1,0.0,0.31854295997960225,0.005833051821637104,0.0
0.0775259748862946,1.0,3.98e-06,0.1,0.0,0.31854295997960225,0.005833051821637104,0.0
0.0775259748862946,1.0,5.01e-06,0.1,0.0,0.31854295997960225,0.005833051821637104,0.0
0.0775259748862946,1.0,6.31e-06,0.1,0.0,0.31854295997960225,0.005833051821637104,0.0
0.0775259748862946,1.0,7.94e-06,0.1,0.0,0.31854295997960225,0.005833051821637104,0.0
0.0775259748862946,1.0,1e-05,0.1,0.0,0.31854295997960225,0.005833051821637104,0.0
0.0775259748862946,1.0,1.26e-05,0.1,0.0,0.31854295997960225,0.005833051821637104,0.0
0.0775259748862946,1.0,1.58e-05,0.1,0.0,0.31854295997960225,0.005833051821637104,0.0
0.0775259748862946,1.0,2e-05,0.1,3.3333333333333335e-05,0.31854295997960225,0.005833051821637104,1.2741718399184092
0.0775259748862946,1.0,2.51e-05,0.1,3.3333333333333335e-05,0.31854295997960225,0.005833051821637104,1.2741718399184092
0.0775259748862946,1.0,3.16e-05,0.1,0.0,0.31854295997960225,0.005833051821637104,0.0
0.0775259748862946,1.0,3.98e-05,0.1,3.3333333333333335e-05,0.31854295997960225,0.005833051821637104,1.2741718399184092
0.0775259748862946,1.0,5.01e-05,0.1,0.0,0.31854295997960225,0.005833051821637104,0.0
0.0775259748862946,1.0,6.31e-05,0.1,6.666666666666667e-05,0.31854295997960225,0.005833051821637104,2.5483436798368184
0.0775259748862946,1.0,7.94e-05,0.1,0.00013333333333333334,0.31854295997960225,0.005833051821637104,5.096687359673637
0.0775259748862946,1.0,0.0001,0.1,0.00013333333333333334,0.31854295997960225,0.005833051821637104,5.096687359673637
0.0775259748862946,1.0,0.000126,0.1,0.00016666666666666666,0.31854295997960225,0.005833051821637104,6.370859199592045
0.0775259748862946,1.0,0.000158,0.1,6.666666666666667e-05,0.31854295997960225,0.005833051821637104,2.5483436798368184
0.0775259748862946,1.0,0.0002,0.1,0.00016666666666666666,0.31854295997960225,0.005833051821637104,6.370859199592045
0.0775259748862946,1.0,0.000251,0.1,0.0,0.31854295997960225,0.005833051821637104,0.0
0.0775259748862946,1.0,0.000316,0.1,0.0,0.31854295997960225,0.005833051821637104,0.0
0.0775259748862946,1.0,0.000398,0.1,0.0,0.31854295997960225,0.005833051821637104,0.0
0.0775259748862946,1.0,0.000501,0.1,0.0,0.31854295997960225,0.005833051821637104,0.0
0.0775259748862946,1.0,0.000631,0.1,0.0,0.31854295997960225,0.005833051821637104,0.0
0.0775259748862946,1.0,0.000794,0.1,0.0,0.31854295997960225,0.005833051821637104,0.0
0.0775259748862946,1.0,0.001,0.1,0.0,0.31854295997960225,0.005833051821637104,0.0
0.0775259748862946,1.0,0.00126,0.1,0.0,0.31854295997960225,0.005833051821637104,0.0
0.0775259748862946,1.0,0.00158,0.1,0.0,0.31854295997960225,0.005833051821637104,0.0
0.0775259748862946,1.0,0.002,0.1,0.0,0.31854295997960225,0.005833051821637104,0.0
0.0775259748862946,1.0,0.00251,0.1,0.0,0.31854295997960225,0.005833051821637104,0.0
0.0775259748862946,1.0,0.00316,0.1,0.0,0.31854295997960225,0.005833051821637104,0.0
0.0775259748862946,1.0,0.00398,0.1,0.0,0.31854295997960225,0.005833051821637104,0.0
0.0775259748862946,1.0,0.00501,0.1,0.0,0.31854295997960225,0.005833051821637104,0.0
0.0775259748862946,1.0,0.00631,0.1,0.0,0.31854295997960225,0.005833051821637104,0.0
0.08119844993184012,1.0,1e-06,0.1,0.0,0.3492395302168394,0.006395157118052361,0.0
0.08119844993184012,1.0,1.26e-06,0.1,0.0,0.3492395302168394,0.006395157118052361,0.0
0.08119844993184012,1.0,1.58e-06,0.1,0.0,0.3492395302168394,0.006395157118052361,0.0
0.08119844993184012,1.0,2e-06,0.1,0.0,0.3492395302168394,0.006395157118052361,0.0
0.08119844993184012,1.0,2.51e-06,0.1,0.0,0.3492395302168394,0.006395157118052361,0.0
0.08119844993184012,1.0,3.16e-06,0.1,0.0,0.3492395302168394,0.006395157118052361,0.0
0.08119844993184012,1.0,3.98e-06,0.1,0.0,0.3492395302168394,0.006395157118052361,0.0
0.08119844993184012,1.0,5.01e-06,0.1,0.0,0.3492395302168394,0.006395157118052361,0.0
0.08119844993184012,1.0,6.31e-06,0.1,0.0,0.3492395302168394,0.006395157118052361,0.0
0.08119844993184012,1.0,7.94e-06,0.1,0.0,0.3492395302168394,0.006395157118052361,0.0
0.08119844993184012,1.0,1e-05,0.1,0.0,0.3492395302168394,0.006395157118052361,0.0
0.08119844993184012,1.0,1.26e-05,0.1,0.0,0.3492395302168394,0.006395157118052361,0.0
0.08119844993184012,1.0,1.58e-05,0.1,0.0,0.3492395302168394,0.006395157118052361,0.0
0.08119844993184012,1.0,2e-05,0.1,3.3333333333333335e-05,0.3492395302168394,0.006395157118052361,1.3969581208673578
0.08119844993184012,1.0,2.51e-05,0.1,3.3333333333333335e-05,0.3492395302168394,0.006395157118052361,1.3969581208673578
0.08119844993184012,1.0,3.16e-05,0.1,0.0,0.3492395302168394,0.006395157118052361,0.0
0.08119844993184012,1.0,3.98e-05,0.1,3.3333333333333335e-05,0.3492395302168394,0.006395157118052361,1.3969581208673578
0.08119844993184012,1.0,5.01e-05,0.1,0.0,0.3492395302168394,0.006395157118052361,0.0
0.08119844993184012,1.0,6.31e-05,0.1,6.666666666666667e-05,0.3492395302168394,0.006395157118052361,2.7939162417347156
0.08119844993184012,1.0,7.94e-05,0.1,0.00013333333333333334,0.3492395302168394,0.006395157118052361,5.587832483469431
0.08119844993184012,1.0,0.0001,0.1,0.00013333333333333334,0.3492395302168394,0.006395157118052361,5.587832483469431
0.08119844993184012,1.0,0.000126,0.1,0.00016666666666666666,0.3492395302168394,0.006395157118052361,6.984790604336789
0.08119844993184012,1.0,0.000158,0.1,6.666666666666667e-05,0.3492395302168394,0.006395157118052361,2.7939162417347156
0.08119844993184012,1.0,0.0002,0.1,0.00016666666666666666,0.3492395302168394,0.006395157118052361,6.984790604336789
0.08119844993184012,1.0,0.000251,0.1,0.0,0.3492395302168394,0.006395157118052361,0.0
0.08119844993184012,1.0,0.000316,0.1,0.0,0.3492395302168394,0.006395157118052361,0.0
0.08119844993184012,1.0,0.000398,0.1,0.0,0.3492395302168394,0.006395157118052361,0.0
0.08119844993184012,1.0,0.000501,0.1,0.0,0.3492395302168394,0.006395157118052361,0.0
0.08119844993184012,1.0,0.000631,0.1,0.0,0.3492395302168394,0.006395157118052361,0.0
0.08119844993184012,1.0,0.000794,0.1,0.0,0.3492395302168394,0.006395157118052361,0.0
0.08119844993184012,1.0,0.001,0.1,0.0,0.3492395302168394,0.006395157118052361,0.0
0.08119844993184012,1.0,0.00126,0.1,0.0,0.3492395302168394,0.006395157118052361,0.0
0.08119844993184012,1.0,0.00158,0.1,0.0,0.3492395302168394,0.006395157118052361,0.0
0.08119844993184012,1.0,0.002,0.1,0.0,0.3492395302168394,0.006395157118052361,0.0
0.08119844993184012,1.0,0.00251,0.1,0.0,0.3492395302168394,0.006395157118052361,0.0
0.08119844993184012,1.0,0.00316,0.1,0.0,0.3492395302168394,0.006395157118052361,0.0
0.08119844993184012,1.0,0.00398,0.1,0.0,0.3492395302168394,0.006395157118052361,0.0
0.08119844993184012,1.0,0.00501,0.1,0.0,0.3492395302168394,0.006395157118052361,0.0
0.08119844993184012,1.0,0.00631,0.1,0.0,0.3492395302168394,0.006395157118052361,0.0
0.08504489341802678,1.0,1e-06,0.1,0.0,0.3828733315789991,0.007011048005475171,0.0
0.08504489341802678,1.0,1.26e-06,0.1,0.0,0.3828733315789991,0.007011048005475171,0.0
0.08504489341802678,1.0,1.58e-06,0.1,0.0,0.3828733315789991,0.007011048005475171,0.0
0.08504489341802678,1.0,2e-06,0.1,0.0,0.3828733315789991,0.007011048005475171,0.0
0.08504489341802678,1.0,2.51e-06,0.1,0.0,0.3828733315789991,0.007011048005475171,0.0
0.08504489341802678,1.0,3.16e-06,0.1,0.0,0.3828733315789991,0.007011048005475171,0.0
0.08504489341802678,1.0,3.98e-06,0.1,0.0,0.3828733315789991,0.007011048005475171,0.0
0.08504489341802678,1.0,5.01e-06,0.1,0.0,0.3828733315789991,0.007011048005475171,0.0
0.08504489341802678,1.0,6.31e-06,0.1,0.0,0.3828733315789991,0.007011048005475171,0.0
0.08504489341802678,1.0,7.94e-06,0.1,0.0,0.3828733315789991,0.007011048005475171,0.0
0.08504489341802678,1.0,1e-05,0.1,0.0,0.3828733315789991,0.007011048005475171,0.0
0.08504489341802678,1.0,1.26e-05,0.1,0.0,0.3828733315789991,0.007011048005475171,0.0
0.08504489341802678,1.0,1.58e-05,0.1,0.0,0.3828733315789991,0.007011048005475171,0.0
0.08504489341802678,1.0,2e-05,0.1,3.3333333333333335e-05,0.3828733315789991,0.007011048005475171,1.5314933263159967
0.08504489341802678,1.0,2.51e-05,0.1,3.3333333333333335e-05,0.3828733315789991,0.007011048005475171,1.5314933263159967
0.08504489341802678,1.0,3.16e-05,0.1,0.0,0.3828733315789991,0.007011048005475171,0.0
0.08504489341802678,1.0,3.98e-05,0.1,3.3333333333333335e-05,0.3828733315789991,0.007011048005475171,1.5314933263159967
0.08504489341802678,1.0,5.01e-05,0.1,0.0,0.3828733315789991,0.007011048005475171,0.0
0.08504489341802678,1.0,6.31e-05,0.1,6.666666666666667e-05,0.3828733315789991,0.007011048005475171,3.0629866526319933
0.08504489341802678,1.0,7.94e-05,0.1,0.00013333333333333334,0.3828733315789991,0.007011048005475171,6.125973305263987
0.08504489341802678,1.0,0.0001,0.1,0.00013333333333333334,0.3828733315789991,0.007011048005475171,6.125973305263987
0.08504489341802678,1.0,0.000126,0.1,0.00016666666666666666,0.3828733315789991,0.007011048005475171,7.657466631579983
0.08504489341802678,1.0,0.000158,0.1,6.666666666666667e-05,0.3828733315789991,0.007011048005475171,3.0629866526319933
0.08504489341802678,1.0,0.0002,0.1,0.00016666666666666666,0.3828733315789991,0.007011048005475171,7.657466631579983
0.08504489341802678,1.0,0.000251,0.1,0.0,0.3828733315789991,0.007011048005475171,0.0
0.08504489341802678,1.0,0.000316,0.1,0.0,0.3828733315789991,0.007011048005475171,0.0
0.08504489341802678,1.0,0.000398,0.1,0.0,0.3828733315789991,0.007011048005475171,0.0
0.08504489341802678,1.0,0.000501,0.1,0.0,0.3828733315789991,0.007011048005475171,0.0
0.08504489341802678,1.0,0.000631,0.1,0.0,0.3828733315789991,0.007011048005475171,0.0
0.08504489341802678,1.0,0.000794,0.1,0.0,0.3828733315789991,0.007011048005475171,0.0
0.08504489341802678,1.0,0.001,0.1,0.0,0.3828733315789991,0.007011048005475171,0.0
0.08504489341802678,1.0,0.00126,0.1,0.0,0.3828733315789991,0.007011048005475171,0.0
0.08504489341802678,1.0,0.00158,0.1,0.0,0.3828733315789991,0.007011048005475171,0.0
0.08504489341802678,1.0,0.002,0.1,0.0,0.3828733315789991,0.007011048005475171,0.0
0.08504489341802678,1.0,0.00251,0.1,0.0,0.3828733315789991,0.007011048005475171,0.0
0.08504489341802678,1.0,0.00316,0.1,0.0,0.3828733315789991,0.007011048005475171,0.0
0.08504489341802678,1.0,0.00398,0.1,0.0,0.3828733315789991,0.007011048005475171,0.0
0.08504489341802678,1.0,0.00501,0.1,0.0,0.3828733315789991,0.007011048005475171,0.0
0.08504489341802678,1.0,0.00631,0.1,0.0,0.3828733315789991,0.007011048005475171,0.0
0.0890735463861044,1.0,1e-06,0.1,0.0,0.41972120842874305,0.007685793965001704,0.0
0.0890735463861044,1.0,1.26e-06,0.1,0.0,0.41972120842874305,0.007685793965001704,0.0
0.0890735463861044,1.0,1.58e-06,0.1,0.0,0.41972120842874305,0.007685793965001704,0.0
0.0890735463861044,1.0,2e-06,0.1,0.0,0.41972120842874305,0.007685793965001704,0.0
0.0890735463861044,1.0,2.51e-06,0.1,0.0,0.41972120842874305,0.007685793965001704,0.0
0.0890735463861044,1.0,3.16e-06,0.1,0.0,0.41972120842874305,0.007685793965001704,0.0
0.0890735463861044,1.0,3.98e-06,0.1,0.0,0.41972120842874305,0.007685793965001704,0.0
0.0890735463861044,1.0,5.01e-06,0.1,0.0,0.41972120842874305,0.007685793965001704,0.0
0.0890735463861044,1.0,6.31e-06,0.1,0.0,0.41972120842874305,0.007685793965001704,0.0
0.0890735463861044,1.0,7.94e-06,0.1,0.0,0.41972120842874305,0.007685793965001704,0.0
0.0890735463861044,1.0,1e-05,0.1,0.0,0.41972120842874305,0.007685793965001704,0.0
0.0890735463861044,1.0,1.26e-05,0.1,0.0,0.41972120842874305,0.007685793965001704,0.0
0.0890735463861044,1.0,1.58e-05,0.1,0.0,0.41972120842874305,0.007685793965001704,0.0
0.0890735463861044,1.0,2e-05,0.1,3.3333333333333335e-05,0.41972120842874305,0.007685793965001704,1.6788848337149724
0.0890735463861044,1.0,2.51e-05,0.1,3.3333333333333335e-05,0.41972120842874305,0.007685793965001704,1.6788848337149724
0.0890735463861044,1.0,3.16e-05,0.1,0.0,0.41972120842874305,0.007685793965001704,0.0
0.0890735463861044,1.0,3.98e-05,0.1,3.3333333333333335e-05,0.41972120842874305,0.007685793965001704,1.6788848337149724
0.0890735463861044,1.0,5.01e-05,0.1,0.0,0.41972120842874305,0.007685793965001704,0.0
0.0890735463861044,1.0,6.31e-05,0.1,6.666666666666667e-05,0.41972120842874305,0.007685793965001704,3.357769667429945
0.0890735463861044,1.0,7.94e-05,0.1,0.00013333333333333334,0.41972120842874305,0.007685793965001704,6.71553933485989
0.0890735463861044,1.0,0.0001,0.1,0.00013333333333333334,0.41972120842874305,0.007685793965001704,6.71553933485989
0.0890735463861044,1.0,0.000126,0.1,0.00016666666666666666,0.41972120842874305,0.007685793965001704,8.394424168574862
0.0890735463861044,1.0,0.000158,0.1,6.666666666666667e-05,0.41972120842874305,0.007685793965001704,3.357769667429945
0.0890735463861044,1.0,0.0002,0.1,0.00016666666666666666,0.41972120842874305,0.007685793965001704,8.394424168574862
0.0890735463861044,1.0,0.000251,0.1,0.0,0.41972120842874305,0.007685793965001704,0.0
0.0890735463861044,1.0,0.000316,0.1,0.0,0.41972120842874305,0.007685793965001704,0.0
0.0890735463861044,1.0,0.000398,0.1,0.0,0.41972120842874305,0.007685793965001704,0.0
0.0890735463861044,1.0,0.000501,0.1,0.0,0.41972120842874305,0.007685793965001704,0.0
0.0890735463861044,1.0,0.000631,0.1,0.0,0.41972120842874305,0.007685793965001704,0.0
0.0890735463861044,1.0,0.000794,0.1,0.0,0.41972120842874305,0.007685793965001704,0.0
0.0890735463861044,1.0,0.001,0.1,0.0,0.41972120842874305,0.007685793965001704,0.0
0.0890735463861044,1.0,0.00126,0.1,0.0,0.41972120842874305,0.007685793965001704,0.0
0.0890735463861044,1.0,0.00158,0.1,0.0,0.41972120842874305,0.007685793965001704,0.0
0.0890735463861044,1.0,0.002,0.1,0.0,0.41972120842874305,0.007685793965001704,0.0
0.0890735463861044,1.0,0.00251,0.1,0.0,0.41972120842874305,0.007685793965001704,0.0
0.0890735463861044,1.0,0.00316,0.1,0.0,0.41972120842874305,0.007685793965001704,0.0
0.0890735463861044,1.0,0.00398,0.1,0.0,0.41972120842874305,0.007685793965001704,0.0
0.0890735463861044,1.0,0.00501,0.1,0.0,0.41972120842874305,0.007685793965001704,0.0
0.0890735463861044,1.0,0.00631,0.1,0.0,0.41972120842874305,0.007685793965001704,0.0
0.09329304026284686,1.0,1e-06,0.1,0.0,0.4600852512575158,0.008424926776369086,0.0
0.09329304026284686,1.0,1.26e-06,0.1,0.0,0.4600852512575158,0.008424926776369086,0.0
0.09329304026284686,1.0,1.58e-06,0.1,0.0,0.4600852512575158,0.008424926776369086,0.0
0.09329304026284686,1.0,2e-06,0.1,0.0,0.4600852512575158,0.008424926776369086,0.0
0.09329304026284686,1.0,2.51e-06,0.1,0.0,0.4600852512575158,0.008424926776369086,0.0
0.09329304026284686,1.0,3.16e-06,0.1,0.0,0.4600852512575158,0.008424926776369086,0.0
0.09329304026284686,1.0,3.98e-06,0.1,0.0,0.4600852512575158,0.008424926776369086,0.0
0.09329304026284686,1.0,5.01e-06,0.1,0.0,0.4600852512575158,0.008424926776369086,0.0
0.09329304026284686,1.0,6.31e-06,0.1,0.0,0.4600852512575158,0.008424926776369086,0.0
0.09329304026284686,1.0,7.94e-06,0.1,0.0,0.4600852512575158,0.008424926776369086,0.0
0.09329304026284686,1.0,1e-05,0.1,0.0,0.4600852512575158,0.008424926776369086,0.0
0.09329304026284686,1.0,1.26e-05,0.1,0.0,0.4600852512575158,0.008424926776369086,0.0
0.09329304026284686,1.0,1.58e-05,0.1,0.0,0.4600852512575158,0.008424926776369086,0.0
0.09329304026284686,1.0,2e-05,0.1,3.3333333333333335e-05,0.4600852512575158,0.008424926776369086,1.8403410050300633
0.09329304026284686,1.0,2.51e-05,0.1,3.3333333333333335e-05,0.4600852512575158,0.008424926776369086,1.8403410050300633
0.09329304026284686,1.0,3.16e-05,0.1,0.0,0.4600852512575158,0.008424926776369086,0.0
0.09329304026284686,1.0,3.98e-05,0.1,3.3333333333333335e-05,0.4600852512575158,0.008424926776369086,1.8403410050300633
0.09329304026284686,1.0,5.01e-05,0.1,0.0,0.4600852512575158,0.008424926776369086,0.0
0.09329304026284686,1.0,6.31e-05,0.1,6.666666666666667e-05,0.4600852512575158,0.008424926776369086,3.6806820100601265
0.09329304026284686,1.0,7.94e-05,0.1,0.00013333333333333334,0.4600852512575158,0.008424926776369086,7.361364020120253
0.09329304026284686,1.0,0.0001,0.1,0.00013333333333333334,0.4600852512575158,0.008424926776369086,7.361364020120253
0.09329304026284686,1.0,0.000126,0.1,0.00016666666666666666,0.4600852512575158,0.008424926776369086,9.201705025150316
0.09329304026284686,1.0,0.000158,0.1,6.666666666666667e-05,0.4600852512575158,0.008424926776369086,3.6806820100601265
0.09329304026284686,1.0,0.0002,0.1,0.00016666666666666666,0.4600852512575158,0.008424926776369086,9.201705025150316
0.09329304026284686,1.0,0.000251,0.1,0.0,0.4600852512575158,0.008424926776369086,0.0
0.09329304026284686,1.0,0.000316,0.1,0.0,0.4600852512575158,0.008424926776369086,0.0
0.09329304026284686,1.0,0.000398,0.1,0.0,0.4600852512575158,0.008424926776369086,0.0
0.09329304026284686,1.0,0.000501,0.1,0.0,0.4600852512575158,0.008424926776369086,0.0
0.09329304026284686,1.0,0.000631,0.1,0.0,0.4600852512575158,0.008424926776369086,0.0
0.09329304026284686,1.0,0.000794,0.1,0.0,0.4600852512575158,0.008424926776369086,0.0
0.09329304026284686,1.0,0.001,0.1,0.0,0.4600852512575158,0.008424926776369086,0.0
0.09329304026284686,1.0,0.00126,0.1,0.0,0.4600852512575158,0.008424926776369086,0.0
0.09329304026284686,1.0,0.00158,0.1,0.0,0.4600852512575158,0.008424926776369086,0.0
0.09329304026284686,1.0,0.002,0.1,0.0,0.4600852512575158,0.008424926776369086,0.0
0.09329304026284686,1.0,0.00251,0.1,0.0,0.4600852512575158,0.008424926776369086,0.0
0.09329304026284686,1.0,0.00316,0.1,0.0,0.4600852512575158,0.008424926776369086,0.0
0.09329304026284686,1.0,0.00398,0.1,0.0,0.4600852512575158,0.008424926776369086,0.0
0.09329304026284686,1.0,0.00501,0.1,0.0,0.4600852512575158,0.008424926776369086,0.0
0.09329304026284686,1.0,0.00631,0.1,0.0,0.4600852512575158,0.008424926776369086,0.0
0.09771241535346496,1.0,1e-06,0.1,0.0,0.5042949279483563,0.009234479544925038,0.0
0.09771241535346496,1.0,1.26e-06,0.1,0.0,0.5042949279483563,0.009234479544925038,0.0
0.09771241535346496,1.0,1.58e-06,0.1,0.0,0.5042949279483563,0.009234479544925038,0.0
0.09771241535346496,1.0,2e-06,0.1,0.0,0.5042949279483563,0.009234479544925038,0.0
0.09771241535346496,1.0,2.51e-06,0.1,0.0,0.5042949279483563,0.009234479544925038,0.0
0.09771241535346496,1.0,3.16e-06,0.1,0.0,0.5042949279483563,0.009234479544925038,0.0
0.09771241535346496,1.0,3.98e-06,0.1,0.0,0.5042949279483563,0.009234479544925038,0.0
0.09771241535346496,1.0,5.01e-06,0.1,0.0,0.5042949279483563,0.009234479544925038,0.0
0.09771241535346496,1.0,6.31e-06,0.1,0.0,0.5042949279483563,0.009234479544925038,0.0
0.09771241535346496,1.0,7.94e-06,0.1,0.0,0.5042949279483563,0.009234479544925038,0.0
0.09771241535346496,1.0,1e-05,0.1,0.0,0.5042949279483563,0.009234479544925038,0.0
0.09771241535346496,1.0,1.26e-05,0.1,0.0,0.5042949279483563,0.009234479544925038,0.0
0.09771241535346496,1.0,1.58e-05,0.1,0.0,0.5042949279483563,0.009234479544925038,0.0
0.09771241535346496,1.0,2e-05,0.1,3.3333333333333335e-05,0.5042949279483563,0.009234479544925038,2.0171797117934256
0.09771241535346496,1.0,2.51e-05,0.1,3.3333333333333335e-05,0.5042949279483563,0.009234479544925038,2.0171797117934256
0.09771241535346496,1.0,3.16e-05,0.1,0.0,0.5042949279483563,0.009234479544925038,0.0
0.09771241535346496,1.0,3.98e-05,0.1,3.3333333333333335e-05,0.5042949279483563,0.009234479544925038,2.0171797117934256
0.09771241535346496,1.0,5.01e-05,0.1,0.0,0.5042949279483563,0.009234479544925038,0.0
0.09771241535346496,1.0,6.31e-05,0.1,6.666666666666667e-05,0.5042949279483563,0.009234479544925038,4.034359423586851
0.09771241535346496,1.0,7.94e-05,0.1,0.00013333333333333334,0.5042949279483563,0.009234479544925038,8.068718847173702
0.09771241535346496,1.0,0.0001,0.1,0.00013333333333333334,0.5042949279483563,0.009234479544925038,8.068718847173702
0.09771241535346496,1.0,0.000126,0.1,0.00016666666666666666,0.5042949279483563,0.009234479544925038,10.085898558967125
0.09771241535346496,1.0,0.000158,0.1,6.666666666666667e-05,0.5042949279483563,0.009234479544925038,4.034359423586851
0.09771241535346496,1.0,0.0002,0.1,0.00016666666666666666,0.5042949279483563,0.009234479544925038,10.085898558967125
0.09771241535346496,1.0,0.000251,0.1,0.0,0.5042949279483563,0.009234479544925038,0.0
0.09771241535346496,1.0,0.000316,0.1,0.0,0.5042949279483563,0.009234479544925038,0.0
0.09771241535346496,1.0,0.000398,0.1,0.0,0.5042949279483563,0.009234479544925038,0.0
0.09771241535346496,1.0,0.000501,0.1,0.0,0.5042949279483563,0.009234479544925038,0.0
0.09771241535346496,1.0,0.000631,0.1,0.0,0.5042949279483563,0.009234479544925038,0.0
0.09771241535346496,1.0,0.000794,0.1,0.0,0.5042949279483563,0.009234479544925038,0.0
0.09771241535346496,1.0,0.001,0.1,0.0,0.5042949279483563,0.009234479544925038,0.0
0.09771241535346496,1.0,0.00126,0.1,0.0,0.5042949279483563,0.009234479544925038,0.0
0.09771241535346496,1.0,0.00158,0.1,0.0,0.5042949279483563,0.009234479544925038,0.0
0.09771241535346496,1.0,0.002,0.1,0.0,0.5042949279483563,0.009234479544925038,0.0
0.09771241535346496,1.0,0.00251,0.1,0.0,0.5042949279483563,0.009234479544925038,0.0
0.09771241535346496,1.0,0.00316,0.1,0.0,0.5042949279483563,0.009234479544925038,0.0
0.09771241535346496,1.0,0.00398,0.1,0.0,0.5042949279483563,0.009234479544925038,0.0
0.09771241535346496,1.0,0.00501,0.1,0.0,0.5042949279483563,0.009234479544925038,0.0
0.09771241535346496,1.0,0.00631,0.1,0.0,0.5042949279483563,0.009234479544925038,0.0
0.10234114021054527,1.0,1e-06,0.1,0.0,0.5527093600177302,0.010121028383404692,0.0
0.10234114021054527,1.0,1.26e-06,0.1,0.0,0.5527093600177302,0.010121028383404692,0.0
0.10234114021054527,1.0,1.58e-06,0.1,0.0,0.5527093600177302,0.010121028383404692,0.0
0.10234114021054527,1.0,2e-06,0.1,0.0,0.5527093600177302,0.010121028383404692,0.0
0.10234114021054527,1.0,2.51e-06,0.1,0.0,0.5527093600177302,0.010121028383404692,0.0
0.10234114021054527,1.0,3.16e-06,0.1,0.0,0.5527093600177302,0.010121028383404692,0.0
0.10234114021054527,1.0,3.98e-06,0.1,0.0,0.5527093600177302,0.010121028383404692,0.0
0.10234114021054527,1.0,5.01e-06,0.1,0.0,0.5527093600177302,0.010121028383404692,0.0
0.10234114021054527,1.0,6.31e-06,0.1,0.0,0.5527093600177302,0.010121028383404692,0.0
0.10234114021054527,1.0,7.94e-06,0.1,0.0,0.5527093600177302,0.010121028383404692,0.0
0.10234114021054527,1.0,1e-05,0.1,0.0,0.5527093600177302,0.010121028383404692,0.0
0.10234114021054527,1.0,1.26e-05,0.1,0.0,0.5527093600177302,0.010121028383404692,0.0
0.10234114021054527,1.0,1.58e-05,0.1,0.0,0.5527093600177302,0.010121028383404692,0.0
0.10234114021054527,1.0,2e-05,0.1,3.3333333333333335e-05,0.5527093600177302,0.010121028383404692,2.210837440070921
0.10234114021054527,1.0,2.51e-05,0.1,3.3333333333333335e-05,0.5527093600177302,0.010121028383404692,2.210837440070921
0.10234114021054527,1.0,3.16e-05,0.1,0.0,0.5527093600177302,0.010121028383404692,0.0
0.10234114021054527,1.0,3.98e-05,0.1,3.3333333333333335e-05,0.5527093600177302,0.010121028383404692,2.210837440070921
0.10234114021054527,1.0,5.01e-05,0.1,0.0,0.5527093600177302,0.010121028383404692,0.0
0.10234114021054527,1.0,6.31e-05,0.1,6.666666666666667e-05,0.5527093600177302,0.010121028383404692,4.421674880141842
0.10234114021054527,1.0,7.94e-05,0.1,0.00013333333333333334,0.5527093600177302,0.010121028383404692,8.843349760283685
0.10234114021054527,1.0,0.0001,0.1,0.00013333333333333334,0.5527093600177302,0.010121028383404692,8.843349760283685
0.10234114021054527,1.0,0.000126,0.1,0.00016666666666666666,0.5527093600177302,0.010121028383404692,11.054187200354605
0.10234114021054527,1.0,0.000158,0.1,6.666666666666667e-05,0.5527093600177302,0.010121028383404692,4.421674880141842
0.10234114021054527,1.0,0.0002,0.1,0.00016666666666666666,0.5527093600177302,0.010121028383404692,11.054187200354605
0.10234114021054527,1.0,0.000251,0.1,0.0,0.5527093600177302,0.010121028383404692,0.0
0.10234114021054527,1.0,0.000316,0.1,0.0,0.5527093600177302,0.010121028383404692,0.0
0.10234114021054527,1.0,0.000398,0.1,0.0,0.5527093600177302,0.010121028383404692,0.0
0.10234114021054527,1.0,0.000501,0.1,0.0,0.5527093600177302,0.010121028383404692,0.0
0.10234114021054527,1.0,0.000631,0.1,0.0,0.5527093600177302,0.010121028383404692,0.0
0.10234114021054527,1.0,0.000794,0.1,0.0,0.5527093600177302,0.010121028383404692,0.0
0.10234114021054527,1.0,0.001,0.1,0.0,0.5527093600177302,0.010121028383404692,0.0
0.10234114021054527,1.0,0.00126,0.1,0.0,0.5527093600177302,0.010121028383404692,0.0
0.10234114021054527,1.0,0.00158,0.1,0.0,0.5527093600177302,0.010121028383404692,0.0
0.10234114021054527,1.0,0.002,0.1,0.0,0.5527093600177302,0.010121028383404692,0.0
0.10234114021054527,1.0,0.00251,0.1,0.0,0.5527093600177302,0.010121028383404692,0.0
0.10234114021054527,1.0,0.00316,0.1,0.0,0.5527093600177302,0.010121028383404692,0.0
0.10234114021054527,1.0,0.00398,0.1,0.0,0.5527093600177302,0.010121028383404692,0.0
0.10234114021054527,1.0,0.00501,0.1,0.0,0.5527093600177302,0.010121028383404692,0.0
0.10234114021054527,1.0,0.00631,0.1,0.0,0.5527093600177302,0.010121028383404692,0.0
0.10718913192051276,1.0,1e-06,0.1,0.0,0.605719746213605,0.011091736792045505,0.0
0.10718913192051276,1.0,1.26e-06,0.1,0.0,0.605719746213605,0.011091736792045505,0.0
0.10718913192051276,1.0,1.58e-06,0.1,0.0,0.605719746213605,0.011091736792045505,0.0
0.10718913192051276,1.0,2e-06,0.1,0.0,0.605719746213605,0.011091736792045505,0.0
0.10718913192051276,1.0,2.51e-06,0.1,0.0,0.605719746213605,0.011091736792045505,0.0
0.10718913192051276,1.0,3.16e-06,0.1,0.0,0.605719746213605,0.011091736792045505,0.0
0.10718913192051276,1.0,3.98e-06,0.1,0.0,0.605719746213605,0.011091736792045505,0.0
0.10718913192051276,1.0,5.01e-06,0.1,0.0,0.605719746213605,0.011091736792045505,0.0
0.10718913192051276,1.0,6.31e-06,0.1,0.0,0.605719746213605,0.011091736792045505,0.0
0.10718913192051276,1.0,7.94e-06,0.1,0.0,0.605719746213605,0.011091736792045505,0.0
0.10718913192051276,1.0,1e-05,0.1,0.0,0.605719746213605,0.011091736792045505,0.0
0.10718913192051276,1.0,1.26e-05,0.1,0.0,0.605719746213605,0.011091736792045505,0.0
0.10718913192051276,1.0,1.58e-05,0.1,0.0,0.605719746213605,0.011091736792045505,0.0
0.10718913192051276,1.0,2e-05,0.1,3.3333333333333335e-05,0.605719746213605,0.011091736792045505,2.4228789848544205
0.10718913192051276,1.0,2.51e-05,0.1,3.3333333333333335e-05,0.605719746213605,0.011091736792045505,2.4228789848544205
0.10718913192051276,1.0,3.16e-05,0.1,0.0,0.605719746213605,0.011091736792045505,0.0
0.10718913192051276,1.0,3.98e-05,0.1,3.3333333333333335e-05,0.605719746213605,0.011091736792045505,2.4228789848544205
0.10718913192051276,1.0,5.01e-05,0.1,0.0,0.605719746213605,0.011091736792045505,0.0
0.10718913192051276,1.0,6.31e-05,0.1,6.666666666666667e-05,0.605719746213605,0.011091736792045505,4.845757969708841
0.10718913192051276,1.0,7.94e-05,0.1,0.00013333333333333334,0.605719746213605,0.011091736792045505,9.691515939417682
0.10718913192051276,1.0,0.0001,0.1,0.00013333333333333334,0.605719746213605,0.011091736792045505,9.691515939417682
0.10718913192051276,1.0,0.000126,0.1,0.00016666666666666666,0.605719746213605,0.011091736792045505,12.1143949242721
0.10718913192051276,1.0,0.000158,0.1,6.666666666666667e-05,0.605719746213605,0.011091736792045505,4.845757969708841
0.10718913192051276,1.0,0.0002,0.1,0.00016666666666666666,0.605719746213605,0.011091736792045505,12.1143949242721
0.10718913192051276,1.0,0.000251,0.1,0.0,0.605719746213605,0.011091736792045505,0.0
0.10718913192051276,1.0,0.000316,0.1,0.0,0.605719746213605,0.011091736792045505,0.0
0.10718913192051276,1.0,0.000398,0.1,0.0,0.605719746213605,0.011091736792045505,0.0
0.10718913192051276,1.0,0.000501,0.1,0.0,0.605719746213605,0.011091736792045505,0.0
0.10718913192051276,1.0,0.000631,0.1,0.0,0.605719746213605,0.011091736792045505,0.0
0.10718913192051276,1.0,0.000794,0.1,0.0,0.605719746213605,0.011091736792045505,0.0
0.10718913192051276,1.0,0.001,0.1,0.0,0.605719746213605,0.011091736792045505,0.0
0.10718913192051276,1.0,0.00126,0.1,0.0,0.605719746213605,0.011091736792045505,0.0
0.10718913192051276,1.0,0.00158,0.1,0.0,0.605719746213605,0.011091736792045505,0.0
0.10718913192051276,1.0,0.002,0.1,0.0,0.605719746213605,0.011091736792045505,0.0
0.10718913192051276,1.0,0.00251,0.1,0.0,0.605719746213605,0.011091736792045505,0.0
0.10718913192051276,1.0,0.00316,0.1,0.0,0.605719746213605,0.011091736792045505,0.0
0.10718913192051276,1.0,0.00398,0.1,0.0,0.605719746213605,0.011091736792045505,0.0
0.10718913192051276,1.0,0.00501,0.1,0.0,0.605719746213605,0.011091736792045505,0.0
0.10718913192051276,1.0,0.00631,0.1,0.0,0.605719746213605,0.011091736792045505,0.0
0.11226677735108136,1.0,1e-06,0.1,0.0,0.6637519339680792,0.012154402746165156,0.0
0.11226677735108136,1.0,1.26e-06,0.1,0.0,0.6637519339680792,0.012154402746165156,0.0
0.11226677735108136,1.0,1.58e-06,0.1,0.0,0.6637519339680792,0.012154402746165156,0.0
0.11226677735108136,1.0,2e-06,0.1,0.0,0.6637519339680792,0.012154402746165156,0.0
0.11226677735108136,1.0,2.51e-06,0.1,0.0,0.6637519339680792,0.012154402746165156,0.0
0.11226677735108136,1.0,3.16e-06,0.1,0.0,0.6637519339680792,0.012154402746165156,0.0
0.11226677735108136,1.0,3.98e-06,0.1,0.0,0.6637519339680792,0.012154402746165156,0.0
0.11226677735108136,1.0,5.01e-06,0.1,0.0,0.6637519339680792,0.012154402746165156,0.0
0.11226677735108136,1.0,6.31e-06,0.1,0.0,0.6637519339680792,0.012154402746165156,0.0
0.11226677735108136,1.0,7.94e-06,0.1,0.0,0.6637519339680792,0.012154402746165156,0.0
0.11226677735108136,1.0,1e-05,0.1,0.0,0.6637519339680792,0.012154402746165156,0.0
0.11226677735108136,1.0,1.26e-05,0.1,0.0,0.6637519339680792,0.012154402746165156,0.0
0.11226677735108136,1.0,1.58e-05,0.1,0.0,0.6637519339680792,0.012154402746165156,0.0
0.11226677735108136,1.0,2e-05,0.1,3.3333333333333335e-05,0.6637519339680792,0.012154402746165156,2.655007735872317
0.11226677735108136,1.0,2.51e-05,0.1,3.3333333333333335e-05,0.6637519339680792,0.012154402746165156,2.655007735872317
0.11226677735108136,1.0,3.16e-05,0.1,0.0,0.6637519339680792,0.012154402746165156,0.0
0.11226677735108136,1.0,3.98e-05,0.1,3.3333333333333335e-05,0.6637519339680792,0.012154402746165156,2.655007735872317
0.11226677735108136,1.0,5.01e-05,0.1,0.0,0.6637519339680792,0.012154402746165156,0.0
0.11226677735108136,1.0,6.31e-05,0.1,6.666666666666667e-05,0.6637519339680792,0.012154402746165156,5.310015471744634
0.11226677735108136,1.0,7.94e-05,0.1,0.00013333333333333334,0.6637519339680792,0.012154402746165156,10.620030943489269
0.11226677735108136,1.0,0.0001,0.1,0.00013333333333333334,0.6637519339680792,0.012154402746165156,10.620030943489269
0.11226677735108136,1.0,0.000126,0.1,0.00016666666666666666,0.6637519339680792,0.012154402746165156,13.275038679361584
0.11226677735108136,1.0,0.000158,0.1,6.666666666666667e-05,0.6637519339680792,0.012154402746165156,5.310015471744634
0.11226677735108136,1.0,0.0002,0.1,0.00016666666666666666,0.6637519339680792,0.012154402746165156,13.275038679361584
0.11226677735108136,1.0,0.000251,0.1,0.0,0.6637519339680792,0.012154402746165156,0.0
0.11226677735108136,1.0,0.000316,0.1,0.0,0.6637519339680792,0.012154402746165156,0.0
0.11226677735108136,1.0,0.000398,0.1,0.0,0.6637519339680792,0.012154402746165156,0.0
0.11226677735108136,1.0,0.000501,0.1,0.0,0.6637519339680792,0.012154402746165156,0.0
0.11226677735108136,1.0,0.000631,0.1,0.0,0.6637519339680792,0.012154402746165156,0.0
0.11226677735108136,1.0,0.000794,0.1,0.0,0.6637519339680792,0.012154402746165156,0.0
0.11226677735108136,1.0,0.001,0.1,0.0,0.6637519339680792,0.012154402746165156,0.0
0.11226677735108136,1.0,0.00126,0.1,0.0,0.6637519339680792,0.012154402746165156,0.0
0.11226677735108136,1.0,0.00158,0.1,0.0,0.6637519339680792,0.012154402746165156,0.0
0.11226677735108136,1.0,0.002,0.1,0.0,0.6637519339680792,0.012154402746165156,0.0
0.11226677735108136,1.0,0.00251,0.1,0.0,0.6637519339680792,0.012154402746165156,0.0
0.11226677735108136,1.0,0.00316,0.1,0.0,0.6637519339680792,0.012154402746165156,0.0
0.11226677735108136,1.0,0.00398,0.1,0.0,0.6637519339680792,0.012154402746165156,0.0
0.11226677735108136,1.0,0.00501,0.1,0.0,0.6637519339680792,0.012154402746165156,0.0
0.11226677735108136,1.0,0.00631,0.1,0.0,0.6637519339680792,0.012154402746165156,0.0
0.1175849554052157,1.0,1e-06,0.1,0.0,0.7272691367930654,0.013317508456199695,0.0
0.1175849554052157,1.0,1.26e-06,0.1,0.0,0.7272691367930654,0.013317508456199695,0.0
0.1175849554052157,1.0,1.58e-06,0.1,0.0,0.7272691367930654,0.013317508456199695,0.0
0.1175849554052157,1.0,2e-06,0.1,0.0,0.7272691367930654,0.013317508456199695,0.0
0.1175849554052157,1.0,2.51e-06,0.1,0.0,0.7272691367930654,0.013317508456199695,0.0
0.1175849554052157,1.0,3.16e-06,0.1,0.0,0.7272691367930654,0.013317508456199695,0.0
0.1175849554052157,1.0,3.98e-06,0.1,0.0,0.7272691367930654,0.013317508456199695,0.0
0.1175849554052157,1.0,5.01e-06,0.1,0.0,0.7272691367930654,0.013317508456199695,0.0
0.1175849554052157,1.0,6.31e-06,0.1,0.0,0.7272691367930654,0.013317508456199695,0.0
0.1175849554052157,1.0,7.94e-06,0.1,0.0,0.7272691367930654,0.013317508456199695,0.0
0.1175849554052157,1.0,1e-05,0.1,0.0,0.7272691367930654,0.013317508456199695,0.0
0.1175849554052157,1.0,1.26e-05,0.1,0.0,0.7272691367930654,0.013317508456199695,0.0
0.1175849554052157,1.0,1.58e-05,0.1,0.0,0.7272691367930654,0.013317508456199695,0.0
0.1175849554052157,1.0,2e-05,0.1,3.3333333333333335e-05,0.7272691367930654,0.013317508456199695,2.909076547172262
0.1175849554052157,1.0,2.51e-05,0.1,3.3333333333333335e-05,0.7272691367930654,0.013317508456199695,2.909076547172262
0.1175849554052157,1.0,3.16e-05,0.1,0.0,0.7272691367930654,0.013317508456199695,0.0
0.1175849554052157,1.0,3.98e-05,0.1,3.3333333333333335e-05,0.7272691367930654,0.013317508456199695,2.909076547172262
0.1175849554052157,1.0,5.01e-05,0.1,0.0,0.7272691367930654,0.013317508456199695,0.0
0.1175849554052157,1.0,6.31e-05,0.1,6.666666666666667e-05,0.7272691367930654,0.013317508456199695,5.818153094344524
0.1175849554052157,1.0,7.94e-05,0.1,0.00013333333333333334,0.7272691367930654,0.013317508456199695,11.636306188689048
0.1175849554052157,1.0,0.0001,0.1,0.00013333333333333334,0.7272691367930654,0.013317508456199695,11.636306188689048
0.1175849554052157,1.0,0.000126,0.1,0.00016666666666666666,0.7272691367930654,0.013317508456199695,14.545382735861308
0.1175849554052157,1.0,0.000158,0.1,6.666666666666667e-05,0.7272691367930654,0.013317508456199695,5.818153094344524
0.1175849554052157,1.0,0.0002,0.1,0.00016666666666666666,0.7272691367930654,0.013317508456199695,14.545382735861308
0.1175849554052157,1.0,0.000251,0.1,0.0,0.7272691367930654,0.013317508456199695,0.0
0.1175849554052157,1.0,0.000316,0.1,0.0,0.7272691367930654,0.013317508456199695,0.0
0.1175849554052157,1.0,0.000398,0.1,0.0,0.7272691367930654,0.013317508456199695,0.0
0.1175849554052157,1.0,0.000501,0.1,0.0,0.7272691367930654,0.013317508456199695,0.0
0.1175849554052157,1.0,0.000631,0.1,0.0,0.7272691367930654,0.013317508456199695,0.0
0.1175849554052157,1.0,0.000794,0.1,0.0,0.7272691367930654,0.013317508456199695,0.0
0.1175849554052157,1.0,0.001,0.1,0.0,0.7272691367930654,0.013317508456199695,0.0
0.1175849554052157,1.0,0.00126,0.1,0.0,0.7272691367930654,0.013317508456199695,0.0
0.1175849554052157,1.0,0.00158,0.1,0.0,0.7272691367930654,0.013317508456199695,0.0
0.1175849554052157,1.0,0.002,0.1,0.0,0.7272691367930654,0.013317508456199695,0.0
0.1175849554052157,1.0,0.00251,0.1,0.0,0.7272691367930654,0.013317508456199695,0.0
0.1175849554052157,1.0,0.00316,0.1,0.0,0.7272691367930654,0.013317508456199695,0.0
0.1175849554052157,1.0,0.00398,0.1,0.0,0.7272691367930654,0.013317508456199695,0.0
0.1175849554052157,1.0,0.00501,0.1,0.0,0.7272691367930654,0.013317508456199695,0.0
0.1175849554052157,1.0,0.00631,0.1,0.0,0.7272691367930654,0.013317508456199695,0.0
0.12315506032928261,1.0,1e-06,0.1,0.0,0.7967747926680044,0.014590272709540459,0.0
0.12315506032928261,1.0,1.26e-06,0.1,0.0,0.7967747926680044,0.014590272709540459,0.0
0.12315506032928261,1.0,1.58e-06,0.1,0.0,0.7967747926680044,0.014590272709540459,0.0
0.12315506032928261,1.0,2e-06,0.1,0.0,0.7967747926680044,0.014590272709540459,0.0
0.12315506032928261,1.0,2.51e-06,0.1,0.0,0.7967747926680044,0.014590272709540459,0.0
0.12315506032928261,1.0,3.16e-06,0.1,0.0,0.7967747926680044,0.014590272709540459,0.0
0.12315506032928261,1.0,3.98e-06,0.1,0.0,0.7967747926680044,0.014590272709540459,0.0
0.12315506032928261,1.0,5.01e-06,0.1,0.0,0.7967747926680044,0.014590272709540459,0.0
0.12315506032928261,1.0,6.31e-06,0.1,0.0,0.7967747926680044,0.014590272709540459,0.0
0.12315506032928261,1.0,7.94e-06,0.1,0.0,0.7967747926680044,0.014590272709540459,0.0
0.12315506032928261,1.0,1e-05,0.1,0.0,0.7967747926680044,0.014590272709540459,0.0
0.12315506032928261,1.0,1.26e-05,0.1,0.0,0.7967747926680044,0.014590272709540459,0.0
0.12315506032928261,1.0,1.58e-05,0.1,0.0,0.7967747926680044,0.014590272709540459,0.0
0.12315506032928261,1.0,2e-05,0.1,3.3333333333333335e-05,0.7967747926680044,0.014590272709540459,3.187099170672018
0.12315506032928261,1.0,2.51e-05,0.1,3.3333333333333335e-05,0.7967747926680044,0.014590272709540459,3.187099170672018
0.12315506032928261,1.0,3.16e-05,0.1,0.0,0.7967747926680044,0.014590272709540459,0.0
0.12315506032928261,1.0,3.98e-05,0.1,3.3333333333333335e-05,0.7967747926680044,0.014590272709540459,3.187099170672018
0.12315506032928261,1.0,5.01e-05,0.1,0.0,0.7967747926680044,0.014590272709540459,0.0
0.12315506032928261,1.0,6.31e-05,0.1,6.666666666666667e-05,0.7967747926680044,0.014590272709540459,6.374198341344036
0.12315506032928261,1.0,7.94e-05,0.1,0.00013333333333333334,0.7967747926680044,0.014590272709540459,12.748396682688073
0.12315506032928261,1.0,0.0001,0.1,0.00013333333333333334,0.7967747926680044,0.014590272709540459,12.748396682688073
0.12315506032928261,1.0,0.000126,0.1,0.00016666666666666666,0.7967747926680044,0.014590272709540459,15.93549585336009
0.12315506032928261,1.0,0.000158,0.1,6.666666666666667e-05,0.7967747926680044,0.014590272709540459,6.374198341344036
0.12315506032928261,1.0,0.0002,0.1,0.00016666666666666666,0.7967747926680044,0.014590272709540459,15.93549585336009
0.12315506032928261,1.0,0.000251,0.1,0.0,0.7967747926680044,0.014590272709540459,0.0
0.12315506032928261,1.0,0.000316,0.1,0.0,0.7967747926680044,0.014590272709540459,0.0
0.12315506032928261,1.0,0.000398,0.1,0.0,0.7967747926680044,0.014590272709540459,0.0
0.12315506032928261,1.0,0.000501,0.1,0.0,0.7967747926680044,0.014590272709540459,0.0
0.12315506032928261,1.0,0.000631,0.1,0.0,0.7967747926680044,0.014590272709540459,0.0
0.12315506032928261,1.0,0.000794,0.1,0.0,0.7967747926680044,0.014590272709540459,0.0
0.12315506032928261,1.0,0.001,0.1,0.0,0.7967747926680044,0.014590272709540459,0.0
0.12315506032928261,1.0,0.00126,0.1,0.0,0.7967747926680044,0.014590272709540459,0.0
0.12315506032928261,1.0,0.00158,0.1,0.0,0.7967747926680044,0.014590272709540459,0.0
0.12315506032928261,1.0,0.002,0.1,0.0,0.7967747926680044,0.014590272709540459,0.0
0.12315506032928261,1.0,0.00251,0.1,0.0,0.7967747926680044,0.014590272709540459,0.0
0.12315506032928261,1.0,0.00316,0.1,0.0,0.7967747926680044,0.014590272709540459,0.0
0.12315506032928261,1.0,0.00398,0.1,0.0,0.7967747926680044,0.014590272709540459,0.0
0.12315506032928261,1.0,0.00501,0.1,0.0,0.7967747926680044,0.014590272709540459,0.0
0.12315506032928261,1.0,0.00631,0.1,0.0,0.7967747926680044,0.014590272709540459,0.0
0.1289890261253308,1.0,1e-06,0.1,0.0,0.8728155546879505,0.01598270563427853,0.0
0.1289890261253308,1.0,1.26e-06,0.1,0.0,0.8728155546879505,0.01598270563427853,0.0
0.1289890261253308,1.0,1.58e-06,0.1,0.0,0.8728155546879505,0.01598270563427853,0.0
0.1289890261253308,1.0,2e-06,0.1,0.0,0.8728155546879505,0.01598270563427853,0.0
0.1289890261253308,1.0,2.51e-06,0.1,0.0,0.8728155546879505,0.01598270563427853,0.0
0.1289890261253308,1.0,3.16e-06,0.1,0.0,0.8728155546879505,0.01598270563427853,0.0
0.1289890261253308,1.0,3.98e-06,0.1,0.0,0.8728155546879505,0.01598270563427853,0.0
0.1289890261253308,1.0,5.01e-06,0.1,0.0,0.8728155546879505,0.01598270563427853,0.0
0.1289890261253308,1.0,6.31e-06,0.1,0.0,0.8728155546879505,0.01598270563427853,0.0
0.1289890261253308,1.0,7.94e-06,0.1,0.0,0.8728155546879505,0.01598270563427853,0.0
0.1289890261253308,1.0,1e-05,0.1,0.0,0.8728155546879505,0.01598270563427853,0.0
0.1289890261253308,1.0,1.26e-05,0.1,0.0,0.8728155546879505,0.01598270563427853,0.0
0.1289890261253308,1.0,1.58e-05,0.1,0.0,0.8728155546879505,0.01598270563427853,0.0
0.1289890261253308,1.0,2e-05,0.1,3.3333333333333335e-05,0.8728155546879505,0.01598270563427853,3.491262218751802
0.1289890261253308,1.0,2.51e-05,0.1,3.3333333333333335e-05,0.8728155546879505,0.01598270563427853,3.491262218751802
0.1289890261253308,1.0,3.16e-05,0.1,0.0,0.8728155546879505,0.01598270563427853,0.0
0.1289890261253308,1.0,3.98e-05,0.1,3.3333333333333335e-05,0.8728155546879505,0.01598270563427853,3.491262218751802
0.1289890261253308,1.0,5.01e-05,0.1,0.0,0.8728155546879505,0.01598270563427853,0.0
0.1289890261253308,1.0,6.31e-05,0.1,6.666666666666667e-05,0.8728155546879505,0.01598270563427853,6.982524437503604
0.1289890261253308,1.0,7.94e-05,0.1,0.00013333333333333334,0.8728155546879505,0.01598270563427853,13.965048875007207
0.1289890261253308,1.0,0.0001,0.1,0.00013333333333333334,0.8728155546879505,0.01598270563427853,13.965048875007207
0.1289890261253308,1.0,0.000126,0.1,0.00016666666666666666,0.8728155546879505,0.01598270563427853,17.45631109375901
0.1289890261253308,1.0,0.000158,0.1,6.666666666666667e-05,0.8728155546879505,0.01598270563427853,6.982524437503604
0.1289890261253308,1.0,0.0002,0.1,0.00016666666666666666,0.8728155546879505,0.01598270563427853,17.45631109375901
0.1289890261253308,1.0,0.000251,0.1,0.0,0.8728155546879505,0.01598270563427853,0.0
0.1289890261253308,1.0,0.000316,0.1,0.0,0.8728155546879505,0.01598270563427853,0.0
0.1289890261253308,1.0,0.000398,0.1,0.0,0.8728155546879505,0.01598270563427853,0.0
0.1289890261253308,1.0,0.000501,0.1,0.0,0.8728155546879505,0.01598270563427853,0.0
0.1289890261253308,1.0,0.000631,0.1,0.0,0.8728155546879505,0.01598270563427853,0.0
0.1289890261253308,1.0,0.000794,0.1,0.0,0.8728155546879505,0.01598270563427853,0.0
0.1289890261253308,1.0,0.001,0.1,0.0,0.8728155546879505,0.01598270563427853,0.0
0.1289890261253308,1.0,0.00126,0.1,0.0,0.8728155546879505,0.01598270563427853,0.0
0.1289890261253308,1.0,0.00158,0.1,0.0,0.8728155546879505,0.01598270563427853,0.0
0.1289890261253308,1.0,0.002,0.1,0.0,0.8728155546879505,0.01598270563427853,0.0
0.1289890261253308,1.0,0.00251,0.1,0.0,0.8728155546879505,0.01598270563427853,0.0
0.1289890261253308,1.0,0.00316,0.1,0.0,0.8728155546879505,0.01598270563427853,0.0
0.1289890261253308,1.0,0.00398,0.1,0.0,0.8728155546879505,0.01598270563427853,0.0
0.1289890261253308,1.0,0.00501,0.1,0.0,0.8728155546879505,0.01598270563427853,0.0
0.1289890261253308,1.0,0.00631,0.1,0.0,0.8728155546879505,0.01598270563427853,0.0
0.13509935211980265,1.0,1e-06,0.1,0.0,0.9559844005945634,0.01750566563989312,0.0
0.13509935211980265,1.0,1.26e-06,0.1,0.0,0.9559844005945634,0.01750566563989312,0.0
0.13509935211980265,1.0,1.58e-06,0.1,0.0,0.9559844005945634,0.01750566563989312,0.0
0.13509935211980265,1.0,2e-06,0.1,0.0,0.9559844005945634,0.01750566563989312,0.0
0.13509935211980265,1.0,2.51e-06,0.1,0.0,0.9559844005945634,0.01750566563989312,0.0
0.13509935211980265,1.0,3.16e-06,0.1,0.0,0.9559844005945634,0.01750566563989312,0.0
0.13509935211980265,1.0,3.98e-06,0.1,0.0,0.9559844005945634,0.01750566563989312,0.0
0.13509935211980265,1.0,5.01e-06,0.1,0.0,0.9559844005945634,0.01750566563989312,0.0
0.13509935211980265,1.0,6.31e-06,0.1,0.0,0.9559844005945634,0.01750566563989312,0.0
0.13509935211980265,1.0,7.94e-06,0.1,0.0,0.9559844005945634,0.01750566563989312,0.0
0.13509935211980265,1.0,1e-05,0.1,0.0,0.9559844005945634,0.01750566563989312,0.0
0.13509935211980265,1.0,1.26e-05,0.1,0.0,0.9559844005945634,0.01750566563989312,0.0
0.13509935211980265,1.0,1.58e-05,0.1,0.0,0.9559844005945634,0.01750566563989312,0.0
0.13509935211980265,1.0,2e-05,0.1,3.3333333333333335e-05,0.9559844005945634,0.01750566563989312,3.8239376023782534
0.13509935211980265,1.0,2.51e-05,0.1,3.3333333333333335e-05,0.9559844005945634,0.01750566563989312,3.8239376023782534
0.13509935211980265,1.0,3.16e-05,0.1,0.0,0.9559844005945634,0.01750566563989312,0.0
0.13509935211980265,1.0,3.98e-05,0.1,3.3333333333333335e-05,0.9559844005945634,0.01750566563989312,3.8239376023782534
0.13509935211980265,1.0,5.01e-05,0.1,0.0,0.9559844005945634,0.01750566563989312,0.0
0.13509935211980265,1.0,6.31e-05,0.1,6.666666666666667e-05,0.9559844005945634,0.01750566563989312,7.647875204756507
0.13509935211980265,1.0,7.94e-05,0.1,0.00013333333333333334,0.9559844005945634,0.01750566563989312,15.295750409513014
0.13509935211980265,1.0,0.0001,0.1,0.00013333333333333334,0.9559844005945634,0.01750566563989312,15.295750409513014
0.13509935211980265,1.0,0.000126,0.1,0.00016666666666666666,0.9559844005945634,0.01750566563989312,19.119688011891267
0.13509935211980265,1.0,0.000158,0.1,6.666666666666667e-05,0.9559844005945634,0.01750566563989312,7.647875204756507
0.13509935211980265,1.0,0.0002,0.1,0.00016666666666666666,0.9559844005945634,0.01750566563989312,19.119688011891267
0.13509935211980265,1.0,0.000251,0.1,0.0,0.9559844005945634,0.01750566563989312,0.0
0.13509935211980265,1.0,0.000316,0.1,0.0,0.9559844005945634,0.01750566563989312,0.0
0.13509935211980265,1.0,0.000398,0.1,0.0,0.9559844005945634,0.01750566563989312,0.0
0.13509935211980265,1.0,0.000501,0.1,0.0,0.9559844005945634,0.01750566563989312,0.0
0.13509935211980265,1.0,0.000631,0.1,0.0,0.9559844005945634,0.01750566563989312,0.0
0.13509935211980265,1.0,0.000794,0.1,0.0,0.9559844005945634,0.01750566563989312,0.0
0.13509935211980265,1.0,0.001,0.1,0.0,0.9559844005945634,0.01750566563989312,0.0
0.13509935211980265,1.0,0.00126,0.1,0.0,0.9559844005945634,0.01750566563989312,0.0
0.13509935211980265,1.0,0.00158,0.1,0.0,0.9559844005945634,0.01750566563989312,0.0
0.13509935211980265,1.0,0.002,0.1,0.0,0.9559844005945634,0.01750566563989312,0.0
0.13509935211980265,1.0,0.00251,0.1,0.0,0.9559844005945634,0.01750566563989312,0.0
0.13509935211980265,1.0,0.00316,0.1,0.0,0.9559844005945634,0.01750566563989312,0.0
0.13509935211980265,1.0,0.00398,0.1,0.0,0.9559844005945634,0.01750566563989312,0.0
0.13509935211980265,1.0,0.00501,0.1,0.0,0.9559844005945634,0.01750566563989312,0.0
0.13509935211980265,1.0,0.00631,0.1,0.0,0.9559844005945634,0.01750566563989312,0.0
0.1414991297434576,1.0,1e-06,0.1,0.0,1.0469238421653841,0.01917091818651134,0.0
0.1414991297434576,1.0,1.26e-06,0.1,0.0,1.0469238421653841,0.01917091818651134,0.0
0.1414991297434576,1.0,1.58e-06,0.1,0.0,1.0469238421653841,0.01917091818651134,0.0
0.1414991297434576,1.0,2e-06,0.1,0.0,1.0469238421653841,0.01917091818651134,0.0
0.1414991297434576,1.0,2.51e-06,0.1,0.0,1.0469238421653841,0.01917091818651134,0.0
0.1414991297434576,1.0,3.16e-06,0.1,0.0,1.0469238421653841,0.01917091818651134,0.0
0.1414991297434576,1.0,3.98e-06,0.1,0.0,1.0469238421653841,0.01917091818651134,0.0
0.1414991297434576,1.0,5.01e-06,0.1,0.0,1.0469238421653841,0.01917091818651134,0.0
0.1414991297434576,1.0,6.31e-06,0.1,0.0,1.0469238421653841,0.01917091818651134,0.0
0.1414991297434576,1.0,7.94e-06,0.1,0.0,1.0469238421653841,0.01917091818651134,0.0
0.1414991297434576,1.0,1e-05,0.1,0.0,1.0469238421653841,0.01917091818651134,0.0
0.1414991297434576,1.0,1.26e-05,0.1,0.0,1.0469238421653841,0.01917091818651134,0.0
0.1414991297434576,1.0,1.58e-05,0.1,0.0,1.0469238421653841,0.01917091818651134,0.0
0.1414991297434576,1.0,2e-05,0.1,3.3333333333333335e-05,1.0469238421653841,0.01917091818651134,4.187695368661537
0.1414991297434576,1.0,2.51e-05,0.1,3.3333333333333335e-05,1.0469238421653841,0.01917091818651134,4.187695368661537
0.1414991297434576,1.0,3.16e-05,0.1,0.0,1.0469238421653841,0.01917091818651134,0.0
0.1414991297434576,1.0,3.98e-05,0.1,3.3333333333333335e-05,1.0469238421653841,0.01917091818651134,4.187695368661537
0.1414991297434576,1.0,5.01e-05,0.1,0.0,1.0469238421653841,0.01917091818651134,0.0
0.1414991297434576,1.0,6.31e-05,0.1,6.666666666666667e-05,1.0469238421653841,0.01917091818651134,8.375390737323073
0.1414991297434576,1.0,7.94e-05,0.1,0.00013333333333333334,1.0469238421653841,0.01917091818651134,16.750781474646146
0.1414991297434576,1.0,0.0001,0.1,0.00013333333333333334,1.0469238421653841,0.01917091818651134,16.750781474646146
0.1414991297434576,1.0,0.000126,0.1,0.00016666666666666666,1.0469238421653841,0.01917091818651134,20.938476843307683
0.1414991297434576,1.0,0.000158,0.1,6.666666666666667e-05,1.0469238421653841,0.01917091818651134,8.375390737323073
0.1414991297434576,1.0,0.0002,0.1,0.00016666666666666666,1.0469238421653841,0.01917091818651134,20.938476843307683
0.1414991297434576,1.0,0.000251,0.1,0.0,1.0469238421653841,0.01917091818651134,0.0
0.1414991297434576,1.0,0.000316,0.1,0.0,1.0469238421653841,0.01917091818651134,0.0
0.1414991297434576,1.0,0.000398,0.1,0.0,1.0469238421653841,0.01917091818651134,0.0
0.1414991297434576,1.0,0.000501,0.1,0.0,1.0469238421653841,0.01917091818651134,0.0
0.1414991297434576,1.0,0.000631,0.1,0.0,1.0469238421653841,0.01917091818651134,0.0
0.1414991297434576,1.0,0.000794,0.1,0.0,1.0469238421653841,0.01917091818651134,0.0
0.1414991297434576,1.0,0.001,0.1,0.0,1.0469238421653841,0.01917091818651134,0.0
0.1414991297434576,1.0,0.00126,0.1,0.0,1.0469238421653841,0.01917091818651134,0.0
0.1414991297434576,1.0,0.00158,0.1,0.0,1.0469238421653841,0.01917091818651134,0.0
0.1414991297434576,1.0,0.002,0.1,0.0,1.0469238421653841,0.01917091818651134,0.0
0.1414991297434576,1.0,0.00251,0.1,0.0,1.0469238421653841,0.01917091818651134,0.0
0.1414991297434576,1.0,0.00316,0.1,0.0,1.0469238421653841,0.01917091818651134,0.0
0.1414991297434576,1.0,0.00398,0.1,0.0,1.0469238421653841,0.01917091818651134,0.0
0.1414991297434576,1.0,0.00501,0.1,0.0,1.0469238421653841,0.01917091818651134,0.0
0.1414991297434576,1.0,0.00631,0.1,0.0,1.0469238421653841,0.01917091818651134,0.0
0.14820207057988585,1.0,1e-06,0.1,0.0,1.1463292086415304,0.020991195909934635,0.0
0.14820207057988585,1.0,1.26e-06,0.1,0.0,1.1463292086415304,0.020991195909934635,0.0
0.14820207057988585,1.0,1.58e-06,0.1,0.0,1.1463292086415304,0.020991195909934635,0.0
0.14820207057988585,1.0,2e-06,0.1,0.0,1.1463292086415304,0.020991195909934635,0.0
0.14820207057988585,1.0,2.51e-06,0.1,0.0,1.1463292086415304,0.020991195909934635,0.0
0.14820207057988585,1.0,3.16e-06,0.1,0.0,1.1463292086415304,0.020991195909934635,0.0
0.14820207057988585,1.0,3.98e-06,0.1,0.0,1.1463292086415304,0.020991195909934635,0.0
0.14820207057988585,1.0,5.01e-06,0.1,0.0,1.1463292086415304,0.020991195909934635,0.0
0.14820207057988585,1.0,6.31e-06,0.1,0.0,1.1463292086415304,0.020991195909934635,0.0
0.14820207057988585,1.0,7.94e-06,0.1,0.0,1.1463292086415304,0.020991195909934635,0.0
0.14820207057988585,1.0,1e-05,0.1,0.0,1.1463292086415304,0.020991195909934635,0.0
0.14820207057988585,1.0,1.26e-05,0.1,0.0,1.1463292086415304,0.020991195909934635,0.0
0.14820207057988585,1.0,1.58e-05,0.1,0.0,1.1463292086415304,0.020991195909934635,0.0
0.14820207057988585,1.0,2e-05,0.1,3.3333333333333335e-05,1.1463292086415304,0.020991195909934635,4.585316834566123
0.14820207057988585,1.0,2.51e-05,0.1,3.3333333333333335e-05,1.1463292086415304,0.020991195909934635,4.585316834566123
0.14820207057988585,1.0,3.16e-05,0.1,0.0,1.1463292086415304,0.020991195909934635,0.0
0.14820207057988585,1.0,3.98e-05,0.1,3.3333333333333335e-05,1.1463292086415304,0.020991195909934635,4.585316834566123
0.14820207057988585,1.0,5.01e-05,0.1,0.0,1.1463292086415304,0.020991195909934635,0.0
0.14820207057988585,1.0,6.31e-05,0.1,6.666666666666667e-05,1.1463292086415304,0.020991195909934635,9.170633669132245
0.14820207057988585,1.0,7.94e-05,0.1,0.00013333333333333334,1.1463292086415304,0.020991195909934635,18.34126733826449
0.14820207057988585,1.0,0.0001,0.1,0.00013333333333333334,1.1463292086415304,0.020991195909934635,18.34126733826449
0.14820207057988585,1.0,0.000126,0.1,0.00016666666666666666,1.1463292086415304,0.020991195909934635,22.926584172830612
0.14820207057988585,1.0,0.000158,0.1,6.666666666666667e-05,1.1463292086415304,0.020991195909934635,9.170633669132245
0.14820207057988585,1.0,0.0002,0.1,0.00016666666666666666,1.1463292086415304,0.020991195909934635,22.926584172830612
0.14820207057988585,1.0,0.000251,0.1,0.0,1.1463292086415304,0.020991195909934635,0.0
0.14820207057988585,1.0,0.000316,0.1,0.0,1.1463292086415304,0.020991195909934635,0.0
0.14820207057988585,1.0,0.000398,0.1,0.0,1.1463292086415304,0.020991195909934635,0.0
0.14820207057988585,1.0,0.000501,0.1,0.0,1.1463292086415304,0.020991195909934635,0.0
0.14820207057988585,1.0,0.000631,0.1,0.0,1.1463292086415304,0.020991195909934635,0.0
0.14820207057988585,1.0,0.000794,0.1,0.0,1.1463292086415304,0.020991195909934635,0.0
0.14820207057988585,1.0,0.001,0.1,0.0,1.1463292086415304,0.020991195909934635,0.0
0.14820207057988585,1.0,0.00126,0.1,0.0,1.1463292086415304,0.020991195909934635,0.0
0.14820207057988585,1.0,0.00158,0.1,0.0,1.1463292086415304,0.020991195909934635,0.0
0.14820207057988585,1.0,0.002,0.1,0.0,1.1463292086415304,0.020991195909934635,0.0
0.14820207057988585,1.0,0.00251,0.1,0.0,1.1463292086415304,0.020991195909934635,0.0
0.14820207057988585,1.0,0.00316,0.1,0.0,1.1463292086415304,0.020991195909934635,0.0
0.14820207057988585,1.0,0.00398,0.1,0.0,1.1463292086415304,0.020991195909934635,0.0
0.14820207057988585,1.0,0.00501,0.1,0.0,1.1463292086415304,0.020991195909934635,0.0
0.14820207057988585,1.0,0.00631,0.1,0.0,1.1463292086415304,0.020991195909934635,0.0
0.1552225357427048,1.0,1e-06,0.1,0.0,1.254951970275717,0.02298025948133523,0.0
0.1552225357427048,1.0,1.26e-06,0.1,0.0,1.254951970275717,0.02298025948133523,0.0
0.1552225357427048,1.0,1.58e-06,0.1,0.0,1.254951970275717,0.02298025948133523,0.0
0.1552225357427048,1.0,2e-06,0.1,0.0,1.254951970275717,0.02298025948133523,0.0
0.1552225357427048,1.0,2.51e-06,0.1,0.0,1.254951970275717,0.02298025948133523,0.0
0.1552225357427048,1.0,3.16e-06,0.1,0.0,1.254951970275717,0.02298025948133523,0.0
0.1552225357427048,1.0,3.98e-06,0.1,0.0,1.254951970275717,0.02298025948133523,0.0
0.1552225357427048,1.0,5.01e-06,0.1,0.0,1.254951970275717,0.02298025948133523,0.0
0.1552225357427048,1.0,6.31e-06,0.1,0.0,1.254951970275717,0.02298025948133523,0.0
0.1552225357427048,1.0,7.94e-06,0.1,0.0,1.254951970275717,0.02298025948133523,0.0
0.1552225357427048,1.0,1e-05,0.1,0.0,1.254951970275717,0.02298025948133523,0.0
0.1552225357427048,1.0,1.26e-05,0.1,0.0,1.254951970275717,0.02298025948133523,0.0
0.1552225357427048,1.0,1.58e-05,0.1,0.0,1.254951970275717,0.02298025948133523,0.0
0.1552225357427048,1.0,2e-05,0.1,3.3333333333333335e-05,1.254951970275717,0.02298025948133523,5.019807881102869
0.1552225357427048,1.0,2.51e-05,0.1,3.3333333333333335e-05,1.254951970275717,0.02298025948133523,5.019807881102869
0.1552225357427048,1.0,3.16e-05,0.1,0.0,1.254951970275717,0.02298025948133523,0.0
0.1552225357427048,1.0,3.98e-05,0.1,3.3333333333333335e-05,1.254951970275717,0.02298025948133523,5.019807881102869
0.1552225357427048,1.0,5.01e-05,0.1,0.0,1.254951970275717,0.02298025948133523,0.0
0.1552225357427048,1.0,6.31e-05,0.1,6.666666666666667e-05,1.254951970275717,0.02298025948133523,10.039615762205738
0.1552225357427048,1.0,7.94e-05,0.1,0.00013333333333333334,1.254951970275717,0.02298025948133523,20.079231524411476
0.1552225357427048,1.0,0.0001,0.1,0.00013333333333333334,1.254951970275717,0.02298025948133523,20.079231524411476
0.1552225357427048,1.0,0.000126,0.1,0.00016666666666666666,1.254951970275717,0.02298025948133523,25.099039405514343
0.1552225357427048,1.0,0.000158,0.1,6.666666666666667e-05,1.254951970275717,0.02298025948133523,10.039615762205738
0.1552225357427048,1.0,0.0002,0.1,0.00016666666666666666,1.254951970275717,0.02298025948133523,25.099039405514343
0.1552225357427048,1.0,0.000251,0.1,0.0,1.254951970275717,0.02298025948133523,0.0
0.1552225357427048,1.0,0.000316,0.1,0.0,1.254951970275717,0.02298025948133523,0.0
0.1552225357427048,1.0,0.000398,0.1,0.0,1.254951970275717,0.02298025948133523,0.0
0.1552225357427048,1.0,0.000501,0.1,0.0,1.254951970275717,0.02298025948133523,0.0
0.1552225357427048,1.0,0.000631,0.1,0.0,1.254951970275717,0.02298025948133523,0.0
0.1552225357427048,1.0,0.000794,0.1,0.0,1.254951970275717,0.02298025948133523,0.0
0.1552225357427048,1.0,0.001,0.1,0.0,1.254951970275717,0.02298025948133523,0.0
0.1552225357427048,1.0,0.00126,0.1,0.0,1.254951970275717,0.02298025948133523,0.0
0.1552225357427048,1.0,0.00158,0.1,0.0,1.254951970275717,0.02298025948133523,0.0
0.1552225357427048,1.0,0.002,0.1,0.0,1.254951970275717,0.02298025948133523,0.0
0.1552225357427048,1.0,0.00251,0.1,0.0,1.254951970275717,0.02298025948133523,0.0
0.1552225357427048,1.0,0.00316,0.1,0.0,1.254951970275717,0.02298025948133523,0.0
0.1552225357427048,1.0,0.00398,0.1,0.0,1.254951970275717,0.02298025948133523,0.0
0.1552225357427048,1.0,0.00501,0.1,0.0,1.254951970275717,0.02298025948133523,0.0
0.1552225357427048,1.0,0.00631,0.1,0.0,1.254951970275717,0.02298025948133523,0.0
0.1625755666443795,1.0,1e-06,0.1,0.0,1.3736030585229781,0.02515295840547479,0.0
0.1625755666443795,1.0,1.26e-06,0.1,0.0,1.3736030585229781,0.02515295840547479,0.0
0.1625755666443795,1.0,1.58e-06,0.1,0.0,1.3736030585229781,0.02515295840547479,0.0
0.1625755666443795,1.0,2e-06,0.1,0.0,1.3736030585229781,0.02515295840547479,0.0
0.1625755666443795,1.0,2.51e-06,0.1,0.0,1.3736030585229781,0.02515295840547479,0.0
0.1625755666443795,1.0,3.16e-06,0.1,0.0,1.3736030585229781,0.02515295840547479,0.0
0.1625755666443795,1.0,3.98e-06,0.1,0.0,1.3736030585229781,0.02515295840547479,0.0
0.1625755666443795,1.0,5.01e-06,0.1,0.0,1.3736030585229781,0.02515295840547479,0.0
0.1625755666443795,1.0,6.31e-06,0.1,0.0,1.3736030585229781,0.02515295840547479,0.0
0.1625755666443795,1.0,7.94e-06,0.1,0.0,1.3736030585229781,0.02515295840547479,0.0
0.1625755666443795,1.0,1e-05,0.1,0.0,1.3736030585229781,0.02515295840547479,0.0
0.1625755666443795,1.0,1.26e-05,0.1,0.0,1.3736030585229781,0.02515295840547479,0.0
0.1625755666443795,1.0,1.58e-05,0.1,0.0,1.3736030585229781,0.02515295840547479,0.0
0.1625755666443795,1.0,2e-05,0.1,3.3333333333333335e-05,1.3736030585229781,0.02515295840547479,5.494412234091914
0.1625755666443795,1.0,2.51e-05,0.1,3.3333333333333335e-05,1.3736030585229781,0.02515295840547479,5.494412234091914
0.1625755666443795,1.0,3.16e-05,0.1,0.0,1.3736030585229781,0.02515295840547479,0.0
0.1625755666443795,1.0,3.98e-05,0.1,3.3333333333333335e-05,1.3736030585229781,0.02515295840547479,5.494412234091914
0.1625755666443795,1.0,5.01e-05,0.1,0.0,1.3736030585229781,0.02515295840547479,0.0
0.1625755666443795,1.0,6.31e-05,0.1,6.666666666666667e-05,1.3736030585229781,0.02515295840547479,10.988824468183829
0.1625755666443795,1.0,7.94e-05,0.1,0.00013333333333333334,1.3736030585229781,0.02515295840547479,21.977648936367657
0.1625755666443795,1.0,0.0001,0.1,0.00013333333333333334,1.3736030585229781,0.02515295840547479,21.977648936367657
0.1625755666443795,1.0,0.000126,0.1,0.00016666666666666666,1.3736030585229781,0.02515295840547479,27.472061170459565
0.1625755666443795,1.0,0.000158,0.1,6.666666666666667e-05,1.3736030585229781,0.02515295840547479,10.988824468183829
0.1625755666443795,1.0,0.0002,0.1,0.00016666666666666666,1.3736030585229781,0.02515295840547479,27.472061170459565
0.1625755666443795,1.0,0.000251,0.1,0.0,1.3736030585229781,0.02515295840547479,0.0
0.1625755666443795,1.0,0.000316,0.1,0.0,1.3736030585229781,0.02515295840547479,0.0
0.1625755666443795,1.0,0.000398,0.1,0.0,1.3736030585229781,0.02515295840547479,0.0
0.1625755666443795,1.0,0.000501,0.1,0.0,1.3736030585229781,0.02515295840547479,0.0
0.1625755666443795,1.0,0.000631,0.1,0.0,1.3736030585229781,0.02515295840547479,0.0
0.1625755666443795,1.0,0.000794,0.1,0.0,1.3736030585229781,0.02515295840547479,0.0
0.1625755666443795,1.0,0.001,0.1,0.0,1.3736030585229781,0.02515295840547479,0.0
0.1625755666443795,1.0,0.00126,0.1,0.0,1.3736030585229781,0.02515295840547479,0.0
0.1625755666443795,1.0,0.00158,0.1,0.0,1.3736030585229781,0.02515295840547479,0.0
0.1625755666443795,1.0,0.002,0.1,0.0,1.3736030585229781,0.02515295840547479,0.0
0.1625755666443795,1.0,0.00251,0.1,0.0,1.3736030585229781,0.02515295840547479,0.0
0.1625755666443795,1.0,0.00316,0.1,0.0,1.3736030585229781,0.02515295840547479,0.0
0.1625755666443795,1.0,0.00398,0.1,0.0,1.3736030585229781,0.02515295840547479,0.0
0.1625755666443795,1.0,0.00501,0.1,0.0,1.3736030585229781,0.02515295840547479,0.0
0.1625755666443795,1.0,0.00631,0.1,0.0,1.3736030585229781,0.02515295840547479,0.0
0.17027691722258995,1.0,1e-06,0.1,0.0,1.5031561282199315,0.027525290756636723,0.0
0.17027691722258995,1.0,1.26e-06,0.1,0.0,1.5031561282199315,0.027525290756636723,0.0
0.17027691722258995,1.0,1.58e-06,0.1,0.0,1.5031561282199315,0.027525290756636723,0.0
0.17027691722258995,1.0,2e-06,0.1,0.0,1.5031561282199315,0.027525290756636723,0.0
0.17027691722258995,1.0,2.51e-06,0.1,0.0,1.5031561282199315,0.027525290756636723,0.0
0.17027691722258995,1.0,3.16e-06,0.1,0.0,1.5031561282199315,0.027525290756636723,0.0
0.17027691722258995,1.0,3.98e-06,0.1,0.0,1.5031561282199315,0.027525290756636723,0.0
0.17027691722258995,1.0,5.01e-06,0.1,0.0,1.5031561282199315,0.027525290756636723,0.0
0.17027691722258995,1.0,6.31e-06,0.1,0.0,1.5031561282199315,0.027525290756636723,0.0
0.17027691722258995,1.0,7.94e-06,0.1,0.0,1.5031561282199315,0.027525290756636723,0.0
0.17027691722258995,1.0,1e-05,0.1,0.0,1.5031561282199315,0.027525290756636723,0.0
0.17027691722258995,1.0,1.26e-05,0.1,0.0,1.5031561282199315,0.027525290756636723,0.0
0.17027691722258995,1.0,1.58e-05,0.1,0.0,1.5031561282199315,0.027525290756636723,0.0
0.17027691722258995,1.0,2e-05,0.1,3.3333333333333335e-05,1.5031561282199315,0.027525290756636723,6.012624512879726
0.17027691722258995,1.0,2.51e-05,0.1,3.3333333333333335e-05,1.5031561282199315,0.027525290756636723,6.012624512879726
0.17027691722258995,1.0,3.16e-05,0.1,0.0,1.5031561282199315,0.027525290756636723,0.0
0.17027691722258995,1.0,3.98e-05,0.1,3.3333333333333335e-05,1.5031561282199315,0.027525290756636723,6.012624512879726
0.17027691722258995,1.0,5.01e-05,0.1,0.0,1.5031561282199315,0.027525290756636723,0.0
0.17027691722258995,1.0,6.31e-05,0.1,6.666666666666667e-05,1.5031561282199315,0.027525290756636723,12.025249025759452
0.17027691722258995,1.0,7.94e-05,0.1,0.00013333333333333334,1.5031561282199315,0.027525290756636723,24.050498051518904
0.17027691722258995,1.0,0.0001,0.1,0.00013333333333333334,1.5031561282199315,0.027525290756636723,24.050498051518904
0.17027691722258995,1.0,0.000126,0.1,0.00016666666666666666,1.5031561282199315,0.027525290756636723,30.06312256439863
0.17027691722258995,1.0,0.000158,0.1,6.666666666666667e-05,1.5031561282199315,0.027525290756636723,12.025249025759452
0.17027691722258995,1.0,0.0002,0.1,0.00016666666666666666,1.5031561282199315,0.027525290756636723,30.06312256439863
0.17027691722258995,1.0,0.000251,0.1,0.0,1.5031561282199315,0.027525290756636723,0.0
0.17027691722258995,1.0,0.000316,0.1,0.0,1.5031561282199315,0.027525290756636723,0.0
0.17027691722258995,1.0,0.000398,0.1,0.0,1.5031561282199315,0.027525290756636723,0.0
0.17027691722258995,1.0,0.000501,0.1,0.0,1.5031561282199315,0.027525290756636723,0.0
0.17027691722258995,1.0,0.000631,0.1,0.0,1.5031561282199315,0.027525290756636723,0.0
0.17027691722258995,1.0,0.000794,0.1,0.0,1.5031561282199315,0.027525290756636723,0.0
0.17027691722258995,1.0,0.001,0.1,0.0,1.5031561282199315,0.027525290756636723,0.0
0.17027691722258995,1.0,0.00126,0.1,0.0,1.5031561282199315,0.027525290756636723,0.0
0.17027691722258995,1.0,0.00158,0.1,0.0,1.5031561282199315,0.027525290756636723,0.0
0.17027691722258995,1.0,0.002,0.1,0.0,1.5031561282199315,0.027525290756636723,0.0
0.17027691722258995,1.0,0.00251,0.1,0.0,1.5031561282199315,0.027525290756636723,0.0
0.17027691722258995,1.0,0.00316,0.1,0.0,1.5031561282199315,0.027525290756636723,0.0
0.17027691722258995,1.0,0.00398,0.1,0.0,1.5031561282199315,0.027525290756636723,0.0
0.17027691722258995,1.0,0.00501,0.1,0.0,1.5031561282199315,0.027525290756636723,0.0
0.17027691722258995,1.0,0.00631,0.1,0.0,1.5031561282199315,0.027525290756636723,0.0
0.17834308769319093,1.0,1e-06,0.1,0.0,1.6445506941612058,0.030114460614561543,0.0
0.17834308769319093,1.0,1.26e-06,0.1,0.0,1.6445506941612058,0.030114460614561543,0.0
0.17834308769319093,1.0,1.58e-06,0.1,0.0,1.6445506941612058,0.030114460614561543,0.0
0.17834308769319093,1.0,2e-06,0.1,0.0,1.6445506941612058,0.030114460614561543,0.0
0.17834308769319093,1.0,2.51e-06,0.1,0.0,1.6445506941612058,0.030114460614561543,0.0
0.17834308769319093,1.0,3.16e-06,0.1,0.0,1.6445506941612058,0.030114460614561543,0.0
0.17834308769319093,1.0,3.98e-06,0.1,0.0,1.6445506941612058,0.030114460614561543,0.0
0.17834308769319093,1.0,5.01e-06,0.1,0.0,1.6445506941612058,0.030114460614561543,0.0
0.17834308769319093,1.0,6.31e-06,0.1,0.0,1.6445506941612058,0.030114460614561543,0.0
0.17834308769319093,1.0,7.94e-06,0.1,0.0,1.6445506941612058,0.030114460614561543,0.0
0.17834308769319093,1.0,1e-05,0.1,0.0,1.6445506941612058,0.030114460614561543,0.0
0.17834308769319093,1.0,1.26e-05,0.1,0.0,1.6445506941612058,0.030114460614561543,0.0
0.17834308769319093,1.0,1.58e-05,0.1,0.0,1.6445506941612058,0.030114460614561543,0.0
0.17834308769319093,1.0,2e-05,0.1,3.3333333333333335e-05,1.6445506941612058,0.030114460614561543,6.578202776644824
0.17834308769319093,1.0,2.51e-05,0.1,3.3333333333333335e-05,1.6445506941612058,0.030114460614561543,6.578202776644824
0.17834308769319093,1.0,3.16e-05,0.1,0.0,1.6445506941612058,0.030114460614561543,0.0
0.17834308769319093,1.0,3.98e-05,0.1,3.3333333333333335e-05,1.6445506941612058,0.030114460614561543,6.578202776644824
0.17834308769319093,1.0,5.01e-05,0.1,0.0,1.6445506941612058,0.030114460614561543,0.0
0.17834308769319093,1.0,6.31e-05,0.1,6.666666666666667e-05,1.6445506941612058,0.030114460614561543,13.156405553289648
0.17834308769319093,1.0,7.94e-05,0.1,0.00013333333333333334,1.6445506941612058,0.030114460614561543,26.312811106579296
0.17834308769319093,1.0,0.0001,0.1,0.00013333333333333334,1.6445506941612058,0.030114460614561543,26.312811106579296
0.17834308769319093,1.0,0.000126,0.1,0.00016666666666666666,1.6445506941612058,0.030114460614561543,32.89101388322412
0.17834308769319093,1.0,0.000158,0.1,6.666666666666667e-05,1.6445506941612058,0.030114460614561543,13.156405553289648
0.17834308769319093,1.0,0.0002,0.1,0.00016666666666666666,1.6445506941612058,0.030114460614561543,32.89101388322412
0.17834308769319093,1.0,0.000251,0.1,0.0,1.6445506941612058,0.030114460614561543,0.0
0.17834308769319093,1.0,0.000316,0.1,0.0,1.6445506941612058,0.030114460614561543,0.0
0.17834308769319093,1.0,0.000398,0.1,0.0,1.6445506941612058,0.030114460614561543,0.0
0.17834308769319093,1.0,0.000501,0.1,0.0,1.6445506941612058,0.030114460614561543,0.0
0.17834308769319093,1.0,0.000631,0.1,0.0,1.6445506941612058,0.030114460614561543,0.0
0.17834308769319093,1.0,0.000794,0.1,0.0,1.6445506941612058,0.030114460614561543,0.0
0.17834308769319093,1.0,0.001,0.1,0.0,1.6445506941612058,0.030114460614561543,0.0
0.17834308769319093,1.0,0.00126,0.1,0.0,1.6445506941612058,0.030114460614561543,0.0
0.17834308769319093,1.0,0.00158,0.1,0.0,1.6445506941612058,0.030114460614561543,0.0
0.17834308769319093,1.0,0.002,0.1,0.0,1.6445506941612058,0.030114460614561543,0.0
0.17834308769319093,1.0,0.00251,0.1,0.0,1.6445506941612058,0.030114460614561543,0.0
0.17834308769319093,1.0,0.00316,0.1,0.0,1.6445506941612058,0.030114460614561543,0.0
0.17834308769319093,1.0,0.00398,0.1,0.0,1.6445506941612058,0.030114460614561543,0.0
0.17834308769319093,1.0,0.00501,0.1,0.0,1.6445506941612058,0.030114460614561543,0.0
0.17834308769319093,1.0,0.00631,0.1,0.0,1.6445506941612058,0.030114460614561543,0.0
0.1867913599020783,1.0,1e-06,0.1,0.0,1.798795059664564,0.03293893169134891,0.0
0.1867913599020783,1.0,1.26e-06,0.1,0.0,1.798795059664564,0.03293893169134891,0.0
0.1867913599020783,1.0,1.58e-06,0.1,0.0,1.798795059664564,0.03293893169134891,0.0
0.1867913599020783,1.0,2e-06,0.1,0.0,1.798795059664564,0.03293893169134891,0.0
0.1867913599020783,1.0,2.51e-06,0.1,0.0,1.798795059664564,0.03293893169134891,0.0
0.1867913599020783,1.0,3.16e-06,0.1,0.0,1.798795059664564,0.03293893169134891,0.0
0.1867913599020783,1.0,3.98e-06,0.1,0.0,1.798795059664564,0.03293893169134891,0.0
0.1867913599020783,1.0,5.01e-06,0.1,0.0,1.798795059664564,0.03293893169134891,0.0
0.1867913599020783,1.0,6.31e-06,0.1,0.0,1.798795059664564,0.03293893169134891,0.0
0.1867913599020783,1.0,7.94e-06,0.1,0.0,1.798795059664564,0.03293893169134891,0.0
0.1867913599020783,1.0,1e-05,0.1,0.0,1.798795059664564,0.03293893169134891,0.0
0.1867913599020783,1.0,1.26e-05,0.1,0.0,1.798795059664564,0.03293893169134891,0.0
0.1867913599020783,1.0,1.58e-05,0.1,0.0,1.798795059664564,0.03293893169134891,0.0
0.1867913599020783,1.0,2e-05,0.1,3.3333333333333335e-05,1.798795059664564,0.03293893169134891,7.195180238658257
0.1867913599020783,1.0,2.51e-05,0.1,3.3333333333333335e-05,1.798795059664564,0.03293893169134891,7.195180238658257
0.1867913599020783,1.0,3.16e-05,0.1,0.0,1.798795059664564,0.03293893169134891,0.0
0.1867913599020783,1.0,3.98e-05,0.1,3.3333333333333335e-05,1.798795059664564,0.03293893169134891,7.195180238658257
0.1867913599020783,1.0,5.01e-05,0.1,0.0,1.798795059664564,0.03293893169134891,0.0
0.1867913599020783,1.0,6.31e-05,0.1,6.666666666666667e-05,1.798795059664564,0.03293893169134891,14.390360477316515
0.1867913599020783,1.0,7.94e-05,0.1,0.00013333333333333334,1.798795059664564,0.03293893169134891,28.78072095463303
0.1867913599020783,1.0,0.0001,0.1,0.00013333333333333334,1.798795059664564,0.03293893169134891,28.78072095463303
0.1867913599020783,1.0,0.000126,0.1,0.00016666666666666666,1.798795059664564,0.03293893169134891,35.975901193291286
0.1867913599020783,1.0,0.000158,0.1,6.666666666666667e-05,1.798795059664564,0.03293893169134891,14.390360477316515
0.1867913599020783,1.0,0.0002,0.1,0.00016666666666666666,1.798795059664564,0.03293893169134891,35.975901193291286
0.1867913599020783,1.0,0.000251,0.1,0.0,1.798795059664564,0.03293893169134891,0.0
0.1867913599020783,1.0,0.000316,0.1,0.0,1.798795059664564,0.03293893169134891,0.0
0.1867913599020783,1.0,0.000398,0.1,0.0,1.798795059664564,0.03293893169134891,0.0
0.1867913599020783,1.0,0.000501,0.1,0.0,1.798795059664564,0.03293893169134891,0.0
0.1867913599020783,1.0,0.000631,0.1,0.0,1.798795059664564,0.03293893169134891,0.0
0.1867913599020783,1.0,0.000794,0.1,0.0,1.798795059664564,0.03293893169134891,0.0
0.1867913599020783,1.0,0.001,0.1,0.0,1.798795059664564,0.03293893169134891,0.0
0.1867913599020783,1.0,0.00126,0.1,0.0,1.798795059664564,0.03293893169134891,0.0
0.1867913599020783,1.0,0.00158,0.1,0.0,1.798795059664564,0.03293893169134891,0.0
0.1867913599020783,1.0,0.002,0.1,0.0,1.798795059664564,0.03293893169134891,0.0
0.1867913599020783,1.0,0.00251,0.1,0.0,1.798795059664564,0.03293893169134891,0.0
0.1867913599020783,1.0,0.00316,0.1,0.0,1.798795059664564,0.03293893169134891,0.0
0.1867913599020783,1.0,0.00398,0.1,0.0,1.798795059664564,0.03293893169134891,0.0
0.1867913599020783,1.0,0.00501,0.1,0.0,1.798795059664564,0.03293893169134891,0.0
0.1867913599020783,1.0,0.00631,0.1,0.0,1.798795059664564,0.03293893169134891,0.0
0.19563983435170648,1.0,1e-06,0.1,0.0,1.9669689379413826,0.036018475333114496,0.0
0.19563983435170648,1.0,1.26e-06,0.1,0.0,1.9669689379413826,0.036018475333114496,0.0
0.19563983435170648,1.0,1.58e-06,0.1,0.0,1.9669689379413826,0.036018475333114496,0.0
0.19563983435170648,1.0,2e-06,0.1,0.0,1.9669689379413826,0.036018475333114496,0.0
0.19563983435170648,1.0,2.51e-06,0.1,0.0,1.9669689379413826,0.036018475333114496,0.0
0.19563983435170648,1.0,3.16e-06,0.1,0.0,1.9669689379413826,0.036018475333114496,0.0
0.19563983435170648,1.0,3.98e-06,0.1,0.0,1.9669689379413826,0.036018475333114496,0.0
0.19563983435170648,1.0,5.01e-06,0.1,0.0,1.9669689379413826,0.036018475333114496,0.0
0.19563983435170648,1.0,6.31e-06,0.1,0.0,1.9669689379413826,0.036018475333114496,0.0
0.19563983435170648,1.0,7.94e-06,0.1,0.0,1.9669689379413826,0.036018475333114496,0.0
0.19563983435170648,1.0,1e-05,0.1,0.0,1.9669689379413826,0.036018475333114496,0.0
0.19563983435170648,1.0,1.26e-05,0.1,0.0,1.9669689379413826,0.036018475333114496,0.0
0.19563983435170648,1.0,1.58e-05,0.1,0.0,1.9669689379413826,0.036018475333114496,0.0
0.19563983435170648,1.0,2e-05,0.1,3.3333333333333335e-05,1.9669689379413826,0.036018475333114496,7.8678757517655304
0.19563983435170648,1.0,2.51e-05,0.1,3.3333333333333335e-05,1.9669689379413826,0.036018475333114496,7.8678757517655304
0.19563983435170648,1.0,3.16e-05,0.1,0.0,1.9669689379413826,0.036018475333114496,0.0
0.19563983435170648,1.0,3.98e-05,0.1,3.3333333333333335e-05,1.9669689379413826,0.036018475333114496,7.8678757517655304
0.19563983435170648,1.0,5.01e-05,0.1,0.0,1.9669689379413826,0.036018475333114496,0.0
0.19563983435170648,1.0,6.31e-05,0.1,6.666666666666667e-05,1.9669689379413826,0.036018475333114496,15.735751503531061
0.19563983435170648,1.0,7.94e-05,0.1,0.00013333333333333334,1.9669689379413826,0.036018475333114496,31.471503007062122
0.19563983435170648,1.0,0.0001,0.1,0.00013333333333333334,1.9669689379413826,0.036018475333114496,31.471503007062122
0.19563983435170648,1.0,0.000126,0.1,0.00016666666666666666,1.9669689379413826,0.036018475333114496,39.33937875882765
0.19563983435170648,1.0,0.000158,0.1,6.666666666666667e-05,1.9669689379413826,0.036018475333114496,15.735751503531061
0.19563983435170648,1.0,0.0002,0.1,0.00016666666666666666,1.9669689379413826,0.036018475333114496,39.33937875882765
0.19563983435170648,1.0,0.000251,0.1,0.0,1.9669689379413826,0.036018475333114496,0.0
0.19563983435170648,1.0,0.000316,0.1,0.0,1.9669689379413826,0.036018475333114496,0.0
0.19563983435170648,1.0,0.000398,0.1,0.0,1.9669689379413826,0.036018475333114496,0.0
0.19563983435170648,1.0,0.000501,0.1,0.0,1.9669689379413826,0.036018475333114496,0.0
0.19563983435170648,1.0,0.000631,0.1,0.0,1.9669689379413826,0.036018475333114496,0.0
0.19563983435170648,1.0,0.000794,0.1,0.0,1.9669689379413826,0.036018475333114496,0.0
0.19563983435170648,1.0,0.001,0.1,0.0,1.9669689379413826,0.036018475333114496,0.0
0.19563983435170648,1.0,0.00126,0.1,0.0,1.9669689379413826,0.036018475333114496,0.0
0.19563983435170648,1.0,0.00158,0.1,0.0,1.9669689379413826,0.036018475333114496,0.0
0.19563983435170648,1.0,0.002,0.1,0.0,1.9669689379413826,0.036018475333114496,0.0
0.19563983435170648,1.0,0.00251,0.1,0.0,1.9669689379413826,0.036018475333114496,0.0
0.19563983435170648,1.0,0.00316,0.1,0.0,1.9669689379413826,0.036018475333114496,0.0
0.19563983435170648,1.0,0.00398,0.1,0.0,1.9669689379413826,0.036018475333114496,0.0
0.19563983435170648,1.0,0.00501,0.1,0.0,1.9669689379413826,0.036018475333114496,0.0
0.19563983435170648,1.0,0.00631,0.1,0.0,1.9669689379413826,0.036018475333114496,0.0
0.20490746898158482,1.0,1e-06,0.1,0.0,2.1502256483407423,0.03937421073687497,0.0
0.20490746898158482,1.0,1.26e-06,0.1,0.0,2.1502256483407423,0.03937421073687497,0.0
0.20490746898158482,1.0,1.58e-06,0.1,0.0,2.1502256483407423,0.03937421073687497,0.0
0.20490746898158482,1.0,2e-06,0.1,0.0,2.1502256483407423,0.03937421073687497,0.0
0.20490746898158482,1.0,2.51e-06,0.1,0.0,2.1502256483407423,0.03937421073687497,0.0
0.20490746898158482,1.0,3.16e-06,0.1,0.0,2.1502256483407423,0.03937421073687497,0.0
0.20490746898158482,1.0,3.98e-06,0.1,0.0,2.1502256483407423,0.03937421073687497,0.0
0.20490746898158482,1.0,5.01e-06,0.1,0.0,2.1502256483407423,0.03937421073687497,0.0
0.20490746898158482,1.0,6.31e-06,0.1,0.0,2.1502256483407423,0.03937421073687497,0.0
0.20490746898158482,1.0,7.94e-06,0.1,0.0,2.1502256483407423,0.03937421073687497,0.0
0.20490746898158482,1.0,1e-05,0.1,0.0,2.1502256483407423,0.03937421073687497,0.0
0.20490746898158482,1.0,1.26e-05,0.1,0.0,2.1502256483407423,0.03937421073687497,0.0
0.20490746898158482,1.0,1.58e-05,0.1,0.0,2.1502256483407423,0.03937421073687497,0.0
0.20490746898158482,1.0,2e-05,0.1,3.3333333333333335e-05,2.1502256483407423,0.03937421073687497,8.60090259336297
0.20490746898158482,1.0,2.51e-05,0.1,3.3333333333333335e-05,2.1502256483407423,0.03937421073687497,8.60090259336297
0.20490746898158482,1.0,3.16e-05,0.1,0.0,2.1502256483407423,0.03937421073687497,0.0
0.20490746898158482,1.0,3.98e-05,0.1,3.3333333333333335e-05,2.1502256483407423,0.03937421073687497,8.60090259336297
0.20490746898158482,1.0,5.01e-05,0.1,0.0,2.1502256483407423,0.03937421073687497,0.0
0.20490746898158482,1.0,6.31e-05,0.1,6.666666666666667e-05,2.1502256483407423,0.03937421073687497,17.20180518672594
0.20490746898158482,1.0,7.94e-05,0.1,0.00013333333333333334,2.1502256483407423,0.03937421073687497,34.40361037345188
0.20490746898158482,1.0,0.0001,0.1,0.00013333333333333334,2.1502256483407423,0.03937421073687497,34.40361037345188
0.20490746898158482,1.0,0.000126,0.1,0.00016666666666666666,2.1502256483407423,0.03937421073687497,43.00451296681484
0.20490746898158482,1.0,0.000158,0.1,6.666666666666667e-05,2.1502256483407423,0.03937421073687497,17.20180518672594
0.20490746898158482,1.0,0.0002,0.1,0.00016666666666666666,2.1502256483407423,0.03937421073687497,43.00451296681484
0.20490746898158482,1.0,0.000251,0.1,0.0,2.1502256483407423,0.03937421073687497,0.0
0.20490746898158482,1.0,0.000316,0.1,0.0,2.1502256483407423,0.03937421073687497,0.0
0.20490746898158482,1.0,0.000398,0.1,0.0,2.1502256483407423,0.03937421073687497,0.0
0.20490746898158482,1.0,0.000501,0.1,0.0,2.1502256483407423,0.03937421073687497,0.0
0.20490746898158482,1.0,0.000631,0.1,0.0,2.1502256483407423,0.03937421073687497,0.0
0.20490746898158482,1.0,0.000794,0.1,0.0,2.1502256483407423,0.03937421073687497,0.0
0.20490746898158482,1.0,0.001,0.1,0.0,2.1502256483407423,0.03937421073687497,0.0
0.20490746898158482,1.0,0.00126,0.1,0.0,2.1502256483407423,0.03937421073687497,0.0
0.20490746898158482,1.0,0.00158,0.1,0.0,2.1502256483407423,0.03937421073687497,0.0
0.20490746898158482,1.0,0.002,0.1,0.0,2.1502256483407423,0.03937421073687497,0.0
0.20490746898158482,1.0,0.00251,0.1,0.0,2.1502256483407423,0.03937421073687497,0.0
0.20490746898158482,1.0,0.00316,0.1,0.0,2.1502256483407423,0.03937421073687497,0.0
0.20490746898158482,1.0,0.00398,0.1,0.0,2.1502256483407423,0.03937421073687497,0.0
0.20490746898158482,1.0,0.00501,0.1,0.0,2.1502256483407423,0.03937421073687497,0.0
0.20490746898158482,1.0,0.00631,0.1,0.0,2.1502256483407423,0.03937421073687497,0.0
0.21461411978584036,1.0,1e-06,0.1,0.0,2.349793748887907,0.04302863484504499,0.0
0.21461411978584036,1.0,1.26e-06,0.1,0.0,2.349793748887907,0.04302863484504499,0.0
0.21461411978584036,1.0,1.58e-06,0.1,0.0,2.349793748887907,0.04302863484504499,0.0
0.21461411978584036,1.0,2e-06,0.1,0.0,2.349793748887907,0.04302863484504499,0.0
0.21461411978584036,1.0,2.51e-06,0.1,0.0,2.349793748887907,0.04302863484504499,0.0
0.21461411978584036,1.0,3.16e-06,0.1,0.0,2.349793748887907,0.04302863484504499,0.0
0.21461411978584036,1.0,3.98e-06,0.1,0.0,2.349793748887907,0.04302863484504499,0.0
0.21461411978584036,1.0,5.01e-06,0.1,0.0,2.349793748887907,0.04302863484504499,0.0
0.21461411978584036,1.0,6.31e-06,0.1,0.0,2.349793748887907,0.04302863484504499,0.0
0.21461411978584036,1.0,7.94e-06,0.1,0.0,2.349793748887907,0.04302863484504499,0.0
0.21461411978584036,1.0,1e-05,0.1,0.0,2.349793748887907,0.04302863484504499,0.0
0.21461411978584036,1.0,1.26e-05,0.1,0.0,2.349793748887907,0.04302863484504499,0.0
0.21461411978584036,1.0,1.58e-05,0.1,0.0,2.349793748887907,0.04302863484504499,0.0
0.21461411978584036,1.0,2e-05,0.1,3.3333333333333335e-05,2.349793748887907,0.04302863484504499,9.399174995551629
0.21461411978584036,1.0,2.51e-05,0.1,3.3333333333333335e-05,2.349793748887907,0.04302863484504499,9.399174995551629
0.21461411978584036,1.0,3.16e-05,0.1,0.0,2.349793748887907,0.04302863484504499,0.0
0.21461411978584036,1.0,3.98e-05,0.1,3.3333333333333335e-05,2.349793748887907,0.04302863484504499,9.399174995551629
0.21461411978584036,1.0,5.01e-05,0.1,0.0,2.349793748887907,0.04302863484504499,0.0
0.21461411978584036,1.0,6.31e-05,0.1,6.666666666666667e-05,2.349793748887907,0.04302863484504499,18.798349991103258
0.21461411978584036,1.0,7.94e-05,0.1,0.00013333333333333334,2.349793748887907,0.04302863484504499,37.596699982206516
0.21461411978584036,1.0,0.0001,0.1,0.00013333333333333334,2.349793748887907,0.04302863484504499,37.596699982206516
0.21461411978584036,1.0,0.000126,0.1,0.00016666666666666666,2.349793748887907,0.04302863484504499,46.99587497775814
0.21461411978584036,1.0,0.000158,0.1,6.666666666666667e-05,2.349793748887907,0.04302863484504499,18.798349991103258
0.21461411978584036,1.0,0.0002,0.1,0.00016666666666666666,2.349793748887907,0.04302863484504499,46.99587497775814
0.21461411978584036,1.0,0.000251,0.1,0.0,2.349793748887907,0.04302863484504499,0.0
0.21461411978584036,1.0,0.000316,0.1,0.0,2.349793748887907,0.04302863484504499,0.0
0.21461411978584036,1.0,0.000398,0.1,0.0,2.349793748887907,0.04302863484504499,0.0
0.21461411978584036,1.0,0.000501,0.1,0.0,2.349793748887907,0.04302863484504499,0.0
0.21461411978584036,1.0,0.000631,0.1,0.0,2.349793748887907,0.04302863484504499,0.0
0.21461411978584036,1.0,0.000794,0.1,0.0,2.349793748887907,0.04302863484504499,0.0
0.21461411978584036,1.0,0.001,0.1,0.0,2.349793748887907,0.04302863484504499,0.0
0.21461411978584036,1.0,0.00126,0.1,0.0,2.349793748887907,0.04302863484504499,0.0
0.21461411978584036,1.0,0.00158,0.1,0.0,2.349793748887907,0.04302863484504499,0.0
0.21461411978584036,1.0,0.002,0.1,0.0,2.349793748887907,0.04302863484504499,0.0
0.21461411978584036,1.0,0.00251,0.1,0.0,2.349793748887907,0.04302863484504499,0.0
0.21461411978584036,1.0,0.00316,0.1,0.0,2.349793748887907,0.04302863484504499,0.0
0.21461411978584036,1.0,0.00398,0.1,0.0,2.349793748887907,0.04302863484504499,0.0
0.21461411978584036,1.0,0.00501,0.1,0.0,2.349793748887907,0.04302863484504499,0.0
0.21461411978584036,1.0,0.00631,0.1,0.0,2.349793748887907,0.04302863484504499,0.0
0.22478058335487253,1.0,1e-06,0.1,0.0,2.566977944187908,0.047005638970663025,0.0
0.22478058335487253,1.0,1.26e-06,0.1,0.0,2.566977944187908,0.047005638970663025,0.0
0.22478058335487253,1.0,1.58e-06,0.1,0.0,2.566977944187908,0.047005638970663025,0.0
0.22478058335487253,1.0,2e-06,0.1,0.0,2.566977944187908,0.047005638970663025,0.0
0.22478058335487253,1.0,2.51e-06,0.1,0.0,2.566977944187908,0.047005638970663025,0.0
0.22478058335487253,1.0,3.16e-06,0.1,0.0,2.566977944187908,0.047005638970663025,0.0
0.22478058335487253,1.0,3.98e-06,0.1,0.0,2.566977944187908,0.047005638970663025,0.0
0.22478058335487253,1.0,5.01e-06,0.1,0.0,2.566977944187908,0.047005638970663025,0.0
0.22478058335487253,1.0,6.31e-06,0.1,0.0,2.566977944187908,0.047005638970663025,0.0
0.22478058335487253,1.0,7.94e-06,0.1,0.0,2.566977944187908,0.047005638970663025,0.0
0.22478058335487253,1.0,1e-05,0.1,0.0,2.566977944187908,0.047005638970663025,0.0
0.22478058335487253,1.0,1.26e-05,0.1,0.0,2.566977944187908,0.047005638970663025,0.0
0.22478058335487253,1.0,1.58e-05,0.1,0.0,2.566977944187908,0.047005638970663025,0.0
0.22478058335487253,1.0,2e-05,0.1,3.3333333333333335e-05,2.566977944187908,0.047005638970663025,10.267911776751633
0.22478058335487253,1.0,2.51e-05,0.1,3.3333333333333335e-05,2.566977944187908,0.047005638970663025,10.267911776751633
0.22478058335487253,1.0,3.16e-05,0.1,0.0,2.566977944187908,0.047005638970663025,0.0
0.22478058335487253,1.0,3.98e-05,0.1,3.3333333333333335e-05,2.566977944187908,0.047005638970663025,10.267911776751633
0.22478058335487253,1.0,5.01e-05,0.1,0.0,2.566977944187908,0.047005638970663025,0.0
0.22478058335487253,1.0,6.31e-05,0.1,6.666666666666667e-05,2.566977944187908,0.047005638970663025,20.535823553503267
0.22478058335487253,1.0,7.94e-05,0.1,0.00013333333333333334,2.566977944187908,0.047005638970663025,41.071647107006534
0.22478058335487253,1.0,0.0001,0.1,0.00013333333333333334,2.566977944187908,0.047005638970663025,41.071647107006534
0.22478058335487253,1.0,0.000126,0.1,0.00016666666666666666,2.566977944187908,0.047005638970663025,51.339558883758166
0.22478058335487253,1.0,0.000158,0.1,6.666666666666667e-05,2.566977944187908,0.047005638970663025,20.535823553503267
0.22478058335487253,1.0,0.0002,0.1,0.00016666666666666666,2.566977944187908,0.047005638970663025,51.339558883758166
0.22478058335487253,1.0,0.000251,0.1,0.0,2.566977944187908,0.047005638970663025,0.0
0.22478058335487253,1.0,0.000316,0.1,0.0,2.566977944187908,0.047005638970663025,0.0
0.22478058335487253,1.0,0.000398,0.1,0.0,2.566977944187908,0.047005638970663025,0.0
0.22478058335487253,1.0,0.000501,0.1,0.0,2.566977944187908,0.047005638970663025,0.0
0.22478058335487253,1.0,0.000631,0.1,0.0,2.566977944187908,0.047005638970663025,0.0
0.22478058335487253,1.0,0.000794,0.1,0.0,2.566977944187908,0.047005638970663025,0.0
0.22478058335487253,1.0,0.001,0.1,0.0,2.566977944187908,0.047005638970663025,0.0
0.22478058335487253,1.0,0.00126,0.1,0.0,2.566977944187908,0.047005638970663025,0.0
0.22478058335487253,1.0,0.00158,0.1,0.0,2.566977944187908,0.047005638970663025,0.0
0.22478058335487253,1.0,0.002,0.1,0.0,2.566977944187908,0.047005638970663025,0.0
0.22478058335487253,1.0,0.00251,0.1,0.0,2.566977944187908,0.047005638970663025,0.0
0.22478058335487253,1.0,0.00316,0.1,0.0,2.566977944187908,0.047005638970663025,0.0
0.22478058335487253,1.0,0.00398,0.1,0.0,2.566977944187908,0.047005638970663025,0.0
0.22478058335487253,1.0,0.00501,0.1,0.0,2.566977944187908,0.047005638970663025,0.0
0.22478058335487253,1.0,0.00631,0.1,0.0,2.566977944187908,0.047005638970663025,0.0
0.2354286414322418,1.0,1e-06,0.1,0.0,2.8031590840709955,0.05133050877258736,0.0
0.2354286414322418,1.0,1.26e-06,0.1,0.0,2.8031590840709955,0.05133050877258736,0.0
0.2354286414322418,1.0,1.58e-06,0.1,0.0,2.8031590840709955,0.05133050877258736,0.0
0.2354286414322418,1.0,2e-06,0.1,0.0,2.8031590840709955,0.05133050877258736,0.0
0.2354286414322418,1.0,2.51e-06,0.1,0.0,2.8031590840709955,0.05133050877258736,0.0
0.2354286414322418,1.0,3.16e-06,0.1,0.0,2.8031590840709955,0.05133050877258736,0.0
0.2354286414322418,1.0,3.98e-06,0.1,0.0,2.8031590840709955,0.05133050877258736,0.0
0.2354286414322418,1.0,5.01e-06,0.1,0.0,2.8031590840709955,0.05133050877258736,0.0
0.2354286414322418,1.0,6.31e-06,0.1,0.0,2.8031590840709955,0.05133050877258736,0.0
0.2354286414322418,1.0,7.94e-06,0.1,0.0,2.8031590840709955,0.05133050877258736,0.0
0.2354286414322418,1.0,1e-05,0.1,0.0,2.8031590840709955,0.05133050877258736,0.0
0.2354286414322418,1.0,1.26e-05,0.1,0.0,2.8031590840709955,0.05133050877258736,0.0
0.2354286414322418,1.0,1.58e-05,0.1,0.0,2.8031590840709955,0.05133050877258736,0.0
0.2354286414322418,1.0,2e-05,0.1,3.3333333333333335e-05,2.8031590840709955,0.05133050877258736,11.212636336283984
0.2354286414322418,1.0,2.51e-05,0.1,3.3333333333333335e-05,2.8031590840709955,0.05133050877258736,11.212636336283984
0.2354286414322418,1.0,3.16e-05,0.1,0.0,2.8031590840709955,0.05133050877258736,0.0
0.2354286414322418,1.0,3.98e-05,0.1,3.3333333333333335e-05,2.8031590840709955,0.05133050877258736,11.212636336283984
0.2354286414322418,1.0,5.01e-05,0.1,0.0,2.8031590840709955,0.05133050877258736,0.0
0.2354286414322418,1.0,6.31e-05,0.1,6.666666666666667e-05,2.8031590840709955,0.05133050877258736,22.425272672567967
0.2354286414322418,1.0,7.94e-05,0.1,0.00013333333333333334,2.8031590840709955,0.05133050877258736,44.850545345135934
0.2354286414322418,1.0,0.0001,0.1,0.00013333333333333334,2.8031590840709955,0.05133050877258736,44.850545345135934
0.2354286414322418,1.0,0.000126,0.1,0.00016666666666666666,2.8031590840709955,0.05133050877258736,56.063181681419906
0.2354286414322418,1.0,0.000158,0.1,6.666666666666667e-05,2.8031590840709955,0.05133050877258736,22.425272672567967
0.2354286414322418,1.0,0.0002,0.1,0.00016666666666666666,2.8031590840709955,0.05133050877258736,56.063181681419906
0.2354286414322418,1.0,0.000251,0.1,0.0,2.8031590840709955,0.05133050877258736,0.0
0.2354286414322418,1.0,0.000316,0.1,0.0,2.8031590840709955,0.05133050877258736,0.0
0.2354286414322418,1.0,0.000398,0.1,0.0,2.8031590840709955,0.05133050877258736,0.0
0.2354286414322418,1.0,0.000501,0.1,0.0,2.8031590840709955,0.05133050877258736,0.0
0.2354286414322418,1.0,0.000631,0.1,0.0,2.8031590840709955,0.05133050877258736,0.0
0.2354286414322418,1.0,0.000794,0.1,0.0,2.8031590840709955,0.05133050877258736,0.0
0.2354286414322418,1.0,0.001,0.1,0.0,2.8031590840709955,0.05133050877258736,0.0
0.2354286414322418,1.0,0.00126,0.1,0.0,2.8031590840709955,0.05133050877258736,0.0
0.2354286414322418,1.0,0.00158,0.1,0.0,2.8031590840709955,0.05133050877258736,0.0
0.2354286414322418,1.0,0.002,0.1,0.0,2.8031590840709955,0.05133050877258736,0.0
0.2354286414322418,1.0,0.00251,0.1,0.0,2.8031590840709955,0.05133050877258736,0.0
0.2354286414322418,1.0,0.00316,0.1,0.0,2.8031590840709955,0.05133050877258736,0.0
0.2354286414322418,1.0,0.00398,0.1,0.0,2.8031590840709955,0.05133050877258736,0.0
0.2354286414322418,1.0,0.00501,0.1,0.0,2.8031590840709955,0.05133050877258736,0.0
0.2354286414322418,1.0,0.00631,0.1,0.0,2.8031590840709955,0.05133050877258736,0.0
0.2465811075822604,1.0,1e-06,0.1,0.0,3.059793043885247,0.05602990375178991,0.0
0.2465811075822604,1.0,1.26e-06,0.1,0.0,3.059793043885247,0.05602990375178991,0.0
0.2465811075822604,1.0,1.58e-06,0.1,0.0,3.059793043885247,0.05602990375178991,0.0
0.2465811075822604,1.0,2e-06,0.1,0.0,3.059793043885247,0.05602990375178991,0.0
0.2465811075822604,1.0,2.51e-06,0.1,0.0,3.059793043885247,0.05602990375178991,0.0
0.2465811075822604,1.0,3.16e-06,0.1,0.0,3.059793043885247,0.05602990375178991,0.0
0.2465811075822604,1.0,3.98e-06,0.1,0.0,3.059793043885247,0.05602990375178991,0.0
0.2465811075822604,1.0,5.01e-06,0.1,0.0,3.059793043885247,0.05602990375178991,0.0
0.2465811075822604,1.0,6.31e-06,0.1,0.0,3.059793043885247,0.05602990375178991,0.0
0.2465811075822604,1.0,7.94e-06,0.1,0.0,3.059793043885247,0.05602990375178991,0.0
0.2465811075822604,1.0,1e-05,0.1,0.0,3.059793043885247,0.05602990375178991,0.0
0.2465811075822604,1.0,1.26e-05,0.1,0.0,3.059793043885247,0.05602990375178991,0.0
0.2465811075822604,1.0,1.58e-05,0.1,0.0,3.059793043885247,0.05602990375178991,0.0
0.2465811075822604,1.0,2e-05,0.1,3.3333333333333335e-05,3.059793043885247,0.05602990375178991,12.239172175540991
0.2465811075822604,1.0,2.51e-05,0.1,3.3333333333333335e-05,3.059793043885247,0.05602990375178991,12.239172175540991
0.2465811075822604,1.0,3.16e-05,0.1,0.0,3.059793043885247,0.05602990375178991,0.0
0.2465811075822604,1.0,3.98e-05,0.1,3.3333333333333335e-05,3.059793043885247,0.05602990375178991,12.239172175540991
0.2465811075822604,1.0,5.01e-05,0.1,0.0,3.059793043885247,0.05602990375178991,0.0
0.2465811075822604,1.0,6.31e-05,0.1,6.666666666666667e-05,3.059793043885247,0.05602990375178991,24.478344351081983
0.2465811075822604,1.0,7.94e-05,0.1,0.00013333333333333334,3.059793043885247,0.05602990375178991,48.956688702163966
0.2465811075822604,1.0,0.0001,0.1,0.00013333333333333334,3.059793043885247,0.05602990375178991,48.956688702163966
0.2465811075822604,1.0,0.000126,0.1,0.00016666666666666666,3.059793043885247,0.05602990375178991,61.195860877704945
0.2465811075822604,1.0,0.000158,0.1,6.666666666666667e-05,3.059793043885247,0.05602990375178991,24.478344351081983
0.2465811075822604,1.0,0.0002,0.1,0.00016666666666666666,3.059793043885247,0.05602990375178991,61.195860877704945
0.2465811075822604,1.0,0.000251,0.1,0.0,3.059793043885247,0.05602990375178991,0.0
0.2465811075822604,1.0,0.000316,0.1,0.0,3.059793043885247,0.05602990375178991,0.0
0.2465811075822604,1.0,0.000398,0.1,0.0,3.059793043885247,0.05602990375178991,0.0
0.2465811075822604,1.0,0.000501,0.1,0.0,3.059793043885247,0.05602990375178991,0.0
0.2465811075822604,1.0,0.000631,0.1,0.0,3.059793043885247,0.05602990375178991,0.0
0.2465811075822604,1.0,0.000794,0.1,0.0,3.059793043885247,0.05602990375178991,0.0
0.2465811075822604,1.0,0.001,0.1,0.0,3.059793043885247,0.05602990375178991,0.0
0.2465811075822604,1.0,0.00126,0.1,0.0,3.059793043885247,0.05602990375178991,0.0
0.2465811075822604,1.0,0.00158,0.1,0.0,3.059793043885247,0.05602990375178991,0.0
0.2465811075822604,1.0,0.002,0.1,0.0,3.059793043885247,0.05602990375178991,0.0
0.2465811075822604,1.0,0.00251,0.1,0.0,3.059793043885247,0.05602990375178991,0.0
0.2465811075822604,1.0,0.00316,0.1,0.0,3.059793043885247,0.05602990375178991,0.0
0.2465811075822604,1.0,0.00398,0.1,0.0,3.059793043885247,0.05602990375178991,0.0
0.2465811075822604,1.0,0.00501,0.1,0.0,3.059793043885247,0.05602990375178991,0.0
0.2465811075822604,1.0,0.00631,0.1,0.0,3.059793043885247,0.05602990375178991,0.0
0.2582618760682677,1.0,1e-06,0.1,0.0,3.3384082529158756,0.06113181199259981,0.0
0.2582618760682677,1.0,1.26e-06,0.1,0.0,3.3384082529158756,0.06113181199259981,0.0
0.2582618760682677,1.0,1.58e-06,0.1,0.0,3.3384082529158756,0.06113181199259981,0.0
0.2582618760682677,1.0,2e-06,0.1,0.0,3.3384082529158756,0.06113181199259981,0.0
0.2582618760682677,1.0,2.51e-06,0.1,0.0,3.3384082529158756,0.06113181199259981,0.0
0.2582618760682677,1.0,3.16e-06,0.1,0.0,3.3384082529158756,0.06113181199259981,0.0
0.2582618760682677,1.0,3.98e-06,0.1,0.0,3.3384082529158756,0.06113181199259981,0.0
0.2582618760682677,1.0,5.01e-06,0.1,0.0,3.3384082529158756,0.06113181199259981,0.0
0.2582618760682677,1.0,6.31e-06,0.1,0.0,3.3384082529158756,0.06113181199259981,0.0
0.2582618760682677,1.0,7.94e-06,0.1,0.0,3.3384082529158756,0.06113181199259981,0.0
0.2582618760682677,1.0,1e-05,0.1,0.0,3.3384082529158756,0.06113181199259981,0.0
0.2582618760682677,1.0,1.26e-05,0.1,0.0,3.3384082529158756,0.06113181199259981,0.0
0.2582618760682677,1.0,1.58e-05,0.1,0.0,3.3384082529158756,0.06113181199259981,0.0
0.2582618760682677,1.0,2e-05,0.1,3.3333333333333335e-05,3.3384082529158756,0.06113181199259981,13.353633011663502
0.2582618760682677,1.0,2.51e-05,0.1,3.3333333333333335e-05,3.3384082529158756,0.06113181199259981,13.353633011663502
0.2582618760682677,1.0,3.16e-05,0.1,0.0,3.3384082529158756,0.06113181199259981,0.0
0.2582618760682677,1.0,3.98e-05,0.1,3.3333333333333335e-05,3.3384082529158756,0.06113181199259981,13.353633011663502
0.2582618760682677,1.0,5.01e-05,0.1,0.0,3.3384082529158756,0.06113181199259981,0.0
0.2582618760682677,1.0,6.31e-05,0.1,6.666666666666667e-05,3.3384082529158756,0.06113181199259981,26.707266023327005
0.2582618760682677,1.0,7.94e-05,0.1,0.00013333333333333334,3.3384082529158756,0.06113181199259981,53.41453204665401
0.2582618760682677,1.0,0.0001,0.1,0.00013333333333333334,3.3384082529158756,0.06113181199259981,53.41453204665401
0.2582618760682677,1.0,0.000126,0.1,0.00016666666666666666,3.3384082529158756,0.06113181199259981,66.7681650583175
0.2582618760682677,1.0,0.000158,0.1,6.666666666666667e-05,3.3384082529158756,0.06113181199259981,26.707266023327005
0.2582618760682677,1.0,0.0002,0.1,0.00016666666666666666,3.3384082529158756,0.06113181199259981,66.7681650583175
0.2582618760682677,1.0,0.000251,0.1,0.0,3.3384082529158756,0.06113181199259981,0.0
0.2582618760682677,1.0,0.000316,0.1,0.0,3.3384082529158756,0.06113181199259981,0.0
0.2582618760682677,1.0,0.000398,0.1,0.0,3.3384082529158756,0.06113181199259981,0.0
0.2582618760682677,1.0,0.000501,0.1,0.0,3.3384082529158756,0.06113181199259981,0.0
0.2582618760682677,1.0,0.000631,0.1,0.0,3.3384082529158756,0.06113181199259981,0.0
0.2582618760682677,1.0,0.000794,0.1,0.0,3.3384082529158756,0.06113181199259981,0.0
0.2582618760682677,1.0,0.001,0.1,0.0,3.3384082529158756,0.06113181199259981,0.0
0.2582618760682677,1.0,0.00126,0.1,0.0,3.3384082529158756,0.06113181199259981,0.0
0.2582618760682677,1.0,0.00158,0.1,0.0,3.3384082529158756,0.06113181199259981,0.0
0.2582618760682677,1.0,0.002,0.1,0.0,3.3384082529158756,0.06113181199259981,0.0
0.2582618760682677,1.0,0.00251,0.1,0.0,3.3384082529158756,0.06113181199259981,0.0
0.2582618760682677,1.0,0.00316,0.1,0.0,3.3384082529158756,0.06113181199259981,0.0
0.2582618760682677,1.0,0.00398,0.1,0.0,3.3384082529158756,0.06113181199259981,0.0
0.2582618760682677,1.0,0.00501,0.1,0.0,3.3384082529158756,0.06113181199259981,0.0
0.2582618760682677,1.0,0.00631,0.1,0.0,3.3384082529158756,0.06113181199259981,0.0
0.27049597304631345,1.0,1e-06,0.1,0.0,3.6406016141663757,0.06666547544710448,0.0
0.27049597304631345,1.0,1.26e-06,0.1,0.0,3.6406016141663757,0.06666547544710448,0.0
0.27049597304631345,1.0,1.58e-06,0.1,0.0,3.6406016141663757,0.06666547544710448,0.0
0.27049597304631345,1.0,2e-06,0.1,0.0,3.6406016141663757,0.06666547544710448,0.0
0.27049597304631345,1.0,2.51e-06,0.1,0.0,3.6406016141663757,0.06666547544710448,0.0
0.27049597304631345,1.0,3.16e-06,0.1,0.0,3.6406016141663757,0.06666547544710448,0.0
0.27049597304631345,1.0,3.98e-06,0.1,0.0,3.6406016141663757,0.06666547544710448,0.0
0.27049597304631345,1.0,5.01e-06,0.1,0.0,3.6406016141663757,0.06666547544710448,0.0
0.27049597304631345,1.0,6.31e-06,0.1,0.0,3.6406016141663757,0.06666547544710448,0.0
0.27049597304631345,1.0,7.94e-06,0.1,0.0,3.6406016141663757,0.06666547544710448,0.0
0.27049597304631345,1.0,1e-05,0.1,0.0,3.6406016141663757,0.06666547544710448,0.0
0.27049597304631345,1.0,1.26e-05,0.1,0.0,3.6406016141663757,0.06666547544710448,0.0
0.27049597304631345,1.0,1.58e-05,0.1,0.0,3.6406016141663757,0.06666547544710448,0.0
0.27049597304631345,1.0,2e-05,0.1,3.3333333333333335e-05,3.6406016141663757,0.06666547544710448,14.562406456665506
0.27049597304631345,1.0,2.51e-05,0.1,3.3333333333333335e-05,3.6406016141663757,0.06666547544710448,14.562406456665506
0.27049597304631345,1.0,3.16e-05,0.1,0.0,3.6406016141663757,0.06666547544710448,0.0
0.27049597304631345,1.0,3.98e-05,0.1,3.3333333333333335e-05,3.6406016141663757,0.06666547544710448,14.562406456665506
0.27049597304631345,1.0,5.01e-05,0.1,0.0,3.6406016141663757,0.06666547544710448,0.0
0.27049597304631345,1.0,6.31e-05,0.1,6.666666666666667e-05,3.6406016141663757,0.06666547544710448,29.124812913331013
0.27049597304631345,1.0,7.94e-05,0.1,0.00013333333333333334,3.6406016141663757,0.06666547544710448,58.249625826662026
0.27049597304631345,1.0,0.0001,0.1,0.00013333333333333334,3.6406016141663757,0.06666547544710448,58.249625826662026
0.27049597304631345,1.0,0.000126,0.1,0.00016666666666666666,3.6406016141663757,0.06666547544710448,72.81203228332753
0.27049597304631345,1.0,0.000158,0.1,6.666666666666667e-05,3.6406016141663757,0.06666547544710448,29.124812913331013
0.27049597304631345,1.0,0.0002,0.1,0.00016666666666666666,3.6406016141663757,0.06666547544710448,72.81203228332753
0.27049597304631345,1.0,0.000251,0.1,0.0,3.6406016141663757,0.06666547544710448,0.0
0.27049597304631345,1.0,0.000316,0.1,0.0,3.6406016141663757,0.06666547544710448,0.0
0.27049597304631345,1.0,0.000398,0.1,0.0,3.6406016141663757,0.06666547544710448,0.0
0.27049597304631345,1.0,0.000501,0.1,0.0,3.6406016141663757,0.06666547544710448,0.0
0.27049597304631345,1.0,0.000631,0.1,0.0,3.6406016141663757,0.06666547544710448,0.0
0.27049597304631345,1.0,0.000794,0.1,0.0,3.6406016141663757,0.06666547544710448,0.0
0.27049597304631345,1.0,0.001,0.1,0.0,3.6406016141663757,0.06666547544710448,0.0
0.27049597304631345,1.0,0.00126,0.1,0.0,3.6406016141663757,0.06666547544710448,0.0
0.27049597304631345,1.0,0.00158,0.1,0.0,3.6406016141663757,0.06666547544710448,0.0
0.27049597304631345,1.0,0.002,0.1,0.0,3.6406016141663757,0.06666547544710448,0.0
0.27049597304631345,1.0,0.00251,0.1,0.0,3.6406016141663757,0.06666547544710448,0.0
0.27049597304631345,1.0,0.00316,0.1,0.0,3.6406016141663757,0.06666547544710448,0.0
0.27049597304631345,1.0,0.00398,0.1,0.0,3.6406016141663757,0.06666547544710448,0.0
0.27049597304631345,1.0,0.00501,0.1,0.0,3.6406016141663757,0.06666547544710448,0.0
0.27049597304631345,1.0,0.00631,0.1,0.0,3.6406016141663757,0.06666547544710448,0.0
0.2833096101839324,1.0,1e-06,0.1,0.0,3.9680325381717085,0.07266128068433819,0.0
0.2833096101839324,1.0,1.26e-06,0.1,0.0,3.9680325381717085,0.07266128068433819,0.0
0.2833096101839324,1.0,1.58e-06,0.1,0.0,3.9680325381717085,0.07266128068433819,0.0
0.2833096101839324,1.0,2e-06,0.1,0.0,3.9680325381717085,0.07266128068433819,0.0
0.2833096101839324,1.0,2.51e-06,0.1,0.0,3.9680325381717085,0.07266128068433819,0.0
0.2833096101839324,1.0,3.16e-06,0.1,0.0,3.9680325381717085,0.07266128068433819,0.0
0.2833096101839324,1.0,3.98e-06,0.1,0.0,3.9680325381717085,0.07266128068433819,0.0
0.2833096101839324,1.0,5.01e-06,0.1,0.0,3.9680325381717085,0.07266128068433819,0.0
0.2833096101839324,1.0,6.31e-06,0.1,0.0,3.9680325381717085,0.07266128068433819,0.0
0.2833096101839324,1.0,7.94e-06,0.1,0.0,3.9680325381717085,0.07266128068433819,0.0
0.2833096101839324,1.0,1e-05,0.1,0.0,3.9680325381717085,0.07266128068433819,0.0
0.2833096101839324,1.0,1.26e-05,0.1,0.0,3.9680325381717085,0.07266128068433819,0.0
0.2833096101839324,1.0,1.58e-05,0.1,0.0,3.9680325381717085,0.07266128068433819,0.0
0.2833096101839324,1.0,2e-05,0.1,3.3333333333333335e-05,3.9680325381717085,0.07266128068433819,15.872130152686836
0.2833096101839324,1.0,2.51e-05,0.1,3.3333333333333335e-05,3.9680325381717085,0.07266128068433819,15.872130152686836
0.2833096101839324,1.0,3.16e-05,0.1,0.0,3.9680325381717085,0.07266128068433819,0.0
0.2833096101839324,1.0,3.98e-05,0.1,3.3333333333333335e-05,3.9680325381717085,0.07266128068433819,15.872130152686836
0.2833096101839324,1.0,5.01e-05,0.1,0.0,3.9680325381717085,0.07266128068433819,0.0
0.2833096101839324,1.0,6.31e-05,0.1,6.666666666666667e-05,3.9680325381717085,0.07266128068433819,31.744260305373672
0.2833096101839324,1.0,7.94e-05,0.1,0.00013333333333333334,3.9680325381717085,0.07266128068433819,63.488520610747344
0.2833096101839324,1.0,0.0001,0.1,0.00013333333333333334,3.9680325381717085,0.07266128068433819,63.488520610747344
0.2833096101839324,1.0,0.000126,0.1,0.00016666666666666666,3.9680325381717085,0.07266128068433819,79.36065076343418
0.2833096101839324,1.0,0.000158,0.1,6.666666666666667e-05,3.9680325381717085,0.07266128068433819,31.744260305373672
0.2833096101839324,1.0,0.0002,0.1,0.00016666666666666666,3.9680325381717085,0.07266128068433819,79.36065076343418
0.2833096101839324,1.0,0.000251,0.1,0.0,3.9680325381717085,0.07266128068433819,0.0
0.2833096101839324,1.0,0.000316,0.1,0.0,3.9680325381717085,0.07266128068433819,0.0
0.2833096101839324,1.0,0.000398,0.1,0.0,3.9680325381717085,0.07266128068433819,0.0
0.2833096101839324,1.0,0.000501,0.1,0.0,3.9680325381717085,0.07266128068433819,0.0
0.2833096101839324,1.0,0.000631,0.1,0.0,3.9680325381717085,0.07266128068433819,0.0
0.2833096101839324,1.0,0.000794,0.1,0.0,3.9680325381717085,0.07266128068433819,0.0
0.2833096101839324,1.0,0.001,0.1,0.0,3.9680325381717085,0.07266128068433819,0.0
0.2833096101839324,1.0,0.00126,0.1,0.0,3.9680325381717085,0.07266128068433819,0.0
0.2833096101839324,1.0,0.00158,0.1,0.0,3.9680325381717085,0.07266128068433819,0.0
0.2833096101839324,1.0,0.002,0.1,0.0,3.9680325381717085,0.07266128068433819,0.0
0.2833096101839324,1.0,0.00251,0.1,0.0,3.9680325381717085,0.07266128068433819,0.0
0.2833096101839324,1.0,0.00316,0.1,0.0,3.9680325381717085,0.07266128068433819,0.0
0.2833096101839324,1.0,0.00398,0.1,0.0,3.9680325381717085,0.07266128068433819,0.0
0.2833096101839324,1.0,0.00501,0.1,0.0,3.9680325381717085,0.07266128068433819,0.0
0.2833096101839324,1.0,0.00631,0.1,0.0,3.9680325381717085,0.07266128068433819,0.0
0.29673024081888694,1.0,1e-06,0.1,0.0,4.322414797537058,0.0791506097333283,0.0
0.29673024081888694,1.0,1.26e-06,0.1,0.0,4.322414797537058,0.0791506097333283,0.0
0.29673024081888694,1.0,1.58e-06,0.1,0.0,4.322414797537058,0.0791506097333283,0.0
0.29673024081888694,1.0,2e-06,0.1,0.0,4.322414797537058,0.0791506097333283,0.0
0.29673024081888694,1.0,2.51e-06,0.1,0.0,4.322414797537058,0.0791506097333283,0.0
0.29673024081888694,1.0,3.16e-06,0.1,0.0,4.322414797537058,0.0791506097333283,0.0
0.29673024081888694,1.0,3.98e-06,0.1,0.0,4.322414797537058,0.0791506097333283,0.0
0.29673024081888694,1.0,5.01e-06,0.1,0.0,4.322414797537058,0.0791506097333283,0.0
0.29673024081888694,1.0,6.31e-06,0.1,0.0,4.322414797537058,0.0791506097333283,0.0
0.29673024081888694,1.0,7.94e-06,0.1,0.0,4.322414797537058,0.0791506097333283,0.0
0.29673024081888694,1.0,1e-05,0.1,0.0,4.322414797537058,0.0791506097333283,0.0
0.29673024081888694,1.0,1.26e-05,0.1,0.0,4.322414797537058,0.0791506097333283,0.0
0.29673024081888694,1.0,1.58e-05,0.1,0.0,4.322414797537058,0.0791506097333283,0.0
0.29673024081888694,1.0,2e-05,0.1,3.3333333333333335e-05,4.322414797537058,0.0791506097333283,17.289659190148235
0.29673024081888694,1.0,2.51e-05,0.1,3.3333333333333335e-05,4.322414797537058,0.0791506097333283,17.289659190148235
0.29673024081888694,1.0,3.16e-05,0.1,0.0,4.322414797537058,0.0791506097333283,0.0
0.29673024081888694,1.0,3.98e-05,0.1,3.3333333333333335e-05,4.322414797537058,0.0791506097333283,17.289659190148235
0.29673024081888694,1.0,5.01e-05,0.1,0.0,4.322414797537058,0.0791506097333283,0.0
0.29673024081888694,1.0,6.31e-05,0.1,6.666666666666667e-05,4.322414797537058,0.0791506097333283,34.57931838029647
0.29673024081888694,1.0,7.94e-05,0.1,0.00013333333333333334,4.322414797537058,0.0791506097333283,69.15863676059294
0.29673024081888694,1.0,0.0001,0.1,0.00013333333333333334,4.322414797537058,0.0791506097333283,69.15863676059294
0.29673024081888694,1.0,0.000126,0.1,0.00016666666666666666,4.322414797537058,0.0791506097333283,86.44829595074117
0.29673024081888694,1.0,0.000158,0.1,6.666666666666667e-05,4.322414797537058,0.0791506097333283,34.57931838029647
0.29673024081888694,1.0,0.0002,0.1,0.00016666666666666666,4.322414797537058,0.0791506097333283,86.44829595074117
0.29673024081888694,1.0,0.000251,0.1,0.0,4.322414797537058,0.0791506097333283,0.0
0.29673024081888694,1.0,0.000316,0.1,0.0,4.322414797537058,0.0791506097333283,0.0
0.29673024081888694,1.0,0.000398,0.1,0.0,4.322414797537058,0.0791506097333283,0.0
0.29673024081888694,1.0,0.000501,0.1,0.0,4.322414797537058,0.0791506097333283,0.0
0.29673024081888694,1.0,0.000631,0.1,0.0,4.322414797537058,0.0791506097333283,0.0
0.29673024081888694,1.0,0.000794,0.1,0.0,4.322414797537058,0.0791506097333283,0.0
0.29673024081888694,1.0,0.001,0.1,0.0,4.322414797537058,0.0791506097333283,0.0
0.29673024081888694,1.0,0.00126,0.1,0.0,4.322414797537058,0.0791506097333283,0.0
0.29673024081888694,1.0,0.00158,0.1,0.0,4.322414797537058,0.0791506097333283,0.0
0.29673024081888694,1.0,0.002,0.1,0.0,4.322414797537058,0.0791506097333283,0.0
0.29673024081888694,1.0,0.00251,0.1,0.0,4.322414797537058,0.0791506097333283,0.0
0.29673024081888694,1.0,0.00316,0.1,0.0,4.322414797537058,0.0791506097333283,0.0
0.29673024081888694,1.0,0.00398,0.1,0.0,4.322414797537058,0.0791506097333283,0.0
0.29673024081888694,1.0,0.00501,0.1,0.0,4.322414797537058,0.0791506097333283,0.0
0.29673024081888694,1.0,0.00631,0.1,0.0,4.322414797537058,0.0791506097333283,0.0
0.3107866187782014,1.0,1e-06,0.1,0.0,4.70550589985847,0.08616564548358305,0.0
0.3107866187782014,1.0,1.26e-06,0.1,0.0,4.70550589985847,0.08616564548358305,0.0
0.3107866187782014,1.0,1.58e-06,0.1,0.0,4.70550589985847,0.08616564548358305,0.0
0.3107866187782014,1.0,2e-06,0.1,0.0,4.70550589985847,0.08616564548358305,0.0
0.3107866187782014,1.0,2.51e-06,0.1,0.0,4.70550589985847,0.08616564548358305,0.0
0.3107866187782014,1.0,3.16e-06,0.1,0.0,4.70550589985847,0.08616564548358305,0.0
0.3107866187782014,1.0,3.98e-06,0.1,0.0,4.70550589985847,0.08616564548358305,0.0
0.3107866187782014,1.0,5.01e-06,0.1,0.0,4.70550589985847,0.08616564548358305,0.0
0.3107866187782014,1.0,6.31e-06,0.1,0.0,4.70550589985847,0.08616564548358305,0.0
0.3107866187782014,1.0,7.94e-06,0.1,0.0,4.70550589985847,0.08616564548358305,0.0
0.3107866187782014,1.0,1e-05,0.1,0.0,4.70550589985847,0.08616564548358305,0.0
0.3107866187782014,1.0,1.26e-05,0.1,0.0,4.70550589985847,0.08616564548358305,0.0
0.3107866187782014,1.0,1.58e-05,0.1,0.0,4.70550589985847,0.08616564548358305,0.0
0.3107866187782014,1.0,2e-05,0.1,3.3333333333333335e-05,4.70550589985847,0.08616564548358305,18.822023599433884
0.3107866187782014,1.0,2.51e-05,0.1,3.3333333333333335e-05,4.70550589985847,0.08616564548358305,18.822023599433884
0.3107866187782014,1.0,3.16e-05,0.1,0.0,4.70550589985847,0.08616564548358305,0.0
0.3107866187782014,1.0,3.98e-05,0.1,3.3333333333333335e-05,4.70550589985847,0.08616564548358305,18.822023599433884
0.3107866187782014,1.0,5.01e-05,0.1,0.0,4.70550589985847,0.08616564548358305,0.0
0.3107866187782014,1.0,6.31e-05,0.1,6.666666666666667e-05,4.70550589985847,0.08616564548358305,37.64404719886777
0.3107866187782014,1.0,7.94e-05,0.1,0.00013333333333333334,4.70550589985847,0.08616564548358305,75.28809439773553
0.3107866187782014,1.0,0.0001,0.1,0.00013333333333333334,4.70550589985847,0.08616564548358305,75.28809439773553
0.3107866187782014,1.0,0.000126,0.1,0.00016666666666666666,4.70550589985847,0.08616564548358305,94.11011799716941
0.3107866187782014,1.0,0.000158,0.1,6.666666666666667e-05,4.70550589985847,0.08616564548358305,37.64404719886777
0.3107866187782014,1.0,0.0002,0.1,0.00016666666666666666,4.70550589985847,0.08616564548358305,94.11011799716941
0.3107866187782014,1.0,0.000251,0.1,0.0,4.70550589985847,0.08616564548358305,0.0
0.3107866187782014,1.0,0.000316,0.1,0.0,4.70550589985847,0.08616564548358305,0.0
0.3107866187782014,1.0,0.000398,0.1,0.0,4.70550589985847,0.08616564548358305,0.0
0.3107866187782014,1.0,0.000501,0.1,0.0,4.70550589985847,0.08616564548358305,0.0
0.3107866187782014,1.0,0.000631,0.1,0.0,4.70550589985847,0.08616564548358305,0.0
0.3107866187782014,1.0,0.000794,0.1,0.0,4.70550589985847,0.08616564548358305,0.0
0.3107866187782014,1.0,0.001,0.1,0.0,4.70550589985847,0.08616564548358305,0.0
0.3107866187782014,1.0,0.00126,0.1,0.0,4.70550589985847,0.08616564548358305,0.0
0.3107866187782014,1.0,0.00158,0.1,0.0,4.70550589985847,0.08616564548358305,0.0
0.3107866187782014,1.0,0.002,0.1,0.0,4.70550589985847,0.08616564548358305,0.0
0.3107866187782014,1.0,0.00251,0.1,0.0,4.70550589985847,0.08616564548358305,0.0
0.3107866187782014,1.0,0.00316,0.1,0.0,4.70550589985847,0.08616564548358305,0.0
0.3107866187782014,1.0,0.00398,0.1,0.0,4.70550589985847,0.08616564548358305,0.0
0.3107866187782014,1.0,0.00501,0.1,0.0,4.70550589985847,0.08616564548358305,0.0
0.3107866187782014,1.0,0.00631,0.1,0.0,4.70550589985847,0.08616564548358305,0.0
0.325508859983506,1.0,1e-06,0.1,0.0,5.119093677384104,0.0937391261194672,0.0
0.325508859983506,1.0,1.26e-06,0.1,0.0,5.119093677384104,0.0937391261194672,0.0
0.325508859983506,1.0,1.58e-06,0.1,0.0,5.119093677384104,0.0937391261194672,0.0
0.325508859983506,1.0,2e-06,0.1,0.0,5.119093677384104,0.0937391261194672,0.0
0.325508859983506,1.0,2.51e-06,0.1,0.0,5.119093677384104,0.0937391261194672,0.0
0.325508859983506,1.0,3.16e-06,0.1,0.0,5.119093677384104,0.0937391261194672,0.0
0.325508859983506,1.0,3.98e-06,0.1,0.0,5.119093677384104,0.0937391261194672,0.0
0.325508859983506,1.0,5.01e-06,0.1,0.0,5.119093677384104,0.0937391261194672,0.0
0.325508859983506,1.0,6.31e-06,0.1,0.0,5.119093677384104,0.0937391261194672,0.0
0.325508859983506,1.0,7.94e-06,0.1,0.0,5.119093677384104,0.0937391261194672,0.0
0.325508859983506,1.0,1e-05,0.1,0.0,5.119093677384104,0.0937391261194672,0.0
0.325508859983506,1.0,1.26e-05,0.1,0.0,5.119093677384104,0.0937391261194672,0.0
0.325508859983506,1.0,1.58e-05,0.1,0.0,5.119093677384104,0.0937391261194672,0.0
0.325508859983506,1.0,2e-05,0.1,3.3333333333333335e-05,5.119093677384104,0.0937391261194672,20.47637470953642
0.325508859983506,1.0,2.51e-05,0.1,3.3333333333333335e-05,5.119093677384104,0.0937391261194672,20.47637470953642
0.325508859983506,1.0,3.16e-05,0.1,0.0,5.119093677384104,0.0937391261194672,0.0
0.325508859983506,1.0,3.98e-05,0.1,3.3333333333333335e-05,5.119093677384104,0.0937391261194672,20.47637470953642
0.325508859983506,1.0,5.01e-05,0.1,0.0,5.119093677384104,0.0937391261194672,0.0
0.325508859983506,1.0,6.31e-05,0.1,6.666666666666667e-05,5.119093677384104,0.0937391261194672,40.95274941907284
0.325508859983506,1.0,7.94e-05,0.1,0.00013333333333333334,5.119093677384104,0.0937391261194672,81.90549883814568
0.325508859983506,1.0,0.0001,0.1,0.00013333333333333334,5.119093677384104,0.0937391261194672,81.90549883814568
0.325508859983506,1.0,0.000126,0.1,0.00016666666666666666,5.119093677384104,0.0937391261194672,102.38187354768209
0.325508859983506,1.0,0.000158,0.1,6.666666666666667e-05,5.119093677384104,0.0937391261194672,40.95274941907284
0.325508859983506,1.0,0.0002,0.1,0.00016666666666666666,5.119093677384104,0.0937391261194672,102.38187354768209
0.325508859983506,1.0,0.000251,0.1,0.0,5.119093677384104,0.0937391261194672,0.0
0.325508859983506,1.0,0.000316,0.1,0.0,5.119093677384104,0.0937391261194672,0.0
0.325508859983506,1.0,0.000398,0.1,0.0,5.119093677384104,0.0937391261194672,0.0
0.325508859983506,1.0,0.000501,0.1,0.0,5.119093677384104,0.0937391261194672,0.0
0.325508859983506,1.0,0.000631,0.1,0.0,5.119093677384104,0.0937391261194672,0.0
0.325508859983506,1.0,0.000794,0.1,0.0,5.119093677384104,0.0937391261194672,0.0
0.325508859983506,1.0,0.001,0.1,0.0,5.119093677384104,0.0937391261194672,0.0
0.325508859983506,1.0,0.00126,0.1,0.0,5.119093677384104,0.0937391261194672,0.0
0.325508859983506,1.0,0.00158,0.1,0.0,5.119093677384104,0.0937391261194672,0.0
0.325508859983506,1.0,0.002,0.1,0.0,5.119093677384104,0.0937391261194672,0.0
0.325508859983506,1.0,0.00251,0.1,0.0,5.119093677384104,0.0937391261194672,0.0
0.325508859983506,1.0,0.00316,0.1,0.0,5.119093677384104,0.0937391261194672,0.0
0.325508859983506,1.0,0.00398,0.1,0.0,5.119093677384104,0.0937391261194672,0.0
0.325508859983506,1.0,0.00501,0.1,0.0,5.119093677384104,0.0937391261194672,0.0
0.325508859983506,1.0,0.00631,0.1,0.0,5.119093677384104,0.0937391261194672,0.0
0.3409285069746811,1.0,1e-06,0.1,0.0,5.564979805438656,0.10190404331511914,0.0
0.3409285069746811,1.0,1.26e-06,0.1,0.0,5.564979805438656,0.10190404331511914,0.0
0.3409285069746811,1.0,1.58e-06,0.1,0.0,5.564979805438656,0.10190404331511914,0.0
0.3409285069746811,1.0,2e-06,0.1,0.0,5.564979805438656,0.10190404331511914,0.0
0.3409285069746811,1.0,2.51e-06,0.1,0.0,5.564979805438656,0.10190404331511914,0.0
0.3409285069746811,1.0,3.16e-06,0.1,0.0,5.564979805438656,0.10190404331511914,0.0
0.3409285069746811,1.0,3.98e-06,0.1,0.0,5.564979805438656,0.10190404331511914,0.0
0.3409285069746811,1.0,5.01e-06,0.1,0.0,5.564979805438656,0.10190404331511914,0.0
0.3409285069746811,1.0,6.31e-06,0.1,0.0,5.564979805438656,0.10190404331511914,0.0
0.3409285069746811,1.0,7.94e-06,0.1,0.0,5.564979805438656,0.10190404331511914,0.0
0.3409285069746811,1.0,1e-05,0.1,0.0,5.564979805438656,0.10190404331511914,0.0
0.3409285069746811,1.0,1.26e-05,0.1,0.0,5.564979805438656,0.10190404331511914,0.0
0.3409285069746811,1.0,1.58e-05,0.1,0.0,5.564979805438656,0.10190404331511914,0.0
0.3409285069746811,1.0,2e-05,0.1,3.3333333333333335e-05,5.564979805438656,0.10190404331511914,22.25991922175463
0.3409285069746811,1.0,2.51e-05,0.1,3.3333333333333335e-05,5.564979805438656,0.10190404331511914,22.25991922175463
0.3409285069746811,1.0,3.16e-05,0.1,0.0,5.564979805438656,0.10190404331511914,0.0
0.3409285069746811,1.0,3.98e-05,0.1,3.3333333333333335e-05,5.564979805438656,0.10190404331511914,22.25991922175463
0.3409285069746811,1.0,5.01e-05,0.1,0.0,5.564979805438656,0.10190404331511914,0.0
0.3409285069746811,1.0,6.31e-05,0.1,6.666666666666667e-05,5.564979805438656,0.10190404331511914,44.51983844350926
0.3409285069746811,1.0,7.94e-05,0.1,0.00013333333333333334,5.564979805438656,0.10190404331511914,89.03967688701852
0.3409285069746811,1.0,0.0001,0.1,0.00013333333333333334,5.564979805438656,0.10190404331511914,89.03967688701852
0.3409285069746811,1.0,0.000126,0.1,0.00016666666666666666,5.564979805438656,0.10190404331511914,111.29959610877313
0.3409285069746811,1.0,0.000158,0.1,6.666666666666667e-05,5.564979805438656,0.10190404331511914,44.51983844350926
0.3409285069746811,1.0,0.0002,0.1,0.00016666666666666666,5.564979805438656,0.10190404331511914,111.29959610877313
0.3409285069746811,1.0,0.000251,0.1,0.0,5.564979805438656,0.10190404331511914,0.0
0.3409285069746811,1.0,0.000316,0.1,0.0,5.564979805438656,0.10190404331511914,0.0
0.3409285069746811,1.0,0.000398,0.1,0.0,5.564979805438656,0.10190404331511914,0.0
0.3409285069746811,1.0,0.000501,0.1,0.0,5.564979805438656,0.10190404331511914,0.0
0.3409285069746811,1.0,0.000631,0.1,0.0,5.564979805438656,0.10190404331511914,0.0
0.3409285069746811,1.0,0.000794,0.1,0.0,5.564979805438656,0.10190404331511914,0.0
0.3409285069746811,1.0,0.001,0.1,0.0,5.564979805438656,0.10190404331511914,0.0
0.3409285069746811,1.0,0.00126,0.1,0.0,5.564979805438656,0.10190404331511914,0.0
0.3409285069746811,1.0,0.00158,0.1,0.0,5.564979805438656,0.10190404331511914,0.0
0.3409285069746811,1.0,0.002,0.1,0.0,5.564979805438656,0.10190404331511914,0.0
0.3409285069746811,1.0,0.00251,0.1,0.0,5.564979805438656,0.10190404331511914,0.0
0.3409285069746811,1.0,0.00316,0.1,0.0,5.564979805438656,0.10190404331511914,0.0
0.3409285069746811,1.0,0.00398,0.1,0.0,5.564979805438656,0.10190404331511914,0.0
0.3409285069746811,1.0,0.00501,0.1,0.0,5.564979805438656,0.10190404331511914,0.0
0.3409285069746811,1.0,0.00631,0.1,0.0,5.564979805438656,0.10190404331511914,0.0
0.35707859649004625,1.0,1e-06,0.1,0.0,6.044959991815828,0.11069327946925157,0.0
0.35707859649004625,1.0,1.26e-06,0.1,0.0,6.044959991815828,0.11069327946925157,0.0
0.35707859649004625,1.0,1.58e-06,0.1,0.0,6.044959991815828,0.11069327946925157,0.0
0.35707859649004625,1.0,2e-06,0.1,0.0,6.044959991815828,0.11069327946925157,0.0
0.35707859649004625,1.0,2.51e-06,0.1,0.0,6.044959991815828,0.11069327946925157,0.0
0.35707859649004625,1.0,3.16e-06,0.1,0.0,6.044959991815828,0.11069327946925157,0.0
0.35707859649004625,1.0,3.98e-06,0.1,0.0,6.044959991815828,0.11069327946925157,0.0
0.35707859649004625,1.0,5.01e-06,0.1,0.0,6.044959991815828,0.11069327946925157,0.0
0.35707859649004625,1.0,6.31e-06,0.1,0.0,6.044959991815828,0.11069327946925157,0.0
0.35707859649004625,1.0,7.94e-06,0.1,0.0,6.044959991815828,0.11069327946925157,0.0
0.35707859649004625,1.0,1e-05,0.1,0.0,6.044959991815828,0.11069327946925157,0.0
0.35707859649004625,1.0,1.26e-05,0.1,0.0,6.044959991815828,0.11069327946925157,0.0
0.35707859649004625,1.0,1.58e-05,0.1,0.0,6.044959991815828,0.11069327946925157,0.0
0.35707859649004625,1.0,2e-05,0.1,3.3333333333333335e-05,6.044959991815828,0.11069327946925157,24.179839967263316
0.35707859649004625,1.0,2.51e-05,0.1,3.3333333333333335e-05,6.044959991815828,0.11069327946925157,24.179839967263316
0.35707859649004625,1.0,3.16e-05,0.1,0.0,6.044959991815828,0.11069327946925157,0.0
0.35707859649004625,1.0,3.98e-05,0.1,3.3333333333333335e-05,6.044959991815828,0.11069327946925157,24.179839967263316
0.35707859649004625,1.0,5.01e-05,0.1,0.0,6.044959991815828,0.11069327946925157,0.0
0.35707859649004625,1.0,6.31e-05,0.1,6.666666666666667e-05,6.044959991815828,0.11069327946925157,48.35967993452663
0.35707859649004625,1.0,7.94e-05,0.1,0.00013333333333333334,6.044959991815828,0.11069327946925157,96.71935986905326
0.35707859649004625,1.0,0.0001,0.1,0.00013333333333333334,6.044959991815828,0.11069327946925157,96.71935986905326
0.35707859649004625,1.0,0.000126,0.1,0.00016666666666666666,6.044959991815828,0.11069327946925157,120.89919983631655
0.35707859649004625,1.0,0.000158,0.1,6.666666666666667e-05,6.044959991815828,0.11069327946925157,48.35967993452663
0.35707859649004625,1.0,0.0002,0.1,0.00016666666666666666,6.044959991815828,0.11069327946925157,120.89919983631655
0.35707859649004625,1.0,0.000251,0.1,0.0,6.044959991815828,0.11069327946925157,0.0
0.35707859649004625,1.0,0.000316,0.1,0.0,6.044959991815828,0.11069327946925157,0.0
0.35707859649004625,1.0,0.000398,0.1,0.0,6.044959991815828,0.11069327946925157,0.0
0.35707859649004625,1.0,0.000501,0.1,0.0,6.044959991815828,0.11069327946925157,0.0
0.35707859649004625,1.0,0.000631,0.1,0.0,6.044959991815828,0.11069327946925157,0.0
0.35707859649004625,1.0,0.000794,0.1,0.0,6.044959991815828,0.11069327946925157,0.0
0.35707859649004625,1.0,0.001,0.1,0.0,6.044959991815828,0.11069327946925157,0.0
0.35707859649004625,1.0,0.00126,0.1,0.0,6.044959991815828,0.11069327946925157,0.0
0.35707859649004625,1.0,0.00158,0.1,0.0,6.044959991815828,0.11069327946925157,0.0
0.35707859649004625,1.0,0.002,0.1,0.0,6.044959991815828,0.11069327946925157,0.0
0.35707859649004625,1.0,0.00251,0.1,0.0,6.044959991815828,0.11069327946925157,0.0
0.35707859649004625,1.0,0.00316,0.1,0.0,6.044959991815828,0.11069327946925157,0.0
0.35707859649004625,1.0,0.00398,0.1,0.0,6.044959991815828,0.11069327946925157,0.0
0.35707859649004625,1.0,0.00501,0.1,0.0,6.044959991815828,0.11069327946925157,0.0
0.35707859649004625,1.0,0.00631,0.1,0.0,6.044959991815828,0.11069327946925157,0.0
0.3739937302478798,1.0,1e-06,0.1,0.0,6.560800629786553,0.12013918018287041,0.0
0.3739937302478798,1.0,1.26e-06,0.1,0.0,6.560800629786553,0.12013918018287041,0.0
0.3739937302478798,1.0,1.58e-06,0.1,0.0,6.560800629786553,0.12013918018287041,0.0
0.3739937302478798,1.0,2e-06,0.1,0.0,6.560800629786553,0.12013918018287041,0.0
0.3739937302478798,1.0,2.51e-06,0.1,0.0,6.560800629786553,0.12013918018287041,0.0
0.3739937302478798,1.0,3.16e-06,0.1,0.0,6.560800629786553,0.12013918018287041,0.0
0.3739937302478798,1.0,3.98e-06,0.1,0.0,6.560800629786553,0.12013918018287041,0.0
0.3739937302478798,1.0,5.01e-06,0.1,0.0,6.560800629786553,0.12013918018287041,0.0
0.3739937302478798,1.0,6.31e-06,0.1,0.0,6.560800629786553,0.12013918018287041,0.0
0.3739937302478798,1.0,7.94e-06,0.1,0.0,6.560800629786553,0.12013918018287041,0.0
0.3739937302478798,1.0,1e-05,0.1,0.0,6.560800629786553,0.12013918018287041,0.0
0.3739937302478798,1.0,1.26e-05,0.1,0.0,6.560800629786553,0.12013918018287041,0.0
0.3739937302478798,1.0,1.58e-05,0.1,0.0,6.560800629786553,0.12013918018287041,0.0
0.3739937302478798,1.0,2e-05,0.1,3.3333333333333335e-05,6.560800629786553,0.12013918018287041,26.24320251914622
0.3739937302478798,1.0,2.51e-05,0.1,3.3333333333333335e-05,6.560800629786553,0.12013918018287041,26.24320251914622
0.3739937302478798,1.0,3.16e-05,0.1,0.0,6.560800629786553,0.12013918018287041,0.0
0.3739937302478798,1.0,3.98e-05,0.1,3.3333333333333335e-05,6.560800629786553,0.12013918018287041,26.24320251914622
0.3739937302478798,1.0,5.01e-05,0.1,0.0,6.560800629786553,0.12013918018287041,0.0
0.3739937302478798,1.0,6.31e-05,0.1,6.666666666666667e-05,6.560800629786553,0.12013918018287041,52.48640503829244
0.3739937302478798,1.0,7.94e-05,0.1,0.00013333333333333334,6.560800629786553,0.12013918018287041,104.97281007658488
0.3739937302478798,1.0,0.0001,0.1,0.00013333333333333334,6.560800629786553,0.12013918018287041,104.97281007658488
0.3739937302478798,1.0,0.000126,0.1,0.00016666666666666666,6.560800629786553,0.12013918018287041,131.2160125957311
0.3739937302478798,1.0,0.000158,0.1,6.666666666666667e-05,6.560800629786553,0.12013918018287041,52.48640503829244
0.3739937302478798,1.0,0.0002,0.1,0.00016666666666666666,6.560800629786553,0.12013918018287041,131.2160125957311
0.3739937302478798,1.0,0.000251,0.1,0.0,6.560800629786553,0.12013918018287041,0.0
0.3739937302478798,1.0,0.000316,0.1,0.0,6.560800629786553,0.12013918018287041,0.0
0.3739937302478798,1.0,0.000398,0.1,0.0,6.560800629786553,0.12013918018287041,0.0
0.3739937302478798,1.0,0.000501,0.1,0.0,6.560800629786553,0.12013918018287041,0.0
0.3739937302478798,1.0,0.000631,0.1,0.0,6.560800629786553,0.12013918018287041,0.0
0.3739937302478798,1.0,0.000794,0.1,0.0,6.560800629786553,0.12013918018287041,0.0
0.3739937302478798,1.0,0.001,0.1,0.0,6.560800629786553,0.12013918018287041,0.0
0.3739937302478798,1.0,0.00126,0.1,0.0,6.560800629786553,0.12013918018287041,0.0
0.3739937302478798,1.0,0.00158,0.1,0.0,6.560800629786553,0.12013918018287041,0.0
0.3739937302478798,1.0,0.002,0.1,0.0,6.560800629786553,0.12013918018287041,0.0
0.3739937302478798,1.0,0.00251,0.1,0.0,6.560800629786553,0.12013918018287041,0.0
0.3739937302478798,1.0,0.00316,0.1,0.0,6.560800629786553,0.12013918018287041,0.0
0.3739937302478798,1.0,0.00398,0.1,0.0,6.560800629786553,0.12013918018287041,0.0
0.3739937302478798,1.0,0.00501,0.1,0.0,6.560800629786553,0.12013918018287041,0.0
0.3739937302478798,1.0,0.00631,0.1,0.0,6.560800629786553,0.12013918018287041,0.0
0.39171014908092605,1.0,1e-06,0.1,0.0,7.114211781760261,0.13027305954514304,0.0
0.39171014908092605,1.0,1.26e-06,0.1,0.0,7.114211781760261,0.13027305954514304,0.0
0.39171014908092605,1.0,1.58e-06,0.1,0.0,7.114211781760261,0.13027305954514304,0.0
0.39171014908092605,1.0,2e-06,0.1,0.0,7.114211781760261,0.13027305954514304,0.0
0.39171014908092605,1.0,2.51e-06,0.1,0.0,7.114211781760261,0.13027305954514304,0.0
0.39171014908092605,1.0,3.16e-06,0.1,0.0,7.114211781760261,0.13027305954514304,0.0
0.39171014908092605,1.0,3.98e-06,0.1,0.0,7.114211781760261,0.13027305954514304,0.0
0.39171014908092605,1.0,5.01e-06,0.1,0.0,7.114211781760261,0.13027305954514304,0.0
0.39171014908092605,1.0,6.31e-06,0.1,0.0,7.114211781760261,0.13027305954514304,0.0
0.39171014908092605,1.0,7.94e-06,0.1,0.0,7.114211781760261,0.13027305954514304,0.0
0.39171014908092605,1.0,1e-05,0.1,0.0,7.114211781760261,0.13027305954514304,0.0
0.39171014908092605,1.0,1.26e-05,0.1,0.0,7.114211781760261,0.13027305954514304,0.0
0.39171014908092605,1.0,1.58e-05,0.1,0.0,7.114211781760261,0.13027305954514304,0.0
0.39171014908092605,1.0,2e-05,0.1,3.3333333333333335e-05,7.114211781760261,0.13027305954514304,28.456847127041044
0.39171014908092605,1.0,2.51e-05,0.1,3.3333333333333335e-05,7.114211781760261,0.13027305954514304,28.456847127041044
0.39171014908092605,1.0,3.16e-05,0.1,0.0,7.114211781760261,0.13027305954514304,0.0
0.39171014908092605,1.0,3.98e-05,0.1,3.3333333333333335e-05,7.114211781760261,0.13027305954514304,28.456847127041044
0.39171014908092605,1.0,5.01e-05,0.1,0.0,7.114211781760261,0.13027305954514304,0.0
0.39171014908092605,1.0,6.31e-05,0.1,6.666666666666667e-05,7.114211781760261,0.13027305954514304,56.91369425408209
0.39171014908092605,1.0,7.94e-05,0.1,0.00013333333333333334,7.114211781760261,0.13027305954514304,113.82738850816418
0.39171014908092605,1.0,0.0001,0.1,0.00013333333333333334,7.114211781760261,0.13027305954514304,113.82738850816418
0.39171014908092605,1.0,0.000126,0.1,0.00016666666666666666,7.114211781760261,0.13027305954514304,142.28423563520522
0.39171014908092605,1.0,0.000158,0.1,6.666666666666667e-05,7.114211781760261,0.13027305954514304,56.91369425408209
0.39171014908092605,1.0,0.0002,0.1,0.00016666666666666666,7.114211781760261,0.13027305954514304,142.28423563520522
0.39171014908092605,1.0,0.000251,0.1,0.0,7.114211781760261,0.13027305954514304,0.0
0.39171014908092605,1.0,0.000316,0.1,0.0,7.114211781760261,0.13027305954514304,0.0
0.39171014908092605,1.0,0.000398,0.1,0.0,7.114211781760261,0.13027305954514304,0.0
0.39171014908092605,1.0,0.000501,0.1,0.0,7.114211781760261,0.13027305954514304,0.0
0.39171014908092605,1.0,0.000631,0.1,0.0,7.114211781760261,0.13027305954514304,0.0
0.39171014908092605,1.0,0.000794,0.1,0.0,7.114211781760261,0.13027305954514304,0.0
0.39171014908092605,1.0,0.001,0.1,0.0,7.114211781760261,0.13027305954514304,0.0
0.39171014908092605,1.0,0.00126,0.1,0.0,7.114211781760261,0.13027305954514304,0.0
0.39171014908092605,1.0,0.00158,0.1,0.0,7.114211781760261,0.13027305954514304,0.0
0.39171014908092605,1.0,0.002,0.1,0.0,7.114211781760261,0.13027305954514304,0.0
0.39171014908092605,1.0,0.00251,0.1,0.0,7.114211781760261,0.13027305954514304,0.0
0.39171014908092605,1.0,0.00316,0.1,0.0,7.114211781760261,0.13027305954514304,0.0
0.39171014908092605,1.0,0.00398,0.1,0.0,7.114211781760261,0.13027305954514304,0.0
0.39171014908092605,1.0,0.00501,0.1,0.0,7.114211781760261,0.13027305954514304,0.0
0.39171014908092605,1.0,0.00631,0.1,0.0,7.114211781760261,0.13027305954514304,0.0
0.41026581058271944,1.0,1e-06,0.1,0.0,7.706816462262156,0.1411246376535828,0.0
0.41026581058271944,1.0,1.26e-06,0.1,0.0,7.706816462262156,0.1411246376535828,0.0
0.41026581058271944,1.0,1.58e-06,0.1,0.0,7.706816462262156,0.1411246376535828,0.0
0.41026581058271944,1.0,2e-06,0.1,0.0,7.706816462262156,0.1411246376535828,0.0
0.41026581058271944,1.0,2.51e-06,0.1,0.0,7.706816462262156,0.1411246376535828,0.0
0.41026581058271944,1.0,3.16e-06,0.1,0.0,7.706816462262156,0.1411246376535828,0.0
0.41026581058271944,1.0,3.98e-06,0.1,0.0,7.706816462262156,0.1411246376535828,0.0
0.41026581058271944,1.0,5.01e-06,0.1,0.0,7.706816462262156,0.1411246376535828,0.0
0.41026581058271944,1.0,6.31e-06,0.1,0.0,7.706816462262156,0.1411246376535828,0.0
0.41026581058271944,1.0,7.94e-06,0.1,0.0,7.706816462262156,0.1411246376535828,0.0
0.41026581058271944,1.0,1e-05,0.1,0.0,7.706816462262156,0.1411246376535828,0.0
0.41026581058271944,1.0,1.26e-05,0.1,0.0,7.706816462262156,0.1411246376535828,0.0
0.41026581058271944,1.0,1.58e-05,0.1,0.0,7.706816462262156,0.1411246376535828,0.0
0.41026581058271944,1.0,2e-05,0.1,3.3333333333333335e-05,7.706816462262156,0.1411246376535828,30.82726584904863
0.41026581058271944,1.0,2.51e-05,0.1,3.3333333333333335e-05,7.706816462262156,0.1411246376535828,30.82726584904863
0.41026581058271944,1.0,3.16e-05,0.1,0.0,7.706816462262156,0.1411246376535828,0.0
0.41026581058271944,1.0,3.98e-05,0.1,3.3333333333333335e-05,7.706816462262156,0.1411246376535828,30.82726584904863
0.41026581058271944,1.0,5.01e-05,0.1,0.0,7.706816462262156,0.1411246376535828,0.0
0.41026581058271944,1.0,6.31e-05,0.1,6.666666666666667e-05,7.706816462262156,0.1411246376535828,61.65453169809726
0.41026581058271944,1.0,7.94e-05,0.1,0.00013333333333333334,7.706816462262156,0.1411246376535828,123.30906339619452
0.41026581058271944,1.0,0.0001,0.1,0.00013333333333333334,7.706816462262156,0.1411246376535828,123.30906339619452
0.41026581058271944,1.0,0.000126,0.1,0.00016666666666666666,7.706816462262156,0.1411246376535828,154.13632924524313
0.41026581058271944,1.0,0.000158,0.1,6.666666666666667e-05,7.706816462262156,0.1411246376535828,61.65453169809726
0.41026581058271944,1.0,0.0002,0.1,0.00016666666666666666,7.706816462262156,0.1411246376535828,154.13632924524313
0.41026581058271944,1.0,0.000251,0.1,0.0,7.706816462262156,0.1411246376535828,0.0
0.41026581058271944,1.0,0.000316,0.1,0.0,7.706816462262156,0.1411246376535828,0.0
0.41026581058271944,1.0,0.000398,0.1,0.0,7.706816462262156,0.1411246376535828,0.0
0.41026581058271944,1.0,0.000501,0.1,0.0,7.706816462262156,0.1411246376535828,0.0
0.41026581058271944,1.0,0.000631,0.1,0.0,7.706816462262156,0.1411246376535828,0.0
0.41026581058271944,1.0,0.000794,0.1,0.0,7.706816462262156,0.1411246376535828,0.0
0.41026581058271944,1.0,0.001,0.1,0.0,7.706816462262156,0.1411246376535828,0.0
0.41026581058271944,1.0,0.00126,0.1,0.0,7.706816462262156,0.1411246376535828,0.0
0.41026581058271944,1.0,0.00158,0.1,0.0,7.706816462262156,0.1411246376535828,0.0
0.41026581058271944,1.0,0.002,0.1,0.0,7.706816462262156,0.1411246376535828,0.0
0.41026581058271944,1.0,0.00251,0.1,0.0,7.706816462262156,0.1411246376535828,0.0
0.41026581058271944,1.0,0.00316,0.1,0.0,7.706816462262156,0.1411246376535828,0.0
0.41026581058271944,1.0,0.00398,0.1,0.0,7.706816462262156,0.1411246376535828,0.0
0.41026581058271944,1.0,0.00501,0.1,0.0,7.706816462262156,0.1411246376535828,0.0
0.41026581058271944,1.0,0.00631,0.1,0.0,7.706816462262156,0.1411246376535828,0.0
0.4297004704320839,1.0,1e-06,0.1,0.0,8.34011632020047,0.15272141219923954,0.0
0.4297004704320839,1.0,1.26e-06,0.1,0.0,8.34011632020047,0.15272141219923954,0.0
0.4297004704320839,1.0,1.58e-06,0.1,0.0,8.34011632020047,0.15272141219923954,0.0
0.4297004704320839,1.0,2e-06,0.1,0.0,8.34011632020047,0.15272141219923954,0.0
0.4297004704320839,1.0,2.51e-06,0.1,0.0,8.34011632020047,0.15272141219923954,0.0
0.4297004704320839,1.0,3.16e-06,0.1,0.0,8.34011632020047,0.15272141219923954,0.0
0.4297004704320839,1.0,3.98e-06,0.1,0.0,8.34011632020047,0.15272141219923954,0.0
0.4297004704320839,1.0,5.01e-06,0.1,0.0,8.34011632020047,0.15272141219923954,0.0
0.4297004704320839,1.0,6.31e-06,0.1,0.0,8.34011632020047,0.15272141219923954,0.0
0.4297004704320839,1.0,7.94e-06,0.1,0.0,8.34011632020047,0.15272141219923954,0.0
0.4297004704320839,1.0,1e-05,0.1,0.0,8.34011632020047,0.15272141219923954,0.0
0.4297004704320839,1.0,1.26e-05,0.1,0.0,8.34011632020047,0.15272141219923954,0.0
0.4297004704320839,1.0,1.58e-05,0.1,0.0,8.34011632020047,0.15272141219923954,0.0
0.4297004704320839,1.0,2e-05,0.1,3.3333333333333335e-05,8.34011632020047,0.15272141219923954,33.36046528080188
0.4297004704320839,1.0,2.51e-05,0.1,3.3333333333333335e-05,8.34011632020047,0.15272141219923954,33.36046528080188
0.4297004704320839,1.0,3.16e-05,0.1,0.0,8.34011632020047,0.15272141219923954,0.0
0.4297004704320839,1.0,3.98e-05,0.1,3.3333333333333335e-05,8.34011632020047,0.15272141219923954,33.36046528080188
0.4297004704320839,1.0,5.01e-05,0.1,0.0,8.34011632020047,0.15272141219923954,0.0
0.4297004704320839,1.0,6.31e-05,0.1,6.666666666666667e-05,8.34011632020047,0.15272141219923954,66.72093056160377
0.4297004704320839,1.0,7.94e-05,0.1,0.00013333333333333334,8.34011632020047,0.15272141219923954,133.44186112320753
0.4297004704320839,1.0,0.0001,0.1,0.00013333333333333334,8.34011632020047,0.15272141219923954,133.44186112320753
0.4297004704320839,1.0,0.000126,0.1,0.00016666666666666666,8.34011632020047,0.15272141219923954,166.80232640400942
0.4297004704320839,1.0,0.000158,0.1,6.666666666666667e-05,8.34011632020047,0.15272141219923954,66.72093056160377
0.4297004704320839,1.0,0.0002,0.1,0.00016666666666666666,8.34011632020047,0.15272141219923954,166.80232640400942
0.4297004704320839,1.0,0.000251,0.1,0.0,8.34011632020047,0.15272141219923954,0.0
0.4297004704320839,1.0,0.000316,0.1,0.0,8.34011632020047,0.15272141219923954,0.0
0.4297004704320839,1.0,0.000398,0.1,0.0,8.34011632020047,0.15272141219923954,0.0
0.4297004704320839,1.0,0.000501,0.1,0.0,8.34011632020047,0.15272141219923954,0.0
0.4297004704320839,1.0,0.000631,0.1,0.0,8.34011632020047,0.15272141219923954,0.0
0.4297004704320839,1.0,0.000794,0.1,0.0,8.34011632020047,0.15272141219923954,0.0
0.4297004704320839,1.0,0.001,0.1,0.0,8.34011632020047,0.15272141219923954,0.0
0.4297004704320839,1.0,0.00126,0.1,0.0,8.34011632020047,0.15272141219923954,0.0
0.4297004704320839,1.0,0.00158,0.1,0.0,8.34011632020047,0.15272141219923954,0.0
0.4297004704320839,1.0,0.002,0.1,0.0,8.34011632020047,0.15272141219923954,0.0
0.4297004704320839,1.0,0.00251,0.1,0.0,8.34011632020047,0.15272141219923954,0.0
0.4297004704320839,1.0,0.00316,0.1,0.0,8.34011632020047,0.15272141219923954,0.0
0.4297004704320839,1.0,0.00398,0.1,0.0,8.34011632020047,0.15272141219923954,0.0
0.4297004704320839,1.0,0.00501,0.1,0.0,8.34011632020047,0.15272141219923954,0.0
0.4297004704320839,1.0,0.00631,0.1,0.0,8.34011632020047,0.15272141219923954,0.0
0.4500557675700497,1.0,1e-06,0.1,0.0,9.015453982452662,0.16508796891508262,0.0
0.4500557675700497,1.0,1.26e-06,0.1,0.0,9.015453982452662,0.16508796891508262,0.0
0.4500557675700497,1.0,1.58e-06,0.1,0.0,9.015453982452662,0.16508796891508262,0.0
0.4500557675700497,1.0,2e-06,0.1,0.0,9.015453982452662,0.16508796891508262,0.0
0.4500557675700497,1.0,2.51e-06,0.1,0.0,9.015453982452662,0.16508796891508262,0.0
0.4500557675700497,1.0,3.16e-06,0.1,0.0,9.015453982452662,0.16508796891508262,0.0
0.4500557675700497,1.0,3.98e-06,0.1,0.0,9.015453982452662,0.16508796891508262,0.0
0.4500557675700497,1.0,5.01e-06,0.1,0.0,9.015453982452662,0.16508796891508262,0.0
0.4500557675700497,1.0,6.31e-06,0.1,0.0,9.015453982452662,0.16508796891508262,0.0
0.4500557675700497,1.0,7.94e-06,0.1,0.0,9.015453982452662,0.16508796891508262,0.0
0.4500557675700497,1.0,1e-05,0.1,0.0,9.015453982452662,0.16508796891508262,0.0
0.4500557675700497,1.0,1.26e-05,0.1,0.0,9.015453982452662,0.16508796891508262,0.0
0.4500557675700497,1.0,1.58e-05,0.1,0.0,9.015453982452662,0.16508796891508262,0.0
0.4500557675700497,1.0,2e-05,0.1,3.3333333333333335e-05,9.015453982452662,0.16508796891508262,36.061815929810656
0.4500557675700497,1.0,2.51e-05,0.1,3.3333333333333335e-05,9.015453982452662,0.16508796891508262,36.061815929810656
0.4500557675700497,1.0,3.16e-05,0.1,0.0,9.015453982452662,0.16508796891508262,0.0
0.4500557675700497,1.0,3.98e-05,0.1,3.3333333333333335e-05,9.015453982452662,0.16508796891508262,36.061815929810656
0.4500557675700497,1.0,5.01e-05,0.1,0.0,9.015453982452662,0.16508796891508262,0.0
0.4500557675700497,1.0,6.31e-05,0.1,6.666666666666667e-05,9.015453982452662,0.16508796891508262,72.12363185962131
0.4500557675700497,1.0,7.94e-05,0.1,0.00013333333333333334,9.015453982452662,0.16508796891508262,144.24726371924262
0.4500557675700497,1.0,0.0001,0.1,0.00013333333333333334,9.015453982452662,0.16508796891508262,144.24726371924262
0.4500557675700497,1.0,0.000126,0.1,0.00016666666666666666,9.015453982452662,0.16508796891508262,180.30907964905327
0.4500557675700497,1.0,0.000158,0.1,6.666666666666667e-05,9.015453982452662,0.16508796891508262,72.12363185962131
0.4500557675700497,1.0,0.0002,0.1,0.00016666666666666666,9.015453982452662,0.16508796891508262,180.30907964905327
0.4500557675700497,1.0,0.000251,0.1,0.0,9.015453982452662,0.16508796891508262,0.0
0.4500557675700497,1.0,0.000316,0.1,0.0,9.015453982452662,0.16508796891508262,0.0
0.4500557675700497,1.0,0.000398,0.1,0.0,9.015453982452662,0.16508796891508262,0.0
0.4500557675700497,1.0,0.000501,0.1,0.0,9.015453982452662,0.16508796891508262,0.0
0.4500557675700497,1.0,0.000631,0.1,0.0,9.015453982452662,0.16508796891508262,0.0
0.4500557675700497,1.0,0.000794,0.1,0.0,9.015453982452662,0.16508796891508262,0.0
0.4500557675700497,1.0,0.001,0.1,0.0,9.015453982452662,0.16508796891508262,0.0
0.4500557675700497,1.0,0.00126,0.1,0.0,9.015453982452662,0.16508796891508262,0.0
0.4500557675700497,1.0,0.00158,0.1,0.0,9.015453982452662,0.16508796891508262,0.0
0.4500557675700497,1.0,0.002,0.1,0.0,9.015453982452662,0.16508796891508262,0.0
0.4500557675700497,1.0,0.00251,0.1,0.0,9.015453982452662,0.16508796891508262,0.0
0.4500557675700497,1.0,0.00316,0.1,0.0,9.015453982452662,0.16508796891508262,0.0
0.4500557675700497,1.0,0.00398,0.1,0.0,9.015453982452662,0.16508796891508262,0.0
0.4500557675700497,1.0,0.00501,0.1,0.0,9.015453982452662,0.16508796891508262,0.0
0.4500557675700497,1.0,0.00631,0.1,0.0,9.015453982452662,0.16508796891508262,0.0
0.4713753134116724,1.0,1e-06,0.1,0.0,9.733972512642657,0.1782452391987302,0.0
0.4713753134116724,1.0,1.26e-06,0.1,0.0,9.733972512642657,0.1782452391987302,0.0
0.4713753134116724,1.0,1.58e-06,0.1,0.0,9.733972512642657,0.1782452391987302,0.0
0.4713753134116724,1.0,2e-06,0.1,0.0,9.733972512642657,0.1782452391987302,0.0
0.4713753134116724,1.0,2.51e-06,0.1,0.0,9.733972512642657,0.1782452391987302,0.0
0.4713753134116724,1.0,3.16e-06,0.1,0.0,9.733972512642657,0.1782452391987302,0.0
0.4713753134116724,1.0,3.98e-06,0.1,0.0,9.733972512642657,0.1782452391987302,0.0
0.4713753134116724,1.0,5.01e-06,0.1,0.0,9.733972512642657,0.1782452391987302,0.0
0.4713753134116724,1.0,6.31e-06,0.1,0.0,9.733972512642657,0.1782452391987302,0.0
0.4713753134116724,1.0,7.94e-06,0.1,0.0,9.733972512642657,0.1782452391987302,0.0
0.4713753134116724,1.0,1e-05,0.1,0.0,9.733972512642657,0.1782452391987302,0.0
0.4713753134116724,1.0,1.26e-05,0.1,0.0,9.733972512642657,0.1782452391987302,0.0
0.4713753134116724,1.0,1.58e-05,0.1,0.0,9.733972512642657,0.1782452391987302,0.0
0.4713753134116724,1.0,2e-05,0.1,3.3333333333333335e-05,9.733972512642657,0.1782452391987302,38.935890050570634
0.4713753134116724,1.0,2.51e-05,0.1,3.3333333333333335e-05,9.733972512642657,0.1782452391987302,38.935890050570634
0.4713753134116724,1.0,3.16e-05,0.1,0.0,9.733972512642657,0.1782452391987302,0.0
0.4713753134116724,1.0,3.98e-05,0.1,3.3333333333333335e-05,9.733972512642657,0.1782452391987302,38.935890050570634
0.4713753134116724,1.0,5.01e-05,0.1,0.0,9.733972512642657,0.1782452391987302,0.0
0.4713753134116724,1.0,6.31e-05,0.1,6.666666666666667e-05,9.733972512642657,0.1782452391987302,77.87178010114127
0.4713753134116724,1.0,7.94e-05,0.1,0.00013333333333333334,9.733972512642657,0.1782452391987302,155.74356020228254
0.4713753134116724,1.0,0.0001,0.1,0.00013333333333333334,9.733972512642657,0.1782452391987302,155.74356020228254
0.4713753134116724,1.0,0.000126,0.1,0.00016666666666666666,9.733972512642657,0.1782452391987302,194.67945025285314
0.4713753134116724,1.0,0.000158,0.1,6.666666666666667e-05,9.733972512642657,0.1782452391987302,77.87178010114127
0.4713753134116724,1.0,0.0002,0.1,0.00016666666666666666,9.733972512642657,0.1782452391987302,194.67945025285314
0.4713753134116724,1.0,0.000251,0.1,0.0,9.733972512642657,0.1782452391987302,0.0
0.4713753134116724,1.0,0.000316,0.1,0.0,9.733972512642657,0.1782452391987302,0.0
0.4713753134116724,1.0,0.000398,0.1,0.0,9.733972512642657,0.1782452391987302,0.0
0.4713753134116724,1.0,0.000501,0.1,0.0,9.733972512642657,0.1782452391987302,0.0
0.4713753134116724,1.0,0.000631,0.1,0.0,9.733972512642657,0.1782452391987302,0.0
0.4713753134116724,1.0,0.000794,0.1,0.0,9.733972512642657,0.1782452391987302,0.0
0.4713753134116724,1.0,0.001,0.1,0.0,9.733972512642657,0.1782452391987302,0.0
0.4713753134116724,1.0,0.00126,0.1,0.0,9.733972512642657,0.1782452391987302,0.0
0.4713753134116724,1.0,0.00158,0.1,0.0,9.733972512642657,0.1782452391987302,0.0
0.4713753134116724,1.0,0.002,0.1,0.0,9.733972512642657,0.1782452391987302,0.0
0.4713753134116724,1.0,0.00251,0.1,0.0,9.733972512642657,0.1782452391987302,0.0
0.4713753134116724,1.0,0.00316,0.1,0.0,9.733972512642657,0.1782452391987302,0.0
0.4713753134116724,1.0,0.00398,0.1,0.0,9.733972512642657,0.1782452391987302,0.0
0.4713753134116724,1.0,0.00501,0.1,0.0,9.733972512642657,0.1782452391987302,0.0
0.4713753134116724,1.0,0.00631,0.1,0.0,9.733972512642657,0.1782452391987302,0.0
0.4937047852839004,1.0,1e-06,0.1,0.0,10.496572656988254,0.19220971721274957,0.0
0.4937047852839004,1.0,1.26e-06,0.1,0.0,10.496572656988254,0.19220971721274957,0.0
0.4937047852839004,1.0,1.58e-06,0.1,0.0,10.496572656988254,0.19220971721274957,0.0
0.4937047852839004,1.0,2e-06,0.1,0.0,10.496572656988254,0.19220971721274957,0.0
0.4937047852839004,1.0,2.51e-06,0.1,0.0,10.496572656988254,0.19220971721274957,0.0
0.4937047852839004,1.0,3.16e-06,0.1,0.0,10.496572656988254,0.19220971721274957,0.0
0.4937047852839004,1.0,3.98e-06,0.1,0.0,10.496572656988254,0.19220971721274957,0.0
0.4937047852839004,1.0,5.01e-06,0.1,0.0,10.496572656988254,0.19220971721274957,0.0
0.4937047852839004,1.0,6.31e-06,0.1,0.0,10.496572656988254,0.19220971721274957,0.0
0.4937047852839004,1.0,7.94e-06,0.1,0.0,10.496572656988254,0.19220971721274957,0.0
0.4937047852839004,1.0,1e-05,0.1,0.0,10.496572656988254,0.19220971721274957,0.0
0.4937047852839004,1.0,1.26e-05,0.1,0.0,10.496572656988254,0.19220971721274957,0.0
0.4937047852839004,1.0,1.58e-05,0.1,0.0,10.496572656988254,0.19220971721274957,0.0
0.4937047852839004,1.0,2e-05,0.1,3.3333333333333335e-05,10.496572656988254,0.19220971721274957,41.986290627953025
0.4937047852839004,1.0,2.51e-05,0.1,3.3333333333333335e-05,10.496572656988254,0.19220971721274957,41.986290627953025
0.4937047852839004,1.0,3.16e-05,0.1,0.0,10.496572656988254,0.19220971721274957,0.0
0.4937047852839004,1.0,3.98e-05,0.1,3.3333333333333335e-05,10.496572656988254,0.19220971721274957,41.986290627953025
0.4937047852839004,1.0,5.01e-05,0.1,0.0,10.496572656988254,0.19220971721274957,0.0
0.4937047852839004,1.0,6.31e-05,0.1,6.666666666666667e-05,10.496572656988254,0.19220971721274957,83.97258125590605
0.4937047852839004,1.0,7.94e-05,0.1,0.00013333333333333334,10.496572656988254,0.19220971721274957,167.9451625118121
0.4937047852839004,1.0,0.0001,0.1,0.00013333333333333334,10.496572656988254,0.19220971721274957,167.9451625118121
0.4937047852839004,1.0,0.000126,0.1,0.00016666666666666666,10.496572656988254,0.19220971721274957,209.93145313976513
0.4937047852839004,1.0,0.000158,0.1,6.666666666666667e-05,10.496572656988254,0.19220971721274957,83.97258125590605
0.4937047852839004,1.0,0.0002,0.1,0.00016666666666666666,10.496572656988254,0.19220971721274957,209.93145313976513
0.4937047852839004,1.0,0.000251,0.1,0.0,10.496572656988254,0.19220971721274957,0.0
0.4937047852839004,1.0,0.000316,0.1,0.0,10.496572656988254,0.19220971721274957,0.0
0.4937047852839004,1.0,0.000398,0.1,0.0,10.496572656988254,0.19220971721274957,0.0
0.4937047852839004,1.0,0.000501,0.1,0.0,10.496572656988254,0.19220971721274957,0.0
0.4937047852839004,1.0,0.000631,0.1,0.0,10.496572656988254,0.19220971721274957,0.0
0.4937047852839004,1.0,0.000794,0.1,0.0,10.496572656988254,0.19220971721274957,0.0
0.4937047852839004,1.0,0.001,0.1,0.0,10.496572656988254,0.19220971721274957,0.0
0.4937047852839004,1.0,0.00126,0.1,0.0,10.496572656988254,0.19220971721274957,0.0
0.4937047852839004,1.0,0.00158,0.1,0.0,10.496572656988254,0.19220971721274957,0.0
0.4937047852839004,1.0,0.002,0.1,0.0,10.496572656988254,0.19220971721274957,0.0
0.4937047852839004,1.0,0.00251,0.1,0.0,10.496572656988254,0.19220971721274957,0.0
0.4937047852839004,1.0,0.00316,0.1,0.0,10.496572656988254,0.19220971721274957,0.0
0.4937047852839004,1.0,0.00398,0.1,0.0,10.496572656988254,0.19220971721274957,0.0
0.4937047852839004,1.0,0.00501,0.1,0.0,10.496572656988254,0.19220971721274957,0.0
0.4937047852839004,1.0,0.00631,0.1,0.0,10.496572656988254,0.19220971721274957,0.0
0.517092024289676,1.0,1e-06,0.1,0.0,11.303868786356437,0.20699265311035409,0.0
0.517092024289676,1.0,1.26e-06,0.1,0.0,11.303868786356437,0.20699265311035409,0.0
0.517092024289676,1.0,1.58e-06,0.1,0.0,11.303868786356437,0.20699265311035409,0.0
0.517092024289676,1.0,2e-06,0.1,0.0,11.303868786356437,0.20699265311035409,0.0
0.517092024289676,1.0,2.51e-06,0.1,0.0,11.303868786356437,0.20699265311035409,0.0
0.517092024289676,1.0,3.16e-06,0.1,0.0,11.303868786356437,0.20699265311035409,0.0
0.517092024289676,1.0,3.98e-06,0.1,0.0,11.303868786356437,0.20699265311035409,0.0
0.517092024289676,1.0,5.01e-06,0.1,0.0,11.303868786356437,0.20699265311035409,0.0
0.517092024289676,1.0,6.31e-06,0.1,0.0,11.303868786356437,0.20699265311035409,0.0
0.517092024289676,1.0,7.94e-06,0.1,0.0,11.303868786356437,0.20699265311035409,0.0
0.517092024289676,1.0,1e-05,0.1,0.0,11.303868786356437,0.20699265311035409,0.0
0.517092024289676,1.0,1.26e-05,0.1,0.0,11.303868786356437,0.20699265311035409,0.0
0.517092024289676,1.0,1.58e-05,0.1,0.0,11.303868786356437,0.20699265311035409,0.0
0.517092024289676,1.0,2e-05,0.1,3.3333333333333335e-05,11.303868786356437,0.20699265311035409,45.215475145425756
0.517092024289676,1.0,2.51e-05,0.1,3.3333333333333335e-05,11.303868786356437,0.20699265311035409,45.215475145425756
0.517092024289676,1.0,3.16e-05,0.1,0.0,11.303868786356437,0.20699265311035409,0.0
0.517092024289676,1.0,3.98e-05,0.1,3.3333333333333335e-05,11.303868786356437,0.20699265311035409,45.215475145425756
0.517092024289676,1.0,5.01e-05,0.1,0.0,11.303868786356437,0.20699265311035409,0.0
0.517092024289676,1.0,6.31e-05,0.1,6.666666666666667e-05,11.303868786356437,0.20699265311035409,90.43095029085151
0.517092024289676,1.0,7.94e-05,0.1,0.00013333333333333334,11.303868786356437,0.20699265311035409,180.86190058170303
0.517092024289676,1.0,0.0001,0.1,0.00013333333333333334,11.303868786356437,0.20699265311035409,180.86190058170303
0.517092024289676,1.0,0.000126,0.1,0.00016666666666666666,11.303868786356437,0.20699265311035409,226.07737572712873
0.517092024289676,1.0,0.000158,0.1,6.666666666666667e-05,11.303868786356437,0.20699265311035409,90.43095029085151
0.517092024289676,1.0,0.0002,0.1,0.00016666666666666666,11.303868786356437,0.20699265311035409,226.07737572712873
0.517092024289676,1.0,0.000251,0.1,0.0,11.303868786356437,0.20699265311035409,0.0
0.517092024289676,1.0,0.000316,0.1,0.0,11.303868786356437,0.20699265311035409,0.0
0.517092024289676,1.0,0.000398,0.1,0.0,11.303868786356437,0.20699265311035409,0.0
0.517092024289676,1.0,0.000501,0.1,0.0,11.303868786356437,0.20699265311035409,0.0
0.517092024289676,1.0,0.000631,0.1,0.0,11.303868786356437,0.20699265311035409,0.0
0.517092024289676,1.0,0.000794,0.1,0.0,11.303868786356437,0.20699265311035409,0.0
0.517092024289676,1.0,0.001,0.1,0.0,11.303868786356437,0.20699265311035409,0.0
0.517092024289676,1.0,0.00126,0.1,0.0,11.303868786356437,0.20699265311035409,0.0
0.517092024289676,1.0,0.00158,0.1,0.0,11.303868786356437,0.20699265311035409,0.0
0.517092024289676,1.0,0.002,0.1,0.0,11.303868786356437,0.20699265311035409,0.0
0.517092024289676,1.0,0.00251,0.1,0.0,11.303868786356437,0.20699265311035409,0.0
0.517092024289676,1.0,0.00316,0.1,0.0,11.303868786356437,0.20699265311035409,0.0
0.517092024289676,1.0,0.00398,0.1,0.0,11.303868786356437,0.20699265311035409,0.0
0.517092024289676,1.0,0.00501,0.1,0.0,11.303868786356437,0.20699265311035409,0.0
0.517092024289676,1.0,0.00631,0.1,0.0,11.303868786356437,0.20699265311035409,0.0
0.5415871378079471,1.0,1e-06,0.1,0.0,12.15614468951381,0.22259924353623534,0.0
0.5415871378079471,1.0,1.26e-06,0.1,0.0,12.15614468951381,0.22259924353623534,0.0
0.5415871378079471,1.0,1.58e-06,0.1,0.0,12.15614468951381,0.22259924353623534,0.0
0.5415871378079471,1.0,2e-06,0.1,0.0,12.15614468951381,0.22259924353623534,0.0
0.5415871378079471,1.0,2.51e-06,0.1,0.0,12.15614468951381,0.22259924353623534,0.0
0.5415871378079471,1.0,3.16e-06,0.1,0.0,12.15614468951381,0.22259924353623534,0.0
0.5415871378079471,1.0,3.98e-06,0.1,0.0,12.15614468951381,0.22259924353623534,0.0
0.5415871378079471,1.0,5.01e-06,0.1,0.0,12.15614468951381,0.22259924353623534,0.0
0.5415871378079471,1.0,6.31e-06,0.1,0.0,12.15614468951381,0.22259924353623534,0.0
0.5415871378079471,1.0,7.94e-06,0.1,0.0,12.15614468951381,0.22259924353623534,0.0
0.5415871378079471,1.0,1e-05,0.1,0.0,12.15614468951381,0.22259924353623534,0.0
0.5415871378079471,1.0,1.26e-05,0.1,0.0,12.15614468951381,0.22259924353623534,0.0
0.5415871378079471,1.0,1.58e-05,0.1,0.0,12.15614468951381,0.22259924353623534,0.0
0.5415871378079471,1.0,2e-05,0.1,3.3333333333333335e-05,12.15614468951381,0.22259924353623534,48.62457875805525
0.5415871378079471,1.0,2.51e-05,0.1,3.3333333333333335e-05,12.15614468951381,0.22259924353623534,48.62457875805525
0.5415871378079471,1.0,3.16e-05,0.1,0.0,12.15614468951381,0.22259924353623534,0.0
0.5415871378079471,1.0,3.98e-05,0.1,3.3333333333333335e-05,12.15614468951381,0.22259924353623534,48.62457875805525
0.5415871378079471,1.0,5.01e-05,0.1,0.0,12.15614468951381,0.22259924353623534,0.0
0.5415871378079471,1.0,6.31e-05,0.1,6.666666666666667e-05,12.15614468951381,0.22259924353623534,97.2491575161105
0.5415871378079471,1.0,7.94e-05,0.1,0.00013333333333333334,12.15614468951381,0.22259924353623534,194.498315032221
0.5415871378079471,1.0,0.0001,0.1,0.00013333333333333334,12.15614468951381,0.22259924353623534,194.498315032221
0.5415871378079471,1.0,0.000126,0.1,0.00016666666666666666,12.15614468951381,0.22259924353623534,243.1228937902762
0.5415871378079471,1.0,0.000158,0.1,6.666666666666667e-05,12.15614468951381,0.22259924353623534,97.2491575161105
0.5415871378079471,1.0,0.0002,0.1,0.00016666666666666666,12.15614468951381,0.22259924353623534,243.1228937902762
0.5415871378079471,1.0,0.000251,0.1,0.0,12.15614468951381,0.22259924353623534,0.0
0.5415871378079471,1.0,0.000316,0.1,0.0,12.15614468951381,0.22259924353623534,0.0
0.5415871378079471,1.0,0.000398,0.1,0.0,12.15614468951381,0.22259924353623534,0.0
0.5415871378079471,1.0,0.000501,0.1,0.0,12.15614468951381,0.22259924353623534,0.0
0.5415871378079471,1.0,0.000631,0.1,0.0,12.15614468951381,0.22259924353623534,0.0
0.5415871378079471,1.0,0.000794,0.1,0.0,12.15614468951381,0.22259924353623534,0.0
0.5415871378079471,1.0,0.001,0.1,0.0,12.15614468951381,0.22259924353623534,0.0
0.5415871378079471,1.0,0.00126,0.1,0.0,12.15614468951381,0.22259924353623534,0.0
0.5415871378079471,1.0,0.00158,0.1,0.0,12.15614468951381,0.22259924353623534,0.0
0.5415871378079471,1.0,0.002,0.1,0.0,12.15614468951381,0.22259924353623534,0.0
0.5415871378079471,1.0,0.00251,0.1,0.0,12.15614468951381,0.22259924353623534,0.0
0.5415871378079471,1.0,0.00316,0.1,0.0,12.15614468951381,0.22259924353623534,0.0
0.5415871378079471,1.0,0.00398,0.1,0.0,12.15614468951381,0.22259924353623534,0.0
0.5415871378079471,1.0,0.00501,0.1,0.0,12.15614468951381,0.22259924353623534,0.0
0.5415871378079471,1.0,0.00631,0.1,0.0,12.15614468951381,0.22259924353623534,0.0
0.5672426068491978,1.0,1e-06,0.1,0.0,13.053310612383815,0.23902784494385304,0.0
0.5672426068491978,1.0,1.26e-06,0.1,0.0,13.053310612383815,0.23902784494385304,0.0
0.5672426068491978,1.0,1.58e-06,0.1,0.0,13.053310612383815,0.23902784494385304,0.0
0.5672426068491978,1.0,2e-06,0.1,0.0,13.053310612383815,0.23902784494385304,0.0
0.5672426068491978,1.0,2.51e-06,0.1,0.0,13.053310612383815,0.23902784494385304,0.0
0.5672426068491978,1.0,3.16e-06,0.1,0.0,13.053310612383815,0.23902784494385304,0.0
0.5672426068491978,1.0,3.98e-06,0.1,0.0,13.053310612383815,0.23902784494385304,0.0
0.5672426068491978,1.0,5.01e-06,0.1,0.0,13.053310612383815,0.23902784494385304,0.0
0.5672426068491978,1.0,6.31e-06,0.1,0.0,13.053310612383815,0.23902784494385304,0.0
0.5672426068491978,1.0,7.94e-06,0.1,0.0,13.053310612383815,0.23902784494385304,0.0
0.5672426068491978,1.0,1e-05,0.1,0.0,13.053310612383815,0.23902784494385304,0.0
0.5672426068491978,1.0,1.26e-05,0.1,0.0,13.053310612383815,0.23902784494385304,0.0
0.5672426068491978,1.0,1.58e-05,0.1,0.0,13.053310612383815,0.23902784494385304,0.0
0.5672426068491978,1.0,2e-05,0.1,3.3333333333333335e-05,13.053310612383815,0.23902784494385304,52.21324244953527
0.5672426068491978,1.0,2.51e-05,0.1,3.3333333333333335e-05,13.053310612383815,0.23902784494385304,52.21324244953527
0.5672426068491978,1.0,3.16e-05,0.1,0.0,13.053310612383815,0.23902784494385304,0.0
0.5672426068491978,1.0,3.98e-05,0.1,3.3333333333333335e-05,13.053310612383815,0.23902784494385304,52.21324244953527
0.5672426068491978,1.0,5.01e-05,0.1,0.0,13.053310612383815,0.23902784494385304,0.0
0.5672426068491978,1.0,6.31e-05,0.1,6.666666666666667e-05,13.053310612383815,0.23902784494385304,104.42648489907054
0.5672426068491978,1.0,7.94e-05,0.1,0.00013333333333333334,13.053310612383815,0.23902784494385304,208.8529697981411
0.5672426068491978,1.0,0.0001,0.1,0.00013333333333333334,13.053310612383815,0.23902784494385304,208.8529697981411
0.5672426068491978,1.0,0.000126,0.1,0.00016666666666666666,13.053310612383815,0.23902784494385304,261.06621224767633
0.5672426068491978,1.0,0.000158,0.1,6.666666666666667e-05,13.053310612383815,0.23902784494385304,104.42648489907054
0.5672426068491978,1.0,0.0002,0.1,0.00016666666666666666,13.053310612383815,0.23902784494385304,261.06621224767633
0.5672426068491978,1.0,0.000251,0.1,0.0,13.053310612383815,0.23902784494385304,0.0
0.5672426068491978,1.0,0.000316,0.1,0.0,13.053310612383815,0.23902784494385304,0.0
0.5672426068491978,1.0,0.000398,0.1,0.0,13.053310612383815,0.23902784494385304,0.0
0.5672426068491978,1.0,0.000501,0.1,0.0,13.053310612383815,0.23902784494385304,0.0
0.5672426068491978,1.0,0.000631,0.1,0.0,13.053310612383815,0.23902784494385304,0.0
0.5672426068491978,1.0,0.000794,0.1,0.0,13.053310612383815,0.23902784494385304,0.0
0.5672426068491978,1.0,0.001,0.1,0.0,13.053310612383815,0.23902784494385304,0.0
0.5672426068491978,1.0,0.00126,0.1,0.0,13.053310612383815,0.23902784494385304,0.0
0.5672426068491978,1.0,0.00158,0.1,0.0,13.053310612383815,0.23902784494385304,0.0
0.5672426068491978,1.0,0.002,0.1,0.0,13.053310612383815,0.23902784494385304,0.0
0.5672426068491978,1.0,0.00251,0.1,0.0,13.053310612383815,0.23902784494385304,0.0
0.5672426068491978,1.0,0.00316,0.1,0.0,13.053310612383815,0.23902784494385304,0.0
0.5672426068491978,1.0,0.00398,0.1,0.0,13.053310612383815,0.23902784494385304,0.0
0.5672426068491978,1.0,0.00501,0.1,0.0,13.053310612383815,0.23902784494385304,0.0
0.5672426068491978,1.0,0.00631,0.1,0.0,13.053310612383815,0.23902784494385304,0.0
0.5941133984965034,1.0,1e-06,0.1,0.0,13.994863153564978,0.25626923921561945,0.0
0.5941133984965034,1.0,1.26e-06,0.1,0.0,13.994863153564978,0.25626923921561945,0.0
0.5941133984965034,1.0,1.58e-06,0.1,0.0,13.994863153564978,0.25626923921561945,0.0
0.5941133984965034,1.0,2e-06,0.1,0.0,13.994863153564978,0.25626923921561945,0.0
0.5941133984965034,1.0,2.51e-06,0.1,0.0,13.994863153564978,0.25626923921561945,0.0
0.5941133984965034,1.0,3.16e-06,0.1,0.0,13.994863153564978,0.25626923921561945,0.0
0.5941133984965034,1.0,3.98e-06,0.1,0.0,13.994863153564978,0.25626923921561945,0.0
0.5941133984965034,1.0,5.01e-06,0.1,0.0,13.994863153564978,0.25626923921561945,0.0
0.5941133984965034,1.0,6.31e-06,0.1,0.0,13.994863153564978,0.25626923921561945,0.0
0.5941133984965034,1.0,7.94e-06,0.1,0.0,13.994863153564978,0.25626923921561945,0.0
0.5941133984965034,1.0,1e-05,0.1,0.0,13.994863153564978,0.25626923921561945,0.0
0.5941133984965034,1.0,1.26e-05,0.1,0.0,13.994863153564978,0.25626923921561945,0.0
0.5941133984965034,1.0,1.58e-05,0.1,0.0,13.994863153564978,0.25626923921561945,0.0
0.5941133984965034,1.0,2e-05,0.1,3.3333333333333335e-05,13.994863153564978,0.25626923921561945,55.97945261425991
0.5941133984965034,1.0,2.51e-05,0.1,3.3333333333333335e-05,13.994863153564978,0.25626923921561945,55.97945261425991
0.5941133984965034,1.0,3.16e-05,0.1,0.0,13.994863153564978,0.25626923921561945,0.0
0.5941133984965034,1.0,3.98e-05,0.1,3.3333333333333335e-05,13.994863153564978,0.25626923921561945,55.97945261425991
0.5941133984965034,1.0,5.01e-05,0.1,0.0,13.994863153564978,0.25626923921561945,0.0
0.5941133984965034,1.0,6.31e-05,0.1,6.666666666666667e-05,13.994863153564978,0.25626923921561945,111.95890522851982
0.5941133984965034,1.0,7.94e-05,0.1,0.00013333333333333334,13.994863153564978,0.25626923921561945,223.91781045703965
0.5941133984965034,1.0,0.0001,0.1,0.00013333333333333334,13.994863153564978,0.25626923921561945,223.91781045703965
0.5941133984965034,1.0,0.000126,0.1,0.00016666666666666666,13.994863153564978,0.25626923921561945,279.89726307129956
0.5941133984965034,1.0,0.000158,0.1,6.666666666666667e-05,13.994863153564978,0.25626923921561945,111.95890522851982
0.5941133984965034,1.0,0.0002,0.1,0.00016666666666666666,13.994863153564978,0.25626923921561945,279.89726307129956
0.5941133984965034,1.0,0.000251,0.1,0.0,13.994863153564978,0.25626923921561945,0.0
0.5941133984965034,1.0,0.000316,0.1,0.0,13.994863153564978,0.25626923921561945,0.0
0.5941133984965034,1.0,0.000398,0.1,0.0,13.994863153564978,0.25626923921561945,0.0
0.5941133984965034,1.0,0.000501,0.1,0.0,13.994863153564978,0.25626923921561945,0.0
0.5941133984965034,1.0,0.000631,0.1,0.0,13.994863153564978,0.25626923921561945,0.0
0.5941133984965034,1.0,0.000794,0.1,0.0,13.994863153564978,0.25626923921561945,0.0
0.5941133984965034,1.0,0.001,0.1,0.0,13.994863153564978,0.25626923921561945,0.0
0.5941133984965034,1.0,0.00126,0.1,0.0,13.994863153564978,0.25626923921561945,0.0
0.5941133984965034,1.0,0.00158,0.1,0.0,13.994863153564978,0.25626923921561945,0.0
0.5941133984965034,1.0,0.002,0.1,0.0,13.994863153564978,0.25626923921561945,0.0
0.5941133984965034,1.0,0.00251,0.1,0.0,13.994863153564978,0.25626923921561945,0.0
0.5941133984965034,1.0,0.00316,0.1,0.0,13.994863153564978,0.25626923921561945,0.0
0.5941133984965034,1.0,0.00398,0.1,0.0,13.994863153564978,0.25626923921561945,0.0
0.5941133984965034,1.0,0.00501,0.1,0.0,13.994863153564978,0.25626923921561945,0.0
0.5941133984965034,1.0,0.00631,0.1,0.0,13.994863153564978,0.25626923921561945,0.0
0.6222570836730231,1.0,1e-06,0.1,0.0,14.97984979607202,0.27430598418004065,0.0
0.6222570836730231,1.0,1.26e-06,0.1,0.0,14.97984979607202,0.27430598418004065,0.0
0.6222570836730231,1.0,1.58e-06,0.1,0.0,14.97984979607202,0.27430598418004065,0.0
0.6222570836730231,1.0,2e-06,0.1,0.0,14.97984979607202,0.27430598418004065,0.0
0.6222570836730231,1.0,2.51e-06,0.1,0.0,14.97984979607202,0.27430598418004065,0.0
0.6222570836730231,1.0,3.16e-06,0.1,0.0,14.97984979607202,0.27430598418004065,0.0
0.6222570836730231,1.0,3.98e-06,0.1,0.0,14.97984979607202,0.27430598418004065,0.0
0.6222570836730231,1.0,5.01e-06,0.1,0.0,14.97984979607202,0.27430598418004065,0.0
0.6222570836730231,1.0,6.31e-06,0.1,0.0,14.97984979607202,0.27430598418004065,0.0
0.6222570836730231,1.0,7.94e-06,0.1,0.0,14.97984979607202,0.27430598418004065,0.0
0.6222570836730231,1.0,1e-05,0.1,0.0,14.97984979607202,0.27430598418004065,0.0
0.6222570836730231,1.0,1.26e-05,0.1,0.0,14.97984979607202,0.27430598418004065,0.0
0.6222570836730231,1.0,1.58e-05,0.1,0.0,14.97984979607202,0.27430598418004065,0.0
0.6222570836730231,1.0,2e-05,0.1,3.3333333333333335e-05,14.97984979607202,0.27430598418004065,59.919399184288096
0.6222570836730231,1.0,2.51e-05,0.1,3.3333333333333335e-05,14.97984979607202,0.27430598418004065,59.919399184288096
0.6222570836730231,1.0,3.16e-05,0.1,0.0,14.97984979607202,0.27430598418004065,0.0
0.6222570836730231,1.0,3.98e-05,0.1,3.3333333333333335e-05,14.97984979607202,0.27430598418004065,59.919399184288096
0.6222570836730231,1.0,5.01e-05,0.1,0.0,14.97984979607202,0.27430598418004065,0.0
0.6222570836730231,1.0,6.31e-05,0.1,6.666666666666667e-05,14.97984979607202,0.27430598418004065,119.83879836857619
0.6222570836730231,1.0,7.94e-05,0.1,0.00013333333333333334,14.97984979607202,0.27430598418004065,239.67759673715238
0.6222570836730231,1.0,0.0001,0.1,0.00013333333333333334,14.97984979607202,0.27430598418004065,239.67759673715238
0.6222570836730231,1.0,0.000126,0.1,0.00016666666666666666,14.97984979607202,0.27430598418004065,299.59699592144045
0.6222570836730231,1.0,0.000158,0.1,6.666666666666667e-05,14.97984979607202,0.27430598418004065,119.83879836857619
0.6222570836730231,1.0,0.0002,0.1,0.00016666666666666666,14.97984979607202,0.27430598418004065,299.59699592144045
0.6222570836730231,1.0,0.000251,0.1,0.0,14.97984979607202,0.27430598418004065,0.0
0.6222570836730231,1.0,0.000316,0.1,0.0,14.97984979607202,0.27430598418004065,0.0
0.6222570836730231,1.0,0.000398,0.1,0.0,14.97984979607202,0.27430598418004065,0.0
0.6222570836730231,1.0,0.000501,0.1,0.0,14.97984979607202,0.27430598418004065,0.0
0.6222570836730231,1.0,0.000631,0.1,0.0,14.97984979607202,0.27430598418004065,0.0
0.6222570836730231,1.0,0.000794,0.1,0.0,14.97984979607202,0.27430598418004065,0.0
0.6222570836730231,1.0,0.001,0.1,0.0,14.97984979607202,0.27430598418004065,0.0
0.6222570836730231,1.0,0.00126,0.1,0.0,14.97984979607202,0.27430598418004065,0.0
0.6222570836730231,1.0,0.00158,0.1,0.0,14.97984979607202,0.27430598418004065,0.0
0.6222570836730231,1.0,0.002,0.1,0.0,14.97984979607202,0.27430598418004065,0.0
0.6222570836730231,1.0,0.00251,0.1,0.0,14.97984979607202,0.27430598418004065,0.0
0.6222570836730231,1.0,0.00316,0.1,0.0,14.97984979607202,0.27430598418004065,0.0
0.6222570836730231,1.0,0.00398,0.1,0.0,14.97984979607202,0.27430598418004065,0.0
0.6222570836730231,1.0,0.00501,0.1,0.0,14.97984979607202,0.27430598418004065,0.0
0.6222570836730231,1.0,0.00631,0.1,0.0,14.97984979607202,0.27430598418004065,0.0
0.6517339604882427,1.0,1e-06,0.1,0.0,16.006839956250683,0.29311188346915734,0.0
0.6517339604882427,1.0,1.26e-06,0.1,0.0,16.006839956250683,0.29311188346915734,0.0
0.6517339604882427,1.0,1.58e-06,0.1,0.0,16.006839956250683,0.29311188346915734,0.0
0.6517339604882427,1.0,2e-06,0.1,0.0,16.006839956250683,0.29311188346915734,0.0
0.6517339604882427,1.0,2.51e-06,0.1,0.0,16.006839956250683,0.29311188346915734,0.0
0.6517339604882427,1.0,3.16e-06,0.1,0.0,16.006839956250683,0.29311188346915734,0.0
0.6517339604882427,1.0,3.98e-06,0.1,0.0,16.006839956250683,0.29311188346915734,0.0
0.6517339604882427,1.0,5.01e-06,0.1,0.0,16.006839956250683,0.29311188346915734,0.0
0.6517339604882427,1.0,6.31e-06,0.1,0.0,16.006839956250683,0.29311188346915734,0.0
0.6517339604882427,1.0,7.94e-06,0.1,0.0,16.006839956250683,0.29311188346915734,0.0
0.6517339604882427,1.0,1e-05,0.1,0.0,16.006839956250683,0.29311188346915734,0.0
0.6517339604882427,1.0,1.26e-05,0.1,0.0,16.006839956250683,0.29311188346915734,0.0
0.6517339604882427,1.0,1.58e-05,0.1,0.0,16.006839956250683,0.29311188346915734,0.0
0.6517339604882427,1.0,2e-05,0.1,3.3333333333333335e-05,16.006839956250683,0.29311188346915734,64.02735982500273
0.6517339604882427,1.0,2.51e-05,0.1,3.3333333333333335e-05,16.006839956250683,0.29311188346915734,64.02735982500273
0.6517339604882427,1.0,3.16e-05,0.1,0.0,16.006839956250683,0.29311188346915734,0.0
0.6517339604882427,1.0,3.98e-05,0.1,3.3333333333333335e-05,16.006839956250683,0.29311188346915734,64.02735982500273
0.6517339604882427,1.0,5.01e-05,0.1,0.0,16.006839956250683,0.29311188346915734,0.0
0.6517339604882427,1.0,6.31e-05,0.1,6.666666666666667e-05,16.006839956250683,0.29311188346915734,128.05471965000547
0.6517339604882427,1.0,7.94e-05,0.1,0.00013333333333333334,16.006839956250683,0.29311188346915734,256.10943930001093
0.6517339604882427,1.0,0.0001,0.1,0.00013333333333333334,16.006839956250683,0.29311188346915734,256.10943930001093
0.6517339604882427,1.0,0.000126,0.1,0.00016666666666666666,16.006839956250683,0.29311188346915734,320.1367991250137
0.6517339604882427,1.0,0.000158,0.1,6.666666666666667e-05,16.006839956250683,0.29311188346915734,128.05471965000547
0.6517339604882427,1.0,0.0002,0.1,0.00016666666666666666,16.006839956250683,0.29311188346915734,320.1367991250137
0.6517339604882427,1.0,0.000251,0.1,0.0,16.006839956250683,0.29311188346915734,0.0
0.6517339604882427,1.0,0.000316,0.1,0.0,16.006839956250683,0.29311188346915734,0.0
0.6517339604882427,1.0,0.000398,0.1,0.0,16.006839956250683,0.29311188346915734,0.0
0.6517339604882427,1.0,0.000501,0.1,0.0,16.006839956250683,0.29311188346915734,0.0
0.6517339604882427,1.0,0.000631,0.1,0.0,16.006839956250683,0.29311188346915734,0.0
0.6517339604882427,1.0,0.000794,0.1,0.0,16.006839956250683,0.29311188346915734,0.0
0.6517339604882427,1.0,0.001,0.1,0.0,16.006839956250683,0.29311188346915734,0.0
0.6517339604882427,1.0,0.00126,0.1,0.0,16.006839956250683,0.29311188346915734,0.0
0.6517339604882427,1.0,0.00158,0.1,0.0,16.006839956250683,0.29311188346915734,0.0
0.6517339604882427,1.0,0.002,0.1,0.0,16.006839956250683,0.29311188346915734,0.0
0.6517339604882427,1.0,0.00251,0.1,0.0,16.006839956250683,0.29311188346915734,0.0
0.6517339604882427,1.0,0.00316,0.1,0.0,16.006839956250683,0.29311188346915734,0.0
0.6517339604882427,1.0,0.00398,0.1,0.0,16.006839956250683,0.29311188346915734,0.0
0.6517339604882427,1.0,0.00501,0.1,0.0,16.006839956250683,0.29311188346915734,0.0
0.6517339604882427,1.0,0.00631,0.1,0.0,16.006839956250683,0.29311188346915734,0.0
0.6826071834272386,1.0,1e-06,0.1,0.0,17.07390444049744,0.31265161033688776,0.0
0.6826071834272386,1.0,1.26e-06,0.1,0.0,17.07390444049744,0.31265161033688776,0.0
0.6826071834272386,1.0,1.58e-06,0.1,0.0,17.07390444049744,0.31265161033688776,0.0
0.6826071834272386,1.0,2e-06,0.1,0.0,17.07390444049744,0.31265161033688776,0.0
0.6826071834272386,1.0,2.51e-06,0.1,0.0,17.07390444049744,0.31265161033688776,0.0
0.6826071834272386,1.0,3.16e-06,0.1,0.0,17.07390444049744,0.31265161033688776,0.0
0.6826071834272386,1.0,3.98e-06,0.1,0.0,17.07390444049744,0.31265161033688776,0.0
0.6826071834272386,1.0,5.01e-06,0.1,0.0,17.07390444049744,0.31265161033688776,0.0
0.6826071834272386,1.0,6.31e-06,0.1,0.0,17.07390444049744,0.31265161033688776,0.0
0.6826071834272386,1.0,7.94e-06,0.1,0.0,17.07390444049744,0.31265161033688776,0.0
0.6826071834272386,1.0,1e-05,0.1,0.0,17.07390444049744,0.31265161033688776,0.0
0.6826071834272386,1.0,1.26e-05,0.1,0.0,17.07390444049744,0.31265161033688776,0.0
0.6826071834272386,1.0,1.58e-05,0.1,0.0,17.07390444049744,0.31265161033688776,0.0
0.6826071834272386,1.0,2e-05,0.1,3.3333333333333335e-05,17.07390444049744,0.31265161033688776,68.29561776198977
0.6826071834272386,1.0,2.51e-05,0.1,3.3333333333333335e-05,17.07390444049744,0.31265161033688776,68.29561776198977
0.6826071834272386,1.0,3.16e-05,0.1,0.0,17.07390444049744,0.31265161033688776,0.0
0.6826071834272386,1.0,3.98e-05,0.1,3.3333333333333335e-05,17.07390444049744,0.31265161033688776,68.29561776198977
0.6826071834272386,1.0,5.01e-05,0.1,0.0,17.07390444049744,0.31265161033688776,0.0
0.6826071834272386,1.0,6.31e-05,0.1,6.666666666666667e-05,17.07390444049744,0.31265161033688776,136.59123552397955
0.6826071834272386,1.0,7.94e-05,0.1,0.00013333333333333334,17.07390444049744,0.31265161033688776,273.1824710479591
0.6826071834272386,1.0,0.0001,0.1,0.00013333333333333334,17.07390444049744,0.31265161033688776,273.1824710479591
0.6826071834272386,1.0,0.000126,0.1,0.00016666666666666666,17.07390444049744,0.31265161033688776,341.4780888099489
0.6826071834272386,1.0,0.000158,0.1,6.666666666666667e-05,17.07390444049744,0.31265161033688776,136.59123552397955
0.6826071834272386,1.0,0.0002,0.1,0.00016666666666666666,17.07390444049744,0.31265161033688776,341.4780888099489
0.6826071834272386,1.0,0.000251,0.1,0.0,17.07390444049744,0.31265161033688776,0.0
0.6826071834272386,1.0,0.000316,0.1,0.0,17.07390444049744,0.31265161033688776,0.0
0.6826071834272386,1.0,0.000398,0.1,0.0,17.07390444049744,0.31265161033688776,0.0
0.6826071834272386,1.0,0.000501,0.1,0.0,17.07390444049744,0.31265161033688776,0.0
0.6826071834272386,1.0,0.000631,0.1,0.0,17.07390444049744,0.31265161033688776,0.0
0.6826071834272386,1.0,0.000794,0.1,0.0,17.07390444049744,0.31265161033688776,0.0
0.6826071834272386,1.0,0.001,0.1,0.0,17.07390444049744,0.31265161033688776,0.0
0.6826071834272386,1.0,0.00126,0.1,0.0,17.07390444049744,0.31265161033688776,0.0
0.6826071834272386,1.0,0.00158,0.1,0.0,17.07390444049744,0.31265161033688776,0.0
0.6826071834272386,1.0,0.002,0.1,0.0,17.07390444049744,0.31265161033688776,0.0
0.6826071834272386,1.0,0.00251,0.1,0.0,17.07390444049744,0.31265161033688776,0.0
0.6826071834272386,1.0,0.00316,0.1,0.0,17.07390444049744,0.31265161033688776,0.0
0.6826071834272386,1.0,0.00398,0.1,0.0,17.07390444049744,0.31265161033688776,0.0
0.6826071834272386,1.0,0.00501,0.1,0.0,17.07390444049744,0.31265161033688776,0.0
0.6826071834272386,1.0,0.00631,0.1,0.0,17.07390444049744,0.31265161033688776,0.0
0.7149428986597577,1.0,1e-06,0.1,0.0,18.178605099153348,0.3328805182046026,0.0
0.7149428986597577,1.0,1.26e-06,0.1,0.0,18.178605099153348,0.3328805182046026,0.0
0.7149428986597577,1.0,1.58e-06,0.1,0.0,18.178605099153348,0.3328805182046026,0.0
0.7149428986597577,1.0,2e-06,0.1,0.0,18.178605099153348,0.3328805182046026,0.0
0.7149428986597577,1.0,2.51e-06,0.1,0.0,18.178605099153348,0.3328805182046026,0.0
0.7149428986597577,1.0,3.16e-06,0.1,0.0,18.178605099153348,0.3328805182046026,0.0
0.7149428986597577,1.0,3.98e-06,0.1,0.0,18.178605099153348,0.3328805182046026,0.0
0.7149428986597577,1.0,5.01e-06,0.1,0.0,18.178605099153348,0.3328805182046026,0.0
0.7149428986597577,1.0,6.31e-06,0.1,0.0,18.178605099153348,0.3328805182046026,0.0
0.7149428986597577,1.0,7.94e-06,0.1,0.0,18.178605099153348,0.3328805182046026,0.0
0.7149428986597577,1.0,1e-05,0.1,0.0,18.178605099153348,0.3328805182046026,0.0
0.7149428986597577,1.0,1.26e-05,0.1,0.0,18.178605099153348,0.3328805182046026,0.0
0.7149428986597577,1.0,1.58e-05,0.1,0.0,18.178605099153348,0.3328805182046026,0.0
0.7149428986597577,1.0,2e-05,0.1,3.3333333333333335e-05,18.178605099153348,0.3328805182046026,72.7144203966134
0.7149428986597577,1.0,2.51e-05,0.1,3.3333333333333335e-05,18.178605099153348,0.3328805182046026,72.7144203966134
0.7149428986597577,1.0,3.16e-05,0.1,0.0,18.178605099153348,0.3328805182046026,0.0
0.7149428986597577,1.0,3.98e-05,0.1,3.3333333333333335e-05,18.178605099153348,0.3328805182046026,72.7144203966134
0.7149428986597577,1.0,5.01e-05,0.1,0.0,18.178605099153348,0.3328805182046026,0.0
0.7149428986597577,1.0,6.31e-05,0.1,6.666666666666667e-05,18.178605099153348,0.3328805182046026,145.4288407932268
0.7149428986597577,1.0,7.94e-05,0.1,0.00013333333333333334,18.178605099153348,0.3328805182046026,290.8576815864536
0.7149428986597577,1.0,0.0001,0.1,0.00013333333333333334,18.178605099153348,0.3328805182046026,290.8576815864536
0.7149428986597577,1.0,0.000126,0.1,0.00016666666666666666,18.178605099153348,0.3328805182046026,363.57210198306694
0.7149428986597577,1.0,0.000158,0.1,6.666666666666667e-05,18.178605099153348,0.3328805182046026,145.4288407932268
0.7149428986597577,1.0,0.0002,0.1,0.00016666666666666666,18.178605099153348,0.3328805182046026,363.57210198306694
0.7149428986597577,1.0,0.000251,0.1,0.0,18.178605099153348,0.3328805182046026,0.0
0.7149428986597577,1.0,0.000316,0.1,0.0,18.178605099153348,0.3328805182046026,0.0
0.7149428986597577,1.0,0.000398,0.1,0.0,18.178605099153348,0.3328805182046026,0.0
0.7149428986597577,1.0,0.000501,0.1,0.0,18.178605099153348,0.3328805182046026,0.0
0.7149428986597577,1.0,0.000631,0.1,0.0,18.178605099153348,0.3328805182046026,0.0
0.7149428986597577,1.0,0.000794,0.1,0.0,18.178605099153348,0.3328805182046026,0.0
0.7149428986597577,1.0,0.001,0.1,0.0,18.178605099153348,0.3328805182046026,0.0
0.7149428986597577,1.0,0.00126,0.1,0.0,18.178605099153348,0.3328805182046026,0.0
0.7149428986597577,1.0,0.00158,0.1,0.0,18.178605099153348,0.3328805182046026,0.0
0.7149428986597577,1.0,0.002,0.1,0.0,18.178605099153348,0.3328805182046026,0.0
0.7149428986597577,1.0,0.00251,0.1,0.0,18.178605099153348,0.3328805182046026,0.0
0.7149428986597577,1.0,0.00316,0.1,0.0,18.178605099153348,0.3328805182046026,0.0
0.7149428986597577,1.0,0.00398,0.1,0.0,18.178605099153348,0.3328805182046026,0.0
0.7149428986597577,1.0,0.00501,0.1,0.0,18.178605099153348,0.3328805182046026,0.0
0.7149428986597577,1.0,0.00631,0.1,0.0,18.178605099153348,0.3328805182046026,0.0
0.7488103857590023,1.0,1e-06,0.1,0.0,19.317996240980705,0.35374466656254727,0.0
0.7488103857590023,1.0,1.26e-06,0.1,0.0,19.317996240980705,0.35374466656254727,0.0
0.7488103857590023,1.0,1.58e-06,0.1,0.0,19.317996240980705,0.35374466656254727,0.0
0.7488103857590023,1.0,2e-06,0.1,0.0,19.317996240980705,0.35374466656254727,0.0
0.7488103857590023,1.0,2.51e-06,0.1,0.0,19.317996240980705,0.35374466656254727,0.0
0.7488103857590023,1.0,3.16e-06,0.1,0.0,19.317996240980705,0.35374466656254727,0.0
0.7488103857590023,1.0,3.98e-06,0.1,0.0,19.317996240980705,0.35374466656254727,0.0
0.7488103857590023,1.0,5.01e-06,0.1,0.0,19.317996240980705,0.35374466656254727,0.0
0.7488103857590023,1.0,6.31e-06,0.1,0.0,19.317996240980705,0.35374466656254727,0.0
0.7488103857590023,1.0,7.94e-06,0.1,0.0,19.317996240980705,0.35374466656254727,0.0
0.7488103857590023,1.0,1e-05,0.1,0.0,19.317996240980705,0.35374466656254727,0.0
0.7488103857590023,1.0,1.26e-05,0.1,0.0,19.317996240980705,0.35374466656254727,0.0
0.7488103857590023,1.0,1.58e-05,0.1,0.0,19.317996240980705,0.35374466656254727,0.0
0.7488103857590023,1.0,2e-05,0.1,3.3333333333333335e-05,19.317996240980705,0.35374466656254727,77.27198496392283
0.7488103857590023,1.0,2.51e-05,0.1,3.3333333333333335e-05,19.317996240980705,0.35374466656254727,77.27198496392283
0.7488103857590023,1.0,3.16e-05,0.1,0.0,19.317996240980705,0.35374466656254727,0.0
0.7488103857590023,1.0,3.98e-05,0.1,3.3333333333333335e-05,19.317996240980705,0.35374466656254727,77.27198496392283
0.7488103857590023,1.0,5.01e-05,0.1,0.0,19.317996240980705,0.35374466656254727,0.0
0.7488103857590023,1.0,6.31e-05,0.1,6.666666666666667e-05,19.317996240980705,0.35374466656254727,154.54396992784567
0.7488103857590023,1.0,7.94e-05,0.1,0.00013333333333333334,19.317996240980705,0.35374466656254727,309.08793985569133
0.7488103857590023,1.0,0.0001,0.1,0.00013333333333333334,19.317996240980705,0.35374466656254727,309.08793985569133
0.7488103857590023,1.0,0.000126,0.1,0.00016666666666666666,19.317996240980705,0.35374466656254727,386.35992481961415
0.7488103857590023,1.0,0.000158,0.1,6.666666666666667e-05,19.317996240980705,0.35374466656254727,154.54396992784567
0.7488103857590023,1.0,0.0002,0.1,0.00016666666666666666,19.317996240980705,0.35374466656254727,386.35992481961415
0.7488103857590023,1.0,0.000251,0.1,0.0,19.317996240980705,0.35374466656254727,0.0
0.7488103857590023,1.0,0.000316,0.1,0.0,19.317996240980705,0.35374466656254727,0.0
0.7488103857590023,1.0,0.000398,0.1,0.0,19.317996240980705,0.35374466656254727,0.0
0.7488103857590023,1.0,0.000501,0.1,0.0,19.317996240980705,0.35374466656254727,0.0
0.7488103857590023,1.0,0.000631,0.1,0.0,19.317996240980705,0.35374466656254727,0.0
0.7488103857590023,1.0,0.000794,0.1,0.0,19.317996240980705,0.35374466656254727,0.0
0.7488103857590023,1.0,0.001,0.1,0.0,19.317996240980705,0.35374466656254727,0.0
0.7488103857590023,1.0,0.00126,0.1,0.0,19.317996240980705,0.35374466656254727,0.0
0.7488103857590023,1.0,0.00158,0.1,0.0,19.317996240980705,0.35374466656254727,0.0
0.7488103857590023,1.0,0.002,0.1,0.0,19.317996240980705,0.35374466656254727,0.0
0.7488103857590023,1.0,0.00251,0.1,0.0,19.317996240980705,0.35374466656254727,0.0
0.7488103857590023,1.0,0.00316,0.1,0.0,19.317996240980705,0.35374466656254727,0.0
0.7488103857590023,1.0,0.00398,0.1,0.0,19.317996240980705,0.35374466656254727,0.0
0.7488103857590023,1.0,0.00501,0.1,0.0,19.317996240980705,0.35374466656254727,0.0
0.7488103857590023,1.0,0.00631,0.1,0.0,19.317996240980705,0.35374466656254727,0.0
0.7842822061337682,1.0,1e-06,0.1,0.0,20.488639016001528,0.3751810843435548,0.0
0.7842822061337682,1.0,1.26e-06,0.1,0.0,20.488639016001528,0.3751810843435548,0.0
0.7842822061337682,1.0,1.58e-06,0.1,0.0,20.488639016001528,0.3751810843435548,0.0
0.7842822061337682,1.0,2e-06,0.1,0.0,20.488639016001528,0.3751810843435548,0.0
0.7842822061337682,1.0,2.51e-06,0.1,0.0,20.488639016001528,0.3751810843435548,0.0
0.7842822061337682,1.0,3.16e-06,0.1,0.0,20.488639016001528,0.3751810843435548,0.0
0.7842822061337682,1.0,3.98e-06,0.1,0.0,20.488639016001528,0.3751810843435548,0.0
0.7842822061337682,1.0,5.01e-06,0.1,0.0,20.488639016001528,0.3751810843435548,0.0
0.7842822061337682,1.0,6.31e-06,0.1,0.0,20.488639016001528,0.3751810843435548,0.0
0.7842822061337682,1.0,7.94e-06,0.1,0.0,20.488639016001528,0.3751810843435548,0.0
0.7842822061337682,1.0,1e-05,0.1,0.0,20.488639016001528,0.3751810843435548,0.0
0.7842822061337682,1.0,1.26e-05,0.1,0.0,20.488639016001528,0.3751810843435548,0.0
0.7842822061337682,1.0,1.58e-05,0.1,0.0,20.488639016001528,0.3751810843435548,0.0
0.7842822061337682,1.0,2e-05,0.1,3.3333333333333335e-05,20.488639016001528,0.3751810843435548,81.95455606400613
0.7842822061337682,1.0,2.51e-05,0.1,3.3333333333333335e-05,20.488639016001528,0.3751810843435548,81.95455606400613
0.7842822061337682,1.0,3.16e-05,0.1,0.0,20.488639016001528,0.3751810843435548,0.0
0.7842822061337682,1.0,3.98e-05,0.1,3.3333333333333335e-05,20.488639016001528,0.3751810843435548,81.95455606400613
0.7842822061337682,1.0,5.01e-05,0.1,0.0,20.488639016001528,0.3751810843435548,0.0
0.7842822061337682,1.0,6.31e-05,0.1,6.666666666666667e-05,20.488639016001528,0.3751810843435548,163.90911212801225
0.7842822061337682,1.0,7.94e-05,0.1,0.00013333333333333334,20.488639016001528,0.3751810843435548,327.8182242560245
0.7842822061337682,1.0,0.0001,0.1,0.00013333333333333334,20.488639016001528,0.3751810843435548,327.8182242560245
0.7842822061337682,1.0,0.000126,0.1,0.00016666666666666666,20.488639016001528,0.3751810843435548,409.7727803200306
0.7842822061337682,1.0,0.000158,0.1,6.666666666666667e-05,20.488639016001528,0.3751810843435548,163.90911212801225
0.7842822061337682,1.0,0.0002,0.1,0.00016666666666666666,20.488639016001528,0.3751810843435548,409.7727803200306
0.7842822061337682,1.0,0.000251,0.1,0.0,20.488639016001528,0.3751810843435548,0.0
0.7842822061337682,1.0,0.000316,0.1,0.0,20.488639016001528,0.3751810843435548,0.0
0.7842822061337682,1.0,0.000398,0.1,0.0,20.488639016001528,0.3751810843435548,0.0
0.7842822061337682,1.0,0.000501,0.1,0.0,20.488639016001528,0.3751810843435548,0.0
0.7842822061337682,1.0,0.000631,0.1,0.0,20.488639016001528,0.3751810843435548,0.0
0.7842822061337682,1.0,0.000794,0.1,0.0,20.488639016001528,0.3751810843435548,0.0
0.7842822061337682,1.0,0.001,0.1,0.0,20.488639016001528,0.3751810843435548,0.0
0.7842822061337682,1.0,0.00126,0.1,0.0,20.488639016001528,0.3751810843435548,0.0
0.7842822061337682,1.0,0.00158,0.1,0.0,20.488639016001528,0.3751810843435548,0.0
0.7842822061337682,1.0,0.002,0.1,0.0,20.488639016001528,0.3751810843435548,0.0
0.7842822061337682,1.0,0.00251,0.1,0.0,20.488639016001528,0.3751810843435548,0.0
0.7842822061337682,1.0,0.00316,0.1,0.0,20.488639016001528,0.3751810843435548,0.0
0.7842822061337682,1.0,0.00398,0.1,0.0,20.488639016001528,0.3751810843435548,0.0
0.7842822061337682,1.0,0.00501,0.1,0.0,20.488639016001528,0.3751810843435548,0.0
0.7842822061337682,1.0,0.00631,0.1,0.0,20.488639016001528,0.3751810843435548,0.0
0.821434358491943,1.0,1e-06,0.1,0.0,21.686629495436968,0.3971182841134768,0.0
0.821434358491943,1.0,1.26e-06,0.1,0.0,21.686629495436968,0.3971182841134768,0.0
0.821434358491943,1.0,1.58e-06,0.1,0.0,21.686629495436968,0.3971182841134768,0.0
0.821434358491943,1.0,2e-06,0.1,0.0,21.686629495436968,0.3971182841134768,0.0
0.821434358491943,1.0,2.51e-06,0.1,0.0,21.686629495436968,0.3971182841134768,0.0
0.821434358491943,1.0,3.16e-06,0.1,0.0,21.686629495436968,0.3971182841134768,0.0
0.821434358491943,1.0,3.98e-06,0.1,0.0,21.686629495436968,0.3971182841134768,0.0
0.821434358491943,1.0,5.01e-06,0.1,0.0,21.686629495436968,0.3971182841134768,0.0
0.821434358491943,1.0,6.31e-06,0.1,0.0,21.686629495436968,0.3971182841134768,0.0
0.821434358491943,1.0,7.94e-06,0.1,0.0,21.686629495436968,0.3971182841134768,0.0
0.821434358491943,1.0,1e-05,0.1,0.0,21.686629495436968,0.3971182841134768,0.0
0.821434358491943,1.0,1.26e-05,0.1,0.0,21.686629495436968,0.3971182841134768,0.0
0.821434358491943,1.0,1.58e-05,0.1,0.0,21.686629495436968,0.3971182841134768,0.0
0.821434358491943,1.0,2e-05,0.1,3.3333333333333335e-05,21.686629495436968,0.3971182841134768,86.7465179817479
0.821434358491943,1.0,2.51e-05,0.1,3.3333333333333335e-05,21.686629495436968,0.3971182841134768,86.7465179817479
0.821434358491943,1.0,3.16e-05,0.1,0.0,21.686629495436968,0.3971182841134768,0.0
0.821434358491943,1.0,3.98e-05,0.1,3.3333333333333335e-05,21.686629495436968,0.3971182841134768,86.7465179817479
0.821434358491943,1.0,5.01e-05,0.1,0.0,21.686629495436968,0.3971182841134768,0.0
0.821434358491943,1.0,6.31e-05,0.1,6.666666666666667e-05,21.686629495436968,0.3971182841134768,173.4930359634958
0.821434358491943,1.0,7.94e-05,0.1,0.00013333333333333334,21.686629495436968,0.3971182841134768,346.9860719269916
0.821434358491943,1.0,0.0001,0.1,0.00013333333333333334,21.686629495436968,0.3971182841134768,346.9860719269916
0.821434358491943,1.0,0.000126,0.1,0.00016666666666666666,21.686629495436968,0.3971182841134768,433.7325899087394
0.821434358491943,1.0,0.000158,0.1,6.666666666666667e-05,21.686629495436968,0.3971182841134768,173.4930359634958
0.821434358491943,1.0,0.0002,0.1,0.00016666666666666666,21.686629495436968,0.3971182841134768,433.7325899087394
0.821434358491943,1.0,0.000251,0.1,0.0,21.686629495436968,0.3971182841134768,0.0
0.821434358491943,1.0,0.000316,0.1,0.0,21.686629495436968,0.3971182841134768,0.0
0.821434358491943,1.0,0.000398,0.1,0.0,21.686629495436968,0.3971182841134768,0.0
0.821434358491943,1.0,0.000501,0.1,0.0,21.686629495436968,0.3971182841134768,0.0
0.821434358491943,1.0,0.000631,0.1,0.0,21.686629495436968,0.3971182841134768,0.0
0.821434358491943,1.0,0.000794,0.1,0.0,21.686629495436968,0.3971182841134768,0.0
0.821434358491943,1.0,0.001,0.1,0.0,21.686629495436968,0.3971182841134768,0.0
0.821434358491943,1.0,0.00126,0.1,0.0,21.686629495436968,0.3971182841134768,0.0
0.821434358491943,1.0,0.00158,0.1,0.0,21.686629495436968,0.3971182841134768,0.0
0.821434358491943,1.0,0.002,0.1,0.0,21.686629495436968,0.3971182841134768,0.0
0.821434358491943,1.0,0.00251,0.1,0.0,21.686629495436968,0.3971182841134768,0.0
0.821434358491943,1.0,0.00316,0.1,0.0,21.686629495436968,0.3971182841134768,0.0
0.821434358491943,1.0,0.00398,0.1,0.0,21.686629495436968,0.3971182841134768,0.0
0.821434358491943,1.0,0.00501,0.1,0.0,21.686629495436968,0.3971182841134768,0.0
0.821434358491943,1.0,0.00631,0.1,0.0,21.686629495436968,0.3971182841134768,0.0
0.8603464416684501,1.0,1e-06,0.1,0.0,22.90764059402948,0.41947702973868306,0.0
0.8603464416684501,1.0,1.26e-06,0.1,0.0,22.90764059402948,0.41947702973868306,0.0
0.8603464416684501,1.0,1.58e-06,0.1,0.0,22.90764059402948,0.41947702973868306,0.0
0.8603464416684501,1.0,2e-06,0.1,0.0,22.90764059402948,0.41947702973868306,0.0
0.8603464416684501,1.0,2.51e-06,0.1,0.0,22.90764059402948,0.41947702973868306,0.0
0.8603464416684501,1.0,3.16e-06,0.1,0.0,22.90764059402948,0.41947702973868306,0.0
0.8603464416684501,1.0,3.98e-06,0.1,0.0,22.90764059402948,0.41947702973868306,0.0
0.8603464416684501,1.0,5.01e-06,0.1,0.0,22.90764059402948,0.41947702973868306,0.0
0.8603464416684501,1.0,6.31e-06,0.1,0.0,22.90764059402948,0.41947702973868306,0.0
0.8603464416684501,1.0,7.94e-06,0.1,0.0,22.90764059402948,0.41947702973868306,0.0
0.8603464416684501,1.0,1e-05,0.1,0.0,22.90764059402948,0.41947702973868306,0.0
0.8603464416684501,1.0,1.26e-05,0.1,0.0,22.90764059402948,0.41947702973868306,0.0
0.8603464416684501,1.0,1.58e-05,0.1,0.0,22.90764059402948,0.41947702973868306,0.0
0.8603464416684501,1.0,2e-05,0.1,3.3333333333333335e-05,22.90764059402948,0.41947702973868306,91.63056237611795
0.8603464416684501,1.0,2.51e-05,0.1,3.3333333333333335e-05,22.90764059402948,0.41947702973868306,91.63056237611795
0.8603464416684501,1.0,3.16e-05,0.1,0.0,22.90764059402948,0.41947702973868306,0.0
0.8603464416684501,1.0,3.98e-05,0.1,3.3333333333333335e-05,22.90764059402948,0.41947702973868306,91.63056237611795
0.8603464416684501,1.0,5.01e-05,0.1,0.0,22.90764059402948,0.41947702973868306,0.0
0.8603464416684501,1.0,6.31e-05,0.1,6.666666666666667e-05,22.90764059402948,0.41947702973868306,183.2611247522359
0.8603464416684501,1.0,7.94e-05,0.1,0.00013333333333333334,22.90764059402948,0.41947702973868306,366.5222495044718
0.8603464416684501,1.0,0.0001,0.1,0.00013333333333333334,22.90764059402948,0.41947702973868306,366.5222495044718
0.8603464416684501,1.0,0.000126,0.1,0.00016666666666666666,22.90764059402948,0.41947702973868306,458.15281188058964
0.8603464416684501,1.0,0.000158,0.1,6.666666666666667e-05,22.90764059402948,0.41947702973868306,183.2611247522359
0.8603464416684501,1.0,0.0002,0.1,0.00016666666666666666,22.90764059402948,0.41947702973868306,458.15281188058964
0.8603464416684501,1.0,0.000251,0.1,0.0,22.90764059402948,0.41947702973868306,0.0
0.8603464416684501,1.0,0.000316,0.1,0.0,22.90764059402948,0.41947702973868306,0.0
0.8603464416684501,1.0,0.000398,0.1,0.0,22.90764059402948,0.41947702973868306,0.0
0.8603464416684501,1.0,0.000501,0.1,0.0,22.90764059402948,0.41947702973868306,0.0
0.8603464416684501,1.0,0.000631,0.1,0.0,22.90764059402948,0.41947702973868306,0.0
0.8603464416684501,1.0,0.000794,0.1,0.0,22.90764059402948,0.41947702973868306,0.0
0.8603464416684501,1.0,0.001,0.1,0.0,22.90764059402948,0.41947702973868306,0.0
0.8603464416684501,1.0,0.00126,0.1,0.0,22.90764059402948,0.41947702973868306,0.0
0.8603464416684501,1.0,0.00158,0.1,0.0,22.90764059402948,0.41947702973868306,0.0
0.8603464416684501,1.0,0.002,0.1,0.0,22.90764059402948,0.41947702973868306,0.0
0.8603464416684501,1.0,0.00251,0.1,0.0,22.90764059402948,0.41947702973868306,0.0
0.8603464416684501,1.0,0.00316,0.1,0.0,22.90764059402948,0.41947702973868306,0.0
0.8603464416684501,1.0,0.00398,0.1,0.0,22.90764059402948,0.41947702973868306,0.0
0.8603464416684501,1.0,0.00501,0.1,0.0,22.90764059402948,0.41947702973868306,0.0
0.8603464416684501,1.0,0.00631,0.1,0.0,22.90764059402948,0.41947702973868306,0.0
0.9011018251665018,1.0,1e-06,0.1,0.0,24.146977323948008,0.44217134817703735,0.0
0.9011018251665018,1.0,1.26e-06,0.1,0.0,24.146977323948008,0.44217134817703735,0.0
0.9011018251665018,1.0,1.58e-06,0.1,0.0,24.146977323948008,0.44217134817703735,0.0
0.9011018251665018,1.0,2e-06,0.1,0.0,24.146977323948008,0.44217134817703735,0.0
0.9011018251665018,1.0,2.51e-06,0.1,0.0,24.146977323948008,0.44217134817703735,0.0
0.9011018251665018,1.0,3.16e-06,0.1,0.0,24.146977323948008,0.44217134817703735,0.0
0.9011018251665018,1.0,3.98e-06,0.1,0.0,24.146977323948008,0.44217134817703735,0.0
0.9011018251665018,1.0,5.01e-06,0.1,0.0,24.146977323948008,0.44217134817703735,0.0
0.9011018251665018,1.0,6.31e-06,0.1,0.0,24.146977323948008,0.44217134817703735,0.0
0.9011018251665018,1.0,7.94e-06,0.1,0.0,24.146977323948008,0.44217134817703735,0.0
0.9011018251665018,1.0,1e-05,0.1,0.0,24.146977323948008,0.44217134817703735,0.0
0.9011018251665018,1.0,1.26e-05,0.1,0.0,24.146977323948008,0.44217134817703735,0.0
0.9011018251665018,1.0,1.58e-05,0.1,0.0,24.146977323948008,0.44217134817703735,0.0
0.9011018251665018,1.0,2e-05,0.1,3.3333333333333335e-05,24.146977323948008,0.44217134817703735,96.58790929579204
0.9011018251665018,1.0,2.51e-05,0.1,3.3333333333333335e-05,24.146977323948008,0.44217134817703735,96.58790929579204
0.9011018251665018,1.0,3.16e-05,0.1,0.0,24.146977323948008,0.44217134817703735,0.0
0.9011018251665018,1.0,3.98e-05,0.1,3.3333333333333335e-05,24.146977323948008,0.44217134817703735,96.58790929579204
0.9011018251665018,1.0,5.01e-05,0.1,0.0,24.146977323948008,0.44217134817703735,0.0
0.9011018251665018,1.0,6.31e-05,0.1,6.666666666666667e-05,24.146977323948008,0.44217134817703735,193.1758185915841
0.9011018251665018,1.0,7.94e-05,0.1,0.00013333333333333334,24.146977323948008,0.44217134817703735,386.3516371831682
0.9011018251665018,1.0,0.0001,0.1,0.00013333333333333334,24.146977323948008,0.44217134817703735,386.3516371831682
0.9011018251665018,1.0,0.000126,0.1,0.00016666666666666666,24.146977323948008,0.44217134817703735,482.9395464789602
0.9011018251665018,1.0,0.000158,0.1,6.666666666666667e-05,24.146977323948008,0.44217134817703735,193.1758185915841
0.9011018251665018,1.0,0.0002,0.1,0.00016666666666666666,24.146977323948008,0.44217134817703735,482.9395464789602
0.9011018251665018,1.0,0.000251,0.1,0.0,24.146977323948008,0.44217134817703735,0.0
0.9011018251665018,1.0,0.000316,0.1,0.0,24.146977323948008,0.44217134817703735,0.0
0.9011018251665018,1.0,0.000398,0.1,0.0,24.146977323948008,0.44217134817703735,0.0
0.9011018251665018,1.0,0.000501,0.1,0.0,24.146977323948008,0.44217134817703735,0.0
0.9011018251665018,1.0,0.000631,0.1,0.0,24.146977323948008,0.44217134817703735,0.0
0.9011018251665018,1.0,0.000794,0.1,0.0,24.146977323948008,0.44217134817703735,0.0
0.9011018251665018,1.0,0.001,0.1,0.0,24.146977323948008,0.44217134817703735,0.0
0.9011018251665018,1.0,0.00126,0.1,0.0,24.146977323948008,0.44217134817703735,0.0
0.9011018251665018,1.0,0.00158,0.1,0.0,24.146977323948008,0.44217134817703735,0.0
0.9011018251665018,1.0,0.002,0.1,0.0,24.146977323948008,0.44217134817703735,0.0
0.9011018251665018,1.0,0.00251,0.1,0.0,24.146977323948008,0.44217134817703735,0.0
0.9011018251665018,1.0,0.00316,0.1,0.0,24.146977323948008,0.44217134817703735,0.0
0.9011018251665018,1.0,0.00398,0.1,0.0,24.146977323948008,0.44217134817703735,0.0
0.9011018251665018,1.0,0.00501,0.1,0.0,24.146977323948008,0.44217134817703735,0.0
0.9011018251665018,1.0,0.00631,0.1,0.0,24.146977323948008,0.44217134817703735,0.0
0.9437878277775381,1.0,1e-06,0.1,0.0,25.399644183740456,0.46510976348178823,0.0
0.9437878277775381,1.0,1.26e-06,0.1,0.0,25.399644183740456,0.46510976348178823,0.0
0.9437878277775381,1.0,1.58e-06,0.1,0.0,25.399644183740456,0.46510976348178823,0.0
0.9437878277775381,1.0,2e-06,0.1,0.0,25.399644183740456,0.46510976348178823,0.0
0.9437878277775381,1.0,2.51e-06,0.1,0.0,25.399644183740456,0.46510976348178823,0.0
0.9437878277775381,1.0,3.16e-06,0.1,0.0,25.399644183740456,0.46510976348178823,0.0
0.9437878277775381,1.0,3.98e-06,0.1,0.0,25.399644183740456,0.46510976348178823,0.0
0.9437878277775381,1.0,5.01e-06,0.1,0.0,25.399644183740456,0.46510976348178823,0.0
0.9437878277775381,1.0,6.31e-06,0.1,0.0,25.399644183740456,0.46510976348178823,0.0
0.9437878277775381,1.0,7.94e-06,0.1,0.0,25.399644183740456,0.46510976348178823,0.0
0.9437878277775381,1.0,1e-05,0.1,0.0,25.399644183740456,0.46510976348178823,0.0
0.9437878277775381,1.0,1.26e-05,0.1,0.0,25.399644183740456,0.46510976348178823,0.0
0.9437878277775381,1.0,1.58e-05,0.1,0.0,25.399644183740456,0.46510976348178823,0.0
0.9437878277775381,1.0,2e-05,0.1,3.3333333333333335e-05,25.399644183740456,0.46510976348178823,101.59857673496184
0.9437878277775381,1.0,2.51e-05,0.1,3.3333333333333335e-05,25.399644183740456,0.46510976348178823,101.59857673496184
0.9437878277775381,1.0,3.16e-05,0.1,0.0,25.399644183740456,0.46510976348178823,0.0
0.9437878277775381,1.0,3.98e-05,0.1,3.3333333333333335e-05,25.399644183740456,0.46510976348178823,101.59857673496184
0.9437878277775381,1.0,5.01e-05,0.1,0.0,25.399644183740456,0.46510976348178823,0.0
0.9437878277775381,1.0,6.31e-05,0.1,6.666666666666667e-05,25.399644183740456,0.46510976348178823,203.19715346992368
0.9437878277775381,1.0,7.94e-05,0.1,0.00013333333333333334,25.399644183740456,0.46510976348178823,406.39430693984735
0.9437878277775381,1.0,0.0001,0.1,0.00013333333333333334,25.399644183740456,0.46510976348178823,406.39430693984735
0.9437878277775381,1.0,0.000126,0.1,0.00016666666666666666,25.399644183740456,0.46510976348178823,507.99288367480915
0.9437878277775381,1.0,0.000158,0.1,6.666666666666667e-05,25.399644183740456,0.46510976348178823,203.19715346992368
0.9437878277775381,1.0,0.0002,0.1,0.00016666666666666666,25.399644183740456,0.46510976348178823,507.99288367480915
0.9437878277775381,1.0,0.000251,0.1,0.0,25.399644183740456,0.46510976348178823,0.0
0.9437878277775381,1.0,0.000316,0.1,0.0,25.399644183740456,0.46510976348178823,0.0
0.9437878277775381,1.0,0.000398,0.1,0.0,25.399644183740456,0.46510976348178823,0.0
0.9437878277775381,1.0,0.000501,0.1,0.0,25.399644183740456,0.46510976348178823,0.0
0.9437878277775381,1.0,0.000631,0.1,0.0,25.399644183740456,0.46510976348178823,0.0
0.9437878277775381,1.0,0.000794,0.1,0.0,25.399644183740456,0.46510976348178823,0.0
0.9437878277775381,1.0,0.001,0.1,0.0,25.399644183740456,0.46510976348178823,0.0
0.9437878277775381,1.0,0.00126,0.1,0.0,25.399644183740456,0.46510976348178823,0.0
0.9437878277775381,1.0,0.00158,0.1,0.0,25.399644183740456,0.46510976348178823,0.0
0.9437878277775381,1.0,0.002,0.1,0.0,25.399644183740456,0.46510976348178823,0.0
0.9437878277775381,1.0,0.00251,0.1,0.0,25.399644183740456,0.46510976348178823,0.0
0.9437878277775381,1.0,0.00316,0.1,0.0,25.399644183740456,0.46510976348178823,0.0
0.9437878277775381,1.0,0.00398,0.1,0.0,25.399644183740456,0.46510976348178823,0.0
0.9437878277775381,1.0,0.00501,0.1,0.0,25.399644183740456,0.46510976348178823,0.0
0.9437878277775381,1.0,0.00631,0.1,0.0,25.399644183740456,0.46510976348178823,0.0
0.9884959046625587,1.0,1e-06,0.1,0.0,26.660422821135302,0.48819671893673877,0.0
0.9884959046625587,1.0,1.26e-06,0.1,0.0,26.660422821135302,0.48819671893673877,0.0
0.9884959046625587,1.0,1.58e-06,0.1,0.0,26.660422821135302,0.48819671893673877,0.0
0.9884959046625587,1.0,2e-06,0.1,0.0,26.660422821135302,0.48819671893673877,0.0
0.9884959046625587,1.0,2.51e-06,0.1,0.0,26.660422821135302,0.48819671893673877,0.0
0.9884959046625587,1.0,3.16e-06,0.1,0.0,26.660422821135302,0.48819671893673877,0.0
0.9884959046625587,1.0,3.98e-06,0.1,0.0,26.660422821135302,0.48819671893673877,0.0
0.9884959046625587,1.0,5.01e-06,0.1,0.0,26.660422821135302,0.48819671893673877,0.0
0.9884959046625587,1.0,6.31e-06,0.1,0.0,26.660422821135302,0.48819671893673877,0.0
0.9884959046625587,1.0,7.94e-06,0.1,0.0,26.660422821135302,0.48819671893673877,0.0
0.9884959046625587,1.0,1e-05,0.1,0.0,26.660422821135302,0.48819671893673877,0.0
0.9884959046625587,1.0,1.26e-05,0.1,0.0,26.660422821135302,0.48819671893673877,0.0
0.9884959046625587,1.0,1.58e-05,0.1,0.0,26.660422821135302,0.48819671893673877,0.0
0.9884959046625587,1.0,2e-05,0.1,3.3333333333333335e-05,26.660422821135302,0.48819671893673877,106.64169128454124
0.9884959046625587,1.0,2.51e-05,0.1,3.3333333333333335e-05,26.660422821135302,0.48819671893673877,106.64169128454124
0.9884959046625587,1.0,3.16e-05,0.1,0.0,26.660422821135302,0.48819671893673877,0.0
0.9884959046625587,1.0,3.98e-05,0.1,3.3333333333333335e-05,26.660422821135302,0.48819671893673877,106.64169128454124
0.9884959046625587,1.0,5.01e-05,0.1,0.0,26.660422821135302,0.48819671893673877,0.0
0.9884959046625587,1.0,6.31e-05,0.1,6.666666666666667e-05,26.660422821135302,0.48819671893673877,213.28338256908248
0.9884959046625587,1.0,7.94e-05,0.1,0.00013333333333333334,26.660422821135302,0.48819671893673877,426.56676513816495
0.9884959046625587,1.0,0.0001,0.1,0.00013333333333333334,26.660422821135302,0.48819671893673877,426.56676513816495
0.9884959046625587,1.0,0.000126,0.1,0.00016666666666666666,26.660422821135302,0.48819671893673877,533.208456422706
0.9884959046625587,1.0,0.000158,0.1,6.666666666666667e-05,26.660422821135302,0.48819671893673877,213.28338256908248
0.9884959046625587,1.0,0.0002,0.1,0.00016666666666666666,26.660422821135302,0.48819671893673877,533.208456422706
0.9884959046625587,1.0,0.000251,0.1,0.0,26.660422821135302,0.48819671893673877,0.0
0.9884959046625587,1.0,0.000316,0.1,0.0,26.660422821135302,0.48819671893673877,0.0
0.9884959046625587,1.0,0.000398,0.1,0.0,26.660422821135302,0.48819671893673877,0.0
0.9884959046625587,1.0,0.000501,0.1,0.0,26.660422821135302,0.48819671893673877,0.0
0.9884959046625587,1.0,0.000631,0.1,0.0,26.660422821135302,0.48819671893673877,0.0
0.9884959046625587,1.0,0.000794,0.1,0.0,26.660422821135302,0.48819671893673877,0.0
0.9884959046625587,1.0,0.001,0.1,0.0,26.660422821135302,0.48819671893673877,0.0
0.9884959046625587,1.0,0.00126,0.1,0.0,26.660422821135302,0.48819671893673877,0.0
0.9884959046625587,1.0,0.00158,0.1,0.0,26.660422821135302,0.48819671893673877,0.0
0.9884959046625587,1.0,0.002,0.1,0.0,26.660422821135302,0.48819671893673877,0.0
0.9884959046625587,1.0,0.00251,0.1,0.0,26.660422821135302,0.48819671893673877,0.0
0.9884959046625587,1.0,0.00316,0.1,0.0,26.660422821135302,0.48819671893673877,0.0
0.9884959046625587,1.0,0.00398,0.1,0.0,26.660422821135302,0.48819671893673877,0.0
0.9884959046625587,1.0,0.00501,0.1,0.0,26.660422821135302,0.48819671893673877,0.0
0.9884959046625587,1.0,0.00631,0.1,0.0,26.660422821135302,0.48819671893673877,0.0
1.0353218432956626,1.0,1e-06,0.1,0.0,27.923957518478083,0.5113341424368812,0.0
1.0353218432956626,1.0,1.26e-06,0.1,0.0,27.923957518478083,0.5113341424368812,0.0
1.0353218432956626,1.0,1.58e-06,0.1,0.0,27.923957518478083,0.5113341424368812,0.0
1.0353218432956626,1.0,2e-06,0.1,0.0,27.923957518478083,0.5113341424368812,0.0
1.0353218432956626,1.0,2.51e-06,0.1,0.0,27.923957518478083,0.5113341424368812,0.0
1.0353218432956626,1.0,3.16e-06,0.1,0.0,27.923957518478083,0.5113341424368812,0.0
1.0353218432956626,1.0,3.98e-06,0.1,0.0,27.923957518478083,0.5113341424368812,0.0
1.0353218432956626,1.0,5.01e-06,0.1,0.0,27.923957518478083,0.5113341424368812,0.0
1.0353218432956626,1.0,6.31e-06,0.1,0.0,27.923957518478083,0.5113341424368812,0.0
1.0353218432956626,1.0,7.94e-06,0.1,0.0,27.923957518478083,0.5113341424368812,0.0
1.0353218432956626,1.0,1e-05,0.1,0.0,27.923957518478083,0.5113341424368812,0.0
1.0353218432956626,1.0,1.26e-05,0.1,0.0,27.923957518478083,0.5113341424368812,0.0
1.0353218432956626,1.0,1.58e-05,0.1,0.0,27.923957518478083,0.5113341424368812,0.0
1.0353218432956626,1.0,2e-05,0.1,3.3333333333333335e-05,27.923957518478083,0.5113341424368812,111.69583007391235
1.0353218432956626,1.0,2.51e-05,0.1,3.3333333333333335e-05,27.923957518478083,0.5113341424368812,111.69583007391235
1.0353218432956626,1.0,3.16e-05,0.1,0.0,27.923957518478083,0.5113341424368812,0.0
1.0353218432956626,1.0,3.98e-05,0.1,3.3333333333333335e-05,27.923957518478083,0.5113341424368812,111.69583007391235
1.0353218432956626,1.0,5.01e-05,0.1,0.0,27.923957518478083,0.5113341424368812,0.0
1.0353218432956626,1.0,6.31e-05,0.1,6.666666666666667e-05,27.923957518478083,0.5113341424368812,223.3916601478247
1.0353218432956626,1.0,7.94e-05,0.1,0.00013333333333333334,27.923957518478083,0.5113341424368812,446.7833202956494
1.0353218432956626,1.0,0.0001,0.1,0.00013333333333333334,27.923957518478083,0.5113341424368812,446.7833202956494
1.0353218432956626,1.0,0.000126,0.1,0.00016666666666666666,27.923957518478083,0.5113341424368812,558.4791503695617
1.0353218432956626,1.0,0.000158,0.1,6.666666666666667e-05,27.923957518478083,0.5113341424368812,223.3916601478247
1.0353218432956626,1.0,0.0002,0.1,0.00016666666666666666,27.923957518478083,0.5113341424368812,558.4791503695617
1.0353218432956626,1.0,0.000251,0.1,0.0,27.923957518478083,0.5113341424368812,0.0
1.0353218432956626,1.0,0.000316,0.1,0.0,27.923957518478083,0.5113341424368812,0.0
1.0353218432956626,1.0,0.000398,0.1,0.0,27.923957518478083,0.5113341424368812,0.0
1.0353218432956626,1.0,0.000501,0.1,0.0,27.923957518478083,0.5113341424368812,0.0
1.0353218432956626,1.0,0.000631,0.1,0.0,27.923957518478083,0.5113341424368812,0.0
1.0353218432956626,1.0,0.000794,0.1,0.0,27.923957518478083,0.5113341424368812,0.0
1.0353218432956626,1.0,0.001,0.1,0.0,27.923957518478083,0.5113341424368812,0.0
1.0353218432956626,1.0,0.00126,0.1,0.0,27.923957518478083,0.5113341424368812,0.0
1.0353218432956626,1.0,0.00158,0.1,0.0,27.923957518478083,0.5113341424368812,0.0
1.0353218432956626,1.0,0.002,0.1,0.0,27.923957518478083,0.5113341424368812,0.0
1.0353218432956626,1.0,0.00251,0.1,0.0,27.923957518478083,0.5113341424368812,0.0
1.0353218432956626,1.0,0.00316,0.1,0.0,27.923957518478083,0.5113341424368812,0.0
1.0353218432956626,1.0,0.00398,0.1,0.0,27.923957518478083,0.5113341424368812,0.0
1.0353218432956626,1.0,0.00501,0.1,0.0,27.923957518478083,0.5113341424368812,0.0
1.0353218432956626,1.0,0.00631,0.1,0.0,27.923957518478083,0.5113341424368812,0.0
1.0843659686896108,1.0,1e-06,0.1,0.0,29.184845584770148,0.5344231017170875,0.0
1.0843659686896108,1.0,1.26e-06,0.1,0.0,29.184845584770148,0.5344231017170875,0.0
1.0843659686896108,1.0,1.58e-06,0.1,0.0,29.184845584770148,0.5344231017170875,0.0
1.0843659686896108,1.0,2e-06,0.1,0.0,29.184845584770148,0.5344231017170875,0.0
1.0843659686896108,1.0,2.51e-06,0.1,0.0,29.184845584770148,0.5344231017170875,0.0
1.0843659686896108,1.0,3.16e-06,0.1,0.0,29.184845584770148,0.5344231017170875,0.0
1.0843659686896108,1.0,3.98e-06,0.1,0.0,29.184845584770148,0.5344231017170875,0.0
1.0843659686896108,1.0,5.01e-06,0.1,0.0,29.184845584770148,0.5344231017170875,0.0
1.0843659686896108,1.0,6.31e-06,0.1,0.0,29.184845584770148,0.5344231017170875,0.0
1.0843659686896108,1.0,7.94e-06,0.1,0.0,29.184845584770148,0.5344231017170875,0.0
1.0843659686896108,1.0,1e-05,0.1,0.0,29.184845584770148,0.5344231017170875,0.0
1.0843659686896108,1.0,1.26e-05,0.1,0.0,29.184845584770148,0.5344231017170875,0.0
1.0843659686896108,1.0,1.58e-05,0.1,0.0,29.184845584770148,0.5344231017170875,0.0
1.0843659686896108,1.0,2e-05,0.1,3.3333333333333335e-05,29.184845584770148,0.5344231017170875,116.73938233908062
1.0843659686896108,1.0,2.51e-05,0.1,3.3333333333333335e-05,29.184845584770148,0.5344231017170875,116.73938233908062
1.0843659686896108,1.0,3.16e-05,0.1,0.0,29.184845584770148,0.5344231017170875,0.0
1.0843659686896108,1.0,3.98e-05,0.1,3.3333333333333335e-05,29.184845584770148,0.5344231017170875,116.73938233908062
1.0843659686896108,1.0,5.01e-05,0.1,0.0,29.184845584770148,0.5344231017170875,0.0
1.0843659686896108,1.0,6.31e-05,0.1,6.666666666666667e-05,29.184845584770148,0.5344231017170875,233.47876467816124
1.0843659686896108,1.0,7.94e-05,0.1,0.00013333333333333334,29.184845584770148,0.5344231017170875,466.9575293563225
1.0843659686896108,1.0,0.0001,0.1,0.00013333333333333334,29.184845584770148,0.5344231017170875,466.9575293563225
1.0843659686896108,1.0,0.000126,0.1,0.00016666666666666666,29.184845584770148,0.5344231017170875,583.696911695403
1.0843659686896108,1.0,0.000158,0.1,6.666666666666667e-05,29.184845584770148,0.5344231017170875,233.47876467816124
1.0843659686896108,1.0,0.0002,0.1,0.00016666666666666666,29.184845584770148,0.5344231017170875,583.696911695403
1.0843659686896108,1.0,0.000251,0.1,0.0,29.184845584770148,0.5344231017170875,0.0
1.0843659686896108,1.0,0.000316,0.1,0.0,29.184845584770148,0.5344231017170875,0.0
1.0843659686896108,1.0,0.000398,0.1,0.0,29.184845584770148,0.5344231017170875,0.0
1.0843659686896108,1.0,0.000501,0.1,0.0,29.184845584770148,0.5344231017170875,0.0
1.0843659686896108,1.0,0.000631,0.1,0.0,29.184845584770148,0.5344231017170875,0.0
1.0843659686896108,1.0,0.000794,0.1,0.0,29.184845584770148,0.5344231017170875,0.0
1.0843659686896108,1.0,0.001,0.1,0.0,29.184845584770148,0.5344231017170875,0.0
1.0843659686896108,1.0,0.00126,0.1,0.0,29.184845584770148,0.5344231017170875,0.0
1.0843659686896108,1.0,0.00158,0.1,0.0,29.184845584770148,0.5344231017170875,0.0
1.0843659686896108,1.0,0.002,0.1,0.0,29.184845584770148,0.5344231017170875,0.0
1.0843659686896108,1.0,0.00251,0.1,0.0,29.184845584770148,0.5344231017170875,0.0
1.0843659686896108,1.0,0.00316,0.1,0.0,29.184845584770148,0.5344231017170875,0.0
1.0843659686896108,1.0,0.00398,0.1,0.0,29.184845584770148,0.5344231017170875,0.0
1.0843659686896108,1.0,0.00501,0.1,0.0,29.184845584770148,0.5344231017170875,0.0
1.0843659686896108,1.0,0.00631,0.1,0.0,29.184845584770148,0.5344231017170875,0.0
1.135733358343105,1.0,1e-06,0.1,0.0,30.437729440208713,0.5573654905733146,0.0
1.135733358343105,1.0,1.26e-06,0.1,0.0,30.437729440208713,0.5573654905733146,0.0
1.135733358343105,1.0,1.58e-06,0.1,0.0,30.437729440208713,0.5573654905733146,0.0
1.135733358343105,1.0,2e-06,0.1,0.0,30.437729440208713,0.5573654905733146,0.0
1.135733358343105,1.0,2.51e-06,0.1,0.0,30.437729440208713,0.5573654905733146,0.0
1.135733358343105,1.0,3.16e-06,0.1,0.0,30.437729440208713,0.5573654905733146,0.0
1.135733358343105,1.0,3.98e-06,0.1,0.0,30.437729440208713,0.5573654905733146,0.0
1.135733358343105,1.0,5.01e-06,0.1,0.0,30.437729440208713,0.5573654905733146,0.0
1.135733358343105,1.0,6.31e-06,0.1,0.0,30.437729440208713,0.5573654905733146,0.0
1.135733358343105,1.0,7.94e-06,0.1,0.0,30.437729440208713,0.5573654905733146,0.0
1.135733358343105,1.0,1e-05,0.1,0.0,30.437729440208713,0.5573654905733146,0.0
1.135733358343105,1.0,1.26e-05,0.1,0.0,30.437729440208713,0.5573654905733146,0.0
1.135733358343105,1.0,1.58e-05,0.1,0.0,30.437729440208713,0.5573654905733146,0.0
1.135733358343105,1.0,2e-05,0.1,3.3333333333333335e-05,30.437729440208713,0.5573654905733146,121.75091776083487
1.135733358343105,1.0,2.51e-05,0.1,3.3333333333333335e-05,30.437729440208713,0.5573654905733146,121.75091776083487
1.135733358343105,1.0,3.16e-05,0.1,0.0,30.437729440208713,0.5573654905733146,0.0
1.135733358343105,1.0,3.98e-05,0.1,3.3333333333333335e-05,30.437729440208713,0.5573654905733146,121.75091776083487
1.135733358343105,1.0,5.01e-05,0.1,0.0,30.437729440208713,0.5573654905733146,0.0
1.135733358343105,1.0,6.31e-05,0.1,6.666666666666667e-05,30.437729440208713,0.5573654905733146,243.50183552166973
1.135733358343105,1.0,7.94e-05,0.1,0.00013333333333333334,30.437729440208713,0.5573654905733146,487.00367104333947
1.135733358343105,1.0,0.0001,0.1,0.00013333333333333334,30.437729440208713,0.5573654905733146,487.00367104333947
1.135733358343105,1.0,0.000126,0.1,0.00016666666666666666,30.437729440208713,0.5573654905733146,608.7545888041744
1.135733358343105,1.0,0.000158,0.1,6.666666666666667e-05,30.437729440208713,0.5573654905733146,243.50183552166973
1.135733358343105,1.0,0.0002,0.1,0.00016666666666666666,30.437729440208713,0.5573654905733146,608.7545888041744
1.135733358343105,1.0,0.000251,0.1,0.0,30.437729440208713,0.5573654905733146,0.0
1.135733358343105,1.0,0.000316,0.1,0.0,30.437729440208713,0.5573654905733146,0.0
1.135733358343105,1.0,0.000398,0.1,0.0,30.437729440208713,0.5573654905733146,0.0
1.135733358343105,1.0,0.000501,0.1,0.0,30.437729440208713,0.5573654905733146,0.0
1.135733358343105,1.0,0.000631,0.1,0.0,30.437729440208713,0.5573654905733146,0.0
1.135733358343105,1.0,0.000794,0.1,0.0,30.437729440208713,0.5573654905733146,0.0
1.135733358343105,1.0,0.001,0.1,0.0,30.437729440208713,0.5573654905733146,0.0
1.135733358343105,1.0,0.00126,0.1,0.0,30.437729440208713,0.5573654905733146,0.0
1.135733358343105,1.0,0.00158,0.1,0.0,30.437729440208713,0.5573654905733146,0.0
1.135733358343105,1.0,0.002,0.1,0.0,30.437729440208713,0.5573654905733146,0.0
1.135733358343105,1.0,0.00251,0.1,0.0,30.437729440208713,0.5573654905733146,0.0
1.135733358343105,1.0,0.00316,0.1,0.0,30.437729440208713,0.5573654905733146,0.0
1.135733358343105,1.0,0.00398,0.1,0.0,30.437729440208713,0.5573654905733146,0.0
1.135733358343105,1.0,0.00501,0.1,0.0,30.437729440208713,0.5573654905733146,0.0
1.135733358343105,1.0,0.00631,0.1,0.0,30.437729440208713,0.5573654905733146,0.0
1.1895340673703196,1.0,1e-06,0.1,0.0,31.677387075179478,0.5800656853173316,0.0
1.1895340673703196,1.0,1.26e-06,0.1,0.0,31.677387075179478,0.5800656853173316,0.0
1.1895340673703196,1.0,1.58e-06,0.1,0.0,31.677387075179478,0.5800656853173316,0.0
1.1895340673703196,1.0,2e-06,0.1,0.0,31.677387075179478,0.5800656853173316,0.0
1.1895340673703196,1.0,2.51e-06,0.1,0.0,31.677387075179478,0.5800656853173316,0.0
1.1895340673703196,1.0,3.16e-06,0.1,0.0,31.677387075179478,0.5800656853173316,0.0
1.1895340673703196,1.0,3.98e-06,0.1,0.0,31.677387075179478,0.5800656853173316,0.0
1.1895340673703196,1.0,5.01e-06,0.1,0.0,31.677387075179478,0.5800656853173316,0.0
1.1895340673703196,1.0,6.31e-06,0.1,0.0,31.677387075179478,0.5800656853173316,0.0
1.1895340673703196,1.0,7.94e-06,0.1,0.0,31.677387075179478,0.5800656853173316,0.0
1.1895340673703196,1.0,1e-05,0.1,0.0,31.677387075179478,0.5800656853173316,0.0
1.1895340673703196,1.0,1.26e-05,0.1,0.0,31.677387075179478,0.5800656853173316,0.0
1.1895340673703196,1.0,1.58e-05,0.1,0.0,31.677387075179478,0.5800656853173316,0.0
1.1895340673703196,1.0,2e-05,0.1,3.3333333333333335e-05,31.677387075179478,0.5800656853173316,126.70954830071793
1.1895340673703196,1.0,2.51e-05,0.1,3.3333333333333335e-05,31.677387075179478,0.5800656853173316,126.70954830071793
1.1895340673703196,1.0,3.16e-05,0.1,0.0,31.677387075179478,0.5800656853173316,0.0
1.1895340673703196,1.0,3.98e-05,0.1,3.3333333333333335e-05,31.677387075179478,0.5800656853173316,126.70954830071793
1.1895340673703196,1.0,5.01e-05,0.1,0.0,31.677387075179478,0.5800656853173316,0.0
1.1895340673703196,1.0,6.31e-05,0.1,6.666666666666667e-05,31.677387075179478,0.5800656853173316,253.41909660143585
1.1895340673703196,1.0,7.94e-05,0.1,0.00013333333333333334,31.677387075179478,0.5800656853173316,506.8381932028717
1.1895340673703196,1.0,0.0001,0.1,0.00013333333333333334,31.677387075179478,0.5800656853173316,506.8381932028717
1.1895340673703196,1.0,0.000126,0.1,0.00016666666666666666,31.677387075179478,0.5800656853173316,633.5477415035897
1.1895340673703196,1.0,0.000158,0.1,6.666666666666667e-05,31.677387075179478,0.5800656853173316,253.41909660143585
1.1895340673703196,1.0,0.0002,0.1,0.00016666666666666666,31.677387075179478,0.5800656853173316,633.5477415035897
1.1895340673703196,1.0,0.000251,0.1,0.0,31.677387075179478,0.5800656853173316,0.0
1.1895340673703196,1.0,0.000316,0.1,0.0,31.677387075179478,0.5800656853173316,0.0
1.1895340673703196,1.0,0.000398,0.1,0.0,31.677387075179478,0.5800656853173316,0.0
1.1895340673703196,1.0,0.000501,0.1,0.0,31.677387075179478,0.5800656853173316,0.0
1.1895340673703196,1.0,0.000631,0.1,0.0,31.677387075179478,0.5800656853173316,0.0
1.1895340673703196,1.0,0.000794,0.1,0.0,31.677387075179478,0.5800656853173316,0.0
1.1895340673703196,1.0,0.001,0.1,0.0,31.677387075179478,0.5800656853173316,0.0
1.1895340673703196,1.0,0.00126,0.1,0.0,31.677387075179478,0.5800656853173316,0.0
1.1895340673703196,1.0,0.00158,0.1,0.0,31.677387075179478,0.5800656853173316,0.0
1.1895340673703196,1.0,0.002,0.1,0.0,31.677387075179478,0.5800656853173316,0.0
1.1895340673703196,1.0,0.00251,0.1,0.0,31.677387075179478,0.5800656853173316,0.0
1.1895340673703196,1.0,0.00316,0.1,0.0,31.677387075179478,0.5800656853173316,0.0
1.1895340673703196,1.0,0.00398,0.1,0.0,31.677387075179478,0.5800656853173316,0.0
1.1895340673703196,1.0,0.00501,0.1,0.0,31.677387075179478,0.5800656853173316,0.0
1.1895340673703196,1.0,0.00631,0.1,0.0,31.677387075179478,0.5800656853173316,0.0
1.2458833642950082,1.0,1e-06,0.1,0.0,32.89881766549937,0.6024321125343228,0.0
1.2458833642950082,1.0,1.26e-06,0.1,0.0,32.89881766549937,0.6024321125343228,0.0
1.2458833642950082,1.0,1.58e-06,0.1,0.0,32.89881766549937,0.6024321125343228,0.0
1.2458833642950082,1.0,2e-06,0.1,0.0,32.89881766549937,0.6024321125343228,0.0
1.2458833642950082,1.0,2.51e-06,0.1,0.0,32.89881766549937,0.6024321125343228,0.0
1.2458833642950082,1.0,3.16e-06,0.1,0.0,32.89881766549937,0.6024321125343228,0.0
1.2458833642950082,1.0,3.98e-06,0.1,0.0,32.89881766549937,0.6024321125343228,0.0
1.2458833642950082,1.0,5.01e-06,0.1,0.0,32.89881766549937,0.6024321125343228,0.0
1.2458833642950082,1.0,6.31e-06,0.1,0.0,32.89881766549937,0.6024321125343228,0.0
1.2458833642950082,1.0,7.94e-06,0.1,0.0,32.89881766549937,0.6024321125343228,0.0
1.2458833642950082,1.0,1e-05,0.1,0.0,32.89881766549937,0.6024321125343228,0.0
1.2458833642950082,1.0,1.26e-05,0.1,0.0,32.89881766549937,0.6024321125343228,0.0
1.2458833642950082,1.0,1.58e-05,0.1,0.0,32.89881766549937,0.6024321125343228,0.0
1.2458833642950082,1.0,2e-05,0.1,3.3333333333333335e-05,32.89881766549937,0.6024321125343228,131.59527066199752
1.2458833642950082,1.0,2.51e-05,0.1,3.3333333333333335e-05,32.89881766549937,0.6024321125343228,131.59527066199752
1.2458833642950082,1.0,3.16e-05,0.1,0.0,32.89881766549937,0.6024321125343228,0.0
1.2458833642950082,1.0,3.98e-05,0.1,3.3333333333333335e-05,32.89881766549937,0.6024321125343228,131.59527066199752
1.2458833642950082,1.0,5.01e-05,0.1,0.0,32.89881766549937,0.6024321125343228,0.0
1.2458833642950082,1.0,6.31e-05,0.1,6.666666666666667e-05,32.89881766549937,0.6024321125343228,263.19054132399503
1.2458833642950082,1.0,7.94e-05,0.1,0.00013333333333333334,32.89881766549937,0.6024321125343228,526.3810826479901
1.2458833642950082,1.0,0.0001,0.1,0.00013333333333333334,32.89881766549937,0.6024321125343228,526.3810826479901
1.2458833642950082,1.0,0.000126,0.1,0.00016666666666666666,32.89881766549937,0.6024321125343228,657.9763533099875
1.2458833642950082,1.0,0.000158,0.1,6.666666666666667e-05,32.89881766549937,0.6024321125343228,263.19054132399503
1.2458833642950082,1.0,0.0002,0.1,0.00016666666666666666,32.89881766549937,0.6024321125343228,657.9763533099875
1.2458833642950082,1.0,0.000251,0.1,0.0,32.89881766549937,0.6024321125343228,0.0
1.2458833642950082,1.0,0.000316,0.1,0.0,32.89881766549937,0.6024321125343228,0.0
1.2458833642950082,1.0,0.000398,0.1,0.0,32.89881766549937,0.6024321125343228,0.0
1.2458833642950082,1.0,0.000501,0.1,0.0,32.89881766549937,0.6024321125343228,0.0
1.2458833642950082,1.0,0.000631,0.1,0.0,32.89881766549937,0.6024321125343228,0.0
1.2458833642950082,1.0,0.000794,0.1,0.0,32.89881766549937,0.6024321125343228,0.0
1.2458833642950082,1.0,0.001,0.1,0.0,32.89881766549937,0.6024321125343228,0.0
1.2458833642950082,1.0,0.00126,0.1,0.0,32.89881766549937,0.6024321125343228,0.0
1.2458833642950082,1.0,0.00158,0.1,0.0,32.89881766549937,0.6024321125343228,0.0
1.2458833642950082,1.0,0.002,0.1,0.0,32.89881766549937,0.6024321125343228,0.0
1.2458833642950082,1.0,0.00251,0.1,0.0,32.89881766549937,0.6024321125343228,0.0
1.2458833642950082,1.0,0.00316,0.1,0.0,32.89881766549937,0.6024321125343228,0.0
1.2458833642950082,1.0,0.00398,0.1,0.0,32.89881766549937,0.6024321125343228,0.0
1.2458833642950082,1.0,0.00501,0.1,0.0,32.89881766549937,0.6024321125343228,0.0
1.2458833642950082,1.0,0.00631,0.1,0.0,32.89881766549937,0.6024321125343228,0.0
1.3049019780144029,1.0,1e-06,0.1,0.0,34.09731942005531,0.624378674602734,0.0
1.3049019780144029,1.0,1.26e-06,0.1,0.0,34.09731942005531,0.624378674602734,0.0
1.3049019780144029,1.0,1.58e-06,0.1,0.0,34.09731942005531,0.624378674602734,0.0
1.3049019780144029,1.0,2e-06,0.1,0.0,34.09731942005531,0.624378674602734,0.0
1.3049019780144029,1.0,2.51e-06,0.1,0.0,34.09731942005531,0.624378674602734,0.0
1.3049019780144029,1.0,3.16e-06,0.1,0.0,34.09731942005531,0.624378674602734,0.0
1.3049019780144029,1.0,3.98e-06,0.1,0.0,34.09731942005531,0.624378674602734,0.0
1.3049019780144029,1.0,5.01e-06,0.1,0.0,34.09731942005531,0.624378674602734,0.0
1.3049019780144029,1.0,6.31e-06,0.1,0.0,34.09731942005531,0.624378674602734,0.0
1.3049019780144029,1.0,7.94e-06,0.1,0.0,34.09731942005531,0.624378674602734,0.0
1.3049019780144029,1.0,1e-05,0.1,0.0,34.09731942005531,0.624378674602734,0.0
1.3049019780144029,1.0,1.26e-05,0.1,0.0,34.09731942005531,0.624378674602734,0.0
1.3049019780144029,1.0,1.58e-05,0.1,0.0,34.09731942005531,0.624378674602734,0.0
1.3049019780144029,1.0,2e-05,0.1,3.3333333333333335e-05,34.09731942005531,0.624378674602734,136.38927768022123
1.3049019780144029,1.0,2.51e-05,0.1,3.3333333333333335e-05,34.09731942005531,0.624378674602734,136.38927768022123
1.3049019780144029,1.0,3.16e-05,0.1,0.0,34.09731942005531,0.624378674602734,0.0
1.3049019780144029,1.0,3.98e-05,0.1,3.3333333333333335e-05,34.09731942005531,0.624378674602734,136.38927768022123
1.3049019780144029,1.0,5.01e-05,0.1,0.0,34.09731942005531,0.624378674602734,0.0
1.3049019780144029,1.0,6.31e-05,0.1,6.666666666666667e-05,34.09731942005531,0.624378674602734,272.77855536044245
1.3049019780144029,1.0,7.94e-05,0.1,0.00013333333333333334,34.09731942005531,0.624378674602734,545.5571107208849
1.3049019780144029,1.0,0.0001,0.1,0.00013333333333333334,34.09731942005531,0.624378674602734,545.5571107208849
1.3049019780144029,1.0,0.000126,0.1,0.00016666666666666666,34.09731942005531,0.624378674602734,681.9463884011061
1.3049019780144029,1.0,0.000158,0.1,6.666666666666667e-05,34.09731942005531,0.624378674602734,272.77855536044245
1.3049019780144029,1.0,0.0002,0.1,0.00016666666666666666,34.09731942005531,0.624378674602734,681.9463884011061
1.3049019780144029,1.0,0.000251,0.1,0.0,34.09731942005531,0.624378674602734,0.0
1.3049019780144029,1.0,0.000316,0.1,0.0,34.09731942005531,0.624378674602734,0.0
1.3049019780144029,1.0,0.000398,0.1,0.0,34.09731942005531,0.624378674602734,0.0
1.3049019780144029,1.0,0.000501,0.1,0.0,34.09731942005531,0.624378674602734,0.0
1.3049019780144029,1.0,0.000631,0.1,0.0,34.09731942005531,0.624378674602734,0.0
1.3049019780144029,1.0,0.000794,0.1,0.0,34.09731942005531,0.624378674602734,0.0
1.3049019780144029,1.0,0.001,0.1,0.0,34.09731942005531,0.624378674602734,0.0
1.3049019780144029,1.0,0.00126,0.1,0.0,34.09731942005531,0.624378674602734,0.0
1.3049019780144029,1.0,0.00158,0.1,0.0,34.09731942005531,0.624378674602734,0.0
1.3049019780144029,1.0,0.002,0.1,0.0,34.09731942005531,0.624378674602734,0.0
1.3049019780144029,1.0,0.00251,0.1,0.0,34.09731942005531,0.624378674602734,0.0
1.3049019780144029,1.0,0.00316,0.1,0.0,34.09731942005531,0.624378674602734,0.0
1.3049019780144029,1.0,0.00398,0.1,0.0,34.09731942005531,0.624378674602734,0.0
1.3049019780144029,1.0,0.00501,0.1,0.0,34.09731942005531,0.624378674602734,0.0
1.3049019780144029,1.0,0.00631,0.1,0.0,34.09731942005531,0.624378674602734,0.0
1.3667163564620073,1.0,1e-06,0.1,0.0,35.268557198793,0.6458259878921991,0.0
1.3667163564620073,1.0,1.26e-06,0.1,0.0,35.268557198793,0.6458259878921991,0.0
1.3667163564620073,1.0,1.58e-06,0.1,0.0,35.268557198793,0.6458259878921991,0.0
1.3667163564620073,1.0,2e-06,0.1,0.0,35.268557198793,0.6458259878921991,0.0
1.3667163564620073,1.0,2.51e-06,0.1,0.0,35.268557198793,0.6458259878921991,0.0
1.3667163564620073,1.0,3.16e-06,0.1,0.0,35.268557198793,0.6458259878921991,0.0
1.3667163564620073,1.0,3.98e-06,0.1,0.0,35.268557198793,0.6458259878921991,0.0
1.3667163564620073,1.0,5.01e-06,0.1,0.0,35.268557198793,0.6458259878921991,0.0
1.3667163564620073,1.0,6.31e-06,0.1,0.0,35.268557198793,0.6458259878921991,0.0
1.3667163564620073,1.0,7.94e-06,0.1,0.0,35.268557198793,0.6458259878921991,0.0
1.3667163564620073,1.0,1e-05,0.1,0.0,35.268557198793,0.6458259878921991,0.0
1.3667163564620073,1.0,1.26e-05,0.1,0.0,35.268557198793,0.6458259878921991,0.0
1.3667163564620073,1.0,1.58e-05,0.1,0.0,35.268557198793,0.6458259878921991,0.0
1.3667163564620073,1.0,2e-05,0.1,3.3333333333333335e-05,35.268557198793,0.6458259878921991,141.07422879517202
1.3667163564620073,1.0,2.51e-05,0.1,3.3333333333333335e-05,35.268557198793,0.6458259878921991,141.07422879517202
1.3667163564620073,1.0,3.16e-05,0.1,0.0,35.268557198793,0.6458259878921991,0.0
1.3667163564620073,1.0,3.98e-05,0.1,3.3333333333333335e-05,35.268557198793,0.6458259878921991,141.07422879517202
1.3667163564620073,1.0,5.01e-05,0.1,0.0,35.268557198793,0.6458259878921991,0.0
1.3667163564620073,1.0,6.31e-05,0.1,6.666666666666667e-05,35.268557198793,0.6458259878921991,282.14845759034404
1.3667163564620073,1.0,7.94e-05,0.1,0.00013333333333333334,35.268557198793,0.6458259878921991,564.2969151806881
1.3667163564620073,1.0,0.0001,0.1,0.00013333333333333334,35.268557198793,0.6458259878921991,564.2969151806881
1.3667163564620073,1.0,0.000126,0.1,0.00016666666666666666,35.268557198793,0.6458259878921991,705.37114397586
1.3667163564620073,1.0,0.000158,0.1,6.666666666666667e-05,35.268557198793,0.6458259878921991,282.14845759034404
1.3667163564620073,1.0,0.0002,0.1,0.00016666666666666666,35.268557198793,0.6458259878921991,705.37114397586
1.3667163564620073,1.0,0.000251,0.1,0.0,35.268557198793,0.6458259878921991,0.0
1.3667163564620073,1.0,0.000316,0.1,0.0,35.268557198793,0.6458259878921991,0.0
1.3667163564620073,1.0,0.000398,0.1,0.0,35.268557198793,0.6458259878921991,0.0
1.3667163564620073,1.0,0.000501,0.1,0.0,35.268557198793,0.6458259878921991,0.0
1.3667163564620073,1.0,0.000631,0.1,0.0,35.268557198793,0.6458259878921991,0.0
1.3667163564620073,1.0,0.000794,0.1,0.0,35.268557198793,0.6458259878921991,0.0
1.3667163564620073,1.0,0.001,0.1,0.0,35.268557198793,0.6458259878921991,0.0
1.3667163564620073,1.0,0.00126,0.1,0.0,35.268557198793,0.6458259878921991,0.0
1.3667163564620073,1.0,0.00158,0.1,0.0,35.268557198793,0.6458259878921991,0.0
1.3667163564620073,1.0,0.002,0.1,0.0,35.268557198793,0.6458259878921991,0.0
1.3667163564620073,1.0,0.00251,0.1,0.0,35.268557198793,0.6458259878921991,0.0
1.3667163564620073,1.0,0.00316,0.1,0.0,35.268557198793,0.6458259878921991,0.0
1.3667163564620073,1.0,0.00398,0.1,0.0,35.268557198793,0.6458259878921991,0.0
1.3667163564620073,1.0,0.00501,0.1,0.0,35.268557198793,0.6458259878921991,0.0
1.3667163564620073,1.0,0.00631,0.1,0.0,35.268557198793,0.6458259878921991,0.0
1.4314589375234785,1.0,1e-06,0.1,0.0,36.40861802696851,0.6667023993218918,0.0
1.4314589375234785,1.0,1.26e-06,0.1,0.0,36.40861802696851,0.6667023993218918,0.0
1.4314589375234785,1.0,1.58e-06,0.1,0.0,36.40861802696851,0.6667023993218918,0.0
1.4314589375234785,1.0,2e-06,0.1,0.0,36.40861802696851,0.6667023993218918,0.0
1.4314589375234785,1.0,2.51e-06,0.1,0.0,36.40861802696851,0.6667023993218918,0.0
1.4314589375234785,1.0,3.16e-06,0.1,0.0,36.40861802696851,0.6667023993218918,0.0
1.4314589375234785,1.0,3.98e-06,0.1,0.0,36.40861802696851,0.6667023993218918,0.0
1.4314589375234785,1.0,5.01e-06,0.1,0.0,36.40861802696851,0.6667023993218918,0.0
1.4314589375234785,1.0,6.31e-06,0.1,0.0,36.40861802696851,0.6667023993218918,0.0
1.4314589375234785,1.0,7.94e-06,0.1,0.0,36.40861802696851,0.6667023993218918,0.0
1.4314589375234785,1.0,1e-05,0.1,0.0,36.40861802696851,0.6667023993218918,0.0
1.4314589375234785,1.0,1.26e-05,0.1,0.0,36.40861802696851,0.6667023993218918,0.0
1.4314589375234785,1.0,1.58e-05,0.1,0.0,36.40861802696851,0.6667023993218918,0.0
1.4314589375234785,1.0,2e-05,0.1,3.3333333333333335e-05,36.40861802696851,0.6667023993218918,145.63447210787407
1.4314589375234785,1.0,2.51e-05,0.1,3.3333333333333335e-05,36.40861802696851,0.6667023993218918,145.63447210787407
1.4314589375234785,1.0,3.16e-05,0.1,0.0,36.40861802696851,0.6667023993218918,0.0
1.4314589375234785,1.0,3.98e-05,0.1,3.3333333333333335e-05,36.40861802696851,0.6667023993218918,145.63447210787407
1.4314589375234785,1.0,5.01e-05,0.1,0.0,36.40861802696851,0.6667023993218918,0.0
1.4314589375234785,1.0,6.31e-05,0.1,6.666666666666667e-05,36.40861802696851,0.6667023993218918,291.26894421574815
1.4314589375234785,1.0,7.94e-05,0.1,0.00013333333333333334,36.40861802696851,0.6667023993218918,582.5378884314963
1.4314589375234785,1.0,0.0001,0.1,0.00013333333333333334,36.40861802696851,0.6667023993218918,582.5378884314963
1.4314589375234785,1.0,0.000126,0.1,0.00016666666666666666,36.40861802696851,0.6667023993218918,728.1723605393703
1.4314589375234785,1.0,0.000158,0.1,6.666666666666667e-05,36.40861802696851,0.6667023993218918,291.26894421574815
1.4314589375234785,1.0,0.0002,0.1,0.00016666666666666666,36.40861802696851,0.6667023993218918,728.1723605393703
1.4314589375234785,1.0,0.000251,0.1,0.0,36.40861802696851,0.6667023993218918,0.0
1.4314589375234785,1.0,0.000316,0.1,0.0,36.40861802696851,0.6667023993218918,0.0
1.4314589375234785,1.0,0.000398,0.1,0.0,36.40861802696851,0.6667023993218918,0.0
1.4314589375234785,1.0,0.000501,0.1,0.0,36.40861802696851,0.6667023993218918,0.0
1.4314589375234785,1.0,0.000631,0.1,0.0,36.40861802696851,0.6667023993218918,0.0
1.4314589375234785,1.0,0.000794,0.1,0.0,36.40861802696851,0.6667023993218918,0.0
1.4314589375234785,1.0,0.001,0.1,0.0,36.40861802696851,0.6667023993218918,0.0
1.4314589375234785,1.0,0.00126,0.1,0.0,36.40861802696851,0.6667023993218918,0.0
1.4314589375234785,1.0,0.00158,0.1,0.0,36.40861802696851,0.6667023993218918,0.0
1.4314589375234785,1.0,0.002,0.1,0.0,36.40861802696851,0.6667023993218918,0.0
1.4314589375234785,1.0,0.00251,0.1,0.0,36.40861802696851,0.6667023993218918,0.0
1.4314589375234785,1.0,0.00316,0.1,0.0,36.40861802696851,0.6667023993218918,0.0
1.4314589375234785,1.0,0.00398,0.1,0.0,36.40861802696851,0.6667023993218918,0.0
1.4314589375234785,1.0,0.00501,0.1,0.0,36.40861802696851,0.6667023993218918,0.0
1.4314589375234785,1.0,0.00631,0.1,0.0,36.40861802696851,0.6667023993218918,0.0
1.4992684327860455,1.0,1e-06,0.1,0.0,37.51405329525576,0.6869447591147366,0.0
1.4992684327860455,1.0,1.26e-06,0.1,0.0,37.51405329525576,0.6869447591147366,0.0
1.4992684327860455,1.0,1.58e-06,0.1,0.0,37.51405329525576,0.6869447591147366,0.0
1.4992684327860455,1.0,2e-06,0.1,0.0,37.51405329525576,0.6869447591147366,0.0
1.4992684327860455,1.0,2.51e-06,0.1,0.0,37.51405329525576,0.6869447591147366,0.0
1.4992684327860455,1.0,3.16e-06,0.1,0.0,37.51405329525576,0.6869447591147366,0.0
1.4992684327860455,1.0,3.98e-06,0.1,0.0,37.51405329525576,0.6869447591147366,0.0
1.4992684327860455,1.0,5.01e-06,0.1,0.0,37.51405329525576,0.6869447591147366,0.0
1.4992684327860455,1.0,6.31e-06,0.1,0.0,37.51405329525576,0.6869447591147366,0.0
1.4992684327860455,1.0,7.94e-06,0.1,0.0,37.51405329525576,0.6869447591147366,0.0
1.4992684327860455,1.0,1e-05,0.1,0.0,37.51405329525576,0.6869447591147366,0.0
1.4992684327860455,1.0,1.26e-05,0.1,0.0,37.51405329525576,0.6869447591147366,0.0
1.4992684327860455,1.0,1.58e-05,0.1,0.0,37.51405329525576,0.6869447591147366,0.0
1.4992684327860455,1.0,2e-05,0.1,3.3333333333333335e-05,37.51405329525576,0.6869447591147366,150.05621318102308
1.4992684327860455,1.0,2.51e-05,0.1,3.3333333333333335e-05,37.51405329525576,0.6869447591147366,150.05621318102308
1.4992684327860455,1.0,3.16e-05,0.1,0.0,37.51405329525576,0.6869447591147366,0.0
1.4992684327860455,1.0,3.98e-05,0.1,3.3333333333333335e-05,37.51405329525576,0.6869447591147366,150.05621318102308
1.4992684327860455,1.0,5.01e-05,0.1,0.0,37.51405329525576,0.6869447591147366,0.0
1.4992684327860455,1.0,6.31e-05,0.1,6.666666666666667e-05,37.51405329525576,0.6869447591147366,300.11242636204616
1.4992684327860455,1.0,7.94e-05,0.1,0.00013333333333333334,37.51405329525576,0.6869447591147366,600.2248527240923
1.4992684327860455,1.0,0.0001,0.1,0.00013333333333333334,37.51405329525576,0.6869447591147366,600.2248527240923
1.4992684327860455,1.0,0.000126,0.1,0.00016666666666666666,37.51405329525576,0.6869447591147366,750.2810659051154
1.4992684327860455,1.0,0.000158,0.1,6.666666666666667e-05,37.51405329525576,0.6869447591147366,300.11242636204616
1.4992684327860455,1.0,0.0002,0.1,0.00016666666666666666,37.51405329525576,0.6869447591147366,750.2810659051154
1.4992684327860455,1.0,0.000251,0.1,0.0,37.51405329525576,0.6869447591147366,0.0
1.4992684327860455,1.0,0.000316,0.1,0.0,37.51405329525576,0.6869447591147366,0.0
1.4992684327860455,1.0,0.000398,0.1,0.0,37.51405329525576,0.6869447591147366,0.0
1.4992684327860455,1.0,0.000501,0.1,0.0,37.51405329525576,0.6869447591147366,0.0
1.4992684327860455,1.0,0.000631,0.1,0.0,37.51405329525576,0.6869447591147366,0.0
1.4992684327860455,1.0,0.000794,0.1,0.0,37.51405329525576,0.6869447591147366,0.0
1.4992684327860455,1.0,0.001,0.1,0.0,37.51405329525576,0.6869447591147366,0.0
1.4992684327860455,1.0,0.00126,0.1,0.0,37.51405329525576,0.6869447591147366,0.0
1.4992684327860455,1.0,0.00158,0.1,0.0,37.51405329525576,0.6869447591147366,0.0
1.4992684327860455,1.0,0.002,0.1,0.0,37.51405329525576,0.6869447591147366,0.0
1.4992684327860455,1.0,0.00251,0.1,0.0,37.51405329525576,0.6869447591147366,0.0
1.4992684327860455,1.0,0.00316,0.1,0.0,37.51405329525576,0.6869447591147366,0.0
1.4992684327860455,1.0,0.00398,0.1,0.0,37.51405329525576,0.6869447591147366,0.0
1.4992684327860455,1.0,0.00501,0.1,0.0,37.51405329525576,0.6869447591147366,0.0
1.4992684327860455,1.0,0.00631,0.1,0.0,37.51405329525576,0.6869447591147366,0.0
1.5702901247293775,1.0,1e-06,0.1,0.0,38.581907121134414,0.70649894014163,0.0
1.5702901247293775,1.0,1.26e-06,0.1,0.0,38.581907121134414,0.70649894014163,0.0
1.5702901247293775,1.0,1.58e-06,0.1,0.0,38.581907121134414,0.70649894014163,0.0
1.5702901247293775,1.0,2e-06,0.1,0.0,38.581907121134414,0.70649894014163,0.0
1.5702901247293775,1.0,2.51e-06,0.1,0.0,38.581907121134414,0.70649894014163,0.0
1.5702901247293775,1.0,3.16e-06,0.1,0.0,38.581907121134414,0.70649894014163,0.0
1.5702901247293775,1.0,3.98e-06,0.1,0.0,38.581907121134414,0.70649894014163,0.0
1.5702901247293775,1.0,5.01e-06,0.1,0.0,38.581907121134414,0.70649894014163,0.0
1.5702901247293775,1.0,6.31e-06,0.1,0.0,38.581907121134414,0.70649894014163,0.0
1.5702901247293775,1.0,7.94e-06,0.1,0.0,38.581907121134414,0.70649894014163,0.0
1.5702901247293775,1.0,1e-05,0.1,0.0,38.581907121134414,0.70649894014163,0.0
1.5702901247293775,1.0,1.26e-05,0.1,0.0,38.581907121134414,0.70649894014163,0.0
1.5702901247293775,1.0,1.58e-05,0.1,0.0,38.581907121134414,0.70649894014163,0.0
1.5702901247293775,1.0,2e-05,0.1,3.3333333333333335e-05,38.581907121134414,0.70649894014163,154.32762848453768
1.5702901247293775,1.0,2.51e-05,0.1,3.3333333333333335e-05,38.581907121134414,0.70649894014163,154.32762848453768
1.5702901247293775,1.0,3.16e-05,0.1,0.0,38.581907121134414,0.70649894014163,0.0
1.5702901247293775,1.0,3.98e-05,0.1,3.3333333333333335e-05,38.581907121134414,0.70649894014163,154.32762848453768
1.5702901247293775,1.0,5.01e-05,0.1,0.0,38.581907121134414,0.70649894014163,0.0
1.5702901247293775,1.0,6.31e-05,0.1,6.666666666666667e-05,38.581907121134414,0.70649894014163,308.65525696907537
1.5702901247293775,1.0,7.94e-05,0.1,0.00013333333333333334,38.581907121134414,0.70649894014163,617.3105139381507
1.5702901247293775,1.0,0.0001,0.1,0.00013333333333333334,38.581907121134414,0.70649894014163,617.3105139381507
1.5702901247293775,1.0,0.000126,0.1,0.00016666666666666666,38.581907121134414,0.70649894014163,771.6381424226884
1.5702901247293775,1.0,0.000158,0.1,6.666666666666667e-05,38.581907121134414,0.70649894014163,308.65525696907537
1.5702901247293775,1.0,0.0002,0.1,0.00016666666666666666,38.581907121134414,0.70649894014163,771.6381424226884
1.5702901247293775,1.0,0.000251,0.1,0.0,38.581907121134414,0.70649894014163,0.0
1.5702901247293775,1.0,0.000316,0.1,0.0,38.581907121134414,0.70649894014163,0.0
1.5702901247293775,1.0,0.000398,0.1,0.0,38.581907121134414,0.70649894014163,0.0
1.5702901247293775,1.0,0.000501,0.1,0.0,38.581907121134414,0.70649894014163,0.0
1.5702901247293775,1.0,0.000631,0.1,0.0,38.581907121134414,0.70649894014163,0.0
1.5702901247293775,1.0,0.000794,0.1,0.0,38.581907121134414,0.70649894014163,0.0
1.5702901247293775,1.0,0.001,0.1,0.0,38.581907121134414,0.70649894014163,0.0
1.5702901247293775,1.0,0.00126,0.1,0.0,38.581907121134414,0.70649894014163,0.0
1.5702901247293775,1.0,0.00158,0.1,0.0,38.581907121134414,0.70649894014163,0.0
1.5702901247293775,1.0,0.002,0.1,0.0,38.581907121134414,0.70649894014163,0.0
1.5702901247293775,1.0,0.00251,0.1,0.0,38.581907121134414,0.70649894014163,0.0
1.5702901247293775,1.0,0.00316,0.1,0.0,38.581907121134414,0.70649894014163,0.0
1.5702901247293775,1.0,0.00398,0.1,0.0,38.581907121134414,0.70649894014163,0.0
1.5702901247293775,1.0,0.00501,0.1,0.0,38.581907121134414,0.70649894014163,0.0
1.5702901247293775,1.0,0.00631,0.1,0.0,38.581907121134414,0.70649894014163,0.0
1.6446761779946644,1.0,1e-06,0.1,0.0,39.60973100412586,0.7253201062832056,0.0
1.6446761779946644,1.0,1.26e-06,0.1,0.0,39.60973100412586,0.7253201062832056,0.0
1.6446761779946644,1.0,1.58e-06,0.1,0.0,39.60973100412586,0.7253201062832056,0.0
1.6446761779946644,1.0,2e-06,0.1,0.0,39.60973100412586,0.7253201062832056,0.0
1.6446761779946644,1.0,2.51e-06,0.1,0.0,39.60973100412586,0.7253201062832056,0.0
1.6446761779946644,1.0,3.16e-06,0.1,0.0,39.60973100412586,0.7253201062832056,0.0
1.6446761779946644,1.0,3.98e-06,0.1,0.0,39.60973100412586,0.7253201062832056,0.0
1.6446761779946644,1.0,5.01e-06,0.1,0.0,39.60973100412586,0.7253201062832056,0.0
1.6446761779946644,1.0,6.31e-06,0.1,0.0,39.60973100412586,0.7253201062832056,0.0
1.6446761779946644,1.0,7.94e-06,0.1,0.0,39.60973100412586,0.7253201062832056,0.0
1.6446761779946644,1.0,1e-05,0.1,0.0,39.60973100412586,0.7253201062832056,0.0
1.6446761779946644,1.0,1.26e-05,0.1,0.0,39.60973100412586,0.7253201062832056,0.0
1.6446761779946644,1.0,1.58e-05,0.1,0.0,39.60973100412586,0.7253201062832056,0.0
1.6446761779946644,1.0,2e-05,0.1,3.3333333333333335e-05,39.60973100412586,0.7253201062832056,158.4389240165035
1.6446761779946644,1.0,2.51e-05,0.1,3.3333333333333335e-05,39.60973100412586,0.7253201062832056,158.4389240165035
1.6446761779946644,1.0,3.16e-05,0.1,0.0,39.60973100412586,0.7253201062832056,0.0
1.6446761779946644,1.0,3.98e-05,0.1,3.3333333333333335e-05,39.60973100412586,0.7253201062832056,158.4389240165035
1.6446761779946644,1.0,5.01e-05,0.1,0.0,39.60973100412586,0.7253201062832056,0.0
1.6446761779946644,1.0,6.31e-05,0.1,6.666666666666667e-05,39.60973100412586,0.7253201062832056,316.877848033007
1.6446761779946644,1.0,7.94e-05,0.1,0.00013333333333333334,39.60973100412586,0.7253201062832056,633.755696066014
1.6446761779946644,1.0,0.0001,0.1,0.00013333333333333334,39.60973100412586,0.7253201062832056,633.755696066014
1.6446761779946644,1.0,0.000126,0.1,0.00016666666666666666,39.60973100412586,0.7253201062832056,792.1946200825173
1.6446761779946644,1.0,0.000158,0.1,6.666666666666667e-05,39.60973100412586,0.7253201062832056,316.877848033007
1.6446761779946644,1.0,0.0002,0.1,0.00016666666666666666,39.60973100412586,0.7253201062832056,792.1946200825173
1.6446761779946644,1.0,0.000251,0.1,0.0,39.60973100412586,0.7253201062832056,0.0
1.6446761779946644,1.0,0.000316,0.1,0.0,39.60973100412586,0.7253201062832056,0.0
1.6446761779946644,1.0,0.000398,0.1,0.0,39.60973100412586,0.7253201062832056,0.0
1.6446761779946644,1.0,0.000501,0.1,0.0,39.60973100412586,0.7253201062832056,0.0
1.6446761779946644,1.0,0.000631,0.1,0.0,39.60973100412586,0.7253201062832056,0.0
1.6446761779946644,1.0,0.000794,0.1,0.0,39.60973100412586,0.7253201062832056,0.0
1.6446761779946644,1.0,0.001,0.1,0.0,39.60973100412586,0.7253201062832056,0.0
1.6446761779946644,1.0,0.00126,0.1,0.0,39.60973100412586,0.7253201062832056,0.0
1.6446761779946644,1.0,0.00158,0.1,0.0,39.60973100412586,0.7253201062832056,0.0
1.6446761779946644,1.0,0.002,0.1,0.0,39.60973100412586,0.7253201062832056,0.0
1.6446761779946644,1.0,0.00251,0.1,0.0,39.60973100412586,0.7253201062832056,0.0
1.6446761779946644,1.0,0.00316,0.1,0.0,39.60973100412586,0.7253201062832056,0.0
1.6446761779946644,1.0,0.00398,0.1,0.0,39.60973100412586,0.7253201062832056,0.0
1.6446761779946644,1.0,0.00501,0.1,0.0,39.60973100412586,0.7253201062832056,0.0
1.6446761779946644,1.0,0.00631,0.1,0.0,39.60973100412586,0.7253201062832056,0.0
1.7225859653987874,1.0,1e-06,0.1,0.0,40.59558549273312,0.743372742954278,0.0
1.7225859653987874,1.0,1.26e-06,0.1,0.0,40.59558549273312,0.743372742954278,0.0
1.7225859653987874,1.0,1.58e-06,0.1,0.0,40.59558549273312,0.743372742954278,0.0
1.7225859653987874,1.0,2e-06,0.1,0.0,40.59558549273312,0.743372742954278,0.0
1.7225859653987874,1.0,2.51e-06,0.1,0.0,40.59558549273312,0.743372742954278,0.0
1.7225859653987874,1.0,3.16e-06,0.1,0.0,40.59558549273312,0.743372742954278,0.0
1.7225859653987874,1.0,3.98e-06,0.1,0.0,40.59558549273312,0.743372742954278,0.0
1.7225859653987874,1.0,5.01e-06,0.1,0.0,40.59558549273312,0.743372742954278,0.0
1.7225859653987874,1.0,6.31e-06,0.1,0.0,40.59558549273312,0.743372742954278,0.0
1.7225859653987874,1.0,7.94e-06,0.1,0.0,40.59558549273312,0.743372742954278,0.0
1.7225859653987874,1.0,1e-05,0.1,0.0,40.59558549273312,0.743372742954278,0.0
1.7225859653987874,1.0,1.26e-05,0.1,0.0,40.59558549273312,0.743372742954278,0.0
1.7225859653987874,1.0,1.58e-05,0.1,0.0,40.59558549273312,0.743372742954278,0.0
1.7225859653987874,1.0,2e-05,0.1,3.3333333333333335e-05,40.59558549273312,0.743372742954278,162.38234197093252
1.7225859653987874,1.0,2.51e-05,0.1,3.3333333333333335e-05,40.59558549273312,0.743372742954278,162.38234197093252
1.7225859653987874,1.0,3.16e-05,0.1,0.0,40.59558549273312,0.743372742954278,0.0
1.7225859653987874,1.0,3.98e-05,0.1,3.3333333333333335e-05,40.59558549273312,0.743372742954278,162.38234197093252
1.7225859653987874,1.0,5.01e-05,0.1,0.0,40.59558549273312,0.743372742954278,0.0
1.7225859653987874,1.0,6.31e-05,0.1,6.666666666666667e-05,40.59558549273312,0.743372742954278,324.76468394186503
1.7225859653987874,1.0,7.94e-05,0.1,0.00013333333333333334,40.59558549273312,0.743372742954278,649.5293678837301
1.7225859653987874,1.0,0.0001,0.1,0.00013333333333333334,40.59558549273312,0.743372742954278,649.5293678837301
1.7225859653987874,1.0,0.000126,0.1,0.00016666666666666666,40.59558549273312,0.743372742954278,811.9117098546625
1.7225859653987874,1.0,0.000158,0.1,6.666666666666667e-05,40.59558549273312,0.743372742954278,324.76468394186503
1.7225859653987874,1.0,0.0002,0.1,0.00016666666666666666,40.59558549273312,0.743372742954278,811.9117098546625
1.7225859653987874,1.0,0.000251,0.1,0.0,40.59558549273312,0.743372742954278,0.0
1.7225859653987874,1.0,0.000316,0.1,0.0,40.59558549273312,0.743372742954278,0.0
1.7225859653987874,1.0,0.000398,0.1,0.0,40.59558549273312,0.743372742954278,0.0
1.7225859653987874,1.0,0.000501,0.1,0.0,40.59558549273312,0.743372742954278,0.0
1.7225859653987874,1.0,0.000631,0.1,0.0,40.59558549273312,0.743372742954278,0.0
1.7225859653987874,1.0,0.000794,0.1,0.0,40.59558549273312,0.743372742954278,0.0
1.7225859653987874,1.0,0.001,0.1,0.0,40.59558549273312,0.743372742954278,0.0
1.7225859653987874,1.0,0.00126,0.1,0.0,40.59558549273312,0.743372742954278,0.0
1.7225859653987874,1.0,0.00158,0.1,0.0,40.59558549273312,0.743372742954278,0.0
1.7225859653987874,1.0,0.002,0.1,0.0,40.59558549273312,0.743372742954278,0.0
1.7225859653987874,1.0,0.00251,0.1,0.0,40.59558549273312,0.743372742954278,0.0
1.7225859653987874,1.0,0.00316,0.1,0.0,40.59558549273312,0.743372742954278,0.0
1.7225859653987874,1.0,0.00398,0.1,0.0,40.59558549273312,0.743372742954278,0.0
1.7225859653987874,1.0,0.00501,0.1,0.0,40.59558549273312,0.743372742954278,0.0
1.7225859653987874,1.0,0.00631,0.1,0.0,40.59558549273312,0.743372742954278,0.0
1.8041864093920719,1.0,1e-06,0.1,0.0,41.53803006233035,0.760630471751151,0.0
1.8041864093920719,1.0,1.26e-06,0.1,0.0,41.53803006233035,0.760630471751151,0.0
1.8041864093920719,1.0,1.58e-06,0.1,0.0,41.53803006233035,0.760630471751151,0.0
1.8041864093920719,1.0,2e-06,0.1,0.0,41.53803006233035,0.760630471751151,0.0
1.8041864093920719,1.0,2.51e-06,0.1,0.0,41.53803006233035,0.760630471751151,0.0
1.8041864093920719,1.0,3.16e-06,0.1,0.0,41.53803006233035,0.760630471751151,0.0
1.8041864093920719,1.0,3.98e-06,0.1,0.0,41.53803006233035,0.760630471751151,0.0
1.8041864093920719,1.0,5.01e-06,0.1,0.0,41.53803006233035,0.760630471751151,0.0
1.8041864093920719,1.0,6.31e-06,0.1,0.0,41.53803006233035,0.760630471751151,0.0
1.8041864093920719,1.0,7.94e-06,0.1,0.0,41.53803006233035,0.760630471751151,0.0
1.8041864093920719,1.0,1e-05,0.1,0.0,41.53803006233035,0.760630471751151,0.0
1.8041864093920719,1.0,1.26e-05,0.1,0.0,41.53803006233035,0.760630471751151,0.0
1.8041864093920719,1.0,1.58e-05,0.1,0.0,41.53803006233035,0.760630471751151,0.0
1.8041864093920719,1.0,2e-05,0.1,3.3333333333333335e-05,41.53803006233035,0.760630471751151,166.15212024932143
1.8041864093920719,1.0,2.51e-05,0.1,3.3333333333333335e-05,41.53803006233035,0.760630471751151,166.15212024932143
1.8041864093920719,1.0,3.16e-05,0.1,0.0,41.53803006233035,0.760630471751151,0.0
1.8041864093920719,1.0,3.98e-05,0.1,3.3333333333333335e-05,41.53803006233035,0.760630471751151,166.15212024932143
1.8041864093920719,1.0,5.01e-05,0.1,0.0,41.53803006233035,0.760630471751151,0.0
1.8041864093920719,1.0,6.31e-05,0.1,6.666666666666667e-05,41.53803006233035,0.760630471751151,332.30424049864286
1.8041864093920719,1.0,7.94e-05,0.1,0.00013333333333333334,41.53803006233035,0.760630471751151,664.6084809972857
1.8041864093920719,1.0,0.0001,0.1,0.00013333333333333334,41.53803006233035,0.760630471751151,664.6084809972857
1.8041864093920719,1.0,0.000126,0.1,0.00016666666666666666,41.53803006233035,0.760630471751151,830.7606012466072
1.8041864093920719,1.0,0.000158,0.1,6.666666666666667e-05,41.53803006233035,0.760630471751151,332.30424049864286
1.8041864093920719,1.0,0.0002,0.1,0.00016666666666666666,41.53803006233035,0.760630471751151,830.7606012466072
1.8041864093920719,1.0,0.000251,0.1,0.0,41.53803006233035,0.760630471751151,0.0
1.8041864093920719,1.0,0.000316,0.1,0.0,41.53803006233035,0.760630471751151,0.0
1.8041864093920719,1.0,0.000398,0.1,0.0,41.53803006233035,0.760630471751151,0.0
1.8041864093920719,1.0,0.000501,0.1,0.0,41.53803006233035,0.760630471751151,0.0
1.8041864093920719,1.0,0.000631,0.1,0.0,41.53803006233035,0.760630471751151,0.0
1.8041864093920719,1.0,0.000794,0.1,0.0,41.53803006233035,0.760630471751151,0.0
1.8041864093920719,1.0,0.001,0.1,0.0,41.53803006233035,0.760630471751151,0.0
1.8041864093920719,1.0,0.00126,0.1,0.0,41.53803006233035,0.760630471751151,0.0
1.8041864093920719,1.0,0.00158,0.1,0.0,41.53803006233035,0.760630471751151,0.0
1.8041864093920719,1.0,0.002,0.1,0.0,41.53803006233035,0.760630471751151,0.0
1.8041864093920719,1.0,0.00251,0.1,0.0,41.53803006233035,0.760630471751151,0.0
1.8041864093920719,1.0,0.00316,0.1,0.0,41.53803006233035,0.760630471751151,0.0
1.8041864093920719,1.0,0.00398,0.1,0.0,41.53803006233035,0.760630471751151,0.0
1.8041864093920719,1.0,0.00501,0.1,0.0,41.53803006233035,0.760630471751151,0.0
1.8041864093920719,1.0,0.00631,0.1,0.0,41.53803006233035,0.760630471751151,0.0
1.8896523396912097,1.0,1e-06,0.1,0.0,42.436102761485344,0.7770756777419033,0.0
1.8896523396912097,1.0,1.26e-06,0.1,0.0,42.436102761485344,0.7770756777419033,0.0
1.8896523396912097,1.0,1.58e-06,0.1,0.0,42.436102761485344,0.7770756777419033,0.0
1.8896523396912097,1.0,2e-06,0.1,0.0,42.436102761485344,0.7770756777419033,0.0
1.8896523396912097,1.0,2.51e-06,0.1,0.0,42.436102761485344,0.7770756777419033,0.0
1.8896523396912097,1.0,3.16e-06,0.1,0.0,42.436102761485344,0.7770756777419033,0.0
1.8896523396912097,1.0,3.98e-06,0.1,0.0,42.436102761485344,0.7770756777419033,0.0
1.8896523396912097,1.0,5.01e-06,0.1,0.0,42.436102761485344,0.7770756777419033,0.0
1.8896523396912097,1.0,6.31e-06,0.1,0.0,42.436102761485344,0.7770756777419033,0.0
1.8896523396912097,1.0,7.94e-06,0.1,0.0,42.436102761485344,0.7770756777419033,0.0
1.8896523396912097,1.0,1e-05,0.1,0.0,42.436102761485344,0.7770756777419033,0.0
1.8896523396912097,1.0,1.26e-05,0.1,0.0,42.436102761485344,0.7770756777419033,0.0
1.8896523396912097,1.0,1.58e-05,0.1,0.0,42.436102761485344,0.7770756777419033,0.0
1.8896523396912097,1.0,2e-05,0.1,3.3333333333333335e-05,42.436102761485344,0.7770756777419033,169.7444110459414
1.8896523396912097,1.0,2.51e-05,0.1,3.3333333333333335e-05,42.436102761485344,0.7770756777419033,169.7444110459414
1.8896523396912097,1.0,3.16e-05,0.1,0.0,42.436102761485344,0.7770756777419033,0.0
1.8896523396912097,1.0,3.98e-05,0.1,3.3333333333333335e-05,42.436102761485344,0.7770756777419033,169.7444110459414
1.8896523396912097,1.0,5.01e-05,0.1,0.0,42.436102761485344,0.7770756777419033,0.0
1.8896523396912097,1.0,6.31e-05,0.1,6.666666666666667e-05,42.436102761485344,0.7770756777419033,339.4888220918828
1.8896523396912097,1.0,7.94e-05,0.1,0.00013333333333333334,42.436102761485344,0.7770756777419033,678.9776441837656
1.8896523396912097,1.0,0.0001,0.1,0.00013333333333333334,42.436102761485344,0.7770756777419033,678.9776441837656
1.8896523396912097,1.0,0.000126,0.1,0.00016666666666666666,42.436102761485344,0.7770756777419033,848.7220552297069
1.8896523396912097,1.0,0.000158,0.1,6.666666666666667e-05,42.436102761485344,0.7770756777419033,339.4888220918828
1.8896523396912097,1.0,0.0002,0.1,0.00016666666666666666,42.436102761485344,0.7770756777419033,848.7220552297069
1.8896523396912097,1.0,0.000251,0.1,0.0,42.436102761485344,0.7770756777419033,0.0
1.8896523396912097,1.0,0.000316,0.1,0.0,42.436102761485344,0.7770756777419033,0.0
1.8896523396912097,1.0,0.000398,0.1,0.0,42.436102761485344,0.7770756777419033,0.0
1.8896523396912097,1.0,0.000501,0.1,0.0,42.436102761485344,0.7770756777419033,0.0
1.8896523396912097,1.0,0.000631,0.1,0.0,42.436102761485344,0.7770756777419033,0.0
1.8896523396912097,1.0,0.000794,0.1,0.0,42.436102761485344,0.7770756777419033,0.0
1.8896523396912097,1.0,0.001,0.1,0.0,42.436102761485344,0.7770756777419033,0.0
1.8896523396912097,1.0,0.00126,0.1,0.0,42.436102761485344,0.7770756777419033,0.0
1.8896523396912097,1.0,0.00158,0.1,0.0,42.436102761485344,0.7770756777419033,0.0
1.8896523396912097,1.0,0.002,0.1,0.0,42.436102761485344,0.7770756777419033,0.0
1.8896523396912097,1.0,0.00251,0.1,0.0,42.436102761485344,0.7770756777419033,0.0
1.8896523396912097,1.0,0.00316,0.1,0.0,42.436102761485344,0.7770756777419033,0.0
1.8896523396912097,1.0,0.00398,0.1,0.0,42.436102761485344,0.7770756777419033,0.0
1.8896523396912097,1.0,0.00501,0.1,0.0,42.436102761485344,0.7770756777419033,0.0
1.8896523396912097,1.0,0.00631,0.1,0.0,42.436102761485344,0.7770756777419033,0.0
1.9791668678535574,1.0,1e-06,0.1,0.0,43.289291412772904,0.7926989821053453,0.0
1.9791668678535574,1.0,1.26e-06,0.1,0.0,43.289291412772904,0.7926989821053453,0.0
1.9791668678535574,1.0,1.58e-06,0.1,0.0,43.289291412772904,0.7926989821053453,0.0
1.9791668678535574,1.0,2e-06,0.1,0.0,43.289291412772904,0.7926989821053453,0.0
1.9791668678535574,1.0,2.51e-06,0.1,0.0,43.289291412772904,0.7926989821053453,0.0
1.9791668678535574,1.0,3.16e-06,0.1,0.0,43.289291412772904,0.7926989821053453,0.0
1.9791668678535574,1.0,3.98e-06,0.1,0.0,43.289291412772904,0.7926989821053453,0.0
1.9791668678535574,1.0,5.01e-06,0.1,0.0,43.289291412772904,0.7926989821053453,0.0
1.9791668678535574,1.0,6.31e-06,0.1,0.0,43.289291412772904,0.7926989821053453,0.0
1.9791668678535574,1.0,7.94e-06,0.1,0.0,43.289291412772904,0.7926989821053453,0.0
1.9791668678535574,1.0,1e-05,0.1,0.0,43.289291412772904,0.7926989821053453,0.0
1.9791668678535574,1.0,1.26e-05,0.1,0.0,43.289291412772904,0.7926989821053453,0.0
1.9791668678535574,1.0,1.58e-05,0.1,0.0,43.289291412772904,0.7926989821053453,0.0
1.9791668678535574,1.0,2e-05,0.1,3.3333333333333335e-05,43.289291412772904,0.7926989821053453,173.15716565109165
1.9791668678535574,1.0,2.51e-05,0.1,3.3333333333333335e-05,43.289291412772904,0.7926989821053453,173.15716565109165
1.9791668678535574,1.0,3.16e-05,0.1,0.0,43.289291412772904,0.7926989821053453,0.0
1.9791668678535574,1.0,3.98e-05,0.1,3.3333333333333335e-05,43.289291412772904,0.7926989821053453,173.15716565109165
1.9791668678535574,1.0,5.01e-05,0.1,0.0,43.289291412772904,0.7926989821053453,0.0
1.9791668678535574,1.0,6.31e-05,0.1,6.666666666666667e-05,43.289291412772904,0.7926989821053453,346.3143313021833
1.9791668678535574,1.0,7.94e-05,0.1,0.00013333333333333334,43.289291412772904,0.7926989821053453,692.6286626043666
1.9791668678535574,1.0,0.0001,0.1,0.00013333333333333334,43.289291412772904,0.7926989821053453,692.6286626043666
1.9791668678535574,1.0,0.000126,0.1,0.00016666666666666666,43.289291412772904,0.7926989821053453,865.7858282554582
1.9791668678535574,1.0,0.000158,0.1,6.666666666666667e-05,43.289291412772904,0.7926989821053453,346.3143313021833
1.9791668678535574,1.0,0.0002,0.1,0.00016666666666666666,43.289291412772904,0.7926989821053453,865.7858282554582
1.9791668678535574,1.0,0.000251,0.1,0.0,43.289291412772904,0.7926989821053453,0.0
1.9791668678535574,1.0,0.000316,0.1,0.0,43.289291412772904,0.7926989821053453,0.0
1.9791668678535574,1.0,0.000398,0.1,0.0,43.289291412772904,0.7926989821053453,0.0
1.9791668678535574,1.0,0.000501,0.1,0.0,43.289291412772904,0.7926989821053453,0.0
1.9791668678535574,1.0,0.000631,0.1,0.0,43.289291412772904,0.7926989821053453,0.0
1.9791668678535574,1.0,0.000794,0.1,0.0,43.289291412772904,0.7926989821053453,0.0
1.9791668678535574,1.0,0.001,0.1,0.0,43.289291412772904,0.7926989821053453,0.0
1.9791668678535574,1.0,0.00126,0.1,0.0,43.289291412772904,0.7926989821053453,0.0
1.9791668678535574,1.0,0.00158,0.1,0.0,43.289291412772904,0.7926989821053453,0.0
1.9791668678535574,1.0,0.002,0.1,0.0,43.289291412772904,0.7926989821053453,0.0
1.9791668678535574,1.0,0.00251,0.1,0.0,43.289291412772904,0.7926989821053453,0.0
1.9791668678535574,1.0,0.00316,0.1,0.0,43.289291412772904,0.7926989821053453,0.0
1.9791668678535574,1.0,0.00398,0.1,0.0,43.289291412772904,0.7926989821053453,0.0
1.9791668678535574,1.0,0.00501,0.1,0.0,43.289291412772904,0.7926989821053453,0.0
1.9791668678535574,1.0,0.00631,0.1,0.0,43.289291412772904,0.7926989821053453,0.0
2.072921779595372,1.0,1e-06,0.1,0.0,44.097498257817364,0.8074985947228962,0.0
2.072921779595372,1.0,1.26e-06,0.1,0.0,44.097498257817364,0.8074985947228962,0.0
2.072921779595372,1.0,1.58e-06,0.1,0.0,44.097498257817364,0.8074985947228962,0.0
2.072921779595372,1.0,2e-06,0.1,0.0,44.097498257817364,0.8074985947228962,0.0
2.072921779595372,1.0,2.51e-06,0.1,0.0,44.097498257817364,0.8074985947228962,0.0
2.072921779595372,1.0,3.16e-06,0.1,0.0,44.097498257817364,0.8074985947228962,0.0
2.072921779595372,1.0,3.98e-06,0.1,0.0,44.097498257817364,0.8074985947228962,0.0
2.072921779595372,1.0,5.01e-06,0.1,0.0,44.097498257817364,0.8074985947228962,0.0
2.072921779595372,1.0,6.31e-06,0.1,0.0,44.097498257817364,0.8074985947228962,0.0
2.072921779595372,1.0,7.94e-06,0.1,0.0,44.097498257817364,0.8074985947228962,0.0
2.072921779595372,1.0,1e-05,0.1,0.0,44.097498257817364,0.8074985947228962,0.0
2.072921779595372,1.0,1.26e-05,0.1,0.0,44.097498257817364,0.8074985947228962,0.0
2.072921779595372,1.0,1.58e-05,0.1,0.0,44.097498257817364,0.8074985947228962,0.0
2.072921779595372,1.0,2e-05,0.1,3.3333333333333335e-05,44.097498257817364,0.8074985947228962,176.38999303126948
2.072921779595372,1.0,2.51e-05,0.1,3.3333333333333335e-05,44.097498257817364,0.8074985947228962,176.38999303126948
2.072921779595372,1.0,3.16e-05,0.1,0.0,44.097498257817364,0.8074985947228962,0.0
2.072921779595372,1.0,3.98e-05,0.1,3.3333333333333335e-05,44.097498257817364,0.8074985947228962,176.38999303126948
2.072921779595372,1.0,5.01e-05,0.1,0.0,44.097498257817364,0.8074985947228962,0.0
2.072921779595372,1.0,6.31e-05,0.1,6.666666666666667e-05,44.097498257817364,0.8074985947228962,352.77998606253897
2.072921779595372,1.0,7.94e-05,0.1,0.00013333333333333334,44.097498257817364,0.8074985947228962,705.5599721250779
2.072921779595372,1.0,0.0001,0.1,0.00013333333333333334,44.097498257817364,0.8074985947228962,705.5599721250779
2.072921779595372,1.0,0.000126,0.1,0.00016666666666666666,44.097498257817364,0.8074985947228962,881.9499651563473
2.072921779595372,1.0,0.000158,0.1,6.666666666666667e-05,44.097498257817364,0.8074985947228962,352.77998606253897
2.072921779595372,1.0,0.0002,0.1,0.00016666666666666666,44.097498257817364,0.8074985947228962,881.9499651563473
2.072921779595372,1.0,0.000251,0.1,0.0,44.097498257817364,0.8074985947228962,0.0
2.072921779595372,1.0,0.000316,0.1,0.0,44.097498257817364,0.8074985947228962,0.0
2.072921779595372,1.0,0.000398,0.1,0.0,44.097498257817364,0.8074985947228962,0.0
2.072921779595372,1.0,0.000501,0.1,0.0,44.097498257817364,0.8074985947228962,0.0
2.072921779595372,1.0,0.000631,0.1,0.0,44.097498257817364,0.8074985947228962,0.0
2.072921779595372,1.0,0.000794,0.1,0.0,44.097498257817364,0.8074985947228962,0.0
2.072921779595372,1.0,0.001,0.1,0.0,44.097498257817364,0.8074985947228962,0.0
2.072921779595372,1.0,0.00126,0.1,0.0,44.097498257817364,0.8074985947228962,0.0
2.072921779595372,1.0,0.00158,0.1,0.0,44.097498257817364,0.8074985947228962,0.0
2.072921779595372,1.0,0.002,0.1,0.0,44.097498257817364,0.8074985947228962,0.0
2.072921779595372,1.0,0.00251,0.1,0.0,44.097498257817364,0.8074985947228962,0.0
2.072921779595372,1.0,0.00316,0.1,0.0,44.097498257817364,0.8074985947228962,0.0
2.072921779595372,1.0,0.00398,0.1,0.0,44.097498257817364,0.8074985947228962,0.0
2.072921779595372,1.0,0.00501,0.1,0.0,44.097498257817364,0.8074985947228962,0.0
2.072921779595372,1.0,0.00631,0.1,0.0,44.097498257817364,0.8074985947228962,0.0
2.171117945694505,1.0,1e-06,0.1,0.0,44.860999928691676,0.8214795811882746,0.0
2.171117945694505,1.0,1.26e-06,0.1,0.0,44.860999928691676,0.8214795811882746,0.0
2.171117945694505,1.0,1.58e-06,0.1,0.0,44.860999928691676,0.8214795811882746,0.0
2.171117945694505,1.0,2e-06,0.1,0.0,44.860999928691676,0.8214795811882746,0.0
2.171117945694505,1.0,2.51e-06,0.1,0.0,44.860999928691676,0.8214795811882746,0.0
2.171117945694505,1.0,3.16e-06,0.1,0.0,44.860999928691676,0.8214795811882746,0.0
2.171117945694505,1.0,3.98e-06,0.1,0.0,44.860999928691676,0.8214795811882746,0.0
2.171117945694505,1.0,5.01e-06,0.1,0.0,44.860999928691676,0.8214795811882746,0.0
2.171117945694505,1.0,6.31e-06,0.1,0.0,44.860999928691676,0.8214795811882746,0.0
2.171117945694505,1.0,7.94e-06,0.1,0.0,44.860999928691676,0.8214795811882746,0.0
2.171117945694505,1.0,1e-05,0.1,0.0,44.860999928691676,0.8214795811882746,0.0
2.171117945694505,1.0,1.26e-05,0.1,0.0,44.860999928691676,0.8214795811882746,0.0
2.171117945694505,1.0,1.58e-05,0.1,0.0,44.860999928691676,0.8214795811882746,0.0
2.171117945694505,1.0,2e-05,0.1,3.3333333333333335e-05,44.860999928691676,0.8214795811882746,179.44399971476673
2.171117945694505,1.0,2.51e-05,0.1,3.3333333333333335e-05,44.860999928691676,0.8214795811882746,179.44399971476673
2.171117945694505,1.0,3.16e-05,0.1,0.0,44.860999928691676,0.8214795811882746,0.0
2.171117945694505,1.0,3.98e-05,0.1,3.3333333333333335e-05,44.860999928691676,0.8214795811882746,179.44399971476673
2.171117945694505,1.0,5.01e-05,0.1,0.0,44.860999928691676,0.8214795811882746,0.0
2.171117945694505,1.0,6.31e-05,0.1,6.666666666666667e-05,44.860999928691676,0.8214795811882746,358.88799942953347
2.171117945694505,1.0,7.94e-05,0.1,0.00013333333333333334,44.860999928691676,0.8214795811882746,717.7759988590669
2.171117945694505,1.0,0.0001,0.1,0.00013333333333333334,44.860999928691676,0.8214795811882746,717.7759988590669
2.171117945694505,1.0,0.000126,0.1,0.00016666666666666666,44.860999928691676,0.8214795811882746,897.2199985738337
2.171117945694505,1.0,0.000158,0.1,6.666666666666667e-05,44.860999928691676,0.8214795811882746,358.88799942953347
2.171117945694505,1.0,0.0002,0.1,0.00016666666666666666,44.860999928691676,0.8214795811882746,897.2199985738337
2.171117945694505,1.0,0.000251,0.1,0.0,44.860999928691676,0.8214795811882746,0.0
2.171117945694505,1.0,0.000316,0.1,0.0,44.860999928691676,0.8214795811882746,0.0
2.171117945694505,1.0,0.000398,0.1,0.0,44.860999928691676,0.8214795811882746,0.0
2.171117945694505,1.0,0.000501,0.1,0.0,44.860999928691676,0.8214795811882746,0.0
2.171117945694505,1.0,0.000631,0.1,0.0,44.860999928691676,0.8214795811882746,0.0
2.171117945694505,1.0,0.000794,0.1,0.0,44.860999928691676,0.8214795811882746,0.0
2.171117945694505,1.0,0.001,0.1,0.0,44.860999928691676,0.8214795811882746,0.0
2.171117945694505,1.0,0.00126,0.1,0.0,44.860999928691676,0.8214795811882746,0.0
2.171117945694505,1.0,0.00158,0.1,0.0,44.860999928691676,0.8214795811882746,0.0
2.171117945694505,1.0,0.002,0.1,0.0,44.860999928691676,0.8214795811882746,0.0
2.171117945694505,1.0,0.00251,0.1,0.0,44.860999928691676,0.8214795811882746,0.0
2.171117945694505,1.0,0.00316,0.1,0.0,44.860999928691676,0.8214795811882746,0.0
2.171117945694505,1.0,0.00398,0.1,0.0,44.860999928691676,0.8214795811882746,0.0
2.171117945694505,1.0,0.00501,0.1,0.0,44.860999928691676,0.8214795811882746,0.0
2.171117945694505,1.0,0.00631,0.1,0.0,44.860999928691676,0.8214795811882746,0.0
2.2739657523579275,1.0,1e-06,0.1,0.0,45.58040452844466,0.8346530768805102,0.0
2.2739657523579275,1.0,1.26e-06,0.1,0.0,45.58040452844466,0.8346530768805102,0.0
2.2739657523579275,1.0,1.58e-06,0.1,0.0,45.58040452844466,0.8346530768805102,0.0
2.2739657523579275,1.0,2e-06,0.1,0.0,45.58040452844466,0.8346530768805102,0.0
2.2739657523579275,1.0,2.51e-06,0.1,0.0,45.58040452844466,0.8346530768805102,0.0
2.2739657523579275,1.0,3.16e-06,0.1,0.0,45.58040452844466,0.8346530768805102,0.0
2.2739657523579275,1.0,3.98e-06,0.1,0.0,45.58040452844466,0.8346530768805102,0.0
2.2739657523579275,1.0,5.01e-06,0.1,0.0,45.58040452844466,0.8346530768805102,0.0
2.2739657523579275,1.0,6.31e-06,0.1,0.0,45.58040452844466,0.8346530768805102,0.0
2.2739657523579275,1.0,7.94e-06,0.1,0.0,45.58040452844466,0.8346530768805102,0.0
2.2739657523579275,1.0,1e-05,0.1,0.0,45.58040452844466,0.8346530768805102,0.0
2.2739657523579275,1.0,1.26e-05,0.1,0.0,45.58040452844466,0.8346530768805102,0.0
2.2739657523579275,1.0,1.58e-05,0.1,0.0,45.58040452844466,0.8346530768805102,0.0
2.2739657523579275,1.0,2e-05,0.1,3.3333333333333335e-05,45.58040452844466,0.8346530768805102,182.32161811377864
2.2739657523579275,1.0,2.51e-05,0.1,3.3333333333333335e-05,45.58040452844466,0.8346530768805102,182.32161811377864
2.2739657523579275,1.0,3.16e-05,0.1,0.0,45.58040452844466,0.8346530768805102,0.0
2.2739657523579275,1.0,3.98e-05,0.1,3.3333333333333335e-05,45.58040452844466,0.8346530768805102,182.32161811377864
2.2739657523579275,1.0,5.01e-05,0.1,0.0,45.58040452844466,0.8346530768805102,0.0
2.2739657523579275,1.0,6.31e-05,0.1,6.666666666666667e-05,45.58040452844466,0.8346530768805102,364.6432362275573
2.2739657523579275,1.0,7.94e-05,0.1,0.00013333333333333334,45.58040452844466,0.8346530768805102,729.2864724551146
2.2739657523579275,1.0,0.0001,0.1,0.00013333333333333334,45.58040452844466,0.8346530768805102,729.2864724551146
2.2739657523579275,1.0,0.000126,0.1,0.00016666666666666666,45.58040452844466,0.8346530768805102,911.6080905688932
2.2739657523579275,1.0,0.000158,0.1,6.666666666666667e-05,45.58040452844466,0.8346530768805102,364.6432362275573
2.2739657523579275,1.0,0.0002,0.1,0.00016666666666666666,45.58040452844466,0.8346530768805102,911.6080905688932
2.2739657523579275,1.0,0.000251,0.1,0.0,45.58040452844466,0.8346530768805102,0.0
2.2739657523579275,1.0,0.000316,0.1,0.0,45.58040452844466,0.8346530768805102,0.0
2.2739657523579275,1.0,0.000398,0.1,0.0,45.58040452844466,0.8346530768805102,0.0
2.2739657523579275,1.0,0.000501,0.1,0.0,45.58040452844466,0.8346530768805102,0.0
2.2739657523579275,1.0,0.000631,0.1,0.0,45.58040452844466,0.8346530768805102,0.0
2.2739657523579275,1.0,0.000794,0.1,0.0,45.58040452844466,0.8346530768805102,0.0
2.2739657523579275,1.0,0.001,0.1,0.0,45.58040452844466,0.8346530768805102,0.0
2.2739657523579275,1.0,0.00126,0.1,0.0,45.58040452844466,0.8346530768805102,0.0
2.2739657523579275,1.0,0.00158,0.1,0.0,45.58040452844466,0.8346530768805102,0.0
2.2739657523579275,1.0,0.002,0.1,0.0,45.58040452844466,0.8346530768805102,0.0
2.2739657523579275,1.0,0.00251,0.1,0.0,45.58040452844466,0.8346530768805102,0.0
2.2739657523579275,1.0,0.00316,0.1,0.0,45.58040452844466,0.8346530768805102,0.0
2.2739657523579275,1.0,0.00398,0.1,0.0,45.58040452844466,0.8346530768805102,0.0
2.2739657523579275,1.0,0.00501,0.1,0.0,45.58040452844466,0.8346530768805102,0.0
2.2739657523579275,1.0,0.00631,0.1,0.0,45.58040452844466,0.8346530768805102,0.0
2.381685551976158,1.0,1e-06,0.1,0.0,46.25660743498354,0.847035477659468,0.0
2.381685551976158,1.0,1.26e-06,0.1,0.0,46.25660743498354,0.847035477659468,0.0
2.381685551976158,1.0,1.58e-06,0.1,0.0,46.25660743498354,0.847035477659468,0.0
2.381685551976158,1.0,2e-06,0.1,0.0,46.25660743498354,0.847035477659468,0.0
2.381685551976158,1.0,2.51e-06,0.1,0.0,46.25660743498354,0.847035477659468,0.0
2.381685551976158,1.0,3.16e-06,0.1,0.0,46.25660743498354,0.847035477659468,0.0
2.381685551976158,1.0,3.98e-06,0.1,0.0,46.25660743498354,0.847035477659468,0.0
2.381685551976158,1.0,5.01e-06,0.1,0.0,46.25660743498354,0.847035477659468,0.0
2.381685551976158,1.0,6.31e-06,0.1,0.0,46.25660743498354,0.847035477659468,0.0
2.381685551976158,1.0,7.94e-06,0.1,0.0,46.25660743498354,0.847035477659468,0.0
2.381685551976158,1.0,1e-05,0.1,0.0,46.25660743498354,0.847035477659468,0.0
2.381685551976158,1.0,1.26e-05,0.1,0.0,46.25660743498354,0.847035477659468,0.0
2.381685551976158,1.0,1.58e-05,0.1,0.0,46.25660743498354,0.847035477659468,0.0
2.381685551976158,1.0,2e-05,0.1,3.3333333333333335e-05,46.25660743498354,0.847035477659468,185.0264297399342
2.381685551976158,1.0,2.51e-05,0.1,3.3333333333333335e-05,46.25660743498354,0.847035477659468,185.0264297399342
2.381685551976158,1.0,3.16e-05,0.1,0.0,46.25660743498354,0.847035477659468,0.0
2.381685551976158,1.0,3.98e-05,0.1,3.3333333333333335e-05,46.25660743498354,0.847035477659468,185.0264297399342
2.381685551976158,1.0,5.01e-05,0.1,0.0,46.25660743498354,0.847035477659468,0.0
2.381685551976158,1.0,6.31e-05,0.1,6.666666666666667e-05,46.25660743498354,0.847035477659468,370.0528594798684
2.381685551976158,1.0,7.94e-05,0.1,0.00013333333333333334,46.25660743498354,0.847035477659468,740.1057189597368
2.381685551976158,1.0,0.0001,0.1,0.00013333333333333334,46.25660743498354,0.847035477659468,740.1057189597368
2.381685551976158,1.0,0.000126,0.1,0.00016666666666666666,46.25660743498354,0.847035477659468,925.1321486996709
2.381685551976158,1.0,0.000158,0.1,6.666666666666667e-05,46.25660743498354,0.847035477659468,370.0528594798684
2.381685551976158,1.0,0.0002,0.1,0.00016666666666666666,46.25660743498354,0.847035477659468,925.1321486996709
2.381685551976158,1.0,0.000251,0.1,0.0,46.25660743498354,0.847035477659468,0.0
2.381685551976158,1.0,0.000316,0.1,0.0,46.25660743498354,0.847035477659468,0.0
2.381685551976158,1.0,0.000398,0.1,0.0,46.25660743498354,0.847035477659468,0.0
2.381685551976158,1.0,0.000501,0.1,0.0,46.25660743498354,0.847035477659468,0.0
2.381685551976158,1.0,0.000631,0.1,0.0,46.25660743498354,0.847035477659468,0.0
2.381685551976158,1.0,0.000794,0.1,0.0,46.25660743498354,0.847035477659468,0.0
2.381685551976158,1.0,0.001,0.1,0.0,46.25660743498354,0.847035477659468,0.0
2.381685551976158,1.0,0.00126,0.1,0.0,46.25660743498354,0.847035477659468,0.0
2.381685551976158,1.0,0.00158,0.1,0.0,46.25660743498354,0.847035477659468,0.0
2.381685551976158,1.0,0.002,0.1,0.0,46.25660743498354,0.847035477659468,0.0
2.381685551976158,1.0,0.00251,0.1,0.0,46.25660743498354,0.847035477659468,0.0
2.381685551976158,1.0,0.00316,0.1,0.0,46.25660743498354,0.847035477659468,0.0
2.381685551976158,1.0,0.00398,0.1,0.0,46.25660743498354,0.847035477659468,0.0
2.381685551976158,1.0,0.00501,0.1,0.0,46.25660743498354,0.847035477659468,0.0
2.381685551976158,1.0,0.00631,0.1,0.0,46.25660743498354,0.847035477659468,0.0
2.4945081352303164,1.0,1e-06,0.1,0.0,46.89074722780329,0.8586476328109007,0.0
2.4945081352303164,1.0,1.26e-06,0.1,0.0,46.89074722780329,0.8586476328109007,0.0
2.4945081352303164,1.0,1.58e-06,0.1,0.0,46.89074722780329,0.8586476328109007,0.0
2.4945081352303164,1.0,2e-06,0.1,0.0,46.89074722780329,0.8586476328109007,0.0
2.4945081352303164,1.0,2.51e-06,0.1,0.0,46.89074722780329,0.8586476328109007,0.0
2.4945081352303164,1.0,3.16e-06,0.1,0.0,46.89074722780329,0.8586476328109007,0.0
2.4945081352303164,1.0,3.98e-06,0.1,0.0,46.89074722780329,0.8586476328109007,0.0
2.4945081352303164,1.0,5.01e-06,0.1,0.0,46.89074722780329,0.8586476328109007,0.0
2.4945081352303164,1.0,6.31e-06,0.1,0.0,46.89074722780329,0.8586476328109007,0.0
2.4945081352303164,1.0,7.94e-06,0.1,0.0,46.89074722780329,0.8586476328109007,0.0
2.4945081352303164,1.0,1e-05,0.1,0.0,46.89074722780329,0.8586476328109007,0.0
2.4945081352303164,1.0,1.26e-05,0.1,0.0,46.89074722780329,0.8586476328109007,0.0
2.4945081352303164,1.0,1.58e-05,0.1,0.0,46.89074722780329,0.8586476328109007,0.0
2.4945081352303164,1.0,2e-05,0.1,3.3333333333333335e-05,46.89074722780329,0.8586476328109007,187.5629889112132
2.4945081352303164,1.0,2.51e-05,0.1,3.3333333333333335e-05,46.89074722780329,0.8586476328109007,187.5629889112132
2.4945081352303164,1.0,3.16e-05,0.1,0.0,46.89074722780329,0.8586476328109007,0.0
2.4945081352303164,1.0,3.98e-05,0.1,3.3333333333333335e-05,46.89074722780329,0.8586476328109007,187.5629889112132
2.4945081352303164,1.0,5.01e-05,0.1,0.0,46.89074722780329,0.8586476328109007,0.0
2.4945081352303164,1.0,6.31e-05,0.1,6.666666666666667e-05,46.89074722780329,0.8586476328109007,375.1259778224264
2.4945081352303164,1.0,7.94e-05,0.1,0.00013333333333333334,46.89074722780329,0.8586476328109007,750.2519556448528
2.4945081352303164,1.0,0.0001,0.1,0.00013333333333333334,46.89074722780329,0.8586476328109007,750.2519556448528
2.4945081352303164,1.0,0.000126,0.1,0.00016666666666666666,46.89074722780329,0.8586476328109007,937.8149445560659
2.4945081352303164,1.0,0.000158,0.1,6.666666666666667e-05,46.89074722780329,0.8586476328109007,375.1259778224264
2.4945081352303164,1.0,0.0002,0.1,0.00016666666666666666,46.89074722780329,0.8586476328109007,937.8149445560659
2.4945081352303164,1.0,0.000251,0.1,0.0,46.89074722780329,0.8586476328109007,0.0
2.4945081352303164,1.0,0.000316,0.1,0.0,46.89074722780329,0.8586476328109007,0.0
2.4945081352303164,1.0,0.000398,0.1,0.0,46.89074722780329,0.8586476328109007,0.0
2.4945081352303164,1.0,0.000501,0.1,0.0,46.89074722780329,0.8586476328109007,0.0
2.4945081352303164,1.0,0.000631,0.1,0.0,46.89074722780329,0.8586476328109007,0.0
2.4945081352303164,1.0,0.000794,0.1,0.0,46.89074722780329,0.8586476328109007,0.0
2.4945081352303164,1.0,0.001,0.1,0.0,46.89074722780329,0.8586476328109007,0.0
2.4945081352303164,1.0,0.00126,0.1,0.0,46.89074722780329,0.8586476328109007,0.0
2.4945081352303164,1.0,0.00158,0.1,0.0,46.89074722780329,0.8586476328109007,0.0
2.4945081352303164,1.0,0.002,0.1,0.0,46.89074722780329,0.8586476328109007,0.0
2.4945081352303164,1.0,0.00251,0.1,0.0,46.89074722780329,0.8586476328109007,0.0
2.4945081352303164,1.0,0.00316,0.1,0.0,46.89074722780329,0.8586476328109007,0.0
2.4945081352303164,1.0,0.00398,0.1,0.0,46.89074722780329,0.8586476328109007,0.0
2.4945081352303164,1.0,0.00501,0.1,0.0,46.89074722780329,0.8586476328109007,0.0
2.4945081352303164,1.0,0.00631,0.1,0.0,46.89074722780329,0.8586476328109007,0.0
2.612675225563329,1.0,1e-06,0.1,0.0,47.48416289753046,0.8695140614819714,0.0
2.612675225563329,1.0,1.26e-06,0.1,0.0,47.48416289753046,0.8695140614819714,0.0
2.612675225563329,1.0,1.58e-06,0.1,0.0,47.48416289753046,0.8695140614819714,0.0
2.612675225563329,1.0,2e-06,0.1,0.0,47.48416289753046,0.8695140614819714,0.0
2.612675225563329,1.0,2.51e-06,0.1,0.0,47.48416289753046,0.8695140614819714,0.0
2.612675225563329,1.0,3.16e-06,0.1,0.0,47.48416289753046,0.8695140614819714,0.0
2.612675225563329,1.0,3.98e-06,0.1,0.0,47.48416289753046,0.8695140614819714,0.0
2.612675225563329,1.0,5.01e-06,0.1,0.0,47.48416289753046,0.8695140614819714,0.0
2.612675225563329,1.0,6.31e-06,0.1,0.0,47.48416289753046,0.8695140614819714,0.0
2.612675225563329,1.0,7.94e-06,0.1,0.0,47.48416289753046,0.8695140614819714,0.0
2.612675225563329,1.0,1e-05,0.1,0.0,47.48416289753046,0.8695140614819714,0.0
2.612675225563329,1.0,1.26e-05,0.1,0.0,47.48416289753046,0.8695140614819714,0.0
2.612675225563329,1.0,1.58e-05,0.1,0.0,47.48416289753046,0.8695140614819714,0.0
2.612675225563329,1.0,2e-05,0.1,3.3333333333333335e-05,47.48416289753046,0.8695140614819714,189.93665159012187
2.612675225563329,1.0,2.51e-05,0.1,3.3333333333333335e-05,47.48416289753046,0.8695140614819714,189.93665159012187
2.612675225563329,1.0,3.16e-05,0.1,0.0,47.48416289753046,0.8695140614819714,0.0
2.612675225563329,1.0,3.98e-05,0.1,3.3333333333333335e-05,47.48416289753046,0.8695140614819714,189.93665159012187
2.612675225563329,1.0,5.01e-05,0.1,0.0,47.48416289753046,0.8695140614819714,0.0
2.612675225563329,1.0,6.31e-05,0.1,6.666666666666667e-05,47.48416289753046,0.8695140614819714,379.87330318024374
2.612675225563329,1.0,7.94e-05,0.1,0.00013333333333333334,47.48416289753046,0.8695140614819714,759.7466063604875
2.612675225563329,1.0,0.0001,0.1,0.00013333333333333334,47.48416289753046,0.8695140614819714,759.7466063604875
2.612675225563329,1.0,0.000126,0.1,0.00016666666666666666,47.48416289753046,0.8695140614819714,949.6832579506092
2.612675225563329,1.0,0.000158,0.1,6.666666666666667e-05,47.48416289753046,0.8695140614819714,379.87330318024374
2.612675225563329,1.0,0.0002,0.1,0.00016666666666666666,47.48416289753046,0.8695140614819714,949.6832579506092
2.612675225563329,1.0,0.000251,0.1,0.0,47.48416289753046,0.8695140614819714,0.0
2.612675225563329,1.0,0.000316,0.1,0.0,47.48416289753046,0.8695140614819714,0.0
2.612675225563329,1.0,0.000398,0.1,0.0,47.48416289753046,0.8695140614819714,0.0
2.612675225563329,1.0,0.000501,0.1,0.0,47.48416289753046,0.8695140614819714,0.0
2.612675225563329,1.0,0.000631,0.1,0.0,47.48416289753046,0.8695140614819714,0.0
2.612675225563329,1.0,0.000794,0.1,0.0,47.48416289753046,0.8695140614819714,0.0
2.612675225563329,1.0,0.001,0.1,0.0,47.48416289753046,0.8695140614819714,0.0
2.612675225563329,1.0,0.00126,0.1,0.0,47.48416289753046,0.8695140614819714,0.0
2.612675225563329,1.0,0.00158,0.1,0.0,47.48416289753046,0.8695140614819714,0.0
2.612675225563329,1.0,0.002,0.1,0.0,47.48416289753046,0.8695140614819714,0.0
2.612675225563329,1.0,0.00251,0.1,0.0,47.48416289753046,0.8695140614819714,0.0
2.612675225563329,1.0,0.00316,0.1,0.0,47.48416289753046,0.8695140614819714,0.0
2.612675225563329,1.0,0.00398,0.1,0.0,47.48416289753046,0.8695140614819714,0.0
2.612675225563329,1.0,0.00501,0.1,0.0,47.48416289753046,0.8695140614819714,0.0
2.612675225563329,1.0,0.00631,0.1,0.0,47.48416289753046,0.8695140614819714,0.0
2.736439997074672,1.0,1e-06,0.1,0.0,48.03835325236357,0.8796622093456065,0.0
2.736439997074672,1.0,1.26e-06,0.1,0.0,48.03835325236357,0.8796622093456065,0.0
2.736439997074672,1.0,1.58e-06,0.1,0.0,48.03835325236357,0.8796622093456065,0.0
2.736439997074672,1.0,2e-06,0.1,0.0,48.03835325236357,0.8796622093456065,0.0
2.736439997074672,1.0,2.51e-06,0.1,0.0,48.03835325236357,0.8796622093456065,0.0
2.736439997074672,1.0,3.16e-06,0.1,0.0,48.03835325236357,0.8796622093456065,0.0
2.736439997074672,1.0,3.98e-06,0.1,0.0,48.03835325236357,0.8796622093456065,0.0
2.736439997074672,1.0,5.01e-06,0.1,0.0,48.03835325236357,0.8796622093456065,0.0
2.736439997074672,1.0,6.31e-06,0.1,0.0,48.03835325236357,0.8796622093456065,0.0
2.736439997074672,1.0,7.94e-06,0.1,0.0,48.03835325236357,0.8796622093456065,0.0
2.736439997074672,1.0,1e-05,0.1,0.0,48.03835325236357,0.8796622093456065,0.0
2.736439997074672,1.0,1.26e-05,0.1,0.0,48.03835325236357,0.8796622093456065,0.0
2.736439997074672,1.0,1.58e-05,0.1,0.0,48.03835325236357,0.8796622093456065,0.0
2.736439997074672,1.0,2e-05,0.1,3.3333333333333335e-05,48.03835325236357,0.8796622093456065,192.1534130094543
2.736439997074672,1.0,2.51e-05,0.1,3.3333333333333335e-05,48.03835325236357,0.8796622093456065,192.1534130094543
2.736439997074672,1.0,3.16e-05,0.1,0.0,48.03835325236357,0.8796622093456065,0.0
2.736439997074672,1.0,3.98e-05,0.1,3.3333333333333335e-05,48.03835325236357,0.8796622093456065,192.1534130094543
2.736439997074672,1.0,5.01e-05,0.1,0.0,48.03835325236357,0.8796622093456065,0.0
2.736439997074672,1.0,6.31e-05,0.1,6.666666666666667e-05,48.03835325236357,0.8796622093456065,384.3068260189086
2.736439997074672,1.0,7.94e-05,0.1,0.00013333333333333334,48.03835325236357,0.8796622093456065,768.6136520378172
2.736439997074672,1.0,0.0001,0.1,0.00013333333333333334,48.03835325236357,0.8796622093456065,768.6136520378172
2.736439997074672,1.0,0.000126,0.1,0.00016666666666666666,48.03835325236357,0.8796622093456065,960.7670650472716
2.736439997074672,1.0,0.000158,0.1,6.666666666666667e-05,48.03835325236357,0.8796622093456065,384.3068260189086
2.736439997074672,1.0,0.0002,0.1,0.00016666666666666666,48.03835325236357,0.8796622093456065,960.7670650472716
2.736439997074672,1.0,0.000251,0.1,0.0,48.03835325236357,0.8796622093456065,0.0
2.736439997074672,1.0,0.000316,0.1,0.0,48.03835325236357,0.8796622093456065,0.0
2.736439997074672,1.0,0.000398,0.1,0.0,48.03835325236357,0.8796622093456065,0.0
2.736439997074672,1.0,0.000501,0.1,0.0,48.03835325236357,0.8796622093456065,0.0
2.736439997074672,1.0,0.000631,0.1,0.0,48.03835325236357,0.8796622093456065,0.0
2.736439997074672,1.0,0.000794,0.1,0.0,48.03835325236357,0.8796622093456065,0.0
2.736439997074672,1.0,0.001,0.1,0.0,48.03835325236357,0.8796622093456065,0.0
2.736439997074672,1.0,0.00126,0.1,0.0,48.03835325236357,0.8796622093456065,0.0
2.736439997074672,1.0,0.00158,0.1,0.0,48.03835325236357,0.8796622093456065,0.0
2.736439997074672,1.0,0.002,0.1,0.0,48.03835325236357,0.8796622093456065,0.0
2.736439997074672,1.0,0.00251,0.1,0.0,48.03835325236357,0.8796622093456065,0.0
2.736439997074672,1.0,0.00316,0.1,0.0,48.03835325236357,0.8796622093456065,0.0
2.736439997074672,1.0,0.00398,0.1,0.0,48.03835325236357,0.8796622093456065,0.0
2.736439997074672,1.0,0.00501,0.1,0.0,48.03835325236357,0.8796622093456065,0.0
2.736439997074672,1.0,0.00631,0.1,0.0,48.03835325236357,0.8796622093456065,0.0
2.8660676169482504,1.0,1e-06,0.1,0.0,48.554939197939305,0.8891217578820602,0.0
2.8660676169482504,1.0,1.26e-06,0.1,0.0,48.554939197939305,0.8891217578820602,0.0
2.8660676169482504,1.0,1.58e-06,0.1,0.0,48.554939197939305,0.8891217578820602,0.0
2.8660676169482504,1.0,2e-06,0.1,0.0,48.554939197939305,0.8891217578820602,0.0
2.8660676169482504,1.0,2.51e-06,0.1,0.0,48.554939197939305,0.8891217578820602,0.0
2.8660676169482504,1.0,3.16e-06,0.1,0.0,48.554939197939305,0.8891217578820602,0.0
2.8660676169482504,1.0,3.98e-06,0.1,0.0,48.554939197939305,0.8891217578820602,0.0
2.8660676169482504,1.0,5.01e-06,0.1,0.0,48.554939197939305,0.8891217578820602,0.0
2.8660676169482504,1.0,6.31e-06,0.1,0.0,48.554939197939305,0.8891217578820602,0.0
2.8660676169482504,1.0,7.94e-06,0.1,0.0,48.554939197939305,0.8891217578820602,0.0
2.8660676169482504,1.0,1e-05,0.1,0.0,48.554939197939305,0.8891217578820602,0.0
2.8660676169482504,1.0,1.26e-05,0.1,0.0,48.554939197939305,0.8891217578820602,0.0
2.8660676169482504,1.0,1.58e-05,0.1,0.0,48.554939197939305,0.8891217578820602,0.0
2.8660676169482504,1.0,2e-05,0.1,3.3333333333333335e-05,48.554939197939305,0.8891217578820602,194.21975679175728
2.8660676169482504,1.0,2.51e-05,0.1,3.3333333333333335e-05,48.554939197939305,0.8891217578820602,194.21975679175728
2.8660676169482504,1.0,3.16e-05,0.1,0.0,48.554939197939305,0.8891217578820602,0.0
2.8660676169482504,1.0,3.98e-05,0.1,3.3333333333333335e-05,48.554939197939305,0.8891217578820602,194.21975679175728
2.8660676169482504,1.0,5.01e-05,0.1,0.0,48.554939197939305,0.8891217578820602,0.0
2.8660676169482504,1.0,6.31e-05,0.1,6.666666666666667e-05,48.554939197939305,0.8891217578820602,388.43951358351455
2.8660676169482504,1.0,7.94e-05,0.1,0.00013333333333333334,48.554939197939305,0.8891217578820602,776.8790271670291
2.8660676169482504,1.0,0.0001,0.1,0.00013333333333333334,48.554939197939305,0.8891217578820602,776.8790271670291
2.8660676169482504,1.0,0.000126,0.1,0.00016666666666666666,48.554939197939305,0.8891217578820602,971.0987839587863
2.8660676169482504,1.0,0.000158,0.1,6.666666666666667e-05,48.554939197939305,0.8891217578820602,388.43951358351455
2.8660676169482504,1.0,0.0002,0.1,0.00016666666666666666,48.554939197939305,0.8891217578820602,971.0987839587863
2.8660676169482504,1.0,0.000251,0.1,0.0,48.554939197939305,0.8891217578820602,0.0
2.8660676169482504,1.0,0.000316,0.1,0.0,48.554939197939305,0.8891217578820602,0.0
2.8660676169482504,1.0,0.000398,0.1,0.0,48.554939197939305,0.8891217578820602,0.0
2.8660676169482504,1.0,0.000501,0.1,0.0,48.554939197939305,0.8891217578820602,0.0
2.8660676169482504,1.0,0.000631,0.1,0.0,48.554939197939305,0.8891217578820602,0.0
2.8660676169482504,1.0,0.000794,0.1,0.0,48.554939197939305,0.8891217578820602,0.0
2.8660676169482504,1.0,0.001,0.1,0.0,48.554939197939305,0.8891217578820602,0.0
2.8660676169482504,1.0,0.00126,0.1,0.0,48.554939197939305,0.8891217578820602,0.0
2.8660676169482504,1.0,0.00158,0.1,0.0,48.554939197939305,0.8891217578820602,0.0
2.8660676169482504,1.0,0.002,0.1,0.0,48.554939197939305,0.8891217578820602,0.0
2.8660676169482504,1.0,0.00251,0.1,0.0,48.554939197939305,0.8891217578820602,0.0
2.8660676169482504,1.0,0.00316,0.1,0.0,48.554939197939305,0.8891217578820602,0.0
2.8660676169482504,1.0,0.00398,0.1,0.0,48.554939197939305,0.8891217578820602,0.0
2.8660676169482504,1.0,0.00501,0.1,0.0,48.554939197939305,0.8891217578820602,0.0
2.8660676169482504,1.0,0.00631,0.1,0.0,48.554939197939305,0.8891217578820602,0.0
3.001835813575589,1.0,1e-06,0.1,0.0,49.03562934867655,0.8979239946653828,0.0
3.001835813575589,1.0,1.26e-06,0.1,0.0,49.03562934867655,0.8979239946653828,0.0
3.001835813575589,1.0,1.58e-06,0.1,0.0,49.03562934867655,0.8979239946653828,0.0
3.001835813575589,1.0,2e-06,0.1,0.0,49.03562934867655,0.8979239946653828,0.0
3.001835813575589,1.0,2.51e-06,0.1,0.0,49.03562934867655,0.8979239946653828,0.0
3.001835813575589,1.0,3.16e-06,0.1,0.0,49.03562934867655,0.8979239946653828,0.0
3.001835813575589,1.0,3.98e-06,0.1,0.0,49.03562934867655,0.8979239946653828,0.0
3.001835813575589,1.0,5.01e-06,0.1,0.0,49.03562934867655,0.8979239946653828,0.0
3.001835813575589,1.0,6.31e-06,0.1,0.0,49.03562934867655,0.8979239946653828,0.0
3.001835813575589,1.0,7.94e-06,0.1,0.0,49.03562934867655,0.8979239946653828,0.0
3.001835813575589,1.0,1e-05,0.1,0.0,49.03562934867655,0.8979239946653828,0.0
3.001835813575589,1.0,1.26e-05,0.1,0.0,49.03562934867655,0.8979239946653828,0.0
3.001835813575589,1.0,1.58e-05,0.1,0.0,49.03562934867655,0.8979239946653828,0.0
3.001835813575589,1.0,2e-05,0.1,3.3333333333333335e-05,49.03562934867655,0.8979239946653828,196.14251739470623
3.001835813575589,1.0,2.51e-05,0.1,3.3333333333333335e-05,49.03562934867655,0.8979239946653828,196.14251739470623
3.001835813575589,1.0,3.16e-05,0.1,0.0,49.03562934867655,0.8979239946653828,0.0
3.001835813575589,1.0,3.98e-05,0.1,3.3333333333333335e-05,49.03562934867655,0.8979239946653828,196.14251739470623
3.001835813575589,1.0,5.01e-05,0.1,0.0,49.03562934867655,0.8979239946653828,0.0
3.001835813575589,1.0,6.31e-05,0.1,6.666666666666667e-05,49.03562934867655,0.8979239946653828,392.28503478941246
3.001835813575589,1.0,7.94e-05,0.1,0.00013333333333333334,49.03562934867655,0.8979239946653828,784.5700695788249
3.001835813575589,1.0,0.0001,0.1,0.00013333333333333334,49.03562934867655,0.8979239946653828,784.5700695788249
3.001835813575589,1.0,0.000126,0.1,0.00016666666666666666,49.03562934867655,0.8979239946653828,980.712586973531
3.001835813575589,1.0,0.000158,0.1,6.666666666666667e-05,49.03562934867655,0.8979239946653828,392.28503478941246
3.001835813575589,1.0,0.0002,0.1,0.00016666666666666666,49.03562934867655,0.8979239946653828,980.712586973531
3.001835813575589,1.0,0.000251,0.1,0.0,49.03562934867655,0.8979239946653828,0.0
3.001835813575589,1.0,0.000316,0.1,0.0,49.03562934867655,0.8979239946653828,0.0
3.001835813575589,1.0,0.000398,0.1,0.0,49.03562934867655,0.8979239946653828,0.0
3.001835813575589,1.0,0.000501,0.1,0.0,49.03562934867655,0.8979239946653828,0.0
3.001835813575589,1.0,0.000631,0.1,0.0,49.03562934867655,0.8979239946653828,0.0
3.001835813575589,1.0,0.000794,0.1,0.0,49.03562934867655,0.8979239946653828,0.0
3.001835813575589,1.0,0.001,0.1,0.0,49.03562934867655,0.8979239946653828,0.0
3.001835813575589,1.0,0.00126,0.1,0.0,49.03562934867655,0.8979239946653828,0.0
3.001835813575589,1.0,0.00158,0.1,0.0,49.03562934867655,0.8979239946653828,0.0
3.001835813575589,1.0,0.002,0.1,0.0,49.03562934867655,0.8979239946653828,0.0
3.001835813575589,1.0,0.00251,0.1,0.0,49.03562934867655,0.8979239946653828,0.0
3.001835813575589,1.0,0.00316,0.1,0.0,49.03562934867655,0.8979239946653828,0.0
3.001835813575589,1.0,0.00398,0.1,0.0,49.03562934867655,0.8979239946653828,0.0
3.001835813575589,1.0,0.00501,0.1,0.0,49.03562934867655,0.8979239946653828,0.0
3.001835813575589,1.0,0.00631,0.1,0.0,49.03562934867655,0.8979239946653828,0.0
3.1440354715915,1.0,1e-06,0.1,0.0,49.48218923622948,0.9061012495189431,0.0
3.1440354715915,1.0,1.26e-06,0.1,0.0,49.48218923622948,0.9061012495189431,0.0
3.1440354715915,1.0,1.58e-06,0.1,0.0,49.48218923622948,0.9061012495189431,0.0
3.1440354715915,1.0,2e-06,0.1,0.0,49.48218923622948,0.9061012495189431,0.0
3.1440354715915,1.0,2.51e-06,0.1,0.0,49.48218923622948,0.9061012495189431,0.0
3.1440354715915,1.0,3.16e-06,0.1,0.0,49.48218923622948,0.9061012495189431,0.0
3.1440354715915,1.0,3.98e-06,0.1,0.0,49.48218923622948,0.9061012495189431,0.0
3.1440354715915,1.0,5.01e-06,0.1,0.0,49.48218923622948,0.9061012495189431,0.0
3.1440354715915,1.0,6.31e-06,0.1,0.0,49.48218923622948,0.9061012495189431,0.0
3.1440354715915,1.0,7.94e-06,0.1,0.0,49.48218923622948,0.9061012495189431,0.0
3.1440354715915,1.0,1e-05,0.1,0.0,49.48218923622948,0.9061012495189431,0.0
3.1440354715915,1.0,1.26e-05,0.1,0.0,49.48218923622948,0.9061012495189431,0.0
3.1440354715915,1.0,1.58e-05,0.1,0.0,49.48218923622948,0.9061012495189431,0.0
3.1440354715915,1.0,2e-05,0.1,3.3333333333333335e-05,49.48218923622948,0.9061012495189431,197.92875694491795
3.1440354715915,1.0,2.51e-05,0.1,3.3333333333333335e-05,49.48218923622948,0.9061012495189431,197.92875694491795
3.1440354715915,1.0,3.16e-05,0.1,0.0,49.48218923622948,0.9061012495189431,0.0
3.1440354715915,1.0,3.98e-05,0.1,3.3333333333333335e-05,49.48218923622948,0.9061012495189431,197.92875694491795
3.1440354715915,1.0,5.01e-05,0.1,0.0,49.48218923622948,0.9061012495189431,0.0
3.1440354715915,1.0,6.31e-05,0.1,6.666666666666667e-05,49.48218923622948,0.9061012495189431,395.8575138898359
3.1440354715915,1.0,7.94e-05,0.1,0.00013333333333333334,49.48218923622948,0.9061012495189431,791.7150277796718
3.1440354715915,1.0,0.0001,0.1,0.00013333333333333334,49.48218923622948,0.9061012495189431,791.7150277796718
3.1440354715915,1.0,0.000126,0.1,0.00016666666666666666,49.48218923622948,0.9061012495189431,989.6437847245896
3.1440354715915,1.0,0.000158,0.1,6.666666666666667e-05,49.48218923622948,0.9061012495189431,395.8575138898359
3.1440354715915,1.0,0.0002,0.1,0.00016666666666666666,49.48218923622948,0.9061012495189431,989.6437847245896
3.1440354715915,1.0,0.000251,0.1,0.0,49.48218923622948,0.9061012495189431,0.0
3.1440354715915,1.0,0.000316,0.1,0.0,49.48218923622948,0.9061012495189431,0.0
3.1440354715915,1.0,0.000398,0.1,0.0,49.48218923622948,0.9061012495189431,0.0
3.1440354715915,1.0,0.000501,0.1,0.0,49.48218923622948,0.9061012495189431,0.0
3.1440354715915,1.0,0.000631,0.1,0.0,49.48218923622948,0.9061012495189431,0.0
3.1440354715915,1.0,0.000794,0.1,0.0,49.48218923622948,0.9061012495189431,0.0
3.1440354715915,1.0,0.001,0.1,0.0,49.48218923622948,0.9061012495189431,0.0
3.1440354715915,1.0,0.00126,0.1,0.0,49.48218923622948,0.9061012495189431,0.0
3.1440354715915,1.0,0.00158,0.1,0.0,49.48218923622948,0.9061012495189431,0.0
3.1440354715915,1.0,0.002,0.1,0.0,49.48218923622948,0.9061012495189431,0.0
3.1440354715915,1.0,0.00251,0.1,0.0,49.48218923622948,0.9061012495189431,0.0
3.1440354715915,1.0,0.00316,0.1,0.0,49.48218923622948,0.9061012495189431,0.0
3.1440354715915,1.0,0.00398,0.1,0.0,49.48218923622948,0.9061012495189431,0.0
3.1440354715915,1.0,0.00501,0.1,0.0,49.48218923622948,0.9061012495189431,0.0
3.1440354715915,1.0,0.00631,0.1,0.0,49.48218923622948,0.9061012495189431,0.0
3.2929712550971515,1.0,1e-06,0.1,0.0,49.896414218004864,0.913686398425286,0.0
3.2929712550971515,1.0,1.26e-06,0.1,0.0,49.896414218004864,0.913686398425286,0.0
3.2929712550971515,1.0,1.58e-06,0.1,0.0,49.896414218004864,0.913686398425286,0.0
3.2929712550971515,1.0,2e-06,0.1,0.0,49.896414218004864,0.913686398425286,0.0
3.2929712550971515,1.0,2.51e-06,0.1,0.0,49.896414218004864,0.913686398425286,0.0
3.2929712550971515,1.0,3.16e-06,0.1,0.0,49.896414218004864,0.913686398425286,0.0
3.2929712550971515,1.0,3.98e-06,0.1,0.0,49.896414218004864,0.913686398425286,0.0
3.2929712550971515,1.0,5.01e-06,0.1,0.0,49.896414218004864,0.913686398425286,0.0
3.2929712550971515,1.0,6.31e-06,0.1,0.0,49.896414218004864,0.913686398425286,0.0
3.2929712550971515,1.0,7.94e-06,0.1,0.0,49.896414218004864,0.913686398425286,0.0
3.2929712550971515,1.0,1e-05,0.1,0.0,49.896414218004864,0.913686398425286,0.0
3.2929712550971515,1.0,1.26e-05,0.1,0.0,49.896414218004864,0.913686398425286,0.0
3.2929712550971515,1.0,1.58e-05,0.1,0.0,49.896414218004864,0.913686398425286,0.0
3.2929712550971515,1.0,2e-05,0.1,3.3333333333333335e-05,49.896414218004864,0.913686398425286,199.5856568720195
3.2929712550971515,1.0,2.51e-05,0.1,3.3333333333333335e-05,49.896414218004864,0.913686398425286,199.5856568720195
3.2929712550971515,1.0,3.16e-05,0.1,0.0,49.896414218004864,0.913686398425286,0.0
3.2929712550971515,1.0,3.98e-05,0.1,3.3333333333333335e-05,49.896414218004864,0.913686398425286,199.5856568720195
3.2929712550971515,1.0,5.01e-05,0.1,0.0,49.896414218004864,0.913686398425286,0.0
3.2929712550971515,1.0,6.31e-05,0.1,6.666666666666667e-05,49.896414218004864,0.913686398425286,399.171313744039
3.2929712550971515,1.0,7.94e-05,0.1,0.00013333333333333334,49.896414218004864,0.913686398425286,798.342627488078
3.2929712550971515,1.0,0.0001,0.1,0.00013333333333333334,49.896414218004864,0.913686398425286,798.342627488078
3.2929712550971515,1.0,0.000126,0.1,0.00016666666666666666,49.896414218004864,0.913686398425286,997.9282843600973
3.2929712550971515,1.0,0.000158,0.1,6.666666666666667e-05,49.896414218004864,0.913686398425286,399.171313744039
3.2929712550971515,1.0,0.0002,0.1,0.00016666666666666666,49.896414218004864,0.913686398425286,997.9282843600973
3.2929712550971515,1.0,0.000251,0.1,0.0,49.896414218004864,0.913686398425286,0.0
3.2929712550971515,1.0,0.000316,0.1,0.0,49.896414218004864,0.913686398425286,0.0
3.2929712550971515,1.0,0.000398,0.1,0.0,49.896414218004864,0.913686398425286,0.0
3.2929712550971515,1.0,0.000501,0.1,0.0,49.896414218004864,0.913686398425286,0.0
3.2929712550971515,1.0,0.000631,0.1,0.0,49.896414218004864,0.913686398425286,0.0
3.2929712550971515,1.0,0.000794,0.1,0.0,49.896414218004864,0.913686398425286,0.0
3.2929712550971515,1.0,0.001,0.1,0.0,49.896414218004864,0.913686398425286,0.0
3.2929712550971515,1.0,0.00126,0.1,0.0,49.896414218004864,0.913686398425286,0.0
3.2929712550971515,1.0,0.00158,0.1,0.0,49.896414218004864,0.913686398425286,0.0
3.2929712550971515,1.0,0.002,0.1,0.0,49.896414218004864,0.913686398425286,0.0
3.2929712550971515,1.0,0.00251,0.1,0.0,49.896414218004864,0.913686398425286,0.0
3.2929712550971515,1.0,0.00316,0.1,0.0,49.896414218004864,0.913686398425286,0.0
3.2929712550971515,1.0,0.00398,0.1,0.0,49.896414218004864,0.913686398425286,0.0
3.2929712550971515,1.0,0.00501,0.1,0.0,49.896414218004864,0.913686398425286,0.0
3.2929712550971515,1.0,0.00631,0.1,0.0,49.896414218004864,0.913686398425286,0.0
3.44896226040576,1.0,1e-06,0.1,0.0,50.280106056768695,0.9207124346597454,0.0
3.44896226040576,1.0,1.26e-06,0.1,0.0,50.280106056768695,0.9207124346597454,0.0
3.44896226040576,1.0,1.58e-06,0.1,0.0,50.280106056768695,0.9207124346597454,0.0
3.44896226040576,1.0,2e-06,0.1,0.0,50.280106056768695,0.9207124346597454,0.0
3.44896226040576,1.0,2.51e-06,0.1,0.0,50.280106056768695,0.9207124346597454,0.0
3.44896226040576,1.0,3.16e-06,0.1,0.0,50.280106056768695,0.9207124346597454,0.0
3.44896226040576,1.0,3.98e-06,0.1,0.0,50.280106056768695,0.9207124346597454,0.0
3.44896226040576,1.0,5.01e-06,0.1,0.0,50.280106056768695,0.9207124346597454,0.0
3.44896226040576,1.0,6.31e-06,0.1,0.0,50.280106056768695,0.9207124346597454,0.0
3.44896226040576,1.0,7.94e-06,0.1,0.0,50.280106056768695,0.9207124346597454,0.0
3.44896226040576,1.0,1e-05,0.1,0.0,50.280106056768695,0.9207124346597454,0.0
3.44896226040576,1.0,1.26e-05,0.1,0.0,50.280106056768695,0.9207124346597454,0.0
3.44896226040576,1.0,1.58e-05,0.1,0.0,50.280106056768695,0.9207124346597454,0.0
3.44896226040576,1.0,2e-05,0.1,3.3333333333333335e-05,50.280106056768695,0.9207124346597454,201.1204242270748
3.44896226040576,1.0,2.51e-05,0.1,3.3333333333333335e-05,50.280106056768695,0.9207124346597454,201.1204242270748
3.44896226040576,1.0,3.16e-05,0.1,0.0,50.280106056768695,0.9207124346597454,0.0
3.44896226040576,1.0,3.98e-05,0.1,3.3333333333333335e-05,50.280106056768695,0.9207124346597454,201.1204242270748
3.44896226040576,1.0,5.01e-05,0.1,0.0,50.280106056768695,0.9207124346597454,0.0
3.44896226040576,1.0,6.31e-05,0.1,6.666666666666667e-05,50.280106056768695,0.9207124346597454,402.2408484541496
3.44896226040576,1.0,7.94e-05,0.1,0.00013333333333333334,50.280106056768695,0.9207124346597454,804.4816969082992
3.44896226040576,1.0,0.0001,0.1,0.00013333333333333334,50.280106056768695,0.9207124346597454,804.4816969082992
3.44896226040576,1.0,0.000126,0.1,0.00016666666666666666,50.280106056768695,0.9207124346597454,1005.6021211353739
3.44896226040576,1.0,0.000158,0.1,6.666666666666667e-05,50.280106056768695,0.9207124346597454,402.2408484541496
3.44896226040576,1.0,0.0002,0.1,0.00016666666666666666,50.280106056768695,0.9207124346597454,1005.6021211353739
3.44896226040576,1.0,0.000251,0.1,0.0,50.280106056768695,0.9207124346597454,0.0
3.44896226040576,1.0,0.000316,0.1,0.0,50.280106056768695,0.9207124346597454,0.0
3.44896226040576,1.0,0.000398,0.1,0.0,50.280106056768695,0.9207124346597454,0.0
3.44896226040576,1.0,0.000501,0.1,0.0,50.280106056768695,0.9207124346597454,0.0
3.44896226040576,1.0,0.000631,0.1,0.0,50.280106056768695,0.9207124346597454,0.0
3.44896226040576,1.0,0.000794,0.1,0.0,50.280106056768695,0.9207124346597454,0.0
3.44896226040576,1.0,0.001,0.1,0.0,50.280106056768695,0.9207124346597454,0.0
3.44896226040576,1.0,0.00126,0.1,0.0,50.280106056768695,0.9207124346597454,0.0
3.44896226040576,1.0,0.00158,0.1,0.0,50.280106056768695,0.9207124346597454,0.0
3.44896226040576,1.0,0.002,0.1,0.0,50.280106056768695,0.9207124346597454,0.0
3.44896226040576,1.0,0.00251,0.1,0.0,50.280106056768695,0.9207124346597454,0.0
3.44896226040576,1.0,0.00316,0.1,0.0,50.280106056768695,0.9207124346597454,0.0
3.44896226040576,1.0,0.00398,0.1,0.0,50.280106056768695,0.9207124346597454,0.0
3.44896226040576,1.0,0.00501,0.1,0.0,50.280106056768695,0.9207124346597454,0.0
3.44896226040576,1.0,0.00631,0.1,0.0,50.280106056768695,0.9207124346597454,0.0
3.6123426997094303,1.0,1e-06,0.1,0.0,50.635053040159995,0.927212104745651,0.0
3.6123426997094303,1.0,1.26e-06,0.1,0.0,50.635053040159995,0.927212104745651,0.0
3.6123426997094303,1.0,1.58e-06,0.1,0.0,50.635053040159995,0.927212104745651,0.0
3.6123426997094303,1.0,2e-06,0.1,0.0,50.635053040159995,0.927212104745651,0.0
3.6123426997094303,1.0,2.51e-06,0.1,0.0,50.635053040159995,0.927212104745651,0.0
3.6123426997094303,1.0,3.16e-06,0.1,0.0,50.635053040159995,0.927212104745651,0.0
3.6123426997094303,1.0,3.98e-06,0.1,0.0,50.635053040159995,0.927212104745651,0.0
3.6123426997094303,1.0,5.01e-06,0.1,0.0,50.635053040159995,0.927212104745651,0.0
3.6123426997094303,1.0,6.31e-06,0.1,0.0,50.635053040159995,0.927212104745651,0.0
3.6123426997094303,1.0,7.94e-06,0.1,0.0,50.635053040159995,0.927212104745651,0.0
3.6123426997094303,1.0,1e-05,0.1,0.0,50.635053040159995,0.927212104745651,0.0
3.6123426997094303,1.0,1.26e-05,0.1,0.0,50.635053040159995,0.927212104745651,0.0
3.6123426997094303,1.0,1.58e-05,0.1,0.0,50.635053040159995,0.927212104745651,0.0
3.6123426997094303,1.0,2e-05,0.1,3.3333333333333335e-05,50.635053040159995,0.927212104745651,202.54021216064004
3.6123426997094303,1.0,2.51e-05,0.1,3.3333333333333335e-05,50.635053040159995,0.927212104745651,202.54021216064004
3.6123426997094303,1.0,3.16e-05,0.1,0.0,50.635053040159995,0.927212104745651,0.0
3.6123426997094303,1.0,3.98e-05,0.1,3.3333333333333335e-05,50.635053040159995,0.927212104745651,202.54021216064004
3.6123426997094303,1.0,5.01e-05,0.1,0.0,50.635053040159995,0.927212104745651,0.0
3.6123426997094303,1.0,6.31e-05,0.1,6.666666666666667e-05,50.635053040159995,0.927212104745651,405.0804243212801
3.6123426997094303,1.0,7.94e-05,0.1,0.00013333333333333334,50.635053040159995,0.927212104745651,810.1608486425602
3.6123426997094303,1.0,0.0001,0.1,0.00013333333333333334,50.635053040159995,0.927212104745651,810.1608486425602
3.6123426997094303,1.0,0.000126,0.1,0.00016666666666666666,50.635053040159995,0.927212104745651,1012.7010608032001
3.6123426997094303,1.0,0.000158,0.1,6.666666666666667e-05,50.635053040159995,0.927212104745651,405.0804243212801
3.6123426997094303,1.0,0.0002,0.1,0.00016666666666666666,50.635053040159995,0.927212104745651,1012.7010608032001
3.6123426997094303,1.0,0.000251,0.1,0.0,50.635053040159995,0.927212104745651,0.0
3.6123426997094303,1.0,0.000316,0.1,0.0,50.635053040159995,0.927212104745651,0.0
3.6123426997094303,1.0,0.000398,0.1,0.0,50.635053040159995,0.927212104745651,0.0
3.6123426997094303,1.0,0.000501,0.1,0.0,50.635053040159995,0.927212104745651,0.0
3.6123426997094303,1.0,0.000631,0.1,0.0,50.635053040159995,0.927212104745651,0.0
3.6123426997094303,1.0,0.000794,0.1,0.0,50.635053040159995,0.927212104745651,0.0
3.6123426997094303,1.0,0.001,0.1,0.0,50.635053040159995,0.927212104745651,0.0
3.6123426997094303,1.0,0.00126,0.1,0.0,50.635053040159995,0.927212104745651,0.0
3.6123426997094303,1.0,0.00158,0.1,0.0,50.635053040159995,0.927212104745651,0.0
3.6123426997094303,1.0,0.002,0.1,0.0,50.635053040159995,0.927212104745651,0.0
3.6123426997094303,1.0,0.00251,0.1,0.0,50.635053040159995,0.927212104745651,0.0
3.6123426997094303,1.0,0.00316,0.1,0.0,50.635053040159995,0.927212104745651,0.0
3.6123426997094303,1.0,0.00398,0.1,0.0,50.635053040159995,0.927212104745651,0.0
3.6123426997094303,1.0,0.00501,0.1,0.0,50.635053040159995,0.927212104745651,0.0
3.6123426997094303,1.0,0.00631,0.1,0.0,50.635053040159995,0.927212104745651,0.0
3.7834626171319288,1.0,1e-06,0.1,0.0,50.96301343401856,0.933217605457216,0.0
3.7834626171319288,1.0,1.26e-06,0.1,0.0,50.96301343401856,0.933217605457216,0.0
3.7834626171319288,1.0,1.58e-06,0.1,0.0,50.96301343401856,0.933217605457216,0.0
3.7834626171319288,1.0,2e-06,0.1,0.0,50.96301343401856,0.933217605457216,0.0
3.7834626171319288,1.0,2.51e-06,0.1,0.0,50.96301343401856,0.933217605457216,0.0
3.7834626171319288,1.0,3.16e-06,0.1,0.0,50.96301343401856,0.933217605457216,0.0
3.7834626171319288,1.0,3.98e-06,0.1,0.0,50.96301343401856,0.933217605457216,0.0
3.7834626171319288,1.0,5.01e-06,0.1,0.0,50.96301343401856,0.933217605457216,0.0
3.7834626171319288,1.0,6.31e-06,0.1,0.0,50.96301343401856,0.933217605457216,0.0
3.7834626171319288,1.0,7.94e-06,0.1,0.0,50.96301343401856,0.933217605457216,0.0
3.7834626171319288,1.0,1e-05,0.1,0.0,50.96301343401856,0.933217605457216,0.0
3.7834626171319288,1.0,1.26e-05,0.1,0.0,50.96301343401856,0.933217605457216,0.0
3.7834626171319288,1.0,1.58e-05,0.1,0.0,50.96301343401856,0.933217605457216,0.0
3.7834626171319288,1.0,2e-05,0.1,3.3333333333333335e-05,50.96301343401856,0.933217605457216,203.85205373607428
3.7834626171319288,1.0,2.51e-05,0.1,3.3333333333333335e-05,50.96301343401856,0.933217605457216,203.85205373607428
3.7834626171319288,1.0,3.16e-05,0.1,0.0,50.96301343401856,0.933217605457216,0.0
3.7834626171319288,1.0,3.98e-05,0.1,3.3333333333333335e-05,50.96301343401856,0.933217605457216,203.85205373607428
3.7834626171319288,1.0,5.01e-05,0.1,0.0,50.96301343401856,0.933217605457216,0.0
3.7834626171319288,1.0,6.31e-05,0.1,6.666666666666667e-05,50.96301343401856,0.933217605457216,407.70410747214856
3.7834626171319288,1.0,7.94e-05,0.1,0.00013333333333333334,50.96301343401856,0.933217605457216,815.4082149442971
3.7834626171319288,1.0,0.0001,0.1,0.00013333333333333334,50.96301343401856,0.933217605457216,815.4082149442971
3.7834626171319288,1.0,0.000126,0.1,0.00016666666666666666,50.96301343401856,0.933217605457216,1019.2602686803714
3.7834626171319288,1.0,0.000158,0.1,6.666666666666667e-05,50.96301343401856,0.933217605457216,407.70410747214856
3.7834626171319288,1.0,0.0002,0.1,0.00016666666666666666,50.96301343401856,0.933217605457216,1019.2602686803714
3.7834626171319288,1.0,0.000251,0.1,0.0,50.96301343401856,0.933217605457216,0.0
3.7834626171319288,1.0,0.000316,0.1,0.0,50.96301343401856,0.933217605457216,0.0
3.7834626171319288,1.0,0.000398,0.1,0.0,50.96301343401856,0.933217605457216,0.0
3.7834626171319288,1.0,0.000501,0.1,0.0,50.96301343401856,0.933217605457216,0.0
3.7834626171319288,1.0,0.000631,0.1,0.0,50.96301343401856,0.933217605457216,0.0
3.7834626171319288,1.0,0.000794,0.1,0.0,50.96301343401856,0.933217605457216,0.0
3.7834626171319288,1.0,0.001,0.1,0.0,50.96301343401856,0.933217605457216,0.0
3.7834626171319288,1.0,0.00126,0.1,0.0,50.96301343401856,0.933217605457216,0.0
3.7834626171319288,1.0,0.00158,0.1,0.0,50.96301343401856,0.933217605457216,0.0
3.7834626171319288,1.0,0.002,0.1,0.0,50.96301343401856,0.933217605457216,0.0
3.7834626171319288,1.0,0.00251,0.1,0.0,50.96301343401856,0.933217605457216,0.0
3.7834626171319288,1.0,0.00316,0.1,0.0,50.96301343401856,0.933217605457216,0.0
3.7834626171319288,1.0,0.00398,0.1,0.0,50.96301343401856,0.933217605457216,0.0
3.7834626171319288,1.0,0.00501,0.1,0.0,50.96301343401856,0.933217605457216,0.0
3.7834626171319288,1.0,0.00631,0.1,0.0,50.96301343401856,0.933217605457216,0.0
3.9626886387014784,1.0,1e-06,0.1,0.0,51.26570201254045,0.9387603371642639,0.0
3.9626886387014784,1.0,1.26e-06,0.1,0.0,51.26570201254045,0.9387603371642639,0.0
3.9626886387014784,1.0,1.58e-06,0.1,0.0,51.26570201254045,0.9387603371642639,0.0
3.9626886387014784,1.0,2e-06,0.1,0.0,51.26570201254045,0.9387603371642639,0.0
3.9626886387014784,1.0,2.51e-06,0.1,0.0,51.26570201254045,0.9387603371642639,0.0
3.9626886387014784,1.0,3.16e-06,0.1,0.0,51.26570201254045,0.9387603371642639,0.0
3.9626886387014784,1.0,3.98e-06,0.1,0.0,51.26570201254045,0.9387603371642639,0.0
3.9626886387014784,1.0,5.01e-06,0.1,0.0,51.26570201254045,0.9387603371642639,0.0
3.9626886387014784,1.0,6.31e-06,0.1,0.0,51.26570201254045,0.9387603371642639,0.0
3.9626886387014784,1.0,7.94e-06,0.1,0.0,51.26570201254045,0.9387603371642639,0.0
3.9626886387014784,1.0,1e-05,0.1,0.0,51.26570201254045,0.9387603371642639,0.0
3.9626886387014784,1.0,1.26e-05,0.1,0.0,51.26570201254045,0.9387603371642639,0.0
3.9626886387014784,1.0,1.58e-05,0.1,0.0,51.26570201254045,0.9387603371642639,0.0
3.9626886387014784,1.0,2e-05,0.1,3.3333333333333335e-05,51.26570201254045,0.9387603371642639,205.06280805016183
3.9626886387014784,1.0,2.51e-05,0.1,3.3333333333333335e-05,51.26570201254045,0.9387603371642639,205.06280805016183
3.9626886387014784,1.0,3.16e-05,0.1,0.0,51.26570201254045,0.9387603371642639,0.0
3.9626886387014784,1.0,3.98e-05,0.1,3.3333333333333335e-05,51.26570201254045,0.9387603371642639,205.06280805016183
3.9626886387014784,1.0,5.01e-05,0.1,0.0,51.26570201254045,0.9387603371642639,0.0
3.9626886387014784,1.0,6.31e-05,0.1,6.666666666666667e-05,51.26570201254045,0.9387603371642639,410.12561610032367
3.9626886387014784,1.0,7.94e-05,0.1,0.00013333333333333334,51.26570201254045,0.9387603371642639,820.2512322006473
3.9626886387014784,1.0,0.0001,0.1,0.00013333333333333334,51.26570201254045,0.9387603371642639,820.2512322006473
3.9626886387014784,1.0,0.000126,0.1,0.00016666666666666666,51.26570201254045,0.9387603371642639,1025.314040250809
3.9626886387014784,1.0,0.000158,0.1,6.666666666666667e-05,51.26570201254045,0.9387603371642639,410.12561610032367
3.9626886387014784,1.0,0.0002,0.1,0.00016666666666666666,51.26570201254045,0.9387603371642639,1025.314040250809
3.9626886387014784,1.0,0.000251,0.1,0.0,51.26570201254045,0.9387603371642639,0.0
3.9626886387014784,1.0,0.000316,0.1,0.0,51.26570201254045,0.9387603371642639,0.0
3.9626886387014784,1.0,0.000398,0.1,0.0,51.26570201254045,0.9387603371642639,0.0
3.9626886387014784,1.0,0.000501,0.1,0.0,51.26570201254045,0.9387603371642639,0.0
3.9626886387014784,1.0,0.000631,0.1,0.0,51.26570201254045,0.9387603371642639,0.0
3.9626886387014784,1.0,0.000794,0.1,0.0,51.26570201254045,0.9387603371642639,0.0
3.9626886387014784,1.0,0.001,0.1,0.0,51.26570201254045,0.9387603371642639,0.0
3.9626886387014784,1.0,0.00126,0.1,0.0,51.26570201254045,0.9387603371642639,0.0
3.9626886387014784,1.0,0.00158,0.1,0.0,51.26570201254045,0.9387603371642639,0.0
3.9626886387014784,1.0,0.002,0.1,0.0,51.26570201254045,0.9387603371642639,0.0
3.9626886387014784,1.0,0.00251,0.1,0.0,51.26570201254045,0.9387603371642639,0.0
3.9626886387014784,1.0,0.00316,0.1,0.0,51.26570201254045,0.9387603371642639,0.0
3.9626886387014784,1.0,0.00398,0.1,0.0,51.26570201254045,0.9387603371642639,0.0
3.9626886387014784,1.0,0.00501,0.1,0.0,51.26570201254045,0.9387603371642639,0.0
3.9626886387014784,1.0,0.00631,0.1,0.0,51.26570201254045,0.9387603371642639,0.0
4.150404757850477,1.0,1e-06,0.1,0.0,51.54477937771955,0.9438707082534252,0.0
4.150404757850477,1.0,1.26e-06,0.1,0.0,51.54477937771955,0.9438707082534252,0.0
4.150404757850477,1.0,1.58e-06,0.1,0.0,51.54477937771955,0.9438707082534252,0.0
4.150404757850477,1.0,2e-06,0.1,0.0,51.54477937771955,0.9438707082534252,0.0
4.150404757850477,1.0,2.51e-06,0.1,0.0,51.54477937771955,0.9438707082534252,0.0
4.150404757850477,1.0,3.16e-06,0.1,0.0,51.54477937771955,0.9438707082534252,0.0
4.150404757850477,1.0,3.98e-06,0.1,0.0,51.54477937771955,0.9438707082534252,0.0
4.150404757850477,1.0,5.01e-06,0.1,0.0,51.54477937771955,0.9438707082534252,0.0
4.150404757850477,1.0,6.31e-06,0.1,0.0,51.54477937771955,0.9438707082534252,0.0
4.150404757850477,1.0,7.94e-06,0.1,0.0,51.54477937771955,0.9438707082534252,0.0
4.150404757850477,1.0,1e-05,0.1,0.0,51.54477937771955,0.9438707082534252,0.0
4.150404757850477,1.0,1.26e-05,0.1,0.0,51.54477937771955,0.9438707082534252,0.0
4.150404757850477,1.0,1.58e-05,0.1,0.0,51.54477937771955,0.9438707082534252,0.0
4.150404757850477,1.0,2e-05,0.1,3.3333333333333335e-05,51.54477937771955,0.9438707082534252,206.17911751087823
4.150404757850477,1.0,2.51e-05,0.1,3.3333333333333335e-05,51.54477937771955,0.9438707082534252,206.17911751087823
4.150404757850477,1.0,3.16e-05,0.1,0.0,51.54477937771955,0.9438707082534252,0.0
4.150404757850477,1.0,3.98e-05,0.1,3.3333333333333335e-05,51.54477937771955,0.9438707082534252,206.17911751087823
4.150404757850477,1.0,5.01e-05,0.1,0.0,51.54477937771955,0.9438707082534252,0.0
4.150404757850477,1.0,6.31e-05,0.1,6.666666666666667e-05,51.54477937771955,0.9438707082534252,412.35823502175646
4.150404757850477,1.0,7.94e-05,0.1,0.00013333333333333334,51.54477937771955,0.9438707082534252,824.7164700435129
4.150404757850477,1.0,0.0001,0.1,0.00013333333333333334,51.54477937771955,0.9438707082534252,824.7164700435129
4.150404757850477,1.0,0.000126,0.1,0.00016666666666666666,51.54477937771955,0.9438707082534252,1030.895587554391
4.150404757850477,1.0,0.000158,0.1,6.666666666666667e-05,51.54477937771955,0.9438707082534252,412.35823502175646
4.150404757850477,1.0,0.0002,0.1,0.00016666666666666666,51.54477937771955,0.9438707082534252,1030.895587554391
4.150404757850477,1.0,0.000251,0.1,0.0,51.54477937771955,0.9438707082534252,0.0
4.150404757850477,1.0,0.000316,0.1,0.0,51.54477937771955,0.9438707082534252,0.0
4.150404757850477,1.0,0.000398,0.1,0.0,51.54477937771955,0.9438707082534252,0.0
4.150404757850477,1.0,0.000501,0.1,0.0,51.54477937771955,0.9438707082534252,0.0
4.150404757850477,1.0,0.000631,0.1,0.0,51.54477937771955,0.9438707082534252,0.0
4.150404757850477,1.0,0.000794,0.1,0.0,51.54477937771955,0.9438707082534252,0.0
4.150404757850477,1.0,0.001,0.1,0.0,51.54477937771955,0.9438707082534252,0.0
4.150404757850477,1.0,0.00126,0.1,0.0,51.54477937771955,0.9438707082534252,0.0
4.150404757850477,1.0,0.00158,0.1,0.0,51.54477937771955,0.9438707082534252,0.0
4.150404757850477,1.0,0.002,0.1,0.0,51.54477937771955,0.9438707082534252,0.0
4.150404757850477,1.0,0.00251,0.1,0.0,51.54477937771955,0.9438707082534252,0.0
4.150404757850477,1.0,0.00316,0.1,0.0,51.54477937771955,0.9438707082534252,0.0
4.150404757850477,1.0,0.00398,0.1,0.0,51.54477937771955,0.9438707082534252,0.0
4.150404757850477,1.0,0.00501,0.1,0.0,51.54477937771955,0.9438707082534252,0.0
4.150404757850477,1.0,0.00631,0.1,0.0,51.54477937771955,0.9438707082534252,0.0
4.347013158125026,1.0,1e-06,0.1,0.0,51.80184376657069,0.9485779851047554,0.0
4.347013158125026,1.0,1.26e-06,0.1,0.0,51.80184376657069,0.9485779851047554,0.0
4.347013158125026,1.0,1.58e-06,0.1,0.0,51.80184376657069,0.9485779851047554,0.0
4.347013158125026,1.0,2e-06,0.1,0.0,51.80184376657069,0.9485779851047554,0.0
4.347013158125026,1.0,2.51e-06,0.1,0.0,51.80184376657069,0.9485779851047554,0.0
4.347013158125026,1.0,3.16e-06,0.1,0.0,51.80184376657069,0.9485779851047554,0.0
4.347013158125026,1.0,3.98e-06,0.1,0.0,51.80184376657069,0.9485779851047554,0.0
4.347013158125026,1.0,5.01e-06,0.1,0.0,51.80184376657069,0.9485779851047554,0.0
4.347013158125026,1.0,6.31e-06,0.1,0.0,51.80184376657069,0.9485779851047554,0.0
4.347013158125026,1.0,7.94e-06,0.1,0.0,51.80184376657069,0.9485779851047554,0.0
4.347013158125026,1.0,1e-05,0.1,0.0,51.80184376657069,0.9485779851047554,0.0
4.347013158125026,1.0,1.26e-05,0.1,0.0,51.80184376657069,0.9485779851047554,0.0
4.347013158125026,1.0,1.58e-05,0.1,0.0,51.80184376657069,0.9485779851047554,0.0
4.347013158125026,1.0,2e-05,0.1,3.3333333333333335e-05,51.80184376657069,0.9485779851047554,207.20737506628276
4.347013158125026,1.0,2.51e-05,0.1,3.3333333333333335e-05,51.80184376657069,0.9485779851047554,207.20737506628276
4.347013158125026,1.0,3.16e-05,0.1,0.0,51.80184376657069,0.9485779851047554,0.0
4.347013158125026,1.0,3.98e-05,0.1,3.3333333333333335e-05,51.80184376657069,0.9485779851047554,207.20737506628276
4.347013158125026,1.0,5.01e-05,0.1,0.0,51.80184376657069,0.9485779851047554,0.0
4.347013158125026,1.0,6.31e-05,0.1,6.666666666666667e-05,51.80184376657069,0.9485779851047554,414.41475013256553
4.347013158125026,1.0,7.94e-05,0.1,0.00013333333333333334,51.80184376657069,0.9485779851047554,828.8295002651311
4.347013158125026,1.0,0.0001,0.1,0.00013333333333333334,51.80184376657069,0.9485779851047554,828.8295002651311
4.347013158125026,1.0,0.000126,0.1,0.00016666666666666666,51.80184376657069,0.9485779851047554,1036.0368753314137
4.347013158125026,1.0,0.000158,0.1,6.666666666666667e-05,51.80184376657069,0.9485779851047554,414.41475013256553
4.347013158125026,1.0,0.0002,0.1,0.00016666666666666666,51.80184376657069,0.9485779851047554,1036.0368753314137
4.347013158125026,1.0,0.000251,0.1,0.0,51.80184376657069,0.9485779851047554,0.0
4.347013158125026,1.0,0.000316,0.1,0.0,51.80184376657069,0.9485779851047554,0.0
4.347013158125026,1.0,0.000398,0.1,0.0,51.80184376657069,0.9485779851047554,0.0
4.347013158125026,1.0,0.000501,0.1,0.0,51.80184376657069,0.9485779851047554,0.0
4.347013158125026,1.0,0.000631,0.1,0.0,51.80184376657069,0.9485779851047554,0.0
4.347013158125026,1.0,0.000794,0.1,0.0,51.80184376657069,0.9485779851047554,0.0
4.347013158125026,1.0,0.001,0.1,0.0,51.80184376657069,0.9485779851047554,0.0
4.347013158125026,1.0,0.00126,0.1,0.0,51.80184376657069,0.9485779851047554,0.0
4.347013158125026,1.0,0.00158,0.1,0.0,51.80184376657069,0.9485779851047554,0.0
4.347013158125026,1.0,0.002,0.1,0.0,51.80184376657069,0.9485779851047554,0.0
4.347013158125026,1.0,0.00251,0.1,0.0,51.80184376657069,0.9485779851047554,0.0
4.347013158125026,1.0,0.00316,0.1,0.0,51.80184376657069,0.9485779851047554,0.0
4.347013158125026,1.0,0.00398,0.1,0.0,51.80184376657069,0.9485779851047554,0.0
4.347013158125026,1.0,0.00501,0.1,0.0,51.80184376657069,0.9485779851047554,0.0
4.347013158125026,1.0,0.00631,0.1,0.0,51.80184376657069,0.9485779851047554,0.0
4.552935074866948,1.0,1e-06,0.1,0.0,52.03842504369786,0.9529101820856595,0.0
4.552935074866948,1.0,1.26e-06,0.1,0.0,52.03842504369786,0.9529101820856595,0.0
4.552935074866948,1.0,1.58e-06,0.1,0.0,52.03842504369786,0.9529101820856595,0.0
4.552935074866948,1.0,2e-06,0.1,0.0,52.03842504369786,0.9529101820856595,0.0
4.552935074866948,1.0,2.51e-06,0.1,0.0,52.03842504369786,0.9529101820856595,0.0
4.552935074866948,1.0,3.16e-06,0.1,0.0,52.03842504369786,0.9529101820856595,0.0
4.552935074866948,1.0,3.98e-06,0.1,0.0,52.03842504369786,0.9529101820856595,0.0
4.552935074866948,1.0,5.01e-06,0.1,0.0,52.03842504369786,0.9529101820856595,0.0
4.552935074866948,1.0,6.31e-06,0.1,0.0,52.03842504369786,0.9529101820856595,0.0
4.552935074866948,1.0,7.94e-06,0.1,0.0,52.03842504369786,0.9529101820856595,0.0
4.552935074866948,1.0,1e-05,0.1,0.0,52.03842504369786,0.9529101820856595,0.0
4.552935074866948,1.0,1.26e-05,0.1,0.0,52.03842504369786,0.9529101820856595,0.0
4.552935074866948,1.0,1.58e-05,0.1,0.0,52.03842504369786,0.9529101820856595,0.0
4.552935074866948,1.0,2e-05,0.1,3.3333333333333335e-05,52.03842504369786,0.9529101820856595,208.1537001747915
4.552935074866948,1.0,2.51e-05,0.1,3.3333333333333335e-05,52.03842504369786,0.9529101820856595,208.1537001747915
4.552935074866948,1.0,3.16e-05,0.1,0.0,52.03842504369786,0.9529101820856595,0.0
4.552935074866948,1.0,3.98e-05,0.1,3.3333333333333335e-05,52.03842504369786,0.9529101820856595,208.1537001747915
4.552935074866948,1.0,5.01e-05,0.1,0.0,52.03842504369786,0.9529101820856595,0.0
4.552935074866948,1.0,6.31e-05,0.1,6.666666666666667e-05,52.03842504369786,0.9529101820856595,416.307400349583
4.552935074866948,1.0,7.94e-05,0.1,0.00013333333333333334,52.03842504369786,0.9529101820856595,832.614800699166
4.552935074866948,1.0,0.0001,0.1,0.00013333333333333334,52.03842504369786,0.9529101820856595,832.614800699166
4.552935074866948,1.0,0.000126,0.1,0.00016666666666666666,52.03842504369786,0.9529101820856595,1040.7685008739572
4.552935074866948,1.0,0.000158,0.1,6.666666666666667e-05,52.03842504369786,0.9529101820856595,416.307400349583
4.552935074866948,1.0,0.0002,0.1,0.00016666666666666666,52.03842504369786,0.9529101820856595,1040.7685008739572
4.552935074866948,1.0,0.000251,0.1,0.0,52.03842504369786,0.9529101820856595,0.0
4.552935074866948,1.0,0.000316,0.1,0.0,52.03842504369786,0.9529101820856595,0.0
4.552935074866948,1.0,0.000398,0.1,0.0,52.03842504369786,0.9529101820856595,0.0
4.552935074866948,1.0,0.000501,0.1,0.0,52.03842504369786,0.9529101820856595,0.0
4.552935074866948,1.0,0.000631,0.1,0.0,52.03842504369786,0.9529101820856595,0.0
4.552935074866948,1.0,0.000794,0.1,0.0,52.03842504369786,0.9529101820856595,0.0
4.552935074866948,1.0,0.001,0.1,0.0,52.03842504369786,0.9529101820856595,0.0
4.552935074866948,1.0,0.00126,0.1,0.0,52.03842504369786,0.9529101820856595,0.0
4.552935074866948,1.0,0.00158,0.1,0.0,52.03842504369786,0.9529101820856595,0.0
4.552935074866948,1.0,0.002,0.1,0.0,52.03842504369786,0.9529101820856595,0.0
4.552935074866948,1.0,0.00251,0.1,0.0,52.03842504369786,0.9529101820856595,0.0
4.552935074866948,1.0,0.00316,0.1,0.0,52.03842504369786,0.9529101820856595,0.0
4.552935074866948,1.0,0.00398,0.1,0.0,52.03842504369786,0.9529101820856595,0.0
4.552935074866948,1.0,0.00501,0.1,0.0,52.03842504369786,0.9529101820856595,0.0
4.552935074866948,1.0,0.00631,0.1,0.0,52.03842504369786,0.9529101820856595,0.0
4.768611697714469,1.0,1e-06,0.1,0.0,52.255980585640124,0.956893986186415,0.0
4.768611697714469,1.0,1.26e-06,0.1,0.0,52.255980585640124,0.956893986186415,0.0
4.768611697714469,1.0,1.58e-06,0.1,0.0,52.255980585640124,0.956893986186415,0.0
4.768611697714469,1.0,2e-06,0.1,0.0,52.255980585640124,0.956893986186415,0.0
4.768611697714469,1.0,2.51e-06,0.1,0.0,52.255980585640124,0.956893986186415,0.0
4.768611697714469,1.0,3.16e-06,0.1,0.0,52.255980585640124,0.956893986186415,0.0
4.768611697714469,1.0,3.98e-06,0.1,0.0,52.255980585640124,0.956893986186415,0.0
4.768611697714469,1.0,5.01e-06,0.1,0.0,52.255980585640124,0.956893986186415,0.0
4.768611697714469,1.0,6.31e-06,0.1,0.0,52.255980585640124,0.956893986186415,0.0
4.768611697714469,1.0,7.94e-06,0.1,0.0,52.255980585640124,0.956893986186415,0.0
4.768611697714469,1.0,1e-05,0.1,0.0,52.255980585640124,0.956893986186415,0.0
4.768611697714469,1.0,1.26e-05,0.1,0.0,52.255980585640124,0.956893986186415,0.0
4.768611697714469,1.0,1.58e-05,0.1,0.0,52.255980585640124,0.956893986186415,0.0
4.768611697714469,1.0,2e-05,0.1,3.3333333333333335e-05,52.255980585640124,0.956893986186415,209.0239223425605
4.768611697714469,1.0,2.51e-05,0.1,3.3333333333333335e-05,52.255980585640124,0.956893986186415,209.0239223425605
4.768611697714469,1.0,3.16e-05,0.1,0.0,52.255980585640124,0.956893986186415,0.0
4.768611697714469,1.0,3.98e-05,0.1,3.3333333333333335e-05,52.255980585640124,0.956893986186415,209.0239223425605
4.768611697714469,1.0,5.01e-05,0.1,0.0,52.255980585640124,0.956893986186415,0.0
4.768611697714469,1.0,6.31e-05,0.1,6.666666666666667e-05,52.255980585640124,0.956893986186415,418.047844685121
4.768611697714469,1.0,7.94e-05,0.1,0.00013333333333333334,52.255980585640124,0.956893986186415,836.095689370242
4.768611697714469,1.0,0.0001,0.1,0.00013333333333333334,52.255980585640124,0.956893986186415,836.095689370242
4.768611697714469,1.0,0.000126,0.1,0.00016666666666666666,52.255980585640124,0.956893986186415,1045.1196117128025
4.768611697714469,1.0,0.000158,0.1,6.666666666666667e-05,52.255980585640124,0.956893986186415,418.047844685121
4.768611697714469,1.0,0.0002,0.1,0.00016666666666666666,52.255980585640124,0.956893986186415,1045.1196117128025
4.768611697714469,1.0,0.000251,0.1,0.0,52.255980585640124,0.956893986186415,0.0
4.768611697714469,1.0,0.000316,0.1,0.0,52.255980585640124,0.956893986186415,0.0
4.768611697714469,1.0,0.000398,0.1,0.0,52.255980585640124,0.956893986186415,0.0
4.768611697714469,1.0,0.000501,0.1,0.0,52.255980585640124,0.956893986186415,0.0
4.768611697714469,1.0,0.000631,0.1,0.0,52.255980585640124,0.956893986186415,0.0
4.768611697714469,1.0,0.000794,0.1,0.0,52.255980585640124,0.956893986186415,0.0
4.768611697714469,1.0,0.001,0.1,0.0,52.255980585640124,0.956893986186415,0.0
4.768611697714469,1.0,0.00126,0.1,0.0,52.255980585640124,0.956893986186415,0.0
4.768611697714469,1.0,0.00158,0.1,0.0,52.255980585640124,0.956893986186415,0.0
4.768611697714469,1.0,0.002,0.1,0.0,52.255980585640124,0.956893986186415,0.0
4.768611697714469,1.0,0.00251,0.1,0.0,52.255980585640124,0.956893986186415,0.0
4.768611697714469,1.0,0.00316,0.1,0.0,52.255980585640124,0.956893986186415,0.0
4.768611697714469,1.0,0.00398,0.1,0.0,52.255980585640124,0.956893986186415,0.0
4.768611697714469,1.0,0.00501,0.1,0.0,52.255980585640124,0.956893986186415,0.0
4.768611697714469,1.0,0.00631,0.1,0.0,52.255980585640124,0.956893986186415,0.0
4.99450511585514,1.0,1e-06,0.1,0.0,52.45589277928856,0.9605547112120227,0.0
4.99450511585514,1.0,1.26e-06,0.1,0.0,52.45589277928856,0.9605547112120227,0.0
4.99450511585514,1.0,1.58e-06,0.1,0.0,52.45589277928856,0.9605547112120227,0.0
4.99450511585514,1.0,2e-06,0.1,0.0,52.45589277928856,0.9605547112120227,0.0
4.99450511585514,1.0,2.51e-06,0.1,0.0,52.45589277928856,0.9605547112120227,0.0
4.99450511585514,1.0,3.16e-06,0.1,0.0,52.45589277928856,0.9605547112120227,0.0
4.99450511585514,1.0,3.98e-06,0.1,0.0,52.45589277928856,0.9605547112120227,0.0
4.99450511585514,1.0,5.01e-06,0.1,0.0,52.45589277928856,0.9605547112120227,0.0
4.99450511585514,1.0,6.31e-06,0.1,0.0,52.45589277928856,0.9605547112120227,0.0
4.99450511585514,1.0,7.94e-06,0.1,0.0,52.45589277928856,0.9605547112120227,0.0
4.99450511585514,1.0,1e-05,0.1,0.0,52.45589277928856,0.9605547112120227,0.0
4.99450511585514,1.0,1.26e-05,0.1,0.0,52.45589277928856,0.9605547112120227,0.0
4.99450511585514,1.0,1.58e-05,0.1,0.0,52.45589277928856,0.9605547112120227,0.0
4.99450511585514,1.0,2e-05,0.1,3.3333333333333335e-05,52.45589277928856,0.9605547112120227,209.8235711171543
4.99450511585514,1.0,2.51e-05,0.1,3.3333333333333335e-05,52.45589277928856,0.9605547112120227,209.8235711171543
4.99450511585514,1.0,3.16e-05,0.1,0.0,52.45589277928856,0.9605547112120227,0.0
4.99450511585514,1.0,3.98e-05,0.1,3.3333333333333335e-05,52.45589277928856,0.9605547112120227,209.8235711171543
4.99450511585514,1.0,5.01e-05,0.1,0.0,52.45589277928856,0.9605547112120227,0.0
4.99450511585514,1.0,6.31e-05,0.1,6.666666666666667e-05,52.45589277928856,0.9605547112120227,419.6471422343086
4.99450511585514,1.0,7.94e-05,0.1,0.00013333333333333334,52.45589277928856,0.9605547112120227,839.2942844686172
4.99450511585514,1.0,0.0001,0.1,0.00013333333333333334,52.45589277928856,0.9605547112120227,839.2942844686172
4.99450511585514,1.0,0.000126,0.1,0.00016666666666666666,52.45589277928856,0.9605547112120227,1049.1178555857712
4.99450511585514,1.0,0.000158,0.1,6.666666666666667e-05,52.45589277928856,0.9605547112120227,419.6471422343086
4.99450511585514,1.0,0.0002,0.1,0.00016666666666666666,52.45589277928856,0.9605547112120227,1049.1178555857712
4.99450511585514,1.0,0.000251,0.1,0.0,52.45589277928856,0.9605547112120227,0.0
4.99450511585514,1.0,0.000316,0.1,0.0,52.45589277928856,0.9605547112120227,0.0
4.99450511585514,1.0,0.000398,0.1,0.0,52.45589277928856,0.9605547112120227,0.0
4.99450511585514,1.0,0.000501,0.1,0.0,52.45589277928856,0.9605547112120227,0.0
4.99450511585514,1.0,0.000631,0.1,0.0,52.45589277928856,0.9605547112120227,0.0
4.99450511585514,1.0,0.000794,0.1,0.0,52.45589277928856,0.9605547112120227,0.0
4.99450511585514,1.0,0.001,0.1,0.0,52.45589277928856,0.9605547112120227,0.0
4.99450511585514,1.0,0.00126,0.1,0.0,52.45589277928856,0.9605547112120227,0.0
4.99450511585514,1.0,0.00158,0.1,0.0,52.45589277928856,0.9605547112120227,0.0
4.99450511585514,1.0,0.002,0.1,0.0,52.45589277928856,0.9605547112120227,0.0
4.99450511585514,1.0,0.00251,0.1,0.0,52.45589277928856,0.9605547112120227,0.0
4.99450511585514,1.0,0.00316,0.1,0.0,52.45589277928856,0.9605547112120227,0.0
4.99450511585514,1.0,0.00398,0.1,0.0,52.45589277928856,0.9605547112120227,0.0
4.99450511585514,1.0,0.00501,0.1,0.0,52.45589277928856,0.9605547112120227,0.0
4.99450511585514,1.0,0.00631,0.1,0.0,52.45589277928856,0.9605547112120227,0.0
5.2310993080562636,1.0,1e-06,0.1,0.0,52.63946787715997,0.9639162768203621,0.0
5.2310993080562636,1.0,1.26e-06,0.1,0.0,52.63946787715997,0.9639162768203621,0.0
5.2310993080562636,1.0,1.58e-06,0.1,0.0,52.63946787715997,0.9639162768203621,0.0
5.2310993080562636,1.0,2e-06,0.1,0.0,52.63946787715997,0.9639162768203621,0.0
5.2310993080562636,1.0,2.51e-06,0.1,0.0,52.63946787715997,0.9639162768203621,0.0
5.2310993080562636,1.0,3.16e-06,0.1,0.0,52.63946787715997,0.9639162768203621,0.0
5.2310993080562636,1.0,3.98e-06,0.1,0.0,52.63946787715997,0.9639162768203621,0.0
5.2310993080562636,1.0,5.01e-06,0.1,0.0,52.63946787715997,0.9639162768203621,0.0
5.2310993080562636,1.0,6.31e-06,0.1,0.0,52.63946787715997,0.9639162768203621,0.0
5.2310993080562636,1.0,7.94e-06,0.1,0.0,52.63946787715997,0.9639162768203621,0.0
5.2310993080562636,1.0,1e-05,0.1,0.0,52.63946787715997,0.9639162768203621,0.0
5.2310993080562636,1.0,1.26e-05,0.1,0.0,52.63946787715997,0.9639162768203621,0.0
5.2310993080562636,1.0,1.58e-05,0.1,0.0,52.63946787715997,0.9639162768203621,0.0
5.2310993080562636,1.0,2e-05,0.1,3.3333333333333335e-05,52.63946787715997,0.9639162768203621,210.5578715086399
5.2310993080562636,1.0,2.51e-05,0.1,3.3333333333333335e-05,52.63946787715997,0.9639162768203621,210.5578715086399
5.2310993080562636,1.0,3.16e-05,0.1,0.0,52.63946787715997,0.9639162768203621,0.0
5.2310993080562636,1.0,3.98e-05,0.1,3.3333333333333335e-05,52.63946787715997,0.9639162768203621,210.5578715086399
5.2310993080562636,1.0,5.01e-05,0.1,0.0,52.63946787715997,0.9639162768203621,0.0
5.2310993080562636,1.0,6.31e-05,0.1,6.666666666666667e-05,52.63946787715997,0.9639162768203621,421.1157430172798
5.2310993080562636,1.0,7.94e-05,0.1,0.00013333333333333334,52.63946787715997,0.9639162768203621,842.2314860345596
5.2310993080562636,1.0,0.0001,0.1,0.00013333333333333334,52.63946787715997,0.9639162768203621,842.2314860345596
5.2310993080562636,1.0,0.000126,0.1,0.00016666666666666666,52.63946787715997,0.9639162768203621,1052.7893575431997
5.2310993080562636,1.0,0.000158,0.1,6.666666666666667e-05,52.63946787715997,0.9639162768203621,421.1157430172798
5.2310993080562636,1.0,0.0002,0.1,0.00016666666666666666,52.63946787715997,0.9639162768203621,1052.7893575431997
5.2310993080562636,1.0,0.000251,0.1,0.0,52.63946787715997,0.9639162768203621,0.0
5.2310993080562636,1.0,0.000316,0.1,0.0,52.63946787715997,0.9639162768203621,0.0
5.2310993080562636,1.0,0.000398,0.1,0.0,52.63946787715997,0.9639162768203621,0.0
5.2310993080562636,1.0,0.000501,0.1,0.0,52.63946787715997,0.9639162768203621,0.0
5.2310993080562636,1.0,0.000631,0.1,0.0,52.63946787715997,0.9639162768203621,0.0
5.2310993080562636,1.0,0.000794,0.1,0.0,52.63946787715997,0.9639162768203621,0.0
5.2310993080562636,1.0,0.001,0.1,0.0,52.63946787715997,0.9639162768203621,0.0
5.2310993080562636,1.0,0.00126,0.1,0.0,52.63946787715997,0.9639162768203621,0.0
5.2310993080562636,1.0,0.00158,0.1,0.0,52.63946787715997,0.9639162768203621,0.0
5.2310993080562636,1.0,0.002,0.1,0.0,52.63946787715997,0.9639162768203621,0.0
5.2310993080562636,1.0,0.00251,0.1,0.0,52.63946787715997,0.9639162768203621,0.0
5.2310993080562636,1.0,0.00316,0.1,0.0,52.63946787715997,0.9639162768203621,0.0
5.2310993080562636,1.0,0.00398,0.1,0.0,52.63946787715997,0.9639162768203621,0.0
5.2310993080562636,1.0,0.00501,0.1,0.0,52.63946787715997,0.9639162768203621,0.0
5.2310993080562636,1.0,0.00631,0.1,0.0,52.63946787715997,0.9639162768203621,0.0
5.478901179593945,1.0,1e-06,0.1,0.0,52.80793597551911,0.9670012081215731,0.0
5.478901179593945,1.0,1.26e-06,0.1,0.0,52.80793597551911,0.9670012081215731,0.0
5.478901179593945,1.0,1.58e-06,0.1,0.0,52.80793597551911,0.9670012081215731,0.0
5.478901179593945,1.0,2e-06,0.1,0.0,52.80793597551911,0.9670012081215731,0.0
5.478901179593945,1.0,2.51e-06,0.1,0.0,52.80793597551911,0.9670012081215731,0.0
5.478901179593945,1.0,3.16e-06,0.1,0.0,52.80793597551911,0.9670012081215731,0.0
5.478901179593945,1.0,3.98e-06,0.1,0.0,52.80793597551911,0.9670012081215731,0.0
5.478901179593945,1.0,5.01e-06,0.1,0.0,52.80793597551911,0.9670012081215731,0.0
5.478901179593945,1.0,6.31e-06,0.1,0.0,52.80793597551911,0.9670012081215731,0.0
5.478901179593945,1.0,7.94e-06,0.1,0.0,52.80793597551911,0.9670012081215731,0.0
5.478901179593945,1.0,1e-05,0.1,0.0,52.80793597551911,0.9670012081215731,0.0
5.478901179593945,1.0,1.26e-05,0.1,0.0,52.80793597551911,0.9670012081215731,0.0
5.478901179593945,1.0,1.58e-05,0.1,0.0,52.80793597551911,0.9670012081215731,0.0
5.478901179593945,1.0,2e-05,0.1,3.3333333333333335e-05,52.80793597551911,0.9670012081215731,211.23174390207646
5.478901179593945,1.0,2.51e-05,0.1,3.3333333333333335e-05,52.80793597551911,0.9670012081215731,211.23174390207646
5.478901179593945,1.0,3.16e-05,0.1,0.0,52.80793597551911,0.9670012081215731,0.0
5.478901179593945,1.0,3.98e-05,0.1,3.3333333333333335e-05,52.80793597551911,0.9670012081215731,211.23174390207646
5.478901179593945,1.0,5.01e-05,0.1,0.0,52.80793597551911,0.9670012081215731,0.0
5.478901179593945,1.0,6.31e-05,0.1,6.666666666666667e-05,52.80793597551911,0.9670012081215731,422.4634878041529
5.478901179593945,1.0,7.94e-05,0.1,0.00013333333333333334,52.80793597551911,0.9670012081215731,844.9269756083058
5.478901179593945,1.0,0.0001,0.1,0.00013333333333333334,52.80793597551911,0.9670012081215731,844.9269756083058
5.478901179593945,1.0,0.000126,0.1,0.00016666666666666666,52.80793597551911,0.9670012081215731,1056.1587195103823
5.478901179593945,1.0,0.000158,0.1,6.666666666666667e-05,52.80793597551911,0.9670012081215731,422.4634878041529
5.478901179593945,1.0,0.0002,0.1,0.00016666666666666666,52.80793597551911,0.9670012081215731,1056.1587195103823
5.478901179593945,1.0,0.000251,0.1,0.0,52.80793597551911,0.9670012081215731,0.0
5.478901179593945,1.0,0.000316,0.1,0.0,52.80793597551911,0.9670012081215731,0.0
5.478901179593945,1.0,0.000398,0.1,0.0,52.80793597551911,0.9670012081215731,0.0
5.478901179593945,1.0,0.000501,0.1,0.0,52.80793597551911,0.9670012081215731,0.0
5.478901179593945,1.0,0.000631,0.1,0.0,52.80793597551911,0.9670012081215731,0.0
5.478901179593945,1.0,0.000794,0.1,0.0,52.80793597551911,0.9670012081215731,0.0
5.478901179593945,1.0,0.001,0.1,0.0,52.80793597551911,0.9670012081215731,0.0
5.478901179593945,1.0,0.00126,0.1,0.0,52.80793597551911,0.9670012081215731,0.0
5.478901179593945,1.0,0.00158,0.1,0.0,52.80793597551911,0.9670012081215731,0.0
5.478901179593945,1.0,0.002,0.1,0.0,52.80793597551911,0.9670012081215731,0.0
5.478901179593945,1.0,0.00251,0.1,0.0,52.80793597551911,0.9670012081215731,0.0
5.478901179593945,1.0,0.00316,0.1,0.0,52.80793597551911,0.9670012081215731,0.0
5.478901179593945,1.0,0.00398,0.1,0.0,52.80793597551911,0.9670012081215731,0.0
5.478901179593945,1.0,0.00501,0.1,0.0,52.80793597551911,0.9670012081215731,0.0
5.478901179593945,1.0,0.00631,0.1,0.0,52.80793597551911,0.9670012081215731,0.0
5.738441648302393,1.0,1e-06,0.1,0.0,52.96245190575568,0.9698306520006533,0.0
5.738441648302393,1.0,1.26e-06,0.1,0.0,52.96245190575568,0.9698306520006533,0.0
5.738441648302393,1.0,1.58e-06,0.1,0.0,52.96245190575568,0.9698306520006533,0.0
5.738441648302393,1.0,2e-06,0.1,0.0,52.96245190575568,0.9698306520006533,0.0
5.738441648302393,1.0,2.51e-06,0.1,0.0,52.96245190575568,0.9698306520006533,0.0
5.738441648302393,1.0,3.16e-06,0.1,0.0,52.96245190575568,0.9698306520006533,0.0
5.738441648302393,1.0,3.98e-06,0.1,0.0,52.96245190575568,0.9698306520006533,0.0
5.738441648302393,1.0,5.01e-06,0.1,0.0,52.96245190575568,0.9698306520006533,0.0
5.738441648302393,1.0,6.31e-06,0.1,0.0,52.96245190575568,0.9698306520006533,0.0
5.738441648302393,1.0,7.94e-06,0.1,0.0,52.96245190575568,0.9698306520006533,0.0
5.738441648302393,1.0,1e-05,0.1,0.0,52.96245190575568,0.9698306520006533,0.0
5.738441648302393,1.0,1.26e-05,0.1,0.0,52.96245190575568,0.9698306520006533,0.0
5.738441648302393,1.0,1.58e-05,0.1,0.0,52.96245190575568,0.9698306520006533,0.0
5.738441648302393,1.0,2e-05,0.1,3.3333333333333335e-05,52.96245190575568,0.9698306520006533,211.84980762302277
5.738441648302393,1.0,2.51e-05,0.1,3.3333333333333335e-05,52.96245190575568,0.9698306520006533,211.84980762302277
5.738441648302393,1.0,3.16e-05,0.1,0.0,52.96245190575568,0.9698306520006533,0.0
5.738441648302393,1.0,3.98e-05,0.1,3.3333333333333335e-05,52.96245190575568,0.9698306520006533,211.84980762302277
5.738441648302393,1.0,5.01e-05,0.1,0.0,52.96245190575568,0.9698306520006533,0.0
5.738441648302393,1.0,6.31e-05,0.1,6.666666666666667e-05,52.96245190575568,0.9698306520006533,423.69961524604554
5.738441648302393,1.0,7.94e-05,0.1,0.00013333333333333334,52.96245190575568,0.9698306520006533,847.3992304920911
5.738441648302393,1.0,0.0001,0.1,0.00013333333333333334,52.96245190575568,0.9698306520006533,847.3992304920911
5.738441648302393,1.0,0.000126,0.1,0.00016666666666666666,52.96245190575568,0.9698306520006533,1059.2490381151135
5.738441648302393,1.0,0.000158,0.1,6.666666666666667e-05,52.96245190575568,0.9698306520006533,423.69961524604554
5.738441648302393,1.0,0.0002,0.1,0.00016666666666666666,52.96245190575568,0.9698306520006533,1059.2490381151135
5.738441648302393,1.0,0.000251,0.1,0.0,52.96245190575568,0.9698306520006533,0.0
5.738441648302393,1.0,0.000316,0.1,0.0,52.96245190575568,0.9698306520006533,0.0
5.738441648302393,1.0,0.000398,0.1,0.0,52.96245190575568,0.9698306520006533,0.0
5.738441648302393,1.0,0.000501,0.1,0.0,52.96245190575568,0.9698306520006533,0.0
5.738441648302393,1.0,0.000631,0.1,0.0,52.96245190575568,0.9698306520006533,0.0
5.738441648302393,1.0,0.000794,0.1,0.0,52.96245190575568,0.9698306520006533,0.0
5.738441648302393,1.0,0.001,0.1,0.0,52.96245190575568,0.9698306520006533,0.0
5.738441648302393,1.0,0.00126,0.1,0.0,52.96245190575568,0.9698306520006533,0.0
5.738441648302393,1.0,0.00158,0.1,0.0,52.96245190575568,0.9698306520006533,0.0
5.738441648302393,1.0,0.002,0.1,0.0,52.96245190575568,0.9698306520006533,0.0
5.738441648302393,1.0,0.00251,0.1,0.0,52.96245190575568,0.9698306520006533,0.0
5.738441648302393,1.0,0.00316,0.1,0.0,52.96245190575568,0.9698306520006533,0.0
5.738441648302393,1.0,0.00398,0.1,0.0,52.96245190575568,0.9698306520006533,0.0
5.738441648302393,1.0,0.00501,0.1,0.0,52.96245190575568,0.9698306520006533,0.0
5.738441648302393,1.0,0.00631,0.1,0.0,52.96245190575568,0.9698306520006533,0.0
6.010276782070382,1.0,1e-06,0.1,0.0,53.104096853901865,0.9724244067735189,0.0
6.010276782070382,1.0,1.26e-06,0.1,0.0,53.104096853901865,0.9724244067735189,0.0
6.010276782070382,1.0,1.58e-06,0.1,0.0,53.104096853901865,0.9724244067735189,0.0
6.010276782070382,1.0,2e-06,0.1,0.0,53.104096853901865,0.9724244067735189,0.0
6.010276782070382,1.0,2.51e-06,0.1,0.0,53.104096853901865,0.9724244067735189,0.0
6.010276782070382,1.0,3.16e-06,0.1,0.0,53.104096853901865,0.9724244067735189,0.0
6.010276782070382,1.0,3.98e-06,0.1,0.0,53.104096853901865,0.9724244067735189,0.0
6.010276782070382,1.0,5.01e-06,0.1,0.0,53.104096853901865,0.9724244067735189,0.0
6.010276782070382,1.0,6.31e-06,0.1,0.0,53.104096853901865,0.9724244067735189,0.0
6.010276782070382,1.0,7.94e-06,0.1,0.0,53.104096853901865,0.9724244067735189,0.0
6.010276782070382,1.0,1e-05,0.1,0.0,53.104096853901865,0.9724244067735189,0.0
6.010276782070382,1.0,1.26e-05,0.1,0.0,53.104096853901865,0.9724244067735189,0.0
6.010276782070382,1.0,1.58e-05,0.1,0.0,53.104096853901865,0.9724244067735189,0.0
6.010276782070382,1.0,2e-05,0.1,3.3333333333333335e-05,53.104096853901865,0.9724244067735189,212.41638741560746
6.010276782070382,1.0,2.51e-05,0.1,3.3333333333333335e-05,53.104096853901865,0.9724244067735189,212.41638741560746
6.010276782070382,1.0,3.16e-05,0.1,0.0,53.104096853901865,0.9724244067735189,0.0
6.010276782070382,1.0,3.98e-05,0.1,3.3333333333333335e-05,53.104096853901865,0.9724244067735189,212.41638741560746
6.010276782070382,1.0,5.01e-05,0.1,0.0,53.104096853901865,0.9724244067735189,0.0
6.010276782070382,1.0,6.31e-05,0.1,6.666666666666667e-05,53.104096853901865,0.9724244067735189,424.8327748312149
6.010276782070382,1.0,7.94e-05,0.1,0.00013333333333333334,53.104096853901865,0.9724244067735189,849.6655496624298
6.010276782070382,1.0,0.0001,0.1,0.00013333333333333334,53.104096853901865,0.9724244067735189,849.6655496624298
6.010276782070382,1.0,0.000126,0.1,0.00016666666666666666,53.104096853901865,0.9724244067735189,1062.0819370780373
6.010276782070382,1.0,0.000158,0.1,6.666666666666667e-05,53.104096853901865,0.9724244067735189,424.8327748312149
6.010276782070382,1.0,0.0002,0.1,0.00016666666666666666,53.104096853901865,0.9724244067735189,1062.0819370780373
6.010276782070382,1.0,0.000251,0.1,0.0,53.104096853901865,0.9724244067735189,0.0
6.010276782070382,1.0,0.000316,0.1,0.0,53.104096853901865,0.9724244067735189,0.0
6.010276782070382,1.0,0.000398,0.1,0.0,53.104096853901865,0.9724244067735189,0.0
6.010276782070382,1.0,0.000501,0.1,0.0,53.104096853901865,0.9724244067735189,0.0
6.010276782070382,1.0,0.000631,0.1,0.0,53.104096853901865,0.9724244067735189,0.0
6.010276782070382,1.0,0.000794,0.1,0.0,53.104096853901865,0.9724244067735189,0.0
6.010276782070382,1.0,0.001,0.1,0.0,53.104096853901865,0.9724244067735189,0.0
6.010276782070382,1.0,0.00126,0.1,0.0,53.104096853901865,0.9724244067735189,0.0
6.010276782070382,1.0,0.00158,0.1,0.0,53.104096853901865,0.9724244067735189,0.0
6.010276782070382,1.0,0.002,0.1,0.0,53.104096853901865,0.9724244067735189,0.0
6.010276782070382,1.0,0.00251,0.1,0.0,53.104096853901865,0.9724244067735189,0.0
6.010276782070382,1.0,0.00316,0.1,0.0,53.104096853901865,0.9724244067735189,0.0
6.010276782070382,1.0,0.00398,0.1,0.0,53.104096853901865,0.9724244067735189,0.0
6.010276782070382,1.0,0.00501,0.1,0.0,53.104096853901865,0.9724244067735189,0.0
6.010276782070382,1.0,0.00631,0.1,0.0,53.104096853901865,0.9724244067735189,0.0
6.294988990221888,1.0,1e-06,0.1,0.0,53.233880546892344,0.9748009622210647,0.0
6.294988990221888,1.0,1.26e-06,0.1,0.0,53.233880546892344,0.9748009622210647,0.0
6.294988990221888,1.0,1.58e-06,0.1,0.0,53.233880546892344,0.9748009622210647,0.0
6.294988990221888,1.0,2e-06,0.1,0.0,53.233880546892344,0.9748009622210647,0.0
6.294988990221888,1.0,2.51e-06,0.1,0.0,53.233880546892344,0.9748009622210647,0.0
6.294988990221888,1.0,3.16e-06,0.1,0.0,53.233880546892344,0.9748009622210647,0.0
6.294988990221888,1.0,3.98e-06,0.1,0.0,53.233880546892344,0.9748009622210647,0.0
6.294988990221888,1.0,5.01e-06,0.1,0.0,53.233880546892344,0.9748009622210647,0.0
6.294988990221888,1.0,6.31e-06,0.1,0.0,53.233880546892344,0.9748009622210647,0.0
6.294988990221888,1.0,7.94e-06,0.1,0.0,53.233880546892344,0.9748009622210647,0.0
6.294988990221888,1.0,1e-05,0.1,0.0,53.233880546892344,0.9748009622210647,0.0
6.294988990221888,1.0,1.26e-05,0.1,0.0,53.233880546892344,0.9748009622210647,0.0
6.294988990221888,1.0,1.58e-05,0.1,0.0,53.233880546892344,0.9748009622210647,0.0
6.294988990221888,1.0,2e-05,0.1,3.3333333333333335e-05,53.233880546892344,0.9748009622210647,212.9355221875694
6.294988990221888,1.0,2.51e-05,0.1,3.3333333333333335e-05,53.233880546892344,0.9748009622210647,212.9355221875694
6.294988990221888,1.0,3.16e-05,0.1,0.0,53.233880546892344,0.9748009622210647,0.0
6.294988990221888,1.0,3.98e-05,0.1,3.3333333333333335e-05,53.233880546892344,0.9748009622210647,212.9355221875694
6.294988990221888,1.0,5.01e-05,0.1,0.0,53.233880546892344,0.9748009622210647,0.0
6.294988990221888,1.0,6.31e-05,0.1,6.666666666666667e-05,53.233880546892344,0.9748009622210647,425.8710443751388
6.294988990221888,1.0,7.94e-05,0.1,0.00013333333333333334,53.233880546892344,0.9748009622210647,851.7420887502776
6.294988990221888,1.0,0.0001,0.1,0.00013333333333333334,53.233880546892344,0.9748009622210647,851.7420887502776
6.294988990221888,1.0,0.000126,0.1,0.00016666666666666666,53.233880546892344,0.9748009622210647,1064.6776109378468
6.294988990221888,1.0,0.000158,0.1,6.666666666666667e-05,53.233880546892344,0.9748009622210647,425.8710443751388
6.294988990221888,1.0,0.0002,0.1,0.00016666666666666666,53.233880546892344,0.9748009622210647,1064.6776109378468
6.294988990221888,1.0,0.000251,0.1,0.0,53.233880546892344,0.9748009622210647,0.0
6.294988990221888,1.0,0.000316,0.1,0.0,53.233880546892344,0.9748009622210647,0.0
6.294988990221888,1.0,0.000398,0.1,0.0,53.233880546892344,0.9748009622210647,0.0
6.294988990221888,1.0,0.000501,0.1,0.0,53.233880546892344,0.9748009622210647,0.0
6.294988990221888,1.0,0.000631,0.1,0.0,53.233880546892344,0.9748009622210647,0.0
6.294988990221888,1.0,0.000794,0.1,0.0,53.233880546892344,0.9748009622210647,0.0
6.294988990221888,1.0,0.001,0.1,0.0,53.233880546892344,0.9748009622210647,0.0
6.294988990221888,1.0,0.00126,0.1,0.0,53.233880546892344,0.9748009622210647,0.0
6.294988990221888,1.0,0.00158,0.1,0.0,53.233880546892344,0.9748009622210647,0.0
6.294988990221888,1.0,0.002,0.1,0.0,53.233880546892344,0.9748009622210647,0.0
6.294988990221888,1.0,0.00251,0.1,0.0,53.233880546892344,0.9748009622210647,0.0
6.294988990221888,1.0,0.00316,0.1,0.0,53.233880546892344,0.9748009622210647,0.0
6.294988990221888,1.0,0.00398,0.1,0.0,53.233880546892344,0.9748009622210647,0.0
6.294988990221888,1.0,0.00501,0.1,0.0,53.233880546892344,0.9748009622210647,0.0
6.294988990221888,1.0,0.00631,0.1,0.0,53.233880546892344,0.9748009622210647,0.0
6.593188271333548,1.0,1e-06,0.1,0.0,53.352743866550156,0.9769775474555971,0.0
6.593188271333548,1.0,1.26e-06,0.1,0.0,53.352743866550156,0.9769775474555971,0.0
6.593188271333548,1.0,1.58e-06,0.1,0.0,53.352743866550156,0.9769775474555971,0.0
6.593188271333548,1.0,2e-06,0.1,0.0,53.352743866550156,0.9769775474555971,0.0
6.593188271333548,1.0,2.51e-06,0.1,0.0,53.352743866550156,0.9769775474555971,0.0
6.593188271333548,1.0,3.16e-06,0.1,0.0,53.352743866550156,0.9769775474555971,0.0
6.593188271333548,1.0,3.98e-06,0.1,0.0,53.352743866550156,0.9769775474555971,0.0
6.593188271333548,1.0,5.01e-06,0.1,0.0,53.352743866550156,0.9769775474555971,0.0
6.593188271333548,1.0,6.31e-06,0.1,0.0,53.352743866550156,0.9769775474555971,0.0
6.593188271333548,1.0,7.94e-06,0.1,0.0,53.352743866550156,0.9769775474555971,0.0
6.593188271333548,1.0,1e-05,0.1,0.0,53.352743866550156,0.9769775474555971,0.0
6.593188271333548,1.0,1.26e-05,0.1,0.0,53.352743866550156,0.9769775474555971,0.0
6.593188271333548,1.0,1.58e-05,0.1,0.0,53.352743866550156,0.9769775474555971,0.0
6.593188271333548,1.0,2e-05,0.1,3.3333333333333335e-05,53.352743866550156,0.9769775474555971,213.41097546620063
6.593188271333548,1.0,2.51e-05,0.1,3.3333333333333335e-05,53.352743866550156,0.9769775474555971,213.41097546620063
6.593188271333548,1.0,3.16e-05,0.1,0.0,53.352743866550156,0.9769775474555971,0.0
6.593188271333548,1.0,3.98e-05,0.1,3.3333333333333335e-05,53.352743866550156,0.9769775474555971,213.41097546620063
6.593188271333548,1.0,5.01e-05,0.1,0.0,53.352743866550156,0.9769775474555971,0.0
6.593188271333548,1.0,6.31e-05,0.1,6.666666666666667e-05,53.352743866550156,0.9769775474555971,426.82195093240125
6.593188271333548,1.0,7.94e-05,0.1,0.00013333333333333334,53.352743866550156,0.9769775474555971,853.6439018648025
6.593188271333548,1.0,0.0001,0.1,0.00013333333333333334,53.352743866550156,0.9769775474555971,853.6439018648025
6.593188271333548,1.0,0.000126,0.1,0.00016666666666666666,53.352743866550156,0.9769775474555971,1067.0548773310031
6.593188271333548,1.0,0.000158,0.1,6.666666666666667e-05,53.352743866550156,0.9769775474555971,426.82195093240125
6.593188271333548,1.0,0.0002,0.1,0.00016666666666666666,53.352743866550156,0.9769775474555971,1067.0548773310031
6.593188271333548,1.0,0.000251,0.1,0.0,53.352743866550156,0.9769775474555971,0.0
6.593188271333548,1.0,0.000316,0.1,0.0,53.352743866550156,0.9769775474555971,0.0
6.593188271333548,1.0,0.000398,0.1,0.0,53.352743866550156,0.9769775474555971,0.0
6.593188271333548,1.0,0.000501,0.1,0.0,53.352743866550156,0.9769775474555971,0.0
6.593188271333548,1.0,0.000631,0.1,0.0,53.352743866550156,0.9769775474555971,0.0
6.593188271333548,1.0,0.000794,0.1,0.0,53.352743866550156,0.9769775474555971,0.0
6.593188271333548,1.0,0.001,0.1,0.0,53.352743866550156,0.9769775474555971,0.0
6.593188271333548,1.0,0.00126,0.1,0.0,53.352743866550156,0.9769775474555971,0.0
6.593188271333548,1.0,0.00158,0.1,0.0,53.352743866550156,0.9769775474555971,0.0
6.593188271333548,1.0,0.002,0.1,0.0,53.352743866550156,0.9769775474555971,0.0
6.593188271333548,1.0,0.00251,0.1,0.0,53.352743866550156,0.9769775474555971,0.0
6.593188271333548,1.0,0.00316,0.1,0.0,53.352743866550156,0.9769775474555971,0.0
6.593188271333548,1.0,0.00398,0.1,0.0,53.352743866550156,0.9769775474555971,0.0
6.593188271333548,1.0,0.00501,0.1,0.0,53.352743866550156,0.9769775474555971,0.0
6.593188271333548,1.0,0.00631,0.1,0.0,53.352743866550156,0.9769775474555971,0.0
6.905513520162331,1.0,1e-06,0.1,0.0,53.461561772966455,0.9789701844527826,0.0
6.905513520162331,1.0,1.26e-06,0.1,0.0,53.461561772966455,0.9789701844527826,0.0
6.905513520162331,1.0,1.58e-06,0.1,0.0,53.461561772966455,0.9789701844527826,0.0
6.905513520162331,1.0,2e-06,0.1,0.0,53.461561772966455,0.9789701844527826,0.0
6.905513520162331,1.0,2.51e-06,0.1,0.0,53.461561772966455,0.9789701844527826,0.0
6.905513520162331,1.0,3.16e-06,0.1,0.0,53.461561772966455,0.9789701844527826,0.0
6.905513520162331,1.0,3.98e-06,0.1,0.0,53.461561772966455,0.9789701844527826,0.0
6.905513520162331,1.0,5.01e-06,0.1,0.0,53.461561772966455,0.9789701844527826,0.0
6.905513520162331,1.0,6.31e-06,0.1,0.0,53.461561772966455,0.9789701844527826,0.0
6.905513520162331,1.0,7.94e-06,0.1,0.0,53.461561772966455,0.9789701844527826,0.0
6.905513520162331,1.0,1e-05,0.1,0.0,53.461561772966455,0.9789701844527826,0.0
6.905513520162331,1.0,1.26e-05,0.1,0.0,53.461561772966455,0.9789701844527826,0.0
6.905513520162331,1.0,1.58e-05,0.1,0.0,53.461561772966455,0.9789701844527826,0.0
6.905513520162331,1.0,2e-05,0.1,3.3333333333333335e-05,53.461561772966455,0.9789701844527826,213.84624709186585
6.905513520162331,1.0,2.51e-05,0.1,3.3333333333333335e-05,53.461561772966455,0.9789701844527826,213.84624709186585
6.905513520162331,1.0,3.16e-05,0.1,0.0,53.461561772966455,0.9789701844527826,0.0
6.905513520162331,1.0,3.98e-05,0.1,3.3333333333333335e-05,53.461561772966455,0.9789701844527826,213.84624709186585
6.905513520162331,1.0,5.01e-05,0.1,0.0,53.461561772966455,0.9789701844527826,0.0
6.905513520162331,1.0,6.31e-05,0.1,6.666666666666667e-05,53.461561772966455,0.9789701844527826,427.6924941837317
6.905513520162331,1.0,7.94e-05,0.1,0.00013333333333333334,53.461561772966455,0.9789701844527826,855.3849883674634
6.905513520162331,1.0,0.0001,0.1,0.00013333333333333334,53.461561772966455,0.9789701844527826,855.3849883674634
6.905513520162331,1.0,0.000126,0.1,0.00016666666666666666,53.461561772966455,0.9789701844527826,1069.2312354593294
6.905513520162331,1.0,0.000158,0.1,6.666666666666667e-05,53.461561772966455,0.9789701844527826,427.6924941837317
6.905513520162331,1.0,0.0002,0.1,0.00016666666666666666,53.461561772966455,0.9789701844527826,1069.2312354593294
6.905513520162331,1.0,0.000251,0.1,0.0,53.461561772966455,0.9789701844527826,0.0
6.905513520162331,1.0,0.000316,0.1,0.0,53.461561772966455,0.9789701844527826,0.0
6.905513520162331,1.0,0.000398,0.1,0.0,53.461561772966455,0.9789701844527826,0.0
6.905513520162331,1.0,0.000501,0.1,0.0,53.461561772966455,0.9789701844527826,0.0
6.905513520162331,1.0,0.000631,0.1,0.0,53.461561772966455,0.9789701844527826,0.0
6.905513520162331,1.0,0.000794,0.1,0.0,53.461561772966455,0.9789701844527826,0.0
6.905513520162331,1.0,0.001,0.1,0.0,53.461561772966455,0.9789701844527826,0.0
6.905513520162331,1.0,0.00126,0.1,0.0,53.461561772966455,0.9789701844527826,0.0
6.905513520162331,1.0,0.00158,0.1,0.0,53.461561772966455,0.9789701844527826,0.0
6.905513520162331,1.0,0.002,0.1,0.0,53.461561772966455,0.9789701844527826,0.0
6.905513520162331,1.0,0.00251,0.1,0.0,53.461561772966455,0.9789701844527826,0.0
6.905513520162331,1.0,0.00316,0.1,0.0,53.461561772966455,0.9789701844527826,0.0
6.905513520162331,1.0,0.00398,0.1,0.0,53.461561772966455,0.9789701844527826,0.0
6.905513520162331,1.0,0.00501,0.1,0.0,53.461561772966455,0.9789701844527826,0.0
6.905513520162331,1.0,0.00631,0.1,0.0,53.461561772966455,0.9789701844527826,0.0
7.2326338964835335,1.0,1e-06,0.1,0.0,53.56114643772997,0.9807937454262949,0.0
7.2326338964835335,1.0,1.26e-06,0.1,0.0,53.56114643772997,0.9807937454262949,0.0
7.2326338964835335,1.0,1.58e-06,0.1,0.0,53.56114643772997,0.9807937454262949,0.0
7.2326338964835335,1.0,2e-06,0.1,0.0,53.56114643772997,0.9807937454262949,0.0
7.2326338964835335,1.0,2.51e-06,0.1,0.0,53.56114643772997,0.9807937454262949,0.0
7.2326338964835335,1.0,3.16e-06,0.1,0.0,53.56114643772997,0.9807937454262949,0.0
7.2326338964835335,1.0,3.98e-06,0.1,0.0,53.56114643772997,0.9807937454262949,0.0
7.2326338964835335,1.0,5.01e-06,0.1,0.0,53.56114643772997,0.9807937454262949,0.0
7.2326338964835335,1.0,6.31e-06,0.1,0.0,53.56114643772997,0.9807937454262949,0.0
7.2326338964835335,1.0,7.94e-06,0.1,0.0,53.56114643772997,0.9807937454262949,0.0
7.2326338964835335,1.0,1e-05,0.1,0.0,53.56114643772997,0.9807937454262949,0.0
7.2326338964835335,1.0,1.26e-05,0.1,0.0,53.56114643772997,0.9807937454262949,0.0
7.2326338964835335,1.0,1.58e-05,0.1,0.0,53.56114643772997,0.9807937454262949,0.0
7.2326338964835335,1.0,2e-05,0.1,3.3333333333333335e-05,53.56114643772997,0.9807937454262949,214.2445857509199
7.2326338964835335,1.0,2.51e-05,0.1,3.3333333333333335e-05,53.56114643772997,0.9807937454262949,214.2445857509199
7.2326338964835335,1.0,3.16e-05,0.1,0.0,53.56114643772997,0.9807937454262949,0.0
7.2326338964835335,1.0,3.98e-05,0.1,3.3333333333333335e-05,53.56114643772997,0.9807937454262949,214.2445857509199
7.2326338964835335,1.0,5.01e-05,0.1,0.0,53.56114643772997,0.9807937454262949,0.0
7.2326338964835335,1.0,6.31e-05,0.1,6.666666666666667e-05,53.56114643772997,0.9807937454262949,428.4891715018398
7.2326338964835335,1.0,7.94e-05,0.1,0.00013333333333333334,53.56114643772997,0.9807937454262949,856.9783430036796
7.2326338964835335,1.0,0.0001,0.1,0.00013333333333333334,53.56114643772997,0.9807937454262949,856.9783430036796
7.2326338964835335,1.0,0.000126,0.1,0.00016666666666666666,53.56114643772997,0.9807937454262949,1071.2229287545995
7.2326338964835335,1.0,0.000158,0.1,6.666666666666667e-05,53.56114643772997,0.9807937454262949,428.4891715018398
7.2326338964835335,1.0,0.0002,0.1,0.00016666666666666666,53.56114643772997,0.9807937454262949,1071.2229287545995
7.2326338964835335,1.0,0.000251,0.1,0.0,53.56114643772997,0.9807937454262949,0.0
7.2326338964835335,1.0,0.000316,0.1,0.0,53.56114643772997,0.9807937454262949,0.0
7.2326338964835335,1.0,0.000398,0.1,0.0,53.56114643772997,0.9807937454262949,0.0
7.2326338964835335,1.0,0.000501,0.1,0.0,53.56114643772997,0.9807937454262949,0.0
7.2326338964835335,1.0,0.000631,0.1,0.0,53.56114643772997,0.9807937454262949,0.0
7.2326338964835335,1.0,0.000794,0.1,0.0,53.56114643772997,0.9807937454262949,0.0
7.2326338964835335,1.0,0.001,0.1,0.0,53.56114643772997,0.9807937454262949,0.0
7.2326338964835335,1.0,0.00126,0.1,0.0,53.56114643772997,0.9807937454262949,0.0
7.2326338964835335,1.0,0.00158,0.1,0.0,53.56114643772997,0.9807937454262949,0.0
7.2326338964835335,1.0,0.002,0.1,0.0,53.56114643772997,0.9807937454262949,0.0
7.2326338964835335,1.0,0.00251,0.1,0.0,53.56114643772997,0.9807937454262949,0.0
7.2326338964835335,1.0,0.00316,0.1,0.0,53.56114643772997,0.9807937454262949,0.0
7.2326338964835335,1.0,0.00398,0.1,0.0,53.56114643772997,0.9807937454262949,0.0
7.2326338964835335,1.0,0.00501,0.1,0.0,53.56114643772997,0.9807937454262949,0.0
7.2326338964835335,1.0,0.00631,0.1,0.0,53.56114643772997,0.9807937454262949,0.0
7.575250258771913,1.0,1e-06,0.1,0.0,53.65225050427698,0.9824620125302505,0.0
7.575250258771913,1.0,1.26e-06,0.1,0.0,53.65225050427698,0.9824620125302505,0.0
7.575250258771913,1.0,1.58e-06,0.1,0.0,53.65225050427698,0.9824620125302505,0.0
7.575250258771913,1.0,2e-06,0.1,0.0,53.65225050427698,0.9824620125302505,0.0
7.575250258771913,1.0,2.51e-06,0.1,0.0,53.65225050427698,0.9824620125302505,0.0
7.575250258771913,1.0,3.16e-06,0.1,0.0,53.65225050427698,0.9824620125302505,0.0
7.575250258771913,1.0,3.98e-06,0.1,0.0,53.65225050427698,0.9824620125302505,0.0
7.575250258771913,1.0,5.01e-06,0.1,0.0,53.65225050427698,0.9824620125302505,0.0
7.575250258771913,1.0,6.31e-06,0.1,0.0,53.65225050427698,0.9824620125302505,0.0
7.575250258771913,1.0,7.94e-06,0.1,0.0,53.65225050427698,0.9824620125302505,0.0
7.575250258771913,1.0,1e-05,0.1,0.0,53.65225050427698,0.9824620125302505,0.0
7.575250258771913,1.0,1.26e-05,0.1,0.0,53.65225050427698,0.9824620125302505,0.0
7.575250258771913,1.0,1.58e-05,0.1,0.0,53.65225050427698,0.9824620125302505,0.0
7.575250258771913,1.0,2e-05,0.1,3.3333333333333335e-05,53.65225050427698,0.9824620125302505,214.60900201710794
7.575250258771913,1.0,2.51e-05,0.1,3.3333333333333335e-05,53.65225050427698,0.9824620125302505,214.60900201710794
7.575250258771913,1.0,3.16e-05,0.1,0.0,53.65225050427698,0.9824620125302505,0.0
7.575250258771913,1.0,3.98e-05,0.1,3.3333333333333335e-05,53.65225050427698,0.9824620125302505,214.60900201710794
7.575250258771913,1.0,5.01e-05,0.1,0.0,53.65225050427698,0.9824620125302505,0.0
7.575250258771913,1.0,6.31e-05,0.1,6.666666666666667e-05,53.65225050427698,0.9824620125302505,429.2180040342159
7.575250258771913,1.0,7.94e-05,0.1,0.00013333333333333334,53.65225050427698,0.9824620125302505,858.4360080684318
7.575250258771913,1.0,0.0001,0.1,0.00013333333333333334,53.65225050427698,0.9824620125302505,858.4360080684318
7.575250258771913,1.0,0.000126,0.1,0.00016666666666666666,53.65225050427698,0.9824620125302505,1073.0450100855396
7.575250258771913,1.0,0.000158,0.1,6.666666666666667e-05,53.65225050427698,0.9824620125302505,429.2180040342159
7.575250258771913,1.0,0.0002,0.1,0.00016666666666666666,53.65225050427698,0.9824620125302505,1073.0450100855396
7.575250258771913,1.0,0.000251,0.1,0.0,53.65225050427698,0.9824620125302505,0.0
7.575250258771913,1.0,0.000316,0.1,0.0,53.65225050427698,0.9824620125302505,0.0
7.575250258771913,1.0,0.000398,0.1,0.0,53.65225050427698,0.9824620125302505,0.0
7.575250258771913,1.0,0.000501,0.1,0.0,53.65225050427698,0.9824620125302505,0.0
7.575250258771913,1.0,0.000631,0.1,0.0,53.65225050427698,0.9824620125302505,0.0
7.575250258771913,1.0,0.000794,0.1,0.0,53.65225050427698,0.9824620125302505,0.0
7.575250258771913,1.0,0.001,0.1,0.0,53.65225050427698,0.9824620125302505,0.0
7.575250258771913,1.0,0.00126,0.1,0.0,53.65225050427698,0.9824620125302505,0.0
7.575250258771913,1.0,0.00158,0.1,0.0,53.65225050427698,0.9824620125302505,0.0
7.575250258771913,1.0,0.002,0.1,0.0,53.65225050427698,0.9824620125302505,0.0
7.575250258771913,1.0,0.00251,0.1,0.0,53.65225050427698,0.9824620125302505,0.0
7.575250258771913,1.0,0.00316,0.1,0.0,53.65225050427698,0.9824620125302505,0.0
7.575250258771913,1.0,0.00398,0.1,0.0,53.65225050427698,0.9824620125302505,0.0
7.575250258771913,1.0,0.00501,0.1,0.0,53.65225050427698,0.9824620125302505,0.0
7.575250258771913,1.0,0.00631,0.1,0.0,53.65225050427698,0.9824620125302505,0.0
7.934096665797492,1.0,1e-06,0.1,0.0,53.735570407489156,0.9839877386465694,0.0
7.934096665797492,1.0,1.26e-06,0.1,0.0,53.735570407489156,0.9839877386465694,0.0
7.934096665797492,1.0,1.58e-06,0.1,0.0,53.735570407489156,0.9839877386465694,0.0
7.934096665797492,1.0,2e-06,0.1,0.0,53.735570407489156,0.9839877386465694,0.0
7.934096665797492,1.0,2.51e-06,0.1,0.0,53.735570407489156,0.9839877386465694,0.0
7.934096665797492,1.0,3.16e-06,0.1,0.0,53.735570407489156,0.9839877386465694,0.0
7.934096665797492,1.0,3.98e-06,0.1,0.0,53.735570407489156,0.9839877386465694,0.0
7.934096665797492,1.0,5.01e-06,0.1,0.0,53.735570407489156,0.9839877386465694,0.0
7.934096665797492,1.0,6.31e-06,0.1,0.0,53.735570407489156,0.9839877386465694,0.0
7.934096665797492,1.0,7.94e-06,0.1,0.0,53.735570407489156,0.9839877386465694,0.0
7.934096665797492,1.0,1e-05,0.1,0.0,53.735570407489156,0.9839877386465694,0.0
7.934096665797492,1.0,1.26e-05,0.1,0.0,53.735570407489156,0.9839877386465694,0.0
7.934096665797492,1.0,1.58e-05,0.1,0.0,53.735570407489156,0.9839877386465694,0.0
7.934096665797492,1.0,2e-05,0.1,3.3333333333333335e-05,53.735570407489156,0.9839877386465694,214.9422816299567
7.934096665797492,1.0,2.51e-05,0.1,3.3333333333333335e-05,53.735570407489156,0.9839877386465694,214.9422816299567
7.934096665797492,1.0,3.16e-05,0.1,0.0,53.735570407489156,0.9839877386465694,0.0
7.934096665797492,1.0,3.98e-05,0.1,3.3333333333333335e-05,53.735570407489156,0.9839877386465694,214.9422816299567
7.934096665797492,1.0,5.01e-05,0.1,0.0,53.735570407489156,0.9839877386465694,0.0
7.934096665797492,1.0,6.31e-05,0.1,6.666666666666667e-05,53.735570407489156,0.9839877386465694,429.8845632599134
7.934096665797492,1.0,7.94e-05,0.1,0.00013333333333333334,53.735570407489156,0.9839877386465694,859.7691265198268
7.934096665797492,1.0,0.0001,0.1,0.00013333333333333334,53.735570407489156,0.9839877386465694,859.7691265198268
7.934096665797492,1.0,0.000126,0.1,0.00016666666666666666,53.735570407489156,0.9839877386465694,1074.7114081497834
7.934096665797492,1.0,0.000158,0.1,6.666666666666667e-05,53.735570407489156,0.9839877386465694,429.8845632599134
7.934096665797492,1.0,0.0002,0.1,0.00016666666666666666,53.735570407489156,0.9839877386465694,1074.7114081497834
7.934096665797492,1.0,0.000251,0.1,0.0,53.735570407489156,0.9839877386465694,0.0
7.934096665797492,1.0,0.000316,0.1,0.0,53.735570407489156,0.9839877386465694,0.0
7.934096665797492,1.0,0.000398,0.1,0.0,53.735570407489156,0.9839877386465694,0.0
7.934096665797492,1.0,0.000501,0.1,0.0,53.735570407489156,0.9839877386465694,0.0
7.934096665797492,1.0,0.000631,0.1,0.0,53.735570407489156,0.9839877386465694,0.0
7.934096665797492,1.0,0.000794,0.1,0.0,53.735570407489156,0.9839877386465694,0.0
7.934096665797492,1.0,0.001,0.1,0.0,53.735570407489156,0.9839877386465694,0.0
7.934096665797492,1.0,0.00126,0.1,0.0,53.735570407489156,0.9839877386465694,0.0
7.934096665797492,1.0,0.00158,0.1,0.0,53.735570407489156,0.9839877386465694,0.0
7.934096665797492,1.0,0.002,0.1,0.0,53.735570407489156,0.9839877386465694,0.0
7.934096665797492,1.0,0.00251,0.1,0.0,53.735570407489156,0.9839877386465694,0.0
7.934096665797492,1.0,0.00316,0.1,0.0,53.735570407489156,0.9839877386465694,0.0
7.934096665797492,1.0,0.00398,0.1,0.0,53.735570407489156,0.9839877386465694,0.0
7.934096665797492,1.0,0.00501,0.1,0.0,53.735570407489156,0.9839877386465694,0.0
7.934096665797492,1.0,0.00631,0.1,0.0,53.735570407489156,0.9839877386465694,0.0
8.309941949353396,1.0,1e-06,0.1,0.0,53.811749697640444,0.9853827082519766,0.0
8.309941949353396,1.0,1.26e-06,0.1,0.0,53.811749697640444,0.9853827082519766,0.0
8.309941949353396,1.0,1.58e-06,0.1,0.0,53.811749697640444,0.9853827082519766,0.0
8.309941949353396,1.0,2e-06,0.1,0.0,53.811749697640444,0.9853827082519766,0.0
8.309941949353396,1.0,2.51e-06,0.1,0.0,53.811749697640444,0.9853827082519766,0.0
8.309941949353396,1.0,3.16e-06,0.1,0.0,53.811749697640444,0.9853827082519766,0.0
8.309941949353396,1.0,3.98e-06,0.1,0.0,53.811749697640444,0.9853827082519766,0.0
8.309941949353396,1.0,5.01e-06,0.1,0.0,53.811749697640444,0.9853827082519766,0.0
8.309941949353396,1.0,6.31e-06,0.1,0.0,53.811749697640444,0.9853827082519766,0.0
8.309941949353396,1.0,7.94e-06,0.1,0.0,53.811749697640444,0.9853827082519766,0.0
8.309941949353396,1.0,1e-05,0.1,0.0,53.811749697640444,0.9853827082519766,0.0
8.309941949353396,1.0,1.26e-05,0.1,0.0,53.811749697640444,0.9853827082519766,0.0
8.309941949353396,1.0,1.58e-05,0.1,0.0,53.811749697640444,0.9853827082519766,0.0
8.309941949353396,1.0,2e-05,0.1,3.3333333333333335e-05,53.811749697640444,0.9853827082519766,215.24699879056186
8.309941949353396,1.0,2.51e-05,0.1,3.3333333333333335e-05,53.811749697640444,0.9853827082519766,215.24699879056186
8.309941949353396,1.0,3.16e-05,0.1,0.0,53.811749697640444,0.9853827082519766,0.0
8.309941949353396,1.0,3.98e-05,0.1,3.3333333333333335e-05,53.811749697640444,0.9853827082519766,215.24699879056186
8.309941949353396,1.0,5.01e-05,0.1,0.0,53.811749697640444,0.9853827082519766,0.0
8.309941949353396,1.0,6.31e-05,0.1,6.666666666666667e-05,53.811749697640444,0.9853827082519766,430.4939975811237
8.309941949353396,1.0,7.94e-05,0.1,0.00013333333333333334,53.811749697640444,0.9853827082519766,860.9879951622474
8.309941949353396,1.0,0.0001,0.1,0.00013333333333333334,53.811749697640444,0.9853827082519766,860.9879951622474
8.309941949353396,1.0,0.000126,0.1,0.00016666666666666666,53.811749697640444,0.9853827082519766,1076.2349939528092
8.309941949353396,1.0,0.000158,0.1,6.666666666666667e-05,53.811749697640444,0.9853827082519766,430.4939975811237
8.309941949353396,1.0,0.0002,0.1,0.00016666666666666666,53.811749697640444,0.9853827082519766,1076.2349939528092
8.309941949353396,1.0,0.000251,0.1,0.0,53.811749697640444,0.9853827082519766,0.0
8.309941949353396,1.0,0.000316,0.1,0.0,53.811749697640444,0.9853827082519766,0.0
8.309941949353396,1.0,0.000398,0.1,0.0,53.811749697640444,0.9853827082519766,0.0
8.309941949353396,1.0,0.000501,0.1,0.0,53.811749697640444,0.9853827082519766,0.0
8.309941949353396,1.0,0.000631,0.1,0.0,53.811749697640444,0.9853827082519766,0.0
8.309941949353396,1.0,0.000794,0.1,0.0,53.811749697640444,0.9853827082519766,0.0
8.309941949353396,1.0,0.001,0.1,0.0,53.811749697640444,0.9853827082519766,0.0
8.309941949353396,1.0,0.00126,0.1,0.0,53.811749697640444,0.9853827082519766,0.0
8.309941949353396,1.0,0.00158,0.1,0.0,53.811749697640444,0.9853827082519766,0.0
8.309941949353396,1.0,0.002,0.1,0.0,53.811749697640444,0.9853827082519766,0.0
8.309941949353396,1.0,0.00251,0.1,0.0,53.811749697640444,0.9853827082519766,0.0
8.309941949353396,1.0,0.00316,0.1,0.0,53.811749697640444,0.9853827082519766,0.0
8.309941949353396,1.0,0.00398,0.1,0.0,53.811749697640444,0.9853827082519766,0.0
8.309941949353396,1.0,0.00501,0.1,0.0,53.811749697640444,0.9853827082519766,0.0
8.309941949353396,1.0,0.00631,0.1,0.0,53.811749697640444,0.9853827082519766,0.0
8.703591361485167,1.0,1e-06,0.1,0.0,53.88138232500524,0.9866577975646446,0.0
8.703591361485167,1.0,1.26e-06,0.1,0.0,53.88138232500524,0.9866577975646446,0.0
8.703591361485167,1.0,1.58e-06,0.1,0.0,53.88138232500524,0.9866577975646446,0.0
8.703591361485167,1.0,2e-06,0.1,0.0,53.88138232500524,0.9866577975646446,0.0
8.703591361485167,1.0,2.51e-06,0.1,0.0,53.88138232500524,0.9866577975646446,0.0
8.703591361485167,1.0,3.16e-06,0.1,0.0,53.88138232500524,0.9866577975646446,0.0
8.703591361485167,1.0,3.98e-06,0.1,0.0,53.88138232500524,0.9866577975646446,0.0
8.703591361485167,1.0,5.01e-06,0.1,0.0,53.88138232500524,0.9866577975646446,0.0
8.703591361485167,1.0,6.31e-06,0.1,0.0,53.88138232500524,0.9866577975646446,0.0
8.703591361485167,1.0,7.94e-06,0.1,0.0,53.88138232500524,0.9866577975646446,0.0
8.703591361485167,1.0,1e-05,0.1,0.0,53.88138232500524,0.9866577975646446,0.0
8.703591361485167,1.0,1.26e-05,0.1,0.0,53.88138232500524,0.9866577975646446,0.0
8.703591361485167,1.0,1.58e-05,0.1,0.0,53.88138232500524,0.9866577975646446,0.0
8.703591361485167,1.0,2e-05,0.1,3.3333333333333335e-05,53.88138232500524,0.9866577975646446,215.525529300021
8.703591361485167,1.0,2.51e-05,0.1,3.3333333333333335e-05,53.88138232500524,0.9866577975646446,215.525529300021
8.703591361485167,1.0,3.16e-05,0.1,0.0,53.88138232500524,0.9866577975646446,0.0
8.703591361485167,1.0,3.98e-05,0.1,3.3333333333333335e-05,53.88138232500524,0.9866577975646446,215.525529300021
8.703591361485167,1.0,5.01e-05,0.1,0.0,53.88138232500524,0.9866577975646446,0.0
8.703591361485167,1.0,6.31e-05,0.1,6.666666666666667e-05,53.88138232500524,0.9866577975646446,431.051058600042
8.703591361485167,1.0,7.94e-05,0.1,0.00013333333333333334,53.88138232500524,0.9866577975646446,862.102117200084
8.703591361485167,1.0,0.0001,0.1,0.00013333333333333334,53.88138232500524,0.9866577975646446,862.102117200084
8.703591361485167,1.0,0.000126,0.1,0.00016666666666666666,53.88138232500524,0.9866577975646446,1077.627646500105
8.703591361485167,1.0,0.000158,0.1,6.666666666666667e-05,53.88138232500524,0.9866577975646446,431.051058600042
8.703591361485167,1.0,0.0002,0.1,0.00016666666666666666,53.88138232500524,0.9866577975646446,1077.627646500105
8.703591361485167,1.0,0.000251,0.1,0.0,53.88138232500524,0.9866577975646446,0.0
8.703591361485167,1.0,0.000316,0.1,0.0,53.88138232500524,0.9866577975646446,0.0
8.703591361485167,1.0,0.000398,0.1,0.0,53.88138232500524,0.9866577975646446,0.0
8.703591361485167,1.0,0.000501,0.1,0.0,53.88138232500524,0.9866577975646446,0.0
8.703591361485167,1.0,0.000631,0.1,0.0,53.88138232500524,0.9866577975646446,0.0
8.703591361485167,1.0,0.000794,0.1,0.0,53.88138232500524,0.9866577975646446,0.0
8.703591361485167,1.0,0.001,0.1,0.0,53.88138232500524,0.9866577975646446,0.0
8.703591361485167,1.0,0.00126,0.1,0.0,53.88138232500524,0.9866577975646446,0.0
8.703591361485167,1.0,0.00158,0.1,0.0,53.88138232500524,0.9866577975646446,0.0
8.703591361485167,1.0,0.002,0.1,0.0,53.88138232500524,0.9866577975646446,0.0
8.703591361485167,1.0,0.00251,0.1,0.0,53.88138232500524,0.9866577975646446,0.0
8.703591361485167,1.0,0.00316,0.1,0.0,53.88138232500524,0.9866577975646446,0.0
8.703591361485167,1.0,0.00398,0.1,0.0,53.88138232500524,0.9866577975646446,0.0
8.703591361485167,1.0,0.00501,0.1,0.0,53.88138232500524,0.9866577975646446,0.0
8.703591361485167,1.0,0.00631,0.1,0.0,53.88138232500524,0.9866577975646446,0.0
9.115888299750829,1.0,1e-06,0.1,0.0,53.9450158510311,0.9878230333461107,0.0
9.115888299750829,1.0,1.26e-06,0.1,0.0,53.9450158510311,0.9878230333461107,0.0
9.115888299750829,1.0,1.58e-06,0.1,0.0,53.9450158510311,0.9878230333461107,0.0
9.115888299750829,1.0,2e-06,0.1,0.0,53.9450158510311,0.9878230333461107,0.0
9.115888299750829,1.0,2.51e-06,0.1,0.0,53.9450158510311,0.9878230333461107,0.0
9.115888299750829,1.0,3.16e-06,0.1,0.0,53.9450158510311,0.9878230333461107,0.0
9.115888299750829,1.0,3.98e-06,0.1,0.0,53.9450158510311,0.9878230333461107,0.0
9.115888299750829,1.0,5.01e-06,0.1,0.0,53.9450158510311,0.9878230333461107,0.0
9.115888299750829,1.0,6.31e-06,0.1,0.0,53.9450158510311,0.9878230333461107,0.0
9.115888299750829,1.0,7.94e-06,0.1,0.0,53.9450158510311,0.9878230333461107,0.0
9.115888299750829,1.0,1e-05,0.1,0.0,53.9450158510311,0.9878230333461107,0.0
9.115888299750829,1.0,1.26e-05,0.1,0.0,53.9450158510311,0.9878230333461107,0.0
9.115888299750829,1.0,1.58e-05,0.1,0.0,53.9450158510311,0.9878230333461107,0.0
9.115888299750829,1.0,2e-05,0.1,3.3333333333333335e-05,53.9450158510311,0.9878230333461107,215.78006340412446
9.115888299750829,1.0,2.51e-05,0.1,3.3333333333333335e-05,53.9450158510311,0.9878230333461107,215.78006340412446
9.115888299750829,1.0,3.16e-05,0.1,0.0,53.9450158510311,0.9878230333461107,0.0
9.115888299750829,1.0,3.98e-05,0.1,3.3333333333333335e-05,53.9450158510311,0.9878230333461107,215.78006340412446
9.115888299750829,1.0,5.01e-05,0.1,0.0,53.9450158510311,0.9878230333461107,0.0
9.115888299750829,1.0,6.31e-05,0.1,6.666666666666667e-05,53.9450158510311,0.9878230333461107,431.5601268082489
9.115888299750829,1.0,7.94e-05,0.1,0.00013333333333333334,53.9450158510311,0.9878230333461107,863.1202536164978
9.115888299750829,1.0,0.0001,0.1,0.00013333333333333334,53.9450158510311,0.9878230333461107,863.1202536164978
9.115888299750829,1.0,0.000126,0.1,0.00016666666666666666,53.9450158510311,0.9878230333461107,1078.9003170206222
9.115888299750829,1.0,0.000158,0.1,6.666666666666667e-05,53.9450158510311,0.9878230333461107,431.5601268082489
9.115888299750829,1.0,0.0002,0.1,0.00016666666666666666,53.9450158510311,0.9878230333461107,1078.9003170206222
9.115888299750829,1.0,0.000251,0.1,0.0,53.9450158510311,0.9878230333461107,0.0
9.115888299750829,1.0,0.000316,0.1,0.0,53.9450158510311,0.9878230333461107,0.0
9.115888299750829,1.0,0.000398,0.1,0.0,53.9450158510311,0.9878230333461107,0.0
9.115888299750829,1.0,0.000501,0.1,0.0,53.9450158510311,0.9878230333461107,0.0
9.115888299750829,1.0,0.000631,0.1,0.0,53.9450158510311,0.9878230333461107,0.0
9.115888299750829,1.0,0.000794,0.1,0.0,53.9450158510311,0.9878230333461107,0.0
9.115888299750829,1.0,0.001,0.1,0.0,53.9450158510311,0.9878230333461107,0.0
9.115888299750829,1.0,0.00126,0.1,0.0,53.9450158510311,0.9878230333461107,0.0
9.115888299750829,1.0,0.00158,0.1,0.0,53.9450158510311,0.9878230333461107,0.0
9.115888299750829,1.0,0.002,0.1,0.0,53.9450158510311,0.9878230333461107,0.0
9.115888299750829,1.0,0.00251,0.1,0.0,53.9450158510311,0.9878230333461107,0.0
9.115888299750829,1.0,0.00316,0.1,0.0,53.9450158510311,0.9878230333461107,0.0
9.115888299750829,1.0,0.00398,0.1,0.0,53.9450158510311,0.9878230333461107,0.0
9.115888299750829,1.0,0.00501,0.1,0.0,53.9450158510311,0.9878230333461107,0.0
9.115888299750829,1.0,0.00631,0.1,0.0,53.9450158510311,0.9878230333461107,0.0
9.547716114208056,1.0,1e-06,0.1,0.0,54.003154560105145,0.9888876498828996,0.0
9.547716114208056,1.0,1.26e-06,0.1,0.0,54.003154560105145,0.9888876498828996,0.0
9.547716114208056,1.0,1.58e-06,0.1,0.0,54.003154560105145,0.9888876498828996,0.0
9.547716114208056,1.0,2e-06,0.1,0.0,54.003154560105145,0.9888876498828996,0.0
9.547716114208056,1.0,2.51e-06,0.1,0.0,54.003154560105145,0.9888876498828996,0.0
9.547716114208056,1.0,3.16e-06,0.1,0.0,54.003154560105145,0.9888876498828996,0.0
9.547716114208056,1.0,3.98e-06,0.1,0.0,54.003154560105145,0.9888876498828996,0.0
9.547716114208056,1.0,5.01e-06,0.1,0.0,54.003154560105145,0.9888876498828996,0.0
9.547716114208056,1.0,6.31e-06,0.1,0.0,54.003154560105145,0.9888876498828996,0.0
9.547716114208056,1.0,7.94e-06,0.1,0.0,54.003154560105145,0.9888876498828996,0.0
9.547716114208056,1.0,1e-05,0.1,0.0,54.003154560105145,0.9888876498828996,0.0
9.547716114208056,1.0,1.26e-05,0.1,0.0,54.003154560105145,0.9888876498828996,0.0
9.547716114208056,1.0,1.58e-05,0.1,0.0,54.003154560105145,0.9888876498828996,0.0
9.547716114208056,1.0,2e-05,0.1,3.3333333333333335e-05,54.003154560105145,0.9888876498828996,216.01261824042064
9.547716114208056,1.0,2.51e-05,0.1,3.3333333333333335e-05,54.003154560105145,0.9888876498828996,216.01261824042064
9.547716114208056,1.0,3.16e-05,0.1,0.0,54.003154560105145,0.9888876498828996,0.0
9.547716114208056,1.0,3.98e-05,0.1,3.3333333333333335e-05,54.003154560105145,0.9888876498828996,216.01261824042064
9.547716114208056,1.0,5.01e-05,0.1,0.0,54.003154560105145,0.9888876498828996,0.0
9.547716114208056,1.0,6.31e-05,0.1,6.666666666666667e-05,54.003154560105145,0.9888876498828996,432.0252364808413
9.547716114208056,1.0,7.94e-05,0.1,0.00013333333333333334,54.003154560105145,0.9888876498828996,864.0504729616825
9.547716114208056,1.0,0.0001,0.1,0.00013333333333333334,54.003154560105145,0.9888876498828996,864.0504729616825
9.547716114208056,1.0,0.000126,0.1,0.00016666666666666666,54.003154560105145,0.9888876498828996,1080.0630912021031
9.547716114208056,1.0,0.000158,0.1,6.666666666666667e-05,54.003154560105145,0.9888876498828996,432.0252364808413
9.547716114208056,1.0,0.0002,0.1,0.00016666666666666666,54.003154560105145,0.9888876498828996,1080.0630912021031
9.547716114208056,1.0,0.000251,0.1,0.0,54.003154560105145,0.9888876498828996,0.0
9.547716114208056,1.0,0.000316,0.1,0.0,54.003154560105145,0.9888876498828996,0.0
9.547716114208056,1.0,0.000398,0.1,0.0,54.003154560105145,0.9888876498828996,0.0
9.547716114208056,1.0,0.000501,0.1,0.0,54.003154560105145,0.9888876498828996,0.0
9.547716114208056,1.0,0.000631,0.1,0.0,54.003154560105145,0.9888876498828996,0.0
9.547716114208056,1.0,0.000794,0.1,0.0,54.003154560105145,0.9888876498828996,0.0
9.547716114208056,1.0,0.001,0.1,0.0,54.003154560105145,0.9888876498828996,0.0
9.547716114208056,1.0,0.00126,0.1,0.0,54.003154560105145,0.9888876498828996,0.0
9.547716114208056,1.0,0.00158,0.1,0.0,54.003154560105145,0.9888876498828996,0.0
9.547716114208056,1.0,0.002,0.1,0.0,54.003154560105145,0.9888876498828996,0.0
9.547716114208056,1.0,0.00251,0.1,0.0,54.003154560105145,0.9888876498828996,0.0
9.547716114208056,1.0,0.00316,0.1,0.0,54.003154560105145,0.9888876498828996,0.0
9.547716114208056,1.0,0.00398,0.1,0.0,54.003154560105145,0.9888876498828996,0.0
9.547716114208056,1.0,0.00501,0.1,0.0,54.003154560105145,0.9888876498828996,0.0
9.547716114208056,1.0,0.00631,0.1,0.0,54.003154560105145,0.9888876498828996,0.0
10.0,1.0,1e-06,0.1,0.0,54.05626245276372,0.9898601437971749,0.0
10.0,1.0,1.26e-06,0.1,0.0,54.05626245276372,0.9898601437971749,0.0
10.0,1.0,1.58e-06,0.1,0.0,54.05626245276372,0.9898601437971749,0.0
10.0,1.0,2e-06,0.1,0.0,54.05626245276372,0.9898601437971749,0.0
10.0,1.0,2.51e-06,0.1,0.0,54.05626245276372,0.9898601437971749,0.0
10.0,1.0,3.16e-06,0.1,0.0,54.05626245276372,0.9898601437971749,0.0
10.0,1.0,3.98e-06,0.1,0.0,54.05626245276372,0.9898601437971749,0.0
10.0,1.0,5.01e-06,0.1,0.0,54.05626245276372,0.9898601437971749,0.0
10.0,1.0,6.31e-06,0.1,0.0,54.05626245276372,0.9898601437971749,0.0
10.0,1.0,7.94e-06,0.1,0.0,54.05626245276372,0.9898601437971749,0.0
10.0,1.0,1e-05,0.1,0.0,54.05626245276372,0.9898601437971749,0.0
10.0,1.0,1.26e-05,0.1,0.0,54.05626245276372,0.9898601437971749,0.0
10.0,1.0,1.58e-05,0.1,0.0,54.05626245276372,0.9898601437971749,0.0
10.0,1.0,2e-05,0.1,3.3333333333333335e-05,54.05626245276372,0.9898601437971749,216.2250498110549
10.0,1.0,2.51e-05,0.1,3.3333333333333335e-05,54.05626245276372,0.9898601437971749,216.2250498110549
10.0,1.0,3.16e-05,0.1,0.0,54.05626245276372,0.9898601437971749,0.0
10.0,1.0,3.98e-05,0.1,3.3333333333333335e-05,54.05626245276372,0.9898601437971749,216.2250498110549
10.0,1.0,5.01e-05,0.1,0.0,54.05626245276372,0.9898601437971749,0.0
10.0,1.0,6.31e-05,0.1,6.666666666666667e-05,54.05626245276372,0.9898601437971749,432.4500996221098
10.0,1.0,7.94e-05,0.1,0.00013333333333333334,54.05626245276372,0.9898601437971749,864.9001992442196
10.0,1.0,0.0001,0.1,0.00013333333333333334,54.05626245276372,0.9898601437971749,864.9001992442196
10.0,1.0,0.000126,0.1,0.00016666666666666666,54.05626245276372,0.9898601437971749,1081.1252490552743
10.0,1.0,0.000158,0.1,6.666666666666667e-05,54.05626245276372,0.9898601437971749,432.4500996221098
10.0,1.0,0.0002,0.1,0.00016666666666666666,54.05626245276372,0.9898601437971749,1081.1252490552743
10.0,1.0,0.000251,0.1,0.0,54.05626245276372,0.9898601437971749,0.0
10.0,1.0,0.000316,0.1,0.0,54.05626245276372,0.9898601437971749,0.0
10.0,1.0,0.000398,0.1,0.0,54.05626245276372,0.9898601437971749,0.0
10.0,1.0,0.000501,0.1,0.0,54.05626245276372,0.9898601437971749,0.0
10.0,1.0,0.000631,0.1,0.0,54.05626245276372,0.9898601437971749,0.0
10.0,1.0,0.000794,0.1,0.0,54.05626245276372,0.9898601437971749,0.0
10.0,1.0,0.001,0.1,0.0,54.05626245276372,0.9898601437971749,0.0
10.0,1.0,0.00126,0.1,0.0,54.05626245276372,0.9898601437971749,0.0
10.0,1.0,0.00158,0.1,0.0,54.05626245276372,0.9898601437971749,0.0
10.0,1.0,0.002,0.1,0.0,54.05626245276372,0.9898601437971749,0.0
10.0,1.0,0.00251,0.1,0.0,54.05626245276372,0.9898601437971749,0.0
10.0,1.0,0.00316,0.1,0.0,54.05626245276372,0.9898601437971749,0.0
10.0,1.0,0.00398,0.1,0.0,54.05626245276372,0.9898601437971749,0.0
10.0,1.0,0.00501,0.1,0.0,54.05626245276372,0.9898601437971749,0.0
10.0,1.0,0.00631,0.1,0.0,54.05626245276372,0.9898601437971749,0.0
