C_Zh,mass,CaPhi,BR_mu,acceptance,cross_section_pb,BR_h_to_Za,N_signal
0.001,1.0,1e-06,0.1,0.0,5.331062748960671e-05,9.762063264897768e-07,0.0
0.001,1.0,1.26e-06,0.1,0.0,5.331062748960671e-05,9.762063264897768e-07,0.0
0.001,1.0,1.58e-06,0.1,0.0,5.331062748960671e-05,9.762063264897768e-07,0.0
0.001,1.0,2e-06,0.1,0.0,5.331062748960671e-05,9.762063264897768e-07,0.0
0.001,1.0,2.51e-06,0.1,0.0,5.331062748960671e-05,9.762063264897768e-07,0.0
0.001,1.0,3.16e-06,0.1,0.0,5.331062748960671e-05,9.762063264897768e-07,0.0
0.001,1.0,3.98e-06,0.1,0.0,5.331062748960671e-05,9.762063264897768e-07,0.0
0.001,1.0,1.58e-05,0.1,0.0001,5.331062748960671e-05,9.762063264897768e-07,0.0006397275298752806
0.001,1.0,2e-05,0.1,0.0001,5.331062748960671e-05,9.762063264897768e-07,0.0006397275298752806
0.001,1.0,2.51e-05,0.1,0.00016666666666666666,5.331062748960671e-05,9.762063264897768e-07,0.0010662125497921343
0.001,1.0,3.16e-05,0.1,0.0002666666666666667,5.331062748960671e-05,9.762063264897768e-07,0.001705940079667415
0.001,1.0,3.98e-05,0.1,0.0003,5.331062748960671e-05,9.762063264897768e-07,0.0019191825896258414
0.001,1.0,5.01e-05,0.1,0.0005666666666666667,5.331062748960671e-05,9.762063264897768e-07,0.0036251226692932564
0.001,1.0,6.31e-05,0.1,0.0009333333333333333,5.331062748960671e-05,9.762063264897768e-07,0.005970790278835952
0.001,1.0,7.94e-05,0.1,0.0018,5.331062748960671e-05,9.762063264897768e-07,0.01151509553775505
0.001,1.0,0.0001,0.1,0.0026666666666666666,5.331062748960671e-05,9.762063264897768e-07,0.01705940079667415
0.001,1.0,0.000126,0.1,0.0038666666666666667,5.331062748960671e-05,9.762063264897768e-07,0.024736131155177518
0.001,1.0,0.000158,0.1,0.005,5.331062748960671e-05,9.762063264897768e-07,0.031986376493764034
0.001,1.0,0.0002,0.1,0.006533333333333334,5.331062748960671e-05,9.762063264897768e-07,0.04179553195185167
0.001,1.0,0.000251,0.1,0.007533333333333334,5.331062748960671e-05,9.762063264897768e-07,0.04819280725060447
0.001,1.0,0.000316,0.1,0.008166666666666666,5.331062748960671e-05,9.762063264897768e-07,0.052244414939814576
0.001,1.0,0.000398,0.1,0.0066,5.331062748960671e-05,9.762063264897768e-07,0.04222201697176852
0.001,1.0,0.000501,0.1,0.004733333333333333,5.331062748960671e-05,9.762063264897768e-07,0.030280436414096612
0.001,1.0,0.000631,0.1,0.0025,5.331062748960671e-05,9.762063264897768e-07,0.015993188246882017
0.001,1.0,0.000794,0.1,0.0006666666666666666,5.331062748960671e-05,9.762063264897768e-07,0.004264850199168537
0.001,1.0,0.001,0.1,0.0002,5.331062748960671e-05,9.762063264897768e-07,0.0012794550597505611
0.001,1.0,0.00126,0.1,3.3333333333333335e-05,5.331062748960671e-05,9.762063264897768e-07,0.00021324250995842687
0.001,1.0,0.00158,0.1,0.0,5.331062748960671e-05,9.762063264897768e-07,0.0
0.001,1.0,0.002,0.1,0.0,5.331062748960671e-05,9.762063264897768e-07,0.0
0.001,1.0,0.00251,0.1,0.0,5.331062748960671e-05,9.762063264897768e-07,0.0
0.001,1.0,0.00316,0.1,0.0,5.331062748960671e-05,9.762063264897768e-07,0.0
0.001,1.0,0.00398,0.1,0.0,5.331062748960671e-05,9.762063264897768e-07,0.0
0.001,1.0,0.00501,0.1,0.0,5.331062748960671e-05,9.762063264897768e-07,0.0
0.001,1.0,0.00631,0.1,0.0,5.331062748960671e-05,9.762063264897768e-07,0.0
0.0010473708979594498,1.0,1e-06,0.1,0.0,5.848099569595742e-05,1.07088437458263e-06,0.0
0.0010473708979594498,1.0,1.26e-06,0.1,0.0,5.848099569595742e-05,1.07088437458263e-06,0.0
0.0010473708979594498,1.0,1.58e-06,0.1,0.0,5.848099569595742e-05,1.07088437458263e-06,0.0
0.0010473708979594498,1.0,2e-06,0.1,0.0,5.848099569595742e-05,1.07088437458263e-06,0.0
0.0010473708979594498,1.0,2.51e-06,0.1,0.0,5.848099569595742e-05,1.07088437458263e-06,0.0
0.0010473708979594498,1.0,3.16e-06,0.1,0.0,5.848099569595742e-05,1.07088437458263e-06,0.0
0.0010473708979594498,1.0,3.98e-06,0.1,0.0,5.848099569595742e-05,1.07088437458263e-06,0.0
0.0010473708979594498,1.0,1.58e-05,0.1,0.0001,5.848099569595742e-05,1.07088437458263e-06,0.0007017719483514893
0.0010473708979594498,1.0,2e-05,0.1,0.0001,5.848099569595742e-05,1.07088437458263e-06,0.0007017719483514893
0.0010473708979594498,1.0,2.51e-05,0.1,0.00016666666666666666,5.848099569595742e-05,1.07088437458263e-06,0.0011696199139191485
0.0010473708979594498,1.0,3.16e-05,0.1,0.0002666666666666667,5.848099569595742e-05,1.07088437458263e-06,0.0018713918622706377
0.0010473708979594498,1.0,3.98e-05,0.1,0.0003,5.848099569595742e-05,1.07088437458263e-06,0.002105315845054467
0.0010473708979594498,1.0,5.01e-05,0.1,0.0005666666666666667,5.848099569595742e-05,1.07088437458263e-06,0.003976707707325105
0.0010473708979594498,1.0,6.31e-05,0.1,0.0009333333333333333,5.848099569595742e-05,1.07088437458263e-06,0.006549871517947232
0.0010473708979594498,1.0,7.94e-05,0.1,0.0018,5.848099569595742e-05,1.07088437458263e-06,0.012631895070326804
0.0010473708979594498,1.0,0.0001,0.1,0.0026666666666666666,5.848099569595742e-05,1.07088437458263e-06,0.018713918622706376
0.0010473708979594498,1.0,0.000126,0.1,0.0038666666666666667,5.848099569595742e-05,1.07088437458263e-06,0.02713518200292425
0.0010473708979594498,1.0,0.000158,0.1,0.005,5.848099569595742e-05,1.07088437458263e-06,0.03508859741757446
0.0010473708979594498,1.0,0.0002,0.1,0.006533333333333334,5.848099569595742e-05,1.07088437458263e-06,0.04584910062563063
0.0010473708979594498,1.0,0.000251,0.1,0.007533333333333334,5.848099569595742e-05,1.07088437458263e-06,0.05286682010914552
0.0010473708979594498,1.0,0.000316,0.1,0.008166666666666666,5.848099569595742e-05,1.07088437458263e-06,0.057311375782038265
0.0010473708979594498,1.0,0.000398,0.1,0.0066,5.848099569595742e-05,1.07088437458263e-06,0.04631694859119828
0.0010473708979594498,1.0,0.000501,0.1,0.004733333333333333,5.848099569595742e-05,1.07088437458263e-06,0.03321720555530382
0.0010473708979594498,1.0,0.000631,0.1,0.0025,5.848099569595742e-05,1.07088437458263e-06,0.01754429870878723
0.0010473708979594498,1.0,0.000794,0.1,0.0006666666666666666,5.848099569595742e-05,1.07088437458263e-06,0.004678479655676594
0.0010473708979594498,1.0,0.001,0.1,0.0002,5.848099569595742e-05,1.07088437458263e-06,0.0014035438967029785
0.0010473708979594498,1.0,0.00126,0.1,3.3333333333333335e-05,5.848099569595742e-05,1.07088437458263e-06,0.00023392398278382972
0.0010473708979594498,1.0,0.00158,0.1,0.0,5.848099569595742e-05,1.07088437458263e-06,0.0
0.0010473708979594498,1.0,0.002,0.1,0.0,5.848099569595742e-05,1.07088437458263e-06,0.0
0.0010473708979594498,1.0,0.00251,0.1,0.0,5.848099569595742e-05,1.07088437458263e-06,0.0
0.0010473708979594498,1.0,0.00316,0.1,0.0,5.848099569595742e-05,1.07088437458263e-06,0.0
0.0010473708979594498,1.0,0.00398,0.1,0.0,5.848099569595742e-05,1.07088437458263e-06,0.0
0.0010473708979594498,1.0,0.00501,0.1,0.0,5.848099569595742e-05,1.07088437458263e-06,0.0
0.0010473708979594498,1.0,0.00631,0.1,0.0,5.848099569595742e-05,1.07088437458263e-06,0.0
0.001096985797892384,1.0,1e-06,0.1,0.0,6.415281506212264e-05,1.1747448280923392e-06,0.0
0.001096985797892384,1.0,1.26e-06,0.1,0.0,6.415281506212264e-05,1.1747448280923392e-06,0.0
0.001096985797892384,1.0,1.58e-06,0.1,0.0,6.415281506212264e-05,1.1747448280923392e-06,0.0
0.001096985797892384,1.0,2e-06,0.1,0.0,6.415281506212264e-05,1.1747448280923392e-06,0.0
0.001096985797892384,1.0,2.51e-06,0.1,0.0,6.415281506212264e-05,1.1747448280923392e-06,0.0
0.001096985797892384,1.0,3.16e-06,0.1,0.0,6.415281506212264e-05,1.1747448280923392e-06,0.0
0.001096985797892384,1.0,3.98e-06,0.1,0.0,6.415281506212264e-05,1.1747448280923392e-06,0.0
0.001096985797892384,1.0,1.58e-05,0.1,0.0001,6.415281506212264e-05,1.1747448280923392e-06,0.0007698337807454719
0.001096985797892384,1.0,2e-05,0.1,0.0001,6.415281506212264e-05,1.1747448280923392e-06,0.0007698337807454719
0.001096985797892384,1.0,2.51e-05,0.1,0.00016666666666666666,6.415281506212264e-05,1.1747448280923392e-06,0.001283056301242453
0.001096985797892384,1.0,3.16e-05,0.1,0.0002666666666666667,6.415281506212264e-05,1.1747448280923392e-06,0.0020528900819879246
0.001096985797892384,1.0,3.98e-05,0.1,0.0003,6.415281506212264e-05,1.1747448280923392e-06,0.0023095013422364153
0.001096985797892384,1.0,5.01e-05,0.1,0.0005666666666666667,6.415281506212264e-05,1.1747448280923392e-06,0.004362391424224341
0.001096985797892384,1.0,6.31e-05,0.1,0.0009333333333333333,6.415281506212264e-05,1.1747448280923392e-06,0.007185115286957738
0.001096985797892384,1.0,7.94e-05,0.1,0.0018,6.415281506212264e-05,1.1747448280923392e-06,0.01385700805341849
0.001096985797892384,1.0,0.0001,0.1,0.0026666666666666666,6.415281506212264e-05,1.1747448280923392e-06,0.020528900819879247
0.001096985797892384,1.0,0.000126,0.1,0.0038666666666666667,6.415281506212264e-05,1.1747448280923392e-06,0.02976690618882491
0.001096985797892384,1.0,0.000158,0.1,0.005,6.415281506212264e-05,1.1747448280923392e-06,0.038491689037273596
0.001096985797892384,1.0,0.0002,0.1,0.006533333333333334,6.415281506212264e-05,1.1747448280923392e-06,0.05029580700870417
0.001096985797892384,1.0,0.000251,0.1,0.007533333333333334,6.415281506212264e-05,1.1747448280923392e-06,0.05799414481615888
0.001096985797892384,1.0,0.000316,0.1,0.008166666666666666,6.415281506212264e-05,1.1747448280923392e-06,0.06286975876088019
0.001096985797892384,1.0,0.000398,0.1,0.0066,6.415281506212264e-05,1.1747448280923392e-06,0.05080902952920113
0.001096985797892384,1.0,0.000501,0.1,0.004733333333333333,6.415281506212264e-05,1.1747448280923392e-06,0.036438798955285664
0.001096985797892384,1.0,0.000631,0.1,0.0025,6.415281506212264e-05,1.1747448280923392e-06,0.019245844518636798
0.001096985797892384,1.0,0.000794,0.1,0.0006666666666666666,6.415281506212264e-05,1.1747448280923392e-06,0.005132225204969812
0.001096985797892384,1.0,0.001,0.1,0.0002,6.415281506212264e-05,1.1747448280923392e-06,0.0015396675614909438
0.001096985797892384,1.0,0.00126,0.1,3.3333333333333335e-05,6.415281506212264e-05,1.1747448280923392e-06,0.0002566112602484906
0.001096985797892384,1.0,0.00158,0.1,0.0,6.415281506212264e-05,1.1747448280923392e-06,0.0
0.001096985797892384,1.0,0.002,0.1,0.0,6.415281506212264e-05,1.1747448280923392e-06,0.0
0.001096985797892384,1.0,0.00251,0.1,0.0,6.415281506212264e-05,1.1747448280923392e-06,0.0
0.001096985797892384,1.0,0.00316,0.1,0.0,6.415281506212264e-05,1.1747448280923392e-06,0.0
0.001096985797892384,1.0,0.00398,0.1,0.0,6.415281506212264e-05,1.1747448280923392e-06,0.0
0.001096985797892384,1.0,0.00501,0.1,0.0,6.415281506212264e-05,1.1747448280923392e-06,0.0
0.001096985797892384,1.0,0.00631,0.1,0.0,6.415281506212264e-05,1.1747448280923392e-06,0.0
0.0011489510001873086,1.0,1e-06,0.1,0.0,7.037471899992243e-05,1.2886782457411176e-06,0.0
0.0011489510001873086,1.0,1.26e-06,0.1,0.0,7.037471899992243e-05,1.2886782457411176e-06,0.0
0.0011489510001873086,1.0,1.58e-06,0.1,0.0,7.037471899992243e-05,1.2886782457411176e-06,0.0
0.0011489510001873086,1.0,2e-06,0.1,0.0,7.037471899992243e-05,1.2886782457411176e-06,0.0
0.0011489510001873086,1.0,2.51e-06,0.1,0.0,7.037471899992243e-05,1.2886782457411176e-06,0.0
0.0011489510001873086,1.0,3.16e-06,0.1,0.0,7.037471899992243e-05,1.2886782457411176e-06,0.0
0.0011489510001873086,1.0,3.98e-06,0.1,0.0,7.037471899992243e-05,1.2886782457411176e-06,0.0
0.0011489510001873086,1.0,1.58e-05,0.1,0.0001,7.037471899992243e-05,1.2886782457411176e-06,0.0008444966279990692
0.0011489510001873086,1.0,2e-05,0.1,0.0001,7.037471899992243e-05,1.2886782457411176e-06,0.0008444966279990692
0.0011489510001873086,1.0,2.51e-05,0.1,0.00016666666666666666,7.037471899992243e-05,1.2886782457411176e-06,0.0014074943799984487
0.0011489510001873086,1.0,3.16e-05,0.1,0.0002666666666666667,7.037471899992243e-05,1.2886782457411176e-06,0.002251991007997518
0.0011489510001873086,1.0,3.98e-05,0.1,0.0003,7.037471899992243e-05,1.2886782457411176e-06,0.0025334898839972073
0.0011489510001873086,1.0,5.01e-05,0.1,0.0005666666666666667,7.037471899992243e-05,1.2886782457411176e-06,0.004785480891994726
0.0011489510001873086,1.0,6.31e-05,0.1,0.0009333333333333333,7.037471899992243e-05,1.2886782457411176e-06,0.007881968527991312
0.0011489510001873086,1.0,7.94e-05,0.1,0.0018,7.037471899992243e-05,1.2886782457411176e-06,0.015200939303983245
0.0011489510001873086,1.0,0.0001,0.1,0.0026666666666666666,7.037471899992243e-05,1.2886782457411176e-06,0.02251991007997518
0.0011489510001873086,1.0,0.000126,0.1,0.0038666666666666667,7.037471899992243e-05,1.2886782457411176e-06,0.03265386961596401
0.0011489510001873086,1.0,0.000158,0.1,0.005,7.037471899992243e-05,1.2886782457411176e-06,0.042224831399953464
0.0011489510001873086,1.0,0.0002,0.1,0.006533333333333334,7.037471899992243e-05,1.2886782457411176e-06,0.05517377969593919
0.0011489510001873086,1.0,0.000251,0.1,0.007533333333333334,7.037471899992243e-05,1.2886782457411176e-06,0.06361874597592988
0.0011489510001873086,1.0,0.000316,0.1,0.008166666666666666,7.037471899992243e-05,1.2886782457411176e-06,0.06896722461992398
0.0011489510001873086,1.0,0.000398,0.1,0.0066,7.037471899992243e-05,1.2886782457411176e-06,0.05573677744793857
0.0011489510001873086,1.0,0.000501,0.1,0.004733333333333333,7.037471899992243e-05,1.2886782457411176e-06,0.03997284039195594
0.0011489510001873086,1.0,0.000631,0.1,0.0025,7.037471899992243e-05,1.2886782457411176e-06,0.021112415699976732
0.0011489510001873086,1.0,0.000794,0.1,0.0006666666666666666,7.037471899992243e-05,1.2886782457411176e-06,0.005629977519993795
0.0011489510001873086,1.0,0.001,0.1,0.0002,7.037471899992243e-05,1.2886782457411176e-06,0.0016889932559981384
0.0011489510001873086,1.0,0.00126,0.1,3.3333333333333335e-05,7.037471899992243e-05,1.2886782457411176e-06,0.00028149887599968976
0.0011489510001873086,1.0,0.00158,0.1,0.0,7.037471899992243e-05,1.2886782457411176e-06,0.0
0.0011489510001873086,1.0,0.002,0.1,0.0,7.037471899992243e-05,1.2886782457411176e-06,0.0
0.0011489510001873086,1.0,0.00251,0.1,0.0,7.037471899992243e-05,1.2886782457411176e-06,0.0
0.0011489510001873086,1.0,0.00316,0.1,0.0,7.037471899992243e-05,1.2886782457411176e-06,0.0
0.0011489510001873086,1.0,0.00398,0.1,0.0,7.037471899992243e-05,1.2886782457411176e-06,0.0
0.0011489510001873086,1.0,0.00501,0.1,0.0,7.037471899992243e-05,1.2886782457411176e-06,0.0
0.0011489510001873086,1.0,0.00631,0.1,0.0,7.037471899992243e-05,1.2886782457411176e-06,0.0
0.0012033778407775893,1.0,1e-06,0.1,0.0,7.720005762484978e-05,1.4136615569465259e-06,0.0
0.0012033778407775893,1.0,1.26e-06,0.1,0.0,7.720005762484978e-05,1.4136615569465259e-06,0.0
0.0012033778407775893,1.0,1.58e-06,0.1,0.0,7.720005762484978e-05,1.4136615569465259e-06,0.0
0.0012033778407775893,1.0,2e-06,0.1,0.0,7.720005762484978e-05,1.4136615569465259e-06,0.0
0.0012033778407775893,1.0,2.51e-06,0.1,0.0,7.720005762484978e-05,1.4136615569465259e-06,0.0
0.0012033778407775893,1.0,3.16e-06,0.1,0.0,7.720005762484978e-05,1.4136615569465259e-06,0.0
0.0012033778407775893,1.0,3.98e-06,0.1,0.0,7.720005762484978e-05,1.4136615569465259e-06,0.0
0.0012033778407775893,1.0,1.58e-05,0.1,0.0001,7.720005762484978e-05,1.4136615569465259e-06,0.0009264006914981974
0.0012033778407775893,1.0,2e-05,0.1,0.0001,7.720005762484978e-05,1.4136615569465259e-06,0.0009264006914981974
0.0012033778407775893,1.0,2.51e-05,0.1,0.00016666666666666666,7.720005762484978e-05,1.4136615569465259e-06,0.0015440011524969956
0.0012033778407775893,1.0,3.16e-05,0.1,0.0002666666666666667,7.720005762484978e-05,1.4136615569465259e-06,0.0024704018439951933
0.0012033778407775893,1.0,3.98e-05,0.1,0.0003,7.720005762484978e-05,1.4136615569465259e-06,0.002779202074494592
0.0012033778407775893,1.0,5.01e-05,0.1,0.0005666666666666667,7.720005762484978e-05,1.4136615569465259e-06,0.005249603918489786
0.0012033778407775893,1.0,6.31e-05,0.1,0.0009333333333333333,7.720005762484978e-05,1.4136615569465259e-06,0.008646406453983176
0.0012033778407775893,1.0,7.94e-05,0.1,0.0018,7.720005762484978e-05,1.4136615569465259e-06,0.01667521244696755
0.0012033778407775893,1.0,0.0001,0.1,0.0026666666666666666,7.720005762484978e-05,1.4136615569465259e-06,0.02470401843995193
0.0012033778407775893,1.0,0.000126,0.1,0.0038666666666666667,7.720005762484978e-05,1.4136615569465259e-06,0.0358208267379303
0.0012033778407775893,1.0,0.000158,0.1,0.005,7.720005762484978e-05,1.4136615569465259e-06,0.04632003457490987
0.0012033778407775893,1.0,0.0002,0.1,0.006533333333333334,7.720005762484978e-05,1.4136615569465259e-06,0.06052484517788224
0.0012033778407775893,1.0,0.000251,0.1,0.007533333333333334,7.720005762484978e-05,1.4136615569465259e-06,0.06978885209286421
0.0012033778407775893,1.0,0.000316,0.1,0.008166666666666666,7.720005762484978e-05,1.4136615569465259e-06,0.07565605647235278
0.0012033778407775893,1.0,0.000398,0.1,0.0066,7.720005762484978e-05,1.4136615569465259e-06,0.06114244563888103
0.0012033778407775893,1.0,0.000501,0.1,0.004733333333333333,7.720005762484978e-05,1.4136615569465259e-06,0.04384963273091468
0.0012033778407775893,1.0,0.000631,0.1,0.0025,7.720005762484978e-05,1.4136615569465259e-06,0.023160017287454936
0.0012033778407775893,1.0,0.000794,0.1,0.0006666666666666666,7.720005762484978e-05,1.4136615569465259e-06,0.0061760046099879826
0.0012033778407775893,1.0,0.001,0.1,0.0002,7.720005762484978e-05,1.4136615569465259e-06,0.0018528013829963949
0.0012033778407775893,1.0,0.00126,0.1,3.3333333333333335e-05,7.720005762484978e-05,1.4136615569465259e-06,0.00030880023049939916
0.0012033778407775893,1.0,0.00158,0.1,0.0,7.720005762484978e-05,1.4136615569465259e-06,0.0
0.0012033778407775893,1.0,0.002,0.1,0.0,7.720005762484978e-05,1.4136615569465259e-06,0.0
0.0012033778407775893,1.0,0.00251,0.1,0.0,7.720005762484978e-05,1.4136615569465259e-06,0.0
0.0012033778407775893,1.0,0.00316,0.1,0.0,7.720005762484978e-05,1.4136615569465259e-06,0.0
0.0012033778407775893,1.0,0.00398,0.1,0.0,7.720005762484978e-05,1.4136615569465259e-06,0.0
0.0012033778407775893,1.0,0.00501,0.1,0.0,7.720005762484978e-05,1.4136615569465259e-06,0.0
0.0012033778407775893,1.0,0.00631,0.1,0.0,7.720005762484978e-05,1.4136615569465259e-06,0.0
0.0012603829296797275,1.0,1e-06,0.1,0.0,8.468735519986606e-05,1.5507664383787962e-06,0.0
0.0012603829296797275,1.0,1.26e-06,0.1,0.0,8.468735519986606e-05,1.5507664383787962e-06,0.0
0.0012603829296797275,1.0,1.58e-06,0.1,0.0,8.468735519986606e-05,1.5507664383787962e-06,0.0
0.0012603829296797275,1.0,2e-06,0.1,0.0,8.468735519986606e-05,1.5507664383787962e-06,0.0
0.0012603829296797275,1.0,2.51e-06,0.1,0.0,8.468735519986606e-05,1.5507664383787962e-06,0.0
0.0012603829296797275,1.0,3.16e-06,0.1,0.0,8.468735519986606e-05,1.5507664383787962e-06,0.0
0.0012603829296797275,1.0,3.98e-06,0.1,0.0,8.468735519986606e-05,1.5507664383787962e-06,0.0
0.0012603829296797275,1.0,1.58e-05,0.1,0.0001,8.468735519986606e-05,1.5507664383787962e-06,0.001016248262398393
0.0012603829296797275,1.0,2e-05,0.1,0.0001,8.468735519986606e-05,1.5507664383787962e-06,0.001016248262398393
0.0012603829296797275,1.0,2.51e-05,0.1,0.00016666666666666666,8.468735519986606e-05,1.5507664383787962e-06,0.0016937471039973212
0.0012603829296797275,1.0,3.16e-05,0.1,0.0002666666666666667,8.468735519986606e-05,1.5507664383787962e-06,0.0027099953663957143
0.0012603829296797275,1.0,3.98e-05,0.1,0.0003,8.468735519986606e-05,1.5507664383787962e-06,0.0030487447871951783
0.0012603829296797275,1.0,5.01e-05,0.1,0.0005666666666666667,8.468735519986606e-05,1.5507664383787962e-06,0.0057587401535908935
0.0012603829296797275,1.0,6.31e-05,0.1,0.0009333333333333333,8.468735519986606e-05,1.5507664383787962e-06,0.009484983782385
0.0012603829296797275,1.0,7.94e-05,0.1,0.0018,8.468735519986606e-05,1.5507664383787962e-06,0.01829246872317107
0.0012603829296797275,1.0,0.0001,0.1,0.0026666666666666666,8.468735519986606e-05,1.5507664383787962e-06,0.02709995366395714
0.0012603829296797275,1.0,0.000126,0.1,0.0038666666666666667,8.468735519986606e-05,1.5507664383787962e-06,0.039294932812737854
0.0012603829296797275,1.0,0.000158,0.1,0.005,8.468735519986606e-05,1.5507664383787962e-06,0.050812413119919644
0.0012603829296797275,1.0,0.0002,0.1,0.006533333333333334,8.468735519986606e-05,1.5507664383787962e-06,0.066394886476695
0.0012603829296797275,1.0,0.000251,0.1,0.007533333333333334,8.468735519986606e-05,1.5507664383787962e-06,0.07655736910067894
0.0012603829296797275,1.0,0.000316,0.1,0.008166666666666666,8.468735519986606e-05,1.5507664383787962e-06,0.08299360809586874
0.0012603829296797275,1.0,0.000398,0.1,0.0066,8.468735519986606e-05,1.5507664383787962e-06,0.06707238531829393
0.0012603829296797275,1.0,0.000501,0.1,0.004733333333333333,8.468735519986606e-05,1.5507664383787962e-06,0.048102417753523925
0.0012603829296797275,1.0,0.000631,0.1,0.0025,8.468735519986606e-05,1.5507664383787962e-06,0.025406206559959822
0.0012603829296797275,1.0,0.000794,0.1,0.0006666666666666666,8.468735519986606e-05,1.5507664383787962e-06,0.006774988415989285
0.0012603829296797275,1.0,0.001,0.1,0.0002,8.468735519986606e-05,1.5507664383787962e-06,0.002032496524796786
0.0012603829296797275,1.0,0.00126,0.1,3.3333333333333335e-05,8.468735519986606e-05,1.5507664383787962e-06,0.0003387494207994643
0.0012603829296797275,1.0,0.00158,0.1,0.0,8.468735519986606e-05,1.5507664383787962e-06,0.0
0.0012603829296797275,1.0,0.002,0.1,0.0,8.468735519986606e-05,1.5507664383787962e-06,0.0
0.0012603829296797275,1.0,0.00251,0.1,0.0,8.468735519986606e-05,1.5507664383787962e-06,0.0
0.0012603829296797275,1.0,0.00316,0.1,0.0,8.468735519986606e-05,1.5507664383787962e-06,0.0
0.0012603829296797275,1.0,0.00398,0.1,0.0,8.468735519986606e-05,1.5507664383787962e-06,0.0
0.0012603829296797275,1.0,0.00501,0.1,0.0,8.468735519986606e-05,1.5507664383787962e-06,0.0
0.0012603829296797275,1.0,0.00631,0.1,0.0,8.468735519986606e-05,1.5507664383787962e-06,0.0
0.001320088400831418,1.0,1e-06,0.1,0.0,9.290081194282311e-05,1.701168502890004e-06,0.0
0.001320088400831418,1.0,1.26e-06,0.1,0.0,9.290081194282311e-05,1.701168502890004e-06,0.0
0.001320088400831418,1.0,1.58e-06,0.1,0.0,9.290081194282311e-05,1.701168502890004e-06,0.0
0.001320088400831418,1.0,2e-06,0.1,0.0,9.290081194282311e-05,1.701168502890004e-06,0.0
0.001320088400831418,1.0,2.51e-06,0.1,0.0,9.290081194282311e-05,1.701168502890004e-06,0.0
0.001320088400831418,1.0,3.16e-06,0.1,0.0,9.290081194282311e-05,1.701168502890004e-06,0.0
0.001320088400831418,1.0,3.98e-06,0.1,0.0,9.290081194282311e-05,1.701168502890004e-06,0.0
0.001320088400831418,1.0,1.58e-05,0.1,0.0001,9.290081194282311e-05,1.701168502890004e-06,0.0011148097433138775
0.001320088400831418,1.0,2e-05,0.1,0.0001,9.290081194282311e-05,1.701168502890004e-06,0.0011148097433138775
0.001320088400831418,1.0,2.51e-05,0.1,0.00016666666666666666,9.290081194282311e-05,1.701168502890004e-06,0.0018580162388564623
0.001320088400831418,1.0,3.16e-05,0.1,0.0002666666666666667,9.290081194282311e-05,1.701168502890004e-06,0.00297282598217034
0.001320088400831418,1.0,3.98e-05,0.1,0.0003,9.290081194282311e-05,1.701168502890004e-06,0.003344429229941632
0.001320088400831418,1.0,5.01e-05,0.1,0.0005666666666666667,9.290081194282311e-05,1.701168502890004e-06,0.006317255212111972
0.001320088400831418,1.0,6.31e-05,0.1,0.0009333333333333333,9.290081194282311e-05,1.701168502890004e-06,0.01040489093759619
0.001320088400831418,1.0,7.94e-05,0.1,0.0018,9.290081194282311e-05,1.701168502890004e-06,0.020066575379649794
0.001320088400831418,1.0,0.0001,0.1,0.0026666666666666666,9.290081194282311e-05,1.701168502890004e-06,0.029728259821703396
0.001320088400831418,1.0,0.000126,0.1,0.0038666666666666667,9.290081194282311e-05,1.701168502890004e-06,0.04310597674146993
0.001320088400831418,1.0,0.000158,0.1,0.005,9.290081194282311e-05,1.701168502890004e-06,0.05574048716569388
0.001320088400831418,1.0,0.0002,0.1,0.006533333333333334,9.290081194282311e-05,1.701168502890004e-06,0.07283423656317332
0.001320088400831418,1.0,0.000251,0.1,0.007533333333333334,9.290081194282311e-05,1.701168502890004e-06,0.08398233399631211
0.001320088400831418,1.0,0.000316,0.1,0.008166666666666666,9.290081194282311e-05,1.701168502890004e-06,0.09104279570396666
0.001320088400831418,1.0,0.000398,0.1,0.0066,9.290081194282311e-05,1.701168502890004e-06,0.07357744305871591
0.001320088400831418,1.0,0.000501,0.1,0.004733333333333333,9.290081194282311e-05,1.701168502890004e-06,0.05276766118352353
0.001320088400831418,1.0,0.000631,0.1,0.0025,9.290081194282311e-05,1.701168502890004e-06,0.02787024358284694
0.001320088400831418,1.0,0.000794,0.1,0.0006666666666666666,9.290081194282311e-05,1.701168502890004e-06,0.007432064955425849
0.001320088400831418,1.0,0.001,0.1,0.0002,9.290081194282311e-05,1.701168502890004e-06,0.002229619486627755
0.001320088400831418,1.0,0.00126,0.1,3.3333333333333335e-05,9.290081194282311e-05,1.701168502890004e-06,0.0003716032477712925
0.001320088400831418,1.0,0.00158,0.1,0.0,9.290081194282311e-05,1.701168502890004e-06,0.0
0.001320088400831418,1.0,0.002,0.1,0.0,9.290081194282311e-05,1.701168502890004e-06,0.0
0.001320088400831418,1.0,0.00251,0.1,0.0,9.290081194282311e-05,1.701168502890004e-06,0.0
0.001320088400831418,1.0,0.00316,0.1,0.0,9.290081194282311e-05,1.701168502890004e-06,0.0
0.001320088400831418,1.0,0.00398,0.1,0.0,9.290081194282311e-05,1.701168502890004e-06,0.0
0.001320088400831418,1.0,0.00501,0.1,0.0,9.290081194282311e-05,1.701168502890004e-06,0.0
0.001320088400831418,1.0,0.00631,0.1,0.0,9.290081194282311e-05,1.701168502890004e-06,0.0
0.0013826221737646563,1.0,1e-06,0.1,0.0,0.00010191085449975935,1.8661573795963992e-06,0.0
0.0013826221737646563,1.0,1.26e-06,0.1,0.0,0.00010191085449975935,1.8661573795963992e-06,0.0
0.0013826221737646563,1.0,1.58e-06,0.1,0.0,0.00010191085449975935,1.8661573795963992e-06,0.0
0.0013826221737646563,1.0,2e-06,0.1,0.0,0.00010191085449975935,1.8661573795963992e-06,0.0
0.0013826221737646563,1.0,2.51e-06,0.1,0.0,0.00010191085449975935,1.8661573795963992e-06,0.0
0.0013826221737646563,1.0,3.16e-06,0.1,0.0,0.00010191085449975935,1.8661573795963992e-06,0.0
0.0013826221737646563,1.0,3.98e-06,0.1,0.0,0.00010191085449975935,1.8661573795963992e-06,0.0
0.0013826221737646563,1.0,1.58e-05,0.1,0.0001,0.00010191085449975935,1.8661573795963992e-06,0.0012229302539971123
0.0013826221737646563,1.0,2e-05,0.1,0.0001,0.00010191085449975935,1.8661573795963992e-06,0.0012229302539971123
0.0013826221737646563,1.0,2.51e-05,0.1,0.00016666666666666666,0.00010191085449975935,1.8661573795963992e-06,0.0020382170899951872
0.0013826221737646563,1.0,3.16e-05,0.1,0.0002666666666666667,0.00010191085449975935,1.8661573795963992e-06,0.0032611473439922998
0.0013826221737646563,1.0,3.98e-05,0.1,0.0003,0.00010191085449975935,1.8661573795963992e-06,0.0036687907619913362
0.0013826221737646563,1.0,5.01e-05,0.1,0.0005666666666666667,0.00010191085449975935,1.8661573795963992e-06,0.006929938105983637
0.0013826221737646563,1.0,6.31e-05,0.1,0.0009333333333333333,0.00010191085449975935,1.8661573795963992e-06,0.011414015703973048
0.0013826221737646563,1.0,7.94e-05,0.1,0.0018,0.00010191085449975935,1.8661573795963992e-06,0.02201274457194802
0.0013826221737646563,1.0,0.0001,0.1,0.0026666666666666666,0.00010191085449975935,1.8661573795963992e-06,0.032611473439922996
0.0013826221737646563,1.0,0.000126,0.1,0.0038666666666666667,0.00010191085449975935,1.8661573795963992e-06,0.04728663648788834
0.0013826221737646563,1.0,0.000158,0.1,0.005,0.00010191085449975935,1.8661573795963992e-06,0.06114651269985562
0.0013826221737646563,1.0,0.0002,0.1,0.006533333333333334,0.00010191085449975935,1.8661573795963992e-06,0.07989810992781134
0.0013826221737646563,1.0,0.000251,0.1,0.007533333333333334,0.00010191085449975935,1.8661573795963992e-06,0.09212741246778247
0.0013826221737646563,1.0,0.000316,0.1,0.008166666666666666,0.00010191085449975935,1.8661573795963992e-06,0.09987263740976415
0.0013826221737646563,1.0,0.000398,0.1,0.0066,0.00010191085449975935,1.8661573795963992e-06,0.08071339676380941
0.0013826221737646563,1.0,0.000501,0.1,0.004733333333333333,0.00010191085449975935,1.8661573795963992e-06,0.05788536535586332
0.0013826221737646563,1.0,0.000631,0.1,0.0025,0.00010191085449975935,1.8661573795963992e-06,0.03057325634992781
0.0013826221737646563,1.0,0.000794,0.1,0.0006666666666666666,0.00010191085449975935,1.8661573795963992e-06,0.008152868359980749
0.0013826221737646563,1.0,0.001,0.1,0.0002,0.00010191085449975935,1.8661573795963992e-06,0.0024458605079942246
0.0013826221737646563,1.0,0.00126,0.1,3.3333333333333335e-05,0.00010191085449975935,1.8661573795963992e-06,0.00040764341799903747
0.0013826221737646563,1.0,0.00158,0.1,0.0,0.00010191085449975935,1.8661573795963992e-06,0.0
0.0013826221737646563,1.0,0.002,0.1,0.0,0.00010191085449975935,1.8661573795963992e-06,0.0
0.0013826221737646563,1.0,0.00251,0.1,0.0,0.00010191085449975935,1.8661573795963992e-06,0.0
0.0013826221737646563,1.0,0.00316,0.1,0.0,0.00010191085449975935,1.8661573795963992e-06,0.0
0.0013826221737646563,1.0,0.00398,0.1,0.0,0.00010191085449975935,1.8661573795963992e-06,0.0
0.0013826221737646563,1.0,0.00501,0.1,0.0,0.00010191085449975935,1.8661573795963992e-06,0.0
0.0013826221737646563,1.0,0.00631,0.1,0.0,0.00010191085449975935,1.8661573795963992e-06,0.0
0.001448118227674533,1.0,1e-06,0.1,0.0,0.00011179473980349774,2.047147771534476e-06,0.0
0.001448118227674533,1.0,1.26e-06,0.1,0.0,0.00011179473980349774,2.047147771534476e-06,0.0
0.001448118227674533,1.0,1.58e-06,0.1,0.0,0.00011179473980349774,2.047147771534476e-06,0.0
0.001448118227674533,1.0,2e-06,0.1,0.0,0.00011179473980349774,2.047147771534476e-06,0.0
0.001448118227674533,1.0,2.51e-06,0.1,0.0,0.00011179473980349774,2.047147771534476e-06,0.0
0.001448118227674533,1.0,3.16e-06,0.1,0.0,0.00011179473980349774,2.047147771534476e-06,0.0
0.001448118227674533,1.0,3.98e-06,0.1,0.0,0.00011179473980349774,2.047147771534476e-06,0.0
0.001448118227674533,1.0,1.58e-05,0.1,0.0001,0.00011179473980349774,2.047147771534476e-06,0.0013415368776419734
0.001448118227674533,1.0,2e-05,0.1,0.0001,0.00011179473980349774,2.047147771534476e-06,0.0013415368776419734
0.001448118227674533,1.0,2.51e-05,0.1,0.00016666666666666666,0.00011179473980349774,2.047147771534476e-06,0.002235894796069955
0.001448118227674533,1.0,3.16e-05,0.1,0.0002666666666666667,0.00011179473980349774,2.047147771534476e-06,0.0035774316737119285
0.001448118227674533,1.0,3.98e-05,0.1,0.0003,0.00011179473980349774,2.047147771534476e-06,0.00402461063292592
0.001448118227674533,1.0,5.01e-05,0.1,0.0005666666666666667,0.00011179473980349774,2.047147771534476e-06,0.0076020423066378495
0.001448118227674533,1.0,6.31e-05,0.1,0.0009333333333333333,0.00011179473980349774,2.047147771534476e-06,0.01252101085799175
0.001448118227674533,1.0,7.94e-05,0.1,0.0018,0.00011179473980349774,2.047147771534476e-06,0.024147663797555518
0.001448118227674533,1.0,0.0001,0.1,0.0026666666666666666,0.00011179473980349774,2.047147771534476e-06,0.03577431673711928
0.001448118227674533,1.0,0.000126,0.1,0.0038666666666666667,0.00011179473980349774,2.047147771534476e-06,0.05187275926882297
0.001448118227674533,1.0,0.000158,0.1,0.005,0.00011179473980349774,2.047147771534476e-06,0.06707684388209866
0.001448118227674533,1.0,0.0002,0.1,0.006533333333333334,0.00011179473980349774,2.047147771534476e-06,0.08764707600594225
0.001448118227674533,1.0,0.000251,0.1,0.007533333333333334,0.00011179473980349774,2.047147771534476e-06,0.101062444782362
0.001448118227674533,1.0,0.000316,0.1,0.008166666666666666,0.00011179473980349774,2.047147771534476e-06,0.1095588450074278
0.001448118227674533,1.0,0.000398,0.1,0.0066,0.00011179473980349774,2.047147771534476e-06,0.08854143392437024
0.001448118227674533,1.0,0.000501,0.1,0.004733333333333333,0.00011179473980349774,2.047147771534476e-06,0.06349941220838673
0.001448118227674533,1.0,0.000631,0.1,0.0025,0.00011179473980349774,2.047147771534476e-06,0.03353842194104933
0.001448118227674533,1.0,0.000794,0.1,0.0006666666666666666,0.00011179473980349774,2.047147771534476e-06,0.00894357918427982
0.001448118227674533,1.0,0.001,0.1,0.0002,0.00011179473980349774,2.047147771534476e-06,0.0026830737552839467
0.001448118227674533,1.0,0.00126,0.1,3.3333333333333335e-05,0.00011179473980349774,2.047147771534476e-06,0.00044717895921399107
0.001448118227674533,1.0,0.00158,0.1,0.0,0.00011179473980349774,2.047147771534476e-06,0.0
0.001448118227674533,1.0,0.002,0.1,0.0,0.00011179473980349774,2.047147771534476e-06,0.0
0.001448118227674533,1.0,0.00251,0.1,0.0,0.00011179473980349774,2.047147771534476e-06,0.0
0.001448118227674533,1.0,0.00316,0.1,0.0,0.00011179473980349774,2.047147771534476e-06,0.0
0.001448118227674533,1.0,0.00398,0.1,0.0,0.00011179473980349774,2.047147771534476e-06,0.0
0.001448118227674533,1.0,0.00501,0.1,0.0,0.00011179473980349774,2.047147771534476e-06,0.0
0.001448118227674533,1.0,0.00631,0.1,0.0,0.00011179473980349774,2.047147771534476e-06,0.0
0.0015167168884709225,1.0,1e-06,0.1,0.0,0.00012263721749459586,2.2456915856911893e-06,0.0
0.0015167168884709225,1.0,1.26e-06,0.1,0.0,0.00012263721749459586,2.2456915856911893e-06,0.0
0.0015167168884709225,1.0,1.58e-06,0.1,0.0,0.00012263721749459586,2.2456915856911893e-06,0.0
0.0015167168884709225,1.0,2e-06,0.1,0.0,0.00012263721749459586,2.2456915856911893e-06,0.0
0.0015167168884709225,1.0,2.51e-06,0.1,0.0,0.00012263721749459586,2.2456915856911893e-06,0.0
0.0015167168884709225,1.0,3.16e-06,0.1,0.0,0.00012263721749459586,2.2456915856911893e-06,0.0
0.0015167168884709225,1.0,3.98e-06,0.1,0.0,0.00012263721749459586,2.2456915856911893e-06,0.0
0.0015167168884709225,1.0,1.58e-05,0.1,0.0001,0.00012263721749459586,2.2456915856911893e-06,0.0014716466099351506
0.0015167168884709225,1.0,2e-05,0.1,0.0001,0.00012263721749459586,2.2456915856911893e-06,0.0014716466099351506
0.0015167168884709225,1.0,2.51e-05,0.1,0.00016666666666666666,0.00012263721749459586,2.2456915856911893e-06,0.0024527443498919173
0.0015167168884709225,1.0,3.16e-05,0.1,0.0002666666666666667,0.00012263721749459586,2.2456915856911893e-06,0.0039243909598270675
0.0015167168884709225,1.0,3.98e-05,0.1,0.0003,0.00012263721749459586,2.2456915856911893e-06,0.0044149398298054515
0.0015167168884709225,1.0,5.01e-05,0.1,0.0005666666666666667,0.00012263721749459586,2.2456915856911893e-06,0.00833933078963252
0.0015167168884709225,1.0,6.31e-05,0.1,0.0009333333333333333,0.00012263721749459586,2.2456915856911893e-06,0.013735368359394737
0.0015167168884709225,1.0,7.94e-05,0.1,0.0018,0.00012263721749459586,2.2456915856911893e-06,0.02648963897883271
0.0015167168884709225,1.0,0.0001,0.1,0.0026666666666666666,0.00012263721749459586,2.2456915856911893e-06,0.039243909598270676
0.0015167168884709225,1.0,0.000126,0.1,0.0038666666666666667,0.00012263721749459586,2.2456915856911893e-06,0.05690366891749248
0.0015167168884709225,1.0,0.000158,0.1,0.005,0.00012263721749459586,2.2456915856911893e-06,0.07358233049675753
0.0015167168884709225,1.0,0.0002,0.1,0.006533333333333334,0.00012263721749459586,2.2456915856911893e-06,0.09614757851576317
0.0015167168884709225,1.0,0.000251,0.1,0.007533333333333334,0.00012263721749459586,2.2456915856911893e-06,0.11086404461511468
0.0015167168884709225,1.0,0.000316,0.1,0.008166666666666666,0.00012263721749459586,2.2456915856911893e-06,0.12018447314470393
0.0015167168884709225,1.0,0.000398,0.1,0.0066,0.00012263721749459586,2.2456915856911893e-06,0.09712867625571993
0.0015167168884709225,1.0,0.000501,0.1,0.004733333333333333,0.00012263721749459586,2.2456915856911893e-06,0.06965793953693046
0.0015167168884709225,1.0,0.000631,0.1,0.0025,0.00012263721749459586,2.2456915856911893e-06,0.03679116524837876
0.0015167168884709225,1.0,0.000794,0.1,0.0006666666666666666,0.00012263721749459586,2.2456915856911893e-06,0.009810977399567669
0.0015167168884709225,1.0,0.001,0.1,0.0002,0.00012263721749459586,2.2456915856911893e-06,0.0029432932198703013
0.0015167168884709225,1.0,0.00126,0.1,3.3333333333333335e-05,0.00012263721749459586,2.2456915856911893e-06,0.0004905488699783834
0.0015167168884709225,1.0,0.00158,0.1,0.0,0.00012263721749459586,2.2456915856911893e-06,0.0
0.0015167168884709225,1.0,0.002,0.1,0.0,0.00012263721749459586,2.2456915856911893e-06,0.0
0.0015167168884709225,1.0,0.00251,0.1,0.0,0.00012263721749459586,2.2456915856911893e-06,0.0
0.0015167168884709225,1.0,0.00316,0.1,0.0,0.00012263721749459586,2.2456915856911893e-06,0.0
0.0015167168884709225,1.0,0.00398,0.1,0.0,0.00012263721749459586,2.2456915856911893e-06,0.0
0.0015167168884709225,1.0,0.00501,0.1,0.0,0.00012263721749459586,2.2456915856911893e-06,0.0
0.0015167168884709225,1.0,0.00631,0.1,0.0,0.00012263721749459586,2.2456915856911893e-06,0.0
0.0015885651294280528,1.0,1e-06,0.1,0.0,0.0001345312565836778,2.463491239400802e-06,0.0
0.0015885651294280528,1.0,1.26e-06,0.1,0.0,0.0001345312565836778,2.463491239400802e-06,0.0
0.0015885651294280528,1.0,1.58e-06,0.1,0.0,0.0001345312565836778,2.463491239400802e-06,0.0
0.0015885651294280528,1.0,2e-06,0.1,0.0,0.0001345312565836778,2.463491239400802e-06,0.0
0.0015885651294280528,1.0,2.51e-06,0.1,0.0,0.0001345312565836778,2.463491239400802e-06,0.0
0.0015885651294280528,1.0,3.16e-06,0.1,0.0,0.0001345312565836778,2.463491239400802e-06,0.0
0.0015885651294280528,1.0,3.98e-06,0.1,0.0,0.0001345312565836778,2.463491239400802e-06,0.0
0.0015885651294280528,1.0,1.58e-05,0.1,0.0001,0.0001345312565836778,2.463491239400802e-06,0.001614375079004134
0.0015885651294280528,1.0,2e-05,0.1,0.0001,0.0001345312565836778,2.463491239400802e-06,0.001614375079004134
0.0015885651294280528,1.0,2.51e-05,0.1,0.00016666666666666666,0.0001345312565836778,2.463491239400802e-06,0.0026906251316735565
0.0015885651294280528,1.0,3.16e-05,0.1,0.0002666666666666667,0.0001345312565836778,2.463491239400802e-06,0.00430500021067769
0.0015885651294280528,1.0,3.98e-05,0.1,0.0003,0.0001345312565836778,2.463491239400802e-06,0.004843125237012401
0.0015885651294280528,1.0,5.01e-05,0.1,0.0005666666666666667,0.0001345312565836778,2.463491239400802e-06,0.009148125447690092
0.0015885651294280528,1.0,6.31e-05,0.1,0.0009333333333333333,0.0001345312565836778,2.463491239400802e-06,0.015067500737371918
0.0015885651294280528,1.0,7.94e-05,0.1,0.0018,0.0001345312565836778,2.463491239400802e-06,0.02905875142207441
0.0015885651294280528,1.0,0.0001,0.1,0.0026666666666666666,0.0001345312565836778,2.463491239400802e-06,0.043050002106776904
0.0015885651294280528,1.0,0.000126,0.1,0.0038666666666666667,0.0001345312565836778,2.463491239400802e-06,0.06242250305482651
0.0015885651294280528,1.0,0.000158,0.1,0.005,0.0001345312565836778,2.463491239400802e-06,0.0807187539502067
0.0015885651294280528,1.0,0.0002,0.1,0.006533333333333334,0.0001345312565836778,2.463491239400802e-06,0.10547250516160343
0.0015885651294280528,1.0,0.000251,0.1,0.007533333333333334,0.0001345312565836778,2.463491239400802e-06,0.12161625595164477
0.0015885651294280528,1.0,0.000316,0.1,0.008166666666666666,0.0001345312565836778,2.463491239400802e-06,0.13184063145200425
0.0015885651294280528,1.0,0.000398,0.1,0.0066,0.0001345312565836778,2.463491239400802e-06,0.10654875521427283
0.0015885651294280528,1.0,0.000501,0.1,0.004733333333333333,0.0001345312565836778,2.463491239400802e-06,0.07641375373952901
0.0015885651294280528,1.0,0.000631,0.1,0.0025,0.0001345312565836778,2.463491239400802e-06,0.04035937697510335
0.0015885651294280528,1.0,0.000794,0.1,0.0006666666666666666,0.0001345312565836778,2.463491239400802e-06,0.010762500526694226
0.0015885651294280528,1.0,0.001,0.1,0.0002,0.0001345312565836778,2.463491239400802e-06,0.003228750158008268
0.0015885651294280528,1.0,0.00126,0.1,3.3333333333333335e-05,0.0001345312565836778,2.463491239400802e-06,0.0005381250263347113
0.0015885651294280528,1.0,0.00158,0.1,0.0,0.0001345312565836778,2.463491239400802e-06,0.0
0.0015885651294280528,1.0,0.002,0.1,0.0,0.0001345312565836778,2.463491239400802e-06,0.0
0.0015885651294280528,1.0,0.00251,0.1,0.0,0.0001345312565836778,2.463491239400802e-06,0.0
0.0015885651294280528,1.0,0.00316,0.1,0.0,0.0001345312565836778,2.463491239400802e-06,0.0
0.0015885651294280528,1.0,0.00398,0.1,0.0,0.0001345312565836778,2.463491239400802e-06,0.0
0.0015885651294280528,1.0,0.00501,0.1,0.0,0.0001345312565836778,2.463491239400802e-06,0.0
0.0015885651294280528,1.0,0.00631,0.1,0.0,0.0001345312565836778,2.463491239400802e-06,0.0
0.001663816886076129,1.0,1e-06,0.1,0.0,0.0001475788425848331,2.702414257184272e-06,0.0
0.001663816886076129,1.0,1.26e-06,0.1,0.0,0.0001475788425848331,2.702414257184272e-06,0.0
0.001663816886076129,1.0,1.58e-06,0.1,0.0,0.0001475788425848331,2.702414257184272e-06,0.0
0.001663816886076129,1.0,2e-06,0.1,0.0,0.0001475788425848331,2.702414257184272e-06,0.0
0.001663816886076129,1.0,2.51e-06,0.1,0.0,0.0001475788425848331,2.702414257184272e-06,0.0
0.001663816886076129,1.0,3.16e-06,0.1,0.0,0.0001475788425848331,2.702414257184272e-06,0.0
0.001663816886076129,1.0,3.98e-06,0.1,0.0,0.0001475788425848331,2.702414257184272e-06,0.0
0.001663816886076129,1.0,1.58e-05,0.1,0.0001,0.0001475788425848331,2.702414257184272e-06,0.0017709461110179973
0.001663816886076129,1.0,2e-05,0.1,0.0001,0.0001475788425848331,2.702414257184272e-06,0.0017709461110179973
0.001663816886076129,1.0,2.51e-05,0.1,0.00016666666666666666,0.0001475788425848331,2.702414257184272e-06,0.002951576851696662
0.001663816886076129,1.0,3.16e-05,0.1,0.0002666666666666667,0.0001475788425848331,2.702414257184272e-06,0.00472252296271466
0.001663816886076129,1.0,3.98e-05,0.1,0.0003,0.0001475788425848331,2.702414257184272e-06,0.005312838333053992
0.001663816886076129,1.0,5.01e-05,0.1,0.0005666666666666667,0.0001475788425848331,2.702414257184272e-06,0.010035361295768652
0.001663816886076129,1.0,6.31e-05,0.1,0.0009333333333333333,0.0001475788425848331,2.702414257184272e-06,0.01652883036950131
0.001663816886076129,1.0,7.94e-05,0.1,0.0018,0.0001475788425848331,2.702414257184272e-06,0.03187702999832395
0.001663816886076129,1.0,0.0001,0.1,0.0026666666666666666,0.0001475788425848331,2.702414257184272e-06,0.04722522962714659
0.001663816886076129,1.0,0.000126,0.1,0.0038666666666666667,0.0001475788425848331,2.702414257184272e-06,0.06847658295936257
0.001663816886076129,1.0,0.000158,0.1,0.005,0.0001475788425848331,2.702414257184272e-06,0.08854730555089987
0.001663816886076129,1.0,0.0002,0.1,0.006533333333333334,0.0001475788425848331,2.702414257184272e-06,0.11570181258650916
0.001663816886076129,1.0,0.000251,0.1,0.007533333333333334,0.0001475788425848331,2.702414257184272e-06,0.13341127369668912
0.001663816886076129,1.0,0.000316,0.1,0.008166666666666666,0.0001475788425848331,2.702414257184272e-06,0.14462726573313642
0.001663816886076129,1.0,0.000398,0.1,0.0066,0.0001475788425848331,2.702414257184272e-06,0.11688244332718783
0.001663816886076129,1.0,0.000501,0.1,0.004733333333333333,0.0001475788425848331,2.702414257184272e-06,0.08382478258818521
0.001663816886076129,1.0,0.000631,0.1,0.0025,0.0001475788425848331,2.702414257184272e-06,0.04427365277544994
0.001663816886076129,1.0,0.000794,0.1,0.0006666666666666666,0.0001475788425848331,2.702414257184272e-06,0.011806307406786648
0.001663816886076129,1.0,0.001,0.1,0.0002,0.0001475788425848331,2.702414257184272e-06,0.0035418922220359947
0.001663816886076129,1.0,0.00126,0.1,3.3333333333333335e-05,0.0001475788425848331,2.702414257184272e-06,0.0005903153703393326
0.001663816886076129,1.0,0.00158,0.1,0.0,0.0001475788425848331,2.702414257184272e-06,0.0
0.001663816886076129,1.0,0.002,0.1,0.0,0.0001475788425848331,2.702414257184272e-06,0.0
0.001663816886076129,1.0,0.00251,0.1,0.0,0.0001475788425848331,2.702414257184272e-06,0.0
0.001663816886076129,1.0,0.00316,0.1,0.0,0.0001475788425848331,2.702414257184272e-06,0.0
0.001663816886076129,1.0,0.00398,0.1,0.0,0.0001475788425848331,2.702414257184272e-06,0.0
0.001663816886076129,1.0,0.00501,0.1,0.0,0.0001475788425848331,2.702414257184272e-06,0.0
0.001663816886076129,1.0,0.00631,0.1,0.0,0.0001475788425848331,2.702414257184272e-06,0.0
0.0017426333860096508,1.0,1e-06,0.1,0.0,0.00016189185195378278,2.9645092831676025e-06,0.0
0.0017426333860096508,1.0,1.26e-06,0.1,0.0,0.00016189185195378278,2.9645092831676025e-06,0.0
0.0017426333860096508,1.0,1.58e-06,0.1,0.0,0.00016189185195378278,2.9645092831676025e-06,0.0
0.0017426333860096508,1.0,2e-06,0.1,0.0,0.00016189185195378278,2.9645092831676025e-06,0.0
0.0017426333860096508,1.0,2.51e-06,0.1,0.0,0.00016189185195378278,2.9645092831676025e-06,0.0
0.0017426333860096508,1.0,3.16e-06,0.1,0.0,0.00016189185195378278,2.9645092831676025e-06,0.0
0.0017426333860096508,1.0,3.98e-06,0.1,0.0,0.00016189185195378278,2.9645092831676025e-06,0.0
0.0017426333860096508,1.0,1.58e-05,0.1,0.0001,0.00016189185195378278,2.9645092831676025e-06,0.0019427022234453934
0.0017426333860096508,1.0,2e-05,0.1,0.0001,0.00016189185195378278,2.9645092831676025e-06,0.0019427022234453934
0.0017426333860096508,1.0,2.51e-05,0.1,0.00016666666666666666,0.00016189185195378278,2.9645092831676025e-06,0.003237837039075656
0.0017426333860096508,1.0,3.16e-05,0.1,0.0002666666666666667,0.00016189185195378278,2.9645092831676025e-06,0.005180539262521049
0.0017426333860096508,1.0,3.98e-05,0.1,0.0003,0.00016189185195378278,2.9645092831676025e-06,0.005828106670336179
0.0017426333860096508,1.0,5.01e-05,0.1,0.0005666666666666667,0.00016189185195378278,2.9645092831676025e-06,0.01100864593285723
0.0017426333860096508,1.0,6.31e-05,0.1,0.0009333333333333333,0.00016189185195378278,2.9645092831676025e-06,0.01813188741882367
0.0017426333860096508,1.0,7.94e-05,0.1,0.0018,0.00016189185195378278,2.9645092831676025e-06,0.03496864002201708
0.0017426333860096508,1.0,0.0001,0.1,0.0026666666666666666,0.00016189185195378278,2.9645092831676025e-06,0.05180539262521049
0.0017426333860096508,1.0,0.000126,0.1,0.0038666666666666667,0.00016189185195378278,2.9645092831676025e-06,0.0751178193065552
0.0017426333860096508,1.0,0.000158,0.1,0.005,0.00016189185195378278,2.9645092831676025e-06,0.09713511117226967
0.0017426333860096508,1.0,0.0002,0.1,0.006533333333333334,0.00016189185195378278,2.9645092831676025e-06,0.1269232119317657
0.0017426333860096508,1.0,0.000251,0.1,0.007533333333333334,0.00016189185195378278,2.9645092831676025e-06,0.14635023416621964
0.0017426333860096508,1.0,0.000316,0.1,0.008166666666666666,0.00016189185195378278,2.9645092831676025e-06,0.1586540149147071
0.0017426333860096508,1.0,0.000398,0.1,0.0066,0.00016189185195378278,2.9645092831676025e-06,0.12821834674739596
0.0017426333860096508,1.0,0.000501,0.1,0.004733333333333333,0.00016189185195378278,2.9645092831676025e-06,0.09195457190974861
0.0017426333860096508,1.0,0.000631,0.1,0.0025,0.00016189185195378278,2.9645092831676025e-06,0.048567555586134833
0.0017426333860096508,1.0,0.000794,0.1,0.0006666666666666666,0.00016189185195378278,2.9645092831676025e-06,0.012951348156302623
0.0017426333860096508,1.0,0.001,0.1,0.0002,0.00016189185195378278,2.9645092831676025e-06,0.003885404446890787
0.0017426333860096508,1.0,0.00126,0.1,3.3333333333333335e-05,0.00016189185195378278,2.9645092831676025e-06,0.0006475674078151311
0.0017426333860096508,1.0,0.00158,0.1,0.0,0.00016189185195378278,2.9645092831676025e-06,0.0
0.0017426333860096508,1.0,0.002,0.1,0.0,0.00016189185195378278,2.9645092831676025e-06,0.0
0.0017426333860096508,1.0,0.00251,0.1,0.0,0.00016189185195378278,2.9645092831676025e-06,0.0
0.0017426333860096508,1.0,0.00316,0.1,0.0,0.00016189185195378278,2.9645092831676025e-06,0.0
0.0017426333860096508,1.0,0.00398,0.1,0.0,0.00016189185195378278,2.9645092831676025e-06,0.0
0.0017426333860096508,1.0,0.00501,0.1,0.0,0.00016189185195378278,2.9645092831676025e-06,0.0
0.0017426333860096508,1.0,0.00631,0.1,0.0,0.00016189185195378278,2.9645092831676025e-06,0.0
0.0018251834943190425,1.0,1e-06,0.1,0.0,0.00017759301132708814,3.252023646348437e-06,0.0
0.0018251834943190425,1.0,1.26e-06,0.1,0.0,0.00017759301132708814,3.252023646348437e-06,0.0
0.0018251834943190425,1.0,1.58e-06,0.1,0.0,0.00017759301132708814,3.252023646348437e-06,0.0
0.0018251834943190425,1.0,2e-06,0.1,0.0,0.00017759301132708814,3.252023646348437e-06,0.0
0.0018251834943190425,1.0,2.51e-06,0.1,0.0,0.00017759301132708814,3.252023646348437e-06,0.0
0.0018251834943190425,1.0,3.16e-06,0.1,0.0,0.00017759301132708814,3.252023646348437e-06,0.0
0.0018251834943190425,1.0,3.98e-06,0.1,0.0,0.00017759301132708814,3.252023646348437e-06,0.0
0.0018251834943190425,1.0,1.58e-05,0.1,0.0001,0.00017759301132708814,3.252023646348437e-06,0.002131116135925058
0.0018251834943190425,1.0,2e-05,0.1,0.0001,0.00017759301132708814,3.252023646348437e-06,0.002131116135925058
0.0018251834943190425,1.0,2.51e-05,0.1,0.00016666666666666666,0.00017759301132708814,3.252023646348437e-06,0.003551860226541763
0.0018251834943190425,1.0,3.16e-05,0.1,0.0002666666666666667,0.00017759301132708814,3.252023646348437e-06,0.0056829763624668215
0.0018251834943190425,1.0,3.98e-05,0.1,0.0003,0.00017759301132708814,3.252023646348437e-06,0.006393348407775174
0.0018251834943190425,1.0,5.01e-05,0.1,0.0005666666666666667,0.00017759301132708814,3.252023646348437e-06,0.012076324770241996
0.0018251834943190425,1.0,6.31e-05,0.1,0.0009333333333333333,0.00017759301132708814,3.252023646348437e-06,0.019890417268633873
0.0018251834943190425,1.0,7.94e-05,0.1,0.0018,0.00017759301132708814,3.252023646348437e-06,0.03836009044665104
0.0018251834943190425,1.0,0.0001,0.1,0.0026666666666666666,0.00017759301132708814,3.252023646348437e-06,0.05682976362466821
0.0018251834943190425,1.0,0.000126,0.1,0.0038666666666666667,0.00017759301132708814,3.252023646348437e-06,0.08240315725576891
0.0018251834943190425,1.0,0.000158,0.1,0.005,0.00017759301132708814,3.252023646348437e-06,0.1065558067962529
0.0018251834943190425,1.0,0.0002,0.1,0.006533333333333334,0.00017759301132708814,3.252023646348437e-06,0.13923292088043712
0.0018251834943190425,1.0,0.000251,0.1,0.007533333333333334,0.00017759301132708814,3.252023646348437e-06,0.16054408223968772
0.0018251834943190425,1.0,0.000316,0.1,0.008166666666666666,0.00017759301132708814,3.252023646348437e-06,0.1740411511005464
0.0018251834943190425,1.0,0.000398,0.1,0.0066,0.00017759301132708814,3.252023646348437e-06,0.14065366497105383
0.0018251834943190425,1.0,0.000501,0.1,0.004733333333333333,0.00017759301132708814,3.252023646348437e-06,0.10087283043378609
0.0018251834943190425,1.0,0.000631,0.1,0.0025,0.00017759301132708814,3.252023646348437e-06,0.05327790339812645
0.0018251834943190425,1.0,0.000794,0.1,0.0006666666666666666,0.00017759301132708814,3.252023646348437e-06,0.014207440906167053
0.0018251834943190425,1.0,0.001,0.1,0.0002,0.00017759301132708814,3.252023646348437e-06,0.004262232271850116
0.0018251834943190425,1.0,0.00126,0.1,3.3333333333333335e-05,0.00017759301132708814,3.252023646348437e-06,0.0007103720453083527
0.0018251834943190425,1.0,0.00158,0.1,0.0,0.00017759301132708814,3.252023646348437e-06,0.0
0.0018251834943190425,1.0,0.002,0.1,0.0,0.00017759301132708814,3.252023646348437e-06,0.0
0.0018251834943190425,1.0,0.00251,0.1,0.0,0.00017759301132708814,3.252023646348437e-06,0.0
0.0018251834943190425,1.0,0.00316,0.1,0.0,0.00017759301132708814,3.252023646348437e-06,0.0
0.0018251834943190425,1.0,0.00398,0.1,0.0,0.00017759301132708814,3.252023646348437e-06,0.0
0.0018251834943190425,1.0,0.00501,0.1,0.0,0.00017759301132708814,3.252023646348437e-06,0.0
0.0018251834943190425,1.0,0.00631,0.1,0.0,0.00017759301132708814,3.252023646348437e-06,0.0
0.0019116440753857017,1.0,1e-06,0.1,0.0,0.00019481694978546992,3.5674226292889566e-06,0.0
0.0019116440753857017,1.0,1.26e-06,0.1,0.0,0.00019481694978546992,3.5674226292889566e-06,0.0
0.0019116440753857017,1.0,1.58e-06,0.1,0.0,0.00019481694978546992,3.5674226292889566e-06,0.0
0.0019116440753857017,1.0,2e-06,0.1,0.0,0.00019481694978546992,3.5674226292889566e-06,0.0
0.0019116440753857017,1.0,2.51e-06,0.1,0.0,0.00019481694978546992,3.5674226292889566e-06,0.0
0.0019116440753857017,1.0,3.16e-06,0.1,0.0,0.00019481694978546992,3.5674226292889566e-06,0.0
0.0019116440753857017,1.0,3.98e-06,0.1,0.0,0.00019481694978546992,3.5674226292889566e-06,0.0
0.0019116440753857017,1.0,1.58e-05,0.1,0.0001,0.00019481694978546992,3.5674226292889566e-06,0.0023378033974256395
0.0019116440753857017,1.0,2e-05,0.1,0.0001,0.00019481694978546992,3.5674226292889566e-06,0.0023378033974256395
0.0019116440753857017,1.0,2.51e-05,0.1,0.00016666666666666666,0.00019481694978546992,3.5674226292889566e-06,0.0038963389957093982
0.0019116440753857017,1.0,3.16e-05,0.1,0.0002666666666666667,0.00019481694978546992,3.5674226292889566e-06,0.006234142393135038
0.0019116440753857017,1.0,3.98e-05,0.1,0.0003,0.00019481694978546992,3.5674226292889566e-06,0.007013410192276918
0.0019116440753857017,1.0,5.01e-05,0.1,0.0005666666666666667,0.00019481694978546992,3.5674226292889566e-06,0.013247552585411958
0.0019116440753857017,1.0,6.31e-05,0.1,0.0009333333333333333,0.00019481694978546992,3.5674226292889566e-06,0.021819498375972635
0.0019116440753857017,1.0,7.94e-05,0.1,0.0018,0.00019481694978546992,3.5674226292889566e-06,0.04208046115366151
0.0019116440753857017,1.0,0.0001,0.1,0.0026666666666666666,0.00019481694978546992,3.5674226292889566e-06,0.06234142393135037
0.0019116440753857017,1.0,0.000126,0.1,0.0038666666666666667,0.00019481694978546992,3.5674226292889566e-06,0.09039506470045805
0.0019116440753857017,1.0,0.000158,0.1,0.005,0.00019481694978546992,3.5674226292889566e-06,0.11689016987128197
0.0019116440753857017,1.0,0.0002,0.1,0.006533333333333334,0.00019481694978546992,3.5674226292889566e-06,0.15273648863180844
0.0019116440753857017,1.0,0.000251,0.1,0.007533333333333334,0.00019481694978546992,3.5674226292889566e-06,0.17611452260606483
0.0019116440753857017,1.0,0.000316,0.1,0.008166666666666666,0.00019481694978546992,3.5674226292889566e-06,0.19092061078976053
0.0019116440753857017,1.0,0.000398,0.1,0.0066,0.00019481694978546992,3.5674226292889566e-06,0.1542950242300922
0.0019116440753857017,1.0,0.000501,0.1,0.004733333333333333,0.00019481694978546992,3.5674226292889566e-06,0.11065602747814691
0.0019116440753857017,1.0,0.000631,0.1,0.0025,0.00019481694978546992,3.5674226292889566e-06,0.05844508493564098
0.0019116440753857017,1.0,0.000794,0.1,0.0006666666666666666,0.00019481694978546992,3.5674226292889566e-06,0.015585355982837593
0.0019116440753857017,1.0,0.001,0.1,0.0002,0.00019481694978546992,3.5674226292889566e-06,0.004675606794851279
0.0019116440753857017,1.0,0.00126,0.1,3.3333333333333335e-05,0.00019481694978546992,3.5674226292889566e-06,0.0007792677991418798
0.0019116440753857017,1.0,0.00158,0.1,0.0,0.00019481694978546992,3.5674226292889566e-06,0.0
0.0019116440753857017,1.0,0.002,0.1,0.0,0.00019481694978546992,3.5674226292889566e-06,0.0
0.0019116440753857017,1.0,0.00251,0.1,0.0,0.00019481694978546992,3.5674226292889566e-06,0.0
0.0019116440753857017,1.0,0.00316,0.1,0.0,0.00019481694978546992,3.5674226292889566e-06,0.0
0.0019116440753857017,1.0,0.00398,0.1,0.0,0.00019481694978546992,3.5674226292889566e-06,0.0
0.0019116440753857017,1.0,0.00501,0.1,0.0,0.00019481694978546992,3.5674226292889566e-06,0.0
0.0019116440753857017,1.0,0.00631,0.1,0.0,0.00019481694978546992,3.5674226292889566e-06,0.0
0.0020022003718155844,1.0,1e-06,0.1,0.0,0.00021371135316152634,3.913410605411579e-06,0.0
0.0020022003718155844,1.0,1.26e-06,0.1,0.0,0.00021371135316152634,3.913410605411579e-06,0.0
0.0020022003718155844,1.0,1.58e-06,0.1,0.0,0.00021371135316152634,3.913410605411579e-06,0.0
0.0020022003718155844,1.0,2e-06,0.1,0.0,0.00021371135316152634,3.913410605411579e-06,0.0
0.0020022003718155844,1.0,2.51e-06,0.1,0.0,0.00021371135316152634,3.913410605411579e-06,0.0
0.0020022003718155844,1.0,3.16e-06,0.1,0.0,0.00021371135316152634,3.913410605411579e-06,0.0
0.0020022003718155844,1.0,3.98e-06,0.1,0.0,0.00021371135316152634,3.913410605411579e-06,0.0
0.0020022003718155844,1.0,1.58e-05,0.1,0.0001,0.00021371135316152634,3.913410605411579e-06,0.002564536237938316
0.0020022003718155844,1.0,2e-05,0.1,0.0001,0.00021371135316152634,3.913410605411579e-06,0.002564536237938316
0.0020022003718155844,1.0,2.51e-05,0.1,0.00016666666666666666,0.00021371135316152634,3.913410605411579e-06,0.004274227063230526
0.0020022003718155844,1.0,3.16e-05,0.1,0.0002666666666666667,0.00021371135316152634,3.913410605411579e-06,0.006838763301168844
0.0020022003718155844,1.0,3.98e-05,0.1,0.0003,0.00021371135316152634,3.913410605411579e-06,0.007693608713814947
0.0020022003718155844,1.0,5.01e-05,0.1,0.0005666666666666667,0.00021371135316152634,3.913410605411579e-06,0.014532372014983792
0.0020022003718155844,1.0,6.31e-05,0.1,0.0009333333333333333,0.00021371135316152634,3.913410605411579e-06,0.02393567155409095
0.0020022003718155844,1.0,7.94e-05,0.1,0.0018,0.00021371135316152634,3.913410605411579e-06,0.04616165228288968
0.0020022003718155844,1.0,0.0001,0.1,0.0026666666666666666,0.00021371135316152634,3.913410605411579e-06,0.06838763301168842
0.0020022003718155844,1.0,0.000126,0.1,0.0038666666666666667,0.00021371135316152634,3.913410605411579e-06,0.09916206786694821
0.0020022003718155844,1.0,0.000158,0.1,0.005,0.00021371135316152634,3.913410605411579e-06,0.12822681189691582
0.0020022003718155844,1.0,0.0002,0.1,0.006533333333333334,0.00021371135316152634,3.913410605411579e-06,0.16754970087863666
0.0020022003718155844,1.0,0.000251,0.1,0.007533333333333334,0.00021371135316152634,3.913410605411579e-06,0.19319506325801983
0.0020022003718155844,1.0,0.000316,0.1,0.008166666666666666,0.00021371135316152634,3.913410605411579e-06,0.2094371260982958
0.0020022003718155844,1.0,0.000398,0.1,0.0066,0.00021371135316152634,3.913410605411579e-06,0.16925939170392887
0.0020022003718155844,1.0,0.000501,0.1,0.004733333333333333,0.00021371135316152634,3.913410605411579e-06,0.12138804859574695
0.0020022003718155844,1.0,0.000631,0.1,0.0025,0.00021371135316152634,3.913410605411579e-06,0.06411340594845791
0.0020022003718155844,1.0,0.000794,0.1,0.0006666666666666666,0.00021371135316152634,3.913410605411579e-06,0.017096908252922104
0.0020022003718155844,1.0,0.001,0.1,0.0002,0.00021371135316152634,3.913410605411579e-06,0.005129072475876632
0.0020022003718155844,1.0,0.00126,0.1,3.3333333333333335e-05,0.00021371135316152634,3.913410605411579e-06,0.0008548454126461055
0.0020022003718155844,1.0,0.00158,0.1,0.0,0.00021371135316152634,3.913410605411579e-06,0.0
0.0020022003718155844,1.0,0.002,0.1,0.0,0.00021371135316152634,3.913410605411579e-06,0.0
0.0020022003718155844,1.0,0.00251,0.1,0.0,0.00021371135316152634,3.913410605411579e-06,0.0
0.0020022003718155844,1.0,0.00316,0.1,0.0,0.00021371135316152634,3.913410605411579e-06,0.0
0.0020022003718155844,1.0,0.00398,0.1,0.0,0.00021371135316152634,3.913410605411579e-06,0.0
0.0020022003718155844,1.0,0.00501,0.1,0.0,0.00021371135316152634,3.913410605411579e-06,0.0
0.0020022003718155844,1.0,0.00631,0.1,0.0,0.00021371135316152634,3.913410605411579e-06,0.0
0.002097046401323233,1.0,1e-06,0.1,0.0,0.00023443823028664135,4.292954226087554e-06,0.0
0.002097046401323233,1.0,1.26e-06,0.1,0.0,0.00023443823028664135,4.292954226087554e-06,0.0
0.002097046401323233,1.0,1.58e-06,0.1,0.0,0.00023443823028664135,4.292954226087554e-06,0.0
0.002097046401323233,1.0,2e-06,0.1,0.0,0.00023443823028664135,4.292954226087554e-06,0.0
0.002097046401323233,1.0,2.51e-06,0.1,0.0,0.00023443823028664135,4.292954226087554e-06,0.0
0.002097046401323233,1.0,3.16e-06,0.1,0.0,0.00023443823028664135,4.292954226087554e-06,0.0
0.002097046401323233,1.0,3.98e-06,0.1,0.0,0.00023443823028664135,4.292954226087554e-06,0.0
0.002097046401323233,1.0,1.58e-05,0.1,0.0001,0.00023443823028664135,4.292954226087554e-06,0.0028132587634396968
0.002097046401323233,1.0,2e-05,0.1,0.0001,0.00023443823028664135,4.292954226087554e-06,0.0028132587634396968
0.002097046401323233,1.0,2.51e-05,0.1,0.00016666666666666666,0.00023443823028664135,4.292954226087554e-06,0.004688764605732827
0.002097046401323233,1.0,3.16e-05,0.1,0.0002666666666666667,0.00023443823028664135,4.292954226087554e-06,0.007502023369172524
0.002097046401323233,1.0,3.98e-05,0.1,0.0003,0.00023443823028664135,4.292954226087554e-06,0.00843977629031909
0.002097046401323233,1.0,5.01e-05,0.1,0.0005666666666666667,0.00023443823028664135,4.292954226087554e-06,0.015941799659491617
0.002097046401323233,1.0,6.31e-05,0.1,0.0009333333333333333,0.00023443823028664135,4.292954226087554e-06,0.026257081792103832
0.002097046401323233,1.0,7.94e-05,0.1,0.0018,0.00023443823028664135,4.292954226087554e-06,0.05063865774191454
0.002097046401323233,1.0,0.0001,0.1,0.0026666666666666666,0.00023443823028664135,4.292954226087554e-06,0.07502023369172524
0.002097046401323233,1.0,0.000126,0.1,0.0038666666666666667,0.00023443823028664135,4.292954226087554e-06,0.1087793388530016
0.002097046401323233,1.0,0.000158,0.1,0.005,0.00023443823028664135,4.292954226087554e-06,0.14066293817198483
0.002097046401323233,1.0,0.0002,0.1,0.006533333333333334,0.00023443823028664135,4.292954226087554e-06,0.18379957254472687
0.002097046401323233,1.0,0.000251,0.1,0.007533333333333334,0.00023443823028664135,4.292954226087554e-06,0.2119321601791238
0.002097046401323233,1.0,0.000316,0.1,0.008166666666666666,0.00023443823028664135,4.292954226087554e-06,0.22974946568090854
0.002097046401323233,1.0,0.000398,0.1,0.0066,0.00023443823028664135,4.292954226087554e-06,0.18567507838701997
0.002097046401323233,1.0,0.000501,0.1,0.004733333333333333,0.00023443823028664135,4.292954226087554e-06,0.1331609148028123
0.002097046401323233,1.0,0.000631,0.1,0.0025,0.00023443823028664135,4.292954226087554e-06,0.07033146908599242
0.002097046401323233,1.0,0.000794,0.1,0.0006666666666666666,0.00023443823028664135,4.292954226087554e-06,0.01875505842293131
0.002097046401323233,1.0,0.001,0.1,0.0002,0.00023443823028664135,4.292954226087554e-06,0.0056265175268793936
0.002097046401323233,1.0,0.00126,0.1,3.3333333333333335e-05,0.00023443823028664135,4.292954226087554e-06,0.0009377529211465655
0.002097046401323233,1.0,0.00158,0.1,0.0,0.00023443823028664135,4.292954226087554e-06,0.0
0.002097046401323233,1.0,0.002,0.1,0.0,0.00023443823028664135,4.292954226087554e-06,0.0
0.002097046401323233,1.0,0.00251,0.1,0.0,0.00023443823028664135,4.292954226087554e-06,0.0
0.002097046401323233,1.0,0.00316,0.1,0.0,0.00023443823028664135,4.292954226087554e-06,0.0
0.002097046401323233,1.0,0.00398,0.1,0.0,0.00023443823028664135,4.292954226087554e-06,0.0
0.002097046401323233,1.0,0.00501,0.1,0.0,0.00023443823028664135,4.292954226087554e-06,0.0
0.002097046401323233,1.0,0.00631,0.1,0.0,0.00023443823028664135,4.292954226087554e-06,0.0
0.002196385372416547,1.0,1e-06,0.1,0.0,0.0002571753020310949,4.709307856273483e-06,0.0
0.002196385372416547,1.0,1.26e-06,0.1,0.0,0.0002571753020310949,4.709307856273483e-06,0.0
0.002196385372416547,1.0,1.58e-06,0.1,0.0,0.0002571753020310949,4.709307856273483e-06,0.0
0.002196385372416547,1.0,2e-06,0.1,0.0,0.0002571753020310949,4.709307856273483e-06,0.0
0.002196385372416547,1.0,2.51e-06,0.1,0.0,0.0002571753020310949,4.709307856273483e-06,0.0
0.002196385372416547,1.0,3.16e-06,0.1,0.0,0.0002571753020310949,4.709307856273483e-06,0.0
0.002196385372416547,1.0,3.98e-06,0.1,0.0,0.0002571753020310949,4.709307856273483e-06,0.0
0.002196385372416547,1.0,1.58e-05,0.1,0.0001,0.0002571753020310949,4.709307856273483e-06,0.0030861036243731393
0.002196385372416547,1.0,2e-05,0.1,0.0001,0.0002571753020310949,4.709307856273483e-06,0.0030861036243731393
0.002196385372416547,1.0,2.51e-05,0.1,0.00016666666666666666,0.0002571753020310949,4.709307856273483e-06,0.005143506040621898
0.002196385372416547,1.0,3.16e-05,0.1,0.0002666666666666667,0.0002571753020310949,4.709307856273483e-06,0.008229609664995037
0.002196385372416547,1.0,3.98e-05,0.1,0.0003,0.0002571753020310949,4.709307856273483e-06,0.009258310873119416
0.002196385372416547,1.0,5.01e-05,0.1,0.0005666666666666667,0.0002571753020310949,4.709307856273483e-06,0.017487920538114456
0.002196385372416547,1.0,6.31e-05,0.1,0.0009333333333333333,0.0002571753020310949,4.709307856273483e-06,0.02880363382748263
0.002196385372416547,1.0,7.94e-05,0.1,0.0018,0.0002571753020310949,4.709307856273483e-06,0.0555498652387165
0.002196385372416547,1.0,0.0001,0.1,0.0026666666666666666,0.0002571753020310949,4.709307856273483e-06,0.08229609664995037
0.002196385372416547,1.0,0.000126,0.1,0.0038666666666666667,0.0002571753020310949,4.709307856273483e-06,0.11932934014242805
0.002196385372416547,1.0,0.000158,0.1,0.005,0.0002571753020310949,4.709307856273483e-06,0.15430518121865697
0.002196385372416547,1.0,0.0002,0.1,0.006533333333333334,0.0002571753020310949,4.709307856273483e-06,0.20162543679237843
0.002196385372416547,1.0,0.000251,0.1,0.007533333333333334,0.0002571753020310949,4.709307856273483e-06,0.2324864730361098
0.002196385372416547,1.0,0.000316,0.1,0.008166666666666666,0.0002571753020310949,4.709307856273483e-06,0.252031795990473
0.002196385372416547,1.0,0.000398,0.1,0.0066,0.0002571753020310949,4.709307856273483e-06,0.20368283920862718
0.002196385372416547,1.0,0.000501,0.1,0.004733333333333333,0.0002571753020310949,4.709307856273483e-06,0.1460755715536619
0.002196385372416547,1.0,0.000631,0.1,0.0025,0.0002571753020310949,4.709307856273483e-06,0.07715259060932848
0.002196385372416547,1.0,0.000794,0.1,0.0006666666666666666,0.0002571753020310949,4.709307856273483e-06,0.020574024162487593
0.002196385372416547,1.0,0.001,0.1,0.0002,0.0002571753020310949,4.709307856273483e-06,0.006172207248746279
0.002196385372416547,1.0,0.00126,0.1,3.3333333333333335e-05,0.0002571753020310949,4.709307856273483e-06,0.0010287012081243796
0.002196385372416547,1.0,0.00158,0.1,0.0,0.0002571753020310949,4.709307856273483e-06,0.0
0.002196385372416547,1.0,0.002,0.1,0.0,0.0002571753020310949,4.709307856273483e-06,0.0
0.002196385372416547,1.0,0.00251,0.1,0.0,0.0002571753020310949,4.709307856273483e-06,0.0
0.002196385372416547,1.0,0.00316,0.1,0.0,0.0002571753020310949,4.709307856273483e-06,0.0
0.002196385372416547,1.0,0.00398,0.1,0.0,0.0002571753020310949,4.709307856273483e-06,0.0
0.002196385372416547,1.0,0.00501,0.1,0.0,0.0002571753020310949,4.709307856273483e-06,0.0
0.002196385372416547,1.0,0.00631,0.1,0.0,0.0002571753020310949,4.709307856273483e-06,0.0
0.002300430119772917,1.0,1e-06,0.1,0.0,0.00028211752504357066,5.166041476718012e-06,0.0
0.002300430119772917,1.0,1.26e-06,0.1,0.0,0.00028211752504357066,5.166041476718012e-06,0.0
0.002300430119772917,1.0,1.58e-06,0.1,0.0,0.00028211752504357066,5.166041476718012e-06,0.0
0.002300430119772917,1.0,2e-06,0.1,0.0,0.00028211752504357066,5.166041476718012e-06,0.0
0.002300430119772917,1.0,2.51e-06,0.1,0.0,0.00028211752504357066,5.166041476718012e-06,0.0
0.002300430119772917,1.0,3.16e-06,0.1,0.0,0.00028211752504357066,5.166041476718012e-06,0.0
0.002300430119772917,1.0,3.98e-06,0.1,0.0,0.00028211752504357066,5.166041476718012e-06,0.0
0.002300430119772917,1.0,1.58e-05,0.1,0.0001,0.00028211752504357066,5.166041476718012e-06,0.003385410300522849
0.002300430119772917,1.0,2e-05,0.1,0.0001,0.00028211752504357066,5.166041476718012e-06,0.003385410300522849
0.002300430119772917,1.0,2.51e-05,0.1,0.00016666666666666666,0.00028211752504357066,5.166041476718012e-06,0.005642350500871415
0.002300430119772917,1.0,3.16e-05,0.1,0.0002666666666666667,0.00028211752504357066,5.166041476718012e-06,0.009027760801394264
0.002300430119772917,1.0,3.98e-05,0.1,0.0003,0.00028211752504357066,5.166041476718012e-06,0.010156230901568544
0.002300430119772917,1.0,5.01e-05,0.1,0.0005666666666666667,0.00028211752504357066,5.166041476718012e-06,0.01918399170296281
0.002300430119772917,1.0,6.31e-05,0.1,0.0009333333333333333,0.00028211752504357066,5.166041476718012e-06,0.03159716280487992
0.002300430119772917,1.0,7.94e-05,0.1,0.0018,0.00028211752504357066,5.166041476718012e-06,0.06093738540941127
0.002300430119772917,1.0,0.0001,0.1,0.0026666666666666666,0.00028211752504357066,5.166041476718012e-06,0.09027760801394263
0.002300430119772917,1.0,0.000126,0.1,0.0038666666666666667,0.00028211752504357066,5.166041476718012e-06,0.1309025316202168
0.002300430119772917,1.0,0.000158,0.1,0.005,0.00028211752504357066,5.166041476718012e-06,0.16927051502614243
0.002300430119772917,1.0,0.0002,0.1,0.006533333333333334,0.00028211752504357066,5.166041476718012e-06,0.22118013963415947
0.002300430119772917,1.0,0.000251,0.1,0.007533333333333334,0.00028211752504357066,5.166041476718012e-06,0.25503424263938795
0.002300430119772917,1.0,0.000316,0.1,0.008166666666666666,0.00028211752504357066,5.166041476718012e-06,0.27647517454269926
0.002300430119772917,1.0,0.000398,0.1,0.0066,0.00028211752504357066,5.166041476718012e-06,0.223437079834508
0.002300430119772917,1.0,0.000501,0.1,0.004733333333333333,0.00028211752504357066,5.166041476718012e-06,0.16024275422474818
0.002300430119772917,1.0,0.000631,0.1,0.0025,0.00028211752504357066,5.166041476718012e-06,0.08463525751307122
0.002300430119772917,1.0,0.000794,0.1,0.0006666666666666666,0.00028211752504357066,5.166041476718012e-06,0.02256940200348566
0.002300430119772917,1.0,0.001,0.1,0.0002,0.00028211752504357066,5.166041476718012e-06,0.006770820601045698
0.002300430119772917,1.0,0.00126,0.1,3.3333333333333335e-05,0.00028211752504357066,5.166041476718012e-06,0.001128470100174283
0.002300430119772917,1.0,0.00158,0.1,0.0,0.00028211752504357066,5.166041476718012e-06,0.0
0.002300430119772917,1.0,0.002,0.1,0.0,0.00028211752504357066,5.166041476718012e-06,0.0
0.002300430119772917,1.0,0.00251,0.1,0.0,0.00028211752504357066,5.166041476718012e-06,0.0
0.002300430119772917,1.0,0.00316,0.1,0.0,0.00028211752504357066,5.166041476718012e-06,0.0
0.002300430119772917,1.0,0.00398,0.1,0.0,0.00028211752504357066,5.166041476718012e-06,0.0
0.002300430119772917,1.0,0.00501,0.1,0.0,0.00028211752504357066,5.166041476718012e-06,0.0
0.002300430119772917,1.0,0.00631,0.1,0.0,0.00028211752504357066,5.166041476718012e-06,0.0
0.0024094035602395245,1.0,1e-06,0.1,0.0,0.00030947876325037964,5.667071291894885e-06,0.0
0.0024094035602395245,1.0,1.26e-06,0.1,0.0,0.00030947876325037964,5.667071291894885e-06,0.0
0.0024094035602395245,1.0,1.58e-06,0.1,0.0,0.00030947876325037964,5.667071291894885e-06,0.0
0.0024094035602395245,1.0,2e-06,0.1,0.0,0.00030947876325037964,5.667071291894885e-06,0.0
0.0024094035602395245,1.0,2.51e-06,0.1,0.0,0.00030947876325037964,5.667071291894885e-06,0.0
0.0024094035602395245,1.0,3.16e-06,0.1,0.0,0.00030947876325037964,5.667071291894885e-06,0.0
0.0024094035602395245,1.0,3.98e-06,0.1,0.0,0.00030947876325037964,5.667071291894885e-06,0.0
0.0024094035602395245,1.0,1.58e-05,0.1,0.0001,0.00030947876325037964,5.667071291894885e-06,0.0037137451590045566
0.0024094035602395245,1.0,2e-05,0.1,0.0001,0.00030947876325037964,5.667071291894885e-06,0.0037137451590045566
0.0024094035602395245,1.0,2.51e-05,0.1,0.00016666666666666666,0.00030947876325037964,5.667071291894885e-06,0.006189575265007593
0.0024094035602395245,1.0,3.16e-05,0.1,0.0002666666666666667,0.00030947876325037964,5.667071291894885e-06,0.009903320424012152
0.0024094035602395245,1.0,3.98e-05,0.1,0.0003,0.00030947876325037964,5.667071291894885e-06,0.011141235477013667
0.0024094035602395245,1.0,5.01e-05,0.1,0.0005666666666666667,0.00030947876325037964,5.667071291894885e-06,0.02104455590102582
0.0024094035602395245,1.0,6.31e-05,0.1,0.0009333333333333333,0.00030947876325037964,5.667071291894885e-06,0.034661621484042525
0.0024094035602395245,1.0,7.94e-05,0.1,0.0018,0.00030947876325037964,5.667071291894885e-06,0.06684741286208201
0.0024094035602395245,1.0,0.0001,0.1,0.0026666666666666666,0.00030947876325037964,5.667071291894885e-06,0.09903320424012149
0.0024094035602395245,1.0,0.000126,0.1,0.0038666666666666667,0.00030947876325037964,5.667071291894885e-06,0.14359814614817618
0.0024094035602395245,1.0,0.000158,0.1,0.005,0.00030947876325037964,5.667071291894885e-06,0.1856872579502278
0.0024094035602395245,1.0,0.0002,0.1,0.006533333333333334,0.00030947876325037964,5.667071291894885e-06,0.24263135038829767
0.0024094035602395245,1.0,0.000251,0.1,0.007533333333333334,0.00030947876325037964,5.667071291894885e-06,0.27976880197834325
0.0024094035602395245,1.0,0.000316,0.1,0.008166666666666666,0.00030947876325037964,5.667071291894885e-06,0.3032891879853721
0.0024094035602395245,1.0,0.000398,0.1,0.0066,0.00030947876325037964,5.667071291894885e-06,0.24510718049430072
0.0024094035602395245,1.0,0.000501,0.1,0.004733333333333333,0.00030947876325037964,5.667071291894885e-06,0.17578393752621568
0.0024094035602395245,1.0,0.000631,0.1,0.0025,0.00030947876325037964,5.667071291894885e-06,0.0928436289751139
0.0024094035602395245,1.0,0.000794,0.1,0.0006666666666666666,0.00030947876325037964,5.667071291894885e-06,0.024758301060030373
0.0024094035602395245,1.0,0.001,0.1,0.0002,0.00030947876325037964,5.667071291894885e-06,0.007427490318009113
0.0024094035602395245,1.0,0.00126,0.1,3.3333333333333335e-05,0.00030947876325037964,5.667071291894885e-06,0.001237915053001519
0.0024094035602395245,1.0,0.00158,0.1,0.0,0.00030947876325037964,5.667071291894885e-06,0.0
0.0024094035602395245,1.0,0.002,0.1,0.0,0.00030947876325037964,5.667071291894885e-06,0.0
0.0024094035602395245,1.0,0.00251,0.1,0.0,0.00030947876325037964,5.667071291894885e-06,0.0
0.0024094035602395245,1.0,0.00316,0.1,0.0,0.00030947876325037964,5.667071291894885e-06,0.0
0.0024094035602395245,1.0,0.00398,0.1,0.0,0.00030947876325037964,5.667071291894885e-06,0.0
0.0024094035602395245,1.0,0.00501,0.1,0.0,0.00030947876325037964,5.667071291894885e-06,0.0
0.0024094035602395245,1.0,0.00631,0.1,0.0,0.00030947876325037964,5.667071291894885e-06,0.0
0.0025235391704347657,1.0,1e-06,0.1,0.0,0.000339493621440638,6.216693305999597e-06,0.0
0.0025235391704347657,1.0,1.26e-06,0.1,0.0,0.000339493621440638,6.216693305999597e-06,0.0
0.0025235391704347657,1.0,1.58e-06,0.1,0.0,0.000339493621440638,6.216693305999597e-06,0.0
0.0025235391704347657,1.0,2e-06,0.1,0.0,0.000339493621440638,6.216693305999597e-06,0.0
0.0025235391704347657,1.0,2.51e-06,0.1,0.0,0.000339493621440638,6.216693305999597e-06,0.0
0.0025235391704347657,1.0,3.16e-06,0.1,0.0,0.000339493621440638,6.216693305999597e-06,0.0
0.0025235391704347657,1.0,3.98e-06,0.1,0.0,0.000339493621440638,6.216693305999597e-06,0.0
0.0025235391704347657,1.0,1.58e-05,0.1,0.0001,0.000339493621440638,6.216693305999597e-06,0.004073923457287657
0.0025235391704347657,1.0,2e-05,0.1,0.0001,0.000339493621440638,6.216693305999597e-06,0.004073923457287657
0.0025235391704347657,1.0,2.51e-05,0.1,0.00016666666666666666,0.000339493621440638,6.216693305999597e-06,0.00678987242881276
0.0025235391704347657,1.0,3.16e-05,0.1,0.0002666666666666667,0.000339493621440638,6.216693305999597e-06,0.010863795886100418
0.0025235391704347657,1.0,3.98e-05,0.1,0.0003,0.000339493621440638,6.216693305999597e-06,0.012221770371862969
0.0025235391704347657,1.0,5.01e-05,0.1,0.0005666666666666667,0.000339493621440638,6.216693305999597e-06,0.02308556625796339
0.0025235391704347657,1.0,6.31e-05,0.1,0.0009333333333333333,0.000339493621440638,6.216693305999597e-06,0.03802328560135146
0.0025235391704347657,1.0,7.94e-05,0.1,0.0018,0.000339493621440638,6.216693305999597e-06,0.07333062223117781
0.0025235391704347657,1.0,0.0001,0.1,0.0026666666666666666,0.000339493621440638,6.216693305999597e-06,0.10863795886100416
0.0025235391704347657,1.0,0.000126,0.1,0.0038666666666666667,0.000339493621440638,6.216693305999597e-06,0.15752504034845605
0.0025235391704347657,1.0,0.000158,0.1,0.005,0.000339493621440638,6.216693305999597e-06,0.20369617286438282
0.0025235391704347657,1.0,0.0002,0.1,0.006533333333333334,0.000339493621440638,6.216693305999597e-06,0.26616299920946024
0.0025235391704347657,1.0,0.000251,0.1,0.007533333333333334,0.000339493621440638,6.216693305999597e-06,0.30690223378233683
0.0025235391704347657,1.0,0.000316,0.1,0.008166666666666666,0.000339493621440638,6.216693305999597e-06,0.33270374901182526
0.0025235391704347657,1.0,0.000398,0.1,0.0066,0.000339493621440638,6.216693305999597e-06,0.26887894818098534
0.0025235391704347657,1.0,0.000501,0.1,0.004733333333333333,0.000339493621440638,6.216693305999597e-06,0.1928323769782824
0.0025235391704347657,1.0,0.000631,0.1,0.0025,0.000339493621440638,6.216693305999597e-06,0.10184808643219141
0.0025235391704347657,1.0,0.000794,0.1,0.0006666666666666666,0.000339493621440638,6.216693305999597e-06,0.02715948971525104
0.0025235391704347657,1.0,0.001,0.1,0.0002,0.000339493621440638,6.216693305999597e-06,0.008147846914575313
0.0025235391704347657,1.0,0.00126,0.1,3.3333333333333335e-05,0.000339493621440638,6.216693305999597e-06,0.0013579744857625522
0.0025235391704347657,1.0,0.00158,0.1,0.0,0.000339493621440638,6.216693305999597e-06,0.0
0.0025235391704347657,1.0,0.002,0.1,0.0,0.000339493621440638,6.216693305999597e-06,0.0
0.0025235391704347657,1.0,0.00251,0.1,0.0,0.000339493621440638,6.216693305999597e-06,0.0
0.0025235391704347657,1.0,0.00316,0.1,0.0,0.000339493621440638,6.216693305999597e-06,0.0
0.0025235391704347657,1.0,0.00398,0.1,0.0,0.000339493621440638,6.216693305999597e-06,0.0
0.0025235391704347657,1.0,0.00501,0.1,0.0,0.000339493621440638,6.216693305999597e-06,0.0
0.0025235391704347657,1.0,0.00631,0.1,0.0,0.000339493621440638,6.216693305999597e-06,0.0
0.0026430814869741054,1.0,1e-06,0.1,0.0,0.00037241945665221254,6.8196201547740805e-06,0.0
0.0026430814869741054,1.0,1.26e-06,0.1,0.0,0.00037241945665221254,6.8196201547740805e-06,0.0
0.0026430814869741054,1.0,1.58e-06,0.1,0.0,0.00037241945665221254,6.8196201547740805e-06,0.0
0.0026430814869741054,1.0,2e-06,0.1,0.0,0.00037241945665221254,6.8196201547740805e-06,0.0
0.0026430814869741054,1.0,2.51e-06,0.1,0.0,0.00037241945665221254,6.8196201547740805e-06,0.0
0.0026430814869741054,1.0,3.16e-06,0.1,0.0,0.00037241945665221254,6.8196201547740805e-06,0.0
0.0026430814869741054,1.0,3.98e-06,0.1,0.0,0.00037241945665221254,6.8196201547740805e-06,0.0
0.0026430814869741054,1.0,1.58e-05,0.1,0.0001,0.00037241945665221254,6.8196201547740805e-06,0.004469033479826551
0.0026430814869741054,1.0,2e-05,0.1,0.0001,0.00037241945665221254,6.8196201547740805e-06,0.004469033479826551
0.0026430814869741054,1.0,2.51e-05,0.1,0.00016666666666666666,0.00037241945665221254,6.8196201547740805e-06,0.007448389133044252
0.0026430814869741054,1.0,3.16e-05,0.1,0.0002666666666666667,0.00037241945665221254,6.8196201547740805e-06,0.011917422612870803
0.0026430814869741054,1.0,3.98e-05,0.1,0.0003,0.00037241945665221254,6.8196201547740805e-06,0.013407100439479652
0.0026430814869741054,1.0,5.01e-05,0.1,0.0005666666666666667,0.00037241945665221254,6.8196201547740805e-06,0.02532452305235046
0.0026430814869741054,1.0,6.31e-05,0.1,0.0009333333333333333,0.00037241945665221254,6.8196201547740805e-06,0.04171097914504781
0.0026430814869741054,1.0,7.94e-05,0.1,0.0018,0.00037241945665221254,6.8196201547740805e-06,0.08044260263687791
0.0026430814869741054,1.0,0.0001,0.1,0.0026666666666666666,0.00037241945665221254,6.8196201547740805e-06,0.11917422612870804
0.0026430814869741054,1.0,0.000126,0.1,0.0038666666666666667,0.00037241945665221254,6.8196201547740805e-06,0.17280262788662665
0.0026430814869741054,1.0,0.000158,0.1,0.005,0.00037241945665221254,6.8196201547740805e-06,0.22345167399132754
0.0026430814869741054,1.0,0.0002,0.1,0.006533333333333334,0.00037241945665221254,6.8196201547740805e-06,0.2919768540153347
0.0026430814869741054,1.0,0.000251,0.1,0.007533333333333334,0.00037241945665221254,6.8196201547740805e-06,0.3366671888136002
0.0026430814869741054,1.0,0.000316,0.1,0.008166666666666666,0.00037241945665221254,6.8196201547740805e-06,0.3649710675191683
0.0026430814869741054,1.0,0.000398,0.1,0.0066,0.00037241945665221254,6.8196201547740805e-06,0.29495620966855235
0.0026430814869741054,1.0,0.000501,0.1,0.004733333333333333,0.00037241945665221254,6.8196201547740805e-06,0.21153425137845674
0.0026430814869741054,1.0,0.000631,0.1,0.0025,0.00037241945665221254,6.8196201547740805e-06,0.11172583699566377
0.0026430814869741054,1.0,0.000794,0.1,0.0006666666666666666,0.00037241945665221254,6.8196201547740805e-06,0.02979355653217701
0.0026430814869741054,1.0,0.001,0.1,0.0002,0.00037241945665221254,6.8196201547740805e-06,0.008938066959653101
0.0026430814869741054,1.0,0.00126,0.1,3.3333333333333335e-05,0.00037241945665221254,6.8196201547740805e-06,0.0014896778266088504
0.0026430814869741054,1.0,0.00158,0.1,0.0,0.00037241945665221254,6.8196201547740805e-06,0.0
0.0026430814869741054,1.0,0.002,0.1,0.0,0.00037241945665221254,6.8196201547740805e-06,0.0
0.0026430814869741054,1.0,0.00251,0.1,0.0,0.00037241945665221254,6.8196201547740805e-06,0.0
0.0026430814869741054,1.0,0.00316,0.1,0.0,0.00037241945665221254,6.8196201547740805e-06,0.0
0.0026430814869741054,1.0,0.00398,0.1,0.0,0.00037241945665221254,6.8196201547740805e-06,0.0
0.0026430814869741054,1.0,0.00501,0.1,0.0,0.00037241945665221254,6.8196201547740805e-06,0.0
0.0026430814869741054,1.0,0.00631,0.1,0.0,0.00037241945665221254,6.8196201547740805e-06,0.0
0.0027682866303920667,1.0,1e-06,0.1,0.0,0.000408538584596281,7.4810215088130565e-06,0.0
0.0027682866303920667,1.0,1.26e-06,0.1,0.0,0.000408538584596281,7.4810215088130565e-06,0.0
0.0027682866303920667,1.0,1.58e-06,0.1,0.0,0.000408538584596281,7.4810215088130565e-06,0.0
0.0027682866303920667,1.0,2e-06,0.1,0.0,0.000408538584596281,7.4810215088130565e-06,0.0
0.0027682866303920667,1.0,2.51e-06,0.1,0.0,0.000408538584596281,7.4810215088130565e-06,0.0
0.0027682866303920667,1.0,3.16e-06,0.1,0.0,0.000408538584596281,7.4810215088130565e-06,0.0
0.0027682866303920667,1.0,3.98e-06,0.1,0.0,0.000408538584596281,7.4810215088130565e-06,0.0
0.0027682866303920667,1.0,1.58e-05,0.1,0.0001,0.000408538584596281,7.4810215088130565e-06,0.004902463015155373
0.0027682866303920667,1.0,2e-05,0.1,0.0001,0.000408538584596281,7.4810215088130565e-06,0.004902463015155373
0.0027682866303920667,1.0,2.51e-05,0.1,0.00016666666666666666,0.000408538584596281,7.4810215088130565e-06,0.00817077169192562
0.0027682866303920667,1.0,3.16e-05,0.1,0.0002666666666666667,0.000408538584596281,7.4810215088130565e-06,0.013073234707080992
0.0027682866303920667,1.0,3.98e-05,0.1,0.0003,0.000408538584596281,7.4810215088130565e-06,0.014707389045466117
0.0027682866303920667,1.0,5.01e-05,0.1,0.0005666666666666667,0.000408538584596281,7.4810215088130565e-06,0.027780623752547112
0.0027682866303920667,1.0,6.31e-05,0.1,0.0009333333333333333,0.000408538584596281,7.4810215088130565e-06,0.04575632147478348
0.0027682866303920667,1.0,7.94e-05,0.1,0.0018,0.000408538584596281,7.4810215088130565e-06,0.08824433427279671
0.0027682866303920667,1.0,0.0001,0.1,0.0026666666666666666,0.000408538584596281,7.4810215088130565e-06,0.1307323470708099
0.0027682866303920667,1.0,0.000126,0.1,0.0038666666666666667,0.000408538584596281,7.4810215088130565e-06,0.1895619032526744
0.0027682866303920667,1.0,0.000158,0.1,0.005,0.000408538584596281,7.4810215088130565e-06,0.2451231507577686
0.0027682866303920667,1.0,0.0002,0.1,0.006533333333333334,0.000408538584596281,7.4810215088130565e-06,0.32029425032348435
0.0027682866303920667,1.0,0.000251,0.1,0.007533333333333334,0.000408538584596281,7.4810215088130565e-06,0.369318880475038
0.0027682866303920667,1.0,0.000316,0.1,0.008166666666666666,0.000408538584596281,7.4810215088130565e-06,0.40036781290435536
0.0027682866303920667,1.0,0.000398,0.1,0.0066,0.000408538584596281,7.4810215088130565e-06,0.3235625590002546
0.0027682866303920667,1.0,0.000501,0.1,0.004733333333333333,0.000408538584596281,7.4810215088130565e-06,0.23204991605068762
0.0027682866303920667,1.0,0.000631,0.1,0.0025,0.000408538584596281,7.4810215088130565e-06,0.1225615753788843
0.0027682866303920667,1.0,0.000794,0.1,0.0006666666666666666,0.000408538584596281,7.4810215088130565e-06,0.03268308676770248
0.0027682866303920667,1.0,0.001,0.1,0.0002,0.000408538584596281,7.4810215088130565e-06,0.009804926030310745
0.0027682866303920667,1.0,0.00126,0.1,3.3333333333333335e-05,0.000408538584596281,7.4810215088130565e-06,0.001634154338385124
0.0027682866303920667,1.0,0.00158,0.1,0.0,0.000408538584596281,7.4810215088130565e-06,0.0
0.0027682866303920667,1.0,0.002,0.1,0.0,0.000408538584596281,7.4810215088130565e-06,0.0
0.0027682866303920667,1.0,0.00251,0.1,0.0,0.000408538584596281,7.4810215088130565e-06,0.0
0.0027682866303920667,1.0,0.00316,0.1,0.0,0.000408538584596281,7.4810215088130565e-06,0.0
0.0027682866303920667,1.0,0.00398,0.1,0.0,0.000408538584596281,7.4810215088130565e-06,0.0
0.0027682866303920667,1.0,0.00501,0.1,0.0,0.000408538584596281,7.4810215088130565e-06,0.0
0.0027682866303920667,1.0,0.00631,0.1,0.0,0.000408538584596281,7.4810215088130565e-06,0.0
0.002899422853882875,1.0,1e-06,0.1,0.0,0.0004481607000289069,8.206568394596354e-06,0.0
0.002899422853882875,1.0,1.26e-06,0.1,0.0,0.0004481607000289069,8.206568394596354e-06,0.0
0.002899422853882875,1.0,1.58e-06,0.1,0.0,0.0004481607000289069,8.206568394596354e-06,0.0
0.002899422853882875,1.0,2e-06,0.1,0.0,0.0004481607000289069,8.206568394596354e-06,0.0
0.002899422853882875,1.0,2.51e-06,0.1,0.0,0.0004481607000289069,8.206568394596354e-06,0.0
0.002899422853882875,1.0,3.16e-06,0.1,0.0,0.0004481607000289069,8.206568394596354e-06,0.0
0.002899422853882875,1.0,3.98e-06,0.1,0.0,0.0004481607000289069,8.206568394596354e-06,0.0
0.002899422853882875,1.0,1.58e-05,0.1,0.0001,0.0004481607000289069,8.206568394596354e-06,0.005377928400346884
0.002899422853882875,1.0,2e-05,0.1,0.0001,0.0004481607000289069,8.206568394596354e-06,0.005377928400346884
0.002899422853882875,1.0,2.51e-05,0.1,0.00016666666666666666,0.0004481607000289069,8.206568394596354e-06,0.008963214000578139
0.002899422853882875,1.0,3.16e-05,0.1,0.0002666666666666667,0.0004481607000289069,8.206568394596354e-06,0.014341142400925024
0.002899422853882875,1.0,3.98e-05,0.1,0.0003,0.0004481607000289069,8.206568394596354e-06,0.01613378520104065
0.002899422853882875,1.0,5.01e-05,0.1,0.0005666666666666667,0.0004481607000289069,8.206568394596354e-06,0.030474927601965674
0.002899422853882875,1.0,6.31e-05,0.1,0.0009333333333333333,0.0004481607000289069,8.206568394596354e-06,0.05019399840323757
0.002899422853882875,1.0,7.94e-05,0.1,0.0018,0.0004481607000289069,8.206568394596354e-06,0.0968027112062439
0.002899422853882875,1.0,0.0001,0.1,0.0026666666666666666,0.0004481607000289069,8.206568394596354e-06,0.14341142400925022
0.002899422853882875,1.0,0.000126,0.1,0.0038666666666666667,0.0004481607000289069,8.206568394596354e-06,0.2079465648134128
0.002899422853882875,1.0,0.000158,0.1,0.005,0.0004481607000289069,8.206568394596354e-06,0.2688964200173442
0.002899422853882875,1.0,0.0002,0.1,0.006533333333333334,0.0004481607000289069,8.206568394596354e-06,0.35135798882266306
0.002899422853882875,1.0,0.000251,0.1,0.007533333333333334,0.0004481607000289069,8.206568394596354e-06,0.4051372728261319
0.002899422853882875,1.0,0.000316,0.1,0.008166666666666666,0.0004481607000289069,8.206568394596354e-06,0.43919748602832875
0.002899422853882875,1.0,0.000398,0.1,0.0066,0.0004481607000289069,8.206568394596354e-06,0.3549432744228943
0.002899422853882875,1.0,0.000501,0.1,0.004733333333333333,0.0004481607000289069,8.206568394596354e-06,0.25455527761641916
0.002899422853882875,1.0,0.000631,0.1,0.0025,0.0004481607000289069,8.206568394596354e-06,0.1344482100086721
0.002899422853882875,1.0,0.000794,0.1,0.0006666666666666666,0.0004481607000289069,8.206568394596354e-06,0.035852856002312555
0.002899422853882875,1.0,0.001,0.1,0.0002,0.0004481607000289069,8.206568394596354e-06,0.010755856800693768
0.002899422853882875,1.0,0.00126,0.1,3.3333333333333335e-05,0.0004481607000289069,8.206568394596354e-06,0.001792642800115628
0.002899422853882875,1.0,0.00158,0.1,0.0,0.0004481607000289069,8.206568394596354e-06,0.0
0.002899422853882875,1.0,0.002,0.1,0.0,0.0004481607000289069,8.206568394596354e-06,0.0
0.002899422853882875,1.0,0.00251,0.1,0.0,0.0004481607000289069,8.206568394596354e-06,0.0
0.002899422853882875,1.0,0.00316,0.1,0.0,0.0004481607000289069,8.206568394596354e-06,0.0
0.002899422853882875,1.0,0.00398,0.1,0.0,0.0004481607000289069,8.206568394596354e-06,0.0
0.002899422853882875,1.0,0.00501,0.1,0.0,0.0004481607000289069,8.206568394596354e-06,0.0
0.002899422853882875,1.0,0.00631,0.1,0.0,0.0004481607000289069,8.206568394596354e-06,0.0
0.0030367711180354575,1.0,1e-06,0.1,0.0,0.0004916255318103397,9.002481813044126e-06,0.0
0.0030367711180354575,1.0,1.26e-06,0.1,0.0,0.0004916255318103397,9.002481813044126e-06,0.0
0.0030367711180354575,1.0,1.58e-06,0.1,0.0,0.0004916255318103397,9.002481813044126e-06,0.0
0.0030367711180354575,1.0,2e-06,0.1,0.0,0.0004916255318103397,9.002481813044126e-06,0.0
0.0030367711180354575,1.0,2.51e-06,0.1,0.0,0.0004916255318103397,9.002481813044126e-06,0.0
0.0030367711180354575,1.0,3.16e-06,0.1,0.0,0.0004916255318103397,9.002481813044126e-06,0.0
0.0030367711180354575,1.0,3.98e-06,0.1,0.0,0.0004916255318103397,9.002481813044126e-06,0.0
0.0030367711180354575,1.0,1.58e-05,0.1,0.0001,0.0004916255318103397,9.002481813044126e-06,0.0058995063817240765
0.0030367711180354575,1.0,2e-05,0.1,0.0001,0.0004916255318103397,9.002481813044126e-06,0.0058995063817240765
0.0030367711180354575,1.0,2.51e-05,0.1,0.00016666666666666666,0.0004916255318103397,9.002481813044126e-06,0.009832510636206793
0.0030367711180354575,1.0,3.16e-05,0.1,0.0002666666666666667,0.0004916255318103397,9.002481813044126e-06,0.01573201701793087
0.0030367711180354575,1.0,3.98e-05,0.1,0.0003,0.0004916255318103397,9.002481813044126e-06,0.017698519145172228
0.0030367711180354575,1.0,5.01e-05,0.1,0.0005666666666666667,0.0004916255318103397,9.002481813044126e-06,0.0334305361631031
0.0030367711180354575,1.0,6.31e-05,0.1,0.0009333333333333333,0.0004916255318103397,9.002481813044126e-06,0.05506205956275804
0.0030367711180354575,1.0,7.94e-05,0.1,0.0018,0.0004916255318103397,9.002481813044126e-06,0.10619111487103337
0.0030367711180354575,1.0,0.0001,0.1,0.0026666666666666666,0.0004916255318103397,9.002481813044126e-06,0.1573201701793087
0.0030367711180354575,1.0,0.000126,0.1,0.0038666666666666667,0.0004916255318103397,9.002481813044126e-06,0.2281142467599976
0.0030367711180354575,1.0,0.000158,0.1,0.005,0.0004916255318103397,9.002481813044126e-06,0.29497531908620384
0.0030367711180354575,1.0,0.0002,0.1,0.006533333333333334,0.0004916255318103397,9.002481813044126e-06,0.38543441693930636
0.0030367711180354575,1.0,0.000251,0.1,0.007533333333333334,0.0004916255318103397,9.002481813044126e-06,0.4444294807565471
0.0030367711180354575,1.0,0.000316,0.1,0.008166666666666666,0.0004916255318103397,9.002481813044126e-06,0.4817930211741328
0.0030367711180354575,1.0,0.000398,0.1,0.0066,0.0004916255318103397,9.002481813044126e-06,0.38936742119378903
0.0030367711180354575,1.0,0.000501,0.1,0.004733333333333333,0.0004916255318103397,9.002481813044126e-06,0.2792433020682729
0.0030367711180354575,1.0,0.000631,0.1,0.0025,0.0004916255318103397,9.002481813044126e-06,0.14748765954310192
0.0030367711180354575,1.0,0.000794,0.1,0.0006666666666666666,0.0004916255318103397,9.002481813044126e-06,0.03933004254482717
0.0030367711180354575,1.0,0.001,0.1,0.0002,0.0004916255318103397,9.002481813044126e-06,0.011799012763448153
0.0030367711180354575,1.0,0.00126,0.1,3.3333333333333335e-05,0.0004916255318103397,9.002481813044126e-06,0.0019665021272413587
0.0030367711180354575,1.0,0.00158,0.1,0.0,0.0004916255318103397,9.002481813044126e-06,0.0
0.0030367711180354575,1.0,0.002,0.1,0.0,0.0004916255318103397,9.002481813044126e-06,0.0
0.0030367711180354575,1.0,0.00251,0.1,0.0,0.0004916255318103397,9.002481813044126e-06,0.0
0.0030367711180354575,1.0,0.00316,0.1,0.0,0.0004916255318103397,9.002481813044126e-06,0.0
0.0030367711180354575,1.0,0.00398,0.1,0.0,0.0004916255318103397,9.002481813044126e-06,0.0
0.0030367711180354575,1.0,0.00501,0.1,0.0,0.0004916255318103397,9.002481813044126e-06,0.0
0.0030367711180354575,1.0,0.00631,0.1,0.0,0.0004916255318103397,9.002481813044126e-06,0.0
0.0031806256927941192,1.0,1e-06,0.1,0.0,0.000539305755402431,9.875586072192475e-06,0.0
0.0031806256927941192,1.0,1.26e-06,0.1,0.0,0.000539305755402431,9.875586072192475e-06,0.0
0.0031806256927941192,1.0,1.58e-06,0.1,0.0,0.000539305755402431,9.875586072192475e-06,0.0
0.0031806256927941192,1.0,2e-06,0.1,0.0,0.000539305755402431,9.875586072192475e-06,0.0
0.0031806256927941192,1.0,2.51e-06,0.1,0.0,0.000539305755402431,9.875586072192475e-06,0.0
0.0031806256927941192,1.0,3.16e-06,0.1,0.0,0.000539305755402431,9.875586072192475e-06,0.0
0.0031806256927941192,1.0,3.98e-06,0.1,0.0,0.000539305755402431,9.875586072192475e-06,0.0
0.0031806256927941192,1.0,1.58e-05,0.1,0.0001,0.000539305755402431,9.875586072192475e-06,0.0064716690648291735
0.0031806256927941192,1.0,2e-05,0.1,0.0001,0.000539305755402431,9.875586072192475e-06,0.0064716690648291735
0.0031806256927941192,1.0,2.51e-05,0.1,0.00016666666666666666,0.000539305755402431,9.875586072192475e-06,0.010786115108048623
0.0031806256927941192,1.0,3.16e-05,0.1,0.0002666666666666667,0.000539305755402431,9.875586072192475e-06,0.017257784172877797
0.0031806256927941192,1.0,3.98e-05,0.1,0.0003,0.000539305755402431,9.875586072192475e-06,0.019415007194487518
0.0031806256927941192,1.0,5.01e-05,0.1,0.0005666666666666667,0.000539305755402431,9.875586072192475e-06,0.036672791367365315
0.0031806256927941192,1.0,6.31e-05,0.1,0.0009333333333333333,0.000539305755402431,9.875586072192475e-06,0.06040224460507228
0.0031806256927941192,1.0,7.94e-05,0.1,0.0018,0.000539305755402431,9.875586072192475e-06,0.11649004316692511
0.0031806256927941192,1.0,0.0001,0.1,0.0026666666666666666,0.000539305755402431,9.875586072192475e-06,0.17257784172877796
0.0031806256927941192,1.0,0.000126,0.1,0.0038666666666666667,0.000539305755402431,9.875586072192475e-06,0.250237870506728
0.0031806256927941192,1.0,0.000158,0.1,0.005,0.000539305755402431,9.875586072192475e-06,0.32358345324145865
0.0031806256927941192,1.0,0.0002,0.1,0.006533333333333334,0.000539305755402431,9.875586072192475e-06,0.422815712235506
0.0031806256927941192,1.0,0.000251,0.1,0.007533333333333334,0.000539305755402431,9.875586072192475e-06,0.48753240288379773
0.0031806256927941192,1.0,0.000316,0.1,0.008166666666666666,0.000539305755402431,9.875586072192475e-06,0.5285196402943825
0.0031806256927941192,1.0,0.000398,0.1,0.0066,0.000539305755402431,9.875586072192475e-06,0.42713015827872547
0.0031806256927941192,1.0,0.000501,0.1,0.004733333333333333,0.000539305755402431,9.875586072192475e-06,0.3063256690685809
0.0031806256927941192,1.0,0.000631,0.1,0.0025,0.000539305755402431,9.875586072192475e-06,0.16179172662072933
0.0031806256927941192,1.0,0.000794,0.1,0.0006666666666666666,0.000539305755402431,9.875586072192475e-06,0.04314446043219449
0.0031806256927941192,1.0,0.001,0.1,0.0002,0.000539305755402431,9.875586072192475e-06,0.012943338129658347
0.0031806256927941192,1.0,0.00126,0.1,3.3333333333333335e-05,0.000539305755402431,9.875586072192475e-06,0.0021572230216097246
0.0031806256927941192,1.0,0.00158,0.1,0.0,0.000539305755402431,9.875586072192475e-06,0.0
0.0031806256927941192,1.0,0.002,0.1,0.0,0.000539305755402431,9.875586072192475e-06,0.0
0.0031806256927941192,1.0,0.00251,0.1,0.0,0.000539305755402431,9.875586072192475e-06,0.0
0.0031806256927941192,1.0,0.00316,0.1,0.0,0.000539305755402431,9.875586072192475e-06,0.0
0.0031806256927941192,1.0,0.00398,0.1,0.0,0.000539305755402431,9.875586072192475e-06,0.0
0.0031806256927941192,1.0,0.00501,0.1,0.0,0.000539305755402431,9.875586072192475e-06,0.0
0.0031806256927941192,1.0,0.00631,0.1,0.0,0.000539305755402431,9.875586072192475e-06,0.0
0.0033312947879346735,1.0,1e-06,0.1,0.0,0.0005916101877588253,1.0833367290950839e-05,0.0
0.0033312947879346735,1.0,1.26e-06,0.1,0.0,0.0005916101877588253,1.0833367290950839e-05,0.0
0.0033312947879346735,1.0,1.58e-06,0.1,0.0,0.0005916101877588253,1.0833367290950839e-05,0.0
0.0033312947879346735,1.0,2e-06,0.1,0.0,0.0005916101877588253,1.0833367290950839e-05,0.0
0.0033312947879346735,1.0,2.51e-06,0.1,0.0,0.0005916101877588253,1.0833367290950839e-05,0.0
0.0033312947879346735,1.0,3.16e-06,0.1,0.0,0.0005916101877588253,1.0833367290950839e-05,0.0
0.0033312947879346735,1.0,3.98e-06,0.1,0.0,0.0005916101877588253,1.0833367290950839e-05,0.0
0.0033312947879346735,1.0,1.58e-05,0.1,0.0001,0.0005916101877588253,1.0833367290950839e-05,0.007099322253105904
0.0033312947879346735,1.0,2e-05,0.1,0.0001,0.0005916101877588253,1.0833367290950839e-05,0.007099322253105904
0.0033312947879346735,1.0,2.51e-05,0.1,0.00016666666666666666,0.0005916101877588253,1.0833367290950839e-05,0.011832203755176508
0.0033312947879346735,1.0,3.16e-05,0.1,0.0002666666666666667,0.0005916101877588253,1.0833367290950839e-05,0.018931526008282414
0.0033312947879346735,1.0,3.98e-05,0.1,0.0003,0.0005916101877588253,1.0833367290950839e-05,0.02129796675931771
0.0033312947879346735,1.0,5.01e-05,0.1,0.0005666666666666667,0.0005916101877588253,1.0833367290950839e-05,0.04022949276760013
0.0033312947879346735,1.0,6.31e-05,0.1,0.0009333333333333333,0.0005916101877588253,1.0833367290950839e-05,0.06626034102898844
0.0033312947879346735,1.0,7.94e-05,0.1,0.0018,0.0005916101877588253,1.0833367290950839e-05,0.12778780055590627
0.0033312947879346735,1.0,0.0001,0.1,0.0026666666666666666,0.0005916101877588253,1.0833367290950839e-05,0.18931526008282412
0.0033312947879346735,1.0,0.000126,0.1,0.0038666666666666667,0.0005916101877588253,1.0833367290950839e-05,0.27450712712009495
0.0033312947879346735,1.0,0.000158,0.1,0.005,0.0005916101877588253,1.0833367290950839e-05,0.3549661126552952
0.0033312947879346735,1.0,0.0002,0.1,0.006533333333333334,0.0005916101877588253,1.0833367290950839e-05,0.46382238720291913
0.0033312947879346735,1.0,0.000251,0.1,0.007533333333333334,0.0005916101877588253,1.0833367290950839e-05,0.5348156097339781
0.0033312947879346735,1.0,0.000316,0.1,0.008166666666666666,0.0005916101877588253,1.0833367290950839e-05,0.5797779840036488
0.0033312947879346735,1.0,0.000398,0.1,0.0066,0.0005916101877588253,1.0833367290950839e-05,0.46855526870498965
0.0033312947879346735,1.0,0.000501,0.1,0.004733333333333333,0.0005916101877588253,1.0833367290950839e-05,0.3360345866470128
0.0033312947879346735,1.0,0.000631,0.1,0.0025,0.0005916101877588253,1.0833367290950839e-05,0.1774830563276476
0.0033312947879346735,1.0,0.000794,0.1,0.0006666666666666666,0.0005916101877588253,1.0833367290950839e-05,0.04732881502070603
0.0033312947879346735,1.0,0.001,0.1,0.0002,0.0005916101877588253,1.0833367290950839e-05,0.014198644506211808
0.0033312947879346735,1.0,0.00126,0.1,3.3333333333333335e-05,0.0005916101877588253,1.0833367290950839e-05,0.0023664407510353017
0.0033312947879346735,1.0,0.00158,0.1,0.0,0.0005916101877588253,1.0833367290950839e-05,0.0
0.0033312947879346735,1.0,0.002,0.1,0.0,0.0005916101877588253,1.0833367290950839e-05,0.0
0.0033312947879346735,1.0,0.00251,0.1,0.0,0.0005916101877588253,1.0833367290950839e-05,0.0
0.0033312947879346735,1.0,0.00316,0.1,0.0,0.0005916101877588253,1.0833367290950839e-05,0.0
0.0033312947879346735,1.0,0.00398,0.1,0.0,0.0005916101877588253,1.0833367290950839e-05,0.0
0.0033312947879346735,1.0,0.00501,0.1,0.0,0.0005916101877588253,1.0833367290950839e-05,0.0
0.0033312947879346735,1.0,0.00631,0.1,0.0,0.0005916101877588253,1.0833367290950839e-05,0.0
0.0034891012134067737,1.0,1e-06,0.1,0.0,0.0006489872919801121,1.1884037575171436e-05,0.0
0.0034891012134067737,1.0,1.26e-06,0.1,0.0,0.0006489872919801121,1.1884037575171436e-05,0.0
0.0034891012134067737,1.0,1.58e-06,0.1,0.0,0.0006489872919801121,1.1884037575171436e-05,0.0
0.0034891012134067737,1.0,2e-06,0.1,0.0,0.0006489872919801121,1.1884037575171436e-05,0.0
0.0034891012134067737,1.0,2.51e-06,0.1,0.0,0.0006489872919801121,1.1884037575171436e-05,0.0
0.0034891012134067737,1.0,3.16e-06,0.1,0.0,0.0006489872919801121,1.1884037575171436e-05,0.0
0.0034891012134067737,1.0,3.98e-06,0.1,0.0,0.0006489872919801121,1.1884037575171436e-05,0.0
0.0034891012134067737,1.0,1.58e-05,0.1,0.0001,0.0006489872919801121,1.1884037575171436e-05,0.007787847503761346
0.0034891012134067737,1.0,2e-05,0.1,0.0001,0.0006489872919801121,1.1884037575171436e-05,0.007787847503761346
0.0034891012134067737,1.0,2.51e-05,0.1,0.00016666666666666666,0.0006489872919801121,1.1884037575171436e-05,0.012979745839602243
0.0034891012134067737,1.0,3.16e-05,0.1,0.0002666666666666667,0.0006489872919801121,1.1884037575171436e-05,0.02076759334336359
0.0034891012134067737,1.0,3.98e-05,0.1,0.0003,0.0006489872919801121,1.1884037575171436e-05,0.023363542511284034
0.0034891012134067737,1.0,5.01e-05,0.1,0.0005666666666666667,0.0006489872919801121,1.1884037575171436e-05,0.044131135854647625
0.0034891012134067737,1.0,6.31e-05,0.1,0.0009333333333333333,0.0006489872919801121,1.1884037575171436e-05,0.07268657670177256
0.0034891012134067737,1.0,7.94e-05,0.1,0.0018,0.0006489872919801121,1.1884037575171436e-05,0.1401812550677042
0.0034891012134067737,1.0,0.0001,0.1,0.0026666666666666666,0.0006489872919801121,1.1884037575171436e-05,0.20767593343363588
0.0034891012134067737,1.0,0.000126,0.1,0.0038666666666666667,0.0006489872919801121,1.1884037575171436e-05,0.30113010347877206
0.0034891012134067737,1.0,0.000158,0.1,0.005,0.0006489872919801121,1.1884037575171436e-05,0.3893923751880673
0.0034891012134067737,1.0,0.0002,0.1,0.006533333333333334,0.0006489872919801121,1.1884037575171436e-05,0.508806036912408
0.0034891012134067737,1.0,0.000251,0.1,0.007533333333333334,0.0006489872919801121,1.1884037575171436e-05,0.5866845119500214
0.0034891012134067737,1.0,0.000316,0.1,0.008166666666666666,0.0006489872919801121,1.1884037575171436e-05,0.6360075461405099
0.0034891012134067737,1.0,0.000398,0.1,0.0066,0.0006489872919801121,1.1884037575171436e-05,0.5139979352482488
0.0034891012134067737,1.0,0.000501,0.1,0.004733333333333333,0.0006489872919801121,1.1884037575171436e-05,0.3686247818447037
0.0034891012134067737,1.0,0.000631,0.1,0.0025,0.0006489872919801121,1.1884037575171436e-05,0.19469618759403365
0.0034891012134067737,1.0,0.000794,0.1,0.0006666666666666666,0.0006489872919801121,1.1884037575171436e-05,0.05191898335840897
0.0034891012134067737,1.0,0.001,0.1,0.0002,0.0006489872919801121,1.1884037575171436e-05,0.015575695007522691
0.0034891012134067737,1.0,0.00126,0.1,3.3333333333333335e-05,0.0006489872919801121,1.1884037575171436e-05,0.0025959491679204486
0.0034891012134067737,1.0,0.00158,0.1,0.0,0.0006489872919801121,1.1884037575171436e-05,0.0
0.0034891012134067737,1.0,0.002,0.1,0.0,0.0006489872919801121,1.1884037575171436e-05,0.0
0.0034891012134067737,1.0,0.00251,0.1,0.0,0.0006489872919801121,1.1884037575171436e-05,0.0
0.0034891012134067737,1.0,0.00316,0.1,0.0,0.0006489872919801121,1.1884037575171436e-05,0.0
0.0034891012134067737,1.0,0.00398,0.1,0.0,0.0006489872919801121,1.1884037575171436e-05,0.0
0.0034891012134067737,1.0,0.00501,0.1,0.0,0.0006489872919801121,1.1884037575171436e-05,0.0
0.0034891012134067737,1.0,0.00631,0.1,0.0,0.0006489872919801121,1.1884037575171436e-05,0.0
0.0036543830709572546,1.0,1e-06,0.1,0.0,0.000711929021757627,1.3036605415814447e-05,0.0
0.0036543830709572546,1.0,1.26e-06,0.1,0.0,0.000711929021757627,1.3036605415814447e-05,0.0
0.0036543830709572546,1.0,1.58e-06,0.1,0.0,0.000711929021757627,1.3036605415814447e-05,0.0
0.0036543830709572546,1.0,2e-06,0.1,0.0,0.000711929021757627,1.3036605415814447e-05,0.0
0.0036543830709572546,1.0,2.51e-06,0.1,0.0,0.000711929021757627,1.3036605415814447e-05,0.0
0.0036543830709572546,1.0,3.16e-06,0.1,0.0,0.000711929021757627,1.3036605415814447e-05,0.0
0.0036543830709572546,1.0,3.98e-06,0.1,0.0,0.000711929021757627,1.3036605415814447e-05,0.0
0.0036543830709572546,1.0,1.58e-05,0.1,0.0001,0.000711929021757627,1.3036605415814447e-05,0.008543148261091526
0.0036543830709572546,1.0,2e-05,0.1,0.0001,0.000711929021757627,1.3036605415814447e-05,0.008543148261091526
0.0036543830709572546,1.0,2.51e-05,0.1,0.00016666666666666666,0.000711929021757627,1.3036605415814447e-05,0.01423858043515254
0.0036543830709572546,1.0,3.16e-05,0.1,0.0002666666666666667,0.000711929021757627,1.3036605415814447e-05,0.022781728696244067
0.0036543830709572546,1.0,3.98e-05,0.1,0.0003,0.000711929021757627,1.3036605415814447e-05,0.025629444783274575
0.0036543830709572546,1.0,5.01e-05,0.1,0.0005666666666666667,0.000711929021757627,1.3036605415814447e-05,0.04841117347951865
0.0036543830709572546,1.0,6.31e-05,0.1,0.0009333333333333333,0.000711929021757627,1.3036605415814447e-05,0.07973605043685424
0.0036543830709572546,1.0,7.94e-05,0.1,0.0018,0.000711929021757627,1.3036605415814447e-05,0.15377666869964746
0.0036543830709572546,1.0,0.0001,0.1,0.0026666666666666666,0.000711929021757627,1.3036605415814447e-05,0.22781728696244063
0.0036543830709572546,1.0,0.000126,0.1,0.0038666666666666667,0.000711929021757627,1.3036605415814447e-05,0.330335066095539
0.0036543830709572546,1.0,0.000158,0.1,0.005,0.000711929021757627,1.3036605415814447e-05,0.42715741305457633
0.0036543830709572546,1.0,0.0002,0.1,0.006533333333333334,0.000711929021757627,1.3036605415814447e-05,0.5581523530579797
0.0036543830709572546,1.0,0.000251,0.1,0.007533333333333334,0.000711929021757627,1.3036605415814447e-05,0.643583835668895
0.0036543830709572546,1.0,0.000316,0.1,0.008166666666666666,0.000711929021757627,1.3036605415814447e-05,0.6976904413224745
0.0036543830709572546,1.0,0.000398,0.1,0.0066,0.000711929021757627,1.3036605415814447e-05,0.5638477852320406
0.0036543830709572546,1.0,0.000501,0.1,0.004733333333333333,0.000711929021757627,1.3036605415814447e-05,0.40437568435833215
0.0036543830709572546,1.0,0.000631,0.1,0.0025,0.000711929021757627,1.3036605415814447e-05,0.21357870652728816
0.0036543830709572546,1.0,0.000794,0.1,0.0006666666666666666,0.000711929021757627,1.3036605415814447e-05,0.05695432174061016
0.0036543830709572546,1.0,0.001,0.1,0.0002,0.000711929021757627,1.3036605415814447e-05,0.01708629652218305
0.0036543830709572546,1.0,0.00126,0.1,3.3333333333333335e-05,0.000711929021757627,1.3036605415814447e-05,0.0028477160870305084
0.0036543830709572546,1.0,0.00158,0.1,0.0,0.000711929021757627,1.3036605415814447e-05,0.0
0.0036543830709572546,1.0,0.002,0.1,0.0,0.000711929021757627,1.3036605415814447e-05,0.0
0.0036543830709572546,1.0,0.00251,0.1,0.0,0.000711929021757627,1.3036605415814447e-05,0.0
0.0036543830709572546,1.0,0.00316,0.1,0.0,0.000711929021757627,1.3036605415814447e-05,0.0
0.0036543830709572546,1.0,0.00398,0.1,0.0,0.000711929021757627,1.3036605415814447e-05,0.0
0.0036543830709572546,1.0,0.00501,0.1,0.0,0.000711929021757627,1.3036605415814447e-05,0.0
0.0036543830709572546,1.0,0.00631,0.1,0.0,0.000711929021757627,1.3036605415814447e-05,0.0
0.003827494478516311,1.0,1e-06,0.1,0.0,0.0007809750385375787,1.4300952912242788e-05,0.0
0.003827494478516311,1.0,1.26e-06,0.1,0.0,0.0007809750385375787,1.4300952912242788e-05,0.0
0.003827494478516311,1.0,1.58e-06,0.1,0.0,0.0007809750385375787,1.4300952912242788e-05,0.0
0.003827494478516311,1.0,2e-06,0.1,0.0,0.0007809750385375787,1.4300952912242788e-05,0.0
0.003827494478516311,1.0,2.51e-06,0.1,0.0,0.0007809750385375787,1.4300952912242788e-05,0.0
0.003827494478516311,1.0,3.16e-06,0.1,0.0,0.0007809750385375787,1.4300952912242788e-05,0.0
0.003827494478516311,1.0,3.98e-06,0.1,0.0,0.0007809750385375787,1.4300952912242788e-05,0.0
0.003827494478516311,1.0,1.58e-05,0.1,0.0001,0.0007809750385375787,1.4300952912242788e-05,0.009371700462450946
0.003827494478516311,1.0,2e-05,0.1,0.0001,0.0007809750385375787,1.4300952912242788e-05,0.009371700462450946
0.003827494478516311,1.0,2.51e-05,0.1,0.00016666666666666666,0.0007809750385375787,1.4300952912242788e-05,0.015619500770751575
0.003827494478516311,1.0,3.16e-05,0.1,0.0002666666666666667,0.0007809750385375787,1.4300952912242788e-05,0.02499120123320252
0.003827494478516311,1.0,3.98e-05,0.1,0.0003,0.0007809750385375787,1.4300952912242788e-05,0.028115101387352834
0.003827494478516311,1.0,5.01e-05,0.1,0.0005666666666666667,0.0007809750385375787,1.4300952912242788e-05,0.05310630262055536
0.003827494478516311,1.0,6.31e-05,0.1,0.0009333333333333333,0.0007809750385375787,1.4300952912242788e-05,0.08746920431620882
0.003827494478516311,1.0,7.94e-05,0.1,0.0018,0.0007809750385375787,1.4300952912242788e-05,0.168690608324117
0.003827494478516311,1.0,0.0001,0.1,0.0026666666666666666,0.0007809750385375787,1.4300952912242788e-05,0.2499120123320252
0.003827494478516311,1.0,0.000126,0.1,0.0038666666666666667,0.0007809750385375787,1.4300952912242788e-05,0.36237241788143654
0.003827494478516311,1.0,0.000158,0.1,0.005,0.0007809750385375787,1.4300952912242788e-05,0.46858502312254724
0.003827494478516311,1.0,0.0002,0.1,0.006533333333333334,0.0007809750385375787,1.4300952912242788e-05,0.6122844302134618
0.003827494478516311,1.0,0.000251,0.1,0.007533333333333334,0.0007809750385375787,1.4300952912242788e-05,0.7060014348379712
0.003827494478516311,1.0,0.000316,0.1,0.008166666666666666,0.0007809750385375787,1.4300952912242788e-05,0.7653555377668271
0.003827494478516311,1.0,0.000398,0.1,0.0066,0.0007809750385375787,1.4300952912242788e-05,0.6185322305217623
0.003827494478516311,1.0,0.000501,0.1,0.004733333333333333,0.0007809750385375787,1.4300952912242788e-05,0.4435938218893447
0.003827494478516311,1.0,0.000631,0.1,0.0025,0.0007809750385375787,1.4300952912242788e-05,0.23429251156127362
0.003827494478516311,1.0,0.000794,0.1,0.0006666666666666666,0.0007809750385375787,1.4300952912242788e-05,0.0624780030830063
0.003827494478516311,1.0,0.001,0.1,0.0002,0.0007809750385375787,1.4300952912242788e-05,0.01874340092490189
0.003827494478516311,1.0,0.00126,0.1,3.3333333333333335e-05,0.0007809750385375787,1.4300952912242788e-05,0.003123900154150315
0.003827494478516311,1.0,0.00158,0.1,0.0,0.0007809750385375787,1.4300952912242788e-05,0.0
0.003827494478516311,1.0,0.002,0.1,0.0,0.0007809750385375787,1.4300952912242788e-05,0.0
0.003827494478516311,1.0,0.00251,0.1,0.0,0.0007809750385375787,1.4300952912242788e-05,0.0
0.003827494478516311,1.0,0.00316,0.1,0.0,0.0007809750385375787,1.4300952912242788e-05,0.0
0.003827494478516311,1.0,0.00398,0.1,0.0,0.0007809750385375787,1.4300952912242788e-05,0.0
0.003827494478516311,1.0,0.00501,0.1,0.0,0.0007809750385375787,1.4300952912242788e-05,0.0
0.003827494478516311,1.0,0.00631,0.1,0.0,0.0007809750385375787,1.4300952912242788e-05,0.0
0.004008806328898464,1.0,1e-06,0.1,0.0,0.0008567173375263762,1.568792048207977e-05,0.0
0.004008806328898464,1.0,1.26e-06,0.1,0.0,0.0008567173375263762,1.568792048207977e-05,0.0
0.004008806328898464,1.0,1.58e-06,0.1,0.0,0.0008567173375263762,1.568792048207977e-05,0.0
0.004008806328898464,1.0,2e-06,0.1,0.0,0.0008567173375263762,1.568792048207977e-05,0.0
0.004008806328898464,1.0,2.51e-06,0.1,0.0,0.0008567173375263762,1.568792048207977e-05,0.0
0.004008806328898464,1.0,3.16e-06,0.1,0.0,0.0008567173375263762,1.568792048207977e-05,0.0
0.004008806328898464,1.0,3.98e-06,0.1,0.0,0.0008567173375263762,1.568792048207977e-05,0.0
0.004008806328898464,1.0,1.58e-05,0.1,0.0001,0.0008567173375263762,1.568792048207977e-05,0.010280608050316515
0.004008806328898464,1.0,2e-05,0.1,0.0001,0.0008567173375263762,1.568792048207977e-05,0.010280608050316515
0.004008806328898464,1.0,2.51e-05,0.1,0.00016666666666666666,0.0008567173375263762,1.568792048207977e-05,0.017134346750527524
0.004008806328898464,1.0,3.16e-05,0.1,0.0002666666666666667,0.0008567173375263762,1.568792048207977e-05,0.02741495480084404
0.004008806328898464,1.0,3.98e-05,0.1,0.0003,0.0008567173375263762,1.568792048207977e-05,0.030841824150949538
0.004008806328898464,1.0,5.01e-05,0.1,0.0005666666666666667,0.0008567173375263762,1.568792048207977e-05,0.05825677895179359
0.004008806328898464,1.0,6.31e-05,0.1,0.0009333333333333333,0.0008567173375263762,1.568792048207977e-05,0.09595234180295414
0.004008806328898464,1.0,7.94e-05,0.1,0.0018,0.0008567173375263762,1.568792048207977e-05,0.18505094490569726
0.004008806328898464,1.0,0.0001,0.1,0.0026666666666666666,0.0008567173375263762,1.568792048207977e-05,0.2741495480084404
0.004008806328898464,1.0,0.000126,0.1,0.0038666666666666667,0.0008567173375263762,1.568792048207977e-05,0.3975168446122386
0.004008806328898464,1.0,0.000158,0.1,0.005,0.0008567173375263762,1.568792048207977e-05,0.5140304025158258
0.004008806328898464,1.0,0.0002,0.1,0.006533333333333334,0.0008567173375263762,1.568792048207977e-05,0.671666392620679
0.004008806328898464,1.0,0.000251,0.1,0.007533333333333334,0.0008567173375263762,1.568792048207977e-05,0.7744724731238442
0.004008806328898464,1.0,0.000316,0.1,0.008166666666666666,0.0008567173375263762,1.568792048207977e-05,0.8395829907758486
0.004008806328898464,1.0,0.000398,0.1,0.0066,0.0008567173375263762,1.568792048207977e-05,0.67852013132089
0.004008806328898464,1.0,0.000501,0.1,0.004733333333333333,0.0008567173375263762,1.568792048207977e-05,0.48661544771498166
0.004008806328898464,1.0,0.000631,0.1,0.0025,0.0008567173375263762,1.568792048207977e-05,0.2570152012579129
0.004008806328898464,1.0,0.000794,0.1,0.0006666666666666666,0.0008567173375263762,1.568792048207977e-05,0.0685373870021101
0.004008806328898464,1.0,0.001,0.1,0.0002,0.0008567173375263762,1.568792048207977e-05,0.02056121610063303
0.004008806328898464,1.0,0.00126,0.1,3.3333333333333335e-05,0.0008567173375263762,1.568792048207977e-05,0.003426869350105505
0.004008806328898464,1.0,0.00158,0.1,0.0,0.0008567173375263762,1.568792048207977e-05,0.0
0.004008806328898464,1.0,0.002,0.1,0.0,0.0008567173375263762,1.568792048207977e-05,0.0
0.004008806328898464,1.0,0.00251,0.1,0.0,0.0008567173375263762,1.568792048207977e-05,0.0
0.004008806328898464,1.0,0.00316,0.1,0.0,0.0008567173375263762,1.568792048207977e-05,0.0
0.004008806328898464,1.0,0.00398,0.1,0.0,0.0008567173375263762,1.568792048207977e-05,0.0
0.004008806328898464,1.0,0.00501,0.1,0.0,0.0008567173375263762,1.568792048207977e-05,0.0
0.004008806328898464,1.0,0.00631,0.1,0.0,0.0008567173375263762,1.568792048207977e-05,0.0
0.00419870708444391,1.0,1e-06,0.1,0.0,0.0009398053221556583,1.720939978311039e-05,0.0
0.00419870708444391,1.0,1.26e-06,0.1,0.0,0.0009398053221556583,1.720939978311039e-05,0.0
0.00419870708444391,1.0,1.58e-06,0.1,0.0,0.0009398053221556583,1.720939978311039e-05,0.0
0.00419870708444391,1.0,2e-06,0.1,0.0,0.0009398053221556583,1.720939978311039e-05,0.0
0.00419870708444391,1.0,2.51e-06,0.1,0.0,0.0009398053221556583,1.720939978311039e-05,0.0
0.00419870708444391,1.0,3.16e-06,0.1,0.0,0.0009398053221556583,1.720939978311039e-05,0.0
0.00419870708444391,1.0,3.98e-06,0.1,0.0,0.0009398053221556583,1.720939978311039e-05,0.0
0.00419870708444391,1.0,1.58e-05,0.1,0.0001,0.0009398053221556583,1.720939978311039e-05,0.011277663865867902
0.00419870708444391,1.0,2e-05,0.1,0.0001,0.0009398053221556583,1.720939978311039e-05,0.011277663865867902
0.00419870708444391,1.0,2.51e-05,0.1,0.00016666666666666666,0.0009398053221556583,1.720939978311039e-05,0.018796106443113168
0.00419870708444391,1.0,3.16e-05,0.1,0.0002666666666666667,0.0009398053221556583,1.720939978311039e-05,0.03007377030898107
0.00419870708444391,1.0,3.98e-05,0.1,0.0003,0.0009398053221556583,1.720939978311039e-05,0.0338329915976037
0.00419870708444391,1.0,5.01e-05,0.1,0.0005666666666666667,0.0009398053221556583,1.720939978311039e-05,0.06390676190658477
0.00419870708444391,1.0,6.31e-05,0.1,0.0009333333333333333,0.0009398053221556583,1.720939978311039e-05,0.10525819608143375
0.00419870708444391,1.0,7.94e-05,0.1,0.0018,0.0009398053221556583,1.720939978311039e-05,0.20299794958562223
0.00419870708444391,1.0,0.0001,0.1,0.0026666666666666666,0.0009398053221556583,1.720939978311039e-05,0.3007377030898107
0.00419870708444391,1.0,0.000126,0.1,0.0038666666666666667,0.0009398053221556583,1.720939978311039e-05,0.4360696694802255
0.00419870708444391,1.0,0.000158,0.1,0.005,0.0009398053221556583,1.720939978311039e-05,0.5638831932933951
0.00419870708444391,1.0,0.0002,0.1,0.006533333333333334,0.0009398053221556583,1.720939978311039e-05,0.7368073725700363
0.00419870708444391,1.0,0.000251,0.1,0.007533333333333334,0.0009398053221556583,1.720939978311039e-05,0.8495840112287154
0.00419870708444391,1.0,0.000316,0.1,0.008166666666666666,0.0009398053221556583,1.720939978311039e-05,0.9210092157125452
0.00419870708444391,1.0,0.000398,0.1,0.0066,0.0009398053221556583,1.720939978311039e-05,0.7443258151472816
0.00419870708444391,1.0,0.000501,0.1,0.004733333333333333,0.0009398053221556583,1.720939978311039e-05,0.533809422984414
0.00419870708444391,1.0,0.000631,0.1,0.0025,0.0009398053221556583,1.720939978311039e-05,0.28194159664669755
0.00419870708444391,1.0,0.000794,0.1,0.0006666666666666666,0.0009398053221556583,1.720939978311039e-05,0.07518442577245267
0.00419870708444391,1.0,0.001,0.1,0.0002,0.0009398053221556583,1.720939978311039e-05,0.022555327731735804
0.00419870708444391,1.0,0.00126,0.1,3.3333333333333335e-05,0.0009398053221556583,1.720939978311039e-05,0.0037592212886226337
0.00419870708444391,1.0,0.00158,0.1,0.0,0.0009398053221556583,1.720939978311039e-05,0.0
0.00419870708444391,1.0,0.002,0.1,0.0,0.0009398053221556583,1.720939978311039e-05,0.0
0.00419870708444391,1.0,0.00251,0.1,0.0,0.0009398053221556583,1.720939978311039e-05,0.0
0.00419870708444391,1.0,0.00316,0.1,0.0,0.0009398053221556583,1.720939978311039e-05,0.0
0.00419870708444391,1.0,0.00398,0.1,0.0,0.0009398053221556583,1.720939978311039e-05,0.0
0.00419870708444391,1.0,0.00501,0.1,0.0,0.0009398053221556583,1.720939978311039e-05,0.0
0.00419870708444391,1.0,0.00631,0.1,0.0,0.0009398053221556583,1.720939978311039e-05,0.0
0.004397603609302721,1.0,1e-06,0.1,0.0,0.001030951370461142,1.8878435642943453e-05,0.0
0.004397603609302721,1.0,1.26e-06,0.1,0.0,0.001030951370461142,1.8878435642943453e-05,0.0
0.004397603609302721,1.0,1.58e-06,0.1,0.0,0.001030951370461142,1.8878435642943453e-05,0.0
0.004397603609302721,1.0,2e-06,0.1,0.0,0.001030951370461142,1.8878435642943453e-05,0.0
0.004397603609302721,1.0,2.51e-06,0.1,0.0,0.001030951370461142,1.8878435642943453e-05,0.0
0.004397603609302721,1.0,3.16e-06,0.1,0.0,0.001030951370461142,1.8878435642943453e-05,0.0
0.004397603609302721,1.0,3.98e-06,0.1,0.0,0.001030951370461142,1.8878435642943453e-05,0.0
0.004397603609302721,1.0,1.58e-05,0.1,0.0001,0.001030951370461142,1.8878435642943453e-05,0.012371416445533707
0.004397603609302721,1.0,2e-05,0.1,0.0001,0.001030951370461142,1.8878435642943453e-05,0.012371416445533707
0.004397603609302721,1.0,2.51e-05,0.1,0.00016666666666666666,0.001030951370461142,1.8878435642943453e-05,0.02061902740922284
0.004397603609302721,1.0,3.16e-05,0.1,0.0002666666666666667,0.001030951370461142,1.8878435642943453e-05,0.032990443854756545
0.004397603609302721,1.0,3.98e-05,0.1,0.0003,0.001030951370461142,1.8878435642943453e-05,0.03711424933660112
0.004397603609302721,1.0,5.01e-05,0.1,0.0005666666666666667,0.001030951370461142,1.8878435642943453e-05,0.07010469319135768
0.004397603609302721,1.0,6.31e-05,0.1,0.0009333333333333333,0.001030951370461142,1.8878435642943453e-05,0.11546655349164792
0.004397603609302721,1.0,7.94e-05,0.1,0.0018,0.001030951370461142,1.8878435642943453e-05,0.22268549601960672
0.004397603609302721,1.0,0.0001,0.1,0.0026666666666666666,0.001030951370461142,1.8878435642943453e-05,0.32990443854756546
0.004397603609302721,1.0,0.000126,0.1,0.0038666666666666667,0.001030951370461142,1.8878435642943453e-05,0.47836143589396996
0.004397603609302721,1.0,0.000158,0.1,0.005,0.001030951370461142,1.8878435642943453e-05,0.6185708222766854
0.004397603609302721,1.0,0.0002,0.1,0.006533333333333334,0.001030951370461142,1.8878435642943453e-05,0.8082658744415355
0.004397603609302721,1.0,0.000251,0.1,0.007533333333333334,0.001030951370461142,1.8878435642943453e-05,0.9319800388968725
0.004397603609302721,1.0,0.000316,0.1,0.008166666666666666,0.001030951370461142,1.8878435642943453e-05,1.010332343051919
0.004397603609302721,1.0,0.000398,0.1,0.0066,0.001030951370461142,1.8878435642943453e-05,0.8165134854052246
0.004397603609302721,1.0,0.000501,0.1,0.004733333333333333,0.001030951370461142,1.8878435642943453e-05,0.5855803784219287
0.004397603609302721,1.0,0.000631,0.1,0.0025,0.001030951370461142,1.8878435642943453e-05,0.3092854111383427
0.004397603609302721,1.0,0.000794,0.1,0.0006666666666666666,0.001030951370461142,1.8878435642943453e-05,0.08247610963689136
0.004397603609302721,1.0,0.001,0.1,0.0002,0.001030951370461142,1.8878435642943453e-05,0.024742832891067414
0.004397603609302721,1.0,0.00126,0.1,3.3333333333333335e-05,0.001030951370461142,1.8878435642943453e-05,0.004123805481844568
0.004397603609302721,1.0,0.00158,0.1,0.0,0.001030951370461142,1.8878435642943453e-05,0.0
0.004397603609302721,1.0,0.002,0.1,0.0,0.001030951370461142,1.8878435642943453e-05,0.0
0.004397603609302721,1.0,0.00251,0.1,0.0,0.001030951370461142,1.8878435642943453e-05,0.0
0.004397603609302721,1.0,0.00316,0.1,0.0,0.001030951370461142,1.8878435642943453e-05,0.0
0.004397603609302721,1.0,0.00398,0.1,0.0,0.001030951370461142,1.8878435642943453e-05,0.0
0.004397603609302721,1.0,0.00501,0.1,0.0,0.001030951370461142,1.8878435642943453e-05,0.0
0.004397603609302721,1.0,0.00631,0.1,0.0,0.001030951370461142,1.8878435642943453e-05,0.0
0.004605922041145104,1.0,1e-06,0.1,0.0,0.0011309369410357152,2.0709337869176255e-05,0.0
0.004605922041145104,1.0,1.26e-06,0.1,0.0,0.0011309369410357152,2.0709337869176255e-05,0.0
0.004605922041145104,1.0,1.58e-06,0.1,0.0,0.0011309369410357152,2.0709337869176255e-05,0.0
0.004605922041145104,1.0,2e-06,0.1,0.0,0.0011309369410357152,2.0709337869176255e-05,0.0
0.004605922041145104,1.0,2.51e-06,0.1,0.0,0.0011309369410357152,2.0709337869176255e-05,0.0
0.004605922041145104,1.0,3.16e-06,0.1,0.0,0.0011309369410357152,2.0709337869176255e-05,0.0
0.004605922041145104,1.0,3.98e-06,0.1,0.0,0.0011309369410357152,2.0709337869176255e-05,0.0
0.004605922041145104,1.0,1.58e-05,0.1,0.0001,0.0011309369410357152,2.0709337869176255e-05,0.013571243292428585
0.004605922041145104,1.0,2e-05,0.1,0.0001,0.0011309369410357152,2.0709337869176255e-05,0.013571243292428585
0.004605922041145104,1.0,2.51e-05,0.1,0.00016666666666666666,0.0011309369410357152,2.0709337869176255e-05,0.022618738820714305
0.004605922041145104,1.0,3.16e-05,0.1,0.0002666666666666667,0.0011309369410357152,2.0709337869176255e-05,0.036189982113142886
0.004605922041145104,1.0,3.98e-05,0.1,0.0003,0.0011309369410357152,2.0709337869176255e-05,0.04071372987728575
0.004605922041145104,1.0,5.01e-05,0.1,0.0005666666666666667,0.0011309369410357152,2.0709337869176255e-05,0.07690371199042864
0.004605922041145104,1.0,6.31e-05,0.1,0.0009333333333333333,0.0011309369410357152,2.0709337869176255e-05,0.12666493739600013
0.004605922041145104,1.0,7.94e-05,0.1,0.0018,0.0011309369410357152,2.0709337869176255e-05,0.24428237926371452
0.004605922041145104,1.0,0.0001,0.1,0.0026666666666666666,0.0011309369410357152,2.0709337869176255e-05,0.3618998211314289
0.004605922041145104,1.0,0.000126,0.1,0.0038666666666666667,0.0011309369410357152,2.0709337869176255e-05,0.5247547406405719
0.004605922041145104,1.0,0.000158,0.1,0.005,0.0011309369410357152,2.0709337869176255e-05,0.6785621646214293
0.004605922041145104,1.0,0.0002,0.1,0.006533333333333334,0.0011309369410357152,2.0709337869176255e-05,0.8866545617720007
0.004605922041145104,1.0,0.000251,0.1,0.007533333333333334,0.0011309369410357152,2.0709337869176255e-05,1.0223669946962868
0.004605922041145104,1.0,0.000316,0.1,0.008166666666666666,0.0011309369410357152,2.0709337869176255e-05,1.1083182022150009
0.004605922041145104,1.0,0.000398,0.1,0.0066,0.0011309369410357152,2.0709337869176255e-05,0.8957020573002865
0.004605922041145104,1.0,0.000501,0.1,0.004733333333333333,0.0011309369410357152,2.0709337869176255e-05,0.6423721825082862
0.004605922041145104,1.0,0.000631,0.1,0.0025,0.0011309369410357152,2.0709337869176255e-05,0.33928108231071463
0.004605922041145104,1.0,0.000794,0.1,0.0006666666666666666,0.0011309369410357152,2.0709337869176255e-05,0.09047495528285722
0.004605922041145104,1.0,0.001,0.1,0.0002,0.0011309369410357152,2.0709337869176255e-05,0.02714248658485717
0.004605922041145104,1.0,0.00126,0.1,3.3333333333333335e-05,0.0011309369410357152,2.0709337869176255e-05,0.004523747764142861
0.004605922041145104,1.0,0.00158,0.1,0.0,0.0011309369410357152,2.0709337869176255e-05,0.0
0.004605922041145104,1.0,0.002,0.1,0.0,0.0011309369410357152,2.0709337869176255e-05,0.0
0.004605922041145104,1.0,0.00251,0.1,0.0,0.0011309369410357152,2.0709337869176255e-05,0.0
0.004605922041145104,1.0,0.00316,0.1,0.0,0.0011309369410357152,2.0709337869176255e-05,0.0
0.004605922041145104,1.0,0.00398,0.1,0.0,0.0011309369410357152,2.0709337869176255e-05,0.0
0.004605922041145104,1.0,0.00501,0.1,0.0,0.0011309369410357152,2.0709337869176255e-05,0.0
0.004605922041145104,1.0,0.00631,0.1,0.0,0.0011309369410357152,2.0709337869176255e-05,0.0
0.004824108704165369,1.0,1e-06,0.1,0.0,0.0012406192708297686,2.2717803897267327e-05,0.0
0.004824108704165369,1.0,1.26e-06,0.1,0.0,0.0012406192708297686,2.2717803897267327e-05,0.0
0.004824108704165369,1.0,1.58e-06,0.1,0.0,0.0012406192708297686,2.2717803897267327e-05,0.0
0.004824108704165369,1.0,2e-06,0.1,0.0,0.0012406192708297686,2.2717803897267327e-05,0.0
0.004824108704165369,1.0,2.51e-06,0.1,0.0,0.0012406192708297686,2.2717803897267327e-05,0.0
0.004824108704165369,1.0,3.16e-06,0.1,0.0,0.0012406192708297686,2.2717803897267327e-05,0.0
0.004824108704165369,1.0,3.98e-06,0.1,0.0,0.0012406192708297686,2.2717803897267327e-05,0.0
0.004824108704165369,1.0,1.58e-05,0.1,0.0001,0.0012406192708297686,2.2717803897267327e-05,0.014887431249957228
0.004824108704165369,1.0,2e-05,0.1,0.0001,0.0012406192708297686,2.2717803897267327e-05,0.014887431249957228
0.004824108704165369,1.0,2.51e-05,0.1,0.00016666666666666666,0.0012406192708297686,2.2717803897267327e-05,0.024812385416595376
0.004824108704165369,1.0,3.16e-05,0.1,0.0002666666666666667,0.0012406192708297686,2.2717803897267327e-05,0.03969981666655261
0.004824108704165369,1.0,3.98e-05,0.1,0.0003,0.0012406192708297686,2.2717803897267327e-05,0.04466229374987168
0.004824108704165369,1.0,5.01e-05,0.1,0.0005666666666666667,0.0012406192708297686,2.2717803897267327e-05,0.08436211041642429
0.004824108704165369,1.0,6.31e-05,0.1,0.0009333333333333333,0.0012406192708297686,2.2717803897267327e-05,0.13894935833293412
0.004824108704165369,1.0,7.94e-05,0.1,0.0018,0.0012406192708297686,2.2717803897267327e-05,0.2679737624992301
0.004824108704165369,1.0,0.0001,0.1,0.0026666666666666666,0.0012406192708297686,2.2717803897267327e-05,0.396998166665526
0.004824108704165369,1.0,0.000126,0.1,0.0038666666666666667,0.0012406192708297686,2.2717803897267327e-05,0.5756473416650127
0.004824108704165369,1.0,0.000158,0.1,0.005,0.0012406192708297686,2.2717803897267327e-05,0.7443715624978613
0.004824108704165369,1.0,0.0002,0.1,0.006533333333333334,0.0012406192708297686,2.2717803897267327e-05,0.972645508330539
0.004824108704165369,1.0,0.000251,0.1,0.007533333333333334,0.0012406192708297686,2.2717803897267327e-05,1.1215198208301111
0.004824108704165369,1.0,0.000316,0.1,0.008166666666666666,0.0012406192708297686,2.2717803897267327e-05,1.2158068854131734
0.004824108704165369,1.0,0.000398,0.1,0.0066,0.0012406192708297686,2.2717803897267327e-05,0.9825704624971769
0.004824108704165369,1.0,0.000501,0.1,0.004733333333333333,0.0012406192708297686,2.2717803897267327e-05,0.7046717458313088
0.004824108704165369,1.0,0.000631,0.1,0.0025,0.0012406192708297686,2.2717803897267327e-05,0.37218578124893065
0.004824108704165369,1.0,0.000794,0.1,0.0006666666666666666,0.0012406192708297686,2.2717803897267327e-05,0.0992495416663815
0.004824108704165369,1.0,0.001,0.1,0.0002,0.0012406192708297686,2.2717803897267327e-05,0.029774862499914456
0.004824108704165369,1.0,0.00126,0.1,3.3333333333333335e-05,0.0012406192708297686,2.2717803897267327e-05,0.004962477083319076
0.004824108704165369,1.0,0.00158,0.1,0.0,0.0012406192708297686,2.2717803897267327e-05,0.0
0.004824108704165369,1.0,0.002,0.1,0.0,0.0012406192708297686,2.2717803897267327e-05,0.0
0.004824108704165369,1.0,0.00251,0.1,0.0,0.0012406192708297686,2.2717803897267327e-05,0.0
0.004824108704165369,1.0,0.00316,0.1,0.0,0.0012406192708297686,2.2717803897267327e-05,0.0
0.004824108704165369,1.0,0.00398,0.1,0.0,0.0012406192708297686,2.2717803897267327e-05,0.0
0.004824108704165369,1.0,0.00501,0.1,0.0,0.0012406192708297686,2.2717803897267327e-05,0.0
0.004824108704165369,1.0,0.00631,0.1,0.0,0.0012406192708297686,2.2717803897267327e-05,0.0
0.00505263106533568,1.0,1e-06,0.1,0.0,0.0013609387221296717,2.4921053325941618e-05,0.0
0.00505263106533568,1.0,1.26e-06,0.1,0.0,0.0013609387221296717,2.4921053325941618e-05,0.0
0.00505263106533568,1.0,1.58e-06,0.1,0.0,0.0013609387221296717,2.4921053325941618e-05,0.0
0.00505263106533568,1.0,2e-06,0.1,0.0,0.0013609387221296717,2.4921053325941618e-05,0.0
0.00505263106533568,1.0,2.51e-06,0.1,0.0,0.0013609387221296717,2.4921053325941618e-05,0.0
0.00505263106533568,1.0,3.16e-06,0.1,0.0,0.0013609387221296717,2.4921053325941618e-05,0.0
0.00505263106533568,1.0,3.98e-06,0.1,0.0,0.0013609387221296717,2.4921053325941618e-05,0.0
0.00505263106533568,1.0,1.58e-05,0.1,0.0001,0.0013609387221296717,2.4921053325941618e-05,0.016331264665556063
0.00505263106533568,1.0,2e-05,0.1,0.0001,0.0013609387221296717,2.4921053325941618e-05,0.016331264665556063
0.00505263106533568,1.0,2.51e-05,0.1,0.00016666666666666666,0.0013609387221296717,2.4921053325941618e-05,0.027218774442593435
0.00505263106533568,1.0,3.16e-05,0.1,0.0002666666666666667,0.0013609387221296717,2.4921053325941618e-05,0.0435500391081495
0.00505263106533568,1.0,3.98e-05,0.1,0.0003,0.0013609387221296717,2.4921053325941618e-05,0.04899379399666818
0.00505263106533568,1.0,5.01e-05,0.1,0.0005666666666666667,0.0013609387221296717,2.4921053325941618e-05,0.09254383310481769
0.00505263106533568,1.0,6.31e-05,0.1,0.0009333333333333333,0.0013609387221296717,2.4921053325941618e-05,0.15242513687852324
0.00505263106533568,1.0,7.94e-05,0.1,0.0018,0.0013609387221296717,2.4921053325941618e-05,0.2939627639800091
0.00505263106533568,1.0,0.0001,0.1,0.0026666666666666666,0.0013609387221296717,2.4921053325941618e-05,0.43550039108149496
0.00505263106533568,1.0,0.000126,0.1,0.0038666666666666667,0.0013609387221296717,2.4921053325941618e-05,0.6314755670681678
0.00505263106533568,1.0,0.000158,0.1,0.005,0.0013609387221296717,2.4921053325941618e-05,0.8165632332778032
0.00505263106533568,1.0,0.0002,0.1,0.006533333333333334,0.0013609387221296717,2.4921053325941618e-05,1.0669759581496627
0.00505263106533568,1.0,0.000251,0.1,0.007533333333333334,0.0013609387221296717,2.4921053325941618e-05,1.2302886048052235
0.00505263106533568,1.0,0.000316,0.1,0.008166666666666666,0.0013609387221296717,2.4921053325941618e-05,1.3337199476870785
0.00505263106533568,1.0,0.000398,0.1,0.0066,0.0013609387221296717,2.4921053325941618e-05,1.0778634679267
0.00505263106533568,1.0,0.000501,0.1,0.004733333333333333,0.0013609387221296717,2.4921053325941618e-05,0.7730131941696536
0.00505263106533568,1.0,0.000631,0.1,0.0025,0.0013609387221296717,2.4921053325941618e-05,0.4082816166389016
0.00505263106533568,1.0,0.000794,0.1,0.0006666666666666666,0.0013609387221296717,2.4921053325941618e-05,0.10887509777037374
0.00505263106533568,1.0,0.001,0.1,0.0002,0.0013609387221296717,2.4921053325941618e-05,0.032662529331112126
0.00505263106533568,1.0,0.00126,0.1,3.3333333333333335e-05,0.0013609387221296717,2.4921053325941618e-05,0.005443754888518688
0.00505263106533568,1.0,0.00158,0.1,0.0,0.0013609387221296717,2.4921053325941618e-05,0.0
0.00505263106533568,1.0,0.002,0.1,0.0,0.0013609387221296717,2.4921053325941618e-05,0.0
0.00505263106533568,1.0,0.00251,0.1,0.0,0.0013609387221296717,2.4921053325941618e-05,0.0
0.00505263106533568,1.0,0.00316,0.1,0.0,0.0013609387221296717,2.4921053325941618e-05,0.0
0.00505263106533568,1.0,0.00398,0.1,0.0,0.0013609387221296717,2.4921053325941618e-05,0.0
0.00505263106533568,1.0,0.00501,0.1,0.0,0.0013609387221296717,2.4921053325941618e-05,0.0
0.00505263106533568,1.0,0.00631,0.1,0.0,0.0013609387221296717,2.4921053325941618e-05,0.0
0.005291978735958442,1.0,1e-06,0.1,0.0,0.0014929268415914386,2.733797549151142e-05,0.0
0.005291978735958442,1.0,1.26e-06,0.1,0.0,0.0014929268415914386,2.733797549151142e-05,0.0
0.005291978735958442,1.0,1.58e-06,0.1,0.0,0.0014929268415914386,2.733797549151142e-05,0.0
0.005291978735958442,1.0,2e-06,0.1,0.0,0.0014929268415914386,2.733797549151142e-05,0.0
0.005291978735958442,1.0,2.51e-06,0.1,0.0,0.0014929268415914386,2.733797549151142e-05,0.0
0.005291978735958442,1.0,3.16e-06,0.1,0.0,0.0014929268415914386,2.733797549151142e-05,0.0
0.005291978735958442,1.0,3.98e-06,0.1,0.0,0.0014929268415914386,2.733797549151142e-05,0.0
0.005291978735958442,1.0,1.58e-05,0.1,0.0001,0.0014929268415914386,2.733797549151142e-05,0.017915122099097264
0.005291978735958442,1.0,2e-05,0.1,0.0001,0.0014929268415914386,2.733797549151142e-05,0.017915122099097264
0.005291978735958442,1.0,2.51e-05,0.1,0.00016666666666666666,0.0014929268415914386,2.733797549151142e-05,0.02985853683182877
0.005291978735958442,1.0,3.16e-05,0.1,0.0002666666666666667,0.0014929268415914386,2.733797549151142e-05,0.047773658930926034
0.005291978735958442,1.0,3.98e-05,0.1,0.0003,0.0014929268415914386,2.733797549151142e-05,0.05374536629729178
0.005291978735958442,1.0,5.01e-05,0.1,0.0005666666666666667,0.0014929268415914386,2.733797549151142e-05,0.10151902522821783
0.005291978735958442,1.0,6.31e-05,0.1,0.0009333333333333333,0.0014929268415914386,2.733797549151142e-05,0.1672078062582411
0.005291978735958442,1.0,7.94e-05,0.1,0.0018,0.0014929268415914386,2.733797549151142e-05,0.32247219778375075
0.005291978735958442,1.0,0.0001,0.1,0.0026666666666666666,0.0014929268415914386,2.733797549151142e-05,0.47773658930926033
0.005291978735958442,1.0,0.000126,0.1,0.0038666666666666667,0.0014929268415914386,2.733797549151142e-05,0.6927180544984275
0.005291978735958442,1.0,0.000158,0.1,0.005,0.0014929268415914386,2.733797549151142e-05,0.895756104954863
0.005291978735958442,1.0,0.0002,0.1,0.006533333333333334,0.0014929268415914386,2.733797549151142e-05,1.170454643807688
0.005291978735958442,1.0,0.000251,0.1,0.007533333333333334,0.0014929268415914386,2.733797549151142e-05,1.3496058647986606
0.005291978735958442,1.0,0.000316,0.1,0.008166666666666666,0.0014929268415914386,2.733797549151142e-05,1.4630683047596096
0.005291978735958442,1.0,0.000398,0.1,0.0066,0.0014929268415914386,2.733797549151142e-05,1.1823980585404195
0.005291978735958442,1.0,0.000501,0.1,0.004733333333333333,0.0014929268415914386,2.733797549151142e-05,0.8479824460239371
0.005291978735958442,1.0,0.000631,0.1,0.0025,0.0014929268415914386,2.733797549151142e-05,0.4478780524774315
0.005291978735958442,1.0,0.000794,0.1,0.0006666666666666666,0.0014929268415914386,2.733797549151142e-05,0.11943414732731508
0.005291978735958442,1.0,0.001,0.1,0.0002,0.0014929268415914386,2.733797549151142e-05,0.03583024419819453
0.005291978735958442,1.0,0.00126,0.1,3.3333333333333335e-05,0.0014929268415914386,2.733797549151142e-05,0.005971707366365754
0.005291978735958442,1.0,0.00158,0.1,0.0,0.0014929268415914386,2.733797549151142e-05,0.0
0.005291978735958442,1.0,0.002,0.1,0.0,0.0014929268415914386,2.733797549151142e-05,0.0
0.005291978735958442,1.0,0.00251,0.1,0.0,0.0014929268415914386,2.733797549151142e-05,0.0
0.005291978735958442,1.0,0.00316,0.1,0.0,0.0014929268415914386,2.733797549151142e-05,0.0
0.005291978735958442,1.0,0.00398,0.1,0.0,0.0014929268415914386,2.733797549151142e-05,0.0
0.005291978735958442,1.0,0.00501,0.1,0.0,0.0014929268415914386,2.733797549151142e-05,0.0
0.005291978735958442,1.0,0.00631,0.1,0.0,0.0014929268415914386,2.733797549151142e-05,0.0
0.005542664520663107,1.0,1e-06,0.1,0.0,0.0016377152002876494,2.9989291343850016e-05,0.0
0.005542664520663107,1.0,1.26e-06,0.1,0.0,0.0016377152002876494,2.9989291343850016e-05,0.0
0.005542664520663107,1.0,1.58e-06,0.1,0.0,0.0016377152002876494,2.9989291343850016e-05,0.0
0.005542664520663107,1.0,2e-06,0.1,0.0,0.0016377152002876494,2.9989291343850016e-05,0.0
0.005542664520663107,1.0,2.51e-06,0.1,0.0,0.0016377152002876494,2.9989291343850016e-05,0.0
0.005542664520663107,1.0,3.16e-06,0.1,0.0,0.0016377152002876494,2.9989291343850016e-05,0.0
0.005542664520663107,1.0,3.98e-06,0.1,0.0,0.0016377152002876494,2.9989291343850016e-05,0.0
0.005542664520663107,1.0,1.58e-05,0.1,0.0001,0.0016377152002876494,2.9989291343850016e-05,0.019652582403451798
0.005542664520663107,1.0,2e-05,0.1,0.0001,0.0016377152002876494,2.9989291343850016e-05,0.019652582403451798
0.005542664520663107,1.0,2.51e-05,0.1,0.00016666666666666666,0.0016377152002876494,2.9989291343850016e-05,0.03275430400575299
0.005542664520663107,1.0,3.16e-05,0.1,0.0002666666666666667,0.0016377152002876494,2.9989291343850016e-05,0.052406886409204795
0.005542664520663107,1.0,3.98e-05,0.1,0.0003,0.0016377152002876494,2.9989291343850016e-05,0.058957747210355384
0.005542664520663107,1.0,5.01e-05,0.1,0.0005666666666666667,0.0016377152002876494,2.9989291343850016e-05,0.11136463361956017
0.005542664520663107,1.0,6.31e-05,0.1,0.0009333333333333333,0.0016377152002876494,2.9989291343850016e-05,0.18342410243221677
0.005542664520663107,1.0,7.94e-05,0.1,0.0018,0.0016377152002876494,2.9989291343850016e-05,0.3537464832621323
0.005542664520663107,1.0,0.0001,0.1,0.0026666666666666666,0.0016377152002876494,2.9989291343850016e-05,0.5240688640920479
0.005542664520663107,1.0,0.000126,0.1,0.0038666666666666667,0.0016377152002876494,2.9989291343850016e-05,0.7598998529334695
0.005542664520663107,1.0,0.000158,0.1,0.005,0.0016377152002876494,2.9989291343850016e-05,0.9826291201725899
0.005542664520663107,1.0,0.0002,0.1,0.006533333333333334,0.0016377152002876494,2.9989291343850016e-05,1.2839687170255174
0.005542664520663107,1.0,0.000251,0.1,0.007533333333333334,0.0016377152002876494,2.9989291343850016e-05,1.4804945410600354
0.005542664520663107,1.0,0.000316,0.1,0.008166666666666666,0.0016377152002876494,2.9989291343850016e-05,1.6049608962818966
0.005542664520663107,1.0,0.000398,0.1,0.0066,0.0016377152002876494,2.9989291343850016e-05,1.2970704386278185
0.005542664520663107,1.0,0.000501,0.1,0.004733333333333333,0.0016377152002876494,2.9989291343850016e-05,0.9302222337633851
0.005542664520663107,1.0,0.000631,0.1,0.0025,0.0016377152002876494,2.9989291343850016e-05,0.4913145600862949
0.005542664520663107,1.0,0.000794,0.1,0.0006666666666666666,0.0016377152002876494,2.9989291343850016e-05,0.13101721602301197
0.005542664520663107,1.0,0.001,0.1,0.0002,0.0016377152002876494,2.9989291343850016e-05,0.039305164806903596
0.005542664520663107,1.0,0.00126,0.1,3.3333333333333335e-05,0.0016377152002876494,2.9989291343850016e-05,0.006550860801150599
0.005542664520663107,1.0,0.00158,0.1,0.0,0.0016377152002876494,2.9989291343850016e-05,0.0
0.005542664520663107,1.0,0.002,0.1,0.0,0.0016377152002876494,2.9989291343850016e-05,0.0
0.005542664520663107,1.0,0.00251,0.1,0.0,0.0016377152002876494,2.9989291343850016e-05,0.0
0.005542664520663107,1.0,0.00316,0.1,0.0,0.0016377152002876494,2.9989291343850016e-05,0.0
0.005542664520663107,1.0,0.00398,0.1,0.0,0.0016377152002876494,2.9989291343850016e-05,0.0
0.005542664520663107,1.0,0.00501,0.1,0.0,0.0016377152002876494,2.9989291343850016e-05,0.0
0.005542664520663107,1.0,0.00631,0.1,0.0,0.0016377152002876494,2.9989291343850016e-05,0.0
0.005805225516094896,1.0,1e-06,0.1,0.0,0.0017965450903931262,3.2897731008846846e-05,0.0
0.005805225516094896,1.0,1.26e-06,0.1,0.0,0.0017965450903931262,3.2897731008846846e-05,0.0
0.005805225516094896,1.0,1.58e-06,0.1,0.0,0.0017965450903931262,3.2897731008846846e-05,0.0
0.005805225516094896,1.0,2e-06,0.1,0.0,0.0017965450903931262,3.2897731008846846e-05,0.0
0.005805225516094896,1.0,2.51e-06,0.1,0.0,0.0017965450903931262,3.2897731008846846e-05,0.0
0.005805225516094896,1.0,3.16e-06,0.1,0.0,0.0017965450903931262,3.2897731008846846e-05,0.0
0.005805225516094896,1.0,3.98e-06,0.1,0.0,0.0017965450903931262,3.2897731008846846e-05,0.0
0.005805225516094896,1.0,1.58e-05,0.1,0.0001,0.0017965450903931262,3.2897731008846846e-05,0.021558541084717518
0.005805225516094896,1.0,2e-05,0.1,0.0001,0.0017965450903931262,3.2897731008846846e-05,0.021558541084717518
0.005805225516094896,1.0,2.51e-05,0.1,0.00016666666666666666,0.0017965450903931262,3.2897731008846846e-05,0.03593090180786253
0.005805225516094896,1.0,3.16e-05,0.1,0.0002666666666666667,0.0017965450903931262,3.2897731008846846e-05,0.057489442892580046
0.005805225516094896,1.0,3.98e-05,0.1,0.0003,0.0017965450903931262,3.2897731008846846e-05,0.06467562325415255
0.005805225516094896,1.0,5.01e-05,0.1,0.0005666666666666667,0.0017965450903931262,3.2897731008846846e-05,0.12216506614673261
0.005805225516094896,1.0,6.31e-05,0.1,0.0009333333333333333,0.0017965450903931262,3.2897731008846846e-05,0.20121305012403018
0.005805225516094896,1.0,7.94e-05,0.1,0.0018,0.0017965450903931262,3.2897731008846846e-05,0.3880537395249153
0.005805225516094896,1.0,0.0001,0.1,0.0026666666666666666,0.0017965450903931262,3.2897731008846846e-05,0.5748944289258004
0.005805225516094896,1.0,0.000126,0.1,0.0038666666666666667,0.0017965450903931262,3.2897731008846846e-05,0.8335969219424106
0.005805225516094896,1.0,0.000158,0.1,0.005,0.0017965450903931262,3.2897731008846846e-05,1.0779270542358759
0.005805225516094896,1.0,0.0002,0.1,0.006533333333333334,0.0017965450903931262,3.2897731008846846e-05,1.4084913508682113
0.005805225516094896,1.0,0.000251,0.1,0.007533333333333334,0.0017965450903931262,3.2897731008846846e-05,1.6240767617153864
0.005805225516094896,1.0,0.000316,0.1,0.008166666666666666,0.0017965450903931262,3.2897731008846846e-05,1.7606141885852638
0.005805225516094896,1.0,0.000398,0.1,0.0066,0.0017965450903931262,3.2897731008846846e-05,1.422863711591356
0.005805225516094896,1.0,0.000501,0.1,0.004733333333333333,0.0017965450903931262,3.2897731008846846e-05,1.020437611343296
0.005805225516094896,1.0,0.000631,0.1,0.0025,0.0017965450903931262,3.2897731008846846e-05,0.5389635271179379
0.005805225516094896,1.0,0.000794,0.1,0.0006666666666666666,0.0017965450903931262,3.2897731008846846e-05,0.1437236072314501
0.005805225516094896,1.0,0.001,0.1,0.0002,0.0017965450903931262,3.2897731008846846e-05,0.043117082169435036
0.005805225516094896,1.0,0.00126,0.1,3.3333333333333335e-05,0.0017965450903931262,3.2897731008846846e-05,0.007186180361572506
0.005805225516094896,1.0,0.00158,0.1,0.0,0.0017965450903931262,3.2897731008846846e-05,0.0
0.005805225516094896,1.0,0.002,0.1,0.0,0.0017965450903931262,3.2897731008846846e-05,0.0
0.005805225516094896,1.0,0.00251,0.1,0.0,0.0017965450903931262,3.2897731008846846e-05,0.0
0.005805225516094896,1.0,0.00316,0.1,0.0,0.0017965450903931262,3.2897731008846846e-05,0.0
0.005805225516094896,1.0,0.00398,0.1,0.0,0.0017965450903931262,3.2897731008846846e-05,0.0
0.005805225516094896,1.0,0.00501,0.1,0.0,0.0017965450903931262,3.2897731008846846e-05,0.0
0.005805225516094896,1.0,0.00631,0.1,0.0,0.0017965450903931262,3.2897731008846846e-05,0.0
0.006080224261649427,1.0,1e-06,0.1,0.0,0.0019707781614447402,3.608822855602894e-05,0.0
0.006080224261649427,1.0,1.26e-06,0.1,0.0,0.0019707781614447402,3.608822855602894e-05,0.0
0.006080224261649427,1.0,1.58e-06,0.1,0.0,0.0019707781614447402,3.608822855602894e-05,0.0
0.006080224261649427,1.0,2e-06,0.1,0.0,0.0019707781614447402,3.608822855602894e-05,0.0
0.006080224261649427,1.0,2.51e-06,0.1,0.0,0.0019707781614447402,3.608822855602894e-05,0.0
0.006080224261649427,1.0,3.16e-06,0.1,0.0,0.0019707781614447402,3.608822855602894e-05,0.0
0.006080224261649427,1.0,3.98e-06,0.1,0.0,0.0019707781614447402,3.608822855602894e-05,0.0
0.006080224261649427,1.0,1.58e-05,0.1,0.0001,0.0019707781614447402,3.608822855602894e-05,0.023649337937336888
0.006080224261649427,1.0,2e-05,0.1,0.0001,0.0019707781614447402,3.608822855602894e-05,0.023649337937336888
0.006080224261649427,1.0,2.51e-05,0.1,0.00016666666666666666,0.0019707781614447402,3.608822855602894e-05,0.03941556322889481
0.006080224261649427,1.0,3.16e-05,0.1,0.0002666666666666667,0.0019707781614447402,3.608822855602894e-05,0.0630649011662317
0.006080224261649427,1.0,3.98e-05,0.1,0.0003,0.0019707781614447402,3.608822855602894e-05,0.07094801381201066
0.006080224261649427,1.0,5.01e-05,0.1,0.0005666666666666667,0.0019707781614447402,3.608822855602894e-05,0.1340129149782424
0.006080224261649427,1.0,6.31e-05,0.1,0.0009333333333333333,0.0019707781614447402,3.608822855602894e-05,0.22072715408181096
0.006080224261649427,1.0,7.94e-05,0.1,0.0018,0.0019707781614447402,3.608822855602894e-05,0.42568808287206394
0.006080224261649427,1.0,0.0001,0.1,0.0026666666666666666,0.0019707781614447402,3.608822855602894e-05,0.6306490116623169
0.006080224261649427,1.0,0.000126,0.1,0.0038666666666666667,0.0019707781614447402,3.608822855602894e-05,0.9144410669103596
0.006080224261649427,1.0,0.000158,0.1,0.005,0.0019707781614447402,3.608822855602894e-05,1.1824668968668444
0.006080224261649427,1.0,0.0002,0.1,0.006533333333333334,0.0019707781614447402,3.608822855602894e-05,1.5450900785726767
0.006080224261649427,1.0,0.000251,0.1,0.007533333333333334,0.0019707781614447402,3.608822855602894e-05,1.7815834579460454
0.006080224261649427,1.0,0.000316,0.1,0.008166666666666666,0.0019707781614447402,3.608822855602894e-05,1.9313625982158458
0.006080224261649427,1.0,0.000398,0.1,0.0066,0.0019707781614447402,3.608822855602894e-05,1.5608563038642345
0.006080224261649427,1.0,0.000501,0.1,0.004733333333333333,0.0019707781614447402,3.608822855602894e-05,1.1194019957006127
0.006080224261649427,1.0,0.000631,0.1,0.0025,0.0019707781614447402,3.608822855602894e-05,0.5912334484334222
0.006080224261649427,1.0,0.000794,0.1,0.0006666666666666666,0.0019707781614447402,3.608822855602894e-05,0.15766225291557923
0.006080224261649427,1.0,0.001,0.1,0.0002,0.0019707781614447402,3.608822855602894e-05,0.047298675874673776
0.006080224261649427,1.0,0.00126,0.1,3.3333333333333335e-05,0.0019707781614447402,3.608822855602894e-05,0.007883112645778963
0.006080224261649427,1.0,0.00158,0.1,0.0,0.0019707781614447402,3.608822855602894e-05,0.0
0.006080224261649427,1.0,0.002,0.1,0.0,0.0019707781614447402,3.608822855602894e-05,0.0
0.006080224261649427,1.0,0.00251,0.1,0.0,0.0019707781614447402,3.608822855602894e-05,0.0
0.006080224261649427,1.0,0.00316,0.1,0.0,0.0019707781614447402,3.608822855602894e-05,0.0
0.006080224261649427,1.0,0.00398,0.1,0.0,0.0019707781614447402,3.608822855602894e-05,0.0
0.006080224261649427,1.0,0.00501,0.1,0.0,0.0019707781614447402,3.608822855602894e-05,0.0
0.006080224261649427,1.0,0.00631,0.1,0.0,0.0019707781614447402,3.608822855602894e-05,0.0
0.006368249944718587,1.0,1e-06,0.1,0.0,0.0021619080871243634,3.9588135636776477e-05,0.0
0.006368249944718587,1.0,1.26e-06,0.1,0.0,0.0021619080871243634,3.9588135636776477e-05,0.0
0.006368249944718587,1.0,1.58e-06,0.1,0.0,0.0021619080871243634,3.9588135636776477e-05,0.0
0.006368249944718587,1.0,2e-06,0.1,0.0,0.0021619080871243634,3.9588135636776477e-05,0.0
0.006368249944718587,1.0,2.51e-06,0.1,0.0,0.0021619080871243634,3.9588135636776477e-05,0.0
0.006368249944718587,1.0,3.16e-06,0.1,0.0,0.0021619080871243634,3.9588135636776477e-05,0.0
0.006368249944718587,1.0,3.98e-06,0.1,0.0,0.0021619080871243634,3.9588135636776477e-05,0.0
0.006368249944718587,1.0,1.58e-05,0.1,0.0001,0.0021619080871243634,3.9588135636776477e-05,0.025942897045492366
0.006368249944718587,1.0,2e-05,0.1,0.0001,0.0021619080871243634,3.9588135636776477e-05,0.025942897045492366
0.006368249944718587,1.0,2.51e-05,0.1,0.00016666666666666666,0.0021619080871243634,3.9588135636776477e-05,0.04323816174248727
0.006368249944718587,1.0,3.16e-05,0.1,0.0002666666666666667,0.0021619080871243634,3.9588135636776477e-05,0.06918105878797964
0.006368249944718587,1.0,3.98e-05,0.1,0.0003,0.0021619080871243634,3.9588135636776477e-05,0.07782869113647709
0.006368249944718587,1.0,5.01e-05,0.1,0.0005666666666666667,0.0021619080871243634,3.9588135636776477e-05,0.14700974992445676
0.006368249944718587,1.0,6.31e-05,0.1,0.0009333333333333333,0.0021619080871243634,3.9588135636776477e-05,0.24213370575792875
0.006368249944718587,1.0,7.94e-05,0.1,0.0018,0.0021619080871243634,3.9588135636776477e-05,0.46697214681886257
0.006368249944718587,1.0,0.0001,0.1,0.0026666666666666666,0.0021619080871243634,3.9588135636776477e-05,0.6918105878797963
0.006368249944718587,1.0,0.000126,0.1,0.0038666666666666667,0.0021619080871243634,3.9588135636776477e-05,1.0031253524257049
0.006368249944718587,1.0,0.000158,0.1,0.005,0.0021619080871243634,3.9588135636776477e-05,1.2971448522746183
0.006368249944718587,1.0,0.0002,0.1,0.006533333333333334,0.0021619080871243634,3.9588135636776477e-05,1.6949359403055013
0.006368249944718587,1.0,0.000251,0.1,0.007533333333333334,0.0021619080871243634,3.9588135636776477e-05,1.954364910760425
0.006368249944718587,1.0,0.000316,0.1,0.008166666666666666,0.0021619080871243634,3.9588135636776477e-05,2.118669925381876
0.006368249944718587,1.0,0.000398,0.1,0.0066,0.0021619080871243634,3.9588135636776477e-05,1.712231205002496
0.006368249944718587,1.0,0.000501,0.1,0.004733333333333333,0.0021619080871243634,3.9588135636776477e-05,1.2279637934866388
0.006368249944718587,1.0,0.000631,0.1,0.0025,0.0021619080871243634,3.9588135636776477e-05,0.6485724261373091
0.006368249944718587,1.0,0.000794,0.1,0.0006666666666666666,0.0021619080871243634,3.9588135636776477e-05,0.17295264696994908
0.006368249944718587,1.0,0.001,0.1,0.0002,0.0021619080871243634,3.9588135636776477e-05,0.05188579409098473
0.006368249944718587,1.0,0.00126,0.1,3.3333333333333335e-05,0.0021619080871243634,3.9588135636776477e-05,0.008647632348497455
0.006368249944718587,1.0,0.00158,0.1,0.0,0.0021619080871243634,3.9588135636776477e-05,0.0
0.006368249944718587,1.0,0.002,0.1,0.0,0.0021619080871243634,3.9588135636776477e-05,0.0
0.006368249944718587,1.0,0.00251,0.1,0.0,0.0021619080871243634,3.9588135636776477e-05,0.0
0.006368249944718587,1.0,0.00316,0.1,0.0,0.0021619080871243634,3.9588135636776477e-05,0.0
0.006368249944718587,1.0,0.00398,0.1,0.0,0.0021619080871243634,3.9588135636776477e-05,0.0
0.006368249944718587,1.0,0.00501,0.1,0.0,0.0021619080871243634,3.9588135636776477e-05,0.0
0.006368249944718587,1.0,0.00631,0.1,0.0,0.0021619080871243634,3.9588135636776477e-05,0.0
0.006669919663030122,1.0,1e-06,0.1,0.0,0.002371573362299209,4.34274558194325e-05,0.0
0.006669919663030122,1.0,1.26e-06,0.1,0.0,0.002371573362299209,4.34274558194325e-05,0.0
0.006669919663030122,1.0,1.58e-06,0.1,0.0,0.002371573362299209,4.34274558194325e-05,0.0
0.006669919663030122,1.0,2e-06,0.1,0.0,0.002371573362299209,4.34274558194325e-05,0.0
0.006669919663030122,1.0,2.51e-06,0.1,0.0,0.002371573362299209,4.34274558194325e-05,0.0
0.006669919663030122,1.0,3.16e-06,0.1,0.0,0.002371573362299209,4.34274558194325e-05,0.0
0.006669919663030122,1.0,3.98e-06,0.1,0.0,0.002371573362299209,4.34274558194325e-05,0.0
0.006669919663030122,1.0,1.58e-05,0.1,0.0001,0.002371573362299209,4.34274558194325e-05,0.028458880347590518
0.006669919663030122,1.0,2e-05,0.1,0.0001,0.002371573362299209,4.34274558194325e-05,0.028458880347590518
0.006669919663030122,1.0,2.51e-05,0.1,0.00016666666666666666,0.002371573362299209,4.34274558194325e-05,0.04743146724598418
0.006669919663030122,1.0,3.16e-05,0.1,0.0002666666666666667,0.002371573362299209,4.34274558194325e-05,0.07589034759357471
0.006669919663030122,1.0,3.98e-05,0.1,0.0003,0.002371573362299209,4.34274558194325e-05,0.08537664104277154
0.006669919663030122,1.0,5.01e-05,0.1,0.0005666666666666667,0.002371573362299209,4.34274558194325e-05,0.16126698863634625
0.006669919663030122,1.0,6.31e-05,0.1,0.0009333333333333333,0.002371573362299209,4.34274558194325e-05,0.26561621657751144
0.006669919663030122,1.0,7.94e-05,0.1,0.0018,0.002371573362299209,4.34274558194325e-05,0.5122598462566292
0.006669919663030122,1.0,0.0001,0.1,0.0026666666666666666,0.002371573362299209,4.34274558194325e-05,0.7589034759357469
0.006669919663030122,1.0,0.000126,0.1,0.0038666666666666667,0.002371573362299209,4.34274558194325e-05,1.1004100401068333
0.006669919663030122,1.0,0.000158,0.1,0.005,0.002371573362299209,4.34274558194325e-05,1.4229440173795256
0.006669919663030122,1.0,0.0002,0.1,0.006533333333333334,0.002371573362299209,4.34274558194325e-05,1.8593135160425804
0.006669919663030122,1.0,0.000251,0.1,0.007533333333333334,0.002371573362299209,4.34274558194325e-05,2.143902319518485
0.006669919663030122,1.0,0.000316,0.1,0.008166666666666666,0.002371573362299209,4.34274558194325e-05,2.324141895053225
0.006669919663030122,1.0,0.000398,0.1,0.0066,0.002371573362299209,4.34274558194325e-05,1.8782861029409739
0.006669919663030122,1.0,0.000501,0.1,0.004733333333333333,0.002371573362299209,4.34274558194325e-05,1.347053669785951
0.006669919663030122,1.0,0.000631,0.1,0.0025,0.002371573362299209,4.34274558194325e-05,0.7114720086897628
0.006669919663030122,1.0,0.000794,0.1,0.0006666666666666666,0.002371573362299209,4.34274558194325e-05,0.18972586898393673
0.006669919663030122,1.0,0.001,0.1,0.0002,0.002371573362299209,4.34274558194325e-05,0.056917760695181036
0.006669919663030122,1.0,0.00126,0.1,3.3333333333333335e-05,0.002371573362299209,4.34274558194325e-05,0.00948629344919684
0.006669919663030122,1.0,0.00158,0.1,0.0,0.002371573362299209,4.34274558194325e-05,0.0
0.006669919663030122,1.0,0.002,0.1,0.0,0.002371573362299209,4.34274558194325e-05,0.0
0.006669919663030122,1.0,0.00251,0.1,0.0,0.002371573362299209,4.34274558194325e-05,0.0
0.006669919663030122,1.0,0.00316,0.1,0.0,0.002371573362299209,4.34274558194325e-05,0.0
0.006669919663030122,1.0,0.00398,0.1,0.0,0.002371573362299209,4.34274558194325e-05,0.0
0.006669919663030122,1.0,0.00501,0.1,0.0,0.002371573362299209,4.34274558194325e-05,0.0
0.006669919663030122,1.0,0.00631,0.1,0.0,0.002371573362299209,4.34274558194325e-05,0.0
0.0069858797467852495,1.0,1e-06,0.1,0.0,0.0026015713396831024,4.763910162393522e-05,0.0
0.0069858797467852495,1.0,1.26e-06,0.1,0.0,0.0026015713396831024,4.763910162393522e-05,0.0
0.0069858797467852495,1.0,1.58e-06,0.1,0.0,0.0026015713396831024,4.763910162393522e-05,0.0
0.0069858797467852495,1.0,2e-06,0.1,0.0,0.0026015713396831024,4.763910162393522e-05,0.0
0.0069858797467852495,1.0,2.51e-06,0.1,0.0,0.0026015713396831024,4.763910162393522e-05,0.0
0.0069858797467852495,1.0,3.16e-06,0.1,0.0,0.0026015713396831024,4.763910162393522e-05,0.0
0.0069858797467852495,1.0,3.98e-06,0.1,0.0,0.0026015713396831024,4.763910162393522e-05,0.0
0.0069858797467852495,1.0,1.58e-05,0.1,0.0001,0.0026015713396831024,4.763910162393522e-05,0.031218856076197232
0.0069858797467852495,1.0,2e-05,0.1,0.0001,0.0026015713396831024,4.763910162393522e-05,0.031218856076197232
0.0069858797467852495,1.0,2.51e-05,0.1,0.00016666666666666666,0.0026015713396831024,4.763910162393522e-05,0.05203142679366205
0.0069858797467852495,1.0,3.16e-05,0.1,0.0002666666666666667,0.0026015713396831024,4.763910162393522e-05,0.08325028286985929
0.0069858797467852495,1.0,3.98e-05,0.1,0.0003,0.0026015713396831024,4.763910162393522e-05,0.0936565682285917
0.0069858797467852495,1.0,5.01e-05,0.1,0.0005666666666666667,0.0026015713396831024,4.763910162393522e-05,0.176906851098451
0.0069858797467852495,1.0,6.31e-05,0.1,0.0009333333333333333,0.0026015713396831024,4.763910162393522e-05,0.2913759900445075
0.0069858797467852495,1.0,7.94e-05,0.1,0.0018,0.0026015713396831024,4.763910162393522e-05,0.5619394093715501
0.0069858797467852495,1.0,0.0001,0.1,0.0026666666666666666,0.0026015713396831024,4.763910162393522e-05,0.8325028286985928
0.0069858797467852495,1.0,0.000126,0.1,0.0038666666666666667,0.0026015713396831024,4.763910162393522e-05,1.2071291016129597
0.0069858797467852495,1.0,0.000158,0.1,0.005,0.0026015713396831024,4.763910162393522e-05,1.5609428038098616
0.0069858797467852495,1.0,0.0002,0.1,0.006533333333333334,0.0026015713396831024,4.763910162393522e-05,2.0396319303115527
0.0069858797467852495,1.0,0.000251,0.1,0.007533333333333334,0.0026015713396831024,4.763910162393522e-05,2.351820491073525
0.0069858797467852495,1.0,0.000316,0.1,0.008166666666666666,0.0026015713396831024,4.763910162393522e-05,2.5495399128894403
0.0069858797467852495,1.0,0.000398,0.1,0.0066,0.0026015713396831024,4.763910162393522e-05,2.0604445010290173
0.0069858797467852495,1.0,0.000501,0.1,0.004733333333333333,0.0026015713396831024,4.763910162393522e-05,1.4776925209400025
0.0069858797467852495,1.0,0.000631,0.1,0.0025,0.0026015713396831024,4.763910162393522e-05,0.7804714019049308
0.0069858797467852495,1.0,0.000794,0.1,0.0006666666666666666,0.0026015713396831024,4.763910162393522e-05,0.2081257071746482
0.0069858797467852495,1.0,0.001,0.1,0.0002,0.0026015713396831024,4.763910162393522e-05,0.062437712152394464
0.0069858797467852495,1.0,0.00126,0.1,3.3333333333333335e-05,0.0026015713396831024,4.763910162393522e-05,0.010406285358732411
0.0069858797467852495,1.0,0.00158,0.1,0.0,0.0026015713396831024,4.763910162393522e-05,0.0
0.0069858797467852495,1.0,0.002,0.1,0.0,0.0026015713396831024,4.763910162393522e-05,0.0
0.0069858797467852495,1.0,0.00251,0.1,0.0,0.0026015713396831024,4.763910162393522e-05,0.0
0.0069858797467852495,1.0,0.00316,0.1,0.0,0.0026015713396831024,4.763910162393522e-05,0.0
0.0069858797467852495,1.0,0.00398,0.1,0.0,0.0026015713396831024,4.763910162393522e-05,0.0
0.0069858797467852495,1.0,0.00501,0.1,0.0,0.0026015713396831024,4.763910162393522e-05,0.0
0.0069858797467852495,1.0,0.00631,0.1,0.0,0.0026015713396831024,4.763910162393522e-05,0.0
0.007316807143427192,1.0,1e-06,0.1,0.0,0.0028538736260374396,5.225917645188499e-05,0.0
0.007316807143427192,1.0,1.26e-06,0.1,0.0,0.0028538736260374396,5.225917645188499e-05,0.0
0.007316807143427192,1.0,1.58e-06,0.1,0.0,0.0028538736260374396,5.225917645188499e-05,0.0
0.007316807143427192,1.0,2e-06,0.1,0.0,0.0028538736260374396,5.225917645188499e-05,0.0
0.007316807143427192,1.0,2.51e-06,0.1,0.0,0.0028538736260374396,5.225917645188499e-05,0.0
0.007316807143427192,1.0,3.16e-06,0.1,0.0,0.0028538736260374396,5.225917645188499e-05,0.0
0.007316807143427192,1.0,3.98e-06,0.1,0.0,0.0028538736260374396,5.225917645188499e-05,0.0
0.007316807143427192,1.0,1.58e-05,0.1,0.0001,0.0028538736260374396,5.225917645188499e-05,0.03424648351244928
0.007316807143427192,1.0,2e-05,0.1,0.0001,0.0028538736260374396,5.225917645188499e-05,0.03424648351244928
0.007316807143427192,1.0,2.51e-05,0.1,0.00016666666666666666,0.0028538736260374396,5.225917645188499e-05,0.057077472520748795
0.007316807143427192,1.0,3.16e-05,0.1,0.0002666666666666667,0.0028538736260374396,5.225917645188499e-05,0.09132395603319808
0.007316807143427192,1.0,3.98e-05,0.1,0.0003,0.0028538736260374396,5.225917645188499e-05,0.10273945053734782
0.007316807143427192,1.0,5.01e-05,0.1,0.0005666666666666667,0.0028538736260374396,5.225917645188499e-05,0.1940634065705459
0.007316807143427192,1.0,6.31e-05,0.1,0.0009333333333333333,0.0028538736260374396,5.225917645188499e-05,0.3196338461161933
0.007316807143427192,1.0,7.94e-05,0.1,0.0018,0.0028538736260374396,5.225917645188499e-05,0.6164367032240871
0.007316807143427192,1.0,0.0001,0.1,0.0026666666666666666,0.0028538736260374396,5.225917645188499e-05,0.9132395603319807
0.007316807143427192,1.0,0.000126,0.1,0.0038666666666666667,0.0028538736260374396,5.225917645188499e-05,1.324197362481372
0.007316807143427192,1.0,0.000158,0.1,0.005,0.0028538736260374396,5.225917645188499e-05,1.712324175622464
0.007316807143427192,1.0,0.0002,0.1,0.006533333333333334,0.0028538736260374396,5.225917645188499e-05,2.237436922813353
0.007316807143427192,1.0,0.000251,0.1,0.007533333333333334,0.0028538736260374396,5.225917645188499e-05,2.579901757937846
0.007316807143427192,1.0,0.000316,0.1,0.008166666666666666,0.0028538736260374396,5.225917645188499e-05,2.796796153516691
0.007316807143427192,1.0,0.000398,0.1,0.0066,0.0028538736260374396,5.225917645188499e-05,2.260267911821652
0.007316807143427192,1.0,0.000501,0.1,0.004733333333333333,0.0028538736260374396,5.225917645188499e-05,1.6210002195892657
0.007316807143427192,1.0,0.000631,0.1,0.0025,0.0028538736260374396,5.225917645188499e-05,0.856162087811232
0.007316807143427192,1.0,0.000794,0.1,0.0006666666666666666,0.0028538736260374396,5.225917645188499e-05,0.22830989008299518
0.007316807143427192,1.0,0.001,0.1,0.0002,0.0028538736260374396,5.225917645188499e-05,0.06849296702489856
0.007316807143427192,1.0,0.00126,0.1,3.3333333333333335e-05,0.0028538736260374396,5.225917645188499e-05,0.01141549450414976
0.007316807143427192,1.0,0.00158,0.1,0.0,0.0028538736260374396,5.225917645188499e-05,0.0
0.007316807143427192,1.0,0.002,0.1,0.0,0.0028538736260374396,5.225917645188499e-05,0.0
0.007316807143427192,1.0,0.00251,0.1,0.0,0.0028538736260374396,5.225917645188499e-05,0.0
0.007316807143427192,1.0,0.00316,0.1,0.0,0.0028538736260374396,5.225917645188499e-05,0.0
0.007316807143427192,1.0,0.00398,0.1,0.0,0.0028538736260374396,5.225917645188499e-05,0.0
0.007316807143427192,1.0,0.00501,0.1,0.0,0.0028538736260374396,5.225917645188499e-05,0.0
0.007316807143427192,1.0,0.00631,0.1,0.0,0.0028538736260374396,5.225917645188499e-05,0.0
0.007663410868007463,1.0,1e-06,0.1,0.0,0.0031306429693983874,5.732728381978369e-05,0.0
0.007663410868007463,1.0,1.26e-06,0.1,0.0,0.0031306429693983874,5.732728381978369e-05,0.0
0.007663410868007463,1.0,1.58e-06,0.1,0.0,0.0031306429693983874,5.732728381978369e-05,0.0
0.007663410868007463,1.0,2e-06,0.1,0.0,0.0031306429693983874,5.732728381978369e-05,0.0
0.007663410868007463,1.0,2.51e-06,0.1,0.0,0.0031306429693983874,5.732728381978369e-05,0.0
0.007663410868007463,1.0,3.16e-06,0.1,0.0,0.0031306429693983874,5.732728381978369e-05,0.0
0.007663410868007463,1.0,3.98e-06,0.1,0.0,0.0031306429693983874,5.732728381978369e-05,0.0
0.007663410868007463,1.0,1.58e-05,0.1,0.0001,0.0031306429693983874,5.732728381978369e-05,0.03756771563278066
0.007663410868007463,1.0,2e-05,0.1,0.0001,0.0031306429693983874,5.732728381978369e-05,0.03756771563278066
0.007663410868007463,1.0,2.51e-05,0.1,0.00016666666666666666,0.0031306429693983874,5.732728381978369e-05,0.06261285938796776
0.007663410868007463,1.0,3.16e-05,0.1,0.0002666666666666667,0.0031306429693983874,5.732728381978369e-05,0.10018057502074842
0.007663410868007463,1.0,3.98e-05,0.1,0.0003,0.0031306429693983874,5.732728381978369e-05,0.11270314689834196
0.007663410868007463,1.0,5.01e-05,0.1,0.0005666666666666667,0.0031306429693983874,5.732728381978369e-05,0.2128837219190904
0.007663410868007463,1.0,6.31e-05,0.1,0.0009333333333333333,0.0031306429693983874,5.732728381978369e-05,0.35063201257261944
0.007663410868007463,1.0,7.94e-05,0.1,0.0018,0.0031306429693983874,5.732728381978369e-05,0.6762188813900518
0.007663410868007463,1.0,0.0001,0.1,0.0026666666666666666,0.0031306429693983874,5.732728381978369e-05,1.0018057502074842
0.007663410868007463,1.0,0.000126,0.1,0.0038666666666666667,0.0031306429693983874,5.732728381978369e-05,1.4526183378008521
0.007663410868007463,1.0,0.000158,0.1,0.005,0.0031306429693983874,5.732728381978369e-05,1.8783857816390328
0.007663410868007463,1.0,0.0002,0.1,0.006533333333333334,0.0031306429693983874,5.732728381978369e-05,2.454424088008336
0.007663410868007463,1.0,0.000251,0.1,0.007533333333333334,0.0031306429693983874,5.732728381978369e-05,2.8301012443361433
0.007663410868007463,1.0,0.000316,0.1,0.008166666666666666,0.0031306429693983874,5.732728381978369e-05,3.06803011001042
0.007663410868007463,1.0,0.000398,0.1,0.0066,0.0031306429693983874,5.732728381978369e-05,2.4794692317635234
0.007663410868007463,1.0,0.000501,0.1,0.004733333333333333,0.0031306429693983874,5.732728381978369e-05,1.7782052066182843
0.007663410868007463,1.0,0.000631,0.1,0.0025,0.0031306429693983874,5.732728381978369e-05,0.9391928908195164
0.007663410868007463,1.0,0.000794,0.1,0.0006666666666666666,0.0031306429693983874,5.732728381978369e-05,0.25045143755187105
0.007663410868007463,1.0,0.001,0.1,0.0002,0.0031306429693983874,5.732728381978369e-05,0.07513543126556133
0.007663410868007463,1.0,0.00126,0.1,3.3333333333333335e-05,0.0031306429693983874,5.732728381978369e-05,0.012522571877593553
0.007663410868007463,1.0,0.00158,0.1,0.0,0.0031306429693983874,5.732728381978369e-05,0.0
0.007663410868007463,1.0,0.002,0.1,0.0,0.0031306429693983874,5.732728381978369e-05,0.0
0.007663410868007463,1.0,0.00251,0.1,0.0,0.0031306429693983874,5.732728381978369e-05,0.0
0.007663410868007463,1.0,0.00316,0.1,0.0,0.0031306429693983874,5.732728381978369e-05,0.0
0.007663410868007463,1.0,0.00398,0.1,0.0,0.0031306429693983874,5.732728381978369e-05,0.0
0.007663410868007463,1.0,0.00501,0.1,0.0,0.0031306429693983874,5.732728381978369e-05,0.0
0.007663410868007463,1.0,0.00631,0.1,0.0,0.0031306429693983874,5.732728381978369e-05,0.0
0.008026433522257174,1.0,1e-06,0.1,0.0,0.003434251781494045,6.288686653532403e-05,0.0
0.008026433522257174,1.0,1.26e-06,0.1,0.0,0.003434251781494045,6.288686653532403e-05,0.0
0.008026433522257174,1.0,1.58e-06,0.1,0.0,0.003434251781494045,6.288686653532403e-05,0.0
0.008026433522257174,1.0,2e-06,0.1,0.0,0.003434251781494045,6.288686653532403e-05,0.0
0.008026433522257174,1.0,2.51e-06,0.1,0.0,0.003434251781494045,6.288686653532403e-05,0.0
0.008026433522257174,1.0,3.16e-06,0.1,0.0,0.003434251781494045,6.288686653532403e-05,0.0
0.008026433522257174,1.0,3.98e-06,0.1,0.0,0.003434251781494045,6.288686653532403e-05,0.0
0.008026433522257174,1.0,1.58e-05,0.1,0.0001,0.003434251781494045,6.288686653532403e-05,0.04121102137792855
0.008026433522257174,1.0,2e-05,0.1,0.0001,0.003434251781494045,6.288686653532403e-05,0.04121102137792855
0.008026433522257174,1.0,2.51e-05,0.1,0.00016666666666666666,0.003434251781494045,6.288686653532403e-05,0.06868503562988092
0.008026433522257174,1.0,3.16e-05,0.1,0.0002666666666666667,0.003434251781494045,6.288686653532403e-05,0.10989605700780947
0.008026433522257174,1.0,3.98e-05,0.1,0.0003,0.003434251781494045,6.288686653532403e-05,0.12363306413378564
0.008026433522257174,1.0,5.01e-05,0.1,0.0005666666666666667,0.003434251781494045,6.288686653532403e-05,0.23352912114159513
0.008026433522257174,1.0,6.31e-05,0.1,0.0009333333333333333,0.003434251781494045,6.288686653532403e-05,0.3846361995273331
0.008026433522257174,1.0,7.94e-05,0.1,0.0018,0.003434251781494045,6.288686653532403e-05,0.7417983848027139
0.008026433522257174,1.0,0.0001,0.1,0.0026666666666666666,0.003434251781494045,6.288686653532403e-05,1.0989605700780947
0.008026433522257174,1.0,0.000126,0.1,0.0038666666666666667,0.003434251781494045,6.288686653532403e-05,1.593492826613237
0.008026433522257174,1.0,0.000158,0.1,0.005,0.003434251781494045,6.288686653532403e-05,2.0605510688964275
0.008026433522257174,1.0,0.0002,0.1,0.006533333333333334,0.003434251781494045,6.288686653532403e-05,2.692453396691332
0.008026433522257174,1.0,0.000251,0.1,0.007533333333333334,0.003434251781494045,6.288686653532403e-05,3.1045636104706174
0.008026433522257174,1.0,0.000316,0.1,0.008166666666666666,0.003434251781494045,6.288686653532403e-05,3.3655667458641645
0.008026433522257174,1.0,0.000398,0.1,0.0066,0.003434251781494045,6.288686653532403e-05,2.719927410943284
0.008026433522257174,1.0,0.000501,0.1,0.004733333333333333,0.003434251781494045,6.288686653532403e-05,1.950655011888618
0.008026433522257174,1.0,0.000631,0.1,0.0025,0.003434251781494045,6.288686653532403e-05,1.0302755344482137
0.008026433522257174,1.0,0.000794,0.1,0.0006666666666666666,0.003434251781494045,6.288686653532403e-05,0.27474014251952367
0.008026433522257174,1.0,0.001,0.1,0.0002,0.003434251781494045,6.288686653532403e-05,0.0824220427558571
0.008026433522257174,1.0,0.00126,0.1,3.3333333333333335e-05,0.003434251781494045,6.288686653532403e-05,0.013737007125976183
0.008026433522257174,1.0,0.00158,0.1,0.0,0.003434251781494045,6.288686653532403e-05,0.0
0.008026433522257174,1.0,0.002,0.1,0.0,0.003434251781494045,6.288686653532403e-05,0.0
0.008026433522257174,1.0,0.00251,0.1,0.0,0.003434251781494045,6.288686653532403e-05,0.0
0.008026433522257174,1.0,0.00316,0.1,0.0,0.003434251781494045,6.288686653532403e-05,0.0
0.008026433522257174,1.0,0.00398,0.1,0.0,0.003434251781494045,6.288686653532403e-05,0.0
0.008026433522257174,1.0,0.00501,0.1,0.0,0.003434251781494045,6.288686653532403e-05,0.0
0.008026433522257174,1.0,0.00631,0.1,0.0,0.003434251781494045,6.288686653532403e-05,0.0
0.008406652885618326,1.0,1e-06,0.1,0.0,0.0037673024534071444,6.898557871098964e-05,0.0
0.008406652885618326,1.0,1.26e-06,0.1,0.0,0.0037673024534071444,6.898557871098964e-05,0.0
0.008406652885618326,1.0,1.58e-06,0.1,0.0,0.0037673024534071444,6.898557871098964e-05,0.0
0.008406652885618326,1.0,2e-06,0.1,0.0,0.0037673024534071444,6.898557871098964e-05,0.0
0.008406652885618326,1.0,2.51e-06,0.1,0.0,0.0037673024534071444,6.898557871098964e-05,0.0
0.008406652885618326,1.0,3.16e-06,0.1,0.0,0.0037673024534071444,6.898557871098964e-05,0.0
0.008406652885618326,1.0,3.98e-06,0.1,0.0,0.0037673024534071444,6.898557871098964e-05,0.0
0.008406652885618326,1.0,1.58e-05,0.1,0.0001,0.0037673024534071444,6.898557871098964e-05,0.045207629440885744
0.008406652885618326,1.0,2e-05,0.1,0.0001,0.0037673024534071444,6.898557871098964e-05,0.045207629440885744
0.008406652885618326,1.0,2.51e-05,0.1,0.00016666666666666666,0.0037673024534071444,6.898557871098964e-05,0.0753460490681429
0.008406652885618326,1.0,3.16e-05,0.1,0.0002666666666666667,0.0037673024534071444,6.898557871098964e-05,0.12055367850902865
0.008406652885618326,1.0,3.98e-05,0.1,0.0003,0.0037673024534071444,6.898557871098964e-05,0.1356228883226572
0.008406652885618326,1.0,5.01e-05,0.1,0.0005666666666666667,0.0037673024534071444,6.898557871098964e-05,0.2561765668316859
0.008406652885618326,1.0,6.31e-05,0.1,0.0009333333333333333,0.0037673024534071444,6.898557871098964e-05,0.4219378747816002
0.008406652885618326,1.0,7.94e-05,0.1,0.0018,0.0037673024534071444,6.898557871098964e-05,0.8137373299359434
0.008406652885618326,1.0,0.0001,0.1,0.0026666666666666666,0.0037673024534071444,6.898557871098964e-05,1.2055367850902865
0.008406652885618326,1.0,0.000126,0.1,0.0038666666666666667,0.0037673024534071444,6.898557871098964e-05,1.7480283383809152
0.008406652885618326,1.0,0.000158,0.1,0.005,0.0037673024534071444,6.898557871098964e-05,2.260381472044287
0.008406652885618326,1.0,0.0002,0.1,0.006533333333333334,0.0037673024534071444,6.898557871098964e-05,2.953565123471202
0.008406652885618326,1.0,0.000251,0.1,0.007533333333333334,0.0037673024534071444,6.898557871098964e-05,3.4056414178800596
0.008406652885618326,1.0,0.000316,0.1,0.008166666666666666,0.0037673024534071444,6.898557871098964e-05,3.691956404339002
0.008406652885618326,1.0,0.000398,0.1,0.0066,0.0037673024534071444,6.898557871098964e-05,2.983703543098459
0.008406652885618326,1.0,0.000501,0.1,0.004733333333333333,0.0037673024534071444,6.898557871098964e-05,2.1398277935352588
0.008406652885618326,1.0,0.000631,0.1,0.0025,0.0037673024534071444,6.898557871098964e-05,1.1301907360221435
0.008406652885618326,1.0,0.000794,0.1,0.0006666666666666666,0.0037673024534071444,6.898557871098964e-05,0.3013841962725716
0.008406652885618326,1.0,0.001,0.1,0.0002,0.0037673024534071444,6.898557871098964e-05,0.09041525888177149
0.008406652885618326,1.0,0.00126,0.1,3.3333333333333335e-05,0.0037673024534071444,6.898557871098964e-05,0.015069209813628581
0.008406652885618326,1.0,0.00158,0.1,0.0,0.0037673024534071444,6.898557871098964e-05,0.0
0.008406652885618326,1.0,0.002,0.1,0.0,0.0037673024534071444,6.898557871098964e-05,0.0
0.008406652885618326,1.0,0.00251,0.1,0.0,0.0037673024534071444,6.898557871098964e-05,0.0
0.008406652885618326,1.0,0.00316,0.1,0.0,0.0037673024534071444,6.898557871098964e-05,0.0
0.008406652885618326,1.0,0.00398,0.1,0.0,0.0037673024534071444,6.898557871098964e-05,0.0
0.008406652885618326,1.0,0.00501,0.1,0.0,0.0037673024534071444,6.898557871098964e-05,0.0
0.008406652885618326,1.0,0.00631,0.1,0.0,0.0037673024534071444,6.898557871098964e-05,0.0
0.008804883581643464,1.0,1e-06,0.1,0.0,0.004132649637758689,7.567569378792693e-05,0.0
0.008804883581643464,1.0,1.26e-06,0.1,0.0,0.004132649637758689,7.567569378792693e-05,0.0
0.008804883581643464,1.0,1.58e-06,0.1,0.0,0.004132649637758689,7.567569378792693e-05,0.0
0.008804883581643464,1.0,2e-06,0.1,0.0,0.004132649637758689,7.567569378792693e-05,0.0
0.008804883581643464,1.0,2.51e-06,0.1,0.0,0.004132649637758689,7.567569378792693e-05,0.0
0.008804883581643464,1.0,3.16e-06,0.1,0.0,0.004132649637758689,7.567569378792693e-05,0.0
0.008804883581643464,1.0,3.98e-06,0.1,0.0,0.004132649637758689,7.567569378792693e-05,0.0
0.008804883581643464,1.0,1.58e-05,0.1,0.0001,0.004132649637758689,7.567569378792693e-05,0.04959179565310428
0.008804883581643464,1.0,2e-05,0.1,0.0001,0.004132649637758689,7.567569378792693e-05,0.04959179565310428
0.008804883581643464,1.0,2.51e-05,0.1,0.00016666666666666666,0.004132649637758689,7.567569378792693e-05,0.0826529927551738
0.008804883581643464,1.0,3.16e-05,0.1,0.0002666666666666667,0.004132649637758689,7.567569378792693e-05,0.13224478840827808
0.008804883581643464,1.0,3.98e-05,0.1,0.0003,0.004132649637758689,7.567569378792693e-05,0.1487753869593128
0.008804883581643464,1.0,5.01e-05,0.1,0.0005666666666666667,0.004132649637758689,7.567569378792693e-05,0.2810201753675909
0.008804883581643464,1.0,6.31e-05,0.1,0.0009333333333333333,0.004132649637758689,7.567569378792693e-05,0.46285675942897325
0.008804883581643464,1.0,7.94e-05,0.1,0.0018,0.004132649637758689,7.567569378792693e-05,0.8926523217558769
0.008804883581643464,1.0,0.0001,0.1,0.0026666666666666666,0.004132649637758689,7.567569378792693e-05,1.3224478840827807
0.008804883581643464,1.0,0.000126,0.1,0.0038666666666666667,0.004132649637758689,7.567569378792693e-05,1.917549431920032
0.008804883581643464,1.0,0.000158,0.1,0.005,0.004132649637758689,7.567569378792693e-05,2.479589782655214
0.008804883581643464,1.0,0.0002,0.1,0.006533333333333334,0.004132649637758689,7.567569378792693e-05,3.2399973160028126
0.008804883581643464,1.0,0.000251,0.1,0.007533333333333334,0.004132649637758689,7.567569378792693e-05,3.7359152725338554
0.008804883581643464,1.0,0.000316,0.1,0.008166666666666666,0.004132649637758689,7.567569378792693e-05,4.049996645003516
0.008804883581643464,1.0,0.000398,0.1,0.0066,0.004132649637758689,7.567569378792693e-05,3.273058513104882
0.008804883581643464,1.0,0.000501,0.1,0.004733333333333333,0.004132649637758689,7.567569378792693e-05,2.3473449942469355
0.008804883581643464,1.0,0.000631,0.1,0.0025,0.004132649637758689,7.567569378792693e-05,1.239794891327607
0.008804883581643464,1.0,0.000794,0.1,0.0006666666666666666,0.004132649637758689,7.567569378792693e-05,0.3306119710206952
0.008804883581643464,1.0,0.001,0.1,0.0002,0.004132649637758689,7.567569378792693e-05,0.09918359130620856
0.008804883581643464,1.0,0.00126,0.1,3.3333333333333335e-05,0.004132649637758689,7.567569378792693e-05,0.01653059855103476
0.008804883581643464,1.0,0.00158,0.1,0.0,0.004132649637758689,7.567569378792693e-05,0.0
0.008804883581643464,1.0,0.002,0.1,0.0,0.004132649637758689,7.567569378792693e-05,0.0
0.008804883581643464,1.0,0.00251,0.1,0.0,0.004132649637758689,7.567569378792693e-05,0.0
0.008804883581643464,1.0,0.00316,0.1,0.0,0.004132649637758689,7.567569378792693e-05,0.0
0.008804883581643464,1.0,0.00398,0.1,0.0,0.004132649637758689,7.567569378792693e-05,0.0
0.008804883581643464,1.0,0.00501,0.1,0.0,0.004132649637758689,7.567569378792693e-05,0.0
0.008804883581643464,1.0,0.00631,0.1,0.0,0.004132649637758689,7.567569378792693e-05,0.0
0.009221978823334321,1.0,1e-06,0.1,0.0,0.004533424687363028,8.301455204839823e-05,0.0
0.009221978823334321,1.0,1.26e-06,0.1,0.0,0.004533424687363028,8.301455204839823e-05,0.0
0.009221978823334321,1.0,1.58e-06,0.1,0.0,0.004533424687363028,8.301455204839823e-05,0.0
0.009221978823334321,1.0,2e-06,0.1,0.0,0.004533424687363028,8.301455204839823e-05,0.0
0.009221978823334321,1.0,2.51e-06,0.1,0.0,0.004533424687363028,8.301455204839823e-05,0.0
0.009221978823334321,1.0,3.16e-06,0.1,0.0,0.004533424687363028,8.301455204839823e-05,0.0
0.009221978823334321,1.0,3.98e-06,0.1,0.0,0.004533424687363028,8.301455204839823e-05,0.0
0.009221978823334321,1.0,1.58e-05,0.1,0.0001,0.004533424687363028,8.301455204839823e-05,0.054401096248356345
0.009221978823334321,1.0,2e-05,0.1,0.0001,0.004533424687363028,8.301455204839823e-05,0.054401096248356345
0.009221978823334321,1.0,2.51e-05,0.1,0.00016666666666666666,0.004533424687363028,8.301455204839823e-05,0.09066849374726056
0.009221978823334321,1.0,3.16e-05,0.1,0.0002666666666666667,0.004533424687363028,8.301455204839823e-05,0.1450695899956169
0.009221978823334321,1.0,3.98e-05,0.1,0.0003,0.004533424687363028,8.301455204839823e-05,0.163203288745069
0.009221978823334321,1.0,5.01e-05,0.1,0.0005666666666666667,0.004533424687363028,8.301455204839823e-05,0.30827287874068593
0.009221978823334321,1.0,6.31e-05,0.1,0.0009333333333333333,0.004533424687363028,8.301455204839823e-05,0.5077435649846591
0.009221978823334321,1.0,7.94e-05,0.1,0.0018,0.004533424687363028,8.301455204839823e-05,0.9792197324704142
0.009221978823334321,1.0,0.0001,0.1,0.0026666666666666666,0.004533424687363028,8.301455204839823e-05,1.450695899956169
0.009221978823334321,1.0,0.000126,0.1,0.0038666666666666667,0.004533424687363028,8.301455204839823e-05,2.103509054936445
0.009221978823334321,1.0,0.000158,0.1,0.005,0.004533424687363028,8.301455204839823e-05,2.720054812417817
0.009221978823334321,1.0,0.0002,0.1,0.006533333333333334,0.004533424687363028,8.301455204839823e-05,3.554204954892614
0.009221978823334321,1.0,0.000251,0.1,0.007533333333333334,0.004533424687363028,8.301455204839823e-05,4.098215917376177
0.009221978823334321,1.0,0.000316,0.1,0.008166666666666666,0.004533424687363028,8.301455204839823e-05,4.442756193615767
0.009221978823334321,1.0,0.000398,0.1,0.0066,0.004533424687363028,8.301455204839823e-05,3.5904723523915183
0.009221978823334321,1.0,0.000501,0.1,0.004733333333333333,0.004533424687363028,8.301455204839823e-05,2.5749852224222
0.009221978823334321,1.0,0.000631,0.1,0.0025,0.004533424687363028,8.301455204839823e-05,1.3600274062089086
0.009221978823334321,1.0,0.000794,0.1,0.0006666666666666666,0.004533424687363028,8.301455204839823e-05,0.36267397498904225
0.009221978823334321,1.0,0.001,0.1,0.0002,0.004533424687363028,8.301455204839823e-05,0.10880219249671269
0.009221978823334321,1.0,0.00126,0.1,3.3333333333333335e-05,0.004533424687363028,8.301455204839823e-05,0.01813369874945211
0.009221978823334321,1.0,0.00158,0.1,0.0,0.004533424687363028,8.301455204839823e-05,0.0
0.009221978823334321,1.0,0.002,0.1,0.0,0.004533424687363028,8.301455204839823e-05,0.0
0.009221978823334321,1.0,0.00251,0.1,0.0,0.004533424687363028,8.301455204839823e-05,0.0
0.009221978823334321,1.0,0.00316,0.1,0.0,0.004533424687363028,8.301455204839823e-05,0.0
0.009221978823334321,1.0,0.00398,0.1,0.0,0.004533424687363028,8.301455204839823e-05,0.0
0.009221978823334321,1.0,0.00501,0.1,0.0,0.004533424687363028,8.301455204839823e-05,0.0
0.009221978823334321,1.0,0.00631,0.1,0.0,0.004533424687363028,8.301455204839823e-05,0.0
0.009658832241158708,1.0,1e-06,0.1,0.0,0.004973062458569547,9.106505142958337e-05,0.0
0.009658832241158708,1.0,1.26e-06,0.1,0.0,0.004973062458569547,9.106505142958337e-05,0.0
0.009658832241158708,1.0,1.58e-06,0.1,0.0,0.004973062458569547,9.106505142958337e-05,0.0
0.009658832241158708,1.0,2e-06,0.1,0.0,0.004973062458569547,9.106505142958337e-05,0.0
0.009658832241158708,1.0,2.51e-06,0.1,0.0,0.004973062458569547,9.106505142958337e-05,0.0
0.009658832241158708,1.0,3.16e-06,0.1,0.0,0.004973062458569547,9.106505142958337e-05,0.0
0.009658832241158708,1.0,3.98e-06,0.1,0.0,0.004973062458569547,9.106505142958337e-05,0.0
0.009658832241158708,1.0,1.58e-05,0.1,0.0001,0.004973062458569547,9.106505142958337e-05,0.05967674950283458
0.009658832241158708,1.0,2e-05,0.1,0.0001,0.004973062458569547,9.106505142958337e-05,0.05967674950283458
0.009658832241158708,1.0,2.51e-05,0.1,0.00016666666666666666,0.004973062458569547,9.106505142958337e-05,0.09946124917139096
0.009658832241158708,1.0,3.16e-05,0.1,0.0002666666666666667,0.004973062458569547,9.106505142958337e-05,0.15913799867422554
0.009658832241158708,1.0,3.98e-05,0.1,0.0003,0.004973062458569547,9.106505142958337e-05,0.17903024850850371
0.009658832241158708,1.0,5.01e-05,0.1,0.0005666666666666667,0.004973062458569547,9.106505142958337e-05,0.3381682471827293
0.009658832241158708,1.0,6.31e-05,0.1,0.0009333333333333333,0.004973062458569547,9.106505142958337e-05,0.5569829953597893
0.009658832241158708,1.0,7.94e-05,0.1,0.0018,0.004973062458569547,9.106505142958337e-05,1.0741814910510223
0.009658832241158708,1.0,0.0001,0.1,0.0026666666666666666,0.004973062458569547,9.106505142958337e-05,1.5913799867422553
0.009658832241158708,1.0,0.000126,0.1,0.0038666666666666667,0.004973062458569547,9.106505142958337e-05,2.30750098077627
0.009658832241158708,1.0,0.000158,0.1,0.005,0.004973062458569547,9.106505142958337e-05,2.983837475141729
0.009658832241158708,1.0,0.0002,0.1,0.006533333333333334,0.004973062458569547,9.106505142958337e-05,3.898880967518526
0.009658832241158708,1.0,0.000251,0.1,0.007533333333333334,0.004973062458569547,9.106505142958337e-05,4.495648462546871
0.009658832241158708,1.0,0.000316,0.1,0.008166666666666666,0.004973062458569547,9.106505142958337e-05,4.873601209398156
0.009658832241158708,1.0,0.000398,0.1,0.0066,0.004973062458569547,9.106505142958337e-05,3.9386654671870818
0.009658832241158708,1.0,0.000501,0.1,0.004733333333333333,0.004973062458569547,9.106505142958337e-05,2.824699476467503
0.009658832241158708,1.0,0.000631,0.1,0.0025,0.004973062458569547,9.106505142958337e-05,1.4919187375708645
0.009658832241158708,1.0,0.000794,0.1,0.0006666666666666666,0.004973062458569547,9.106505142958337e-05,0.39784499668556383
0.009658832241158708,1.0,0.001,0.1,0.0002,0.004973062458569547,9.106505142958337e-05,0.11935349900566916
0.009658832241158708,1.0,0.00126,0.1,3.3333333333333335e-05,0.004973062458569547,9.106505142958337e-05,0.019892249834278192
0.009658832241158708,1.0,0.00158,0.1,0.0,0.004973062458569547,9.106505142958337e-05,0.0
0.009658832241158708,1.0,0.002,0.1,0.0,0.004973062458569547,9.106505142958337e-05,0.0
0.009658832241158708,1.0,0.00251,0.1,0.0,0.004973062458569547,9.106505142958337e-05,0.0
0.009658832241158708,1.0,0.00316,0.1,0.0,0.004973062458569547,9.106505142958337e-05,0.0
0.009658832241158708,1.0,0.00398,0.1,0.0,0.004973062458569547,9.106505142958337e-05,0.0
0.009658832241158708,1.0,0.00501,0.1,0.0,0.004973062458569547,9.106505142958337e-05,0.0
0.009658832241158708,1.0,0.00631,0.1,0.0,0.004973062458569547,9.106505142958337e-05,0.0
0.01011637979766207,1.0,1e-06,0.1,0.0,0.0054553307075108,9.989618581781359e-05,0.0
0.01011637979766207,1.0,1.26e-06,0.1,0.0,0.0054553307075108,9.989618581781359e-05,0.0
0.01011637979766207,1.0,1.58e-06,0.1,0.0,0.0054553307075108,9.989618581781359e-05,0.0
0.01011637979766207,1.0,2e-06,0.1,0.0,0.0054553307075108,9.989618581781359e-05,0.0
0.01011637979766207,1.0,2.51e-06,0.1,0.0,0.0054553307075108,9.989618581781359e-05,0.0
0.01011637979766207,1.0,3.16e-06,0.1,0.0,0.0054553307075108,9.989618581781359e-05,0.0
0.01011637979766207,1.0,3.98e-06,0.1,0.0,0.0054553307075108,9.989618581781359e-05,0.0
0.01011637979766207,1.0,1.58e-05,0.1,0.0001,0.0054553307075108,9.989618581781359e-05,0.06546396849012961
0.01011637979766207,1.0,2e-05,0.1,0.0001,0.0054553307075108,9.989618581781359e-05,0.06546396849012961
0.01011637979766207,1.0,2.51e-05,0.1,0.00016666666666666666,0.0054553307075108,9.989618581781359e-05,0.10910661415021601
0.01011637979766207,1.0,3.16e-05,0.1,0.0002666666666666667,0.0054553307075108,9.989618581781359e-05,0.17457058264034564
0.01011637979766207,1.0,3.98e-05,0.1,0.0003,0.0054553307075108,9.989618581781359e-05,0.19639190547038882
0.01011637979766207,1.0,5.01e-05,0.1,0.0005666666666666667,0.0054553307075108,9.989618581781359e-05,0.3709624881107345
0.01011637979766207,1.0,6.31e-05,0.1,0.0009333333333333333,0.0054553307075108,9.989618581781359e-05,0.6109970392412097
0.01011637979766207,1.0,7.94e-05,0.1,0.0018,0.0054553307075108,9.989618581781359e-05,1.178351432822333
0.01011637979766207,1.0,0.0001,0.1,0.0026666666666666666,0.0054553307075108,9.989618581781359e-05,1.7457058264034562
0.01011637979766207,1.0,0.000126,0.1,0.0038666666666666667,0.0054553307075108,9.989618581781359e-05,2.5312734482850114
0.01011637979766207,1.0,0.000158,0.1,0.005,0.0054553307075108,9.989618581781359e-05,3.273198424506481
0.01011637979766207,1.0,0.0002,0.1,0.006533333333333334,0.0054553307075108,9.989618581781359e-05,4.276979274688468
0.01011637979766207,1.0,0.000251,0.1,0.007533333333333334,0.0054553307075108,9.989618581781359e-05,4.931618959589764
0.01011637979766207,1.0,0.000316,0.1,0.008166666666666666,0.0054553307075108,9.989618581781359e-05,5.3462240933605845
0.01011637979766207,1.0,0.000398,0.1,0.0066,0.0054553307075108,9.989618581781359e-05,4.320621920348554
0.01011637979766207,1.0,0.000501,0.1,0.004733333333333333,0.0054553307075108,9.989618581781359e-05,3.098627841866135
0.01011637979766207,1.0,0.000631,0.1,0.0025,0.0054553307075108,9.989618581781359e-05,1.6365992122532405
0.01011637979766207,1.0,0.000794,0.1,0.0006666666666666666,0.0054553307075108,9.989618581781359e-05,0.43642645660086404
0.01011637979766207,1.0,0.001,0.1,0.0002,0.0054553307075108,9.989618581781359e-05,0.13092793698025923
0.01011637979766207,1.0,0.00126,0.1,3.3333333333333335e-05,0.0054553307075108,9.989618581781359e-05,0.021821322830043205
0.01011637979766207,1.0,0.00158,0.1,0.0,0.0054553307075108,9.989618581781359e-05,0.0
0.01011637979766207,1.0,0.002,0.1,0.0,0.0054553307075108,9.989618581781359e-05,0.0
0.01011637979766207,1.0,0.00251,0.1,0.0,0.0054553307075108,9.989618581781359e-05,0.0
0.01011637979766207,1.0,0.00316,0.1,0.0,0.0054553307075108,9.989618581781359e-05,0.0
0.01011637979766207,1.0,0.00398,0.1,0.0,0.0054553307075108,9.989618581781359e-05,0.0
0.01011637979766207,1.0,0.00501,0.1,0.0,0.0054553307075108,9.989618581781359e-05,0.0
0.01011637979766207,1.0,0.00631,0.1,0.0,0.0054553307075108,9.989618581781359e-05,0.0
0.010595601792776159,1.0,1e-06,0.1,0.0,0.005984362329383579,0.00010958363540347151,0.0
0.010595601792776159,1.0,1.26e-06,0.1,0.0,0.005984362329383579,0.00010958363540347151,0.0
0.010595601792776159,1.0,1.58e-06,0.1,0.0,0.005984362329383579,0.00010958363540347151,0.0
0.010595601792776159,1.0,2e-06,0.1,0.0,0.005984362329383579,0.00010958363540347151,0.0
0.010595601792776159,1.0,2.51e-06,0.1,0.0,0.005984362329383579,0.00010958363540347151,0.0
0.010595601792776159,1.0,3.16e-06,0.1,0.0,0.005984362329383579,0.00010958363540347151,0.0
0.010595601792776159,1.0,3.98e-06,0.1,0.0,0.005984362329383579,0.00010958363540347151,0.0
0.010595601792776159,1.0,1.58e-05,0.1,0.0001,0.005984362329383579,0.00010958363540347151,0.07181234795260294
0.010595601792776159,1.0,2e-05,0.1,0.0001,0.005984362329383579,0.00010958363540347151,0.07181234795260294
0.010595601792776159,1.0,2.51e-05,0.1,0.00016666666666666666,0.005984362329383579,0.00010958363540347151,0.11968724658767156
0.010595601792776159,1.0,3.16e-05,0.1,0.0002666666666666667,0.005984362329383579,0.00010958363540347151,0.19149959454027454
0.010595601792776159,1.0,3.98e-05,0.1,0.0003,0.005984362329383579,0.00010958363540347151,0.21543704385780882
0.010595601792776159,1.0,5.01e-05,0.1,0.0005666666666666667,0.005984362329383579,0.00010958363540347151,0.40693663839808336
0.010595601792776159,1.0,6.31e-05,0.1,0.0009333333333333333,0.005984362329383579,0.00010958363540347151,0.6702485808909608
0.010595601792776159,1.0,7.94e-05,0.1,0.0018,0.005984362329383579,0.00010958363540347151,1.292622263146853
0.010595601792776159,1.0,0.0001,0.1,0.0026666666666666666,0.005984362329383579,0.00010958363540347151,1.914995945402745
0.010595601792776159,1.0,0.000126,0.1,0.0038666666666666667,0.005984362329383579,0.00010958363540347151,2.7767441208339805
0.010595601792776159,1.0,0.000158,0.1,0.005,0.005984362329383579,0.00010958363540347151,3.5906173976301474
0.010595601792776159,1.0,0.0002,0.1,0.006533333333333334,0.005984362329383579,0.00010958363540347151,4.691740066236726
0.010595601792776159,1.0,0.000251,0.1,0.007533333333333334,0.005984362329383579,0.00010958363540347151,5.4098635457627555
0.010595601792776159,1.0,0.000316,0.1,0.008166666666666666,0.005984362329383579,0.00010958363540347151,5.864675082795906
0.010595601792776159,1.0,0.000398,0.1,0.0066,0.005984362329383579,0.00010958363540347151,4.739614964871794
0.010595601792776159,1.0,0.000501,0.1,0.004733333333333333,0.005984362329383579,0.00010958363540347151,3.3991178030898723
0.010595601792776159,1.0,0.000631,0.1,0.0025,0.005984362329383579,0.00010958363540347151,1.7953086988150737
0.010595601792776159,1.0,0.000794,0.1,0.0006666666666666666,0.005984362329383579,0.00010958363540347151,0.47874898635068625
0.010595601792776159,1.0,0.001,0.1,0.0002,0.005984362329383579,0.00010958363540347151,0.14362469590520588
0.010595601792776159,1.0,0.00126,0.1,3.3333333333333335e-05,0.005984362329383579,0.00010958363540347151,0.023937449317534318
0.010595601792776159,1.0,0.00158,0.1,0.0,0.005984362329383579,0.00010958363540347151,0.0
0.010595601792776159,1.0,0.002,0.1,0.0,0.005984362329383579,0.00010958363540347151,0.0
0.010595601792776159,1.0,0.00251,0.1,0.0,0.005984362329383579,0.00010958363540347151,0.0
0.010595601792776159,1.0,0.00316,0.1,0.0,0.005984362329383579,0.00010958363540347151,0.0
0.010595601792776159,1.0,0.00398,0.1,0.0,0.005984362329383579,0.00010958363540347151,0.0
0.010595601792776159,1.0,0.00501,0.1,0.0,0.005984362329383579,0.00010958363540347151,0.0
0.010595601792776159,1.0,0.00631,0.1,0.0,0.005984362329383579,0.00010958363540347151,0.0
0.011097524964120722,1.0,1e-06,0.1,0.0,0.006564690714873362,0.0001202104141159744,0.0
0.011097524964120722,1.0,1.26e-06,0.1,0.0,0.006564690714873362,0.0001202104141159744,0.0
0.011097524964120722,1.0,1.58e-06,0.1,0.0,0.006564690714873362,0.0001202104141159744,0.0
0.011097524964120722,1.0,2e-06,0.1,0.0,0.006564690714873362,0.0001202104141159744,0.0
0.011097524964120722,1.0,2.51e-06,0.1,0.0,0.006564690714873362,0.0001202104141159744,0.0
0.011097524964120722,1.0,3.16e-06,0.1,0.0,0.006564690714873362,0.0001202104141159744,0.0
0.011097524964120722,1.0,3.98e-06,0.1,0.0,0.006564690714873362,0.0001202104141159744,0.0
0.011097524964120722,1.0,1.58e-05,0.1,0.0001,0.006564690714873362,0.0001202104141159744,0.07877628857848035
0.011097524964120722,1.0,2e-05,0.1,0.0001,0.006564690714873362,0.0001202104141159744,0.07877628857848035
0.011097524964120722,1.0,2.51e-05,0.1,0.00016666666666666666,0.006564690714873362,0.0001202104141159744,0.13129381429746723
0.011097524964120722,1.0,3.16e-05,0.1,0.0002666666666666667,0.006564690714873362,0.0001202104141159744,0.21007010287594763
0.011097524964120722,1.0,3.98e-05,0.1,0.0003,0.006564690714873362,0.0001202104141159744,0.23632886573544104
0.011097524964120722,1.0,5.01e-05,0.1,0.0005666666666666667,0.006564690714873362,0.0001202104141159744,0.44639896861138867
0.011097524964120722,1.0,6.31e-05,0.1,0.0009333333333333333,0.006564690714873362,0.0001202104141159744,0.7352453600658166
0.011097524964120722,1.0,7.94e-05,0.1,0.0018,0.006564690714873362,0.0001202104141159744,1.4179731944126461
0.011097524964120722,1.0,0.0001,0.1,0.0026666666666666666,0.006564690714873362,0.0001202104141159744,2.1007010287594756
0.011097524964120722,1.0,0.000126,0.1,0.0038666666666666667,0.006564690714873362,0.0001202104141159744,3.04601649170124
0.011097524964120722,1.0,0.000158,0.1,0.005,0.006564690714873362,0.0001202104141159744,3.9388144289240175
0.011097524964120722,1.0,0.0002,0.1,0.006533333333333334,0.006564690714873362,0.0001202104141159744,5.146717520460716
0.011097524964120722,1.0,0.000251,0.1,0.007533333333333334,0.006564690714873362,0.0001202104141159744,5.93448040624552
0.011097524964120722,1.0,0.000316,0.1,0.008166666666666666,0.006564690714873362,0.0001202104141159744,6.433396900575895
0.011097524964120722,1.0,0.000398,0.1,0.0066,0.006564690714873362,0.0001202104141159744,5.199235046179703
0.011097524964120722,1.0,0.000501,0.1,0.004733333333333333,0.006564690714873362,0.0001202104141159744,3.7287443260480693
0.011097524964120722,1.0,0.000631,0.1,0.0025,0.006564690714873362,0.0001202104141159744,1.9694072144620087
0.011097524964120722,1.0,0.000794,0.1,0.0006666666666666666,0.006564690714873362,0.0001202104141159744,0.5251752571898689
0.011097524964120722,1.0,0.001,0.1,0.0002,0.006564690714873362,0.0001202104141159744,0.1575525771569607
0.011097524964120722,1.0,0.00126,0.1,3.3333333333333335e-05,0.006564690714873362,0.0001202104141159744,0.026258762859493454
0.011097524964120722,1.0,0.00158,0.1,0.0,0.006564690714873362,0.0001202104141159744,0.0
0.011097524964120722,1.0,0.002,0.1,0.0,0.006564690714873362,0.0001202104141159744,0.0
0.011097524964120722,1.0,0.00251,0.1,0.0,0.006564690714873362,0.0001202104141159744,0.0
0.011097524964120722,1.0,0.00316,0.1,0.0,0.006564690714873362,0.0001202104141159744,0.0
0.011097524964120722,1.0,0.00398,0.1,0.0,0.006564690714873362,0.0001202104141159744,0.0
0.011097524964120722,1.0,0.00501,0.1,0.0,0.006564690714873362,0.0001202104141159744,0.0
0.011097524964120722,1.0,0.00631,0.1,0.0,0.006564690714873362,0.0001202104141159744,0.0
0.011623224686798524,1.0,1e-06,0.1,0.0,0.007201288524088469,0.00013186757963904906,0.0
0.011623224686798524,1.0,1.26e-06,0.1,0.0,0.007201288524088469,0.00013186757963904906,0.0
0.011623224686798524,1.0,1.58e-06,0.1,0.0,0.007201288524088469,0.00013186757963904906,0.0
0.011623224686798524,1.0,2e-06,0.1,0.0,0.007201288524088469,0.00013186757963904906,0.0
0.011623224686798524,1.0,2.51e-06,0.1,0.0,0.007201288524088469,0.00013186757963904906,0.0
0.011623224686798524,1.0,3.16e-06,0.1,0.0,0.007201288524088469,0.00013186757963904906,0.0
0.011623224686798524,1.0,3.98e-06,0.1,0.0,0.007201288524088469,0.00013186757963904906,0.0
0.011623224686798524,1.0,1.58e-05,0.1,0.0001,0.007201288524088469,0.00013186757963904906,0.08641546228906165
0.011623224686798524,1.0,2e-05,0.1,0.0001,0.007201288524088469,0.00013186757963904906,0.08641546228906165
0.011623224686798524,1.0,2.51e-05,0.1,0.00016666666666666666,0.007201288524088469,0.00013186757963904906,0.1440257704817694
0.011623224686798524,1.0,3.16e-05,0.1,0.0002666666666666667,0.007201288524088469,0.00013186757963904906,0.23044123277083106
0.011623224686798524,1.0,3.98e-05,0.1,0.0003,0.007201288524088469,0.00013186757963904906,0.2592463868671849
0.011623224686798524,1.0,5.01e-05,0.1,0.0005666666666666667,0.007201288524088469,0.00013186757963904906,0.489687619638016
0.011623224686798524,1.0,6.31e-05,0.1,0.0009333333333333333,0.007201288524088469,0.00013186757963904906,0.8065443146979085
0.011623224686798524,1.0,7.94e-05,0.1,0.0018,0.007201288524088469,0.00013186757963904906,1.5554783212031094
0.011623224686798524,1.0,0.0001,0.1,0.0026666666666666666,0.007201288524088469,0.00013186757963904906,2.3044123277083104
0.011623224686798524,1.0,0.000126,0.1,0.0038666666666666667,0.007201288524088469,0.00013186757963904906,3.34139787517705
0.011623224686798524,1.0,0.000158,0.1,0.005,0.007201288524088469,0.00013186757963904906,4.320773114453082
0.011623224686798524,1.0,0.0002,0.1,0.006533333333333334,0.007201288524088469,0.00013186757963904906,5.645810202885361
0.011623224686798524,1.0,0.000251,0.1,0.007533333333333334,0.007201288524088469,0.00013186757963904906,6.5099648257759775
0.011623224686798524,1.0,0.000316,0.1,0.008166666666666666,0.007201288524088469,0.00013186757963904906,7.057262753606699
0.011623224686798524,1.0,0.000398,0.1,0.0066,0.007201288524088469,0.00013186757963904906,5.703420511078068
0.011623224686798524,1.0,0.000501,0.1,0.004733333333333333,0.007201288524088469,0.00013186757963904906,4.090331881682251
0.011623224686798524,1.0,0.000631,0.1,0.0025,0.007201288524088469,0.00013186757963904906,2.160386557226541
0.011623224686798524,1.0,0.000794,0.1,0.0006666666666666666,0.007201288524088469,0.00013186757963904906,0.5761030819270776
0.011623224686798524,1.0,0.001,0.1,0.0002,0.007201288524088469,0.00013186757963904906,0.1728309245781233
0.011623224686798524,1.0,0.00126,0.1,3.3333333333333335e-05,0.007201288524088469,0.00013186757963904906,0.028805154096353883
0.011623224686798524,1.0,0.00158,0.1,0.0,0.007201288524088469,0.00013186757963904906,0.0
0.011623224686798524,1.0,0.002,0.1,0.0,0.007201288524088469,0.00013186757963904906,0.0
0.011623224686798524,1.0,0.00251,0.1,0.0,0.007201288524088469,0.00013186757963904906,0.0
0.011623224686798524,1.0,0.00316,0.1,0.0,0.007201288524088469,0.00013186757963904906,0.0
0.011623224686798524,1.0,0.00398,0.1,0.0,0.007201288524088469,0.00013186757963904906,0.0
0.011623224686798524,1.0,0.00501,0.1,0.0,0.007201288524088469,0.00013186757963904906,0.0
0.011623224686798524,1.0,0.00631,0.1,0.0,0.007201288524088469,0.00013186757963904906,0.0
0.012173827277396614,1.0,1e-06,0.1,0.0,0.007899610207104453,0.0001446550120326763,0.0
0.012173827277396614,1.0,1.26e-06,0.1,0.0,0.007899610207104453,0.0001446550120326763,0.0
0.012173827277396614,1.0,1.58e-06,0.1,0.0,0.007899610207104453,0.0001446550120326763,0.0
0.012173827277396614,1.0,2e-06,0.1,0.0,0.007899610207104453,0.0001446550120326763,0.0
0.012173827277396614,1.0,2.51e-06,0.1,0.0,0.007899610207104453,0.0001446550120326763,0.0
0.012173827277396614,1.0,3.16e-06,0.1,0.0,0.007899610207104453,0.0001446550120326763,0.0
0.012173827277396614,1.0,3.98e-06,0.1,0.0,0.007899610207104453,0.0001446550120326763,0.0
0.012173827277396614,1.0,1.58e-05,0.1,0.0001,0.007899610207104453,0.0001446550120326763,0.09479532248525345
0.012173827277396614,1.0,2e-05,0.1,0.0001,0.007899610207104453,0.0001446550120326763,0.09479532248525345
0.012173827277396614,1.0,2.51e-05,0.1,0.00016666666666666666,0.007899610207104453,0.0001446550120326763,0.15799220414208906
0.012173827277396614,1.0,3.16e-05,0.1,0.0002666666666666667,0.007899610207104453,0.0001446550120326763,0.2527875266273425
0.012173827277396614,1.0,3.98e-05,0.1,0.0003,0.007899610207104453,0.0001446550120326763,0.2843859674557603
0.012173827277396614,1.0,5.01e-05,0.1,0.0005666666666666667,0.007899610207104453,0.0001446550120326763,0.5371734940831029
0.012173827277396614,1.0,6.31e-05,0.1,0.0009333333333333333,0.007899610207104453,0.0001446550120326763,0.8847563431956987
0.012173827277396614,1.0,7.94e-05,0.1,0.0018,0.007899610207104453,0.0001446550120326763,1.7063158047345617
0.012173827277396614,1.0,0.0001,0.1,0.0026666666666666666,0.007899610207104453,0.0001446550120326763,2.527875266273425
0.012173827277396614,1.0,0.000126,0.1,0.0038666666666666667,0.007899610207104453,0.0001446550120326763,3.665419136096466
0.012173827277396614,1.0,0.000158,0.1,0.005,0.007899610207104453,0.0001446550120326763,4.739766124262672
0.012173827277396614,1.0,0.0002,0.1,0.006533333333333334,0.007899610207104453,0.0001446550120326763,6.193294402369892
0.012173827277396614,1.0,0.000251,0.1,0.007533333333333334,0.007899610207104453,0.0001446550120326763,7.141247627222426
0.012173827277396614,1.0,0.000316,0.1,0.008166666666666666,0.007899610207104453,0.0001446550120326763,7.741618002962364
0.012173827277396614,1.0,0.000398,0.1,0.0066,0.007899610207104453,0.0001446550120326763,6.256491284026727
0.012173827277396614,1.0,0.000501,0.1,0.004733333333333333,0.007899610207104453,0.0001446550120326763,4.486978597635329
0.012173827277396614,1.0,0.000631,0.1,0.0025,0.007899610207104453,0.0001446550120326763,2.369883062131336
0.012173827277396614,1.0,0.000794,0.1,0.0006666666666666666,0.007899610207104453,0.0001446550120326763,0.6319688165683562
0.012173827277396614,1.0,0.001,0.1,0.0002,0.007899610207104453,0.0001446550120326763,0.1895906449705069
0.012173827277396614,1.0,0.00126,0.1,3.3333333333333335e-05,0.007899610207104453,0.0001446550120326763,0.03159844082841781
0.012173827277396614,1.0,0.00158,0.1,0.0,0.007899610207104453,0.0001446550120326763,0.0
0.012173827277396614,1.0,0.002,0.1,0.0,0.007899610207104453,0.0001446550120326763,0.0
0.012173827277396614,1.0,0.00251,0.1,0.0,0.007899610207104453,0.0001446550120326763,0.0
0.012173827277396614,1.0,0.00316,0.1,0.0,0.007899610207104453,0.0001446550120326763,0.0
0.012173827277396614,1.0,0.00398,0.1,0.0,0.007899610207104453,0.0001446550120326763,0.0
0.012173827277396614,1.0,0.00501,0.1,0.0,0.007899610207104453,0.0001446550120326763,0.0
0.012173827277396614,1.0,0.00631,0.1,0.0,0.007899610207104453,0.0001446550120326763,0.0
0.012750512407130135,1.0,1e-06,0.1,0.0,0.00866563863166017,0.00015868226756381927,0.0
0.012750512407130135,1.0,1.26e-06,0.1,0.0,0.00866563863166017,0.00015868226756381927,0.0
0.012750512407130135,1.0,1.58e-06,0.1,0.0,0.00866563863166017,0.00015868226756381927,0.0
0.012750512407130135,1.0,2e-06,0.1,0.0,0.00866563863166017,0.00015868226756381927,0.0
0.012750512407130135,1.0,2.51e-06,0.1,0.0,0.00866563863166017,0.00015868226756381927,0.0
0.012750512407130135,1.0,3.16e-06,0.1,0.0,0.00866563863166017,0.00015868226756381927,0.0
0.012750512407130135,1.0,3.98e-06,0.1,0.0,0.00866563863166017,0.00015868226756381927,0.0
0.012750512407130135,1.0,1.58e-05,0.1,0.0001,0.00866563863166017,0.00015868226756381927,0.10398766357992205
0.012750512407130135,1.0,2e-05,0.1,0.0001,0.00866563863166017,0.00015868226756381927,0.10398766357992205
0.012750512407130135,1.0,2.51e-05,0.1,0.00016666666666666666,0.00866563863166017,0.00015868226756381927,0.1733127726332034
0.012750512407130135,1.0,3.16e-05,0.1,0.0002666666666666667,0.00866563863166017,0.00015868226756381927,0.27730043621312545
0.012750512407130135,1.0,3.98e-05,0.1,0.0003,0.00866563863166017,0.00015868226756381927,0.31196299073976613
0.012750512407130135,1.0,5.01e-05,0.1,0.0005666666666666667,0.00866563863166017,0.00015868226756381927,0.5892634269528917
0.012750512407130135,1.0,6.31e-05,0.1,0.0009333333333333333,0.00866563863166017,0.00015868226756381927,0.9705515267459393
0.012750512407130135,1.0,7.94e-05,0.1,0.0018,0.00866563863166017,0.00015868226756381927,1.871777944438597
0.012750512407130135,1.0,0.0001,0.1,0.0026666666666666666,0.00866563863166017,0.00015868226756381927,2.7730043621312546
0.012750512407130135,1.0,0.000126,0.1,0.0038666666666666667,0.00866563863166017,0.00015868226756381927,4.020856325090319
0.012750512407130135,1.0,0.000158,0.1,0.005,0.00866563863166017,0.00015868226756381927,5.1993831789961025
0.012750512407130135,1.0,0.0002,0.1,0.006533333333333334,0.00866563863166017,0.00015868226756381927,6.793860687221574
0.012750512407130135,1.0,0.000251,0.1,0.007533333333333334,0.00866563863166017,0.00015868226756381927,7.833737323020795
0.012750512407130135,1.0,0.000316,0.1,0.008166666666666666,0.00866563863166017,0.00015868226756381927,8.492325859026968
0.012750512407130135,1.0,0.000398,0.1,0.0066,0.00866563863166017,0.00015868226756381927,6.8631857962748555
0.012750512407130135,1.0,0.000501,0.1,0.004733333333333333,0.00866563863166017,0.00015868226756381927,4.922082742782977
0.012750512407130135,1.0,0.000631,0.1,0.0025,0.00866563863166017,0.00015868226756381927,2.5996915894980512
0.012750512407130135,1.0,0.000794,0.1,0.0006666666666666666,0.00866563863166017,0.00015868226756381927,0.6932510905328136
0.012750512407130135,1.0,0.001,0.1,0.0002,0.00866563863166017,0.00015868226756381927,0.2079753271598441
0.012750512407130135,1.0,0.00126,0.1,3.3333333333333335e-05,0.00866563863166017,0.00015868226756381927,0.03466255452664068
0.012750512407130135,1.0,0.00158,0.1,0.0,0.00866563863166017,0.00015868226756381927,0.0
0.012750512407130135,1.0,0.002,0.1,0.0,0.00866563863166017,0.00015868226756381927,0.0
0.012750512407130135,1.0,0.00251,0.1,0.0,0.00866563863166017,0.00015868226756381927,0.0
0.012750512407130135,1.0,0.00316,0.1,0.0,0.00866563863166017,0.00015868226756381927,0.0
0.012750512407130135,1.0,0.00398,0.1,0.0,0.00866563863166017,0.00015868226756381927,0.0
0.012750512407130135,1.0,0.00501,0.1,0.0,0.00866563863166017,0.00015868226756381927,0.0
0.012750512407130135,1.0,0.00631,0.1,0.0,0.00866563863166017,0.00015868226756381927,0.0
0.013354515629298987,1.0,1e-06,0.1,0.0,0.009505936212940764,0.00017406951497785686,0.0
0.013354515629298987,1.0,1.26e-06,0.1,0.0,0.009505936212940764,0.00017406951497785686,0.0
0.013354515629298987,1.0,1.58e-06,0.1,0.0,0.009505936212940764,0.00017406951497785686,0.0
0.013354515629298987,1.0,2e-06,0.1,0.0,0.009505936212940764,0.00017406951497785686,0.0
0.013354515629298987,1.0,2.51e-06,0.1,0.0,0.009505936212940764,0.00017406951497785686,0.0
0.013354515629298987,1.0,3.16e-06,0.1,0.0,0.009505936212940764,0.00017406951497785686,0.0
0.013354515629298987,1.0,3.98e-06,0.1,0.0,0.009505936212940764,0.00017406951497785686,0.0
0.013354515629298987,1.0,1.58e-05,0.1,0.0001,0.009505936212940764,0.00017406951497785686,0.11407123455528918
0.013354515629298987,1.0,2e-05,0.1,0.0001,0.009505936212940764,0.00017406951497785686,0.11407123455528918
0.013354515629298987,1.0,2.51e-05,0.1,0.00016666666666666666,0.009505936212940764,0.00017406951497785686,0.1901187242588153
0.013354515629298987,1.0,3.16e-05,0.1,0.0002666666666666667,0.009505936212940764,0.00017406951497785686,0.3041899588141045
0.013354515629298987,1.0,3.98e-05,0.1,0.0003,0.009505936212940764,0.00017406951497785686,0.3422137036658675
0.013354515629298987,1.0,5.01e-05,0.1,0.0005666666666666667,0.009505936212940764,0.00017406951497785686,0.646403662479972
0.013354515629298987,1.0,6.31e-05,0.1,0.0009333333333333333,0.009505936212940764,0.00017406951497785686,1.0646648558493657
0.013354515629298987,1.0,7.94e-05,0.1,0.0018,0.009505936212940764,0.00017406951497785686,2.053282221995205
0.013354515629298987,1.0,0.0001,0.1,0.0026666666666666666,0.009505936212940764,0.00017406951497785686,3.0418995881410447
0.013354515629298987,1.0,0.000126,0.1,0.0038666666666666667,0.009505936212940764,0.00017406951497785686,4.410754402804515
0.013354515629298987,1.0,0.000158,0.1,0.005,0.009505936212940764,0.00017406951497785686,5.703561727764459
0.013354515629298987,1.0,0.0002,0.1,0.006533333333333334,0.009505936212940764,0.00017406951497785686,7.45265399094556
0.013354515629298987,1.0,0.000251,0.1,0.007533333333333334,0.009505936212940764,0.00017406951497785686,8.593366336498452
0.013354515629298987,1.0,0.000316,0.1,0.008166666666666666,0.009505936212940764,0.00017406951497785686,9.31581748868195
0.013354515629298987,1.0,0.000398,0.1,0.0066,0.009505936212940764,0.00017406951497785686,7.528701480649087
0.013354515629298987,1.0,0.000501,0.1,0.004733333333333333,0.009505936212940764,0.00017406951497785686,5.399371768950354
0.013354515629298987,1.0,0.000631,0.1,0.0025,0.009505936212940764,0.00017406951497785686,2.8517808638822295
0.013354515629298987,1.0,0.000794,0.1,0.0006666666666666666,0.009505936212940764,0.00017406951497785686,0.7604748970352612
0.013354515629298987,1.0,0.001,0.1,0.0002,0.009505936212940764,0.00017406951497785686,0.22814246911057837
0.013354515629298987,1.0,0.00126,0.1,3.3333333333333335e-05,0.009505936212940764,0.00017406951497785686,0.03802374485176306
0.013354515629298987,1.0,0.00158,0.1,0.0,0.009505936212940764,0.00017406951497785686,0.0
0.013354515629298987,1.0,0.002,0.1,0.0,0.009505936212940764,0.00017406951497785686,0.0
0.013354515629298987,1.0,0.00251,0.1,0.0,0.009505936212940764,0.00017406951497785686,0.0
0.013354515629298987,1.0,0.00316,0.1,0.0,0.009505936212940764,0.00017406951497785686,0.0
0.013354515629298987,1.0,0.00398,0.1,0.0,0.009505936212940764,0.00017406951497785686,0.0
0.013354515629298987,1.0,0.00501,0.1,0.0,0.009505936212940764,0.00017406951497785686,0.0
0.013354515629298987,1.0,0.00631,0.1,0.0,0.009505936212940764,0.00017406951497785686,0.0
0.013987131026472387,1.0,1e-06,0.1,0.0,0.010427700977995212,0.00019094856213139008,0.0
0.013987131026472387,1.0,1.26e-06,0.1,0.0,0.010427700977995212,0.00019094856213139008,0.0
0.013987131026472387,1.0,1.58e-06,0.1,0.0,0.010427700977995212,0.00019094856213139008,0.0
0.013987131026472387,1.0,2e-06,0.1,0.0,0.010427700977995212,0.00019094856213139008,0.0
0.013987131026472387,1.0,2.51e-06,0.1,0.0,0.010427700977995212,0.00019094856213139008,0.0
0.013987131026472387,1.0,3.16e-06,0.1,0.0,0.010427700977995212,0.00019094856213139008,0.0
0.013987131026472387,1.0,3.98e-06,0.1,0.0,0.010427700977995212,0.00019094856213139008,0.0
0.013987131026472387,1.0,1.58e-05,0.1,0.0001,0.010427700977995212,0.00019094856213139008,0.12513241173594256
0.013987131026472387,1.0,2e-05,0.1,0.0001,0.010427700977995212,0.00019094856213139008,0.12513241173594256
0.013987131026472387,1.0,2.51e-05,0.1,0.00016666666666666666,0.010427700977995212,0.00019094856213139008,0.20855401955990424
0.013987131026472387,1.0,3.16e-05,0.1,0.0002666666666666667,0.010427700977995212,0.00019094856213139008,0.33368643129584685
0.013987131026472387,1.0,3.98e-05,0.1,0.0003,0.010427700977995212,0.00019094856213139008,0.37539723520782764
0.013987131026472387,1.0,5.01e-05,0.1,0.0005666666666666667,0.010427700977995212,0.00019094856213139008,0.7090836665036746
0.013987131026472387,1.0,6.31e-05,0.1,0.0009333333333333333,0.010427700977995212,0.00019094856213139008,1.1679025095354638
0.013987131026472387,1.0,7.94e-05,0.1,0.0018,0.010427700977995212,0.00019094856213139008,2.252383411246966
0.013987131026472387,1.0,0.0001,0.1,0.0026666666666666666,0.010427700977995212,0.00019094856213139008,3.336864312958468
0.013987131026472387,1.0,0.000126,0.1,0.0038666666666666667,0.010427700977995212,0.00019094856213139008,4.838453253789779
0.013987131026472387,1.0,0.000158,0.1,0.005,0.010427700977995212,0.00019094856213139008,6.256620586797128
0.013987131026472387,1.0,0.0002,0.1,0.006533333333333334,0.010427700977995212,0.00019094856213139008,8.175317566748246
0.013987131026472387,1.0,0.000251,0.1,0.007533333333333334,0.010427700977995212,0.00019094856213139008,9.426641684107674
0.013987131026472387,1.0,0.000316,0.1,0.008166666666666666,0.010427700977995212,0.00019094856213139008,10.219146958435308
0.013987131026472387,1.0,0.000398,0.1,0.0066,0.010427700977995212,0.00019094856213139008,8.25873917457221
0.013987131026472387,1.0,0.000501,0.1,0.004733333333333333,0.010427700977995212,0.00019094856213139008,5.922934155501281
0.013987131026472387,1.0,0.000631,0.1,0.0025,0.010427700977995212,0.00019094856213139008,3.128310293398564
0.013987131026472387,1.0,0.000794,0.1,0.0006666666666666666,0.010427700977995212,0.00019094856213139008,0.834216078239617
0.013987131026472387,1.0,0.001,0.1,0.0002,0.010427700977995212,0.00019094856213139008,0.2502648234718851
0.013987131026472387,1.0,0.00126,0.1,3.3333333333333335e-05,0.010427700977995212,0.00019094856213139008,0.04171080391198086
0.013987131026472387,1.0,0.00158,0.1,0.0,0.010427700977995212,0.00019094856213139008,0.0
0.013987131026472387,1.0,0.002,0.1,0.0,0.010427700977995212,0.00019094856213139008,0.0
0.013987131026472387,1.0,0.00251,0.1,0.0,0.010427700977995212,0.00019094856213139008,0.0
0.013987131026472387,1.0,0.00316,0.1,0.0,0.010427700977995212,0.00019094856213139008,0.0
0.013987131026472387,1.0,0.00398,0.1,0.0,0.010427700977995212,0.00019094856213139008,0.0
0.013987131026472387,1.0,0.00501,0.1,0.0,0.010427700977995212,0.00019094856213139008,0.0
0.013987131026472387,1.0,0.00631,0.1,0.0,0.010427700977995212,0.00019094856213139008,0.0
0.014649713983072856,1.0,1e-06,0.1,0.0,0.011438828038456557,0.00020946398166007247,0.0
0.014649713983072856,1.0,1.26e-06,0.1,0.0,0.011438828038456557,0.00020946398166007247,0.0
0.014649713983072856,1.0,1.58e-06,0.1,0.0,0.011438828038456557,0.00020946398166007247,0.0
0.014649713983072856,1.0,2e-06,0.1,0.0,0.011438828038456557,0.00020946398166007247,0.0
0.014649713983072856,1.0,2.51e-06,0.1,0.0,0.011438828038456557,0.00020946398166007247,0.0
0.014649713983072856,1.0,3.16e-06,0.1,0.0,0.011438828038456557,0.00020946398166007247,0.0
0.014649713983072856,1.0,3.98e-06,0.1,0.0,0.011438828038456557,0.00020946398166007247,0.0
0.014649713983072856,1.0,1.58e-05,0.1,0.0001,0.011438828038456557,0.00020946398166007247,0.1372659364614787
0.014649713983072856,1.0,2e-05,0.1,0.0001,0.011438828038456557,0.00020946398166007247,0.1372659364614787
0.014649713983072856,1.0,2.51e-05,0.1,0.00016666666666666666,0.011438828038456557,0.00020946398166007247,0.22877656076913114
0.014649713983072856,1.0,3.16e-05,0.1,0.0002666666666666667,0.011438828038456557,0.00020946398166007247,0.3660424972306099
0.014649713983072856,1.0,3.98e-05,0.1,0.0003,0.011438828038456557,0.00020946398166007247,0.4117978093844361
0.014649713983072856,1.0,5.01e-05,0.1,0.0005666666666666667,0.011438828038456557,0.00020946398166007247,0.777840306615046
0.014649713983072856,1.0,6.31e-05,0.1,0.0009333333333333333,0.011438828038456557,0.00020946398166007247,1.2811487403071347
0.014649713983072856,1.0,7.94e-05,0.1,0.0018,0.011438828038456557,0.00020946398166007247,2.4707868563066167
0.014649713983072856,1.0,0.0001,0.1,0.0026666666666666666,0.011438828038456557,0.00020946398166007247,3.660424972306098
0.014649713983072856,1.0,0.000126,0.1,0.0038666666666666667,0.011438828038456557,0.00020946398166007247,5.307616209843843
0.014649713983072856,1.0,0.000158,0.1,0.005,0.011438828038456557,0.00020946398166007247,6.863296823073935
0.014649713983072856,1.0,0.0002,0.1,0.006533333333333334,0.011438828038456557,0.00020946398166007247,8.968041182149943
0.014649713983072856,1.0,0.000251,0.1,0.007533333333333334,0.011438828038456557,0.00020946398166007247,10.34070054676473
0.014649713983072856,1.0,0.000316,0.1,0.008166666666666666,0.011438828038456557,0.00020946398166007247,11.210051477687426
0.014649713983072856,1.0,0.000398,0.1,0.0066,0.011438828038456557,0.00020946398166007247,9.059551806457593
0.014649713983072856,1.0,0.000501,0.1,0.004733333333333333,0.011438828038456557,0.00020946398166007247,6.4972543258433255
0.014649713983072856,1.0,0.000631,0.1,0.0025,0.011438828038456557,0.00020946398166007247,3.4316484115369676
0.014649713983072856,1.0,0.000794,0.1,0.0006666666666666666,0.011438828038456557,0.00020946398166007247,0.9151062430765246
0.014649713983072856,1.0,0.001,0.1,0.0002,0.011438828038456557,0.00020946398166007247,0.2745318729229574
0.014649713983072856,1.0,0.00126,0.1,3.3333333333333335e-05,0.011438828038456557,0.00020946398166007247,0.045755312153826236
0.014649713983072856,1.0,0.00158,0.1,0.0,0.011438828038456557,0.00020946398166007247,0.0
0.014649713983072856,1.0,0.002,0.1,0.0,0.011438828038456557,0.00020946398166007247,0.0
0.014649713983072856,1.0,0.00251,0.1,0.0,0.011438828038456557,0.00020946398166007247,0.0
0.014649713983072856,1.0,0.00316,0.1,0.0,0.011438828038456557,0.00020946398166007247,0.0
0.014649713983072856,1.0,0.00398,0.1,0.0,0.011438828038456557,0.00020946398166007247,0.0
0.014649713983072856,1.0,0.00501,0.1,0.0,0.011438828038456557,0.00020946398166007247,0.0
0.014649713983072856,1.0,0.00631,0.1,0.0,0.011438828038456557,0.00020946398166007247,0.0
0.015343684089300124,1.0,1e-06,0.1,0.0,0.012547976990173588,0.00022977434517805508,0.0
0.015343684089300124,1.0,1.26e-06,0.1,0.0,0.012547976990173588,0.00022977434517805508,0.0
0.015343684089300124,1.0,1.58e-06,0.1,0.0,0.012547976990173588,0.00022977434517805508,0.0
0.015343684089300124,1.0,2e-06,0.1,0.0,0.012547976990173588,0.00022977434517805508,0.0
0.015343684089300124,1.0,2.51e-06,0.1,0.0,0.012547976990173588,0.00022977434517805508,0.0
0.015343684089300124,1.0,3.16e-06,0.1,0.0,0.012547976990173588,0.00022977434517805508,0.0
0.015343684089300124,1.0,3.98e-06,0.1,0.0,0.012547976990173588,0.00022977434517805508,0.0
0.015343684089300124,1.0,1.58e-05,0.1,0.0001,0.012547976990173588,0.00022977434517805508,0.15057572388208307
0.015343684089300124,1.0,2e-05,0.1,0.0001,0.012547976990173588,0.00022977434517805508,0.15057572388208307
0.015343684089300124,1.0,2.51e-05,0.1,0.00016666666666666666,0.012547976990173588,0.00022977434517805508,0.2509595398034718
0.015343684089300124,1.0,3.16e-05,0.1,0.0002666666666666667,0.012547976990173588,0.00022977434517805508,0.4015352636855549
0.015343684089300124,1.0,3.98e-05,0.1,0.0003,0.012547976990173588,0.00022977434517805508,0.45172717164624915
0.015343684089300124,1.0,5.01e-05,0.1,0.0005666666666666667,0.012547976990173588,0.00022977434517805508,0.853262435331804
0.015343684089300124,1.0,6.31e-05,0.1,0.0009333333333333333,0.012547976990173588,0.00022977434517805508,1.405373422899442
0.015343684089300124,1.0,7.94e-05,0.1,0.0018,0.012547976990173588,0.00022977434517805508,2.7103630298774952
0.015343684089300124,1.0,0.0001,0.1,0.0026666666666666666,0.012547976990173588,0.00022977434517805508,4.015352636855549
0.015343684089300124,1.0,0.000126,0.1,0.0038666666666666667,0.012547976990173588,0.00022977434517805508,5.822261323440546
0.015343684089300124,1.0,0.000158,0.1,0.005,0.012547976990173588,0.00022977434517805508,7.528786194104153
0.015343684089300124,1.0,0.0002,0.1,0.006533333333333334,0.012547976990173588,0.00022977434517805508,9.837613960296094
0.015343684089300124,1.0,0.000251,0.1,0.007533333333333334,0.012547976990173588,0.00022977434517805508,11.343371199116925
0.015343684089300124,1.0,0.000316,0.1,0.008166666666666666,0.012547976990173588,0.00022977434517805508,12.297017450370115
0.015343684089300124,1.0,0.000398,0.1,0.0066,0.012547976990173588,0.00022977434517805508,9.937997776217482
0.015343684089300124,1.0,0.000501,0.1,0.004733333333333333,0.012547976990173588,0.00022977434517805508,7.127250930418597
0.015343684089300124,1.0,0.000631,0.1,0.0025,0.012547976990173588,0.00022977434517805508,3.7643930970520767
0.015343684089300124,1.0,0.000794,0.1,0.0006666666666666666,0.012547976990173588,0.00022977434517805508,1.0038381592138872
0.015343684089300124,1.0,0.001,0.1,0.0002,0.012547976990173588,0.00022977434517805508,0.30115144776416614
0.015343684089300124,1.0,0.00126,0.1,3.3333333333333335e-05,0.012547976990173588,0.00022977434517805508,0.050191907960694365
0.015343684089300124,1.0,0.00158,0.1,0.0,0.012547976990173588,0.00022977434517805508,0.0
0.015343684089300124,1.0,0.002,0.1,0.0,0.012547976990173588,0.00022977434517805508,0.0
0.015343684089300124,1.0,0.00251,0.1,0.0,0.012547976990173588,0.00022977434517805508,0.0
0.015343684089300124,1.0,0.00316,0.1,0.0,0.012547976990173588,0.00022977434517805508,0.0
0.015343684089300124,1.0,0.00398,0.1,0.0,0.012547976990173588,0.00022977434517805508,0.0
0.015343684089300124,1.0,0.00501,0.1,0.0,0.012547976990173588,0.00022977434517805508,0.0
0.015343684089300124,1.0,0.00631,0.1,0.0,0.012547976990173588,0.00022977434517805508,0.0
0.01607052818261639,1.0,1e-06,0.1,0.0,0.013764645807458472,0.0002520535764046598,0.0
0.01607052818261639,1.0,1.26e-06,0.1,0.0,0.013764645807458472,0.0002520535764046598,0.0
0.01607052818261639,1.0,1.58e-06,0.1,0.0,0.013764645807458472,0.0002520535764046598,0.0
0.01607052818261639,1.0,2e-06,0.1,0.0,0.013764645807458472,0.0002520535764046598,0.0
0.01607052818261639,1.0,2.51e-06,0.1,0.0,0.013764645807458472,0.0002520535764046598,0.0
0.01607052818261639,1.0,3.16e-06,0.1,0.0,0.013764645807458472,0.0002520535764046598,0.0
0.01607052818261639,1.0,3.98e-06,0.1,0.0,0.013764645807458472,0.0002520535764046598,0.0
0.01607052818261639,1.0,1.58e-05,0.1,0.0001,0.013764645807458472,0.0002520535764046598,0.1651757496895017
0.01607052818261639,1.0,2e-05,0.1,0.0001,0.013764645807458472,0.0002520535764046598,0.1651757496895017
0.01607052818261639,1.0,2.51e-05,0.1,0.00016666666666666666,0.013764645807458472,0.0002520535764046598,0.27529291614916945
0.01607052818261639,1.0,3.16e-05,0.1,0.0002666666666666667,0.013764645807458472,0.0002520535764046598,0.4404686658386712
0.01607052818261639,1.0,3.98e-05,0.1,0.0003,0.013764645807458472,0.0002520535764046598,0.495527249068505
0.01607052818261639,1.0,5.01e-05,0.1,0.0005666666666666667,0.013764645807458472,0.0002520535764046598,0.9359959149071764
0.01607052818261639,1.0,6.31e-05,0.1,0.0009333333333333333,0.013764645807458472,0.0002520535764046598,1.5416403304353492
0.01607052818261639,1.0,7.94e-05,0.1,0.0018,0.013764645807458472,0.0002520535764046598,2.9731634944110303
0.01607052818261639,1.0,0.0001,0.1,0.0026666666666666666,0.013764645807458472,0.0002520535764046598,4.404686658386711
0.01607052818261639,1.0,0.000126,0.1,0.0038666666666666667,0.013764645807458472,0.0002520535764046598,6.386795654660732
0.01607052818261639,1.0,0.000158,0.1,0.005,0.013764645807458472,0.0002520535764046598,8.258787484475084
0.01607052818261639,1.0,0.0002,0.1,0.006533333333333334,0.013764645807458472,0.0002520535764046598,10.791482313047444
0.01607052818261639,1.0,0.000251,0.1,0.007533333333333334,0.013764645807458472,0.0002520535764046598,12.443239809942462
0.01607052818261639,1.0,0.000316,0.1,0.008166666666666666,0.013764645807458472,0.0002520535764046598,13.489352891309304
0.01607052818261639,1.0,0.000398,0.1,0.0066,0.013764645807458472,0.0002520535764046598,10.901599479507112
0.01607052818261639,1.0,0.000501,0.1,0.004733333333333333,0.013764645807458472,0.0002520535764046598,7.818318818636413
0.01607052818261639,1.0,0.000631,0.1,0.0025,0.013764645807458472,0.0002520535764046598,4.129393742237542
0.01607052818261639,1.0,0.000794,0.1,0.0006666666666666666,0.013764645807458472,0.0002520535764046598,1.1011716645966778
0.01607052818261639,1.0,0.001,0.1,0.0002,0.013764645807458472,0.0002520535764046598,0.3303514993790034
0.01607052818261639,1.0,0.00126,0.1,3.3333333333333335e-05,0.013764645807458472,0.0002520535764046598,0.0550585832298339
0.01607052818261639,1.0,0.00158,0.1,0.0,0.013764645807458472,0.0002520535764046598,0.0
0.01607052818261639,1.0,0.002,0.1,0.0,0.013764645807458472,0.0002520535764046598,0.0
0.01607052818261639,1.0,0.00251,0.1,0.0,0.013764645807458472,0.0002520535764046598,0.0
0.01607052818261639,1.0,0.00316,0.1,0.0,0.013764645807458472,0.0002520535764046598,0.0
0.01607052818261639,1.0,0.00398,0.1,0.0,0.013764645807458472,0.0002520535764046598,0.0
0.01607052818261639,1.0,0.00501,0.1,0.0,0.013764645807458472,0.0002520535764046598,0.0
0.01607052818261639,1.0,0.00631,0.1,0.0,0.013764645807458472,0.0002520535764046598,0.0
0.016831803533309566,1.0,1e-06,0.1,0.0,0.015099251853269774,0.0002764924345956743,0.0
0.016831803533309566,1.0,1.26e-06,0.1,0.0,0.015099251853269774,0.0002764924345956743,0.0
0.016831803533309566,1.0,1.58e-06,0.1,0.0,0.015099251853269774,0.0002764924345956743,0.0
0.016831803533309566,1.0,2e-06,0.1,0.0,0.015099251853269774,0.0002764924345956743,0.0
0.016831803533309566,1.0,2.51e-06,0.1,0.0,0.015099251853269774,0.0002764924345956743,0.0
0.016831803533309566,1.0,3.16e-06,0.1,0.0,0.015099251853269774,0.0002764924345956743,0.0
0.016831803533309566,1.0,3.98e-06,0.1,0.0,0.015099251853269774,0.0002764924345956743,0.0
0.016831803533309566,1.0,1.58e-05,0.1,0.0001,0.015099251853269774,0.0002764924345956743,0.18119102223923733
0.016831803533309566,1.0,2e-05,0.1,0.0001,0.015099251853269774,0.0002764924345956743,0.18119102223923733
0.016831803533309566,1.0,2.51e-05,0.1,0.00016666666666666666,0.015099251853269774,0.0002764924345956743,0.30198503706539553
0.016831803533309566,1.0,3.16e-05,0.1,0.0002666666666666667,0.015099251853269774,0.0002764924345956743,0.48317605930463287
0.016831803533309566,1.0,3.98e-05,0.1,0.0003,0.015099251853269774,0.0002764924345956743,0.543573066717712
0.016831803533309566,1.0,5.01e-05,0.1,0.0005666666666666667,0.015099251853269774,0.0002764924345956743,1.026749126022345
0.016831803533309566,1.0,6.31e-05,0.1,0.0009333333333333333,0.015099251853269774,0.0002764924345956743,1.6911162075662152
0.016831803533309566,1.0,7.94e-05,0.1,0.0018,0.015099251853269774,0.0002764924345956743,3.2614384003062717
0.016831803533309566,1.0,0.0001,0.1,0.0026666666666666666,0.015099251853269774,0.0002764924345956743,4.8317605930463285
0.016831803533309566,1.0,0.000126,0.1,0.0038666666666666667,0.015099251853269774,0.0002764924345956743,7.006052859917176
0.016831803533309566,1.0,0.000158,0.1,0.005,0.015099251853269774,0.0002764924345956743,9.059551111961866
0.016831803533309566,1.0,0.0002,0.1,0.006533333333333334,0.015099251853269774,0.0002764924345956743,11.837813452963506
0.016831803533309566,1.0,0.000251,0.1,0.007533333333333334,0.015099251853269774,0.0002764924345956743,13.64972367535588
0.016831803533309566,1.0,0.000316,0.1,0.008166666666666666,0.015099251853269774,0.0002764924345956743,14.79726681620438
0.016831803533309566,1.0,0.000398,0.1,0.0066,0.015099251853269774,0.0002764924345956743,11.958607467789664
0.016831803533309566,1.0,0.000501,0.1,0.004733333333333333,0.015099251853269774,0.0002764924345956743,8.576375052657232
0.016831803533309566,1.0,0.000631,0.1,0.0025,0.015099251853269774,0.0002764924345956743,4.529775555980933
0.016831803533309566,1.0,0.000794,0.1,0.0006666666666666666,0.015099251853269774,0.0002764924345956743,1.2079401482615821
0.016831803533309566,1.0,0.001,0.1,0.0002,0.015099251853269774,0.0002764924345956743,0.36238204447847466
0.016831803533309566,1.0,0.00126,0.1,3.3333333333333335e-05,0.015099251853269774,0.0002764924345956743,0.06039700741307911
0.016831803533309566,1.0,0.00158,0.1,0.0,0.015099251853269774,0.0002764924345956743,0.0
0.016831803533309566,1.0,0.002,0.1,0.0,0.015099251853269774,0.0002764924345956743,0.0
0.016831803533309566,1.0,0.00251,0.1,0.0,0.015099251853269774,0.0002764924345956743,0.0
0.016831803533309566,1.0,0.00316,0.1,0.0,0.015099251853269774,0.0002764924345956743,0.0
0.016831803533309566,1.0,0.00398,0.1,0.0,0.015099251853269774,0.0002764924345956743,0.0
0.016831803533309566,1.0,0.00501,0.1,0.0,0.015099251853269774,0.0002764924345956743,0.0
0.016831803533309566,1.0,0.00631,0.1,0.0,0.015099251853269774,0.0002764924345956743,0.0
0.01762914118095948,1.0,1e-06,0.1,0.0,0.01656322068517169,0.00030330014072828585,0.0
0.01762914118095948,1.0,1.26e-06,0.1,0.0,0.01656322068517169,0.00030330014072828585,0.0
0.01762914118095948,1.0,1.58e-06,0.1,0.0,0.01656322068517169,0.00030330014072828585,0.0
0.01762914118095948,1.0,2e-06,0.1,0.0,0.01656322068517169,0.00030330014072828585,0.0
0.01762914118095948,1.0,2.51e-06,0.1,0.0,0.01656322068517169,0.00030330014072828585,0.0
0.01762914118095948,1.0,3.16e-06,0.1,0.0,0.01656322068517169,0.00030330014072828585,0.0
0.01762914118095948,1.0,3.98e-06,0.1,0.0,0.01656322068517169,0.00030330014072828585,0.0
0.01762914118095948,1.0,1.58e-05,0.1,0.0001,0.01656322068517169,0.00030330014072828585,0.19875864822206032
0.01762914118095948,1.0,2e-05,0.1,0.0001,0.01656322068517169,0.00030330014072828585,0.19875864822206032
0.01762914118095948,1.0,2.51e-05,0.1,0.00016666666666666666,0.01656322068517169,0.00030330014072828585,0.33126441370343385
0.01762914118095948,1.0,3.16e-05,0.1,0.0002666666666666667,0.01656322068517169,0.00030330014072828585,0.5300230619254942
0.01762914118095948,1.0,3.98e-05,0.1,0.0003,0.01656322068517169,0.00030330014072828585,0.5962759446661808
0.01762914118095948,1.0,5.01e-05,0.1,0.0005666666666666667,0.01656322068517169,0.00030330014072828585,1.1262990065916751
0.01762914118095948,1.0,6.31e-05,0.1,0.0009333333333333333,0.01656322068517169,0.00030330014072828585,1.8550807167392294
0.01762914118095948,1.0,7.94e-05,0.1,0.0018,0.01656322068517169,0.00030330014072828585,3.5776556679970852
0.01762914118095948,1.0,0.0001,0.1,0.0026666666666666666,0.01656322068517169,0.00030330014072828585,5.3002306192549415
0.01762914118095948,1.0,0.000126,0.1,0.0038666666666666667,0.01656322068517169,0.00030330014072828585,7.685334397919665
0.01762914118095948,1.0,0.000158,0.1,0.005,0.01656322068517169,0.00030330014072828585,9.937932411103015
0.01762914118095948,1.0,0.0002,0.1,0.006533333333333334,0.01656322068517169,0.00030330014072828585,12.985565017174608
0.01762914118095948,1.0,0.000251,0.1,0.007533333333333334,0.01656322068517169,0.00030330014072828585,14.97315149939521
0.01762914118095948,1.0,0.000316,0.1,0.008166666666666666,0.01656322068517169,0.00030330014072828585,16.231956271468256
0.01762914118095948,1.0,0.000398,0.1,0.0066,0.01656322068517169,0.00030330014072828585,13.11807078265598
0.01762914118095948,1.0,0.000501,0.1,0.004733333333333333,0.01656322068517169,0.00030330014072828585,9.40790934917752
0.01762914118095948,1.0,0.000631,0.1,0.0025,0.01656322068517169,0.00030330014072828585,4.968966205551507
0.01762914118095948,1.0,0.000794,0.1,0.0006666666666666666,0.01656322068517169,0.00030330014072828585,1.3250576548137354
0.01762914118095948,1.0,0.001,0.1,0.0002,0.01656322068517169,0.00030330014072828585,0.39751729644412065
0.01762914118095948,1.0,0.00126,0.1,3.3333333333333335e-05,0.01656322068517169,0.00030330014072828585,0.06625288274068677
0.01762914118095948,1.0,0.00158,0.1,0.0,0.01656322068517169,0.00030330014072828585,0.0
0.01762914118095948,1.0,0.002,0.1,0.0,0.01656322068517169,0.00030330014072828585,0.0
0.01762914118095948,1.0,0.00251,0.1,0.0,0.01656322068517169,0.00030330014072828585,0.0
0.01762914118095948,1.0,0.00316,0.1,0.0,0.01656322068517169,0.00030330014072828585,0.0
0.01762914118095948,1.0,0.00398,0.1,0.0,0.01656322068517169,0.00030330014072828585,0.0
0.01762914118095948,1.0,0.00501,0.1,0.0,0.01656322068517169,0.00030330014072828585,0.0
0.01762914118095948,1.0,0.00631,0.1,0.0,0.01656322068517169,0.00030330014072828585,0.0
0.018464249428955436,1.0,1e-06,0.1,0.0,0.018169083400755463,0.00033270616005778175,0.0
0.018464249428955436,1.0,1.26e-06,0.1,0.0,0.018169083400755463,0.00033270616005778175,0.0
0.018464249428955436,1.0,1.58e-06,0.1,0.0,0.018169083400755463,0.00033270616005778175,0.0
0.018464249428955436,1.0,2e-06,0.1,0.0,0.018169083400755463,0.00033270616005778175,0.0
0.018464249428955436,1.0,2.51e-06,0.1,0.0,0.018169083400755463,0.00033270616005778175,0.0
0.018464249428955436,1.0,3.16e-06,0.1,0.0,0.018169083400755463,0.00033270616005778175,0.0
0.018464249428955436,1.0,3.98e-06,0.1,0.0,0.018169083400755463,0.00033270616005778175,0.0
0.018464249428955436,1.0,1.58e-05,0.1,0.0001,0.018169083400755463,0.00033270616005778175,0.21802900080906562
0.018464249428955436,1.0,2e-05,0.1,0.0001,0.018169083400755463,0.00033270616005778175,0.21802900080906562
0.018464249428955436,1.0,2.51e-05,0.1,0.00016666666666666666,0.018169083400755463,0.00033270616005778175,0.3633816680151093
0.018464249428955436,1.0,3.16e-05,0.1,0.0002666666666666667,0.018169083400755463,0.00033270616005778175,0.581410668824175
0.018464249428955436,1.0,3.98e-05,0.1,0.0003,0.018169083400755463,0.00033270616005778175,0.6540870024271968
0.018464249428955436,1.0,5.01e-05,0.1,0.0005666666666666667,0.018169083400755463,0.00033270616005778175,1.2354976712513719
0.018464249428955436,1.0,6.31e-05,0.1,0.0009333333333333333,0.018169083400755463,0.00033270616005778175,2.034937340884612
0.018464249428955436,1.0,7.94e-05,0.1,0.0018,0.018169083400755463,0.00033270616005778175,3.9245220145631805
0.018464249428955436,1.0,0.0001,0.1,0.0026666666666666666,0.018169083400755463,0.00033270616005778175,5.814106688241749
0.018464249428955436,1.0,0.000126,0.1,0.0038666666666666667,0.018169083400755463,0.00033270616005778175,8.430454697950536
0.018464249428955436,1.0,0.000158,0.1,0.005,0.018169083400755463,0.00033270616005778175,10.90145004045328
0.018464249428955436,1.0,0.0002,0.1,0.006533333333333334,0.018169083400755463,0.00033270616005778175,14.244561386192286
0.018464249428955436,1.0,0.000251,0.1,0.007533333333333334,0.018169083400755463,0.00033270616005778175,16.424851394282943
0.018464249428955436,1.0,0.000316,0.1,0.008166666666666666,0.018169083400755463,0.00033270616005778175,17.805701732740356
0.018464249428955436,1.0,0.000398,0.1,0.0066,0.018169083400755463,0.00033270616005778175,14.389914053398329
0.018464249428955436,1.0,0.000501,0.1,0.004733333333333333,0.018169083400755463,0.00033270616005778175,10.320039371629106
0.018464249428955436,1.0,0.000631,0.1,0.0025,0.018169083400755463,0.00033270616005778175,5.45072502022664
0.018464249428955436,1.0,0.000794,0.1,0.0006666666666666666,0.018169083400755463,0.00033270616005778175,1.4535266720604372
0.018464249428955436,1.0,0.001,0.1,0.0002,0.018169083400755463,0.00033270616005778175,0.43605800161813124
0.018464249428955436,1.0,0.00126,0.1,3.3333333333333335e-05,0.018169083400755463,0.00033270616005778175,0.07267633360302188
0.018464249428955436,1.0,0.00158,0.1,0.0,0.018169083400755463,0.00033270616005778175,0.0
0.018464249428955436,1.0,0.002,0.1,0.0,0.018169083400755463,0.00033270616005778175,0.0
0.018464249428955436,1.0,0.00251,0.1,0.0,0.018169083400755463,0.00033270616005778175,0.0
0.018464249428955436,1.0,0.00316,0.1,0.0,0.018169083400755463,0.00033270616005778175,0.0
0.018464249428955436,1.0,0.00398,0.1,0.0,0.018169083400755463,0.00033270616005778175,0.0
0.018464249428955436,1.0,0.00501,0.1,0.0,0.018169083400755463,0.00033270616005778175,0.0
0.018464249428955436,1.0,0.00631,0.1,0.0,0.018169083400755463,0.00033270616005778175,0.0
0.01933891750455231,1.0,1e-06,0.1,0.0,0.019930583335824176,0.0003649621559389155,0.0
0.01933891750455231,1.0,1.26e-06,0.1,0.0,0.019930583335824176,0.0003649621559389155,0.0
0.01933891750455231,1.0,1.58e-06,0.1,0.0,0.019930583335824176,0.0003649621559389155,0.0
0.01933891750455231,1.0,2e-06,0.1,0.0,0.019930583335824176,0.0003649621559389155,0.0
0.01933891750455231,1.0,2.51e-06,0.1,0.0,0.019930583335824176,0.0003649621559389155,0.0
0.01933891750455231,1.0,3.16e-06,0.1,0.0,0.019930583335824176,0.0003649621559389155,0.0
0.01933891750455231,1.0,3.98e-06,0.1,0.0,0.019930583335824176,0.0003649621559389155,0.0
0.01933891750455231,1.0,1.58e-05,0.1,0.0001,0.019930583335824176,0.0003649621559389155,0.23916700002989014
0.01933891750455231,1.0,2e-05,0.1,0.0001,0.019930583335824176,0.0003649621559389155,0.23916700002989014
0.01933891750455231,1.0,2.51e-05,0.1,0.00016666666666666666,0.019930583335824176,0.0003649621559389155,0.3986116667164835
0.01933891750455231,1.0,3.16e-05,0.1,0.0002666666666666667,0.019930583335824176,0.0003649621559389155,0.6377786667463737
0.01933891750455231,1.0,3.98e-05,0.1,0.0003,0.019930583335824176,0.0003649621559389155,0.7175010000896703
0.01933891750455231,1.0,5.01e-05,0.1,0.0005666666666666667,0.019930583335824176,0.0003649621559389155,1.3552796668360443
0.01933891750455231,1.0,6.31e-05,0.1,0.0009333333333333333,0.019930583335824176,0.0003649621559389155,2.2322253336123077
0.01933891750455231,1.0,7.94e-05,0.1,0.0018,0.019930583335824176,0.0003649621559389155,4.305006000538022
0.01933891750455231,1.0,0.0001,0.1,0.0026666666666666666,0.019930583335824176,0.0003649621559389155,6.377786667463736
0.01933891750455231,1.0,0.000126,0.1,0.0038666666666666667,0.019930583335824176,0.0003649621559389155,9.247790667822418
0.01933891750455231,1.0,0.000158,0.1,0.005,0.019930583335824176,0.0003649621559389155,11.958350001494507
0.01933891750455231,1.0,0.0002,0.1,0.006533333333333334,0.019930583335824176,0.0003649621559389155,15.625577335286156
0.01933891750455231,1.0,0.000251,0.1,0.007533333333333334,0.019930583335824176,0.0003649621559389155,18.017247335585058
0.01933891750455231,1.0,0.000316,0.1,0.008166666666666666,0.019930583335824176,0.0003649621559389155,19.53197166910769
0.01933891750455231,1.0,0.000398,0.1,0.0066,0.019930583335824176,0.0003649621559389155,15.785022001972749
0.01933891750455231,1.0,0.000501,0.1,0.004733333333333333,0.019930583335824176,0.0003649621559389155,11.320571334748132
0.01933891750455231,1.0,0.000631,0.1,0.0025,0.019930583335824176,0.0003649621559389155,5.9791750007472535
0.01933891750455231,1.0,0.000794,0.1,0.0006666666666666666,0.019930583335824176,0.0003649621559389155,1.594446666865934
0.01933891750455231,1.0,0.001,0.1,0.0002,0.019930583335824176,0.0003649621559389155,0.4783340000597803
0.01933891750455231,1.0,0.00126,0.1,3.3333333333333335e-05,0.019930583335824176,0.0003649621559389155,0.07972233334329672
0.01933891750455231,1.0,0.00158,0.1,0.0,0.019930583335824176,0.0003649621559389155,0.0
0.01933891750455231,1.0,0.002,0.1,0.0,0.019930583335824176,0.0003649621559389155,0.0
0.01933891750455231,1.0,0.00251,0.1,0.0,0.019930583335824176,0.0003649621559389155,0.0
0.01933891750455231,1.0,0.00316,0.1,0.0,0.019930583335824176,0.0003649621559389155,0.0
0.01933891750455231,1.0,0.00398,0.1,0.0,0.019930583335824176,0.0003649621559389155,0.0
0.01933891750455231,1.0,0.00501,0.1,0.0,0.019930583335824176,0.0003649621559389155,0.0
0.01933891750455231,1.0,0.00631,0.1,0.0,0.019930583335824176,0.0003649621559389155,0.0
0.020255019392306676,1.0,1e-06,0.1,0.0,0.021862793004498896,0.0004003441311939003,0.0
0.020255019392306676,1.0,1.26e-06,0.1,0.0,0.021862793004498896,0.0004003441311939003,0.0
0.020255019392306676,1.0,1.58e-06,0.1,0.0,0.021862793004498896,0.0004003441311939003,0.0
0.020255019392306676,1.0,2e-06,0.1,0.0,0.021862793004498896,0.0004003441311939003,0.0
0.020255019392306676,1.0,2.51e-06,0.1,0.0,0.021862793004498896,0.0004003441311939003,0.0
0.020255019392306676,1.0,3.16e-06,0.1,0.0,0.021862793004498896,0.0004003441311939003,0.0
0.020255019392306676,1.0,3.98e-06,0.1,0.0,0.021862793004498896,0.0004003441311939003,0.0
0.020255019392306676,1.0,1.58e-05,0.1,0.0001,0.021862793004498896,0.0004003441311939003,0.26235351605398677
0.020255019392306676,1.0,2e-05,0.1,0.0001,0.021862793004498896,0.0004003441311939003,0.26235351605398677
0.020255019392306676,1.0,2.51e-05,0.1,0.00016666666666666666,0.021862793004498896,0.0004003441311939003,0.43725586008997797
0.020255019392306676,1.0,3.16e-05,0.1,0.0002666666666666667,0.021862793004498896,0.0004003441311939003,0.6996093761439647
0.020255019392306676,1.0,3.98e-05,0.1,0.0003,0.021862793004498896,0.0004003441311939003,0.7870605481619601
0.020255019392306676,1.0,5.01e-05,0.1,0.0005666666666666667,0.021862793004498896,0.0004003441311939003,1.4866699243059252
0.020255019392306676,1.0,6.31e-05,0.1,0.0009333333333333333,0.021862793004498896,0.0004003441311939003,2.4486328165038764
0.020255019392306676,1.0,7.94e-05,0.1,0.0018,0.021862793004498896,0.0004003441311939003,4.722363288971762
0.020255019392306676,1.0,0.0001,0.1,0.0026666666666666666,0.021862793004498896,0.0004003441311939003,6.9960937614396475
0.020255019392306676,1.0,0.000126,0.1,0.0038666666666666667,0.021862793004498896,0.0004003441311939003,10.144335954087488
0.020255019392306676,1.0,0.000158,0.1,0.005,0.021862793004498896,0.0004003441311939003,13.117675802699338
0.020255019392306676,1.0,0.0002,0.1,0.006533333333333334,0.021862793004498896,0.0004003441311939003,17.140429715527137
0.020255019392306676,1.0,0.000251,0.1,0.007533333333333334,0.021862793004498896,0.0004003441311939003,19.763964876067007
0.020255019392306676,1.0,0.000316,0.1,0.008166666666666666,0.021862793004498896,0.0004003441311939003,21.425537144408917
0.020255019392306676,1.0,0.000398,0.1,0.0066,0.021862793004498896,0.0004003441311939003,17.315332059563126
0.020255019392306676,1.0,0.000501,0.1,0.004733333333333333,0.021862793004498896,0.0004003441311939003,12.418066426555374
0.020255019392306676,1.0,0.000631,0.1,0.0025,0.021862793004498896,0.0004003441311939003,6.558837901349669
0.020255019392306676,1.0,0.000794,0.1,0.0006666666666666666,0.021862793004498896,0.0004003441311939003,1.7490234403599119
0.020255019392306676,1.0,0.001,0.1,0.0002,0.021862793004498896,0.0004003441311939003,0.5247070321079735
0.020255019392306676,1.0,0.00126,0.1,3.3333333333333335e-05,0.021862793004498896,0.0004003441311939003,0.08745117201799558
0.020255019392306676,1.0,0.00158,0.1,0.0,0.021862793004498896,0.0004003441311939003,0.0
0.020255019392306676,1.0,0.002,0.1,0.0,0.021862793004498896,0.0004003441311939003,0.0
0.020255019392306676,1.0,0.00251,0.1,0.0,0.021862793004498896,0.0004003441311939003,0.0
0.020255019392306676,1.0,0.00316,0.1,0.0,0.021862793004498896,0.0004003441311939003,0.0
0.020255019392306676,1.0,0.00398,0.1,0.0,0.021862793004498896,0.0004003441311939003,0.0
0.020255019392306676,1.0,0.00501,0.1,0.0,0.021862793004498896,0.0004003441311939003,0.0
0.020255019392306676,1.0,0.00631,0.1,0.0,0.021862793004498896,0.0004003441311939003,0.0
0.021214517849106298,1.0,1e-06,0.1,0.0,0.023982242253008722,0.000439154774821621,0.0
0.021214517849106298,1.0,1.26e-06,0.1,0.0,0.023982242253008722,0.000439154774821621,0.0
0.021214517849106298,1.0,1.58e-06,0.1,0.0,0.023982242253008722,0.000439154774821621,0.0
0.021214517849106298,1.0,2e-06,0.1,0.0,0.023982242253008722,0.000439154774821621,0.0
0.021214517849106298,1.0,2.51e-06,0.1,0.0,0.023982242253008722,0.000439154774821621,0.0
0.021214517849106298,1.0,3.16e-06,0.1,0.0,0.023982242253008722,0.000439154774821621,0.0
0.021214517849106298,1.0,3.98e-06,0.1,0.0,0.023982242253008722,0.000439154774821621,0.0
0.021214517849106298,1.0,1.58e-05,0.1,0.0001,0.023982242253008722,0.000439154774821621,0.2877869070361047
0.021214517849106298,1.0,2e-05,0.1,0.0001,0.023982242253008722,0.000439154774821621,0.2877869070361047
0.021214517849106298,1.0,2.51e-05,0.1,0.00016666666666666666,0.023982242253008722,0.000439154774821621,0.47964484506017446
0.021214517849106298,1.0,3.16e-05,0.1,0.0002666666666666667,0.023982242253008722,0.000439154774821621,0.7674317520962792
0.021214517849106298,1.0,3.98e-05,0.1,0.0003,0.023982242253008722,0.000439154774821621,0.8633607211083141
0.021214517849106298,1.0,5.01e-05,0.1,0.0005666666666666667,0.023982242253008722,0.000439154774821621,1.6307924732045933
0.021214517849106298,1.0,6.31e-05,0.1,0.0009333333333333333,0.023982242253008722,0.000439154774821621,2.686011132336977
0.021214517849106298,1.0,7.94e-05,0.1,0.0018,0.023982242253008722,0.000439154774821621,5.1801643266498845
0.021214517849106298,1.0,0.0001,0.1,0.0026666666666666666,0.023982242253008722,0.000439154774821621,7.674317520962791
0.021214517849106298,1.0,0.000126,0.1,0.0038666666666666667,0.023982242253008722,0.000439154774821621,11.127760405396048
0.021214517849106298,1.0,0.000158,0.1,0.005,0.023982242253008722,0.000439154774821621,14.389345351805236
0.021214517849106298,1.0,0.0002,0.1,0.006533333333333334,0.023982242253008722,0.000439154774821621,18.80207792635884
0.021214517849106298,1.0,0.000251,0.1,0.007533333333333334,0.023982242253008722,0.000439154774821621,21.679946996719888
0.021214517849106298,1.0,0.000316,0.1,0.008166666666666666,0.023982242253008722,0.000439154774821621,23.502597407948546
0.021214517849106298,1.0,0.000398,0.1,0.0066,0.023982242253008722,0.000439154774821621,18.99393586438291
0.021214517849106298,1.0,0.000501,0.1,0.004733333333333333,0.023982242253008722,0.000439154774821621,13.621913599708956
0.021214517849106298,1.0,0.000631,0.1,0.0025,0.023982242253008722,0.000439154774821621,7.194672675902618
0.021214517849106298,1.0,0.000794,0.1,0.0006666666666666666,0.023982242253008722,0.000439154774821621,1.9185793802406979
0.021214517849106298,1.0,0.001,0.1,0.0002,0.023982242253008722,0.000439154774821621,0.5755738140722094
0.021214517849106298,1.0,0.00126,0.1,3.3333333333333335e-05,0.023982242253008722,0.000439154774821621,0.0959289690120349
0.021214517849106298,1.0,0.00158,0.1,0.0,0.023982242253008722,0.000439154774821621,0.0
0.021214517849106298,1.0,0.002,0.1,0.0,0.023982242253008722,0.000439154774821621,0.0
0.021214517849106298,1.0,0.00251,0.1,0.0,0.023982242253008722,0.000439154774821621,0.0
0.021214517849106298,1.0,0.00316,0.1,0.0,0.023982242253008722,0.000439154774821621,0.0
0.021214517849106298,1.0,0.00398,0.1,0.0,0.023982242253008722,0.000439154774821621,0.0
0.021214517849106298,1.0,0.00501,0.1,0.0,0.023982242253008722,0.000439154774821621,0.0
0.021214517849106298,1.0,0.00631,0.1,0.0,0.023982242253008722,0.000439154774821621,0.0
0.02221946860939524,1.0,1e-06,0.1,0.0,0.02630705868880816,0.00048172603348852156,0.0
0.02221946860939524,1.0,1.26e-06,0.1,0.0,0.02630705868880816,0.00048172603348852156,0.0
0.02221946860939524,1.0,1.58e-06,0.1,0.0,0.02630705868880816,0.00048172603348852156,0.0
0.02221946860939524,1.0,2e-06,0.1,0.0,0.02630705868880816,0.00048172603348852156,0.0
0.02221946860939524,1.0,2.51e-06,0.1,0.0,0.02630705868880816,0.00048172603348852156,0.0
0.02221946860939524,1.0,3.16e-06,0.1,0.0,0.02630705868880816,0.00048172603348852156,0.0
0.02221946860939524,1.0,3.98e-06,0.1,0.0,0.02630705868880816,0.00048172603348852156,0.0
0.02221946860939524,1.0,1.58e-05,0.1,0.0001,0.02630705868880816,0.00048172603348852156,0.315684704265698
0.02221946860939524,1.0,2e-05,0.1,0.0001,0.02630705868880816,0.00048172603348852156,0.315684704265698
0.02221946860939524,1.0,2.51e-05,0.1,0.00016666666666666666,0.02630705868880816,0.00048172603348852156,0.5261411737761632
0.02221946860939524,1.0,3.16e-05,0.1,0.0002666666666666667,0.02630705868880816,0.00048172603348852156,0.8418258780418614
0.02221946860939524,1.0,3.98e-05,0.1,0.0003,0.02630705868880816,0.00048172603348852156,0.9470541127970938
0.02221946860939524,1.0,5.01e-05,0.1,0.0005666666666666667,0.02630705868880816,0.00048172603348852156,1.7888799908389552
0.02221946860939524,1.0,6.31e-05,0.1,0.0009333333333333333,0.02630705868880816,0.00048172603348852156,2.9463905731465143
0.02221946860939524,1.0,7.94e-05,0.1,0.0018,0.02630705868880816,0.00048172603348852156,5.682324676782564
0.02221946860939524,1.0,0.0001,0.1,0.0026666666666666666,0.02630705868880816,0.00048172603348852156,8.418258780418611
0.02221946860939524,1.0,0.000126,0.1,0.0038666666666666667,0.02630705868880816,0.00048172603348852156,12.206475231606987
0.02221946860939524,1.0,0.000158,0.1,0.005,0.02630705868880816,0.00048172603348852156,15.7842352132849
0.02221946860939524,1.0,0.0002,0.1,0.006533333333333334,0.02630705868880816,0.00048172603348852156,20.624734012025602
0.02221946860939524,1.0,0.000251,0.1,0.007533333333333334,0.02630705868880816,0.00048172603348852156,23.78158105468258
0.02221946860939524,1.0,0.000316,0.1,0.008166666666666666,0.02630705868880816,0.00048172603348852156,25.780917515031998
0.02221946860939524,1.0,0.000398,0.1,0.0066,0.02630705868880816,0.00048172603348852156,20.835190481536067
0.02221946860939524,1.0,0.000501,0.1,0.004733333333333333,0.02630705868880816,0.00048172603348852156,14.942409335243036
0.02221946860939524,1.0,0.000631,0.1,0.0025,0.02630705868880816,0.00048172603348852156,7.89211760664245
0.02221946860939524,1.0,0.000794,0.1,0.0006666666666666666,0.02630705868880816,0.00048172603348852156,2.104564695104653
0.02221946860939524,1.0,0.001,0.1,0.0002,0.02630705868880816,0.00048172603348852156,0.631369408531396
0.02221946860939524,1.0,0.00126,0.1,3.3333333333333335e-05,0.02630705868880816,0.00048172603348852156,0.10522823475523267
0.02221946860939524,1.0,0.00158,0.1,0.0,0.02630705868880816,0.00048172603348852156,0.0
0.02221946860939524,1.0,0.002,0.1,0.0,0.02630705868880816,0.00048172603348852156,0.0
0.02221946860939524,1.0,0.00251,0.1,0.0,0.02630705868880816,0.00048172603348852156,0.0
0.02221946860939524,1.0,0.00316,0.1,0.0,0.02630705868880816,0.00048172603348852156,0.0
0.02221946860939524,1.0,0.00398,0.1,0.0,0.02630705868880816,0.00048172603348852156,0.0
0.02221946860939524,1.0,0.00501,0.1,0.0,0.02630705868880816,0.00048172603348852156,0.0
0.02221946860939524,1.0,0.00631,0.1,0.0,0.02630705868880816,0.00048172603348852156,0.0
0.023272024789604086,1.0,1e-06,0.1,0.0,0.028857121544380842,0.0005284219290309621,0.0
0.023272024789604086,1.0,1.26e-06,0.1,0.0,0.028857121544380842,0.0005284219290309621,0.0
0.023272024789604086,1.0,1.58e-06,0.1,0.0,0.028857121544380842,0.0005284219290309621,0.0
0.023272024789604086,1.0,2e-06,0.1,0.0,0.028857121544380842,0.0005284219290309621,0.0
0.023272024789604086,1.0,2.51e-06,0.1,0.0,0.028857121544380842,0.0005284219290309621,0.0
0.023272024789604086,1.0,3.16e-06,0.1,0.0,0.028857121544380842,0.0005284219290309621,0.0
0.023272024789604086,1.0,3.98e-06,0.1,0.0,0.028857121544380842,0.0005284219290309621,0.0
0.023272024789604086,1.0,1.58e-05,0.1,0.0001,0.028857121544380842,0.0005284219290309621,0.34628545853257015
0.023272024789604086,1.0,2e-05,0.1,0.0001,0.028857121544380842,0.0005284219290309621,0.34628545853257015
0.023272024789604086,1.0,2.51e-05,0.1,0.00016666666666666666,0.028857121544380842,0.0005284219290309621,0.5771424308876169
0.023272024789604086,1.0,3.16e-05,0.1,0.0002666666666666667,0.028857121544380842,0.0005284219290309621,0.923427889420187
0.023272024789604086,1.0,3.98e-05,0.1,0.0003,0.028857121544380842,0.0005284219290309621,1.0388563755977103
0.023272024789604086,1.0,5.01e-05,0.1,0.0005666666666666667,0.028857121544380842,0.0005284219290309621,1.9622842650178975
0.023272024789604086,1.0,6.31e-05,0.1,0.0009333333333333333,0.028857121544380842,0.0005284219290309621,3.231997612970655
0.023272024789604086,1.0,7.94e-05,0.1,0.0018,0.028857121544380842,0.0005284219290309621,6.2331382535862625
0.023272024789604086,1.0,0.0001,0.1,0.0026666666666666666,0.028857121544380842,0.0005284219290309621,9.23427889420187
0.023272024789604086,1.0,0.000126,0.1,0.0038666666666666667,0.028857121544380842,0.0005284219290309621,13.389704396592712
0.023272024789604086,1.0,0.000158,0.1,0.005,0.028857121544380842,0.0005284219290309621,17.314272926628508
0.023272024789604086,1.0,0.0002,0.1,0.006533333333333334,0.028857121544380842,0.0005284219290309621,22.623983290794584
0.023272024789604086,1.0,0.000251,0.1,0.007533333333333334,0.028857121544380842,0.0005284219290309621,26.086837876120285
0.023272024789604086,1.0,0.000316,0.1,0.008166666666666666,0.028857121544380842,0.0005284219290309621,28.279979113493223
0.023272024789604086,1.0,0.000398,0.1,0.0066,0.028857121544380842,0.0005284219290309621,22.85484026314963
0.023272024789604086,1.0,0.000501,0.1,0.004733333333333333,0.028857121544380842,0.0005284219290309621,16.39084503720832
0.023272024789604086,1.0,0.000631,0.1,0.0025,0.028857121544380842,0.0005284219290309621,8.657136463314254
0.023272024789604086,1.0,0.000794,0.1,0.0006666666666666666,0.028857121544380842,0.0005284219290309621,2.3085697235504674
0.023272024789604086,1.0,0.001,0.1,0.0002,0.028857121544380842,0.0005284219290309621,0.6925709170651403
0.023272024789604086,1.0,0.00126,0.1,3.3333333333333335e-05,0.028857121544380842,0.0005284219290309621,0.11542848617752338
0.023272024789604086,1.0,0.00158,0.1,0.0,0.028857121544380842,0.0005284219290309621,0.0
0.023272024789604086,1.0,0.002,0.1,0.0,0.028857121544380842,0.0005284219290309621,0.0
0.023272024789604086,1.0,0.00251,0.1,0.0,0.028857121544380842,0.0005284219290309621,0.0
0.023272024789604086,1.0,0.00316,0.1,0.0,0.028857121544380842,0.0005284219290309621,0.0
0.023272024789604086,1.0,0.00398,0.1,0.0,0.028857121544380842,0.0005284219290309621,0.0
0.023272024789604086,1.0,0.00501,0.1,0.0,0.028857121544380842,0.0005284219290309621,0.0
0.023272024789604086,1.0,0.00631,0.1,0.0,0.028857121544380842,0.0005284219290309621,0.0
0.024374441501222206,1.0,1e-06,0.1,0.0,0.0316542302412234,0.0005796416451423439,0.0
0.024374441501222206,1.0,1.26e-06,0.1,0.0,0.0316542302412234,0.0005796416451423439,0.0
0.024374441501222206,1.0,1.58e-06,0.1,0.0,0.0316542302412234,0.0005796416451423439,0.0
0.024374441501222206,1.0,2e-06,0.1,0.0,0.0316542302412234,0.0005796416451423439,0.0
0.024374441501222206,1.0,2.51e-06,0.1,0.0,0.0316542302412234,0.0005796416451423439,0.0
0.024374441501222206,1.0,3.16e-06,0.1,0.0,0.0316542302412234,0.0005796416451423439,0.0
0.024374441501222206,1.0,3.98e-06,0.1,0.0,0.0316542302412234,0.0005796416451423439,0.0
0.024374441501222206,1.0,1.58e-05,0.1,0.0001,0.0316542302412234,0.0005796416451423439,0.37985076289468084
0.024374441501222206,1.0,2e-05,0.1,0.0001,0.0316542302412234,0.0005796416451423439,0.37985076289468084
0.024374441501222206,1.0,2.51e-05,0.1,0.00016666666666666666,0.0316542302412234,0.0005796416451423439,0.633084604824468
0.024374441501222206,1.0,3.16e-05,0.1,0.0002666666666666667,0.0316542302412234,0.0005796416451423439,1.0129353677191488
0.024374441501222206,1.0,3.98e-05,0.1,0.0003,0.0316542302412234,0.0005796416451423439,1.1395522886840423
0.024374441501222206,1.0,5.01e-05,0.1,0.0005666666666666667,0.0316542302412234,0.0005796416451423439,2.1524876564031916
0.024374441501222206,1.0,6.31e-05,0.1,0.0009333333333333333,0.0316542302412234,0.0005796416451423439,3.5452737870170212
0.024374441501222206,1.0,7.94e-05,0.1,0.0018,0.0316542302412234,0.0005796416451423439,6.837313732104255
0.024374441501222206,1.0,0.0001,0.1,0.0026666666666666666,0.0316542302412234,0.0005796416451423439,10.129353677191489
0.024374441501222206,1.0,0.000126,0.1,0.0038666666666666667,0.0316542302412234,0.0005796416451423439,14.687562831927659
0.024374441501222206,1.0,0.000158,0.1,0.005,0.0316542302412234,0.0005796416451423439,18.99253814473404
0.024374441501222206,1.0,0.0002,0.1,0.006533333333333334,0.0316542302412234,0.0005796416451423439,24.81691650911915
0.024374441501222206,1.0,0.000251,0.1,0.007533333333333334,0.0316542302412234,0.0005796416451423439,28.61542413806596
0.024374441501222206,1.0,0.000316,0.1,0.008166666666666666,0.0316542302412234,0.0005796416451423439,31.021145636398927
0.024374441501222206,1.0,0.000398,0.1,0.0066,0.0316542302412234,0.0005796416451423439,25.070150351048937
0.024374441501222206,1.0,0.000501,0.1,0.004733333333333333,0.0316542302412234,0.0005796416451423439,17.979602777014893
0.024374441501222206,1.0,0.000631,0.1,0.0025,0.0316542302412234,0.0005796416451423439,9.49626907236702
0.024374441501222206,1.0,0.000794,0.1,0.0006666666666666666,0.0316542302412234,0.0005796416451423439,2.532338419297872
0.024374441501222206,1.0,0.001,0.1,0.0002,0.0316542302412234,0.0005796416451423439,0.7597015257893617
0.024374441501222206,1.0,0.00126,0.1,3.3333333333333335e-05,0.0316542302412234,0.0005796416451423439,0.1266169209648936
0.024374441501222206,1.0,0.00158,0.1,0.0,0.0316542302412234,0.0005796416451423439,0.0
0.024374441501222206,1.0,0.002,0.1,0.0,0.0316542302412234,0.0005796416451423439,0.0
0.024374441501222206,1.0,0.00251,0.1,0.0,0.0316542302412234,0.0005796416451423439,0.0
0.024374441501222206,1.0,0.00316,0.1,0.0,0.0316542302412234,0.0005796416451423439,0.0
0.024374441501222206,1.0,0.00398,0.1,0.0,0.0316542302412234,0.0005796416451423439,0.0
0.024374441501222206,1.0,0.00501,0.1,0.0,0.0316542302412234,0.0005796416451423439,0.0
0.024374441501222206,1.0,0.00631,0.1,0.0,0.0316542302412234,0.0005796416451423439,0.0
0.025529080682395178,1.0,1e-06,0.1,0.0,0.03472228903465648,0.0006358229085269453,0.0
0.025529080682395178,1.0,1.26e-06,0.1,0.0,0.03472228903465648,0.0006358229085269453,0.0
0.025529080682395178,1.0,1.58e-06,0.1,0.0,0.03472228903465648,0.0006358229085269453,0.0
0.025529080682395178,1.0,2e-06,0.1,0.0,0.03472228903465648,0.0006358229085269453,0.0
0.025529080682395178,1.0,2.51e-06,0.1,0.0,0.03472228903465648,0.0006358229085269453,0.0
0.025529080682395178,1.0,3.16e-06,0.1,0.0,0.03472228903465648,0.0006358229085269453,0.0
0.025529080682395178,1.0,3.98e-06,0.1,0.0,0.03472228903465648,0.0006358229085269453,0.0
0.025529080682395178,1.0,1.58e-05,0.1,0.0001,0.03472228903465648,0.0006358229085269453,0.4166674684158778
0.025529080682395178,1.0,2e-05,0.1,0.0001,0.03472228903465648,0.0006358229085269453,0.4166674684158778
0.025529080682395178,1.0,2.51e-05,0.1,0.00016666666666666666,0.03472228903465648,0.0006358229085269453,0.6944457806931297
0.025529080682395178,1.0,3.16e-05,0.1,0.0002666666666666667,0.03472228903465648,0.0006358229085269453,1.1111132491090074
0.025529080682395178,1.0,3.98e-05,0.1,0.0003,0.03472228903465648,0.0006358229085269453,1.2500024052476333
0.025529080682395178,1.0,5.01e-05,0.1,0.0005666666666666667,0.03472228903465648,0.0006358229085269453,2.361115654356641
0.025529080682395178,1.0,6.31e-05,0.1,0.0009333333333333333,0.03472228903465648,0.0006358229085269453,3.8888963718815264
0.025529080682395178,1.0,7.94e-05,0.1,0.0018,0.03472228903465648,0.0006358229085269453,7.500014431485801
0.025529080682395178,1.0,0.0001,0.1,0.0026666666666666666,0.03472228903465648,0.0006358229085269453,11.111132491090075
0.025529080682395178,1.0,0.000126,0.1,0.0038666666666666667,0.03472228903465648,0.0006358229085269453,16.11114211208061
0.025529080682395178,1.0,0.000158,0.1,0.005,0.03472228903465648,0.0006358229085269453,20.83337342079389
0.025529080682395178,1.0,0.0002,0.1,0.006533333333333334,0.03472228903465648,0.0006358229085269453,27.222274603170685
0.025529080682395178,1.0,0.000251,0.1,0.007533333333333334,0.03472228903465648,0.0006358229085269453,31.388949287329464
0.025529080682395178,1.0,0.000316,0.1,0.008166666666666666,0.03472228903465648,0.0006358229085269453,34.027843253963354
0.025529080682395178,1.0,0.000398,0.1,0.0066,0.03472228903465648,0.0006358229085269453,27.500052915447938
0.025529080682395178,1.0,0.000501,0.1,0.004733333333333333,0.03472228903465648,0.0006358229085269453,19.722260171684884
0.025529080682395178,1.0,0.000631,0.1,0.0025,0.03472228903465648,0.0006358229085269453,10.416686710396945
0.025529080682395178,1.0,0.000794,0.1,0.0006666666666666666,0.03472228903465648,0.0006358229085269453,2.7777831227725187
0.025529080682395178,1.0,0.001,0.1,0.0002,0.03472228903465648,0.0006358229085269453,0.8333349368317556
0.025529080682395178,1.0,0.00126,0.1,3.3333333333333335e-05,0.03472228903465648,0.0006358229085269453,0.13888915613862593
0.025529080682395178,1.0,0.00158,0.1,0.0,0.03472228903465648,0.0006358229085269453,0.0
0.025529080682395178,1.0,0.002,0.1,0.0,0.03472228903465648,0.0006358229085269453,0.0
0.025529080682395178,1.0,0.00251,0.1,0.0,0.03472228903465648,0.0006358229085269453,0.0
0.025529080682395178,1.0,0.00316,0.1,0.0,0.03472228903465648,0.0006358229085269453,0.0
0.025529080682395178,1.0,0.00398,0.1,0.0,0.03472228903465648,0.0006358229085269453,0.0
0.025529080682395178,1.0,0.00501,0.1,0.0,0.03472228903465648,0.0006358229085269453,0.0
0.025529080682395178,1.0,0.00631,0.1,0.0,0.03472228903465648,0.0006358229085269453,0.0
0.026738416158399468,1.0,1e-06,0.1,0.0,0.038087509244905816,0.0006974456920876363,0.0
0.026738416158399468,1.0,1.26e-06,0.1,0.0,0.038087509244905816,0.0006974456920876363,0.0
0.026738416158399468,1.0,1.58e-06,0.1,0.0,0.038087509244905816,0.0006974456920876363,0.0
0.026738416158399468,1.0,2e-06,0.1,0.0,0.038087509244905816,0.0006974456920876363,0.0
0.026738416158399468,1.0,2.51e-06,0.1,0.0,0.038087509244905816,0.0006974456920876363,0.0
0.026738416158399468,1.0,3.16e-06,0.1,0.0,0.038087509244905816,0.0006974456920876363,0.0
0.026738416158399468,1.0,3.98e-06,0.1,0.0,0.038087509244905816,0.0006974456920876363,0.0
0.026738416158399468,1.0,1.58e-05,0.1,0.0001,0.038087509244905816,0.0006974456920876363,0.4570501109388698
0.026738416158399468,1.0,2e-05,0.1,0.0001,0.038087509244905816,0.0006974456920876363,0.4570501109388698
0.026738416158399468,1.0,2.51e-05,0.1,0.00016666666666666666,0.038087509244905816,0.0006974456920876363,0.7617501848981164
0.026738416158399468,1.0,3.16e-05,0.1,0.0002666666666666667,0.038087509244905816,0.0006974456920876363,1.2188002958369863
0.026738416158399468,1.0,3.98e-05,0.1,0.0003,0.038087509244905816,0.0006974456920876363,1.3711503328166095
0.026738416158399468,1.0,5.01e-05,0.1,0.0005666666666666667,0.038087509244905816,0.0006974456920876363,2.5899506286535963
0.026738416158399468,1.0,6.31e-05,0.1,0.0009333333333333333,0.038087509244905816,0.0006974456920876363,4.265801035429452
0.026738416158399468,1.0,7.94e-05,0.1,0.0018,0.038087509244905816,0.0006974456920876363,8.226901996899658
0.026738416158399468,1.0,0.0001,0.1,0.0026666666666666666,0.038087509244905816,0.0006974456920876363,12.188002958369863
0.026738416158399468,1.0,0.000126,0.1,0.0038666666666666667,0.038087509244905816,0.0006974456920876363,17.6726042896363
0.026738416158399468,1.0,0.000158,0.1,0.005,0.038087509244905816,0.0006974456920876363,22.852505546943494
0.026738416158399468,1.0,0.0002,0.1,0.006533333333333334,0.038087509244905816,0.0006974456920876363,29.860607248006165
0.026738416158399468,1.0,0.000251,0.1,0.007533333333333334,0.038087509244905816,0.0006974456920876363,34.43110835739486
0.026738416158399468,1.0,0.000316,0.1,0.008166666666666666,0.038087509244905816,0.0006974456920876363,37.3257590600077
0.026738416158399468,1.0,0.000398,0.1,0.0066,0.038087509244905816,0.0006974456920876363,30.165307321965415
0.026738416158399468,1.0,0.000501,0.1,0.004733333333333333,0.038087509244905816,0.0006974456920876363,21.633705251106505
0.026738416158399468,1.0,0.000631,0.1,0.0025,0.038087509244905816,0.0006974456920876363,11.426252773471747
0.026738416158399468,1.0,0.000794,0.1,0.0006666666666666666,0.038087509244905816,0.0006974456920876363,3.0470007395924656
0.026738416158399468,1.0,0.001,0.1,0.0002,0.038087509244905816,0.0006974456920876363,0.9141002218777396
0.026738416158399468,1.0,0.00126,0.1,3.3333333333333335e-05,0.038087509244905816,0.0006974456920876363,0.1523500369796233
0.026738416158399468,1.0,0.00158,0.1,0.0,0.038087509244905816,0.0006974456920876363,0.0
0.026738416158399468,1.0,0.002,0.1,0.0,0.038087509244905816,0.0006974456920876363,0.0
0.026738416158399468,1.0,0.00251,0.1,0.0,0.038087509244905816,0.0006974456920876363,0.0
0.026738416158399468,1.0,0.00316,0.1,0.0,0.038087509244905816,0.0006974456920876363,0.0
0.026738416158399468,1.0,0.00398,0.1,0.0,0.038087509244905816,0.0006974456920876363,0.0
0.026738416158399468,1.0,0.00501,0.1,0.0,0.038087509244905816,0.0006974456920876363,0.0
0.026738416158399468,1.0,0.00631,0.1,0.0,0.038087509244905816,0.0006974456920876363,0.0
0.02800503894183631,1.0,1e-06,0.1,0.0,0.041778630714958895,0.0007650362701878574,0.0
0.02800503894183631,1.0,1.26e-06,0.1,0.0,0.041778630714958895,0.0007650362701878574,0.0
0.02800503894183631,1.0,1.58e-06,0.1,0.0,0.041778630714958895,0.0007650362701878574,0.0
0.02800503894183631,1.0,2e-06,0.1,0.0,0.041778630714958895,0.0007650362701878574,0.0
0.02800503894183631,1.0,2.51e-06,0.1,0.0,0.041778630714958895,0.0007650362701878574,0.0
0.02800503894183631,1.0,3.16e-06,0.1,0.0,0.041778630714958895,0.0007650362701878574,0.0
0.02800503894183631,1.0,3.98e-06,0.1,0.0,0.041778630714958895,0.0007650362701878574,0.0
0.02800503894183631,1.0,1.58e-05,0.1,0.0001,0.041778630714958895,0.0007650362701878574,0.5013435685795068
0.02800503894183631,1.0,2e-05,0.1,0.0001,0.041778630714958895,0.0007650362701878574,0.5013435685795068
0.02800503894183631,1.0,2.51e-05,0.1,0.00016666666666666666,0.041778630714958895,0.0007650362701878574,0.835572614299178
0.02800503894183631,1.0,3.16e-05,0.1,0.0002666666666666667,0.041778630714958895,0.0007650362701878574,1.3369161828786849
0.02800503894183631,1.0,3.98e-05,0.1,0.0003,0.041778630714958895,0.0007650362701878574,1.5040307057385203
0.02800503894183631,1.0,5.01e-05,0.1,0.0005666666666666667,0.041778630714958895,0.0007650362701878574,2.8409468886172053
0.02800503894183631,1.0,6.31e-05,0.1,0.0009333333333333333,0.041778630714958895,0.0007650362701878574,4.679206640075396
0.02800503894183631,1.0,7.94e-05,0.1,0.0018,0.041778630714958895,0.0007650362701878574,9.024184234431122
0.02800503894183631,1.0,0.0001,0.1,0.0026666666666666666,0.041778630714958895,0.0007650362701878574,13.369161828786847
0.02800503894183631,1.0,0.000126,0.1,0.0038666666666666667,0.041778630714958895,0.0007650362701878574,19.385284651740932
0.02800503894183631,1.0,0.000158,0.1,0.005,0.041778630714958895,0.0007650362701878574,25.06717842897534
0.02800503894183631,1.0,0.0002,0.1,0.006533333333333334,0.041778630714958895,0.0007650362701878574,32.754446480527776
0.02800503894183631,1.0,0.000251,0.1,0.007533333333333334,0.041778630714958895,0.0007650362701878574,37.76788216632285
0.02800503894183631,1.0,0.000316,0.1,0.008166666666666666,0.041778630714958895,0.0007650362701878574,40.94305810065972
0.02800503894183631,1.0,0.000398,0.1,0.0066,0.041778630714958895,0.0007650362701878574,33.08867552624745
0.02800503894183631,1.0,0.000501,0.1,0.004733333333333333,0.041778630714958895,0.0007650362701878574,23.730262246096654
0.02800503894183631,1.0,0.000631,0.1,0.0025,0.041778630714958895,0.0007650362701878574,12.53358921448767
0.02800503894183631,1.0,0.000794,0.1,0.0006666666666666666,0.041778630714958895,0.0007650362701878574,3.342290457196712
0.02800503894183631,1.0,0.001,0.1,0.0002,0.041778630714958895,0.0007650362701878574,1.0026871371590136
0.02800503894183631,1.0,0.00126,0.1,3.3333333333333335e-05,0.041778630714958895,0.0007650362701878574,0.1671145228598356
0.02800503894183631,1.0,0.00158,0.1,0.0,0.041778630714958895,0.0007650362701878574,0.0
0.02800503894183631,1.0,0.002,0.1,0.0,0.041778630714958895,0.0007650362701878574,0.0
0.02800503894183631,1.0,0.00251,0.1,0.0,0.041778630714958895,0.0007650362701878574,0.0
0.02800503894183631,1.0,0.00316,0.1,0.0,0.041778630714958895,0.0007650362701878574,0.0
0.02800503894183631,1.0,0.00398,0.1,0.0,0.041778630714958895,0.0007650362701878574,0.0
0.02800503894183631,1.0,0.00501,0.1,0.0,0.041778630714958895,0.0007650362701878574,0.0
0.02800503894183631,1.0,0.00631,0.1,0.0,0.041778630714958895,0.0007650362701878574,0.0
0.02933166278390044,1.0,1e-06,0.1,0.0,0.045827164281663356,0.000839171658701032,0.0
0.02933166278390044,1.0,1.26e-06,0.1,0.0,0.045827164281663356,0.000839171658701032,0.0
0.02933166278390044,1.0,1.58e-06,0.1,0.0,0.045827164281663356,0.000839171658701032,0.0
0.02933166278390044,1.0,2e-06,0.1,0.0,0.045827164281663356,0.000839171658701032,0.0
0.02933166278390044,1.0,2.51e-06,0.1,0.0,0.045827164281663356,0.000839171658701032,0.0
0.02933166278390044,1.0,3.16e-06,0.1,0.0,0.045827164281663356,0.000839171658701032,0.0
0.02933166278390044,1.0,3.98e-06,0.1,0.0,0.045827164281663356,0.000839171658701032,0.0
0.02933166278390044,1.0,1.58e-05,0.1,0.0001,0.045827164281663356,0.000839171658701032,0.5499259713799604
0.02933166278390044,1.0,2e-05,0.1,0.0001,0.045827164281663356,0.000839171658701032,0.5499259713799604
0.02933166278390044,1.0,2.51e-05,0.1,0.00016666666666666666,0.045827164281663356,0.000839171658701032,0.9165432856332671
0.02933166278390044,1.0,3.16e-05,0.1,0.0002666666666666667,0.045827164281663356,0.000839171658701032,1.4664692570132276
0.02933166278390044,1.0,3.98e-05,0.1,0.0003,0.045827164281663356,0.000839171658701032,1.649777914139881
0.02933166278390044,1.0,5.01e-05,0.1,0.0005666666666666667,0.045827164281663356,0.000839171658701032,3.116247171153109
0.02933166278390044,1.0,6.31e-05,0.1,0.0009333333333333333,0.045827164281663356,0.000839171658701032,5.132642399546296
0.02933166278390044,1.0,7.94e-05,0.1,0.0018,0.045827164281663356,0.000839171658701032,9.898667484839287
0.02933166278390044,1.0,0.0001,0.1,0.0026666666666666666,0.045827164281663356,0.000839171658701032,14.664692570132274
0.02933166278390044,1.0,0.000126,0.1,0.0038666666666666667,0.045827164281663356,0.000839171658701032,21.2638042266918
0.02933166278390044,1.0,0.000158,0.1,0.005,0.045827164281663356,0.000839171658701032,27.496298568998014
0.02933166278390044,1.0,0.0002,0.1,0.006533333333333334,0.045827164281663356,0.000839171658701032,35.92849679682408
0.02933166278390044,1.0,0.000251,0.1,0.007533333333333334,0.045827164281663356,0.000839171658701032,41.42775651062368
0.02933166278390044,1.0,0.000316,0.1,0.008166666666666666,0.045827164281663356,0.000839171658701032,44.91062099603009
0.02933166278390044,1.0,0.000398,0.1,0.0066,0.045827164281663356,0.000839171658701032,36.29511411107738
0.02933166278390044,1.0,0.000501,0.1,0.004733333333333333,0.045827164281663356,0.000839171658701032,26.029829311984788
0.02933166278390044,1.0,0.000631,0.1,0.0025,0.045827164281663356,0.000839171658701032,13.748149284499007
0.02933166278390044,1.0,0.000794,0.1,0.0006666666666666666,0.045827164281663356,0.000839171658701032,3.6661731425330686
0.02933166278390044,1.0,0.001,0.1,0.0002,0.045827164281663356,0.000839171658701032,1.0998519427599207
0.02933166278390044,1.0,0.00126,0.1,3.3333333333333335e-05,0.045827164281663356,0.000839171658701032,0.18330865712665345
0.02933166278390044,1.0,0.00158,0.1,0.0,0.045827164281663356,0.000839171658701032,0.0
0.02933166278390044,1.0,0.002,0.1,0.0,0.045827164281663356,0.000839171658701032,0.0
0.02933166278390044,1.0,0.00251,0.1,0.0,0.045827164281663356,0.000839171658701032,0.0
0.02933166278390044,1.0,0.00316,0.1,0.0,0.045827164281663356,0.000839171658701032,0.0
0.02933166278390044,1.0,0.00398,0.1,0.0,0.045827164281663356,0.000839171658701032,0.0
0.02933166278390044,1.0,0.00501,0.1,0.0,0.045827164281663356,0.000839171658701032,0.0
0.02933166278390044,1.0,0.00631,0.1,0.0,0.045827164281663356,0.000839171658701032,0.0
0.030721129988617576,1.0,1e-06,0.1,0.0,0.05026765720400842,0.000920484475444212,0.0
0.030721129988617576,1.0,1.26e-06,0.1,0.0,0.05026765720400842,0.000920484475444212,0.0
0.030721129988617576,1.0,1.58e-06,0.1,0.0,0.05026765720400842,0.000920484475444212,0.0
0.030721129988617576,1.0,2e-06,0.1,0.0,0.05026765720400842,0.000920484475444212,0.0
0.030721129988617576,1.0,2.51e-06,0.1,0.0,0.05026765720400842,0.000920484475444212,0.0
0.030721129988617576,1.0,3.16e-06,0.1,0.0,0.05026765720400842,0.000920484475444212,0.0
0.030721129988617576,1.0,3.98e-06,0.1,0.0,0.05026765720400842,0.000920484475444212,0.0
0.030721129988617576,1.0,1.58e-05,0.1,0.0001,0.05026765720400842,0.000920484475444212,0.6032118864481011
0.030721129988617576,1.0,2e-05,0.1,0.0001,0.05026765720400842,0.000920484475444212,0.6032118864481011
0.030721129988617576,1.0,2.51e-05,0.1,0.00016666666666666666,0.05026765720400842,0.000920484475444212,1.0053531440801684
0.030721129988617576,1.0,3.16e-05,0.1,0.0002666666666666667,0.05026765720400842,0.000920484475444212,1.6085650305282695
0.030721129988617576,1.0,3.98e-05,0.1,0.0003,0.05026765720400842,0.000920484475444212,1.809635659344303
0.030721129988617576,1.0,5.01e-05,0.1,0.0005666666666666667,0.05026765720400842,0.000920484475444212,3.4182006898725734
0.030721129988617576,1.0,6.31e-05,0.1,0.0009333333333333333,0.05026765720400842,0.000920484475444212,5.629977606848944
0.030721129988617576,1.0,7.94e-05,0.1,0.0018,0.05026765720400842,0.000920484475444212,10.857813956065819
0.030721129988617576,1.0,0.0001,0.1,0.0026666666666666666,0.05026765720400842,0.000920484475444212,16.085650305282694
0.030721129988617576,1.0,0.000126,0.1,0.0038666666666666667,0.05026765720400842,0.000920484475444212,23.32419294265991
0.030721129988617576,1.0,0.000158,0.1,0.005,0.05026765720400842,0.000920484475444212,30.160594322405053
0.030721129988617576,1.0,0.0002,0.1,0.006533333333333334,0.05026765720400842,0.000920484475444212,39.409843247942604
0.030721129988617576,1.0,0.000251,0.1,0.007533333333333334,0.05026765720400842,0.000920484475444212,45.441962112423624
0.030721129988617576,1.0,0.000316,0.1,0.008166666666666666,0.05026765720400842,0.000920484475444212,49.262304059928255
0.030721129988617576,1.0,0.000398,0.1,0.0066,0.05026765720400842,0.000920484475444212,39.81198450557467
0.030721129988617576,1.0,0.000501,0.1,0.004733333333333333,0.05026765720400842,0.000920484475444212,28.552029291876785
0.030721129988617576,1.0,0.000631,0.1,0.0025,0.05026765720400842,0.000920484475444212,15.080297161202527
0.030721129988617576,1.0,0.000794,0.1,0.0006666666666666666,0.05026765720400842,0.000920484475444212,4.021412576320674
0.030721129988617576,1.0,0.001,0.1,0.0002,0.05026765720400842,0.000920484475444212,1.2064237728962022
0.030721129988617576,1.0,0.00126,0.1,3.3333333333333335e-05,0.05026765720400842,0.000920484475444212,0.2010706288160337
0.030721129988617576,1.0,0.00158,0.1,0.0,0.05026765720400842,0.000920484475444212,0.0
0.030721129988617576,1.0,0.002,0.1,0.0,0.05026765720400842,0.000920484475444212,0.0
0.030721129988617576,1.0,0.00251,0.1,0.0,0.05026765720400842,0.000920484475444212,0.0
0.030721129988617576,1.0,0.00316,0.1,0.0,0.05026765720400842,0.000920484475444212,0.0
0.030721129988617576,1.0,0.00398,0.1,0.0,0.05026765720400842,0.000920484475444212,0.0
0.030721129988617576,1.0,0.00501,0.1,0.0,0.05026765720400842,0.000920484475444212,0.0
0.030721129988617576,1.0,0.00631,0.1,0.0,0.05026765720400842,0.000920484475444212,0.0
0.03217641750250737,1.0,1e-06,0.1,0.0,0.05513798366210601,0.0010096682596979676,0.0
0.03217641750250737,1.0,1.26e-06,0.1,0.0,0.05513798366210601,0.0010096682596979676,0.0
0.03217641750250737,1.0,1.58e-06,0.1,0.0,0.05513798366210601,0.0010096682596979676,0.0
0.03217641750250737,1.0,2e-06,0.1,0.0,0.05513798366210601,0.0010096682596979676,0.0
0.03217641750250737,1.0,2.51e-06,0.1,0.0,0.05513798366210601,0.0010096682596979676,0.0
0.03217641750250737,1.0,3.16e-06,0.1,0.0,0.05513798366210601,0.0010096682596979676,0.0
0.03217641750250737,1.0,3.98e-06,0.1,0.0,0.05513798366210601,0.0010096682596979676,0.0
0.03217641750250737,1.0,1.58e-05,0.1,0.0001,0.05513798366210601,0.0010096682596979676,0.6616558039452722
0.03217641750250737,1.0,2e-05,0.1,0.0001,0.05513798366210601,0.0010096682596979676,0.6616558039452722
0.03217641750250737,1.0,2.51e-05,0.1,0.00016666666666666666,0.05513798366210601,0.0010096682596979676,1.1027596732421203
0.03217641750250737,1.0,3.16e-05,0.1,0.0002666666666666667,0.05513798366210601,0.0010096682596979676,1.7644154771873926
0.03217641750250737,1.0,3.98e-05,0.1,0.0003,0.05513798366210601,0.0010096682596979676,1.9849674118358163
0.03217641750250737,1.0,5.01e-05,0.1,0.0005666666666666667,0.05513798366210601,0.0010096682596979676,3.7493828890232095
0.03217641750250737,1.0,6.31e-05,0.1,0.0009333333333333333,0.05513798366210601,0.0010096682596979676,6.175454170155874
0.03217641750250737,1.0,7.94e-05,0.1,0.0018,0.05513798366210601,0.0010096682596979676,11.909804471014901
0.03217641750250737,1.0,0.0001,0.1,0.0026666666666666666,0.05513798366210601,0.0010096682596979676,17.644154771873925
0.03217641750250737,1.0,0.000126,0.1,0.0038666666666666667,0.05513798366210601,0.0010096682596979676,25.584024419217194
0.03217641750250737,1.0,0.000158,0.1,0.005,0.05513798366210601,0.0010096682596979676,33.08279019726361
0.03217641750250737,1.0,0.0002,0.1,0.006533333333333334,0.05513798366210601,0.0010096682596979676,43.22817919109112
0.03217641750250737,1.0,0.000251,0.1,0.007533333333333334,0.05513798366210601,0.0010096682596979676,49.84473723054384
0.03217641750250737,1.0,0.000316,0.1,0.008166666666666666,0.05513798366210601,0.0010096682596979676,54.03522398886389
0.03217641750250737,1.0,0.000398,0.1,0.0066,0.05513798366210601,0.0010096682596979676,43.66928306038797
0.03217641750250737,1.0,0.000501,0.1,0.004733333333333333,0.05513798366210601,0.0010096682596979676,31.31837472007622
0.03217641750250737,1.0,0.000631,0.1,0.0025,0.05513798366210601,0.0010096682596979676,16.541395098631806
0.03217641750250737,1.0,0.000794,0.1,0.0006666666666666666,0.05513798366210601,0.0010096682596979676,4.411038692968481
0.03217641750250737,1.0,0.001,0.1,0.0002,0.05513798366210601,0.0010096682596979676,1.3233116078905445
0.03217641750250737,1.0,0.00126,0.1,3.3333333333333335e-05,0.05513798366210601,0.0010096682596979676,0.22055193464842407
0.03217641750250737,1.0,0.00158,0.1,0.0,0.05513798366210601,0.0010096682596979676,0.0
0.03217641750250737,1.0,0.002,0.1,0.0,0.05513798366210601,0.0010096682596979676,0.0
0.03217641750250737,1.0,0.00251,0.1,0.0,0.05513798366210601,0.0010096682596979676,0.0
0.03217641750250737,1.0,0.00316,0.1,0.0,0.05513798366210601,0.0010096682596979676,0.0
0.03217641750250737,1.0,0.00398,0.1,0.0,0.05513798366210601,0.0010096682596979676,0.0
0.03217641750250737,1.0,0.00501,0.1,0.0,0.05513798366210601,0.0010096682596979676,0.0
0.03217641750250737,1.0,0.00631,0.1,0.0,0.05513798366210601,0.0010096682596979676,0.0
0.03370064329271928,1.0,1e-06,0.1,0.0,0.06047966262261204,0.0011074832928513467,0.0
0.03370064329271928,1.0,1.26e-06,0.1,0.0,0.06047966262261204,0.0011074832928513467,0.0
0.03370064329271928,1.0,1.58e-06,0.1,0.0,0.06047966262261204,0.0011074832928513467,0.0
0.03370064329271928,1.0,2e-06,0.1,0.0,0.06047966262261204,0.0011074832928513467,0.0
0.03370064329271928,1.0,2.51e-06,0.1,0.0,0.06047966262261204,0.0011074832928513467,0.0
0.03370064329271928,1.0,3.16e-06,0.1,0.0,0.06047966262261204,0.0011074832928513467,0.0
0.03370064329271928,1.0,3.98e-06,0.1,0.0,0.06047966262261204,0.0011074832928513467,0.0
0.03370064329271928,1.0,1.58e-05,0.1,0.0001,0.06047966262261204,0.0011074832928513467,0.7257559514713445
0.03370064329271928,1.0,2e-05,0.1,0.0001,0.06047966262261204,0.0011074832928513467,0.7257559514713445
0.03370064329271928,1.0,2.51e-05,0.1,0.00016666666666666666,0.06047966262261204,0.0011074832928513467,1.2095932524522408
0.03370064329271928,1.0,3.16e-05,0.1,0.0002666666666666667,0.06047966262261204,0.0011074832928513467,1.9353492039235853
0.03370064329271928,1.0,3.98e-05,0.1,0.0003,0.06047966262261204,0.0011074832928513467,2.177267854414033
0.03370064329271928,1.0,5.01e-05,0.1,0.0005666666666666667,0.06047966262261204,0.0011074832928513467,4.1126170583376185
0.03370064329271928,1.0,6.31e-05,0.1,0.0009333333333333333,0.06047966262261204,0.0011074832928513467,6.7737222137325475
0.03370064329271928,1.0,7.94e-05,0.1,0.0018,0.06047966262261204,0.0011074832928513467,13.0636071264842
0.03370064329271928,1.0,0.0001,0.1,0.0026666666666666666,0.06047966262261204,0.0011074832928513467,19.353492039235853
0.03370064329271928,1.0,0.000126,0.1,0.0038666666666666667,0.06047966262261204,0.0011074832928513467,28.062563456891986
0.03370064329271928,1.0,0.000158,0.1,0.005,0.06047966262261204,0.0011074832928513467,36.287797573567225
0.03370064329271928,1.0,0.0002,0.1,0.006533333333333334,0.06047966262261204,0.0011074832928513467,47.416055496127846
0.03370064329271928,1.0,0.000251,0.1,0.007533333333333334,0.06047966262261204,0.0011074832928513467,54.67361501084129
0.03370064329271928,1.0,0.000316,0.1,0.008166666666666666,0.06047966262261204,0.0011074832928513467,59.27006937015979
0.03370064329271928,1.0,0.000398,0.1,0.0066,0.06047966262261204,0.0011074832928513467,47.899892797108734
0.03370064329271928,1.0,0.000501,0.1,0.004733333333333333,0.06047966262261204,0.0011074832928513467,34.35244836964364
0.03370064329271928,1.0,0.000631,0.1,0.0025,0.06047966262261204,0.0011074832928513467,18.143898786783613
0.03370064329271928,1.0,0.000794,0.1,0.0006666666666666666,0.06047966262261204,0.0011074832928513467,4.838373009808963
0.03370064329271928,1.0,0.001,0.1,0.0002,0.06047966262261204,0.0011074832928513467,1.451511902942689
0.03370064329271928,1.0,0.00126,0.1,3.3333333333333335e-05,0.06047966262261204,0.0011074832928513467,0.24191865049044817
0.03370064329271928,1.0,0.00158,0.1,0.0,0.06047966262261204,0.0011074832928513467,0.0
0.03370064329271928,1.0,0.002,0.1,0.0,0.06047966262261204,0.0011074832928513467,0.0
0.03370064329271928,1.0,0.00251,0.1,0.0,0.06047966262261204,0.0011074832928513467,0.0
0.03370064329271928,1.0,0.00316,0.1,0.0,0.06047966262261204,0.0011074832928513467,0.0
0.03370064329271928,1.0,0.00398,0.1,0.0,0.06047966262261204,0.0011074832928513467,0.0
0.03370064329271928,1.0,0.00501,0.1,0.0,0.06047966262261204,0.0011074832928513467,0.0
0.03370064329271928,1.0,0.00631,0.1,0.0,0.06047966262261204,0.0011074832928513467,0.0
0.0352970730273065,1.0,1e-06,0.1,0.0,0.06633820556166446,0.0012147629657876665,0.0
0.0352970730273065,1.0,1.26e-06,0.1,0.0,0.06633820556166446,0.0012147629657876665,0.0
0.0352970730273065,1.0,1.58e-06,0.1,0.0,0.06633820556166446,0.0012147629657876665,0.0
0.0352970730273065,1.0,2e-06,0.1,0.0,0.06633820556166446,0.0012147629657876665,0.0
0.0352970730273065,1.0,2.51e-06,0.1,0.0,0.06633820556166446,0.0012147629657876665,0.0
0.0352970730273065,1.0,3.16e-06,0.1,0.0,0.06633820556166446,0.0012147629657876665,0.0
0.0352970730273065,1.0,3.98e-06,0.1,0.0,0.06633820556166446,0.0012147629657876665,0.0
0.0352970730273065,1.0,1.58e-05,0.1,0.0001,0.06633820556166446,0.0012147629657876665,0.7960584667399736
0.0352970730273065,1.0,2e-05,0.1,0.0001,0.06633820556166446,0.0012147629657876665,0.7960584667399736
0.0352970730273065,1.0,2.51e-05,0.1,0.00016666666666666666,0.06633820556166446,0.0012147629657876665,1.326764111233289
0.0352970730273065,1.0,3.16e-05,0.1,0.0002666666666666667,0.06633820556166446,0.0012147629657876665,2.122822577973263
0.0352970730273065,1.0,3.98e-05,0.1,0.0003,0.06633820556166446,0.0012147629657876665,2.3881754002199207
0.0352970730273065,1.0,5.01e-05,0.1,0.0005666666666666667,0.06633820556166446,0.0012147629657876665,4.510997978193184
0.0352970730273065,1.0,6.31e-05,0.1,0.0009333333333333333,0.06633820556166446,0.0012147629657876665,7.4298790229064196
0.0352970730273065,1.0,7.94e-05,0.1,0.0018,0.06633820556166446,0.0012147629657876665,14.329052401319524
0.0352970730273065,1.0,0.0001,0.1,0.0026666666666666666,0.06633820556166446,0.0012147629657876665,21.228225779732625
0.0352970730273065,1.0,0.000126,0.1,0.0038666666666666667,0.06633820556166446,0.0012147629657876665,30.78092738061231
0.0352970730273065,1.0,0.000158,0.1,0.005,0.06633820556166446,0.0012147629657876665,39.802923336998674
0.0352970730273065,1.0,0.0002,0.1,0.006533333333333334,0.06633820556166446,0.0012147629657876665,52.009153160344944
0.0352970730273065,1.0,0.000251,0.1,0.007533333333333334,0.06633820556166446,0.0012147629657876665,59.96973782774468
0.0352970730273065,1.0,0.000316,0.1,0.008166666666666666,0.06633820556166446,0.0012147629657876665,65.01144145043116
0.0352970730273065,1.0,0.000398,0.1,0.0066,0.06633820556166446,0.0012147629657876665,52.53985880483825
0.0352970730273065,1.0,0.000501,0.1,0.004733333333333333,0.06633820556166446,0.0012147629657876665,37.680100759025414
0.0352970730273065,1.0,0.000631,0.1,0.0025,0.06633820556166446,0.0012147629657876665,19.901461668499337
0.0352970730273065,1.0,0.000794,0.1,0.0006666666666666666,0.06633820556166446,0.0012147629657876665,5.307056444933156
0.0352970730273065,1.0,0.001,0.1,0.0002,0.06633820556166446,0.0012147629657876665,1.5921169334799472
0.0352970730273065,1.0,0.00126,0.1,3.3333333333333335e-05,0.06633820556166446,0.0012147629657876665,0.26535282224665785
0.0352970730273065,1.0,0.00158,0.1,0.0,0.06633820556166446,0.0012147629657876665,0.0
0.0352970730273065,1.0,0.002,0.1,0.0,0.06633820556166446,0.0012147629657876665,0.0
0.0352970730273065,1.0,0.00251,0.1,0.0,0.06633820556166446,0.0012147629657876665,0.0
0.0352970730273065,1.0,0.00316,0.1,0.0,0.06633820556166446,0.0012147629657876665,0.0
0.0352970730273065,1.0,0.00398,0.1,0.0,0.06633820556166446,0.0012147629657876665,0.0
0.0352970730273065,1.0,0.00501,0.1,0.0,0.06633820556166446,0.0012147629657876665,0.0
0.0352970730273065,1.0,0.00631,0.1,0.0,0.06633820556166446,0.0012147629657876665,0.0
0.036969127071950283,1.0,1e-06,0.1,0.0,0.07276349674523407,0.0013324207424507246,0.0
0.036969127071950283,1.0,1.26e-06,0.1,0.0,0.07276349674523407,0.0013324207424507246,0.0
0.036969127071950283,1.0,1.58e-06,0.1,0.0,0.07276349674523407,0.0013324207424507246,0.0
0.036969127071950283,1.0,2e-06,0.1,0.0,0.07276349674523407,0.0013324207424507246,0.0
0.036969127071950283,1.0,2.51e-06,0.1,0.0,0.07276349674523407,0.0013324207424507246,0.0
0.036969127071950283,1.0,3.16e-06,0.1,0.0,0.07276349674523407,0.0013324207424507246,0.0
0.036969127071950283,1.0,3.98e-06,0.1,0.0,0.07276349674523407,0.0013324207424507246,0.0
0.036969127071950283,1.0,1.58e-05,0.1,0.0001,0.07276349674523407,0.0013324207424507246,0.873161960942809
0.036969127071950283,1.0,2e-05,0.1,0.0001,0.07276349674523407,0.0013324207424507246,0.873161960942809
0.036969127071950283,1.0,2.51e-05,0.1,0.00016666666666666666,0.07276349674523407,0.0013324207424507246,1.4552699349046814
0.036969127071950283,1.0,3.16e-05,0.1,0.0002666666666666667,0.07276349674523407,0.0013324207424507246,2.32843189584749
0.036969127071950283,1.0,3.98e-05,0.1,0.0003,0.07276349674523407,0.0013324207424507246,2.6194858828284264
0.036969127071950283,1.0,5.01e-05,0.1,0.0005666666666666667,0.07276349674523407,0.0013324207424507246,4.947917778675917
0.036969127071950283,1.0,6.31e-05,0.1,0.0009333333333333333,0.07276349674523407,0.0013324207424507246,8.149511635466217
0.036969127071950283,1.0,7.94e-05,0.1,0.0018,0.07276349674523407,0.0013324207424507246,15.716915296970559
0.036969127071950283,1.0,0.0001,0.1,0.0026666666666666666,0.07276349674523407,0.0013324207424507246,23.284318958474902
0.036969127071950283,1.0,0.000126,0.1,0.0038666666666666667,0.07276349674523407,0.0013324207424507246,33.762262489788604
0.036969127071950283,1.0,0.000158,0.1,0.005,0.07276349674523407,0.0013324207424507246,43.65809804714044
0.036969127071950283,1.0,0.0002,0.1,0.006533333333333334,0.07276349674523407,0.0013324207424507246,57.04658144826351
0.036969127071950283,1.0,0.000251,0.1,0.007533333333333334,0.07276349674523407,0.0013324207424507246,65.7782010576916
0.036969127071950283,1.0,0.000316,0.1,0.008166666666666666,0.07276349674523407,0.0013324207424507246,71.30822681032939
0.036969127071950283,1.0,0.000398,0.1,0.0066,0.07276349674523407,0.0013324207424507246,57.62868942222538
0.036969127071950283,1.0,0.000501,0.1,0.004733333333333333,0.07276349674523407,0.0013324207424507246,41.329666151292955
0.036969127071950283,1.0,0.000631,0.1,0.0025,0.07276349674523407,0.0013324207424507246,21.82904902357022
0.036969127071950283,1.0,0.000794,0.1,0.0006666666666666666,0.07276349674523407,0.0013324207424507246,5.8210797396187255
0.036969127071950283,1.0,0.001,0.1,0.0002,0.07276349674523407,0.0013324207424507246,1.746323921885618
0.036969127071950283,1.0,0.00126,0.1,3.3333333333333335e-05,0.07276349674523407,0.0013324207424507246,0.29105398698093626
0.036969127071950283,1.0,0.00158,0.1,0.0,0.07276349674523407,0.0013324207424507246,0.0
0.036969127071950283,1.0,0.002,0.1,0.0,0.07276349674523407,0.0013324207424507246,0.0
0.036969127071950283,1.0,0.00251,0.1,0.0,0.07276349674523407,0.0013324207424507246,0.0
0.036969127071950283,1.0,0.00316,0.1,0.0,0.07276349674523407,0.0013324207424507246,0.0
0.036969127071950283,1.0,0.00398,0.1,0.0,0.07276349674523407,0.0013324207424507246,0.0
0.036969127071950283,1.0,0.00501,0.1,0.0,0.07276349674523407,0.0013324207424507246,0.0
0.036969127071950283,1.0,0.00631,0.1,0.0,0.07276349674523407,0.0013324207424507246,0.0
0.03872038781812555,1.0,1e-06,0.1,0.0,0.07981020898931562,0.0014614577731059445,0.0
0.03872038781812555,1.0,1.26e-06,0.1,0.0,0.07981020898931562,0.0014614577731059445,0.0
0.03872038781812555,1.0,1.58e-06,0.1,0.0,0.07981020898931562,0.0014614577731059445,0.0
0.03872038781812555,1.0,2e-06,0.1,0.0,0.07981020898931562,0.0014614577731059445,0.0
0.03872038781812555,1.0,2.51e-06,0.1,0.0,0.07981020898931562,0.0014614577731059445,0.0
0.03872038781812555,1.0,3.16e-06,0.1,0.0,0.07981020898931562,0.0014614577731059445,0.0
0.03872038781812555,1.0,3.98e-06,0.1,0.0,0.07981020898931562,0.0014614577731059445,0.0
0.03872038781812555,1.0,1.58e-05,0.1,0.0001,0.07981020898931562,0.0014614577731059445,0.9577225078717876
0.03872038781812555,1.0,2e-05,0.1,0.0001,0.07981020898931562,0.0014614577731059445,0.9577225078717876
0.03872038781812555,1.0,2.51e-05,0.1,0.00016666666666666666,0.07981020898931562,0.0014614577731059445,1.5962041797863125
0.03872038781812555,1.0,3.16e-05,0.1,0.0002666666666666667,0.07981020898931562,0.0014614577731059445,2.5539266876581004
0.03872038781812555,1.0,3.98e-05,0.1,0.0003,0.07981020898931562,0.0014614577731059445,2.8731675236153627
0.03872038781812555,1.0,5.01e-05,0.1,0.0005666666666666667,0.07981020898931562,0.0014614577731059445,5.427094211273463
0.03872038781812555,1.0,6.31e-05,0.1,0.0009333333333333333,0.07981020898931562,0.0014614577731059445,8.93874340680335
0.03872038781812555,1.0,7.94e-05,0.1,0.0018,0.07981020898931562,0.0014614577731059445,17.239005141692175
0.03872038781812555,1.0,0.0001,0.1,0.0026666666666666666,0.07981020898931562,0.0014614577731059445,25.539266876581
0.03872038781812555,1.0,0.000126,0.1,0.0038666666666666667,0.07981020898931562,0.0014614577731059445,37.03193697104245
0.03872038781812555,1.0,0.000158,0.1,0.005,0.07981020898931562,0.0014614577731059445,47.88612539358938
0.03872038781812555,1.0,0.0002,0.1,0.006533333333333334,0.07981020898931562,0.0014614577731059445,62.57120384762345
0.03872038781812555,1.0,0.000251,0.1,0.007533333333333334,0.07981020898931562,0.0014614577731059445,72.14842892634134
0.03872038781812555,1.0,0.000316,0.1,0.008166666666666666,0.07981020898931562,0.0014614577731059445,78.21400480952931
0.03872038781812555,1.0,0.000398,0.1,0.0066,0.07981020898931562,0.0014614577731059445,63.209685519537985
0.03872038781812555,1.0,0.000501,0.1,0.004733333333333333,0.07981020898931562,0.0014614577731059445,45.33219870593128
0.03872038781812555,1.0,0.000631,0.1,0.0025,0.07981020898931562,0.0014614577731059445,23.94306269679469
0.03872038781812555,1.0,0.000794,0.1,0.0006666666666666666,0.07981020898931562,0.0014614577731059445,6.38481671914525
0.03872038781812555,1.0,0.001,0.1,0.0002,0.07981020898931562,0.0014614577731059445,1.9154450157435752
0.03872038781812555,1.0,0.00126,0.1,3.3333333333333335e-05,0.07981020898931562,0.0014614577731059445,0.31924083595726255
0.03872038781812555,1.0,0.00158,0.1,0.0,0.07981020898931562,0.0014614577731059445,0.0
0.03872038781812555,1.0,0.002,0.1,0.0,0.07981020898931562,0.0014614577731059445,0.0
0.03872038781812555,1.0,0.00251,0.1,0.0,0.07981020898931562,0.0014614577731059445,0.0
0.03872038781812555,1.0,0.00316,0.1,0.0,0.07981020898931562,0.0014614577731059445,0.0
0.03872038781812555,1.0,0.00398,0.1,0.0,0.07981020898931562,0.0014614577731059445,0.0
0.03872038781812555,1.0,0.00501,0.1,0.0,0.07981020898931562,0.0014614577731059445,0.0
0.03872038781812555,1.0,0.00631,0.1,0.0,0.07981020898931562,0.0014614577731059445,0.0
0.040554607358408296,1.0,1e-06,0.1,0.0,0.08753825805866189,0.0016029712151375552,0.0
0.040554607358408296,1.0,1.26e-06,0.1,0.0,0.08753825805866189,0.0016029712151375552,0.0
0.040554607358408296,1.0,1.58e-06,0.1,0.0,0.08753825805866189,0.0016029712151375552,0.0
0.040554607358408296,1.0,2e-06,0.1,0.0,0.08753825805866189,0.0016029712151375552,0.0
0.040554607358408296,1.0,2.51e-06,0.1,0.0,0.08753825805866189,0.0016029712151375552,0.0
0.040554607358408296,1.0,3.16e-06,0.1,0.0,0.08753825805866189,0.0016029712151375552,0.0
0.040554607358408296,1.0,3.98e-06,0.1,0.0,0.08753825805866189,0.0016029712151375552,0.0
0.040554607358408296,1.0,1.58e-05,0.1,0.0001,0.08753825805866189,0.0016029712151375552,1.0504590967039427
0.040554607358408296,1.0,2e-05,0.1,0.0001,0.08753825805866189,0.0016029712151375552,1.0504590967039427
0.040554607358408296,1.0,2.51e-05,0.1,0.00016666666666666666,0.08753825805866189,0.0016029712151375552,1.7507651611732378
0.040554607358408296,1.0,3.16e-05,0.1,0.0002666666666666667,0.08753825805866189,0.0016029712151375552,2.8012242578771804
0.040554607358408296,1.0,3.98e-05,0.1,0.0003,0.08753825805866189,0.0016029712151375552,3.151377290111828
0.040554607358408296,1.0,5.01e-05,0.1,0.0005666666666666667,0.08753825805866189,0.0016029712151375552,5.952601547989008
0.040554607358408296,1.0,6.31e-05,0.1,0.0009333333333333333,0.08753825805866189,0.0016029712151375552,9.804284902570132
0.040554607358408296,1.0,7.94e-05,0.1,0.0018,0.08753825805866189,0.0016029712151375552,18.908263740670968
0.040554607358408296,1.0,0.0001,0.1,0.0026666666666666666,0.08753825805866189,0.0016029712151375552,28.012242578771804
0.040554607358408296,1.0,0.000126,0.1,0.0038666666666666667,0.08753825805866189,0.0016029712151375552,40.617751739219116
0.040554607358408296,1.0,0.000158,0.1,0.005,0.08753825805866189,0.0016029712151375552,52.52295483519713
0.040554607358408296,1.0,0.0002,0.1,0.006533333333333334,0.08753825805866189,0.0016029712151375552,68.62999431799092
0.040554607358408296,1.0,0.000251,0.1,0.007533333333333334,0.08753825805866189,0.0016029712151375552,79.13458528503035
0.040554607358408296,1.0,0.000316,0.1,0.008166666666666666,0.08753825805866189,0.0016029712151375552,85.78749289748865
0.040554607358408296,1.0,0.000398,0.1,0.0066,0.08753825805866189,0.0016029712151375552,69.33030038246021
0.040554607358408296,1.0,0.000501,0.1,0.004733333333333333,0.08753825805866189,0.0016029712151375552,49.72173057731995
0.040554607358408296,1.0,0.000631,0.1,0.0025,0.08753825805866189,0.0016029712151375552,26.261477417598567
0.040554607358408296,1.0,0.000794,0.1,0.0006666666666666666,0.08753825805866189,0.0016029712151375552,7.003060644692951
0.040554607358408296,1.0,0.001,0.1,0.0002,0.08753825805866189,0.0016029712151375552,2.1009181934078853
0.040554607358408296,1.0,0.00126,0.1,3.3333333333333335e-05,0.08753825805866189,0.0016029712151375552,0.35015303223464755
0.040554607358408296,1.0,0.00158,0.1,0.0,0.08753825805866189,0.0016029712151375552,0.0
0.040554607358408296,1.0,0.002,0.1,0.0,0.08753825805866189,0.0016029712151375552,0.0
0.040554607358408296,1.0,0.00251,0.1,0.0,0.08753825805866189,0.0016029712151375552,0.0
0.040554607358408296,1.0,0.00316,0.1,0.0,0.08753825805866189,0.0016029712151375552,0.0
0.040554607358408296,1.0,0.00398,0.1,0.0,0.08753825805866189,0.0016029712151375552,0.0
0.040554607358408296,1.0,0.00501,0.1,0.0,0.08753825805866189,0.0016029712151375552,0.0
0.040554607358408296,1.0,0.00631,0.1,0.0,0.08753825805866189,0.0016029712151375552,0.0
0.04247571552536898,1.0,1e-06,0.1,0.0,0.09601329911257742,0.0017581633237974256,0.0
0.04247571552536898,1.0,1.26e-06,0.1,0.0,0.09601329911257742,0.0017581633237974256,0.0
0.04247571552536898,1.0,1.58e-06,0.1,0.0,0.09601329911257742,0.0017581633237974256,0.0
0.04247571552536898,1.0,2e-06,0.1,0.0,0.09601329911257742,0.0017581633237974256,0.0
0.04247571552536898,1.0,2.51e-06,0.1,0.0,0.09601329911257742,0.0017581633237974256,0.0
0.04247571552536898,1.0,3.16e-06,0.1,0.0,0.09601329911257742,0.0017581633237974256,0.0
0.04247571552536898,1.0,3.98e-06,0.1,0.0,0.09601329911257742,0.0017581633237974256,0.0
0.04247571552536898,1.0,1.58e-05,0.1,0.0001,0.09601329911257742,0.0017581633237974256,1.152159589350929
0.04247571552536898,1.0,2e-05,0.1,0.0001,0.09601329911257742,0.0017581633237974256,1.152159589350929
0.04247571552536898,1.0,2.51e-05,0.1,0.00016666666666666666,0.09601329911257742,0.0017581633237974256,1.9202659822515482
0.04247571552536898,1.0,3.16e-05,0.1,0.0002666666666666667,0.09601329911257742,0.0017581633237974256,3.0724255716024778
0.04247571552536898,1.0,3.98e-05,0.1,0.0003,0.09601329911257742,0.0017581633237974256,3.4564787680527864
0.04247571552536898,1.0,5.01e-05,0.1,0.0005666666666666667,0.09601329911257742,0.0017581633237974256,6.528904339655265
0.04247571552536898,1.0,6.31e-05,0.1,0.0009333333333333333,0.09601329911257742,0.0017581633237974256,10.753489500608673
0.04247571552536898,1.0,7.94e-05,0.1,0.0018,0.09601329911257742,0.0017581633237974256,20.738872608316726
0.04247571552536898,1.0,0.0001,0.1,0.0026666666666666666,0.09601329911257742,0.0017581633237974256,30.72425571602477
0.04247571552536898,1.0,0.000126,0.1,0.0038666666666666667,0.09601329911257742,0.0017581633237974256,44.550170788235924
0.04247571552536898,1.0,0.000158,0.1,0.005,0.09601329911257742,0.0017581633237974256,57.60797946754646
0.04247571552536898,1.0,0.0002,0.1,0.006533333333333334,0.09601329911257742,0.0017581633237974256,75.2744265042607
0.04247571552536898,1.0,0.000251,0.1,0.007533333333333334,0.09601329911257742,0.0017581633237974256,86.79602239777
0.04247571552536898,1.0,0.000316,0.1,0.008166666666666666,0.09601329911257742,0.0017581633237974256,94.09303313032586
0.04247571552536898,1.0,0.000398,0.1,0.0066,0.09601329911257742,0.0017581633237974256,76.04253289716131
0.04247571552536898,1.0,0.000501,0.1,0.004733333333333333,0.09601329911257742,0.0017581633237974256,54.53555389594398
0.04247571552536898,1.0,0.000631,0.1,0.0025,0.09601329911257742,0.0017581633237974256,28.80398973377323
0.04247571552536898,1.0,0.000794,0.1,0.0006666666666666666,0.09601329911257742,0.0017581633237974256,7.681063929006193
0.04247571552536898,1.0,0.001,0.1,0.0002,0.09601329911257742,0.0017581633237974256,2.304319178701858
0.04247571552536898,1.0,0.00126,0.1,3.3333333333333335e-05,0.09601329911257742,0.0017581633237974256,0.3840531964503097
0.04247571552536898,1.0,0.00158,0.1,0.0,0.09601329911257742,0.0017581633237974256,0.0
0.04247571552536898,1.0,0.002,0.1,0.0,0.09601329911257742,0.0017581633237974256,0.0
0.04247571552536898,1.0,0.00251,0.1,0.0,0.09601329911257742,0.0017581633237974256,0.0
0.04247571552536898,1.0,0.00316,0.1,0.0,0.09601329911257742,0.0017581633237974256,0.0
0.04247571552536898,1.0,0.00398,0.1,0.0,0.09601329911257742,0.0017581633237974256,0.0
0.04247571552536898,1.0,0.00501,0.1,0.0,0.09601329911257742,0.0017581633237974256,0.0
0.04247571552536898,1.0,0.00631,0.1,0.0,0.09601329911257742,0.0017581633237974256,0.0
0.04448782831127585,1.0,1e-06,0.1,0.0,0.10530726886912194,0.0019283513801340768,0.0
0.04448782831127585,1.0,1.26e-06,0.1,0.0,0.10530726886912194,0.0019283513801340768,0.0
0.04448782831127585,1.0,1.58e-06,0.1,0.0,0.10530726886912194,0.0019283513801340768,0.0
0.04448782831127585,1.0,2e-06,0.1,0.0,0.10530726886912194,0.0019283513801340768,0.0
0.04448782831127585,1.0,2.51e-06,0.1,0.0,0.10530726886912194,0.0019283513801340768,0.0
0.04448782831127585,1.0,3.16e-06,0.1,0.0,0.10530726886912194,0.0019283513801340768,0.0
0.04448782831127585,1.0,3.98e-06,0.1,0.0,0.10530726886912194,0.0019283513801340768,0.0
0.04448782831127585,1.0,1.58e-05,0.1,0.0001,0.10530726886912194,0.0019283513801340768,1.2636872264294634
0.04448782831127585,1.0,2e-05,0.1,0.0001,0.10530726886912194,0.0019283513801340768,1.2636872264294634
0.04448782831127585,1.0,2.51e-05,0.1,0.00016666666666666666,0.10530726886912194,0.0019283513801340768,2.106145377382439
0.04448782831127585,1.0,3.16e-05,0.1,0.0002666666666666667,0.10530726886912194,0.0019283513801340768,3.3698326038119024
0.04448782831127585,1.0,3.98e-05,0.1,0.0003,0.10530726886912194,0.0019283513801340768,3.7910616792883896
0.04448782831127585,1.0,5.01e-05,0.1,0.0005666666666666667,0.10530726886912194,0.0019283513801340768,7.160894283100292
0.04448782831127585,1.0,6.31e-05,0.1,0.0009333333333333333,0.10530726886912194,0.0019283513801340768,11.794414113341658
0.04448782831127585,1.0,7.94e-05,0.1,0.0018,0.10530726886912194,0.0019283513801340768,22.74637007573034
0.04448782831127585,1.0,0.0001,0.1,0.0026666666666666666,0.10530726886912194,0.0019283513801340768,33.69832603811902
0.04448782831127585,1.0,0.000126,0.1,0.0038666666666666667,0.10530726886912194,0.0019283513801340768,48.86257275527258
0.04448782831127585,1.0,0.000158,0.1,0.005,0.10530726886912194,0.0019283513801340768,63.18436132147316
0.04448782831127585,1.0,0.0002,0.1,0.006533333333333334,0.10530726886912194,0.0019283513801340768,82.5608987933916
0.04448782831127585,1.0,0.000251,0.1,0.007533333333333334,0.10530726886912194,0.0019283513801340768,95.19777105768624
0.04448782831127585,1.0,0.000316,0.1,0.008166666666666666,0.10530726886912194,0.0019283513801340768,103.2011234917395
0.04448782831127585,1.0,0.000398,0.1,0.0066,0.10530726886912194,0.0019283513801340768,83.40335694434458
0.04448782831127585,1.0,0.000501,0.1,0.004733333333333333,0.10530726886912194,0.0019283513801340768,59.81452871766126
0.04448782831127585,1.0,0.000631,0.1,0.0025,0.10530726886912194,0.0019283513801340768,31.59218066073658
0.04448782831127585,1.0,0.000794,0.1,0.0006666666666666666,0.10530726886912194,0.0019283513801340768,8.424581509529755
0.04448782831127585,1.0,0.001,0.1,0.0002,0.10530726886912194,0.0019283513801340768,2.527374452858927
0.04448782831127585,1.0,0.00126,0.1,3.3333333333333335e-05,0.10530726886912194,0.0019283513801340768,0.4212290754764878
0.04448782831127585,1.0,0.00158,0.1,0.0,0.10530726886912194,0.0019283513801340768,0.0
0.04448782831127585,1.0,0.002,0.1,0.0,0.10530726886912194,0.0019283513801340768,0.0
0.04448782831127585,1.0,0.00251,0.1,0.0,0.10530726886912194,0.0019283513801340768,0.0
0.04448782831127585,1.0,0.00316,0.1,0.0,0.10530726886912194,0.0019283513801340768,0.0
0.04448782831127585,1.0,0.00398,0.1,0.0,0.10530726886912194,0.0019283513801340768,0.0
0.04448782831127585,1.0,0.00501,0.1,0.0,0.10530726886912194,0.0019283513801340768,0.0
0.04448782831127585,1.0,0.00631,0.1,0.0,0.10530726886912194,0.0019283513801340768,0.0
0.046595256686646824,1.0,1e-06,0.1,0.0,0.1154989774339758,0.0021149785283643254,0.0
0.046595256686646824,1.0,1.26e-06,0.1,0.0,0.1154989774339758,0.0021149785283643254,0.0
0.046595256686646824,1.0,1.58e-06,0.1,0.0,0.1154989774339758,0.0021149785283643254,0.0
0.046595256686646824,1.0,2e-06,0.1,0.0,0.1154989774339758,0.0021149785283643254,0.0
0.046595256686646824,1.0,2.51e-06,0.1,0.0,0.1154989774339758,0.0021149785283643254,0.0
0.046595256686646824,1.0,3.16e-06,0.1,0.0,0.1154989774339758,0.0021149785283643254,0.0
0.046595256686646824,1.0,3.98e-06,0.1,0.0,0.1154989774339758,0.0021149785283643254,0.0
0.046595256686646824,1.0,1.58e-05,0.1,0.0001,0.1154989774339758,0.0021149785283643254,1.3859877292077099
0.046595256686646824,1.0,2e-05,0.1,0.0001,0.1154989774339758,0.0021149785283643254,1.3859877292077099
0.046595256686646824,1.0,2.51e-05,0.1,0.00016666666666666666,0.1154989774339758,0.0021149785283643254,2.3099795486795163
0.046595256686646824,1.0,3.16e-05,0.1,0.0002666666666666667,0.1154989774339758,0.0021149785283643254,3.695967277887226
0.046595256686646824,1.0,3.98e-05,0.1,0.0003,0.1154989774339758,0.0021149785283643254,4.157963187623129
0.046595256686646824,1.0,5.01e-05,0.1,0.0005666666666666667,0.1154989774339758,0.0021149785283643254,7.853930465510357
0.046595256686646824,1.0,6.31e-05,0.1,0.0009333333333333333,0.1154989774339758,0.0021149785283643254,12.935885472605293
0.046595256686646824,1.0,7.94e-05,0.1,0.0018,0.1154989774339758,0.0021149785283643254,24.947779125738776
0.046595256686646824,1.0,0.0001,0.1,0.0026666666666666666,0.1154989774339758,0.0021149785283643254,36.95967277887226
0.046595256686646824,1.0,0.000126,0.1,0.0038666666666666667,0.1154989774339758,0.0021149785283643254,53.59152552936478
0.046595256686646824,1.0,0.000158,0.1,0.005,0.1154989774339758,0.0021149785283643254,69.29938646038549
0.046595256686646824,1.0,0.0002,0.1,0.006533333333333334,0.1154989774339758,0.0021149785283643254,90.55119830823705
0.046595256686646824,1.0,0.000251,0.1,0.007533333333333334,0.1154989774339758,0.0021149785283643254,104.41107560031415
0.046595256686646824,1.0,0.000316,0.1,0.008166666666666666,0.1154989774339758,0.0021149785283643254,113.1889978852963
0.046595256686646824,1.0,0.000398,0.1,0.0066,0.1154989774339758,0.0021149785283643254,91.47519012770886
0.046595256686646824,1.0,0.000501,0.1,0.004733333333333333,0.1154989774339758,0.0021149785283643254,65.60341918249826
0.046595256686646824,1.0,0.000631,0.1,0.0025,0.1154989774339758,0.0021149785283643254,34.649693230192746
0.046595256686646824,1.0,0.000794,0.1,0.0006666666666666666,0.1154989774339758,0.0021149785283643254,9.239918194718065
0.046595256686646824,1.0,0.001,0.1,0.0002,0.1154989774339758,0.0021149785283643254,2.7719754584154197
0.046595256686646824,1.0,0.00126,0.1,3.3333333333333335e-05,0.1154989774339758,0.0021149785283643254,0.46199590973590327
0.046595256686646824,1.0,0.00158,0.1,0.0,0.1154989774339758,0.0021149785283643254,0.0
0.046595256686646824,1.0,0.002,0.1,0.0,0.1154989774339758,0.0021149785283643254,0.0
0.046595256686646824,1.0,0.00251,0.1,0.0,0.1154989774339758,0.0021149785283643254,0.0
0.046595256686646824,1.0,0.00316,0.1,0.0,0.1154989774339758,0.0021149785283643254,0.0
0.046595256686646824,1.0,0.00398,0.1,0.0,0.1154989774339758,0.0021149785283643254,0.0
0.046595256686646824,1.0,0.00501,0.1,0.0,0.1154989774339758,0.0021149785283643254,0.0
0.046595256686646824,1.0,0.00631,0.1,0.0,0.1154989774339758,0.0021149785283643254,0.0
0.04880251583654431,1.0,1e-06,0.1,0.0,0.1266747540257827,0.002319625600179138,0.0
0.04880251583654431,1.0,1.26e-06,0.1,0.0,0.1266747540257827,0.002319625600179138,0.0
0.04880251583654431,1.0,1.58e-06,0.1,0.0,0.1266747540257827,0.002319625600179138,0.0
0.04880251583654431,1.0,2e-06,0.1,0.0,0.1266747540257827,0.002319625600179138,0.0
0.04880251583654431,1.0,2.51e-06,0.1,0.0,0.1266747540257827,0.002319625600179138,0.0
0.04880251583654431,1.0,3.16e-06,0.1,0.0,0.1266747540257827,0.002319625600179138,0.0
0.04880251583654431,1.0,3.98e-06,0.1,0.0,0.1266747540257827,0.002319625600179138,0.0
0.04880251583654431,1.0,1.58e-05,0.1,0.0001,0.1266747540257827,0.002319625600179138,1.5200970483093927
0.04880251583654431,1.0,2e-05,0.1,0.0001,0.1266747540257827,0.002319625600179138,1.5200970483093927
0.04880251583654431,1.0,2.51e-05,0.1,0.00016666666666666666,0.1266747540257827,0.002319625600179138,2.533495080515655
0.04880251583654431,1.0,3.16e-05,0.1,0.0002666666666666667,0.1266747540257827,0.002319625600179138,4.053592128825048
0.04880251583654431,1.0,3.98e-05,0.1,0.0003,0.1266747540257827,0.002319625600179138,4.560291144928178
0.04880251583654431,1.0,5.01e-05,0.1,0.0005666666666666667,0.1266747540257827,0.002319625600179138,8.613883273753226
0.04880251583654431,1.0,6.31e-05,0.1,0.0009333333333333333,0.1266747540257827,0.002319625600179138,14.187572450887666
0.04880251583654431,1.0,7.94e-05,0.1,0.0018,0.1266747540257827,0.002319625600179138,27.361746869569068
0.04880251583654431,1.0,0.0001,0.1,0.0026666666666666666,0.1266747540257827,0.002319625600179138,40.53592128825048
0.04880251583654431,1.0,0.000126,0.1,0.0038666666666666667,0.1266747540257827,0.002319625600179138,58.77708586796319
0.04880251583654431,1.0,0.000158,0.1,0.005,0.1266747540257827,0.002319625600179138,76.00485241546964
0.04880251583654431,1.0,0.0002,0.1,0.006533333333333334,0.1266747540257827,0.002319625600179138,99.31300715621367
0.04880251583654431,1.0,0.000251,0.1,0.007533333333333334,0.1266747540257827,0.002319625600179138,114.5139776393076
0.04880251583654431,1.0,0.000316,0.1,0.008166666666666666,0.1266747540257827,0.002319625600179138,124.14125894526705
0.04880251583654431,1.0,0.000398,0.1,0.0066,0.1266747540257827,0.002319625600179138,100.32640518841993
0.04880251583654431,1.0,0.000501,0.1,0.004733333333333333,0.1266747540257827,0.002319625600179138,71.95126028664458
0.04880251583654431,1.0,0.000631,0.1,0.0025,0.1266747540257827,0.002319625600179138,38.00242620773482
0.04880251583654431,1.0,0.000794,0.1,0.0006666666666666666,0.1266747540257827,0.002319625600179138,10.13398032206262
0.04880251583654431,1.0,0.001,0.1,0.0002,0.1266747540257827,0.002319625600179138,3.0401940966187855
0.04880251583654431,1.0,0.00126,0.1,3.3333333333333335e-05,0.1266747540257827,0.002319625600179138,0.506699016103131
0.04880251583654431,1.0,0.00158,0.1,0.0,0.1266747540257827,0.002319625600179138,0.0
0.04880251583654431,1.0,0.002,0.1,0.0,0.1266747540257827,0.002319625600179138,0.0
0.04880251583654431,1.0,0.00251,0.1,0.0,0.1266747540257827,0.002319625600179138,0.0
0.04880251583654431,1.0,0.00316,0.1,0.0,0.1266747540257827,0.002319625600179138,0.0
0.04880251583654431,1.0,0.00398,0.1,0.0,0.1266747540257827,0.002319625600179138,0.0
0.04880251583654431,1.0,0.00501,0.1,0.0,0.1266747540257827,0.002319625600179138,0.0
0.04880251583654431,1.0,0.00631,0.1,0.0,0.1266747540257827,0.002319625600179138,0.0
0.051114334834401684,1.0,1e-06,0.1,0.0,0.13892915112390816,0.0025440240088611637,0.0
0.051114334834401684,1.0,1.26e-06,0.1,0.0,0.13892915112390816,0.0025440240088611637,0.0
0.051114334834401684,1.0,1.58e-06,0.1,0.0,0.13892915112390816,0.0025440240088611637,0.0
0.051114334834401684,1.0,2e-06,0.1,0.0,0.13892915112390816,0.0025440240088611637,0.0
0.051114334834401684,1.0,2.51e-06,0.1,0.0,0.13892915112390816,0.0025440240088611637,0.0
0.051114334834401684,1.0,3.16e-06,0.1,0.0,0.13892915112390816,0.0025440240088611637,0.0
0.051114334834401684,1.0,3.98e-06,0.1,0.0,0.13892915112390816,0.0025440240088611637,0.0
0.051114334834401684,1.0,1.58e-05,0.1,0.0001,0.13892915112390816,0.0025440240088611637,1.667149813486898
0.051114334834401684,1.0,2e-05,0.1,0.0001,0.13892915112390816,0.0025440240088611637,1.667149813486898
0.051114334834401684,1.0,2.51e-05,0.1,0.00016666666666666666,0.13892915112390816,0.0025440240088611637,2.778583022478163
0.051114334834401684,1.0,3.16e-05,0.1,0.0002666666666666667,0.13892915112390816,0.0025440240088611637,4.445732835965061
0.051114334834401684,1.0,3.98e-05,0.1,0.0003,0.13892915112390816,0.0025440240088611637,5.001449440460694
0.051114334834401684,1.0,5.01e-05,0.1,0.0005666666666666667,0.13892915112390816,0.0025440240088611637,9.447182276425755
0.051114334834401684,1.0,6.31e-05,0.1,0.0009333333333333333,0.13892915112390816,0.0025440240088611637,15.560064925877715
0.051114334834401684,1.0,7.94e-05,0.1,0.0018,0.13892915112390816,0.0025440240088611637,30.008696642764164
0.051114334834401684,1.0,0.0001,0.1,0.0026666666666666666,0.13892915112390816,0.0025440240088611637,44.45732835965061
0.051114334834401684,1.0,0.000126,0.1,0.0038666666666666667,0.13892915112390816,0.0025440240088611637,64.46312612149339
0.051114334834401684,1.0,0.000158,0.1,0.005,0.13892915112390816,0.0025440240088611637,83.3574906743449
0.051114334834401684,1.0,0.0002,0.1,0.006533333333333334,0.13892915112390816,0.0025440240088611637,108.920454481144
0.051114334834401684,1.0,0.000251,0.1,0.007533333333333334,0.13892915112390816,0.0025440240088611637,125.59195261601299
0.051114334834401684,1.0,0.000316,0.1,0.008166666666666666,0.13892915112390816,0.0025440240088611637,136.15056810143
0.051114334834401684,1.0,0.000398,0.1,0.0066,0.13892915112390816,0.0025440240088611637,110.03188769013528
0.051114334834401684,1.0,0.000501,0.1,0.004733333333333333,0.13892915112390816,0.0025440240088611637,78.91175783837984
0.051114334834401684,1.0,0.000631,0.1,0.0025,0.13892915112390816,0.0025440240088611637,41.67874533717245
0.051114334834401684,1.0,0.000794,0.1,0.0006666666666666666,0.13892915112390816,0.0025440240088611637,11.114332089912653
0.051114334834401684,1.0,0.001,0.1,0.0002,0.13892915112390816,0.0025440240088611637,3.334299626973796
0.051114334834401684,1.0,0.00126,0.1,3.3333333333333335e-05,0.13892915112390816,0.0025440240088611637,0.5557166044956326
0.051114334834401684,1.0,0.00158,0.1,0.0,0.13892915112390816,0.0025440240088611637,0.0
0.051114334834401684,1.0,0.002,0.1,0.0,0.13892915112390816,0.0025440240088611637,0.0
0.051114334834401684,1.0,0.00251,0.1,0.0,0.13892915112390816,0.0025440240088611637,0.0
0.051114334834401684,1.0,0.00316,0.1,0.0,0.13892915112390816,0.0025440240088611637,0.0
0.051114334834401684,1.0,0.00398,0.1,0.0,0.13892915112390816,0.0025440240088611637,0.0
0.051114334834401684,1.0,0.00501,0.1,0.0,0.13892915112390816,0.0025440240088611637,0.0
0.051114334834401684,1.0,0.00631,0.1,0.0,0.13892915112390816,0.0025440240088611637,0.0
0.053535666774107246,1.0,1e-06,0.1,0.0,0.15236571186439796,0.0027900698015820903,0.0
0.053535666774107246,1.0,1.26e-06,0.1,0.0,0.15236571186439796,0.0027900698015820903,0.0
0.053535666774107246,1.0,1.58e-06,0.1,0.0,0.15236571186439796,0.0027900698015820903,0.0
0.053535666774107246,1.0,2e-06,0.1,0.0,0.15236571186439796,0.0027900698015820903,0.0
0.053535666774107246,1.0,2.51e-06,0.1,0.0,0.15236571186439796,0.0027900698015820903,0.0
0.053535666774107246,1.0,3.16e-06,0.1,0.0,0.15236571186439796,0.0027900698015820903,0.0
0.053535666774107246,1.0,3.98e-06,0.1,0.0,0.15236571186439796,0.0027900698015820903,0.0
0.053535666774107246,1.0,1.58e-05,0.1,0.0001,0.15236571186439796,0.0027900698015820903,1.8283885423727757
0.053535666774107246,1.0,2e-05,0.1,0.0001,0.15236571186439796,0.0027900698015820903,1.8283885423727757
0.053535666774107246,1.0,2.51e-05,0.1,0.00016666666666666666,0.15236571186439796,0.0027900698015820903,3.0473142372879596
0.053535666774107246,1.0,3.16e-05,0.1,0.0002666666666666667,0.15236571186439796,0.0027900698015820903,4.8757027796607355
0.053535666774107246,1.0,3.98e-05,0.1,0.0003,0.15236571186439796,0.0027900698015820903,5.4851656271183264
0.053535666774107246,1.0,5.01e-05,0.1,0.0005666666666666667,0.15236571186439796,0.0027900698015820903,10.360868406779062
0.053535666774107246,1.0,6.31e-05,0.1,0.0009333333333333333,0.15236571186439796,0.0027900698015820903,17.06495972881257
0.053535666774107246,1.0,7.94e-05,0.1,0.0018,0.15236571186439796,0.0027900698015820903,32.910993762709964
0.053535666774107246,1.0,0.0001,0.1,0.0026666666666666666,0.15236571186439796,0.0027900698015820903,48.75702779660735
0.053535666774107246,1.0,0.000126,0.1,0.0038666666666666667,0.15236571186439796,0.0027900698015820903,70.69769030508066
0.053535666774107246,1.0,0.000158,0.1,0.005,0.15236571186439796,0.0027900698015820903,91.4194271186388
0.053535666774107246,1.0,0.0002,0.1,0.006533333333333334,0.15236571186439796,0.0027900698015820903,119.45471810168802
0.053535666774107246,1.0,0.000251,0.1,0.007533333333333334,0.15236571186439796,0.0027900698015820903,137.73860352541575
0.053535666774107246,1.0,0.000316,0.1,0.008166666666666666,0.15236571186439796,0.0027900698015820903,149.31839762711
0.053535666774107246,1.0,0.000398,0.1,0.0066,0.15236571186439796,0.0027900698015820903,120.67364379660319
0.053535666774107246,1.0,0.000501,0.1,0.004733333333333333,0.15236571186439796,0.0027900698015820903,86.54372433897805
0.053535666774107246,1.0,0.000631,0.1,0.0025,0.15236571186439796,0.0027900698015820903,45.7097135593194
0.053535666774107246,1.0,0.000794,0.1,0.0006666666666666666,0.15236571186439796,0.0027900698015820903,12.189256949151838
0.053535666774107246,1.0,0.001,0.1,0.0002,0.15236571186439796,0.0027900698015820903,3.6567770847455514
0.053535666774107246,1.0,0.00126,0.1,3.3333333333333335e-05,0.15236571186439796,0.0027900698015820903,0.6094628474575919
0.053535666774107246,1.0,0.00158,0.1,0.0,0.15236571186439796,0.0027900698015820903,0.0
0.053535666774107246,1.0,0.002,0.1,0.0,0.15236571186439796,0.0027900698015820903,0.0
0.053535666774107246,1.0,0.00251,0.1,0.0,0.15236571186439796,0.0027900698015820903,0.0
0.053535666774107246,1.0,0.00316,0.1,0.0,0.15236571186439796,0.0027900698015820903,0.0
0.053535666774107246,1.0,0.00398,0.1,0.0,0.15236571186439796,0.0027900698015820903,0.0
0.053535666774107246,1.0,0.00501,0.1,0.0,0.15236571186439796,0.0027900698015820903,0.0
0.053535666774107246,1.0,0.00631,0.1,0.0,0.15236571186439796,0.0027900698015820903,0.0
0.05607169938205458,1.0,1e-06,0.1,0.0,0.16709780581167183,0.003059838963773518,0.0
0.05607169938205458,1.0,1.26e-06,0.1,0.0,0.16709780581167183,0.003059838963773518,0.0
0.05607169938205458,1.0,1.58e-06,0.1,0.0,0.16709780581167183,0.003059838963773518,0.0
0.05607169938205458,1.0,2e-06,0.1,0.0,0.16709780581167183,0.003059838963773518,0.0
0.05607169938205458,1.0,2.51e-06,0.1,0.0,0.16709780581167183,0.003059838963773518,0.0
0.05607169938205458,1.0,3.16e-06,0.1,0.0,0.16709780581167183,0.003059838963773518,0.0
0.05607169938205458,1.0,3.98e-06,0.1,0.0,0.16709780581167183,0.003059838963773518,0.0
0.05607169938205458,1.0,1.58e-05,0.1,0.0001,0.16709780581167183,0.003059838963773518,2.005173669740062
0.05607169938205458,1.0,2e-05,0.1,0.0001,0.16709780581167183,0.003059838963773518,2.005173669740062
0.05607169938205458,1.0,2.51e-05,0.1,0.00016666666666666666,0.16709780581167183,0.003059838963773518,3.341956116233437
0.05607169938205458,1.0,3.16e-05,0.1,0.0002666666666666667,0.16709780581167183,0.003059838963773518,5.347129785973499
0.05607169938205458,1.0,3.98e-05,0.1,0.0003,0.16709780581167183,0.003059838963773518,6.015521009220186
0.05607169938205458,1.0,5.01e-05,0.1,0.0005666666666666667,0.16709780581167183,0.003059838963773518,11.362650795193687
0.05607169938205458,1.0,6.31e-05,0.1,0.0009333333333333333,0.16709780581167183,0.003059838963773518,18.714954250907248
0.05607169938205458,1.0,7.94e-05,0.1,0.0018,0.16709780581167183,0.003059838963773518,36.093126055321115
0.05607169938205458,1.0,0.0001,0.1,0.0026666666666666666,0.16709780581167183,0.003059838963773518,53.47129785973499
0.05607169938205458,1.0,0.000126,0.1,0.0038666666666666667,0.16709780581167183,0.003059838963773518,77.53338189661574
0.05607169938205458,1.0,0.000158,0.1,0.005,0.16709780581167183,0.003059838963773518,100.25868348700311
0.05607169938205458,1.0,0.0002,0.1,0.006533333333333334,0.16709780581167183,0.003059838963773518,131.00467975635073
0.05607169938205458,1.0,0.000251,0.1,0.007533333333333334,0.16709780581167183,0.003059838963773518,151.05641645375135
0.05607169938205458,1.0,0.000316,0.1,0.008166666666666666,0.16709780581167183,0.003059838963773518,163.7558496954384
0.05607169938205458,1.0,0.000398,0.1,0.0066,0.16709780581167183,0.003059838963773518,132.3414622028441
0.05607169938205458,1.0,0.000501,0.1,0.004733333333333333,0.16709780581167183,0.003059838963773518,94.91155370102962
0.05607169938205458,1.0,0.000631,0.1,0.0025,0.16709780581167183,0.003059838963773518,50.129341743501556
0.05607169938205458,1.0,0.000794,0.1,0.0006666666666666666,0.16709780581167183,0.003059838963773518,13.367824464933747
0.05607169938205458,1.0,0.001,0.1,0.0002,0.16709780581167183,0.003059838963773518,4.010347339480124
0.05607169938205458,1.0,0.00126,0.1,3.3333333333333335e-05,0.16709780581167183,0.003059838963773518,0.6683912232466874
0.05607169938205458,1.0,0.00158,0.1,0.0,0.16709780581167183,0.003059838963773518,0.0
0.05607169938205458,1.0,0.002,0.1,0.0,0.16709780581167183,0.003059838963773518,0.0
0.05607169938205458,1.0,0.00251,0.1,0.0,0.16709780581167183,0.003059838963773518,0.0
0.05607169938205458,1.0,0.00316,0.1,0.0,0.16709780581167183,0.003059838963773518,0.0
0.05607169938205458,1.0,0.00398,0.1,0.0,0.16709780581167183,0.003059838963773518,0.0
0.05607169938205458,1.0,0.00501,0.1,0.0,0.16709780581167183,0.003059838963773518,0.0
0.05607169938205458,1.0,0.00631,0.1,0.0,0.16709780581167183,0.003059838963773518,0.0
0.05872786613189483,1.0,1e-06,0.1,0.0,0.1832495385321301,0.0033556040749337136,0.0
0.05872786613189483,1.0,1.26e-06,0.1,0.0,0.1832495385321301,0.0033556040749337136,0.0
0.05872786613189483,1.0,1.58e-06,0.1,0.0,0.1832495385321301,0.0033556040749337136,0.0
0.05872786613189483,1.0,2e-06,0.1,0.0,0.1832495385321301,0.0033556040749337136,0.0
0.05872786613189483,1.0,2.51e-06,0.1,0.0,0.1832495385321301,0.0033556040749337136,0.0
0.05872786613189483,1.0,3.16e-06,0.1,0.0,0.1832495385321301,0.0033556040749337136,0.0
0.05872786613189483,1.0,3.98e-06,0.1,0.0,0.1832495385321301,0.0033556040749337136,0.0
0.05872786613189483,1.0,1.58e-05,0.1,0.0001,0.1832495385321301,0.0033556040749337136,2.1989944623855617
0.05872786613189483,1.0,2e-05,0.1,0.0001,0.1832495385321301,0.0033556040749337136,2.1989944623855617
0.05872786613189483,1.0,2.51e-05,0.1,0.00016666666666666666,0.1832495385321301,0.0033556040749337136,3.664990770642602
0.05872786613189483,1.0,3.16e-05,0.1,0.0002666666666666667,0.1832495385321301,0.0033556040749337136,5.863985233028164
0.05872786613189483,1.0,3.98e-05,0.1,0.0003,0.1832495385321301,0.0033556040749337136,6.596983387156683
0.05872786613189483,1.0,5.01e-05,0.1,0.0005666666666666667,0.1832495385321301,0.0033556040749337136,12.46096862018485
0.05872786613189483,1.0,6.31e-05,0.1,0.0009333333333333333,0.1832495385321301,0.0033556040749337136,20.523948315598574
0.05872786613189483,1.0,7.94e-05,0.1,0.0018,0.1832495385321301,0.0033556040749337136,39.58190032294011
0.05872786613189483,1.0,0.0001,0.1,0.0026666666666666666,0.1832495385321301,0.0033556040749337136,58.639852330281634
0.05872786613189483,1.0,0.000126,0.1,0.0038666666666666667,0.1832495385321301,0.0033556040749337136,85.02778587890839
0.05872786613189483,1.0,0.000158,0.1,0.005,0.1832495385321301,0.0033556040749337136,109.94972311927809
0.05872786613189483,1.0,0.0002,0.1,0.006533333333333334,0.1832495385321301,0.0033556040749337136,143.66763820919002
0.05872786613189483,1.0,0.000251,0.1,0.007533333333333334,0.1832495385321301,0.0033556040749337136,165.65758283304567
0.05872786613189483,1.0,0.000316,0.1,0.008166666666666666,0.1832495385321301,0.0033556040749337136,179.58454776148753
0.05872786613189483,1.0,0.000398,0.1,0.0066,0.1832495385321301,0.0033556040749337136,145.13363451744706
0.05872786613189483,1.0,0.000501,0.1,0.004733333333333333,0.1832495385321301,0.0033556040749337136,104.0857378862499
0.05872786613189483,1.0,0.000631,0.1,0.0025,0.1832495385321301,0.0033556040749337136,54.974861559639045
0.05872786613189483,1.0,0.000794,0.1,0.0006666666666666666,0.1832495385321301,0.0033556040749337136,14.659963082570409
0.05872786613189483,1.0,0.001,0.1,0.0002,0.1832495385321301,0.0033556040749337136,4.3979889247711235
0.05872786613189483,1.0,0.00126,0.1,3.3333333333333335e-05,0.1832495385321301,0.0033556040749337136,0.7329981541285205
0.05872786613189483,1.0,0.00158,0.1,0.0,0.1832495385321301,0.0033556040749337136,0.0
0.05872786613189483,1.0,0.002,0.1,0.0,0.1832495385321301,0.0033556040749337136,0.0
0.05872786613189483,1.0,0.00251,0.1,0.0,0.1832495385321301,0.0033556040749337136,0.0
0.05872786613189483,1.0,0.00316,0.1,0.0,0.1832495385321301,0.0033556040749337136,0.0
0.05872786613189483,1.0,0.00398,0.1,0.0,0.1832495385321301,0.0033556040749337136,0.0
0.05872786613189483,1.0,0.00501,0.1,0.0,0.1832495385321301,0.0033556040749337136,0.0
0.05872786613189483,1.0,0.00631,0.1,0.0,0.1832495385321301,0.0033556040749337136,0.0
0.061509857885805014,1.0,1e-06,0.1,0.0,0.20095674068498576,0.0036798524205271152,0.0
0.061509857885805014,1.0,1.26e-06,0.1,0.0,0.20095674068498576,0.0036798524205271152,0.0
0.061509857885805014,1.0,1.58e-06,0.1,0.0,0.20095674068498576,0.0036798524205271152,0.0
0.061509857885805014,1.0,2e-06,0.1,0.0,0.20095674068498576,0.0036798524205271152,0.0
0.061509857885805014,1.0,2.51e-06,0.1,0.0,0.20095674068498576,0.0036798524205271152,0.0
0.061509857885805014,1.0,3.16e-06,0.1,0.0,0.20095674068498576,0.0036798524205271152,0.0
0.061509857885805014,1.0,3.98e-06,0.1,0.0,0.20095674068498576,0.0036798524205271152,0.0
0.061509857885805014,1.0,1.58e-05,0.1,0.0001,0.20095674068498576,0.0036798524205271152,2.4114808882198293
0.061509857885805014,1.0,2e-05,0.1,0.0001,0.20095674068498576,0.0036798524205271152,2.4114808882198293
0.061509857885805014,1.0,2.51e-05,0.1,0.00016666666666666666,0.20095674068498576,0.0036798524205271152,4.019134813699716
0.061509857885805014,1.0,3.16e-05,0.1,0.0002666666666666667,0.20095674068498576,0.0036798524205271152,6.430615701919546
0.061509857885805014,1.0,3.98e-05,0.1,0.0003,0.20095674068498576,0.0036798524205271152,7.234442664659487
0.061509857885805014,1.0,5.01e-05,0.1,0.0005666666666666667,0.20095674068498576,0.0036798524205271152,13.665058366579036
0.061509857885805014,1.0,6.31e-05,0.1,0.0009333333333333333,0.20095674068498576,0.0036798524205271152,22.50715495671841
0.061509857885805014,1.0,7.94e-05,0.1,0.0018,0.20095674068498576,0.0036798524205271152,43.40665598795693
0.061509857885805014,1.0,0.0001,0.1,0.0026666666666666666,0.20095674068498576,0.0036798524205271152,64.30615701919545
0.061509857885805014,1.0,0.000126,0.1,0.0038666666666666667,0.20095674068498576,0.0036798524205271152,93.24392767783341
0.061509857885805014,1.0,0.000158,0.1,0.005,0.20095674068498576,0.0036798524205271152,120.57404441099148
0.061509857885805014,1.0,0.0002,0.1,0.006533333333333334,0.20095674068498576,0.0036798524205271152,157.55008469702886
0.061509857885805014,1.0,0.000251,0.1,0.007533333333333334,0.20095674068498576,0.0036798524205271152,181.66489357922717
0.061509857885805014,1.0,0.000316,0.1,0.008166666666666666,0.20095674068498576,0.0036798524205271152,196.93760587128605
0.061509857885805014,1.0,0.000398,0.1,0.0066,0.20095674068498576,0.0036798524205271152,159.15773862250876
0.061509857885805014,1.0,0.000501,0.1,0.004733333333333333,0.20095674068498576,0.0036798524205271152,114.14342870907193
0.061509857885805014,1.0,0.000631,0.1,0.0025,0.20095674068498576,0.0036798524205271152,60.28702220549574
0.061509857885805014,1.0,0.000794,0.1,0.0006666666666666666,0.20095674068498576,0.0036798524205271152,16.076539254798863
0.061509857885805014,1.0,0.001,0.1,0.0002,0.20095674068498576,0.0036798524205271152,4.822961776439659
0.061509857885805014,1.0,0.00126,0.1,3.3333333333333335e-05,0.20095674068498576,0.0036798524205271152,0.8038269627399433
0.061509857885805014,1.0,0.00158,0.1,0.0,0.20095674068498576,0.0036798524205271152,0.0
0.061509857885805014,1.0,0.002,0.1,0.0,0.20095674068498576,0.0036798524205271152,0.0
0.061509857885805014,1.0,0.00251,0.1,0.0,0.20095674068498576,0.0036798524205271152,0.0
0.061509857885805014,1.0,0.00316,0.1,0.0,0.20095674068498576,0.0036798524205271152,0.0
0.061509857885805014,1.0,0.00398,0.1,0.0,0.20095674068498576,0.0036798524205271152,0.0
0.061509857885805014,1.0,0.00501,0.1,0.0,0.20095674068498576,0.0036798524205271152,0.0
0.061509857885805014,1.0,0.00631,0.1,0.0,0.20095674068498576,0.0036798524205271152,0.0
0.06442363508721373,1.0,1e-06,0.1,0.0,0.22036804261709372,0.004035305669604353,0.0
0.06442363508721373,1.0,1.26e-06,0.1,0.0,0.22036804261709372,0.004035305669604353,0.0
0.06442363508721373,1.0,1.58e-06,0.1,0.0,0.22036804261709372,0.004035305669604353,0.0
0.06442363508721373,1.0,2e-06,0.1,0.0,0.22036804261709372,0.004035305669604353,0.0
0.06442363508721373,1.0,2.51e-06,0.1,0.0,0.22036804261709372,0.004035305669604353,0.0
0.06442363508721373,1.0,3.16e-06,0.1,0.0,0.22036804261709372,0.004035305669604353,0.0
0.06442363508721373,1.0,3.98e-06,0.1,0.0,0.22036804261709372,0.004035305669604353,0.0
0.06442363508721373,1.0,1.58e-05,0.1,0.0001,0.22036804261709372,0.004035305669604353,2.6444165114051255
0.06442363508721373,1.0,2e-05,0.1,0.0001,0.22036804261709372,0.004035305669604353,2.6444165114051255
0.06442363508721373,1.0,2.51e-05,0.1,0.00016666666666666666,0.22036804261709372,0.004035305669604353,4.407360852341875
0.06442363508721373,1.0,3.16e-05,0.1,0.0002666666666666667,0.22036804261709372,0.004035305669604353,7.051777363747
0.06442363508721373,1.0,3.98e-05,0.1,0.0003,0.22036804261709372,0.004035305669604353,7.933249534215374
0.06442363508721373,1.0,5.01e-05,0.1,0.0005666666666666667,0.22036804261709372,0.004035305669604353,14.985026897962378
0.06442363508721373,1.0,6.31e-05,0.1,0.0009333333333333333,0.22036804261709372,0.004035305669604353,24.6812207731145
0.06442363508721373,1.0,7.94e-05,0.1,0.0018,0.22036804261709372,0.004035305669604353,47.59949720529225
0.06442363508721373,1.0,0.0001,0.1,0.0026666666666666666,0.22036804261709372,0.004035305669604353,70.51777363747
0.06442363508721373,1.0,0.000126,0.1,0.0038666666666666667,0.22036804261709372,0.004035305669604353,102.2507717743315
0.06442363508721373,1.0,0.000158,0.1,0.005,0.22036804261709372,0.004035305669604353,132.22082557025624
0.06442363508721373,1.0,0.0002,0.1,0.006533333333333334,0.22036804261709372,0.004035305669604353,172.7685454118015
0.06442363508721373,1.0,0.000251,0.1,0.007533333333333334,0.22036804261709372,0.004035305669604353,199.21271052585277
0.06442363508721373,1.0,0.000316,0.1,0.008166666666666666,0.22036804261709372,0.004035305669604353,215.96068176475183
0.06442363508721373,1.0,0.000398,0.1,0.0066,0.22036804261709372,0.004035305669604353,174.53148975273825
0.06442363508721373,1.0,0.000501,0.1,0.004733333333333333,0.22036804261709372,0.004035305669604353,125.16904820650926
0.06442363508721373,1.0,0.000631,0.1,0.0025,0.22036804261709372,0.004035305669604353,66.11041278512812
0.06442363508721373,1.0,0.000794,0.1,0.0006666666666666666,0.22036804261709372,0.004035305669604353,17.6294434093675
0.06442363508721373,1.0,0.001,0.1,0.0002,0.22036804261709372,0.004035305669604353,5.288833022810251
0.06442363508721373,1.0,0.00126,0.1,3.3333333333333335e-05,0.22036804261709372,0.004035305669604353,0.881472170468375
0.06442363508721373,1.0,0.00158,0.1,0.0,0.22036804261709372,0.004035305669604353,0.0
0.06442363508721373,1.0,0.002,0.1,0.0,0.22036804261709372,0.004035305669604353,0.0
0.06442363508721373,1.0,0.00251,0.1,0.0,0.22036804261709372,0.004035305669604353,0.0
0.06442363508721373,1.0,0.00316,0.1,0.0,0.22036804261709372,0.004035305669604353,0.0
0.06442363508721373,1.0,0.00398,0.1,0.0,0.22036804261709372,0.004035305669604353,0.0
0.06442363508721373,1.0,0.00501,0.1,0.0,0.22036804261709372,0.004035305669604353,0.0
0.06442363508721373,1.0,0.00631,0.1,0.0,0.22036804261709372,0.004035305669604353,0.0
0.06747544053110693,1.0,1e-06,0.1,0.0,0.24164604069210235,0.004424941232230404,0.0
0.06747544053110693,1.0,1.26e-06,0.1,0.0,0.24164604069210235,0.004424941232230404,0.0
0.06747544053110693,1.0,1.58e-06,0.1,0.0,0.24164604069210235,0.004424941232230404,0.0
0.06747544053110693,1.0,2e-06,0.1,0.0,0.24164604069210235,0.004424941232230404,0.0
0.06747544053110693,1.0,2.51e-06,0.1,0.0,0.24164604069210235,0.004424941232230404,0.0
0.06747544053110693,1.0,3.16e-06,0.1,0.0,0.24164604069210235,0.004424941232230404,0.0
0.06747544053110693,1.0,3.98e-06,0.1,0.0,0.24164604069210235,0.004424941232230404,0.0
0.06747544053110693,1.0,1.58e-05,0.1,0.0001,0.24164604069210235,0.004424941232230404,2.8997524883052286
0.06747544053110693,1.0,2e-05,0.1,0.0001,0.24164604069210235,0.004424941232230404,2.8997524883052286
0.06747544053110693,1.0,2.51e-05,0.1,0.00016666666666666666,0.24164604069210235,0.004424941232230404,4.832920813842048
0.06747544053110693,1.0,3.16e-05,0.1,0.0002666666666666667,0.24164604069210235,0.004424941232230404,7.732673302147276
0.06747544053110693,1.0,3.98e-05,0.1,0.0003,0.24164604069210235,0.004424941232230404,8.699257464915684
0.06747544053110693,1.0,5.01e-05,0.1,0.0005666666666666667,0.24164604069210235,0.004424941232230404,16.431930767062962
0.06747544053110693,1.0,6.31e-05,0.1,0.0009333333333333333,0.24164604069210235,0.004424941232230404,27.064356557515467
0.06747544053110693,1.0,7.94e-05,0.1,0.0018,0.24164604069210235,0.004424941232230404,52.19554478949411
0.06747544053110693,1.0,0.0001,0.1,0.0026666666666666666,0.24164604069210235,0.004424941232230404,77.32673302147276
0.06747544053110693,1.0,0.000126,0.1,0.0038666666666666667,0.24164604069210235,0.004424941232230404,112.12376288113549
0.06747544053110693,1.0,0.000158,0.1,0.005,0.24164604069210235,0.004424941232230404,144.98762441526142
0.06747544053110693,1.0,0.0002,0.1,0.006533333333333334,0.24164604069210235,0.004424941232230404,189.45049590260828
0.06747544053110693,1.0,0.000251,0.1,0.007533333333333334,0.24164604069210235,0.004424941232230404,218.44802078566056
0.06747544053110693,1.0,0.000316,0.1,0.008166666666666666,0.24164604069210235,0.004424941232230404,236.8131198782603
0.06747544053110693,1.0,0.000398,0.1,0.0066,0.24164604069210235,0.004424941232230404,191.38366422814508
0.06747544053110693,1.0,0.000501,0.1,0.004733333333333333,0.24164604069210235,0.004424941232230404,137.25495111311415
0.06747544053110693,1.0,0.000631,0.1,0.0025,0.24164604069210235,0.004424941232230404,72.49381220763071
0.06747544053110693,1.0,0.000794,0.1,0.0006666666666666666,0.24164604069210235,0.004424941232230404,19.33168325536819
0.06747544053110693,1.0,0.001,0.1,0.0002,0.24164604069210235,0.004424941232230404,5.799504976610457
0.06747544053110693,1.0,0.00126,0.1,3.3333333333333335e-05,0.24164604069210235,0.004424941232230404,0.9665841627684095
0.06747544053110693,1.0,0.00158,0.1,0.0,0.24164604069210235,0.004424941232230404,0.0
0.06747544053110693,1.0,0.002,0.1,0.0,0.24164604069210235,0.004424941232230404,0.0
0.06747544053110693,1.0,0.00251,0.1,0.0,0.24164604069210235,0.004424941232230404,0.0
0.06747544053110693,1.0,0.00316,0.1,0.0,0.24164604069210235,0.004424941232230404,0.0
0.06747544053110693,1.0,0.00398,0.1,0.0,0.24164604069210235,0.004424941232230404,0.0
0.06747544053110693,1.0,0.00501,0.1,0.0,0.24164604069210235,0.004424941232230404,0.0
0.06747544053110693,1.0,0.00631,0.1,0.0,0.24164604069210235,0.004424941232230404,0.0
0.07067181273927492,1.0,1e-06,0.1,0.0,0.26496856178722417,0.004852015414525255,0.0
0.07067181273927492,1.0,1.26e-06,0.1,0.0,0.26496856178722417,0.004852015414525255,0.0
0.07067181273927492,1.0,1.58e-06,0.1,0.0,0.26496856178722417,0.004852015414525255,0.0
0.07067181273927492,1.0,2e-06,0.1,0.0,0.26496856178722417,0.004852015414525255,0.0
0.07067181273927492,1.0,2.51e-06,0.1,0.0,0.26496856178722417,0.004852015414525255,0.0
0.07067181273927492,1.0,3.16e-06,0.1,0.0,0.26496856178722417,0.004852015414525255,0.0
0.07067181273927492,1.0,3.98e-06,0.1,0.0,0.26496856178722417,0.004852015414525255,0.0
0.07067181273927492,1.0,1.58e-05,0.1,0.0001,0.26496856178722417,0.004852015414525255,3.179622741446691
0.07067181273927492,1.0,2e-05,0.1,0.0001,0.26496856178722417,0.004852015414525255,3.179622741446691
0.07067181273927492,1.0,2.51e-05,0.1,0.00016666666666666666,0.26496856178722417,0.004852015414525255,5.299371235744484
0.07067181273927492,1.0,3.16e-05,0.1,0.0002666666666666667,0.26496856178722417,0.004852015414525255,8.478993977191175
0.07067181273927492,1.0,3.98e-05,0.1,0.0003,0.26496856178722417,0.004852015414525255,9.53886822434007
0.07067181273927492,1.0,5.01e-05,0.1,0.0005666666666666667,0.26496856178722417,0.004852015414525255,18.017862201531248
0.07067181273927492,1.0,6.31e-05,0.1,0.0009333333333333333,0.26496856178722417,0.004852015414525255,29.676478920169117
0.07067181273927492,1.0,7.94e-05,0.1,0.0018,0.26496856178722417,0.004852015414525255,57.23320934604043
0.07067181273927492,1.0,0.0001,0.1,0.0026666666666666666,0.26496856178722417,0.004852015414525255,84.78993977191175
0.07067181273927492,1.0,0.000126,0.1,0.0038666666666666667,0.26496856178722417,0.004852015414525255,122.94541266927205
0.07067181273927492,1.0,0.000158,0.1,0.005,0.26496856178722417,0.004852015414525255,158.98113707233455
0.07067181273927492,1.0,0.0002,0.1,0.006533333333333334,0.26496856178722417,0.004852015414525255,207.7353524411838
0.07067181273927492,1.0,0.000251,0.1,0.007533333333333334,0.26496856178722417,0.004852015414525255,239.53157985565073
0.07067181273927492,1.0,0.000316,0.1,0.008166666666666666,0.26496856178722417,0.004852015414525255,259.6691905514797
0.07067181273927492,1.0,0.000398,0.1,0.0066,0.26496856178722417,0.004852015414525255,209.8551009354816
0.07067181273927492,1.0,0.000501,0.1,0.004733333333333333,0.26496856178722417,0.004852015414525255,150.50214309514337
0.07067181273927492,1.0,0.000631,0.1,0.0025,0.26496856178722417,0.004852015414525255,79.49056853616727
0.07067181273927492,1.0,0.000794,0.1,0.0006666666666666666,0.26496856178722417,0.004852015414525255,21.197484942977937
0.07067181273927492,1.0,0.001,0.1,0.0002,0.26496856178722417,0.004852015414525255,6.359245482893382
0.07067181273927492,1.0,0.00126,0.1,3.3333333333333335e-05,0.26496856178722417,0.004852015414525255,1.0598742471488969
0.07067181273927492,1.0,0.00158,0.1,0.0,0.26496856178722417,0.004852015414525255,0.0
0.07067181273927492,1.0,0.002,0.1,0.0,0.26496856178722417,0.004852015414525255,0.0
0.07067181273927492,1.0,0.00251,0.1,0.0,0.26496856178722417,0.004852015414525255,0.0
0.07067181273927492,1.0,0.00316,0.1,0.0,0.26496856178722417,0.004852015414525255,0.0
0.07067181273927492,1.0,0.00398,0.1,0.0,0.26496856178722417,0.004852015414525255,0.0
0.07067181273927492,1.0,0.00501,0.1,0.0,0.26496856178722417,0.004852015414525255,0.0
0.07067181273927492,1.0,0.00631,0.1,0.0,0.26496856178722417,0.004852015414525255,0.0
0.07401959996915644,1.0,1e-06,0.1,0.0,0.29053003253760773,0.005320088491807503,0.0
0.07401959996915644,1.0,1.26e-06,0.1,0.0,0.29053003253760773,0.005320088491807503,0.0
0.07401959996915644,1.0,1.58e-06,0.1,0.0,0.29053003253760773,0.005320088491807503,0.0
0.07401959996915644,1.0,2e-06,0.1,0.0,0.29053003253760773,0.005320088491807503,0.0
0.07401959996915644,1.0,2.51e-06,0.1,0.0,0.29053003253760773,0.005320088491807503,0.0
0.07401959996915644,1.0,3.16e-06,0.1,0.0,0.29053003253760773,0.005320088491807503,0.0
0.07401959996915644,1.0,3.98e-06,0.1,0.0,0.29053003253760773,0.005320088491807503,0.0
0.07401959996915644,1.0,1.58e-05,0.1,0.0001,0.29053003253760773,0.005320088491807503,3.486360390451294
0.07401959996915644,1.0,2e-05,0.1,0.0001,0.29053003253760773,0.005320088491807503,3.486360390451294
0.07401959996915644,1.0,2.51e-05,0.1,0.00016666666666666666,0.29053003253760773,0.005320088491807503,5.810600650752155
0.07401959996915644,1.0,3.16e-05,0.1,0.0002666666666666667,0.29053003253760773,0.005320088491807503,9.29696104120345
0.07401959996915644,1.0,3.98e-05,0.1,0.0003,0.29053003253760773,0.005320088491807503,10.45908117135388
0.07401959996915644,1.0,5.01e-05,0.1,0.0005666666666666667,0.29053003253760773,0.005320088491807503,19.756042212557333
0.07401959996915644,1.0,6.31e-05,0.1,0.0009333333333333333,0.29053003253760773,0.005320088491807503,32.53936364421207
0.07401959996915644,1.0,7.94e-05,0.1,0.0018,0.29053003253760773,0.005320088491807503,62.75448702812328
0.07401959996915644,1.0,0.0001,0.1,0.0026666666666666666,0.29053003253760773,0.005320088491807503,92.96961041203448
0.07401959996915644,1.0,0.000126,0.1,0.0038666666666666667,0.29053003253760773,0.005320088491807503,134.80593509745003
0.07401959996915644,1.0,0.000158,0.1,0.005,0.29053003253760773,0.005320088491807503,174.31801952256467
0.07401959996915644,1.0,0.0002,0.1,0.006533333333333334,0.29053003253760773,0.005320088491807503,227.7755455094845
0.07401959996915644,1.0,0.000251,0.1,0.007533333333333334,0.29053003253760773,0.005320088491807503,262.6391494139975
0.07401959996915644,1.0,0.000316,0.1,0.008166666666666666,0.29053003253760773,0.005320088491807503,284.7194318868556
0.07401959996915644,1.0,0.000398,0.1,0.0066,0.29053003253760773,0.005320088491807503,230.09978576978534
0.07401959996915644,1.0,0.000501,0.1,0.004733333333333333,0.29053003253760773,0.005320088491807503,165.02105848136122
0.07401959996915644,1.0,0.000631,0.1,0.0025,0.29053003253760773,0.005320088491807503,87.15900976128233
0.07401959996915644,1.0,0.000794,0.1,0.0006666666666666666,0.29053003253760773,0.005320088491807503,23.24240260300862
0.07401959996915644,1.0,0.001,0.1,0.0002,0.29053003253760773,0.005320088491807503,6.972720780902588
0.07401959996915644,1.0,0.00126,0.1,3.3333333333333335e-05,0.29053003253760773,0.005320088491807503,1.1621201301504311
0.07401959996915644,1.0,0.00158,0.1,0.0,0.29053003253760773,0.005320088491807503,0.0
0.07401959996915644,1.0,0.002,0.1,0.0,0.29053003253760773,0.005320088491807503,0.0
0.07401959996915644,1.0,0.00251,0.1,0.0,0.29053003253760773,0.005320088491807503,0.0
0.07401959996915644,1.0,0.00316,0.1,0.0,0.29053003253760773,0.005320088491807503,0.0
0.07401959996915644,1.0,0.00398,0.1,0.0,0.29053003253760773,0.005320088491807503,0.0
0.07401959996915644,1.0,0.00501,0.1,0.0,0.29053003253760773,0.005320088491807503,0.0
0.07401959996915644,1.0,0.00631,0.1,0.0,0.29053003253760773,0.005320088491807503,0.0
0.0775259748862946,1.0,1e-06,0.1,0.0,0.31854295997960225,0.005833051821637104,0.0
0.0775259748862946,1.0,1.26e-06,0.1,0.0,0.31854295997960225,0.005833051821637104,0.0
0.0775259748862946,1.0,1.58e-06,0.1,0.0,0.31854295997960225,0.005833051821637104,0.0
0.0775259748862946,1.0,2e-06,0.1,0.0,0.31854295997960225,0.005833051821637104,0.0
0.0775259748862946,1.0,2.51e-06,0.1,0.0,0.31854295997960225,0.005833051821637104,0.0
0.0775259748862946,1.0,3.16e-06,0.1,0.0,0.31854295997960225,0.005833051821637104,0.0
0.0775259748862946,1.0,3.98e-06,0.1,0.0,0.31854295997960225,0.005833051821637104,0.0
0.0775259748862946,1.0,1.58e-05,0.1,0.0001,0.31854295997960225,0.005833051821637104,3.822515519755228
0.0775259748862946,1.0,2e-05,0.1,0.0001,0.31854295997960225,0.005833051821637104,3.822515519755228
0.0775259748862946,1.0,2.51e-05,0.1,0.00016666666666666666,0.31854295997960225,0.005833051821637104,6.370859199592045
0.0775259748862946,1.0,3.16e-05,0.1,0.0002666666666666667,0.31854295997960225,0.005833051821637104,10.193374719347274
0.0775259748862946,1.0,3.98e-05,0.1,0.0003,0.31854295997960225,0.005833051821637104,11.467546559265681
0.0775259748862946,1.0,5.01e-05,0.1,0.0005666666666666667,0.31854295997960225,0.005833051821637104,21.660921278612957
0.0775259748862946,1.0,6.31e-05,0.1,0.0009333333333333333,0.31854295997960225,0.005833051821637104,35.67681151771546
0.0775259748862946,1.0,7.94e-05,0.1,0.0018,0.31854295997960225,0.005833051821637104,68.8052793555941
0.0775259748862946,1.0,0.0001,0.1,0.0026666666666666666,0.31854295997960225,0.005833051821637104,101.93374719347273
0.0775259748862946,1.0,0.000126,0.1,0.0038666666666666667,0.31854295997960225,0.005833051821637104,147.80393343053547
0.0775259748862946,1.0,0.000158,0.1,0.005,0.31854295997960225,0.005833051821637104,191.12577598776136
0.0775259748862946,1.0,0.0002,0.1,0.006533333333333334,0.31854295997960225,0.005833051821637104,249.7376806240082
0.0775259748862946,1.0,0.000251,0.1,0.007533333333333334,0.31854295997960225,0.005833051821637104,287.9628358215605
0.0775259748862946,1.0,0.000316,0.1,0.008166666666666666,0.31854295997960225,0.005833051821637104,312.17210078001017
0.0775259748862946,1.0,0.000398,0.1,0.0066,0.31854295997960225,0.005833051821637104,252.286024303845
0.0775259748862946,1.0,0.000501,0.1,0.004733333333333333,0.31854295997960225,0.005833051821637104,180.93240126841408
0.0775259748862946,1.0,0.000631,0.1,0.0025,0.31854295997960225,0.005833051821637104,95.56288799388068
0.0775259748862946,1.0,0.000794,0.1,0.0006666666666666666,0.31854295997960225,0.005833051821637104,25.48343679836818
0.0775259748862946,1.0,0.001,0.1,0.0002,0.31854295997960225,0.005833051821637104,7.645031039510456
0.0775259748862946,1.0,0.00126,0.1,3.3333333333333335e-05,0.31854295997960225,0.005833051821637104,1.2741718399184092
0.0775259748862946,1.0,0.00158,0.1,0.0,0.31854295997960225,0.005833051821637104,0.0
0.0775259748862946,1.0,0.002,0.1,0.0,0.31854295997960225,0.005833051821637104,0.0
0.0775259748862946,1.0,0.00251,0.1,0.0,0.31854295997960225,0.005833051821637104,0.0
0.0775259748862946,1.0,0.00316,0.1,0.0,0.31854295997960225,0.005833051821637104,0.0
0.0775259748862946,1.0,0.00398,0.1,0.0,0.31854295997960225,0.005833051821637104,0.0
0.0775259748862946,1.0,0.00501,0.1,0.0,0.31854295997960225,0.005833051821637104,0.0
0.0775259748862946,1.0,0.00631,0.1,0.0,0.31854295997960225,0.005833051821637104,0.0
0.08119844993184012,1.0,1e-06,0.1,0.0,0.3492395302168394,0.006395157118052361,0.0
0.08119844993184012,1.0,1.26e-06,0.1,0.0,0.3492395302168394,0.006395157118052361,0.0
0.08119844993184012,1.0,1.58e-06,0.1,0.0,0.3492395302168394,0.006395157118052361,0.0
0.08119844993184012,1.0,2e-06,0.1,0.0,0.3492395302168394,0.006395157118052361,0.0
0.08119844993184012,1.0,2.51e-06,0.1,0.0,0.3492395302168394,0.006395157118052361,0.0
0.08119844993184012,1.0,3.16e-06,0.1,0.0,0.3492395302168394,0.006395157118052361,0.0
0.08119844993184012,1.0,3.98e-06,0.1,0.0,0.3492395302168394,0.006395157118052361,0.0
0.08119844993184012,1.0,1.58e-05,0.1,0.0001,0.3492395302168394,0.006395157118052361,4.190874362602074
0.08119844993184012,1.0,2e-05,0.1,0.0001,0.3492395302168394,0.006395157118052361,4.190874362602074
0.08119844993184012,1.0,2.51e-05,0.1,0.00016666666666666666,0.3492395302168394,0.006395157118052361,6.984790604336789
0.08119844993184012,1.0,3.16e-05,0.1,0.0002666666666666667,0.3492395302168394,0.006395157118052361,11.175664966938863
0.08119844993184012,1.0,3.98e-05,0.1,0.0003,0.3492395302168394,0.006395157118052361,12.57262308780622
0.08119844993184012,1.0,5.01e-05,0.1,0.0005666666666666667,0.3492395302168394,0.006395157118052361,23.748288054745085
0.08119844993184012,1.0,6.31e-05,0.1,0.0009333333333333333,0.3492395302168394,0.006395157118052361,39.11482738428602
0.08119844993184012,1.0,7.94e-05,0.1,0.0018,0.3492395302168394,0.006395157118052361,75.43573852683731
0.08119844993184012,1.0,0.0001,0.1,0.0026666666666666666,0.3492395302168394,0.006395157118052361,111.75664966938862
0.08119844993184012,1.0,0.000126,0.1,0.0038666666666666667,0.3492395302168394,0.006395157118052361,162.0471420206135
0.08119844993184012,1.0,0.000158,0.1,0.005,0.3492395302168394,0.006395157118052361,209.54371813010368
0.08119844993184012,1.0,0.0002,0.1,0.006533333333333334,0.3492395302168394,0.006395157118052361,273.80379169000213
0.08119844993184012,1.0,0.000251,0.1,0.007533333333333334,0.3492395302168394,0.006395157118052361,315.7125353160229
0.08119844993184012,1.0,0.000316,0.1,0.008166666666666666,0.3492395302168394,0.006395157118052361,342.2547396125026
0.08119844993184012,1.0,0.000398,0.1,0.0066,0.3492395302168394,0.006395157118052361,276.59770793173686
0.08119844993184012,1.0,0.000501,0.1,0.004733333333333333,0.3492395302168394,0.006395157118052361,198.3680531631648
0.08119844993184012,1.0,0.000631,0.1,0.0025,0.3492395302168394,0.006395157118052361,104.77185906505184
0.08119844993184012,1.0,0.000794,0.1,0.0006666666666666666,0.3492395302168394,0.006395157118052361,27.939162417347156
0.08119844993184012,1.0,0.001,0.1,0.0002,0.3492395302168394,0.006395157118052361,8.381748725204147
0.08119844993184012,1.0,0.00126,0.1,3.3333333333333335e-05,0.3492395302168394,0.006395157118052361,1.3969581208673578
0.08119844993184012,1.0,0.00158,0.1,0.0,0.3492395302168394,0.006395157118052361,0.0
0.08119844993184012,1.0,0.002,0.1,0.0,0.3492395302168394,0.006395157118052361,0.0
0.08119844993184012,1.0,0.00251,0.1,0.0,0.3492395302168394,0.006395157118052361,0.0
0.08119844993184012,1.0,0.00316,0.1,0.0,0.3492395302168394,0.006395157118052361,0.0
0.08119844993184012,1.0,0.00398,0.1,0.0,0.3492395302168394,0.006395157118052361,0.0
0.08119844993184012,1.0,0.00501,0.1,0.0,0.3492395302168394,0.006395157118052361,0.0
0.08119844993184012,1.0,0.00631,0.1,0.0,0.3492395302168394,0.006395157118052361,0.0
0.08504489341802678,1.0,1e-06,0.1,0.0,0.3828733315789991,0.007011048005475171,0.0
0.08504489341802678,1.0,1.26e-06,0.1,0.0,0.3828733315789991,0.007011048005475171,0.0
0.08504489341802678,1.0,1.58e-06,0.1,0.0,0.3828733315789991,0.007011048005475171,0.0
0.08504489341802678,1.0,2e-06,0.1,0.0,0.3828733315789991,0.007011048005475171,0.0
0.08504489341802678,1.0,2.51e-06,0.1,0.0,0.3828733315789991,0.007011048005475171,0.0
0.08504489341802678,1.0,3.16e-06,0.1,0.0,0.3828733315789991,0.007011048005475171,0.0
0.08504489341802678,1.0,3.98e-06,0.1,0.0,0.3828733315789991,0.007011048005475171,0.0
0.08504489341802678,1.0,1.58e-05,0.1,0.0001,0.3828733315789991,0.007011048005475171,4.59447997894799
0.08504489341802678,1.0,2e-05,0.1,0.0001,0.3828733315789991,0.007011048005475171,4.59447997894799
0.08504489341802678,1.0,2.51e-05,0.1,0.00016666666666666666,0.3828733315789991,0.007011048005475171,7.657466631579983
0.08504489341802678,1.0,3.16e-05,0.1,0.0002666666666666667,0.3828733315789991,0.007011048005475171,12.251946610527973
0.08504489341802678,1.0,3.98e-05,0.1,0.0003,0.3828733315789991,0.007011048005475171,13.783439936843969
0.08504489341802678,1.0,5.01e-05,0.1,0.0005666666666666667,0.3828733315789991,0.007011048005475171,26.035386547371946
0.08504489341802678,1.0,6.31e-05,0.1,0.0009333333333333333,0.3828733315789991,0.007011048005475171,42.88181313684791
0.08504489341802678,1.0,7.94e-05,0.1,0.0018,0.3828733315789991,0.007011048005475171,82.70063962106383
0.08504489341802678,1.0,0.0001,0.1,0.0026666666666666666,0.3828733315789991,0.007011048005475171,122.51946610527973
0.08504489341802678,1.0,0.000126,0.1,0.0038666666666666667,0.3828733315789991,0.007011048005475171,177.65322585265562
0.08504489341802678,1.0,0.000158,0.1,0.005,0.3828733315789991,0.007011048005475171,229.72399894739954
0.08504489341802678,1.0,0.0002,0.1,0.006533333333333334,0.3828733315789991,0.007011048005475171,300.1726919579354
0.08504489341802678,1.0,0.000251,0.1,0.007533333333333334,0.3828733315789991,0.007011048005475171,346.1174917474153
0.08504489341802678,1.0,0.000316,0.1,0.008166666666666666,0.3828733315789991,0.007011048005475171,375.21586494741916
0.08504489341802678,1.0,0.000398,0.1,0.0066,0.3828733315789991,0.007011048005475171,303.23567861056733
0.08504489341802678,1.0,0.000501,0.1,0.004733333333333333,0.3828733315789991,0.007011048005475171,217.4720523368715
0.08504489341802678,1.0,0.000631,0.1,0.0025,0.3828733315789991,0.007011048005475171,114.86199947369977
0.08504489341802678,1.0,0.000794,0.1,0.0006666666666666666,0.3828733315789991,0.007011048005475171,30.629866526319933
0.08504489341802678,1.0,0.001,0.1,0.0002,0.3828733315789991,0.007011048005475171,9.18895995789598
0.08504489341802678,1.0,0.00126,0.1,3.3333333333333335e-05,0.3828733315789991,0.007011048005475171,1.5314933263159967
0.08504489341802678,1.0,0.00158,0.1,0.0,0.3828733315789991,0.007011048005475171,0.0
0.08504489341802678,1.0,0.002,0.1,0.0,0.3828733315789991,0.007011048005475171,0.0
0.08504489341802678,1.0,0.00251,0.1,0.0,0.3828733315789991,0.007011048005475171,0.0
0.08504489341802678,1.0,0.00316,0.1,0.0,0.3828733315789991,0.007011048005475171,0.0
0.08504489341802678,1.0,0.00398,0.1,0.0,0.3828733315789991,0.007011048005475171,0.0
0.08504489341802678,1.0,0.00501,0.1,0.0,0.3828733315789991,0.007011048005475171,0.0
0.08504489341802678,1.0,0.00631,0.1,0.0,0.3828733315789991,0.007011048005475171,0.0
0.0890735463861044,1.0,1e-06,0.1,0.0,0.41972120842874305,0.007685793965001704,0.0
0.0890735463861044,1.0,1.26e-06,0.1,0.0,0.41972120842874305,0.007685793965001704,0.0
0.0890735463861044,1.0,1.58e-06,0.1,0.0,0.41972120842874305,0.007685793965001704,0.0
0.0890735463861044,1.0,2e-06,0.1,0.0,0.41972120842874305,0.007685793965001704,0.0
0.0890735463861044,1.0,2.51e-06,0.1,0.0,0.41972120842874305,0.007685793965001704,0.0
0.0890735463861044,1.0,3.16e-06,0.1,0.0,0.41972120842874305,0.007685793965001704,0.0
0.0890735463861044,1.0,3.98e-06,0.1,0.0,0.41972120842874305,0.007685793965001704,0.0
0.0890735463861044,1.0,1.58e-05,0.1,0.0001,0.41972120842874305,0.007685793965001704,5.036654501144917
0.0890735463861044,1.0,2e-05,0.1,0.0001,0.41972120842874305,0.007685793965001704,5.036654501144917
0.0890735463861044,1.0,2.51e-05,0.1,0.00016666666666666666,0.41972120842874305,0.007685793965001704,8.394424168574862
0.0890735463861044,1.0,3.16e-05,0.1,0.0002666666666666667,0.41972120842874305,0.007685793965001704,13.43107866971978
0.0890735463861044,1.0,3.98e-05,0.1,0.0003,0.41972120842874305,0.007685793965001704,15.10996350343475
0.0890735463861044,1.0,5.01e-05,0.1,0.0005666666666666667,0.41972120842874305,0.007685793965001704,28.54104217315453
0.0890735463861044,1.0,6.31e-05,0.1,0.0009333333333333333,0.41972120842874305,0.007685793965001704,47.00877534401923
0.0890735463861044,1.0,7.94e-05,0.1,0.0018,0.41972120842874305,0.007685793965001704,90.6597810206085
0.0890735463861044,1.0,0.0001,0.1,0.0026666666666666666,0.41972120842874305,0.007685793965001704,134.31078669719778
0.0890735463861044,1.0,0.000126,0.1,0.0038666666666666667,0.41972120842874305,0.007685793965001704,194.7506407109368
0.0890735463861044,1.0,0.000158,0.1,0.005,0.41972120842874305,0.007685793965001704,251.83272505724585
0.0890735463861044,1.0,0.0002,0.1,0.006533333333333334,0.41972120842874305,0.007685793965001704,329.0614274081346
0.0890735463861044,1.0,0.000251,0.1,0.007533333333333334,0.41972120842874305,0.007685793965001704,379.42797241958374
0.0890735463861044,1.0,0.000316,0.1,0.008166666666666666,0.41972120842874305,0.007685793965001704,411.3267842601682
0.0890735463861044,1.0,0.000398,0.1,0.0066,0.41972120842874305,0.007685793965001704,332.4191970755645
0.0890735463861044,1.0,0.000501,0.1,0.004733333333333333,0.41972120842874305,0.007685793965001704,238.40164638752609
0.0890735463861044,1.0,0.000631,0.1,0.0025,0.41972120842874305,0.007685793965001704,125.91636252862293
0.0890735463861044,1.0,0.000794,0.1,0.0006666666666666666,0.41972120842874305,0.007685793965001704,33.577696674299446
0.0890735463861044,1.0,0.001,0.1,0.0002,0.41972120842874305,0.007685793965001704,10.073309002289834
0.0890735463861044,1.0,0.00126,0.1,3.3333333333333335e-05,0.41972120842874305,0.007685793965001704,1.6788848337149724
0.0890735463861044,1.0,0.00158,0.1,0.0,0.41972120842874305,0.007685793965001704,0.0
0.0890735463861044,1.0,0.002,0.1,0.0,0.41972120842874305,0.007685793965001704,0.0
0.0890735463861044,1.0,0.00251,0.1,0.0,0.41972120842874305,0.007685793965001704,0.0
0.0890735463861044,1.0,0.00316,0.1,0.0,0.41972120842874305,0.007685793965001704,0.0
0.0890735463861044,1.0,0.00398,0.1,0.0,0.41972120842874305,0.007685793965001704,0.0
0.0890735463861044,1.0,0.00501,0.1,0.0,0.41972120842874305,0.007685793965001704,0.0
0.0890735463861044,1.0,0.00631,0.1,0.0,0.41972120842874305,0.007685793965001704,0.0
0.09329304026284686,1.0,1e-06,0.1,0.0,0.4600852512575158,0.008424926776369086,0.0
0.09329304026284686,1.0,1.26e-06,0.1,0.0,0.4600852512575158,0.008424926776369086,0.0
0.09329304026284686,1.0,1.58e-06,0.1,0.0,0.4600852512575158,0.008424926776369086,0.0
0.09329304026284686,1.0,2e-06,0.1,0.0,0.4600852512575158,0.008424926776369086,0.0
0.09329304026284686,1.0,2.51e-06,0.1,0.0,0.4600852512575158,0.008424926776369086,0.0
0.09329304026284686,1.0,3.16e-06,0.1,0.0,0.4600852512575158,0.008424926776369086,0.0
0.09329304026284686,1.0,3.98e-06,0.1,0.0,0.4600852512575158,0.008424926776369086,0.0
0.09329304026284686,1.0,1.58e-05,0.1,0.0001,0.4600852512575158,0.008424926776369086,5.52102301509019
0.09329304026284686,1.0,2e-05,0.1,0.0001,0.4600852512575158,0.008424926776369086,5.52102301509019
0.09329304026284686,1.0,2.51e-05,0.1,0.00016666666666666666,0.4600852512575158,0.008424926776369086,9.201705025150316
0.09329304026284686,1.0,3.16e-05,0.1,0.0002666666666666667,0.4600852512575158,0.008424926776369086,14.722728040240506
0.09329304026284686,1.0,3.98e-05,0.1,0.0003,0.4600852512575158,0.008424926776369086,16.56306904527057
0.09329304026284686,1.0,5.01e-05,0.1,0.0005666666666666667,0.4600852512575158,0.008424926776369086,31.28579708551108
0.09329304026284686,1.0,6.31e-05,0.1,0.0009333333333333333,0.4600852512575158,0.008424926776369086,51.52954814084177
0.09329304026284686,1.0,7.94e-05,0.1,0.0018,0.4600852512575158,0.008424926776369086,99.37841427162341
0.09329304026284686,1.0,0.0001,0.1,0.0026666666666666666,0.4600852512575158,0.008424926776369086,147.22728040240506
0.09329304026284686,1.0,0.000126,0.1,0.0038666666666666667,0.4600852512575158,0.008424926776369086,213.47955658348735
0.09329304026284686,1.0,0.000158,0.1,0.005,0.4600852512575158,0.008424926776369086,276.0511507545095
0.09329304026284686,1.0,0.0002,0.1,0.006533333333333334,0.4600852512575158,0.008424926776369086,360.70683698589244
0.09329304026284686,1.0,0.000251,0.1,0.007533333333333334,0.4600852512575158,0.008424926776369086,415.91706713679434
0.09329304026284686,1.0,0.000316,0.1,0.008166666666666666,0.4600852512575158,0.008424926776369086,450.88354623236546
0.09329304026284686,1.0,0.000398,0.1,0.0066,0.4600852512575158,0.008424926776369086,364.3875189959526
0.09329304026284686,1.0,0.000501,0.1,0.004733333333333333,0.4600852512575158,0.008424926776369086,261.328422714269
0.09329304026284686,1.0,0.000631,0.1,0.0025,0.4600852512575158,0.008424926776369086,138.02557537725474
0.09329304026284686,1.0,0.000794,0.1,0.0006666666666666666,0.4600852512575158,0.008424926776369086,36.806820100601264
0.09329304026284686,1.0,0.001,0.1,0.0002,0.4600852512575158,0.008424926776369086,11.04204603018038
0.09329304026284686,1.0,0.00126,0.1,3.3333333333333335e-05,0.4600852512575158,0.008424926776369086,1.8403410050300633
0.09329304026284686,1.0,0.00158,0.1,0.0,0.4600852512575158,0.008424926776369086,0.0
0.09329304026284686,1.0,0.002,0.1,0.0,0.4600852512575158,0.008424926776369086,0.0
0.09329304026284686,1.0,0.00251,0.1,0.0,0.4600852512575158,0.008424926776369086,0.0
0.09329304026284686,1.0,0.00316,0.1,0.0,0.4600852512575158,0.008424926776369086,0.0
0.09329304026284686,1.0,0.00398,0.1,0.0,0.4600852512575158,0.008424926776369086,0.0
0.09329304026284686,1.0,0.00501,0.1,0.0,0.4600852512575158,0.008424926776369086,0.0
0.09329304026284686,1.0,0.00631,0.1,0.0,0.4600852512575158,0.008424926776369086,0.0
0.09771241535346496,1.0,1e-06,0.1,0.0,0.5042949279483563,0.009234479544925038,0.0
0.09771241535346496,1.0,1.26e-06,0.1,0.0,0.5042949279483563,0.009234479544925038,0.0
0.09771241535346496,1.0,1.58e-06,0.1,0.0,0.5042949279483563,0.009234479544925038,0.0
0.09771241535346496,1.0,2e-06,0.1,0.0,0.5042949279483563,0.009234479544925038,0.0
0.09771241535346496,1.0,2.51e-06,0.1,0.0,0.5042949279483563,0.009234479544925038,0.0
0.09771241535346496,1.0,3.16e-06,0.1,0.0,0.5042949279483563,0.009234479544925038,0.0
0.09771241535346496,1.0,3.98e-06,0.1,0.0,0.5042949279483563,0.009234479544925038,0.0
0.09771241535346496,1.0,1.58e-05,0.1,0.0001,0.5042949279483563,0.009234479544925038,6.051539135380276
0.09771241535346496,1.0,2e-05,0.1,0.0001,0.5042949279483563,0.009234479544925038,6.051539135380276
0.09771241535346496,1.0,2.51e-05,0.1,0.00016666666666666666,0.5042949279483563,0.009234479544925038,10.085898558967125
0.09771241535346496,1.0,3.16e-05,0.1,0.0002666666666666667,0.5042949279483563,0.009234479544925038,16.137437694347405
0.09771241535346496,1.0,3.98e-05,0.1,0.0003,0.5042949279483563,0.009234479544925038,18.154617406140826
0.09771241535346496,1.0,5.01e-05,0.1,0.0005666666666666667,0.5042949279483563,0.009234479544925038,34.292055100488234
0.09771241535346496,1.0,6.31e-05,0.1,0.0009333333333333333,0.5042949279483563,0.009234479544925038,56.48103193021591
0.09771241535346496,1.0,7.94e-05,0.1,0.0018,0.5042949279483563,0.009234479544925038,108.92770443684498
0.09771241535346496,1.0,0.0001,0.1,0.0026666666666666666,0.5042949279483563,0.009234479544925038,161.374376943474
0.09771241535346496,1.0,0.000126,0.1,0.0038666666666666667,0.5042949279483563,0.009234479544925038,233.99284656803735
0.09771241535346496,1.0,0.000158,0.1,0.005,0.5042949279483563,0.009234479544925038,302.5769567690138
0.09771241535346496,1.0,0.0002,0.1,0.006533333333333334,0.5042949279483563,0.009234479544925038,395.3672235115114
0.09771241535346496,1.0,0.000251,0.1,0.007533333333333334,0.5042949279483563,0.009234479544925038,455.8826148653141
0.09771241535346496,1.0,0.000316,0.1,0.008166666666666666,0.5042949279483563,0.009234479544925038,494.2090293893892
0.09771241535346496,1.0,0.000398,0.1,0.0066,0.5042949279483563,0.009234479544925038,399.4015829350982
0.09771241535346496,1.0,0.000501,0.1,0.004733333333333333,0.5042949279483563,0.009234479544925038,286.4395190746664
0.09771241535346496,1.0,0.000631,0.1,0.0025,0.5042949279483563,0.009234479544925038,151.2884783845069
0.09771241535346496,1.0,0.000794,0.1,0.0006666666666666666,0.5042949279483563,0.009234479544925038,40.3435942358685
0.09771241535346496,1.0,0.001,0.1,0.0002,0.5042949279483563,0.009234479544925038,12.103078270760552
0.09771241535346496,1.0,0.00126,0.1,3.3333333333333335e-05,0.5042949279483563,0.009234479544925038,2.0171797117934256
0.09771241535346496,1.0,0.00158,0.1,0.0,0.5042949279483563,0.009234479544925038,0.0
0.09771241535346496,1.0,0.002,0.1,0.0,0.5042949279483563,0.009234479544925038,0.0
0.09771241535346496,1.0,0.00251,0.1,0.0,0.5042949279483563,0.009234479544925038,0.0
0.09771241535346496,1.0,0.00316,0.1,0.0,0.5042949279483563,0.009234479544925038,0.0
0.09771241535346496,1.0,0.00398,0.1,0.0,0.5042949279483563,0.009234479544925038,0.0
0.09771241535346496,1.0,0.00501,0.1,0.0,0.5042949279483563,0.009234479544925038,0.0
0.09771241535346496,1.0,0.00631,0.1,0.0,0.5042949279483563,0.009234479544925038,0.0
0.10234114021054527,1.0,1e-06,0.1,0.0,0.5527093600177302,0.010121028383404692,0.0
0.10234114021054527,1.0,1.26e-06,0.1,0.0,0.5527093600177302,0.010121028383404692,0.0
0.10234114021054527,1.0,1.58e-06,0.1,0.0,0.5527093600177302,0.010121028383404692,0.0
0.10234114021054527,1.0,2e-06,0.1,0.0,0.5527093600177302,0.010121028383404692,0.0
0.10234114021054527,1.0,2.51e-06,0.1,0.0,0.5527093600177302,0.010121028383404692,0.0
0.10234114021054527,1.0,3.16e-06,0.1,0.0,0.5527093600177302,0.010121028383404692,0.0
0.10234114021054527,1.0,3.98e-06,0.1,0.0,0.5527093600177302,0.010121028383404692,0.0
0.10234114021054527,1.0,1.58e-05,0.1,0.0001,0.5527093600177302,0.010121028383404692,6.632512320212763
0.10234114021054527,1.0,2e-05,0.1,0.0001,0.5527093600177302,0.010121028383404692,6.632512320212763
0.10234114021054527,1.0,2.51e-05,0.1,0.00016666666666666666,0.5527093600177302,0.010121028383404692,11.054187200354605
0.10234114021054527,1.0,3.16e-05,0.1,0.0002666666666666667,0.5527093600177302,0.010121028383404692,17.68669952056737
0.10234114021054527,1.0,3.98e-05,0.1,0.0003,0.5527093600177302,0.010121028383404692,19.897536960638288
0.10234114021054527,1.0,5.01e-05,0.1,0.0005666666666666667,0.5527093600177302,0.010121028383404692,37.58423648120566
0.10234114021054527,1.0,6.31e-05,0.1,0.0009333333333333333,0.5527093600177302,0.010121028383404692,61.90344832198579
0.10234114021054527,1.0,7.94e-05,0.1,0.0018,0.5527093600177302,0.010121028383404692,119.38522176382972
0.10234114021054527,1.0,0.0001,0.1,0.0026666666666666666,0.5527093600177302,0.010121028383404692,176.86699520567367
0.10234114021054527,1.0,0.000126,0.1,0.0038666666666666667,0.5527093600177302,0.010121028383404692,256.45714304822684
0.10234114021054527,1.0,0.000158,0.1,0.005,0.5527093600177302,0.010121028383404692,331.62561601063817
0.10234114021054527,1.0,0.0002,0.1,0.006533333333333334,0.5527093600177302,0.010121028383404692,433.3241382539005
0.10234114021054527,1.0,0.000251,0.1,0.007533333333333334,0.5527093600177302,0.010121028383404692,499.64926145602817
0.10234114021054527,1.0,0.000316,0.1,0.008166666666666666,0.5527093600177302,0.010121028383404692,541.6551728173756
0.10234114021054527,1.0,0.000398,0.1,0.0066,0.5527093600177302,0.010121028383404692,437.74581313404235
0.10234114021054527,1.0,0.000501,0.1,0.004733333333333333,0.5527093600177302,0.010121028383404692,313.9389164900708
0.10234114021054527,1.0,0.000631,0.1,0.0025,0.5527093600177302,0.010121028383404692,165.81280800531908
0.10234114021054527,1.0,0.000794,0.1,0.0006666666666666666,0.5527093600177302,0.010121028383404692,44.21674880141842
0.10234114021054527,1.0,0.001,0.1,0.0002,0.5527093600177302,0.010121028383404692,13.265024640425526
0.10234114021054527,1.0,0.00126,0.1,3.3333333333333335e-05,0.5527093600177302,0.010121028383404692,2.210837440070921
0.10234114021054527,1.0,0.00158,0.1,0.0,0.5527093600177302,0.010121028383404692,0.0
0.10234114021054527,1.0,0.002,0.1,0.0,0.5527093600177302,0.010121028383404692,0.0
0.10234114021054527,1.0,0.00251,0.1,0.0,0.5527093600177302,0.010121028383404692,0.0
0.10234114021054527,1.0,0.00316,0.1,0.0,0.5527093600177302,0.010121028383404692,0.0
0.10234114021054527,1.0,0.00398,0.1,0.0,0.5527093600177302,0.010121028383404692,0.0
0.10234114021054527,1.0,0.00501,0.1,0.0,0.5527093600177302,0.010121028383404692,0.0
0.10234114021054527,1.0,0.00631,0.1,0.0,0.5527093600177302,0.010121028383404692,0.0
0.10718913192051276,1.0,1e-06,0.1,0.0,0.605719746213605,0.011091736792045505,0.0
0.10718913192051276,1.0,1.26e-06,0.1,0.0,0.605719746213605,0.011091736792045505,0.0
0.10718913192051276,1.0,1.58e-06,0.1,0.0,0.605719746213605,0.011091736792045505,0.0
0.10718913192051276,1.0,2e-06,0.1,0.0,0.605719746213605,0.011091736792045505,0.0
0.10718913192051276,1.0,2.51e-06,0.1,0.0,0.605719746213605,0.011091736792045505,0.0
0.10718913192051276,1.0,3.16e-06,0.1,0.0,0.605719746213605,0.011091736792045505,0.0
0.10718913192051276,1.0,3.98e-06,0.1,0.0,0.605719746213605,0.011091736792045505,0.0
0.10718913192051276,1.0,1.58e-05,0.1,0.0001,0.605719746213605,0.011091736792045505,7.26863695456326
0.10718913192051276,1.0,2e-05,0.1,0.0001,0.605719746213605,0.011091736792045505,7.26863695456326
0.10718913192051276,1.0,2.51e-05,0.1,0.00016666666666666666,0.605719746213605,0.011091736792045505,12.1143949242721
0.10718913192051276,1.0,3.16e-05,0.1,0.0002666666666666667,0.605719746213605,0.011091736792045505,19.383031878835364
0.10718913192051276,1.0,3.98e-05,0.1,0.0003,0.605719746213605,0.011091736792045505,21.80591086368978
0.10718913192051276,1.0,5.01e-05,0.1,0.0005666666666666667,0.605719746213605,0.011091736792045505,41.18894274252514
0.10718913192051276,1.0,6.31e-05,0.1,0.0009333333333333333,0.605719746213605,0.011091736792045505,67.84061157592377
0.10718913192051276,1.0,7.94e-05,0.1,0.0018,0.605719746213605,0.011091736792045505,130.83546518213868
0.10718913192051276,1.0,0.0001,0.1,0.0026666666666666666,0.605719746213605,0.011091736792045505,193.8303187883536
0.10718913192051276,1.0,0.000126,0.1,0.0038666666666666667,0.605719746213605,0.011091736792045505,281.0539622431127
0.10718913192051276,1.0,0.000158,0.1,0.005,0.605719746213605,0.011091736792045505,363.43184772816306
0.10718913192051276,1.0,0.0002,0.1,0.006533333333333334,0.605719746213605,0.011091736792045505,474.88428103146634
0.10718913192051276,1.0,0.000251,0.1,0.007533333333333334,0.605719746213605,0.011091736792045505,547.570650577099
0.10718913192051276,1.0,0.000316,0.1,0.008166666666666666,0.605719746213605,0.011091736792045505,593.6053512893329
0.10718913192051276,1.0,0.000398,0.1,0.0066,0.605719746213605,0.011091736792045505,479.7300390011752
0.10718913192051276,1.0,0.000501,0.1,0.004733333333333333,0.605719746213605,0.011091736792045505,344.04881584932764
0.10718913192051276,1.0,0.000631,0.1,0.0025,0.605719746213605,0.011091736792045505,181.71592386408153
0.10718913192051276,1.0,0.000794,0.1,0.0006666666666666666,0.605719746213605,0.011091736792045505,48.4575796970884
0.10718913192051276,1.0,0.001,0.1,0.0002,0.605719746213605,0.011091736792045505,14.53727390912652
0.10718913192051276,1.0,0.00126,0.1,3.3333333333333335e-05,0.605719746213605,0.011091736792045505,2.4228789848544205
0.10718913192051276,1.0,0.00158,0.1,0.0,0.605719746213605,0.011091736792045505,0.0
0.10718913192051276,1.0,0.002,0.1,0.0,0.605719746213605,0.011091736792045505,0.0
0.10718913192051276,1.0,0.00251,0.1,0.0,0.605719746213605,0.011091736792045505,0.0
0.10718913192051276,1.0,0.00316,0.1,0.0,0.605719746213605,0.011091736792045505,0.0
0.10718913192051276,1.0,0.00398,0.1,0.0,0.605719746213605,0.011091736792045505,0.0
0.10718913192051276,1.0,0.00501,0.1,0.0,0.605719746213605,0.011091736792045505,0.0
0.10718913192051276,1.0,0.00631,0.1,0.0,0.605719746213605,0.011091736792045505,0.0
0.11226677735108136,1.0,1e-06,0.1,0.0,0.6637519339680792,0.012154402746165156,0.0
0.11226677735108136,1.0,1.26e-06,0.1,0.0,0.6637519339680792,0.012154402746165156,0.0
0.11226677735108136,1.0,1.58e-06,0.1,0.0,0.6637519339680792,0.012154402746165156,0.0
0.11226677735108136,1.0,2e-06,0.1,0.0,0.6637519339680792,0.012154402746165156,0.0
0.11226677735108136,1.0,2.51e-06,0.1,0.0,0.6637519339680792,0.012154402746165156,0.0
0.11226677735108136,1.0,3.16e-06,0.1,0.0,0.6637519339680792,0.012154402746165156,0.0
0.11226677735108136,1.0,3.98e-06,0.1,0.0,0.6637519339680792,0.012154402746165156,0.0
0.11226677735108136,1.0,1.58e-05,0.1,0.0001,0.6637519339680792,0.012154402746165156,7.965023207616951
0.11226677735108136,1.0,2e-05,0.1,0.0001,0.6637519339680792,0.012154402746165156,7.965023207616951
0.11226677735108136,1.0,2.51e-05,0.1,0.00016666666666666666,0.6637519339680792,0.012154402746165156,13.275038679361584
0.11226677735108136,1.0,3.16e-05,0.1,0.0002666666666666667,0.6637519339680792,0.012154402746165156,21.240061886978538
0.11226677735108136,1.0,3.98e-05,0.1,0.0003,0.6637519339680792,0.012154402746165156,23.89506962285085
0.11226677735108136,1.0,5.01e-05,0.1,0.0005666666666666667,0.6637519339680792,0.012154402746165156,45.13513150982939
0.11226677735108136,1.0,6.31e-05,0.1,0.0009333333333333333,0.6637519339680792,0.012154402746165156,74.34021660442487
0.11226677735108136,1.0,7.94e-05,0.1,0.0018,0.6637519339680792,0.012154402746165156,143.3704177371051
0.11226677735108136,1.0,0.0001,0.1,0.0026666666666666666,0.6637519339680792,0.012154402746165156,212.40061886978535
0.11226677735108136,1.0,0.000126,0.1,0.0038666666666666667,0.6637519339680792,0.012154402746165156,307.9808973611888
0.11226677735108136,1.0,0.000158,0.1,0.005,0.6637519339680792,0.012154402746165156,398.2511603808475
0.11226677735108136,1.0,0.0002,0.1,0.006533333333333334,0.6637519339680792,0.012154402746165156,520.3815162309742
0.11226677735108136,1.0,0.000251,0.1,0.007533333333333334,0.6637519339680792,0.012154402746165156,600.0317483071436
0.11226677735108136,1.0,0.000316,0.1,0.008166666666666666,0.6637519339680792,0.012154402746165156,650.4768952887175
0.11226677735108136,1.0,0.000398,0.1,0.0066,0.6637519339680792,0.012154402746165156,525.6915317027187
0.11226677735108136,1.0,0.000501,0.1,0.004733333333333333,0.6637519339680792,0.012154402746165156,377.011098493869
0.11226677735108136,1.0,0.000631,0.1,0.0025,0.6637519339680792,0.012154402746165156,199.12558019042376
0.11226677735108136,1.0,0.000794,0.1,0.0006666666666666666,0.6637519339680792,0.012154402746165156,53.10015471744634
0.11226677735108136,1.0,0.001,0.1,0.0002,0.6637519339680792,0.012154402746165156,15.930046415233901
0.11226677735108136,1.0,0.00126,0.1,3.3333333333333335e-05,0.6637519339680792,0.012154402746165156,2.655007735872317
0.11226677735108136,1.0,0.00158,0.1,0.0,0.6637519339680792,0.012154402746165156,0.0
0.11226677735108136,1.0,0.002,0.1,0.0,0.6637519339680792,0.012154402746165156,0.0
0.11226677735108136,1.0,0.00251,0.1,0.0,0.6637519339680792,0.012154402746165156,0.0
0.11226677735108136,1.0,0.00316,0.1,0.0,0.6637519339680792,0.012154402746165156,0.0
0.11226677735108136,1.0,0.00398,0.1,0.0,0.6637519339680792,0.012154402746165156,0.0
0.11226677735108136,1.0,0.00501,0.1,0.0,0.6637519339680792,0.012154402746165156,0.0
0.11226677735108136,1.0,0.00631,0.1,0.0,0.6637519339680792,0.012154402746165156,0.0
0.1175849554052157,1.0,1e-06,0.1,0.0,0.7272691367930654,0.013317508456199695,0.0
0.1175849554052157,1.0,1.26e-06,0.1,0.0,0.7272691367930654,0.013317508456199695,0.0
0.1175849554052157,1.0,1.58e-06,0.1,0.0,0.7272691367930654,0.013317508456199695,0.0
0.1175849554052157,1.0,2e-06,0.1,0.0,0.7272691367930654,0.013317508456199695,0.0
0.1175849554052157,1.0,2.51e-06,0.1,0.0,0.7272691367930654,0.013317508456199695,0.0
0.1175849554052157,1.0,3.16e-06,0.1,0.0,0.7272691367930654,0.013317508456199695,0.0
0.1175849554052157,1.0,3.98e-06,0.1,0.0,0.7272691367930654,0.013317508456199695,0.0
0.1175849554052157,1.0,1.58e-05,0.1,0.0001,0.7272691367930654,0.013317508456199695,8.727229641516786
0.1175849554052157,1.0,2e-05,0.1,0.0001,0.7272691367930654,0.013317508456199695,8.727229641516786
0.1175849554052157,1.0,2.51e-05,0.1,0.00016666666666666666,0.7272691367930654,0.013317508456199695,14.545382735861308
0.1175849554052157,1.0,3.16e-05,0.1,0.0002666666666666667,0.7272691367930654,0.013317508456199695,23.272612377378096
0.1175849554052157,1.0,3.98e-05,0.1,0.0003,0.7272691367930654,0.013317508456199695,26.181688924550357
0.1175849554052157,1.0,5.01e-05,0.1,0.0005666666666666667,0.7272691367930654,0.013317508456199695,49.45430130192845
0.1175849554052157,1.0,6.31e-05,0.1,0.0009333333333333333,0.7272691367930654,0.013317508456199695,81.45414332082333
0.1175849554052157,1.0,7.94e-05,0.1,0.0018,0.7272691367930654,0.013317508456199695,157.09013354730212
0.1175849554052157,1.0,0.0001,0.1,0.0026666666666666666,0.7272691367930654,0.013317508456199695,232.72612377378093
0.1175849554052157,1.0,0.000126,0.1,0.0038666666666666667,0.7272691367930654,0.013317508456199695,337.4528794719824
0.1175849554052157,1.0,0.000158,0.1,0.005,0.7272691367930654,0.013317508456199695,436.3614820758393
0.1175849554052157,1.0,0.0002,0.1,0.006533333333333334,0.7272691367930654,0.013317508456199695,570.1790032457633
0.1175849554052157,1.0,0.000251,0.1,0.007533333333333334,0.7272691367930654,0.013317508456199695,657.4512996609312
0.1175849554052157,1.0,0.000316,0.1,0.008166666666666666,0.7272691367930654,0.013317508456199695,712.7237540572041
0.1175849554052157,1.0,0.000398,0.1,0.0066,0.7272691367930654,0.013317508456199695,575.9971563401078
0.1175849554052157,1.0,0.000501,0.1,0.004733333333333333,0.7272691367930654,0.013317508456199695,413.08886969846117
0.1175849554052157,1.0,0.000631,0.1,0.0025,0.7272691367930654,0.013317508456199695,218.18074103791966
0.1175849554052157,1.0,0.000794,0.1,0.0006666666666666666,0.7272691367930654,0.013317508456199695,58.18153094344523
0.1175849554052157,1.0,0.001,0.1,0.0002,0.7272691367930654,0.013317508456199695,17.45445928303357
0.1175849554052157,1.0,0.00126,0.1,3.3333333333333335e-05,0.7272691367930654,0.013317508456199695,2.909076547172262
0.1175849554052157,1.0,0.00158,0.1,0.0,0.7272691367930654,0.013317508456199695,0.0
0.1175849554052157,1.0,0.002,0.1,0.0,0.7272691367930654,0.013317508456199695,0.0
0.1175849554052157,1.0,0.00251,0.1,0.0,0.7272691367930654,0.013317508456199695,0.0
0.1175849554052157,1.0,0.00316,0.1,0.0,0.7272691367930654,0.013317508456199695,0.0
0.1175849554052157,1.0,0.00398,0.1,0.0,0.7272691367930654,0.013317508456199695,0.0
0.1175849554052157,1.0,0.00501,0.1,0.0,0.7272691367930654,0.013317508456199695,0.0
0.1175849554052157,1.0,0.00631,0.1,0.0,0.7272691367930654,0.013317508456199695,0.0
0.12315506032928261,1.0,1e-06,0.1,0.0,0.7967747926680044,0.014590272709540459,0.0
0.12315506032928261,1.0,1.26e-06,0.1,0.0,0.7967747926680044,0.014590272709540459,0.0
0.12315506032928261,1.0,1.58e-06,0.1,0.0,0.7967747926680044,0.014590272709540459,0.0
0.12315506032928261,1.0,2e-06,0.1,0.0,0.7967747926680044,0.014590272709540459,0.0
0.12315506032928261,1.0,2.51e-06,0.1,0.0,0.7967747926680044,0.014590272709540459,0.0
0.12315506032928261,1.0,3.16e-06,0.1,0.0,0.7967747926680044,0.014590272709540459,0.0
0.12315506032928261,1.0,3.98e-06,0.1,0.0,0.7967747926680044,0.014590272709540459,0.0
0.12315506032928261,1.0,1.58e-05,0.1,0.0001,0.7967747926680044,0.014590272709540459,9.561297512016054
0.12315506032928261,1.0,2e-05,0.1,0.0001,0.7967747926680044,0.014590272709540459,9.561297512016054
0.12315506032928261,1.0,2.51e-05,0.1,0.00016666666666666666,0.7967747926680044,0.014590272709540459,15.93549585336009
0.12315506032928261,1.0,3.16e-05,0.1,0.0002666666666666667,0.7967747926680044,0.014590272709540459,25.496793365376146
0.12315506032928261,1.0,3.98e-05,0.1,0.0003,0.7967747926680044,0.014590272709540459,28.683892536048155
0.12315506032928261,1.0,5.01e-05,0.1,0.0005666666666666667,0.7967747926680044,0.014590272709540459,54.18068590142431
0.12315506032928261,1.0,6.31e-05,0.1,0.0009333333333333333,0.7967747926680044,0.014590272709540459,89.2387767788165
0.12315506032928261,1.0,7.94e-05,0.1,0.0018,0.7967747926680044,0.014590272709540459,172.10335521628895
0.12315506032928261,1.0,0.0001,0.1,0.0026666666666666666,0.7967747926680044,0.014590272709540459,254.96793365376143
0.12315506032928261,1.0,0.000126,0.1,0.0038666666666666667,0.7967747926680044,0.014590272709540459,369.70350379795406
0.12315506032928261,1.0,0.000158,0.1,0.005,0.7967747926680044,0.014590272709540459,478.0648756008027
0.12315506032928261,1.0,0.0002,0.1,0.006533333333333334,0.7967747926680044,0.014590272709540459,624.6714374517155
0.12315506032928261,1.0,0.000251,0.1,0.007533333333333334,0.7967747926680044,0.014590272709540459,720.2844125718761
0.12315506032928261,1.0,0.000316,0.1,0.008166666666666666,0.7967747926680044,0.014590272709540459,780.8392968146443
0.12315506032928261,1.0,0.000398,0.1,0.0066,0.7967747926680044,0.014590272709540459,631.0456357930595
0.12315506032928261,1.0,0.000501,0.1,0.004733333333333333,0.7967747926680044,0.014590272709540459,452.5680822354265
0.12315506032928261,1.0,0.000631,0.1,0.0025,0.7967747926680044,0.014590272709540459,239.03243780040134
0.12315506032928261,1.0,0.000794,0.1,0.0006666666666666666,0.7967747926680044,0.014590272709540459,63.74198341344036
0.12315506032928261,1.0,0.001,0.1,0.0002,0.7967747926680044,0.014590272709540459,19.12259502403211
0.12315506032928261,1.0,0.00126,0.1,3.3333333333333335e-05,0.7967747926680044,0.014590272709540459,3.187099170672018
0.12315506032928261,1.0,0.00158,0.1,0.0,0.7967747926680044,0.014590272709540459,0.0
0.12315506032928261,1.0,0.002,0.1,0.0,0.7967747926680044,0.014590272709540459,0.0
0.12315506032928261,1.0,0.00251,0.1,0.0,0.7967747926680044,0.014590272709540459,0.0
0.12315506032928261,1.0,0.00316,0.1,0.0,0.7967747926680044,0.014590272709540459,0.0
0.12315506032928261,1.0,0.00398,0.1,0.0,0.7967747926680044,0.014590272709540459,0.0
0.12315506032928261,1.0,0.00501,0.1,0.0,0.7967747926680044,0.014590272709540459,0.0
0.12315506032928261,1.0,0.00631,0.1,0.0,0.7967747926680044,0.014590272709540459,0.0
0.1289890261253308,1.0,1e-06,0.1,0.0,0.8728155546879505,0.01598270563427853,0.0
0.1289890261253308,1.0,1.26e-06,0.1,0.0,0.8728155546879505,0.01598270563427853,0.0
0.1289890261253308,1.0,1.58e-06,0.1,0.0,0.8728155546879505,0.01598270563427853,0.0
0.1289890261253308,1.0,2e-06,0.1,0.0,0.8728155546879505,0.01598270563427853,0.0
0.1289890261253308,1.0,2.51e-06,0.1,0.0,0.8728155546879505,0.01598270563427853,0.0
0.1289890261253308,1.0,3.16e-06,0.1,0.0,0.8728155546879505,0.01598270563427853,0.0
0.1289890261253308,1.0,3.98e-06,0.1,0.0,0.8728155546879505,0.01598270563427853,0.0
0.1289890261253308,1.0,1.58e-05,0.1,0.0001,0.8728155546879505,0.01598270563427853,10.473786656255406
0.1289890261253308,1.0,2e-05,0.1,0.0001,0.8728155546879505,0.01598270563427853,10.473786656255406
0.1289890261253308,1.0,2.51e-05,0.1,0.00016666666666666666,0.8728155546879505,0.01598270563427853,17.45631109375901
0.1289890261253308,1.0,3.16e-05,0.1,0.0002666666666666667,0.8728155546879505,0.01598270563427853,27.930097750014415
0.1289890261253308,1.0,3.98e-05,0.1,0.0003,0.8728155546879505,0.01598270563427853,31.42135996876621
0.1289890261253308,1.0,5.01e-05,0.1,0.0005666666666666667,0.8728155546879505,0.01598270563427853,59.35145771878064
0.1289890261253308,1.0,6.31e-05,0.1,0.0009333333333333333,0.8728155546879505,0.01598270563427853,97.75534212505045
0.1289890261253308,1.0,7.94e-05,0.1,0.0018,0.8728155546879505,0.01598270563427853,188.52815981259732
0.1289890261253308,1.0,0.0001,0.1,0.0026666666666666666,0.8728155546879505,0.01598270563427853,279.30097750014414
0.1289890261253308,1.0,0.000126,0.1,0.0038666666666666667,0.8728155546879505,0.01598270563427853,404.98641737520904
0.1289890261253308,1.0,0.000158,0.1,0.005,0.8728155546879505,0.01598270563427853,523.6893328127703
0.1289890261253308,1.0,0.0002,0.1,0.006533333333333334,0.8728155546879505,0.01598270563427853,684.2873948753532
0.1289890261253308,1.0,0.000251,0.1,0.007533333333333334,0.8728155546879505,0.01598270563427853,789.0252614379074
0.1289890261253308,1.0,0.000316,0.1,0.008166666666666666,0.8728155546879505,0.01598270563427853,855.3592435941914
0.1289890261253308,1.0,0.000398,0.1,0.0066,0.8728155546879505,0.01598270563427853,691.2699193128568
0.1289890261253308,1.0,0.000501,0.1,0.004733333333333333,0.8728155546879505,0.01598270563427853,495.75923506275586
0.1289890261253308,1.0,0.000631,0.1,0.0025,0.8728155546879505,0.01598270563427853,261.84466640638516
0.1289890261253308,1.0,0.000794,0.1,0.0006666666666666666,0.8728155546879505,0.01598270563427853,69.82524437503604
0.1289890261253308,1.0,0.001,0.1,0.0002,0.8728155546879505,0.01598270563427853,20.947573312510812
0.1289890261253308,1.0,0.00126,0.1,3.3333333333333335e-05,0.8728155546879505,0.01598270563427853,3.491262218751802
0.1289890261253308,1.0,0.00158,0.1,0.0,0.8728155546879505,0.01598270563427853,0.0
0.1289890261253308,1.0,0.002,0.1,0.0,0.8728155546879505,0.01598270563427853,0.0
0.1289890261253308,1.0,0.00251,0.1,0.0,0.8728155546879505,0.01598270563427853,0.0
0.1289890261253308,1.0,0.00316,0.1,0.0,0.8728155546879505,0.01598270563427853,0.0
0.1289890261253308,1.0,0.00398,0.1,0.0,0.8728155546879505,0.01598270563427853,0.0
0.1289890261253308,1.0,0.00501,0.1,0.0,0.8728155546879505,0.01598270563427853,0.0
0.1289890261253308,1.0,0.00631,0.1,0.0,0.8728155546879505,0.01598270563427853,0.0
0.13509935211980265,1.0,1e-06,0.1,0.0,0.9559844005945634,0.01750566563989312,0.0
0.13509935211980265,1.0,1.26e-06,0.1,0.0,0.9559844005945634,0.01750566563989312,0.0
0.13509935211980265,1.0,1.58e-06,0.1,0.0,0.9559844005945634,0.01750566563989312,0.0
0.13509935211980265,1.0,2e-06,0.1,0.0,0.9559844005945634,0.01750566563989312,0.0
0.13509935211980265,1.0,2.51e-06,0.1,0.0,0.9559844005945634,0.01750566563989312,0.0
0.13509935211980265,1.0,3.16e-06,0.1,0.0,0.9559844005945634,0.01750566563989312,0.0
0.13509935211980265,1.0,3.98e-06,0.1,0.0,0.9559844005945634,0.01750566563989312,0.0
0.13509935211980265,1.0,1.58e-05,0.1,0.0001,0.9559844005945634,0.01750566563989312,11.47181280713476
0.13509935211980265,1.0,2e-05,0.1,0.0001,0.9559844005945634,0.01750566563989312,11.47181280713476
0.13509935211980265,1.0,2.51e-05,0.1,0.00016666666666666666,0.9559844005945634,0.01750566563989312,19.119688011891267
0.13509935211980265,1.0,3.16e-05,0.1,0.0002666666666666667,0.9559844005945634,0.01750566563989312,30.591500819026027
0.13509935211980265,1.0,3.98e-05,0.1,0.0003,0.9559844005945634,0.01750566563989312,34.415438421404275
0.13509935211980265,1.0,5.01e-05,0.1,0.0005666666666666667,0.9559844005945634,0.01750566563989312,65.00693924043031
0.13509935211980265,1.0,6.31e-05,0.1,0.0009333333333333333,0.9559844005945634,0.01750566563989312,107.07025286659109
0.13509935211980265,1.0,7.94e-05,0.1,0.0018,0.9559844005945634,0.01750566563989312,206.49263052842568
0.13509935211980265,1.0,0.0001,0.1,0.0026666666666666666,0.9559844005945634,0.01750566563989312,305.91500819026027
0.13509935211980265,1.0,0.000126,0.1,0.0038666666666666667,0.9559844005945634,0.01750566563989312,443.5767618758774
0.13509935211980265,1.0,0.000158,0.1,0.005,0.9559844005945634,0.01750566563989312,573.590640356738
0.13509935211980265,1.0,0.0002,0.1,0.006533333333333334,0.9559844005945634,0.01750566563989312,749.4917700661377
0.13509935211980265,1.0,0.000251,0.1,0.007533333333333334,0.9559844005945634,0.01750566563989312,864.2098981374853
0.13509935211980265,1.0,0.000316,0.1,0.008166666666666666,0.9559844005945634,0.01750566563989312,936.8647125826719
0.13509935211980265,1.0,0.000398,0.1,0.0066,0.9559844005945634,0.01750566563989312,757.1396452708942
0.13509935211980265,1.0,0.000501,0.1,0.004733333333333333,0.9559844005945634,0.01750566563989312,542.999139537712
0.13509935211980265,1.0,0.000631,0.1,0.0025,0.9559844005945634,0.01750566563989312,286.795320178369
0.13509935211980265,1.0,0.000794,0.1,0.0006666666666666666,0.9559844005945634,0.01750566563989312,76.47875204756507
0.13509935211980265,1.0,0.001,0.1,0.0002,0.9559844005945634,0.01750566563989312,22.94362561426952
0.13509935211980265,1.0,0.00126,0.1,3.3333333333333335e-05,0.9559844005945634,0.01750566563989312,3.8239376023782534
0.13509935211980265,1.0,0.00158,0.1,0.0,0.9559844005945634,0.01750566563989312,0.0
0.13509935211980265,1.0,0.002,0.1,0.0,0.9559844005945634,0.01750566563989312,0.0
0.13509935211980265,1.0,0.00251,0.1,0.0,0.9559844005945634,0.01750566563989312,0.0
0.13509935211980265,1.0,0.00316,0.1,0.0,0.9559844005945634,0.01750566563989312,0.0
0.13509935211980265,1.0,0.00398,0.1,0.0,0.9559844005945634,0.01750566563989312,0.0
0.13509935211980265,1.0,0.00501,0.1,0.0,0.9559844005945634,0.01750566563989312,0.0
0.13509935211980265,1.0,0.00631,0.1,0.0,0.9559844005945634,0.01750566563989312,0.0
0.1414991297434576,1.0,1e-06,0.1,0.0,1.0469238421653841,0.01917091818651134,0.0
0.1414991297434576,1.0,1.26e-06,0.1,0.0,1.0469238421653841,0.01917091818651134,0.0
0.1414991297434576,1.0,1.58e-06,0.1,0.0,1.0469238421653841,0.01917091818651134,0.0
0.1414991297434576,1.0,2e-06,0.1,0.0,1.0469238421653841,0.01917091818651134,0.0
0.1414991297434576,1.0,2.51e-06,0.1,0.0,1.0469238421653841,0.01917091818651134,0.0
0.1414991297434576,1.0,3.16e-06,0.1,0.0,1.0469238421653841,0.01917091818651134,0.0
0.1414991297434576,1.0,3.98e-06,0.1,0.0,1.0469238421653841,0.01917091818651134,0.0
0.1414991297434576,1.0,1.58e-05,0.1,0.0001,1.0469238421653841,0.01917091818651134,12.563086105984612
0.1414991297434576,1.0,2e-05,0.1,0.0001,1.0469238421653841,0.01917091818651134,12.563086105984612
0.1414991297434576,1.0,2.51e-05,0.1,0.00016666666666666666,1.0469238421653841,0.01917091818651134,20.938476843307683
0.1414991297434576,1.0,3.16e-05,0.1,0.0002666666666666667,1.0469238421653841,0.01917091818651134,33.50156294929229
0.1414991297434576,1.0,3.98e-05,0.1,0.0003,1.0469238421653841,0.01917091818651134,37.68925831795383
0.1414991297434576,1.0,5.01e-05,0.1,0.0005666666666666667,1.0469238421653841,0.01917091818651134,71.19082126724614
0.1414991297434576,1.0,6.31e-05,0.1,0.0009333333333333333,1.0469238421653841,0.01917091818651134,117.25547032252302
0.1414991297434576,1.0,7.94e-05,0.1,0.0018,1.0469238421653841,0.01917091818651134,226.13554990772298
0.1414991297434576,1.0,0.0001,0.1,0.0026666666666666666,1.0469238421653841,0.01917091818651134,335.0156294929229
0.1414991297434576,1.0,0.000126,0.1,0.0038666666666666667,1.0469238421653841,0.01917091818651134,485.7726627647383
0.1414991297434576,1.0,0.000158,0.1,0.005,1.0469238421653841,0.01917091818651134,628.1543052992306
0.1414991297434576,1.0,0.0002,0.1,0.006533333333333334,1.0469238421653841,0.01917091818651134,820.7882922576614
0.1414991297434576,1.0,0.000251,0.1,0.007533333333333334,1.0469238421653841,0.01917091818651134,946.4191533175074
0.1414991297434576,1.0,0.000316,0.1,0.008166666666666666,1.0469238421653841,0.01917091818651134,1025.9853653220764
0.1414991297434576,1.0,0.000398,0.1,0.0066,1.0469238421653841,0.01917091818651134,829.1636829949844
0.1414991297434576,1.0,0.000501,0.1,0.004733333333333333,1.0469238421653841,0.01917091818651134,594.6527423499382
0.1414991297434576,1.0,0.000631,0.1,0.0025,1.0469238421653841,0.01917091818651134,314.0771526496153
0.1414991297434576,1.0,0.000794,0.1,0.0006666666666666666,1.0469238421653841,0.01917091818651134,83.75390737323073
0.1414991297434576,1.0,0.001,0.1,0.0002,1.0469238421653841,0.01917091818651134,25.126172211969223
0.1414991297434576,1.0,0.00126,0.1,3.3333333333333335e-05,1.0469238421653841,0.01917091818651134,4.187695368661537
0.1414991297434576,1.0,0.00158,0.1,0.0,1.0469238421653841,0.01917091818651134,0.0
0.1414991297434576,1.0,0.002,0.1,0.0,1.0469238421653841,0.01917091818651134,0.0
0.1414991297434576,1.0,0.00251,0.1,0.0,1.0469238421653841,0.01917091818651134,0.0
0.1414991297434576,1.0,0.00316,0.1,0.0,1.0469238421653841,0.01917091818651134,0.0
0.1414991297434576,1.0,0.00398,0.1,0.0,1.0469238421653841,0.01917091818651134,0.0
0.1414991297434576,1.0,0.00501,0.1,0.0,1.0469238421653841,0.01917091818651134,0.0
0.1414991297434576,1.0,0.00631,0.1,0.0,1.0469238421653841,0.01917091818651134,0.0
0.14820207057988585,1.0,1e-06,0.1,0.0,1.1463292086415304,0.020991195909934635,0.0
0.14820207057988585,1.0,1.26e-06,0.1,0.0,1.1463292086415304,0.020991195909934635,0.0
0.14820207057988585,1.0,1.58e-06,0.1,0.0,1.1463292086415304,0.020991195909934635,0.0
0.14820207057988585,1.0,2e-06,0.1,0.0,1.1463292086415304,0.020991195909934635,0.0
0.14820207057988585,1.0,2.51e-06,0.1,0.0,1.1463292086415304,0.020991195909934635,0.0
0.14820207057988585,1.0,3.16e-06,0.1,0.0,1.1463292086415304,0.020991195909934635,0.0
0.14820207057988585,1.0,3.98e-06,0.1,0.0,1.1463292086415304,0.020991195909934635,0.0
0.14820207057988585,1.0,1.58e-05,0.1,0.0001,1.1463292086415304,0.020991195909934635,13.755950503698367
0.14820207057988585,1.0,2e-05,0.1,0.0001,1.1463292086415304,0.020991195909934635,13.755950503698367
0.14820207057988585,1.0,2.51e-05,0.1,0.00016666666666666666,1.1463292086415304,0.020991195909934635,22.926584172830612
0.14820207057988585,1.0,3.16e-05,0.1,0.0002666666666666667,1.1463292086415304,0.020991195909934635,36.68253467652898
0.14820207057988585,1.0,3.98e-05,0.1,0.0003,1.1463292086415304,0.020991195909934635,41.2678515110951
0.14820207057988585,1.0,5.01e-05,0.1,0.0005666666666666667,1.1463292086415304,0.020991195909934635,77.95038618762408
0.14820207057988585,1.0,6.31e-05,0.1,0.0009333333333333333,1.1463292086415304,0.020991195909934635,128.38887136785144
0.14820207057988585,1.0,7.94e-05,0.1,0.0018,1.1463292086415304,0.020991195909934635,247.60710906657062
0.14820207057988585,1.0,0.0001,0.1,0.0026666666666666666,1.1463292086415304,0.020991195909934635,366.8253467652898
0.14820207057988585,1.0,0.000126,0.1,0.0038666666666666667,1.1463292086415304,0.020991195909934635,531.8967528096701
0.14820207057988585,1.0,0.000158,0.1,0.005,1.1463292086415304,0.020991195909934635,687.7975251849184
0.14820207057988585,1.0,0.0002,0.1,0.006533333333333334,1.1463292086415304,0.020991195909934635,898.72209957496
0.14820207057988585,1.0,0.000251,0.1,0.007533333333333334,1.1463292086415304,0.020991195909934635,1036.2816046119437
0.14820207057988585,1.0,0.000316,0.1,0.008166666666666666,1.1463292086415304,0.020991195909934635,1123.4026244687
0.14820207057988585,1.0,0.000398,0.1,0.0066,1.1463292086415304,0.020991195909934635,907.8927332440923
0.14820207057988585,1.0,0.000501,0.1,0.004733333333333333,1.1463292086415304,0.020991195909934635,651.1149905083894
0.14820207057988585,1.0,0.000631,0.1,0.0025,1.1463292086415304,0.020991195909934635,343.8987625924592
0.14820207057988585,1.0,0.000794,0.1,0.0006666666666666666,1.1463292086415304,0.020991195909934635,91.70633669132245
0.14820207057988585,1.0,0.001,0.1,0.0002,1.1463292086415304,0.020991195909934635,27.511901007396734
0.14820207057988585,1.0,0.00126,0.1,3.3333333333333335e-05,1.1463292086415304,0.020991195909934635,4.585316834566123
0.14820207057988585,1.0,0.00158,0.1,0.0,1.1463292086415304,0.020991195909934635,0.0
0.14820207057988585,1.0,0.002,0.1,0.0,1.1463292086415304,0.020991195909934635,0.0
0.14820207057988585,1.0,0.00251,0.1,0.0,1.1463292086415304,0.020991195909934635,0.0
0.14820207057988585,1.0,0.00316,0.1,0.0,1.1463292086415304,0.020991195909934635,0.0
0.14820207057988585,1.0,0.00398,0.1,0.0,1.1463292086415304,0.020991195909934635,0.0
0.14820207057988585,1.0,0.00501,0.1,0.0,1.1463292086415304,0.020991195909934635,0.0
0.14820207057988585,1.0,0.00631,0.1,0.0,1.1463292086415304,0.020991195909934635,0.0
0.1552225357427048,1.0,1e-06,0.1,0.0,1.254951970275717,0.02298025948133523,0.0
0.1552225357427048,1.0,1.26e-06,0.1,0.0,1.254951970275717,0.02298025948133523,0.0
0.1552225357427048,1.0,1.58e-06,0.1,0.0,1.254951970275717,0.02298025948133523,0.0
0.1552225357427048,1.0,2e-06,0.1,0.0,1.254951970275717,0.02298025948133523,0.0
0.1552225357427048,1.0,2.51e-06,0.1,0.0,1.254951970275717,0.02298025948133523,0.0
0.1552225357427048,1.0,3.16e-06,0.1,0.0,1.254951970275717,0.02298025948133523,0.0
0.1552225357427048,1.0,3.98e-06,0.1,0.0,1.254951970275717,0.02298025948133523,0.0
0.1552225357427048,1.0,1.58e-05,0.1,0.0001,1.254951970275717,0.02298025948133523,15.059423643308605
0.1552225357427048,1.0,2e-05,0.1,0.0001,1.254951970275717,0.02298025948133523,15.059423643308605
0.1552225357427048,1.0,2.51e-05,0.1,0.00016666666666666666,1.254951970275717,0.02298025948133523,25.099039405514343
0.1552225357427048,1.0,3.16e-05,0.1,0.0002666666666666667,1.254951970275717,0.02298025948133523,40.15846304882295
0.1552225357427048,1.0,3.98e-05,0.1,0.0003,1.254951970275717,0.02298025948133523,45.178270929925816
0.1552225357427048,1.0,5.01e-05,0.1,0.0005666666666666667,1.254951970275717,0.02298025948133523,85.33673397874878
0.1552225357427048,1.0,6.31e-05,0.1,0.0009333333333333333,1.254951970275717,0.02298025948133523,140.55462067088033
0.1552225357427048,1.0,7.94e-05,0.1,0.0018,1.254951970275717,0.02298025948133523,271.0696255795549
0.1552225357427048,1.0,0.0001,0.1,0.0026666666666666666,1.254951970275717,0.02298025948133523,401.5846304882295
0.1552225357427048,1.0,0.000126,0.1,0.0038666666666666667,1.254951970275717,0.02298025948133523,582.2977142079328
0.1552225357427048,1.0,0.000158,0.1,0.005,1.254951970275717,0.02298025948133523,752.9711821654304
0.1552225357427048,1.0,0.0002,0.1,0.006533333333333334,1.254951970275717,0.02298025948133523,983.8823446961624
0.1552225357427048,1.0,0.000251,0.1,0.007533333333333334,1.254951970275717,0.02298025948133523,1134.4765811292484
0.1552225357427048,1.0,0.000316,0.1,0.008166666666666666,1.254951970275717,0.02298025948133523,1229.8529308702027
0.1552225357427048,1.0,0.000398,0.1,0.0066,1.254951970275717,0.02298025948133523,993.921960458368
0.1552225357427048,1.0,0.000501,0.1,0.004733333333333333,1.254951970275717,0.02298025948133523,712.8127191166074
0.1552225357427048,1.0,0.000631,0.1,0.0025,1.254951970275717,0.02298025948133523,376.4855910827152
0.1552225357427048,1.0,0.000794,0.1,0.0006666666666666666,1.254951970275717,0.02298025948133523,100.39615762205737
0.1552225357427048,1.0,0.001,0.1,0.0002,1.254951970275717,0.02298025948133523,30.11884728661721
0.1552225357427048,1.0,0.00126,0.1,3.3333333333333335e-05,1.254951970275717,0.02298025948133523,5.019807881102869
0.1552225357427048,1.0,0.00158,0.1,0.0,1.254951970275717,0.02298025948133523,0.0
0.1552225357427048,1.0,0.002,0.1,0.0,1.254951970275717,0.02298025948133523,0.0
0.1552225357427048,1.0,0.00251,0.1,0.0,1.254951970275717,0.02298025948133523,0.0
0.1552225357427048,1.0,0.00316,0.1,0.0,1.254951970275717,0.02298025948133523,0.0
0.1552225357427048,1.0,0.00398,0.1,0.0,1.254951970275717,0.02298025948133523,0.0
0.1552225357427048,1.0,0.00501,0.1,0.0,1.254951970275717,0.02298025948133523,0.0
0.1552225357427048,1.0,0.00631,0.1,0.0,1.254951970275717,0.02298025948133523,0.0
0.1625755666443795,1.0,1e-06,0.1,0.0,1.3736030585229781,0.02515295840547479,0.0
0.1625755666443795,1.0,1.26e-06,0.1,0.0,1.3736030585229781,0.02515295840547479,0.0
0.1625755666443795,1.0,1.58e-06,0.1,0.0,1.3736030585229781,0.02515295840547479,0.0
0.1625755666443795,1.0,2e-06,0.1,0.0,1.3736030585229781,0.02515295840547479,0.0
0.1625755666443795,1.0,2.51e-06,0.1,0.0,1.3736030585229781,0.02515295840547479,0.0
0.1625755666443795,1.0,3.16e-06,0.1,0.0,1.3736030585229781,0.02515295840547479,0.0
0.1625755666443795,1.0,3.98e-06,0.1,0.0,1.3736030585229781,0.02515295840547479,0.0
0.1625755666443795,1.0,1.58e-05,0.1,0.0001,1.3736030585229781,0.02515295840547479,16.483236702275743
0.1625755666443795,1.0,2e-05,0.1,0.0001,1.3736030585229781,0.02515295840547479,16.483236702275743
0.1625755666443795,1.0,2.51e-05,0.1,0.00016666666666666666,1.3736030585229781,0.02515295840547479,27.472061170459565
0.1625755666443795,1.0,3.16e-05,0.1,0.0002666666666666667,1.3736030585229781,0.02515295840547479,43.955297872735315
0.1625755666443795,1.0,3.98e-05,0.1,0.0003,1.3736030585229781,0.02515295840547479,49.44971010682721
0.1625755666443795,1.0,5.01e-05,0.1,0.0005666666666666667,1.3736030585229781,0.02515295840547479,93.40500797956253
0.1625755666443795,1.0,6.31e-05,0.1,0.0009333333333333333,1.3736030585229781,0.02515295840547479,153.84354255457356
0.1625755666443795,1.0,7.94e-05,0.1,0.0018,1.3736030585229781,0.02515295840547479,296.69826064096327
0.1625755666443795,1.0,0.0001,0.1,0.0026666666666666666,1.3736030585229781,0.02515295840547479,439.55297872735304
0.1625755666443795,1.0,0.000126,0.1,0.0038666666666666667,1.3736030585229781,0.02515295840547479,637.3518191546619
0.1625755666443795,1.0,0.000158,0.1,0.005,1.3736030585229781,0.02515295840547479,824.161835113787
0.1625755666443795,1.0,0.0002,0.1,0.006533333333333334,1.3736030585229781,0.02515295840547479,1076.9047978820151
0.1625755666443795,1.0,0.000251,0.1,0.007533333333333334,1.3736030585229781,0.02515295840547479,1241.7371649047725
0.1625755666443795,1.0,0.000316,0.1,0.008166666666666666,1.3736030585229781,0.02515295840547479,1346.1309973525185
0.1625755666443795,1.0,0.000398,0.1,0.0066,1.3736030585229781,0.02515295840547479,1087.8936223501987
0.1625755666443795,1.0,0.000501,0.1,0.004733333333333333,1.3736030585229781,0.02515295840547479,780.2065372410517
0.1625755666443795,1.0,0.000631,0.1,0.0025,1.3736030585229781,0.02515295840547479,412.0809175568935
0.1625755666443795,1.0,0.000794,0.1,0.0006666666666666666,1.3736030585229781,0.02515295840547479,109.88824468183826
0.1625755666443795,1.0,0.001,0.1,0.0002,1.3736030585229781,0.02515295840547479,32.966473404551486
0.1625755666443795,1.0,0.00126,0.1,3.3333333333333335e-05,1.3736030585229781,0.02515295840547479,5.494412234091914
0.1625755666443795,1.0,0.00158,0.1,0.0,1.3736030585229781,0.02515295840547479,0.0
0.1625755666443795,1.0,0.002,0.1,0.0,1.3736030585229781,0.02515295840547479,0.0
0.1625755666443795,1.0,0.00251,0.1,0.0,1.3736030585229781,0.02515295840547479,0.0
0.1625755666443795,1.0,0.00316,0.1,0.0,1.3736030585229781,0.02515295840547479,0.0
0.1625755666443795,1.0,0.00398,0.1,0.0,1.3736030585229781,0.02515295840547479,0.0
0.1625755666443795,1.0,0.00501,0.1,0.0,1.3736030585229781,0.02515295840547479,0.0
0.1625755666443795,1.0,0.00631,0.1,0.0,1.3736030585229781,0.02515295840547479,0.0
0.17027691722258995,1.0,1e-06,0.1,0.0,1.5031561282199315,0.027525290756636723,0.0
0.17027691722258995,1.0,1.26e-06,0.1,0.0,1.5031561282199315,0.027525290756636723,0.0
0.17027691722258995,1.0,1.58e-06,0.1,0.0,1.5031561282199315,0.027525290756636723,0.0
0.17027691722258995,1.0,2e-06,0.1,0.0,1.5031561282199315,0.027525290756636723,0.0
0.17027691722258995,1.0,2.51e-06,0.1,0.0,1.5031561282199315,0.027525290756636723,0.0
0.17027691722258995,1.0,3.16e-06,0.1,0.0,1.5031561282199315,0.027525290756636723,0.0
0.17027691722258995,1.0,3.98e-06,0.1,0.0,1.5031561282199315,0.027525290756636723,0.0
0.17027691722258995,1.0,1.58e-05,0.1,0.0001,1.5031561282199315,0.027525290756636723,18.03787353863918
0.17027691722258995,1.0,2e-05,0.1,0.0001,1.5031561282199315,0.027525290756636723,18.03787353863918
0.17027691722258995,1.0,2.51e-05,0.1,0.00016666666666666666,1.5031561282199315,0.027525290756636723,30.06312256439863
0.17027691722258995,1.0,3.16e-05,0.1,0.0002666666666666667,1.5031561282199315,0.027525290756636723,48.10099610303781
0.17027691722258995,1.0,3.98e-05,0.1,0.0003,1.5031561282199315,0.027525290756636723,54.113620615917526
0.17027691722258995,1.0,5.01e-05,0.1,0.0005666666666666667,1.5031561282199315,0.027525290756636723,102.21461671895536
0.17027691722258995,1.0,6.31e-05,0.1,0.0009333333333333333,1.5031561282199315,0.027525290756636723,168.35348636063233
0.17027691722258995,1.0,7.94e-05,0.1,0.0018,1.5031561282199315,0.027525290756636723,324.68172369550524
0.17027691722258995,1.0,0.0001,0.1,0.0026666666666666666,1.5031561282199315,0.027525290756636723,481.00996103037807
0.17027691722258995,1.0,0.000126,0.1,0.0038666666666666667,1.5031561282199315,0.027525290756636723,697.4644434940483
0.17027691722258995,1.0,0.000158,0.1,0.005,1.5031561282199315,0.027525290756636723,901.8936769319589
0.17027691722258995,1.0,0.0002,0.1,0.006533333333333334,1.5031561282199315,0.027525290756636723,1178.4744045244263
0.17027691722258995,1.0,0.000251,0.1,0.007533333333333334,1.5031561282199315,0.027525290756636723,1358.853139910818
0.17027691722258995,1.0,0.000316,0.1,0.008166666666666666,1.5031561282199315,0.027525290756636723,1473.0930056555328
0.17027691722258995,1.0,0.000398,0.1,0.0066,1.5031561282199315,0.027525290756636723,1190.4996535501857
0.17027691722258995,1.0,0.000501,0.1,0.004733333333333333,1.5031561282199315,0.027525290756636723,853.7926808289211
0.17027691722258995,1.0,0.000631,0.1,0.0025,1.5031561282199315,0.027525290756636723,450.94683846597945
0.17027691722258995,1.0,0.000794,0.1,0.0006666666666666666,1.5031561282199315,0.027525290756636723,120.25249025759452
0.17027691722258995,1.0,0.001,0.1,0.0002,1.5031561282199315,0.027525290756636723,36.07574707727836
0.17027691722258995,1.0,0.00126,0.1,3.3333333333333335e-05,1.5031561282199315,0.027525290756636723,6.012624512879726
0.17027691722258995,1.0,0.00158,0.1,0.0,1.5031561282199315,0.027525290756636723,0.0
0.17027691722258995,1.0,0.002,0.1,0.0,1.5031561282199315,0.027525290756636723,0.0
0.17027691722258995,1.0,0.00251,0.1,0.0,1.5031561282199315,0.027525290756636723,0.0
0.17027691722258995,1.0,0.00316,0.1,0.0,1.5031561282199315,0.027525290756636723,0.0
0.17027691722258995,1.0,0.00398,0.1,0.0,1.5031561282199315,0.027525290756636723,0.0
0.17027691722258995,1.0,0.00501,0.1,0.0,1.5031561282199315,0.027525290756636723,0.0
0.17027691722258995,1.0,0.00631,0.1,0.0,1.5031561282199315,0.027525290756636723,0.0
0.17834308769319093,1.0,1e-06,0.1,0.0,1.6445506941612058,0.030114460614561543,0.0
0.17834308769319093,1.0,1.26e-06,0.1,0.0,1.6445506941612058,0.030114460614561543,0.0
0.17834308769319093,1.0,1.58e-06,0.1,0.0,1.6445506941612058,0.030114460614561543,0.0
0.17834308769319093,1.0,2e-06,0.1,0.0,1.6445506941612058,0.030114460614561543,0.0
0.17834308769319093,1.0,2.51e-06,0.1,0.0,1.6445506941612058,0.030114460614561543,0.0
0.17834308769319093,1.0,3.16e-06,0.1,0.0,1.6445506941612058,0.030114460614561543,0.0
0.17834308769319093,1.0,3.98e-06,0.1,0.0,1.6445506941612058,0.030114460614561543,0.0
0.17834308769319093,1.0,1.58e-05,0.1,0.0001,1.6445506941612058,0.030114460614561543,19.734608329934474
0.17834308769319093,1.0,2e-05,0.1,0.0001,1.6445506941612058,0.030114460614561543,19.734608329934474
0.17834308769319093,1.0,2.51e-05,0.1,0.00016666666666666666,1.6445506941612058,0.030114460614561543,32.89101388322412
0.17834308769319093,1.0,3.16e-05,0.1,0.0002666666666666667,1.6445506941612058,0.030114460614561543,52.62562221315859
0.17834308769319093,1.0,3.98e-05,0.1,0.0003,1.6445506941612058,0.030114460614561543,59.203824989803415
0.17834308769319093,1.0,5.01e-05,0.1,0.0005666666666666667,1.6445506941612058,0.030114460614561543,111.829447202962
0.17834308769319093,1.0,6.31e-05,0.1,0.0009333333333333333,1.6445506941612058,0.030114460614561543,184.18967774605505
0.17834308769319093,1.0,7.94e-05,0.1,0.0018,1.6445506941612058,0.030114460614561543,355.2229499388205
0.17834308769319093,1.0,0.0001,0.1,0.0026666666666666666,1.6445506941612058,0.030114460614561543,526.2562221315859
0.17834308769319093,1.0,0.000126,0.1,0.0038666666666666667,1.6445506941612058,0.030114460614561543,763.0715220907996
0.17834308769319093,1.0,0.000158,0.1,0.005,1.6445506941612058,0.030114460614561543,986.7304164967236
0.17834308769319093,1.0,0.0002,0.1,0.006533333333333334,1.6445506941612058,0.030114460614561543,1289.3277442223855
0.17834308769319093,1.0,0.000251,0.1,0.007533333333333334,1.6445506941612058,0.030114460614561543,1486.6738275217303
0.17834308769319093,1.0,0.000316,0.1,0.008166666666666666,1.6445506941612058,0.030114460614561543,1611.6596802779816
0.17834308769319093,1.0,0.000398,0.1,0.0066,1.6445506941612058,0.030114460614561543,1302.4841497756752
0.17834308769319093,1.0,0.000501,0.1,0.004733333333333333,1.6445506941612058,0.030114460614561543,934.1047942835651
0.17834308769319093,1.0,0.000631,0.1,0.0025,1.6445506941612058,0.030114460614561543,493.3652082483618
0.17834308769319093,1.0,0.000794,0.1,0.0006666666666666666,1.6445506941612058,0.030114460614561543,131.56405553289648
0.17834308769319093,1.0,0.001,0.1,0.0002,1.6445506941612058,0.030114460614561543,39.46921665986895
0.17834308769319093,1.0,0.00126,0.1,3.3333333333333335e-05,1.6445506941612058,0.030114460614561543,6.578202776644824
0.17834308769319093,1.0,0.00158,0.1,0.0,1.6445506941612058,0.030114460614561543,0.0
0.17834308769319093,1.0,0.002,0.1,0.0,1.6445506941612058,0.030114460614561543,0.0
0.17834308769319093,1.0,0.00251,0.1,0.0,1.6445506941612058,0.030114460614561543,0.0
0.17834308769319093,1.0,0.00316,0.1,0.0,1.6445506941612058,0.030114460614561543,0.0
0.17834308769319093,1.0,0.00398,0.1,0.0,1.6445506941612058,0.030114460614561543,0.0
0.17834308769319093,1.0,0.00501,0.1,0.0,1.6445506941612058,0.030114460614561543,0.0
0.17834308769319093,1.0,0.00631,0.1,0.0,1.6445506941612058,0.030114460614561543,0.0
0.1867913599020783,1.0,1e-06,0.1,0.0,1.798795059664564,0.03293893169134891,0.0
0.1867913599020783,1.0,1.26e-06,0.1,0.0,1.798795059664564,0.03293893169134891,0.0
0.1867913599020783,1.0,1.58e-06,0.1,0.0,1.798795059664564,0.03293893169134891,0.0
0.1867913599020783,1.0,2e-06,0.1,0.0,1.798795059664564,0.03293893169134891,0.0
0.1867913599020783,1.0,2.51e-06,0.1,0.0,1.798795059664564,0.03293893169134891,0.0
0.1867913599020783,1.0,3.16e-06,0.1,0.0,1.798795059664564,0.03293893169134891,0.0
0.1867913599020783,1.0,3.98e-06,0.1,0.0,1.798795059664564,0.03293893169134891,0.0
0.1867913599020783,1.0,1.58e-05,0.1,0.0001,1.798795059664564,0.03293893169134891,21.585540715974773
0.1867913599020783,1.0,2e-05,0.1,0.0001,1.798795059664564,0.03293893169134891,21.585540715974773
0.1867913599020783,1.0,2.51e-05,0.1,0.00016666666666666666,1.798795059664564,0.03293893169134891,35.975901193291286
0.1867913599020783,1.0,3.16e-05,0.1,0.0002666666666666667,1.798795059664564,0.03293893169134891,57.56144190926606
0.1867913599020783,1.0,3.98e-05,0.1,0.0003,1.798795059664564,0.03293893169134891,64.7566221479243
0.1867913599020783,1.0,5.01e-05,0.1,0.0005666666666666667,1.798795059664564,0.03293893169134891,122.31806405719038
0.1867913599020783,1.0,6.31e-05,0.1,0.0009333333333333333,1.798795059664564,0.03293893169134891,201.4650466824312
0.1867913599020783,1.0,7.94e-05,0.1,0.0018,1.798795059664564,0.03293893169134891,388.5397328875458
0.1867913599020783,1.0,0.0001,0.1,0.0026666666666666666,1.798795059664564,0.03293893169134891,575.6144190926606
0.1867913599020783,1.0,0.000126,0.1,0.0038666666666666667,1.798795059664564,0.03293893169134891,834.6409076843579
0.1867913599020783,1.0,0.000158,0.1,0.005,1.798795059664564,0.03293893169134891,1079.2770357987386
0.1867913599020783,1.0,0.0002,0.1,0.006533333333333334,1.798795059664564,0.03293893169134891,1410.2553267770184
0.1867913599020783,1.0,0.000251,0.1,0.007533333333333334,1.798795059664564,0.03293893169134891,1626.110733936766
0.1867913599020783,1.0,0.000316,0.1,0.008166666666666666,1.798795059664564,0.03293893169134891,1762.8191584712729
0.1867913599020783,1.0,0.000398,0.1,0.0066,1.798795059664564,0.03293893169134891,1424.645687254335
0.1867913599020783,1.0,0.000501,0.1,0.004733333333333333,1.798795059664564,0.03293893169134891,1021.7155938894725
0.1867913599020783,1.0,0.000631,0.1,0.0025,1.798795059664564,0.03293893169134891,539.6385178993693
0.1867913599020783,1.0,0.000794,0.1,0.0006666666666666666,1.798795059664564,0.03293893169134891,143.90360477316514
0.1867913599020783,1.0,0.001,0.1,0.0002,1.798795059664564,0.03293893169134891,43.171081431949546
0.1867913599020783,1.0,0.00126,0.1,3.3333333333333335e-05,1.798795059664564,0.03293893169134891,7.195180238658257
0.1867913599020783,1.0,0.00158,0.1,0.0,1.798795059664564,0.03293893169134891,0.0
0.1867913599020783,1.0,0.002,0.1,0.0,1.798795059664564,0.03293893169134891,0.0
0.1867913599020783,1.0,0.00251,0.1,0.0,1.798795059664564,0.03293893169134891,0.0
0.1867913599020783,1.0,0.00316,0.1,0.0,1.798795059664564,0.03293893169134891,0.0
0.1867913599020783,1.0,0.00398,0.1,0.0,1.798795059664564,0.03293893169134891,0.0
0.1867913599020783,1.0,0.00501,0.1,0.0,1.798795059664564,0.03293893169134891,0.0
0.1867913599020783,1.0,0.00631,0.1,0.0,1.798795059664564,0.03293893169134891,0.0
0.19563983435170648,1.0,1e-06,0.1,0.0,1.9669689379413826,0.036018475333114496,0.0
0.19563983435170648,1.0,1.26e-06,0.1,0.0,1.9669689379413826,0.036018475333114496,0.0
0.19563983435170648,1.0,1.58e-06,0.1,0.0,1.9669689379413826,0.036018475333114496,0.0
0.19563983435170648,1.0,2e-06,0.1,0.0,1.9669689379413826,0.036018475333114496,0.0
0.19563983435170648,1.0,2.51e-06,0.1,0.0,1.9669689379413826,0.036018475333114496,0.0
0.19563983435170648,1.0,3.16e-06,0.1,0.0,1.9669689379413826,0.036018475333114496,0.0
0.19563983435170648,1.0,3.98e-06,0.1,0.0,1.9669689379413826,0.036018475333114496,0.0
0.19563983435170648,1.0,1.58e-05,0.1,0.0001,1.9669689379413826,0.036018475333114496,23.603627255296594
0.19563983435170648,1.0,2e-05,0.1,0.0001,1.9669689379413826,0.036018475333114496,23.603627255296594
0.19563983435170648,1.0,2.51e-05,0.1,0.00016666666666666666,1.9669689379413826,0.036018475333114496,39.33937875882765
0.19563983435170648,1.0,3.16e-05,0.1,0.0002666666666666667,1.9669689379413826,0.036018475333114496,62.943006014124244
0.19563983435170648,1.0,3.98e-05,0.1,0.0003,1.9669689379413826,0.036018475333114496,70.81088176588977
0.19563983435170648,1.0,5.01e-05,0.1,0.0005666666666666667,1.9669689379413826,0.036018475333114496,133.75388778001403
0.19563983435170648,1.0,6.31e-05,0.1,0.0009333333333333333,1.9669689379413826,0.036018475333114496,220.30052104943485
0.19563983435170648,1.0,7.94e-05,0.1,0.0018,1.9669689379413826,0.036018475333114496,424.8652905953386
0.19563983435170648,1.0,0.0001,0.1,0.0026666666666666666,1.9669689379413826,0.036018475333114496,629.4300601412424
0.19563983435170648,1.0,0.000126,0.1,0.0038666666666666667,1.9669689379413826,0.036018475333114496,912.6735872048016
0.19563983435170648,1.0,0.000158,0.1,0.005,1.9669689379413826,0.036018475333114496,1180.1813627648296
0.19563983435170648,1.0,0.0002,0.1,0.006533333333333334,1.9669689379413826,0.036018475333114496,1542.1036473460442
0.19563983435170648,1.0,0.000251,0.1,0.007533333333333334,1.9669689379413826,0.036018475333114496,1778.1399198990102
0.19563983435170648,1.0,0.000316,0.1,0.008166666666666666,1.9669689379413826,0.036018475333114496,1927.6295591825547
0.19563983435170648,1.0,0.000398,0.1,0.0066,1.9669689379413826,0.036018475333114496,1557.839398849575
0.19563983435170648,1.0,0.000501,0.1,0.004733333333333333,1.9669689379413826,0.036018475333114496,1117.2383567507054
0.19563983435170648,1.0,0.000631,0.1,0.0025,1.9669689379413826,0.036018475333114496,590.0906813824148
0.19563983435170648,1.0,0.000794,0.1,0.0006666666666666666,1.9669689379413826,0.036018475333114496,157.3575150353106
0.19563983435170648,1.0,0.001,0.1,0.0002,1.9669689379413826,0.036018475333114496,47.20725451059319
0.19563983435170648,1.0,0.00126,0.1,3.3333333333333335e-05,1.9669689379413826,0.036018475333114496,7.8678757517655304
0.19563983435170648,1.0,0.00158,0.1,0.0,1.9669689379413826,0.036018475333114496,0.0
0.19563983435170648,1.0,0.002,0.1,0.0,1.9669689379413826,0.036018475333114496,0.0
0.19563983435170648,1.0,0.00251,0.1,0.0,1.9669689379413826,0.036018475333114496,0.0
0.19563983435170648,1.0,0.00316,0.1,0.0,1.9669689379413826,0.036018475333114496,0.0
0.19563983435170648,1.0,0.00398,0.1,0.0,1.9669689379413826,0.036018475333114496,0.0
0.19563983435170648,1.0,0.00501,0.1,0.0,1.9669689379413826,0.036018475333114496,0.0
0.19563983435170648,1.0,0.00631,0.1,0.0,1.9669689379413826,0.036018475333114496,0.0
0.20490746898158482,1.0,1e-06,0.1,0.0,2.1502256483407423,0.03937421073687497,0.0
0.20490746898158482,1.0,1.26e-06,0.1,0.0,2.1502256483407423,0.03937421073687497,0.0
0.20490746898158482,1.0,1.58e-06,0.1,0.0,2.1502256483407423,0.03937421073687497,0.0
0.20490746898158482,1.0,2e-06,0.1,0.0,2.1502256483407423,0.03937421073687497,0.0
0.20490746898158482,1.0,2.51e-06,0.1,0.0,2.1502256483407423,0.03937421073687497,0.0
0.20490746898158482,1.0,3.16e-06,0.1,0.0,2.1502256483407423,0.03937421073687497,0.0
0.20490746898158482,1.0,3.98e-06,0.1,0.0,2.1502256483407423,0.03937421073687497,0.0
0.20490746898158482,1.0,1.58e-05,0.1,0.0001,2.1502256483407423,0.03937421073687497,25.802707780088912
0.20490746898158482,1.0,2e-05,0.1,0.0001,2.1502256483407423,0.03937421073687497,25.802707780088912
0.20490746898158482,1.0,2.51e-05,0.1,0.00016666666666666666,2.1502256483407423,0.03937421073687497,43.00451296681484
0.20490746898158482,1.0,3.16e-05,0.1,0.0002666666666666667,2.1502256483407423,0.03937421073687497,68.80722074690377
0.20490746898158482,1.0,3.98e-05,0.1,0.0003,2.1502256483407423,0.03937421073687497,77.40812334026673
0.20490746898158482,1.0,5.01e-05,0.1,0.0005666666666666667,2.1502256483407423,0.03937421073687497,146.21534408717048
0.20490746898158482,1.0,6.31e-05,0.1,0.0009333333333333333,2.1502256483407423,0.03937421073687497,240.82527261416314
0.20490746898158482,1.0,7.94e-05,0.1,0.0018,2.1502256483407423,0.03937421073687497,464.4487400416004
0.20490746898158482,1.0,0.0001,0.1,0.0026666666666666666,2.1502256483407423,0.03937421073687497,688.0722074690375
0.20490746898158482,1.0,0.000126,0.1,0.0038666666666666667,2.1502256483407423,0.03937421073687497,997.7047008301045
0.20490746898158482,1.0,0.000158,0.1,0.005,2.1502256483407423,0.03937421073687497,1290.1353890044456
0.20490746898158482,1.0,0.0002,0.1,0.006533333333333334,2.1502256483407423,0.03937421073687497,1685.7769082991422
0.20490746898158482,1.0,0.000251,0.1,0.007533333333333334,2.1502256483407423,0.03937421073687497,1943.8039861000311
0.20490746898158482,1.0,0.000316,0.1,0.008166666666666666,2.1502256483407423,0.03937421073687497,2107.221135373927
0.20490746898158482,1.0,0.000398,0.1,0.0066,2.1502256483407423,0.03937421073687497,1702.978713485868
0.20490746898158482,1.0,0.000501,0.1,0.004733333333333333,2.1502256483407423,0.03937421073687497,1221.3281682575416
0.20490746898158482,1.0,0.000631,0.1,0.0025,2.1502256483407423,0.03937421073687497,645.0676945022228
0.20490746898158482,1.0,0.000794,0.1,0.0006666666666666666,2.1502256483407423,0.03937421073687497,172.01805186725937
0.20490746898158482,1.0,0.001,0.1,0.0002,2.1502256483407423,0.03937421073687497,51.605415560177825
0.20490746898158482,1.0,0.00126,0.1,3.3333333333333335e-05,2.1502256483407423,0.03937421073687497,8.60090259336297
0.20490746898158482,1.0,0.00158,0.1,0.0,2.1502256483407423,0.03937421073687497,0.0
0.20490746898158482,1.0,0.002,0.1,0.0,2.1502256483407423,0.03937421073687497,0.0
0.20490746898158482,1.0,0.00251,0.1,0.0,2.1502256483407423,0.03937421073687497,0.0
0.20490746898158482,1.0,0.00316,0.1,0.0,2.1502256483407423,0.03937421073687497,0.0
0.20490746898158482,1.0,0.00398,0.1,0.0,2.1502256483407423,0.03937421073687497,0.0
0.20490746898158482,1.0,0.00501,0.1,0.0,2.1502256483407423,0.03937421073687497,0.0
0.20490746898158482,1.0,0.00631,0.1,0.0,2.1502256483407423,0.03937421073687497,0.0
0.21461411978584036,1.0,1e-06,0.1,0.0,2.349793748887907,0.04302863484504499,0.0
0.21461411978584036,1.0,1.26e-06,0.1,0.0,2.349793748887907,0.04302863484504499,0.0
0.21461411978584036,1.0,1.58e-06,0.1,0.0,2.349793748887907,0.04302863484504499,0.0
0.21461411978584036,1.0,2e-06,0.1,0.0,2.349793748887907,0.04302863484504499,0.0
0.21461411978584036,1.0,2.51e-06,0.1,0.0,2.349793748887907,0.04302863484504499,0.0
0.21461411978584036,1.0,3.16e-06,0.1,0.0,2.349793748887907,0.04302863484504499,0.0
0.21461411978584036,1.0,3.98e-06,0.1,0.0,2.349793748887907,0.04302863484504499,0.0
0.21461411978584036,1.0,1.58e-05,0.1,0.0001,2.349793748887907,0.04302863484504499,28.197524986654884
0.21461411978584036,1.0,2e-05,0.1,0.0001,2.349793748887907,0.04302863484504499,28.197524986654884
0.21461411978584036,1.0,2.51e-05,0.1,0.00016666666666666666,2.349793748887907,0.04302863484504499,46.99587497775814
0.21461411978584036,1.0,3.16e-05,0.1,0.0002666666666666667,2.349793748887907,0.04302863484504499,75.19339996441303
0.21461411978584036,1.0,3.98e-05,0.1,0.0003,2.349793748887907,0.04302863484504499,84.59257495996465
0.21461411978584036,1.0,5.01e-05,0.1,0.0005666666666666667,2.349793748887907,0.04302863484504499,159.78597492437768
0.21461411978584036,1.0,6.31e-05,0.1,0.0009333333333333333,2.349793748887907,0.04302863484504499,263.1768998754456
0.21461411978584036,1.0,7.94e-05,0.1,0.0018,2.349793748887907,0.04302863484504499,507.55544975978796
0.21461411978584036,1.0,0.0001,0.1,0.0026666666666666666,2.349793748887907,0.04302863484504499,751.9339996441303
0.21461411978584036,1.0,0.000126,0.1,0.0038666666666666667,2.349793748887907,0.04302863484504499,1090.3042994839889
0.21461411978584036,1.0,0.000158,0.1,0.005,2.349793748887907,0.04302863484504499,1409.8762493327442
0.21461411978584036,1.0,0.0002,0.1,0.006533333333333334,2.349793748887907,0.04302863484504499,1842.2382991281193
0.21461411978584036,1.0,0.000251,0.1,0.007533333333333334,2.349793748887907,0.04302863484504499,2124.213548994668
0.21461411978584036,1.0,0.000316,0.1,0.008166666666666666,2.349793748887907,0.04302863484504499,2302.7978739101486
0.21461411978584036,1.0,0.000398,0.1,0.0066,2.349793748887907,0.04302863484504499,1861.0366491192226
0.21461411978584036,1.0,0.000501,0.1,0.004733333333333333,2.349793748887907,0.04302863484504499,1334.6828493683313
0.21461411978584036,1.0,0.000631,0.1,0.0025,2.349793748887907,0.04302863484504499,704.9381246663721
0.21461411978584036,1.0,0.000794,0.1,0.0006666666666666666,2.349793748887907,0.04302863484504499,187.98349991103257
0.21461411978584036,1.0,0.001,0.1,0.0002,2.349793748887907,0.04302863484504499,56.39504997330977
0.21461411978584036,1.0,0.00126,0.1,3.3333333333333335e-05,2.349793748887907,0.04302863484504499,9.399174995551629
0.21461411978584036,1.0,0.00158,0.1,0.0,2.349793748887907,0.04302863484504499,0.0
0.21461411978584036,1.0,0.002,0.1,0.0,2.349793748887907,0.04302863484504499,0.0
0.21461411978584036,1.0,0.00251,0.1,0.0,2.349793748887907,0.04302863484504499,0.0
0.21461411978584036,1.0,0.00316,0.1,0.0,2.349793748887907,0.04302863484504499,0.0
0.21461411978584036,1.0,0.00398,0.1,0.0,2.349793748887907,0.04302863484504499,0.0
0.21461411978584036,1.0,0.00501,0.1,0.0,2.349793748887907,0.04302863484504499,0.0
0.21461411978584036,1.0,0.00631,0.1,0.0,2.349793748887907,0.04302863484504499,0.0
0.22478058335487253,1.0,1e-06,0.1,0.0,2.566977944187908,0.047005638970663025,0.0
0.22478058335487253,1.0,1.26e-06,0.1,0.0,2.566977944187908,0.047005638970663025,0.0
0.22478058335487253,1.0,1.58e-06,0.1,0.0,2.566977944187908,0.047005638970663025,0.0
0.22478058335487253,1.0,2e-06,0.1,0.0,2.566977944187908,0.047005638970663025,0.0
0.22478058335487253,1.0,2.51e-06,0.1,0.0,2.566977944187908,0.047005638970663025,0.0
0.22478058335487253,1.0,3.16e-06,0.1,0.0,2.566977944187908,0.047005638970663025,0.0
0.22478058335487253,1.0,3.98e-06,0.1,0.0,2.566977944187908,0.047005638970663025,0.0
0.22478058335487253,1.0,1.58e-05,0.1,0.0001,2.566977944187908,0.047005638970663025,30.8037353302549
0.22478058335487253,1.0,2e-05,0.1,0.0001,2.566977944187908,0.047005638970663025,30.8037353302549
0.22478058335487253,1.0,2.51e-05,0.1,0.00016666666666666666,2.566977944187908,0.047005638970663025,51.339558883758166
0.22478058335487253,1.0,3.16e-05,0.1,0.0002666666666666667,2.566977944187908,0.047005638970663025,82.14329421401307
0.22478058335487253,1.0,3.98e-05,0.1,0.0003,2.566977944187908,0.047005638970663025,92.41120599076469
0.22478058335487253,1.0,5.01e-05,0.1,0.0005666666666666667,2.566977944187908,0.047005638970663025,174.55450020477778
0.22478058335487253,1.0,6.31e-05,0.1,0.0009333333333333333,2.566977944187908,0.047005638970663025,287.5015297490457
0.22478058335487253,1.0,7.94e-05,0.1,0.0018,2.566977944187908,0.047005638970663025,554.4672359445881
0.22478058335487253,1.0,0.0001,0.1,0.0026666666666666666,2.566977944187908,0.047005638970663025,821.4329421401306
0.22478058335487253,1.0,0.000126,0.1,0.0038666666666666667,2.566977944187908,0.047005638970663025,1191.0777661031896
0.22478058335487253,1.0,0.000158,0.1,0.005,2.566977944187908,0.047005638970663025,1540.186766512745
0.22478058335487253,1.0,0.0002,0.1,0.006533333333333334,2.566977944187908,0.047005638970663025,2012.5107082433203
0.22478058335487253,1.0,0.000251,0.1,0.007533333333333334,2.566977944187908,0.047005638970663025,2320.548061545869
0.22478058335487253,1.0,0.000316,0.1,0.008166666666666666,2.566977944187908,0.047005638970663025,2515.63838530415
0.22478058335487253,1.0,0.000398,0.1,0.0066,2.566977944187908,0.047005638970663025,2033.0465317968233
0.22478058335487253,1.0,0.000501,0.1,0.004733333333333333,2.566977944187908,0.047005638970663025,1458.043472298732
0.22478058335487253,1.0,0.000631,0.1,0.0025,2.566977944187908,0.047005638970663025,770.0933832563725
0.22478058335487253,1.0,0.000794,0.1,0.0006666666666666666,2.566977944187908,0.047005638970663025,205.35823553503266
0.22478058335487253,1.0,0.001,0.1,0.0002,2.566977944187908,0.047005638970663025,61.6074706605098
0.22478058335487253,1.0,0.00126,0.1,3.3333333333333335e-05,2.566977944187908,0.047005638970663025,10.267911776751633
0.22478058335487253,1.0,0.00158,0.1,0.0,2.566977944187908,0.047005638970663025,0.0
0.22478058335487253,1.0,0.002,0.1,0.0,2.566977944187908,0.047005638970663025,0.0
0.22478058335487253,1.0,0.00251,0.1,0.0,2.566977944187908,0.047005638970663025,0.0
0.22478058335487253,1.0,0.00316,0.1,0.0,2.566977944187908,0.047005638970663025,0.0
0.22478058335487253,1.0,0.00398,0.1,0.0,2.566977944187908,0.047005638970663025,0.0
0.22478058335487253,1.0,0.00501,0.1,0.0,2.566977944187908,0.047005638970663025,0.0
0.22478058335487253,1.0,0.00631,0.1,0.0,2.566977944187908,0.047005638970663025,0.0
0.2354286414322418,1.0,1e-06,0.1,0.0,2.8031590840709955,0.05133050877258736,0.0
0.2354286414322418,1.0,1.26e-06,0.1,0.0,2.8031590840709955,0.05133050877258736,0.0
0.2354286414322418,1.0,1.58e-06,0.1,0.0,2.8031590840709955,0.05133050877258736,0.0
0.2354286414322418,1.0,2e-06,0.1,0.0,2.8031590840709955,0.05133050877258736,0.0
0.2354286414322418,1.0,2.51e-06,0.1,0.0,2.8031590840709955,0.05133050877258736,0.0
0.2354286414322418,1.0,3.16e-06,0.1,0.0,2.8031590840709955,0.05133050877258736,0.0
0.2354286414322418,1.0,3.98e-06,0.1,0.0,2.8031590840709955,0.05133050877258736,0.0
0.2354286414322418,1.0,1.58e-05,0.1,0.0001,2.8031590840709955,0.05133050877258736,33.63790900885195
0.2354286414322418,1.0,2e-05,0.1,0.0001,2.8031590840709955,0.05133050877258736,33.63790900885195
0.2354286414322418,1.0,2.51e-05,0.1,0.00016666666666666666,2.8031590840709955,0.05133050877258736,56.063181681419906
0.2354286414322418,1.0,3.16e-05,0.1,0.0002666666666666667,2.8031590840709955,0.05133050877258736,89.70109069027187
0.2354286414322418,1.0,3.98e-05,0.1,0.0003,2.8031590840709955,0.05133050877258736,100.91372702655583
0.2354286414322418,1.0,5.01e-05,0.1,0.0005666666666666667,2.8031590840709955,0.05133050877258736,190.6148177168277
0.2354286414322418,1.0,6.31e-05,0.1,0.0009333333333333333,2.8031590840709955,0.05133050877258736,313.9538174159515
0.2354286414322418,1.0,7.94e-05,0.1,0.0018,2.8031590840709955,0.05133050877258736,605.482362159335
0.2354286414322418,1.0,0.0001,0.1,0.0026666666666666666,2.8031590840709955,0.05133050877258736,897.0109069027185
0.2354286414322418,1.0,0.000126,0.1,0.0038666666666666667,2.8031590840709955,0.05133050877258736,1300.665815008942
0.2354286414322418,1.0,0.000158,0.1,0.005,2.8031590840709955,0.05133050877258736,1681.8954504425974
0.2354286414322418,1.0,0.0002,0.1,0.006533333333333334,2.8031590840709955,0.05133050877258736,2197.6767219116605
0.2354286414322418,1.0,0.000251,0.1,0.007533333333333334,2.8031590840709955,0.05133050877258736,2534.05581200018
0.2354286414322418,1.0,0.000316,0.1,0.008166666666666666,2.8031590840709955,0.05133050877258736,2747.0959023895757
0.2354286414322418,1.0,0.000398,0.1,0.0066,2.8031590840709955,0.05133050877258736,2220.1019945842286
0.2354286414322418,1.0,0.000501,0.1,0.004733333333333333,2.8031590840709955,0.05133050877258736,1592.1943597523255
0.2354286414322418,1.0,0.000631,0.1,0.0025,2.8031590840709955,0.05133050877258736,840.9477252212987
0.2354286414322418,1.0,0.000794,0.1,0.0006666666666666666,2.8031590840709955,0.05133050877258736,224.25272672567962
0.2354286414322418,1.0,0.001,0.1,0.0002,2.8031590840709955,0.05133050877258736,67.2758180177039
0.2354286414322418,1.0,0.00126,0.1,3.3333333333333335e-05,2.8031590840709955,0.05133050877258736,11.212636336283984
0.2354286414322418,1.0,0.00158,0.1,0.0,2.8031590840709955,0.05133050877258736,0.0
0.2354286414322418,1.0,0.002,0.1,0.0,2.8031590840709955,0.05133050877258736,0.0
0.2354286414322418,1.0,0.00251,0.1,0.0,2.8031590840709955,0.05133050877258736,0.0
0.2354286414322418,1.0,0.00316,0.1,0.0,2.8031590840709955,0.05133050877258736,0.0
0.2354286414322418,1.0,0.00398,0.1,0.0,2.8031590840709955,0.05133050877258736,0.0
0.2354286414322418,1.0,0.00501,0.1,0.0,2.8031590840709955,0.05133050877258736,0.0
0.2354286414322418,1.0,0.00631,0.1,0.0,2.8031590840709955,0.05133050877258736,0.0
0.2465811075822604,1.0,1e-06,0.1,0.0,3.059793043885247,0.05602990375178991,0.0
0.2465811075822604,1.0,1.26e-06,0.1,0.0,3.059793043885247,0.05602990375178991,0.0
0.2465811075822604,1.0,1.58e-06,0.1,0.0,3.059793043885247,0.05602990375178991,0.0
0.2465811075822604,1.0,2e-06,0.1,0.0,3.059793043885247,0.05602990375178991,0.0
0.2465811075822604,1.0,2.51e-06,0.1,0.0,3.059793043885247,0.05602990375178991,0.0
0.2465811075822604,1.0,3.16e-06,0.1,0.0,3.059793043885247,0.05602990375178991,0.0
0.2465811075822604,1.0,3.98e-06,0.1,0.0,3.059793043885247,0.05602990375178991,0.0
0.2465811075822604,1.0,1.58e-05,0.1,0.0001,3.059793043885247,0.05602990375178991,36.717516526622966
0.2465811075822604,1.0,2e-05,0.1,0.0001,3.059793043885247,0.05602990375178991,36.717516526622966
0.2465811075822604,1.0,2.51e-05,0.1,0.00016666666666666666,3.059793043885247,0.05602990375178991,61.195860877704945
0.2465811075822604,1.0,3.16e-05,0.1,0.0002666666666666667,3.059793043885247,0.05602990375178991,97.91337740432793
0.2465811075822604,1.0,3.98e-05,0.1,0.0003,3.059793043885247,0.05602990375178991,110.1525495798689
0.2465811075822604,1.0,5.01e-05,0.1,0.0005666666666666667,3.059793043885247,0.05602990375178991,208.06592698419684
0.2465811075822604,1.0,6.31e-05,0.1,0.0009333333333333333,3.059793043885247,0.05602990375178991,342.6968209151477
0.2465811075822604,1.0,7.94e-05,0.1,0.0018,3.059793043885247,0.05602990375178991,660.9152974792135
0.2465811075822604,1.0,0.0001,0.1,0.0026666666666666666,3.059793043885247,0.05602990375178991,979.1337740432791
0.2465811075822604,1.0,0.000126,0.1,0.0038666666666666667,3.059793043885247,0.05602990375178991,1419.743972362755
0.2465811075822604,1.0,0.000158,0.1,0.005,3.059793043885247,0.05602990375178991,1835.8758263311483
0.2465811075822604,1.0,0.0002,0.1,0.006533333333333334,3.059793043885247,0.05602990375178991,2398.8777464060345
0.2465811075822604,1.0,0.000251,0.1,0.007533333333333334,3.059793043885247,0.05602990375178991,2766.052911672264
0.2465811075822604,1.0,0.000316,0.1,0.008166666666666666,3.059793043885247,0.05602990375178991,2998.5971830075423
0.2465811075822604,1.0,0.000398,0.1,0.0066,3.059793043885247,0.05602990375178991,2423.356090757116
0.2465811075822604,1.0,0.000501,0.1,0.004733333333333333,3.059793043885247,0.05602990375178991,1737.9624489268206
0.2465811075822604,1.0,0.000631,0.1,0.0025,3.059793043885247,0.05602990375178991,917.9379131655742
0.2465811075822604,1.0,0.000794,0.1,0.0006666666666666666,3.059793043885247,0.05602990375178991,244.78344351081978
0.2465811075822604,1.0,0.001,0.1,0.0002,3.059793043885247,0.05602990375178991,73.43503305324593
0.2465811075822604,1.0,0.00126,0.1,3.3333333333333335e-05,3.059793043885247,0.05602990375178991,12.239172175540991
0.2465811075822604,1.0,0.00158,0.1,0.0,3.059793043885247,0.05602990375178991,0.0
0.2465811075822604,1.0,0.002,0.1,0.0,3.059793043885247,0.05602990375178991,0.0
0.2465811075822604,1.0,0.00251,0.1,0.0,3.059793043885247,0.05602990375178991,0.0
0.2465811075822604,1.0,0.00316,0.1,0.0,3.059793043885247,0.05602990375178991,0.0
0.2465811075822604,1.0,0.00398,0.1,0.0,3.059793043885247,0.05602990375178991,0.0
0.2465811075822604,1.0,0.00501,0.1,0.0,3.059793043885247,0.05602990375178991,0.0
0.2465811075822604,1.0,0.00631,0.1,0.0,3.059793043885247,0.05602990375178991,0.0
0.2582618760682677,1.0,1e-06,0.1,0.0,3.3384082529158756,0.06113181199259981,0.0
0.2582618760682677,1.0,1.26e-06,0.1,0.0,3.3384082529158756,0.06113181199259981,0.0
0.2582618760682677,1.0,1.58e-06,0.1,0.0,3.3384082529158756,0.06113181199259981,0.0
0.2582618760682677,1.0,2e-06,0.1,0.0,3.3384082529158756,0.06113181199259981,0.0
0.2582618760682677,1.0,2.51e-06,0.1,0.0,3.3384082529158756,0.06113181199259981,0.0
0.2582618760682677,1.0,3.16e-06,0.1,0.0,3.3384082529158756,0.06113181199259981,0.0
0.2582618760682677,1.0,3.98e-06,0.1,0.0,3.3384082529158756,0.06113181199259981,0.0
0.2582618760682677,1.0,1.58e-05,0.1,0.0001,3.3384082529158756,0.06113181199259981,40.06089903499051
0.2582618760682677,1.0,2e-05,0.1,0.0001,3.3384082529158756,0.06113181199259981,40.06089903499051
0.2582618760682677,1.0,2.51e-05,0.1,0.00016666666666666666,3.3384082529158756,0.06113181199259981,66.7681650583175
0.2582618760682677,1.0,3.16e-05,0.1,0.0002666666666666667,3.3384082529158756,0.06113181199259981,106.82906409330802
0.2582618760682677,1.0,3.98e-05,0.1,0.0003,3.3384082529158756,0.06113181199259981,120.18269710497151
0.2582618760682677,1.0,5.01e-05,0.1,0.0005666666666666667,3.3384082529158756,0.06113181199259981,227.01176119827957
0.2582618760682677,1.0,6.31e-05,0.1,0.0009333333333333333,3.3384082529158756,0.06113181199259981,373.90172432657806
0.2582618760682677,1.0,7.94e-05,0.1,0.0018,3.3384082529158756,0.06113181199259981,721.0961826298291
0.2582618760682677,1.0,0.0001,0.1,0.0026666666666666666,3.3384082529158756,0.06113181199259981,1068.29064093308
0.2582618760682677,1.0,0.000126,0.1,0.0038666666666666667,3.3384082529158756,0.06113181199259981,1549.0214293529662
0.2582618760682677,1.0,0.000158,0.1,0.005,3.3384082529158756,0.06113181199259981,2003.0449517495254
0.2582618760682677,1.0,0.0002,0.1,0.006533333333333334,3.3384082529158756,0.06113181199259981,2617.312070286047
0.2582618760682677,1.0,0.000251,0.1,0.007533333333333334,3.3384082529158756,0.06113181199259981,3017.921060635952
0.2582618760682677,1.0,0.000316,0.1,0.008166666666666666,3.3384082529158756,0.06113181199259981,3271.640087857558
0.2582618760682677,1.0,0.000398,0.1,0.0066,3.3384082529158756,0.06113181199259981,2644.0193363093736
0.2582618760682677,1.0,0.000501,0.1,0.004733333333333333,3.3384082529158756,0.06113181199259981,1896.215887656217
0.2582618760682677,1.0,0.000631,0.1,0.0025,3.3384082529158756,0.06113181199259981,1001.5224758747627
0.2582618760682677,1.0,0.000794,0.1,0.0006666666666666666,3.3384082529158756,0.06113181199259981,267.07266023327
0.2582618760682677,1.0,0.001,0.1,0.0002,3.3384082529158756,0.06113181199259981,80.12179806998103
0.2582618760682677,1.0,0.00126,0.1,3.3333333333333335e-05,3.3384082529158756,0.06113181199259981,13.353633011663502
0.2582618760682677,1.0,0.00158,0.1,0.0,3.3384082529158756,0.06113181199259981,0.0
0.2582618760682677,1.0,0.002,0.1,0.0,3.3384082529158756,0.06113181199259981,0.0
0.2582618760682677,1.0,0.00251,0.1,0.0,3.3384082529158756,0.06113181199259981,0.0
0.2582618760682677,1.0,0.00316,0.1,0.0,3.3384082529158756,0.06113181199259981,0.0
0.2582618760682677,1.0,0.00398,0.1,0.0,3.3384082529158756,0.06113181199259981,0.0
0.2582618760682677,1.0,0.00501,0.1,0.0,3.3384082529158756,0.06113181199259981,0.0
0.2582618760682677,1.0,0.00631,0.1,0.0,3.3384082529158756,0.06113181199259981,0.0
0.27049597304631345,1.0,1e-06,0.1,0.0,3.6406016141663757,0.06666547544710448,0.0
0.27049597304631345,1.0,1.26e-06,0.1,0.0,3.6406016141663757,0.06666547544710448,0.0
0.27049597304631345,1.0,1.58e-06,0.1,0.0,3.6406016141663757,0.06666547544710448,0.0
0.27049597304631345,1.0,2e-06,0.1,0.0,3.6406016141663757,0.06666547544710448,0.0
0.27049597304631345,1.0,2.51e-06,0.1,0.0,3.6406016141663757,0.06666547544710448,0.0
0.27049597304631345,1.0,3.16e-06,0.1,0.0,3.6406016141663757,0.06666547544710448,0.0
0.27049597304631345,1.0,3.98e-06,0.1,0.0,3.6406016141663757,0.06666547544710448,0.0
0.27049597304631345,1.0,1.58e-05,0.1,0.0001,3.6406016141663757,0.06666547544710448,43.68721936999652
0.27049597304631345,1.0,2e-05,0.1,0.0001,3.6406016141663757,0.06666547544710448,43.68721936999652
0.27049597304631345,1.0,2.51e-05,0.1,0.00016666666666666666,3.6406016141663757,0.06666547544710448,72.81203228332753
0.27049597304631345,1.0,3.16e-05,0.1,0.0002666666666666667,3.6406016141663757,0.06666547544710448,116.49925165332405
0.27049597304631345,1.0,3.98e-05,0.1,0.0003,3.6406016141663757,0.06666547544710448,131.06165810998954
0.27049597304631345,1.0,5.01e-05,0.1,0.0005666666666666667,3.6406016141663757,0.06666547544710448,247.56090976331362
0.27049597304631345,1.0,6.31e-05,0.1,0.0009333333333333333,3.6406016141663757,0.06666547544710448,407.74738078663415
0.27049597304631345,1.0,7.94e-05,0.1,0.0018,3.6406016141663757,0.06666547544710448,786.3699486599373
0.27049597304631345,1.0,0.0001,0.1,0.0026666666666666666,3.6406016141663757,0.06666547544710448,1164.9925165332404
0.27049597304631345,1.0,0.000126,0.1,0.0038666666666666667,3.6406016141663757,0.06666547544710448,1689.2391489731986
0.27049597304631345,1.0,0.000158,0.1,0.005,3.6406016141663757,0.06666547544710448,2184.360968499826
0.27049597304631345,1.0,0.0002,0.1,0.006533333333333334,3.6406016141663757,0.06666547544710448,2854.231665506439
0.27049597304631345,1.0,0.000251,0.1,0.007533333333333334,3.6406016141663757,0.06666547544710448,3291.103859206405
0.27049597304631345,1.0,0.000316,0.1,0.008166666666666666,3.6406016141663757,0.06666547544710448,3567.7895818830484
0.27049597304631345,1.0,0.000398,0.1,0.0066,3.6406016141663757,0.06666547544710448,2883.35647841977
0.27049597304631345,1.0,0.000501,0.1,0.004733333333333333,3.6406016141663757,0.06666547544710448,2067.861716846502
0.27049597304631345,1.0,0.000631,0.1,0.0025,3.6406016141663757,0.06666547544710448,1092.180484249913
0.27049597304631345,1.0,0.000794,0.1,0.0006666666666666666,3.6406016141663757,0.06666547544710448,291.2481291333101
0.27049597304631345,1.0,0.001,0.1,0.0002,3.6406016141663757,0.06666547544710448,87.37443873999304
0.27049597304631345,1.0,0.00126,0.1,3.3333333333333335e-05,3.6406016141663757,0.06666547544710448,14.562406456665506
0.27049597304631345,1.0,0.00158,0.1,0.0,3.6406016141663757,0.06666547544710448,0.0
0.27049597304631345,1.0,0.002,0.1,0.0,3.6406016141663757,0.06666547544710448,0.0
0.27049597304631345,1.0,0.00251,0.1,0.0,3.6406016141663757,0.06666547544710448,0.0
0.27049597304631345,1.0,0.00316,0.1,0.0,3.6406016141663757,0.06666547544710448,0.0
0.27049597304631345,1.0,0.00398,0.1,0.0,3.6406016141663757,0.06666547544710448,0.0
0.27049597304631345,1.0,0.00501,0.1,0.0,3.6406016141663757,0.06666547544710448,0.0
0.27049597304631345,1.0,0.00631,0.1,0.0,3.6406016141663757,0.06666547544710448,0.0
0.2833096101839324,1.0,1e-06,0.1,0.0,3.9680325381717085,0.07266128068433819,0.0
0.2833096101839324,1.0,1.26e-06,0.1,0.0,3.9680325381717085,0.07266128068433819,0.0
0.2833096101839324,1.0,1.58e-06,0.1,0.0,3.9680325381717085,0.07266128068433819,0.0
0.2833096101839324,1.0,2e-06,0.1,0.0,3.9680325381717085,0.07266128068433819,0.0
0.2833096101839324,1.0,2.51e-06,0.1,0.0,3.9680325381717085,0.07266128068433819,0.0
0.2833096101839324,1.0,3.16e-06,0.1,0.0,3.9680325381717085,0.07266128068433819,0.0
0.2833096101839324,1.0,3.98e-06,0.1,0.0,3.9680325381717085,0.07266128068433819,0.0
0.2833096101839324,1.0,1.58e-05,0.1,0.0001,3.9680325381717085,0.07266128068433819,47.61639045806051
0.2833096101839324,1.0,2e-05,0.1,0.0001,3.9680325381717085,0.07266128068433819,47.61639045806051
0.2833096101839324,1.0,2.51e-05,0.1,0.00016666666666666666,3.9680325381717085,0.07266128068433819,79.36065076343418
0.2833096101839324,1.0,3.16e-05,0.1,0.0002666666666666667,3.9680325381717085,0.07266128068433819,126.97704122149469
0.2833096101839324,1.0,3.98e-05,0.1,0.0003,3.9680325381717085,0.07266128068433819,142.8491713741815
0.2833096101839324,1.0,5.01e-05,0.1,0.0005666666666666667,3.9680325381717085,0.07266128068433819,269.8262125956762
0.2833096101839324,1.0,6.31e-05,0.1,0.0009333333333333333,3.9680325381717085,0.07266128068433819,444.41964427523135
0.2833096101839324,1.0,7.94e-05,0.1,0.0018,3.9680325381717085,0.07266128068433819,857.0950282450891
0.2833096101839324,1.0,0.0001,0.1,0.0026666666666666666,3.9680325381717085,0.07266128068433819,1269.7704122149469
0.2833096101839324,1.0,0.000126,0.1,0.0038666666666666667,3.9680325381717085,0.07266128068433819,1841.1670977116728
0.2833096101839324,1.0,0.000158,0.1,0.005,3.9680325381717085,0.07266128068433819,2380.8195229030252
0.2833096101839324,1.0,0.0002,0.1,0.006533333333333334,3.9680325381717085,0.07266128068433819,3110.93750992662
0.2833096101839324,1.0,0.000251,0.1,0.007533333333333334,3.9680325381717085,0.07266128068433819,3587.1014145072245
0.2833096101839324,1.0,0.000316,0.1,0.008166666666666666,3.9680325381717085,0.07266128068433819,3888.6718874082744
0.2833096101839324,1.0,0.000398,0.1,0.0066,3.9680325381717085,0.07266128068433819,3142.681770231993
0.2833096101839324,1.0,0.000501,0.1,0.004733333333333333,3.9680325381717085,0.07266128068433819,2253.842481681531
0.2833096101839324,1.0,0.000631,0.1,0.0025,3.9680325381717085,0.07266128068433819,1190.4097614515126
0.2833096101839324,1.0,0.000794,0.1,0.0006666666666666666,3.9680325381717085,0.07266128068433819,317.4426030537367
0.2833096101839324,1.0,0.001,0.1,0.0002,3.9680325381717085,0.07266128068433819,95.23278091612102
0.2833096101839324,1.0,0.00126,0.1,3.3333333333333335e-05,3.9680325381717085,0.07266128068433819,15.872130152686836
0.2833096101839324,1.0,0.00158,0.1,0.0,3.9680325381717085,0.07266128068433819,0.0
0.2833096101839324,1.0,0.002,0.1,0.0,3.9680325381717085,0.07266128068433819,0.0
0.2833096101839324,1.0,0.00251,0.1,0.0,3.9680325381717085,0.07266128068433819,0.0
0.2833096101839324,1.0,0.00316,0.1,0.0,3.9680325381717085,0.07266128068433819,0.0
0.2833096101839324,1.0,0.00398,0.1,0.0,3.9680325381717085,0.07266128068433819,0.0
0.2833096101839324,1.0,0.00501,0.1,0.0,3.9680325381717085,0.07266128068433819,0.0
0.2833096101839324,1.0,0.00631,0.1,0.0,3.9680325381717085,0.07266128068433819,0.0
0.29673024081888694,1.0,1e-06,0.1,0.0,4.322414797537058,0.0791506097333283,0.0
0.29673024081888694,1.0,1.26e-06,0.1,0.0,4.322414797537058,0.0791506097333283,0.0
0.29673024081888694,1.0,1.58e-06,0.1,0.0,4.322414797537058,0.0791506097333283,0.0
0.29673024081888694,1.0,2e-06,0.1,0.0,4.322414797537058,0.0791506097333283,0.0
0.29673024081888694,1.0,2.51e-06,0.1,0.0,4.322414797537058,0.0791506097333283,0.0
0.29673024081888694,1.0,3.16e-06,0.1,0.0,4.322414797537058,0.0791506097333283,0.0
0.29673024081888694,1.0,3.98e-06,0.1,0.0,4.322414797537058,0.0791506097333283,0.0
0.29673024081888694,1.0,1.58e-05,0.1,0.0001,4.322414797537058,0.0791506097333283,51.868977570444706
0.29673024081888694,1.0,2e-05,0.1,0.0001,4.322414797537058,0.0791506097333283,51.868977570444706
0.29673024081888694,1.0,2.51e-05,0.1,0.00016666666666666666,4.322414797537058,0.0791506097333283,86.44829595074117
0.29673024081888694,1.0,3.16e-05,0.1,0.0002666666666666667,4.322414797537058,0.0791506097333283,138.31727352118588
0.29673024081888694,1.0,3.98e-05,0.1,0.0003,4.322414797537058,0.0791506097333283,155.6069327113341
0.29673024081888694,1.0,5.01e-05,0.1,0.0005666666666666667,4.322414797537058,0.0791506097333283,293.92420623251996
0.29673024081888694,1.0,6.31e-05,0.1,0.0009333333333333333,4.322414797537058,0.0791506097333283,484.1104573241505
0.29673024081888694,1.0,7.94e-05,0.1,0.0018,4.322414797537058,0.0791506097333283,933.6415962680047
0.29673024081888694,1.0,0.0001,0.1,0.0026666666666666666,4.322414797537058,0.0791506097333283,1383.1727352118587
0.29673024081888694,1.0,0.000126,0.1,0.0038666666666666667,4.322414797537058,0.0791506097333283,2005.6004660571953
0.29673024081888694,1.0,0.000158,0.1,0.005,4.322414797537058,0.0791506097333283,2593.448878522235
0.29673024081888694,1.0,0.0002,0.1,0.006533333333333334,4.322414797537058,0.0791506097333283,3388.773201269054
0.29673024081888694,1.0,0.000251,0.1,0.007533333333333334,4.322414797537058,0.0791506097333283,3907.462976973501
0.29673024081888694,1.0,0.000316,0.1,0.008166666666666666,4.322414797537058,0.0791506097333283,4235.966501586317
0.29673024081888694,1.0,0.000398,0.1,0.0066,4.322414797537058,0.0791506097333283,3423.35251964935
0.29673024081888694,1.0,0.000501,0.1,0.004733333333333333,4.322414797537058,0.0791506097333283,2455.131605001049
0.29673024081888694,1.0,0.000631,0.1,0.0025,4.322414797537058,0.0791506097333283,1296.7244392611176
0.29673024081888694,1.0,0.000794,0.1,0.0006666666666666666,4.322414797537058,0.0791506097333283,345.7931838029647
0.29673024081888694,1.0,0.001,0.1,0.0002,4.322414797537058,0.0791506097333283,103.73795514088941
0.29673024081888694,1.0,0.00126,0.1,3.3333333333333335e-05,4.322414797537058,0.0791506097333283,17.289659190148235
0.29673024081888694,1.0,0.00158,0.1,0.0,4.322414797537058,0.0791506097333283,0.0
0.29673024081888694,1.0,0.002,0.1,0.0,4.322414797537058,0.0791506097333283,0.0
0.29673024081888694,1.0,0.00251,0.1,0.0,4.322414797537058,0.0791506097333283,0.0
0.29673024081888694,1.0,0.00316,0.1,0.0,4.322414797537058,0.0791506097333283,0.0
0.29673024081888694,1.0,0.00398,0.1,0.0,4.322414797537058,0.0791506097333283,0.0
0.29673024081888694,1.0,0.00501,0.1,0.0,4.322414797537058,0.0791506097333283,0.0
0.29673024081888694,1.0,0.00631,0.1,0.0,4.322414797537058,0.0791506097333283,0.0
0.3107866187782014,1.0,1e-06,0.1,0.0,4.70550589985847,0.08616564548358305,0.0
0.3107866187782014,1.0,1.26e-06,0.1,0.0,4.70550589985847,0.08616564548358305,0.0
0.3107866187782014,1.0,1.58e-06,0.1,0.0,4.70550589985847,0.08616564548358305,0.0
0.3107866187782014,1.0,2e-06,0.1,0.0,4.70550589985847,0.08616564548358305,0.0
0.3107866187782014,1.0,2.51e-06,0.1,0.0,4.70550589985847,0.08616564548358305,0.0
0.3107866187782014,1.0,3.16e-06,0.1,0.0,4.70550589985847,0.08616564548358305,0.0
0.3107866187782014,1.0,3.98e-06,0.1,0.0,4.70550589985847,0.08616564548358305,0.0
0.3107866187782014,1.0,1.58e-05,0.1,0.0001,4.70550589985847,0.08616564548358305,56.466070798301644
0.3107866187782014,1.0,2e-05,0.1,0.0001,4.70550589985847,0.08616564548358305,56.466070798301644
0.3107866187782014,1.0,2.51e-05,0.1,0.00016666666666666666,4.70550589985847,0.08616564548358305,94.11011799716941
0.3107866187782014,1.0,3.16e-05,0.1,0.0002666666666666667,4.70550589985847,0.08616564548358305,150.57618879547107
0.3107866187782014,1.0,3.98e-05,0.1,0.0003,4.70550589985847,0.08616564548358305,169.39821239490493
0.3107866187782014,1.0,5.01e-05,0.1,0.0005666666666666667,4.70550589985847,0.08616564548358305,319.974401190376
0.3107866187782014,1.0,6.31e-05,0.1,0.0009333333333333333,4.70550589985847,0.08616564548358305,527.0166607841487
0.3107866187782014,1.0,7.94e-05,0.1,0.0018,4.70550589985847,0.08616564548358305,1016.3892743694296
0.3107866187782014,1.0,0.0001,0.1,0.0026666666666666666,4.70550589985847,0.08616564548358305,1505.7618879547106
0.3107866187782014,1.0,0.000126,0.1,0.0038666666666666667,4.70550589985847,0.08616564548358305,2183.35473753433
0.3107866187782014,1.0,0.000158,0.1,0.005,4.70550589985847,0.08616564548358305,2823.303539915082
0.3107866187782014,1.0,0.0002,0.1,0.006533333333333334,4.70550589985847,0.08616564548358305,3689.116625489041
0.3107866187782014,1.0,0.000251,0.1,0.007533333333333334,4.70550589985847,0.08616564548358305,4253.777333472058
0.3107866187782014,1.0,0.000316,0.1,0.008166666666666666,4.70550589985847,0.08616564548358305,4611.395781861301
0.3107866187782014,1.0,0.000398,0.1,0.0066,4.70550589985847,0.08616564548358305,3726.760672687908
0.3107866187782014,1.0,0.000501,0.1,0.004733333333333333,4.70550589985847,0.08616564548358305,2672.727351119611
0.3107866187782014,1.0,0.000631,0.1,0.0025,4.70550589985847,0.08616564548358305,1411.651769957541
0.3107866187782014,1.0,0.000794,0.1,0.0006666666666666666,4.70550589985847,0.08616564548358305,376.44047198867764
0.3107866187782014,1.0,0.001,0.1,0.0002,4.70550589985847,0.08616564548358305,112.93214159660329
0.3107866187782014,1.0,0.00126,0.1,3.3333333333333335e-05,4.70550589985847,0.08616564548358305,18.822023599433884
0.3107866187782014,1.0,0.00158,0.1,0.0,4.70550589985847,0.08616564548358305,0.0
0.3107866187782014,1.0,0.002,0.1,0.0,4.70550589985847,0.08616564548358305,0.0
0.3107866187782014,1.0,0.00251,0.1,0.0,4.70550589985847,0.08616564548358305,0.0
0.3107866187782014,1.0,0.00316,0.1,0.0,4.70550589985847,0.08616564548358305,0.0
0.3107866187782014,1.0,0.00398,0.1,0.0,4.70550589985847,0.08616564548358305,0.0
0.3107866187782014,1.0,0.00501,0.1,0.0,4.70550589985847,0.08616564548358305,0.0
0.3107866187782014,1.0,0.00631,0.1,0.0,4.70550589985847,0.08616564548358305,0.0
0.325508859983506,1.0,1e-06,0.1,0.0,5.119093677384104,0.0937391261194672,0.0
0.325508859983506,1.0,1.26e-06,0.1,0.0,5.119093677384104,0.0937391261194672,0.0
0.325508859983506,1.0,1.58e-06,0.1,0.0,5.119093677384104,0.0937391261194672,0.0
0.325508859983506,1.0,2e-06,0.1,0.0,5.119093677384104,0.0937391261194672,0.0
0.325508859983506,1.0,2.51e-06,0.1,0.0,5.119093677384104,0.0937391261194672,0.0
0.325508859983506,1.0,3.16e-06,0.1,0.0,5.119093677384104,0.0937391261194672,0.0
0.325508859983506,1.0,3.98e-06,0.1,0.0,5.119093677384104,0.0937391261194672,0.0
0.325508859983506,1.0,1.58e-05,0.1,0.0001,5.119093677384104,0.0937391261194672,61.42912412860926
0.325508859983506,1.0,2e-05,0.1,0.0001,5.119093677384104,0.0937391261194672,61.42912412860926
0.325508859983506,1.0,2.51e-05,0.1,0.00016666666666666666,5.119093677384104,0.0937391261194672,102.38187354768209
0.325508859983506,1.0,3.16e-05,0.1,0.0002666666666666667,5.119093677384104,0.0937391261194672,163.81099767629135
0.325508859983506,1.0,3.98e-05,0.1,0.0003,5.119093677384104,0.0937391261194672,184.28737238582775
0.325508859983506,1.0,5.01e-05,0.1,0.0005666666666666667,5.119093677384104,0.0937391261194672,348.09837006211916
0.325508859983506,1.0,6.31e-05,0.1,0.0009333333333333333,5.119093677384104,0.0937391261194672,573.3384918670198
0.325508859983506,1.0,7.94e-05,0.1,0.0018,5.119093677384104,0.0937391261194672,1105.7242343149665
0.325508859983506,1.0,0.0001,0.1,0.0026666666666666666,5.119093677384104,0.0937391261194672,1638.1099767629134
0.325508859983506,1.0,0.000126,0.1,0.0038666666666666667,5.119093677384104,0.0937391261194672,2375.2594663062246
0.325508859983506,1.0,0.000158,0.1,0.005,5.119093677384104,0.0937391261194672,3071.4562064304628
0.325508859983506,1.0,0.0002,0.1,0.006533333333333334,5.119093677384104,0.0937391261194672,4013.369443069138
0.325508859983506,1.0,0.000251,0.1,0.007533333333333334,5.119093677384104,0.0937391261194672,4627.660684355231
0.325508859983506,1.0,0.000316,0.1,0.008166666666666666,5.119093677384104,0.0937391261194672,5016.711803836422
0.325508859983506,1.0,0.000398,0.1,0.0066,5.119093677384104,0.0937391261194672,4054.322192488211
0.325508859983506,1.0,0.000501,0.1,0.004733333333333333,5.119093677384104,0.0937391261194672,2907.6452087541716
0.325508859983506,1.0,0.000631,0.1,0.0025,5.119093677384104,0.0937391261194672,1535.7281032152314
0.325508859983506,1.0,0.000794,0.1,0.0006666666666666666,5.119093677384104,0.0937391261194672,409.52749419072836
0.325508859983506,1.0,0.001,0.1,0.0002,5.119093677384104,0.0937391261194672,122.85824825721852
0.325508859983506,1.0,0.00126,0.1,3.3333333333333335e-05,5.119093677384104,0.0937391261194672,20.47637470953642
0.325508859983506,1.0,0.00158,0.1,0.0,5.119093677384104,0.0937391261194672,0.0
0.325508859983506,1.0,0.002,0.1,0.0,5.119093677384104,0.0937391261194672,0.0
0.325508859983506,1.0,0.00251,0.1,0.0,5.119093677384104,0.0937391261194672,0.0
0.325508859983506,1.0,0.00316,0.1,0.0,5.119093677384104,0.0937391261194672,0.0
0.325508859983506,1.0,0.00398,0.1,0.0,5.119093677384104,0.0937391261194672,0.0
0.325508859983506,1.0,0.00501,0.1,0.0,5.119093677384104,0.0937391261194672,0.0
0.325508859983506,1.0,0.00631,0.1,0.0,5.119093677384104,0.0937391261194672,0.0
0.3409285069746811,1.0,1e-06,0.1,0.0,5.564979805438656,0.10190404331511914,0.0
0.3409285069746811,1.0,1.26e-06,0.1,0.0,5.564979805438656,0.10190404331511914,0.0
0.3409285069746811,1.0,1.58e-06,0.1,0.0,5.564979805438656,0.10190404331511914,0.0
0.3409285069746811,1.0,2e-06,0.1,0.0,5.564979805438656,0.10190404331511914,0.0
0.3409285069746811,1.0,2.51e-06,0.1,0.0,5.564979805438656,0.10190404331511914,0.0
0.3409285069746811,1.0,3.16e-06,0.1,0.0,5.564979805438656,0.10190404331511914,0.0
0.3409285069746811,1.0,3.98e-06,0.1,0.0,5.564979805438656,0.10190404331511914,0.0
0.3409285069746811,1.0,1.58e-05,0.1,0.0001,5.564979805438656,0.10190404331511914,66.77975766526389
0.3409285069746811,1.0,2e-05,0.1,0.0001,5.564979805438656,0.10190404331511914,66.77975766526389
0.3409285069746811,1.0,2.51e-05,0.1,0.00016666666666666666,5.564979805438656,0.10190404331511914,111.29959610877313
0.3409285069746811,1.0,3.16e-05,0.1,0.0002666666666666667,5.564979805438656,0.10190404331511914,178.07935377403703
0.3409285069746811,1.0,3.98e-05,0.1,0.0003,5.564979805438656,0.10190404331511914,200.33927299579162
0.3409285069746811,1.0,5.01e-05,0.1,0.0005666666666666667,5.564979805438656,0.10190404331511914,378.41862676982873
0.3409285069746811,1.0,6.31e-05,0.1,0.0009333333333333333,5.564979805438656,0.10190404331511914,623.2777382091296
0.3409285069746811,1.0,7.94e-05,0.1,0.0018,5.564979805438656,0.10190404331511914,1202.0356379747498
0.3409285069746811,1.0,0.0001,0.1,0.0026666666666666666,5.564979805438656,0.10190404331511914,1780.79353774037
0.3409285069746811,1.0,0.000126,0.1,0.0038666666666666667,5.564979805438656,0.10190404331511914,2582.150629723537
0.3409285069746811,1.0,0.000158,0.1,0.005,5.564979805438656,0.10190404331511914,3338.9878832631944
0.3409285069746811,1.0,0.0002,0.1,0.006533333333333334,5.564979805438656,0.10190404331511914,4362.944167463907
0.3409285069746811,1.0,0.000251,0.1,0.007533333333333334,5.564979805438656,0.10190404331511914,5030.741744116546
0.3409285069746811,1.0,0.000316,0.1,0.008166666666666666,5.564979805438656,0.10190404331511914,5453.680209329883
0.3409285069746811,1.0,0.000398,0.1,0.0066,5.564979805438656,0.10190404331511914,4407.464005907416
0.3409285069746811,1.0,0.000501,0.1,0.004733333333333333,5.564979805438656,0.10190404331511914,3160.9085294891574
0.3409285069746811,1.0,0.000631,0.1,0.0025,5.564979805438656,0.10190404331511914,1669.4939416315972
0.3409285069746811,1.0,0.000794,0.1,0.0006666666666666666,5.564979805438656,0.10190404331511914,445.1983844350925
0.3409285069746811,1.0,0.001,0.1,0.0002,5.564979805438656,0.10190404331511914,133.55951533052777
0.3409285069746811,1.0,0.00126,0.1,3.3333333333333335e-05,5.564979805438656,0.10190404331511914,22.25991922175463
0.3409285069746811,1.0,0.00158,0.1,0.0,5.564979805438656,0.10190404331511914,0.0
0.3409285069746811,1.0,0.002,0.1,0.0,5.564979805438656,0.10190404331511914,0.0
0.3409285069746811,1.0,0.00251,0.1,0.0,5.564979805438656,0.10190404331511914,0.0
0.3409285069746811,1.0,0.00316,0.1,0.0,5.564979805438656,0.10190404331511914,0.0
0.3409285069746811,1.0,0.00398,0.1,0.0,5.564979805438656,0.10190404331511914,0.0
0.3409285069746811,1.0,0.00501,0.1,0.0,5.564979805438656,0.10190404331511914,0.0
0.3409285069746811,1.0,0.00631,0.1,0.0,5.564979805438656,0.10190404331511914,0.0
0.35707859649004625,1.0,1e-06,0.1,0.0,6.044959991815828,0.11069327946925157,0.0
0.35707859649004625,1.0,1.26e-06,0.1,0.0,6.044959991815828,0.11069327946925157,0.0
0.35707859649004625,1.0,1.58e-06,0.1,0.0,6.044959991815828,0.11069327946925157,0.0
0.35707859649004625,1.0,2e-06,0.1,0.0,6.044959991815828,0.11069327946925157,0.0
0.35707859649004625,1.0,2.51e-06,0.1,0.0,6.044959991815828,0.11069327946925157,0.0
0.35707859649004625,1.0,3.16e-06,0.1,0.0,6.044959991815828,0.11069327946925157,0.0
0.35707859649004625,1.0,3.98e-06,0.1,0.0,6.044959991815828,0.11069327946925157,0.0
0.35707859649004625,1.0,1.58e-05,0.1,0.0001,6.044959991815828,0.11069327946925157,72.53951990178994
0.35707859649004625,1.0,2e-05,0.1,0.0001,6.044959991815828,0.11069327946925157,72.53951990178994
0.35707859649004625,1.0,2.51e-05,0.1,0.00016666666666666666,6.044959991815828,0.11069327946925157,120.89919983631655
0.35707859649004625,1.0,3.16e-05,0.1,0.0002666666666666667,6.044959991815828,0.11069327946925157,193.43871973810653
0.35707859649004625,1.0,3.98e-05,0.1,0.0003,6.044959991815828,0.11069327946925157,217.61855970536982
0.35707859649004625,1.0,5.01e-05,0.1,0.0005666666666666667,6.044959991815828,0.11069327946925157,411.0572794434764
0.35707859649004625,1.0,6.31e-05,0.1,0.0009333333333333333,6.044959991815828,0.11069327946925157,677.0355190833728
0.35707859649004625,1.0,7.94e-05,0.1,0.0018,6.044959991815828,0.11069327946925157,1305.711358232219
0.35707859649004625,1.0,0.0001,0.1,0.0026666666666666666,6.044959991815828,0.11069327946925157,1934.3871973810649
0.35707859649004625,1.0,0.000126,0.1,0.0038666666666666667,6.044959991815828,0.11069327946925157,2804.8614362025446
0.35707859649004625,1.0,0.000158,0.1,0.005,6.044959991815828,0.11069327946925157,3626.9759950894972
0.35707859649004625,1.0,0.0002,0.1,0.006533333333333334,6.044959991815828,0.11069327946925157,4739.24863358361
0.35707859649004625,1.0,0.000251,0.1,0.007533333333333334,6.044959991815828,0.11069327946925157,5464.6438326015095
0.35707859649004625,1.0,0.000316,0.1,0.008166666666666666,6.044959991815828,0.11069327946925157,5924.060791979511
0.35707859649004625,1.0,0.000398,0.1,0.0066,6.044959991815828,0.11069327946925157,4787.608313518136
0.35707859649004625,1.0,0.000501,0.1,0.004733333333333333,6.044959991815828,0.11069327946925157,3433.5372753513907
0.35707859649004625,1.0,0.000631,0.1,0.0025,6.044959991815828,0.11069327946925157,1813.4879975447486
0.35707859649004625,1.0,0.000794,0.1,0.0006666666666666666,6.044959991815828,0.11069327946925157,483.5967993452662
0.35707859649004625,1.0,0.001,0.1,0.0002,6.044959991815828,0.11069327946925157,145.0790398035799
0.35707859649004625,1.0,0.00126,0.1,3.3333333333333335e-05,6.044959991815828,0.11069327946925157,24.179839967263316
0.35707859649004625,1.0,0.00158,0.1,0.0,6.044959991815828,0.11069327946925157,0.0
0.35707859649004625,1.0,0.002,0.1,0.0,6.044959991815828,0.11069327946925157,0.0
0.35707859649004625,1.0,0.00251,0.1,0.0,6.044959991815828,0.11069327946925157,0.0
0.35707859649004625,1.0,0.00316,0.1,0.0,6.044959991815828,0.11069327946925157,0.0
0.35707859649004625,1.0,0.00398,0.1,0.0,6.044959991815828,0.11069327946925157,0.0
0.35707859649004625,1.0,0.00501,0.1,0.0,6.044959991815828,0.11069327946925157,0.0
0.35707859649004625,1.0,0.00631,0.1,0.0,6.044959991815828,0.11069327946925157,0.0
0.3739937302478798,1.0,1e-06,0.1,0.0,6.560800629786553,0.12013918018287041,0.0
0.3739937302478798,1.0,1.26e-06,0.1,0.0,6.560800629786553,0.12013918018287041,0.0
0.3739937302478798,1.0,1.58e-06,0.1,0.0,6.560800629786553,0.12013918018287041,0.0
0.3739937302478798,1.0,2e-06,0.1,0.0,6.560800629786553,0.12013918018287041,0.0
0.3739937302478798,1.0,2.51e-06,0.1,0.0,6.560800629786553,0.12013918018287041,0.0
0.3739937302478798,1.0,3.16e-06,0.1,0.0,6.560800629786553,0.12013918018287041,0.0
0.3739937302478798,1.0,3.98e-06,0.1,0.0,6.560800629786553,0.12013918018287041,0.0
0.3739937302478798,1.0,1.58e-05,0.1,0.0001,6.560800629786553,0.12013918018287041,78.72960755743867
0.3739937302478798,1.0,2e-05,0.1,0.0001,6.560800629786553,0.12013918018287041,78.72960755743867
0.3739937302478798,1.0,2.51e-05,0.1,0.00016666666666666666,6.560800629786553,0.12013918018287041,131.2160125957311
0.3739937302478798,1.0,3.16e-05,0.1,0.0002666666666666667,6.560800629786553,0.12013918018287041,209.94562015316976
0.3739937302478798,1.0,3.98e-05,0.1,0.0003,6.560800629786553,0.12013918018287041,236.18882267231595
0.3739937302478798,1.0,5.01e-05,0.1,0.0005666666666666667,6.560800629786553,0.12013918018287041,446.13444282548573
0.3739937302478798,1.0,6.31e-05,0.1,0.0009333333333333333,6.560800629786553,0.12013918018287041,734.809670536094
0.3739937302478798,1.0,7.94e-05,0.1,0.0018,6.560800629786553,0.12013918018287041,1417.1329360338957
0.3739937302478798,1.0,0.0001,0.1,0.0026666666666666666,6.560800629786553,0.12013918018287041,2099.4562015316974
0.3739937302478798,1.0,0.000126,0.1,0.0038666666666666667,6.560800629786553,0.12013918018287041,3044.211492220961
0.3739937302478798,1.0,0.000158,0.1,0.005,6.560800629786553,0.12013918018287041,3936.4803778719324
0.3739937302478798,1.0,0.0002,0.1,0.006533333333333334,6.560800629786553,0.12013918018287041,5143.667693752659
0.3739937302478798,1.0,0.000251,0.1,0.007533333333333334,6.560800629786553,0.12013918018287041,5930.963769327045
0.3739937302478798,1.0,0.000316,0.1,0.008166666666666666,6.560800629786553,0.12013918018287041,6429.584617190823
0.3739937302478798,1.0,0.000398,0.1,0.0066,6.560800629786553,0.12013918018287041,5196.154098790951
0.3739937302478798,1.0,0.000501,0.1,0.004733333333333333,6.560800629786553,0.12013918018287041,3726.5347577187626
0.3739937302478798,1.0,0.000631,0.1,0.0025,6.560800629786553,0.12013918018287041,1968.2401889359662
0.3739937302478798,1.0,0.000794,0.1,0.0006666666666666666,6.560800629786553,0.12013918018287041,524.8640503829243
0.3739937302478798,1.0,0.001,0.1,0.0002,6.560800629786553,0.12013918018287041,157.45921511487734
0.3739937302478798,1.0,0.00126,0.1,3.3333333333333335e-05,6.560800629786553,0.12013918018287041,26.24320251914622
0.3739937302478798,1.0,0.00158,0.1,0.0,6.560800629786553,0.12013918018287041,0.0
0.3739937302478798,1.0,0.002,0.1,0.0,6.560800629786553,0.12013918018287041,0.0
0.3739937302478798,1.0,0.00251,0.1,0.0,6.560800629786553,0.12013918018287041,0.0
0.3739937302478798,1.0,0.00316,0.1,0.0,6.560800629786553,0.12013918018287041,0.0
0.3739937302478798,1.0,0.00398,0.1,0.0,6.560800629786553,0.12013918018287041,0.0
0.3739937302478798,1.0,0.00501,0.1,0.0,6.560800629786553,0.12013918018287041,0.0
0.3739937302478798,1.0,0.00631,0.1,0.0,6.560800629786553,0.12013918018287041,0.0
0.39171014908092605,1.0,1e-06,0.1,0.0,7.114211781760261,0.13027305954514304,0.0
0.39171014908092605,1.0,1.26e-06,0.1,0.0,7.114211781760261,0.13027305954514304,0.0
0.39171014908092605,1.0,1.58e-06,0.1,0.0,7.114211781760261,0.13027305954514304,0.0
0.39171014908092605,1.0,2e-06,0.1,0.0,7.114211781760261,0.13027305954514304,0.0
0.39171014908092605,1.0,2.51e-06,0.1,0.0,7.114211781760261,0.13027305954514304,0.0
0.39171014908092605,1.0,3.16e-06,0.1,0.0,7.114211781760261,0.13027305954514304,0.0
0.39171014908092605,1.0,3.98e-06,0.1,0.0,7.114211781760261,0.13027305954514304,0.0
0.39171014908092605,1.0,1.58e-05,0.1,0.0001,7.114211781760261,0.13027305954514304,85.37054138112313
0.39171014908092605,1.0,2e-05,0.1,0.0001,7.114211781760261,0.13027305954514304,85.37054138112313
0.39171014908092605,1.0,2.51e-05,0.1,0.00016666666666666666,7.114211781760261,0.13027305954514304,142.28423563520522
0.39171014908092605,1.0,3.16e-05,0.1,0.0002666666666666667,7.114211781760261,0.13027305954514304,227.65477701632835
0.39171014908092605,1.0,3.98e-05,0.1,0.0003,7.114211781760261,0.13027305954514304,256.1116241433694
0.39171014908092605,1.0,5.01e-05,0.1,0.0005666666666666667,7.114211781760261,0.13027305954514304,483.7664011596978
0.39171014908092605,1.0,6.31e-05,0.1,0.0009333333333333333,7.114211781760261,0.13027305954514304,796.7917195571491
0.39171014908092605,1.0,7.94e-05,0.1,0.0018,7.114211781760261,0.13027305954514304,1536.6697448602163
0.39171014908092605,1.0,0.0001,0.1,0.0026666666666666666,7.114211781760261,0.13027305954514304,2276.5477701632835
0.39171014908092605,1.0,0.000126,0.1,0.0038666666666666667,7.114211781760261,0.13027305954514304,3300.994266736761
0.39171014908092605,1.0,0.000158,0.1,0.005,7.114211781760261,0.13027305954514304,4268.5270690561565
0.39171014908092605,1.0,0.0002,0.1,0.006533333333333334,7.114211781760261,0.13027305954514304,5577.542036900045
0.39171014908092605,1.0,0.000251,0.1,0.007533333333333334,7.114211781760261,0.13027305954514304,6431.247450711276
0.39171014908092605,1.0,0.000316,0.1,0.008166666666666666,7.114211781760261,0.13027305954514304,6971.9275461250545
0.39171014908092605,1.0,0.000398,0.1,0.0066,7.114211781760261,0.13027305954514304,5634.455731154127
0.39171014908092605,1.0,0.000501,0.1,0.004733333333333333,7.114211781760261,0.13027305954514304,4040.872292039828
0.39171014908092605,1.0,0.000631,0.1,0.0025,7.114211781760261,0.13027305954514304,2134.2635345280783
0.39171014908092605,1.0,0.000794,0.1,0.0006666666666666666,7.114211781760261,0.13027305954514304,569.1369425408209
0.39171014908092605,1.0,0.001,0.1,0.0002,7.114211781760261,0.13027305954514304,170.74108276224626
0.39171014908092605,1.0,0.00126,0.1,3.3333333333333335e-05,7.114211781760261,0.13027305954514304,28.456847127041044
0.39171014908092605,1.0,0.00158,0.1,0.0,7.114211781760261,0.13027305954514304,0.0
0.39171014908092605,1.0,0.002,0.1,0.0,7.114211781760261,0.13027305954514304,0.0
0.39171014908092605,1.0,0.00251,0.1,0.0,7.114211781760261,0.13027305954514304,0.0
0.39171014908092605,1.0,0.00316,0.1,0.0,7.114211781760261,0.13027305954514304,0.0
0.39171014908092605,1.0,0.00398,0.1,0.0,7.114211781760261,0.13027305954514304,0.0
0.39171014908092605,1.0,0.00501,0.1,0.0,7.114211781760261,0.13027305954514304,0.0
0.39171014908092605,1.0,0.00631,0.1,0.0,7.114211781760261,0.13027305954514304,0.0
0.41026581058271944,1.0,1e-06,0.1,0.0,7.706816462262156,0.1411246376535828,0.0
0.41026581058271944,1.0,1.26e-06,0.1,0.0,7.706816462262156,0.1411246376535828,0.0
0.41026581058271944,1.0,1.58e-06,0.1,0.0,7.706816462262156,0.1411246376535828,0.0
0.41026581058271944,1.0,2e-06,0.1,0.0,7.706816462262156,0.1411246376535828,0.0
0.41026581058271944,1.0,2.51e-06,0.1,0.0,7.706816462262156,0.1411246376535828,0.0
0.41026581058271944,1.0,3.16e-06,0.1,0.0,7.706816462262156,0.1411246376535828,0.0
0.41026581058271944,1.0,3.98e-06,0.1,0.0,7.706816462262156,0.1411246376535828,0.0
0.41026581058271944,1.0,1.58e-05,0.1,0.0001,7.706816462262156,0.1411246376535828,92.48179754714589
0.41026581058271944,1.0,2e-05,0.1,0.0001,7.706816462262156,0.1411246376535828,92.48179754714589
0.41026581058271944,1.0,2.51e-05,0.1,0.00016666666666666666,7.706816462262156,0.1411246376535828,154.13632924524313
0.41026581058271944,1.0,3.16e-05,0.1,0.0002666666666666667,7.706816462262156,0.1411246376535828,246.61812679238903
0.41026581058271944,1.0,3.98e-05,0.1,0.0003,7.706816462262156,0.1411246376535828,277.4453926414376
0.41026581058271944,1.0,5.01e-05,0.1,0.0005666666666666667,7.706816462262156,0.1411246376535828,524.0635194338267
0.41026581058271944,1.0,6.31e-05,0.1,0.0009333333333333333,7.706816462262156,0.1411246376535828,863.1634437733616
0.41026581058271944,1.0,7.94e-05,0.1,0.0018,7.706816462262156,0.1411246376535828,1664.6723558486258
0.41026581058271944,1.0,0.0001,0.1,0.0026666666666666666,7.706816462262156,0.1411246376535828,2466.18126792389
0.41026581058271944,1.0,0.000126,0.1,0.0038666666666666667,7.706816462262156,0.1411246376535828,3575.962838489641
0.41026581058271944,1.0,0.000158,0.1,0.005,7.706816462262156,0.1411246376535828,4624.089877357294
0.41026581058271944,1.0,0.0002,0.1,0.006533333333333334,7.706816462262156,0.1411246376535828,6042.1441064135315
0.41026581058271944,1.0,0.000251,0.1,0.007533333333333334,7.706816462262156,0.1411246376535828,6966.962081884991
0.41026581058271944,1.0,0.000316,0.1,0.008166666666666666,7.706816462262156,0.1411246376535828,7552.680133016913
0.41026581058271944,1.0,0.000398,0.1,0.0066,7.706816462262156,0.1411246376535828,6103.798638111628
0.41026581058271944,1.0,0.000501,0.1,0.004733333333333333,7.706816462262156,0.1411246376535828,4377.471750564905
0.41026581058271944,1.0,0.000631,0.1,0.0025,7.706816462262156,0.1411246376535828,2312.044938678647
0.41026581058271944,1.0,0.000794,0.1,0.0006666666666666666,7.706816462262156,0.1411246376535828,616.5453169809725
0.41026581058271944,1.0,0.001,0.1,0.0002,7.706816462262156,0.1411246376535828,184.96359509429178
0.41026581058271944,1.0,0.00126,0.1,3.3333333333333335e-05,7.706816462262156,0.1411246376535828,30.82726584904863
0.41026581058271944,1.0,0.00158,0.1,0.0,7.706816462262156,0.1411246376535828,0.0
0.41026581058271944,1.0,0.002,0.1,0.0,7.706816462262156,0.1411246376535828,0.0
0.41026581058271944,1.0,0.00251,0.1,0.0,7.706816462262156,0.1411246376535828,0.0
0.41026581058271944,1.0,0.00316,0.1,0.0,7.706816462262156,0.1411246376535828,0.0
0.41026581058271944,1.0,0.00398,0.1,0.0,7.706816462262156,0.1411246376535828,0.0
0.41026581058271944,1.0,0.00501,0.1,0.0,7.706816462262156,0.1411246376535828,0.0
0.41026581058271944,1.0,0.00631,0.1,0.0,7.706816462262156,0.1411246376535828,0.0
0.4297004704320839,1.0,1e-06,0.1,0.0,8.34011632020047,0.15272141219923954,0.0
0.4297004704320839,1.0,1.26e-06,0.1,0.0,8.34011632020047,0.15272141219923954,0.0
0.4297004704320839,1.0,1.58e-06,0.1,0.0,8.34011632020047,0.15272141219923954,0.0
0.4297004704320839,1.0,2e-06,0.1,0.0,8.34011632020047,0.15272141219923954,0.0
0.4297004704320839,1.0,2.51e-06,0.1,0.0,8.34011632020047,0.15272141219923954,0.0
0.4297004704320839,1.0,3.16e-06,0.1,0.0,8.34011632020047,0.15272141219923954,0.0
0.4297004704320839,1.0,3.98e-06,0.1,0.0,8.34011632020047,0.15272141219923954,0.0
0.4297004704320839,1.0,1.58e-05,0.1,0.0001,8.34011632020047,0.15272141219923954,100.08139584240566
0.4297004704320839,1.0,2e-05,0.1,0.0001,8.34011632020047,0.15272141219923954,100.08139584240566
0.4297004704320839,1.0,2.51e-05,0.1,0.00016666666666666666,8.34011632020047,0.15272141219923954,166.80232640400942
0.4297004704320839,1.0,3.16e-05,0.1,0.0002666666666666667,8.34011632020047,0.15272141219923954,266.88372224641506
0.4297004704320839,1.0,3.98e-05,0.1,0.0003,8.34011632020047,0.15272141219923954,300.244187527217
0.4297004704320839,1.0,5.01e-05,0.1,0.0005666666666666667,8.34011632020047,0.15272141219923954,567.127909773632
0.4297004704320839,1.0,6.31e-05,0.1,0.0009333333333333333,8.34011632020047,0.15272141219923954,934.0930278624528
0.4297004704320839,1.0,7.94e-05,0.1,0.0018,8.34011632020047,0.15272141219923954,1801.4651251633015
0.4297004704320839,1.0,0.0001,0.1,0.0026666666666666666,8.34011632020047,0.15272141219923954,2668.8372224641507
0.4297004704320839,1.0,0.000126,0.1,0.0038666666666666667,8.34011632020047,0.15272141219923954,3869.813972573019
0.4297004704320839,1.0,0.000158,0.1,0.005,8.34011632020047,0.15272141219923954,5004.069792120283
0.4297004704320839,1.0,0.0002,0.1,0.006533333333333334,8.34011632020047,0.15272141219923954,6538.65119503717
0.4297004704320839,1.0,0.000251,0.1,0.007533333333333334,8.34011632020047,0.15272141219923954,7539.465153461227
0.4297004704320839,1.0,0.000316,0.1,0.008166666666666666,8.34011632020047,0.15272141219923954,8173.313993796461
0.4297004704320839,1.0,0.000398,0.1,0.0066,8.34011632020047,0.15272141219923954,6605.372125598773
0.4297004704320839,1.0,0.000501,0.1,0.004733333333333333,8.34011632020047,0.15272141219923954,4737.186069873867
0.4297004704320839,1.0,0.000631,0.1,0.0025,8.34011632020047,0.15272141219923954,2502.0348960601414
0.4297004704320839,1.0,0.000794,0.1,0.0006666666666666666,8.34011632020047,0.15272141219923954,667.2093056160377
0.4297004704320839,1.0,0.001,0.1,0.0002,8.34011632020047,0.15272141219923954,200.1627916848113
0.4297004704320839,1.0,0.00126,0.1,3.3333333333333335e-05,8.34011632020047,0.15272141219923954,33.36046528080188
0.4297004704320839,1.0,0.00158,0.1,0.0,8.34011632020047,0.15272141219923954,0.0
0.4297004704320839,1.0,0.002,0.1,0.0,8.34011632020047,0.15272141219923954,0.0
0.4297004704320839,1.0,0.00251,0.1,0.0,8.34011632020047,0.15272141219923954,0.0
0.4297004704320839,1.0,0.00316,0.1,0.0,8.34011632020047,0.15272141219923954,0.0
0.4297004704320839,1.0,0.00398,0.1,0.0,8.34011632020047,0.15272141219923954,0.0
0.4297004704320839,1.0,0.00501,0.1,0.0,8.34011632020047,0.15272141219923954,0.0
0.4297004704320839,1.0,0.00631,0.1,0.0,8.34011632020047,0.15272141219923954,0.0
0.4500557675700497,1.0,1e-06,0.1,0.0,9.015453982452662,0.16508796891508262,0.0
0.4500557675700497,1.0,1.26e-06,0.1,0.0,9.015453982452662,0.16508796891508262,0.0
0.4500557675700497,1.0,1.58e-06,0.1,0.0,9.015453982452662,0.16508796891508262,0.0
0.4500557675700497,1.0,2e-06,0.1,0.0,9.015453982452662,0.16508796891508262,0.0
0.4500557675700497,1.0,2.51e-06,0.1,0.0,9.015453982452662,0.16508796891508262,0.0
0.4500557675700497,1.0,3.16e-06,0.1,0.0,9.015453982452662,0.16508796891508262,0.0
0.4500557675700497,1.0,3.98e-06,0.1,0.0,9.015453982452662,0.16508796891508262,0.0
0.4500557675700497,1.0,1.58e-05,0.1,0.0001,9.015453982452662,0.16508796891508262,108.18544778943198
0.4500557675700497,1.0,2e-05,0.1,0.0001,9.015453982452662,0.16508796891508262,108.18544778943198
0.4500557675700497,1.0,2.51e-05,0.1,0.00016666666666666666,9.015453982452662,0.16508796891508262,180.30907964905327
0.4500557675700497,1.0,3.16e-05,0.1,0.0002666666666666667,9.015453982452662,0.16508796891508262,288.49452743848525
0.4500557675700497,1.0,3.98e-05,0.1,0.0003,9.015453982452662,0.16508796891508262,324.55634336829587
0.4500557675700497,1.0,5.01e-05,0.1,0.0005666666666666667,9.015453982452662,0.16508796891508262,613.0508708067812
0.4500557675700497,1.0,6.31e-05,0.1,0.0009333333333333333,9.015453982452662,0.16508796891508262,1009.7308460346984
0.4500557675700497,1.0,7.94e-05,0.1,0.0018,9.015453982452662,0.16508796891508262,1947.3380602097754
0.4500557675700497,1.0,0.0001,0.1,0.0026666666666666666,9.015453982452662,0.16508796891508262,2884.9452743848524
0.4500557675700497,1.0,0.000126,0.1,0.0038666666666666667,9.015453982452662,0.16508796891508262,4183.170647858036
0.4500557675700497,1.0,0.000158,0.1,0.005,9.015453982452662,0.16508796891508262,5409.272389471598
0.4500557675700497,1.0,0.0002,0.1,0.006533333333333334,9.015453982452662,0.16508796891508262,7068.11592224289
0.4500557675700497,1.0,0.000251,0.1,0.007533333333333334,9.015453982452662,0.16508796891508262,8149.970400137208
0.4500557675700497,1.0,0.000316,0.1,0.008166666666666666,9.015453982452662,0.16508796891508262,8835.14490280361
0.4500557675700497,1.0,0.000398,0.1,0.0066,9.015453982452662,0.16508796891508262,7140.23955410251
0.4500557675700497,1.0,0.000501,0.1,0.004733333333333333,9.015453982452662,0.16508796891508262,5120.777862033113
0.4500557675700497,1.0,0.000631,0.1,0.0025,9.015453982452662,0.16508796891508262,2704.636194735799
0.4500557675700497,1.0,0.000794,0.1,0.0006666666666666666,9.015453982452662,0.16508796891508262,721.2363185962131
0.4500557675700497,1.0,0.001,0.1,0.0002,9.015453982452662,0.16508796891508262,216.37089557886395
0.4500557675700497,1.0,0.00126,0.1,3.3333333333333335e-05,9.015453982452662,0.16508796891508262,36.061815929810656
0.4500557675700497,1.0,0.00158,0.1,0.0,9.015453982452662,0.16508796891508262,0.0
0.4500557675700497,1.0,0.002,0.1,0.0,9.015453982452662,0.16508796891508262,0.0
0.4500557675700497,1.0,0.00251,0.1,0.0,9.015453982452662,0.16508796891508262,0.0
0.4500557675700497,1.0,0.00316,0.1,0.0,9.015453982452662,0.16508796891508262,0.0
0.4500557675700497,1.0,0.00398,0.1,0.0,9.015453982452662,0.16508796891508262,0.0
0.4500557675700497,1.0,0.00501,0.1,0.0,9.015453982452662,0.16508796891508262,0.0
0.4500557675700497,1.0,0.00631,0.1,0.0,9.015453982452662,0.16508796891508262,0.0
0.4713753134116724,1.0,1e-06,0.1,0.0,9.733972512642657,0.1782452391987302,0.0
0.4713753134116724,1.0,1.26e-06,0.1,0.0,9.733972512642657,0.1782452391987302,0.0
0.4713753134116724,1.0,1.58e-06,0.1,0.0,9.733972512642657,0.1782452391987302,0.0
0.4713753134116724,1.0,2e-06,0.1,0.0,9.733972512642657,0.1782452391987302,0.0
0.4713753134116724,1.0,2.51e-06,0.1,0.0,9.733972512642657,0.1782452391987302,0.0
0.4713753134116724,1.0,3.16e-06,0.1,0.0,9.733972512642657,0.1782452391987302,0.0
0.4713753134116724,1.0,3.98e-06,0.1,0.0,9.733972512642657,0.1782452391987302,0.0
0.4713753134116724,1.0,1.58e-05,0.1,0.0001,9.733972512642657,0.1782452391987302,116.80767015171189
0.4713753134116724,1.0,2e-05,0.1,0.0001,9.733972512642657,0.1782452391987302,116.80767015171189
0.4713753134116724,1.0,2.51e-05,0.1,0.00016666666666666666,9.733972512642657,0.1782452391987302,194.67945025285314
0.4713753134116724,1.0,3.16e-05,0.1,0.0002666666666666667,9.733972512642657,0.1782452391987302,311.4871204045651
0.4713753134116724,1.0,3.98e-05,0.1,0.0003,9.733972512642657,0.1782452391987302,350.4230104551357
0.4713753134116724,1.0,5.01e-05,0.1,0.0005666666666666667,9.733972512642657,0.1782452391987302,661.9101308597008
0.4713753134116724,1.0,6.31e-05,0.1,0.0009333333333333333,9.733972512642657,0.1782452391987302,1090.2049214159777
0.4713753134116724,1.0,7.94e-05,0.1,0.0018,9.733972512642657,0.1782452391987302,2102.538062730814
0.4713753134116724,1.0,0.0001,0.1,0.0026666666666666666,9.733972512642657,0.1782452391987302,3114.8712040456503
0.4713753134116724,1.0,0.000126,0.1,0.0038666666666666667,9.733972512642657,0.1782452391987302,4516.563245866193
0.4713753134116724,1.0,0.000158,0.1,0.005,9.733972512642657,0.1782452391987302,5840.383507585595
0.4713753134116724,1.0,0.0002,0.1,0.006533333333333334,9.733972512642657,0.1782452391987302,7631.434449911844
0.4713753134116724,1.0,0.000251,0.1,0.007533333333333334,9.733972512642657,0.1782452391987302,8799.511151428964
0.4713753134116724,1.0,0.000316,0.1,0.008166666666666666,9.733972512642657,0.1782452391987302,9539.293062389805
0.4713753134116724,1.0,0.000398,0.1,0.0066,9.733972512642657,0.1782452391987302,7709.306230012986
0.4713753134116724,1.0,0.000501,0.1,0.004733333333333333,9.733972512642657,0.1782452391987302,5528.89638718103
0.4713753134116724,1.0,0.000631,0.1,0.0025,9.733972512642657,0.1782452391987302,2920.1917537927975
0.4713753134116724,1.0,0.000794,0.1,0.0006666666666666666,9.733972512642657,0.1782452391987302,778.7178010114126
0.4713753134116724,1.0,0.001,0.1,0.0002,9.733972512642657,0.1782452391987302,233.61534030342378
0.4713753134116724,1.0,0.00126,0.1,3.3333333333333335e-05,9.733972512642657,0.1782452391987302,38.935890050570634
0.4713753134116724,1.0,0.00158,0.1,0.0,9.733972512642657,0.1782452391987302,0.0
0.4713753134116724,1.0,0.002,0.1,0.0,9.733972512642657,0.1782452391987302,0.0
0.4713753134116724,1.0,0.00251,0.1,0.0,9.733972512642657,0.1782452391987302,0.0
0.4713753134116724,1.0,0.00316,0.1,0.0,9.733972512642657,0.1782452391987302,0.0
0.4713753134116724,1.0,0.00398,0.1,0.0,9.733972512642657,0.1782452391987302,0.0
0.4713753134116724,1.0,0.00501,0.1,0.0,9.733972512642657,0.1782452391987302,0.0
0.4713753134116724,1.0,0.00631,0.1,0.0,9.733972512642657,0.1782452391987302,0.0
0.4937047852839004,1.0,1e-06,0.1,0.0,10.496572656988254,0.19220971721274957,0.0
0.4937047852839004,1.0,1.26e-06,0.1,0.0,10.496572656988254,0.19220971721274957,0.0
0.4937047852839004,1.0,1.58e-06,0.1,0.0,10.496572656988254,0.19220971721274957,0.0
0.4937047852839004,1.0,2e-06,0.1,0.0,10.496572656988254,0.19220971721274957,0.0
0.4937047852839004,1.0,2.51e-06,0.1,0.0,10.496572656988254,0.19220971721274957,0.0
0.4937047852839004,1.0,3.16e-06,0.1,0.0,10.496572656988254,0.19220971721274957,0.0
0.4937047852839004,1.0,3.98e-06,0.1,0.0,10.496572656988254,0.19220971721274957,0.0
0.4937047852839004,1.0,1.58e-05,0.1,0.0001,10.496572656988254,0.19220971721274957,125.95887188385908
0.4937047852839004,1.0,2e-05,0.1,0.0001,10.496572656988254,0.19220971721274957,125.95887188385908
0.4937047852839004,1.0,2.51e-05,0.1,0.00016666666666666666,10.496572656988254,0.19220971721274957,209.93145313976513
0.4937047852839004,1.0,3.16e-05,0.1,0.0002666666666666667,10.496572656988254,0.19220971721274957,335.8903250236242
0.4937047852839004,1.0,3.98e-05,0.1,0.0003,10.496572656988254,0.19220971721274957,377.87661565157714
0.4937047852839004,1.0,5.01e-05,0.1,0.0005666666666666667,10.496572656988254,0.19220971721274957,713.7669406752015
0.4937047852839004,1.0,6.31e-05,0.1,0.0009333333333333333,10.496572656988254,0.19220971721274957,1175.6161375826846
0.4937047852839004,1.0,7.94e-05,0.1,0.0018,10.496572656988254,0.19220971721274957,2267.2596939094633
0.4937047852839004,1.0,0.0001,0.1,0.0026666666666666666,10.496572656988254,0.19220971721274957,3358.903250236242
0.4937047852839004,1.0,0.000126,0.1,0.0038666666666666667,10.496572656988254,0.19220971721274957,4870.40971284255
0.4937047852839004,1.0,0.000158,0.1,0.005,10.496572656988254,0.19220971721274957,6297.943594192953
0.4937047852839004,1.0,0.0002,0.1,0.006533333333333334,10.496572656988254,0.19220971721274957,8229.312963078793
0.4937047852839004,1.0,0.000251,0.1,0.007533333333333334,10.496572656988254,0.19220971721274957,9488.901681917383
0.4937047852839004,1.0,0.000316,0.1,0.008166666666666666,10.496572656988254,0.19220971721274957,10286.641203848489
0.4937047852839004,1.0,0.000398,0.1,0.0066,10.496572656988254,0.19220971721274957,8313.285544334698
0.4937047852839004,1.0,0.000501,0.1,0.004733333333333333,10.496572656988254,0.19220971721274957,5962.05326916933
0.4937047852839004,1.0,0.000631,0.1,0.0025,10.496572656988254,0.19220971721274957,3148.9717970964766
0.4937047852839004,1.0,0.000794,0.1,0.0006666666666666666,10.496572656988254,0.19220971721274957,839.7258125590605
0.4937047852839004,1.0,0.001,0.1,0.0002,10.496572656988254,0.19220971721274957,251.91774376771815
0.4937047852839004,1.0,0.00126,0.1,3.3333333333333335e-05,10.496572656988254,0.19220971721274957,41.986290627953025
0.4937047852839004,1.0,0.00158,0.1,0.0,10.496572656988254,0.19220971721274957,0.0
0.4937047852839004,1.0,0.002,0.1,0.0,10.496572656988254,0.19220971721274957,0.0
0.4937047852839004,1.0,0.00251,0.1,0.0,10.496572656988254,0.19220971721274957,0.0
0.4937047852839004,1.0,0.00316,0.1,0.0,10.496572656988254,0.19220971721274957,0.0
0.4937047852839004,1.0,0.00398,0.1,0.0,10.496572656988254,0.19220971721274957,0.0
0.4937047852839004,1.0,0.00501,0.1,0.0,10.496572656988254,0.19220971721274957,0.0
0.4937047852839004,1.0,0.00631,0.1,0.0,10.496572656988254,0.19220971721274957,0.0
0.517092024289676,1.0,1e-06,0.1,0.0,11.303868786356437,0.20699265311035409,0.0
0.517092024289676,1.0,1.26e-06,0.1,0.0,11.303868786356437,0.20699265311035409,0.0
0.517092024289676,1.0,1.58e-06,0.1,0.0,11.303868786356437,0.20699265311035409,0.0
0.517092024289676,1.0,2e-06,0.1,0.0,11.303868786356437,0.20699265311035409,0.0
0.517092024289676,1.0,2.51e-06,0.1,0.0,11.303868786356437,0.20699265311035409,0.0
0.517092024289676,1.0,3.16e-06,0.1,0.0,11.303868786356437,0.20699265311035409,0.0
0.517092024289676,1.0,3.98e-06,0.1,0.0,11.303868786356437,0.20699265311035409,0.0
0.517092024289676,1.0,1.58e-05,0.1,0.0001,11.303868786356437,0.20699265311035409,135.64642543627724
0.517092024289676,1.0,2e-05,0.1,0.0001,11.303868786356437,0.20699265311035409,135.64642543627724
0.517092024289676,1.0,2.51e-05,0.1,0.00016666666666666666,11.303868786356437,0.20699265311035409,226.07737572712873
0.517092024289676,1.0,3.16e-05,0.1,0.0002666666666666667,11.303868786356437,0.20699265311035409,361.72380116340605
0.517092024289676,1.0,3.98e-05,0.1,0.0003,11.303868786356437,0.20699265311035409,406.9392763088317
0.517092024289676,1.0,5.01e-05,0.1,0.0005666666666666667,11.303868786356437,0.20699265311035409,768.6630774722378
0.517092024289676,1.0,6.31e-05,0.1,0.0009333333333333333,11.303868786356437,0.20699265311035409,1266.033304071921
0.517092024289676,1.0,7.94e-05,0.1,0.0018,11.303868786356437,0.20699265311035409,2441.6356578529903
0.517092024289676,1.0,0.0001,0.1,0.0026666666666666666,11.303868786356437,0.20699265311035409,3617.2380116340596
0.517092024289676,1.0,0.000126,0.1,0.0038666666666666667,11.303868786356437,0.20699265311035409,5244.995116869387
0.517092024289676,1.0,0.000158,0.1,0.005,11.303868786356437,0.20699265311035409,6782.321271813862
0.517092024289676,1.0,0.0002,0.1,0.006533333333333334,11.303868786356437,0.20699265311035409,8862.233128503447
0.517092024289676,1.0,0.000251,0.1,0.007533333333333334,11.303868786356437,0.20699265311035409,10218.69738286622
0.517092024289676,1.0,0.000316,0.1,0.008166666666666666,11.303868786356437,0.20699265311035409,11077.791410629308
0.517092024289676,1.0,0.000398,0.1,0.0066,11.303868786356437,0.20699265311035409,8952.664078794298
0.517092024289676,1.0,0.000501,0.1,0.004733333333333333,11.303868786356437,0.20699265311035409,6420.597470650457
0.517092024289676,1.0,0.000631,0.1,0.0025,11.303868786356437,0.20699265311035409,3391.160635906931
0.517092024289676,1.0,0.000794,0.1,0.0006666666666666666,11.303868786356437,0.20699265311035409,904.3095029085149
0.517092024289676,1.0,0.001,0.1,0.0002,11.303868786356437,0.20699265311035409,271.2928508725545
0.517092024289676,1.0,0.00126,0.1,3.3333333333333335e-05,11.303868786356437,0.20699265311035409,45.215475145425756
0.517092024289676,1.0,0.00158,0.1,0.0,11.303868786356437,0.20699265311035409,0.0
0.517092024289676,1.0,0.002,0.1,0.0,11.303868786356437,0.20699265311035409,0.0
0.517092024289676,1.0,0.00251,0.1,0.0,11.303868786356437,0.20699265311035409,0.0
0.517092024289676,1.0,0.00316,0.1,0.0,11.303868786356437,0.20699265311035409,0.0
0.517092024289676,1.0,0.00398,0.1,0.0,11.303868786356437,0.20699265311035409,0.0
0.517092024289676,1.0,0.00501,0.1,0.0,11.303868786356437,0.20699265311035409,0.0
0.517092024289676,1.0,0.00631,0.1,0.0,11.303868786356437,0.20699265311035409,0.0
0.5415871378079471,1.0,1e-06,0.1,0.0,12.15614468951381,0.22259924353623534,0.0
0.5415871378079471,1.0,1.26e-06,0.1,0.0,12.15614468951381,0.22259924353623534,0.0
0.5415871378079471,1.0,1.58e-06,0.1,0.0,12.15614468951381,0.22259924353623534,0.0
0.5415871378079471,1.0,2e-06,0.1,0.0,12.15614468951381,0.22259924353623534,0.0
0.5415871378079471,1.0,2.51e-06,0.1,0.0,12.15614468951381,0.22259924353623534,0.0
0.5415871378079471,1.0,3.16e-06,0.1,0.0,12.15614468951381,0.22259924353623534,0.0
0.5415871378079471,1.0,3.98e-06,0.1,0.0,12.15614468951381,0.22259924353623534,0.0
0.5415871378079471,1.0,1.58e-05,0.1,0.0001,12.15614468951381,0.22259924353623534,145.87373627416574
0.5415871378079471,1.0,2e-05,0.1,0.0001,12.15614468951381,0.22259924353623534,145.87373627416574
0.5415871378079471,1.0,2.51e-05,0.1,0.00016666666666666666,12.15614468951381,0.22259924353623534,243.1228937902762
0.5415871378079471,1.0,3.16e-05,0.1,0.0002666666666666667,12.15614468951381,0.22259924353623534,388.996630064442
0.5415871378079471,1.0,3.98e-05,0.1,0.0003,12.15614468951381,0.22259924353623534,437.62120882249724
0.5415871378079471,1.0,5.01e-05,0.1,0.0005666666666666667,12.15614468951381,0.22259924353623534,826.6178388869392
0.5415871378079471,1.0,6.31e-05,0.1,0.0009333333333333333,12.15614468951381,0.22259924353623534,1361.488205225547
0.5415871378079471,1.0,7.94e-05,0.1,0.0018,12.15614468951381,0.22259924353623534,2625.727252934983
0.5415871378079471,1.0,0.0001,0.1,0.0026666666666666666,12.15614468951381,0.22259924353623534,3889.9663006444193
0.5415871378079471,1.0,0.000126,0.1,0.0038666666666666667,12.15614468951381,0.22259924353623534,5640.451135934409
0.5415871378079471,1.0,0.000158,0.1,0.005,12.15614468951381,0.22259924353623534,7293.686813708287
0.5415871378079471,1.0,0.0002,0.1,0.006533333333333334,12.15614468951381,0.22259924353623534,9530.41743657883
0.5415871378079471,1.0,0.000251,0.1,0.007533333333333334,12.15614468951381,0.22259924353623534,10989.154799320488
0.5415871378079471,1.0,0.000316,0.1,0.008166666666666666,12.15614468951381,0.22259924353623534,11913.021795723535
0.5415871378079471,1.0,0.000398,0.1,0.0066,12.15614468951381,0.22259924353623534,9627.666594094939
0.5415871378079471,1.0,0.000501,0.1,0.004733333333333333,12.15614468951381,0.22259924353623534,6904.690183643846
0.5415871378079471,1.0,0.000631,0.1,0.0025,12.15614468951381,0.22259924353623534,3646.8434068541437
0.5415871378079471,1.0,0.000794,0.1,0.0006666666666666666,12.15614468951381,0.22259924353623534,972.4915751611048
0.5415871378079471,1.0,0.001,0.1,0.0002,12.15614468951381,0.22259924353623534,291.7474725483315
0.5415871378079471,1.0,0.00126,0.1,3.3333333333333335e-05,12.15614468951381,0.22259924353623534,48.62457875805525
0.5415871378079471,1.0,0.00158,0.1,0.0,12.15614468951381,0.22259924353623534,0.0
0.5415871378079471,1.0,0.002,0.1,0.0,12.15614468951381,0.22259924353623534,0.0
0.5415871378079471,1.0,0.00251,0.1,0.0,12.15614468951381,0.22259924353623534,0.0
0.5415871378079471,1.0,0.00316,0.1,0.0,12.15614468951381,0.22259924353623534,0.0
0.5415871378079471,1.0,0.00398,0.1,0.0,12.15614468951381,0.22259924353623534,0.0
0.5415871378079471,1.0,0.00501,0.1,0.0,12.15614468951381,0.22259924353623534,0.0
0.5415871378079471,1.0,0.00631,0.1,0.0,12.15614468951381,0.22259924353623534,0.0
0.5672426068491978,1.0,1e-06,0.1,0.0,13.053310612383815,0.23902784494385304,0.0
0.5672426068491978,1.0,1.26e-06,0.1,0.0,13.053310612383815,0.23902784494385304,0.0
0.5672426068491978,1.0,1.58e-06,0.1,0.0,13.053310612383815,0.23902784494385304,0.0
0.5672426068491978,1.0,2e-06,0.1,0.0,13.053310612383815,0.23902784494385304,0.0
0.5672426068491978,1.0,2.51e-06,0.1,0.0,13.053310612383815,0.23902784494385304,0.0
0.5672426068491978,1.0,3.16e-06,0.1,0.0,13.053310612383815,0.23902784494385304,0.0
0.5672426068491978,1.0,3.98e-06,0.1,0.0,13.053310612383815,0.23902784494385304,0.0
0.5672426068491978,1.0,1.58e-05,0.1,0.0001,13.053310612383815,0.23902784494385304,156.6397273486058
0.5672426068491978,1.0,2e-05,0.1,0.0001,13.053310612383815,0.23902784494385304,156.6397273486058
0.5672426068491978,1.0,2.51e-05,0.1,0.00016666666666666666,13.053310612383815,0.23902784494385304,261.06621224767633
0.5672426068491978,1.0,3.16e-05,0.1,0.0002666666666666667,13.053310612383815,0.23902784494385304,417.7059395962822
0.5672426068491978,1.0,3.98e-05,0.1,0.0003,13.053310612383815,0.23902784494385304,469.91918204581737
0.5672426068491978,1.0,5.01e-05,0.1,0.0005666666666666667,13.053310612383815,0.23902784494385304,887.6251216420995
0.5672426068491978,1.0,6.31e-05,0.1,0.0009333333333333333,13.053310612383815,0.23902784494385304,1461.9707885869875
0.5672426068491978,1.0,7.94e-05,0.1,0.0018,13.053310612383815,0.23902784494385304,2819.5150922749044
0.5672426068491978,1.0,0.0001,0.1,0.0026666666666666666,13.053310612383815,0.23902784494385304,4177.059395962821
0.5672426068491978,1.0,0.000126,0.1,0.0038666666666666667,13.053310612383815,0.23902784494385304,6056.73612414609
0.5672426068491978,1.0,0.000158,0.1,0.005,13.053310612383815,0.23902784494385304,7831.98636743029
0.5672426068491978,1.0,0.0002,0.1,0.006533333333333334,13.053310612383815,0.23902784494385304,10233.795520108913
0.5672426068491978,1.0,0.000251,0.1,0.007533333333333334,13.053310612383815,0.23902784494385304,11800.192793594972
0.5672426068491978,1.0,0.000316,0.1,0.008166666666666666,13.053310612383815,0.23902784494385304,12792.244400136138
0.5672426068491978,1.0,0.000398,0.1,0.0066,13.053310612383815,0.23902784494385304,10338.222005007983
0.5672426068491978,1.0,0.000501,0.1,0.004733333333333333,13.053310612383815,0.23902784494385304,7414.280427834008
0.5672426068491978,1.0,0.000631,0.1,0.0025,13.053310612383815,0.23902784494385304,3915.993183715145
0.5672426068491978,1.0,0.000794,0.1,0.0006666666666666666,13.053310612383815,0.23902784494385304,1044.2648489907053
0.5672426068491978,1.0,0.001,0.1,0.0002,13.053310612383815,0.23902784494385304,313.2794546972116
0.5672426068491978,1.0,0.00126,0.1,3.3333333333333335e-05,13.053310612383815,0.23902784494385304,52.21324244953527
0.5672426068491978,1.0,0.00158,0.1,0.0,13.053310612383815,0.23902784494385304,0.0
0.5672426068491978,1.0,0.002,0.1,0.0,13.053310612383815,0.23902784494385304,0.0
0.5672426068491978,1.0,0.00251,0.1,0.0,13.053310612383815,0.23902784494385304,0.0
0.5672426068491978,1.0,0.00316,0.1,0.0,13.053310612383815,0.23902784494385304,0.0
0.5672426068491978,1.0,0.00398,0.1,0.0,13.053310612383815,0.23902784494385304,0.0
0.5672426068491978,1.0,0.00501,0.1,0.0,13.053310612383815,0.23902784494385304,0.0
0.5672426068491978,1.0,0.00631,0.1,0.0,13.053310612383815,0.23902784494385304,0.0
0.5941133984965034,1.0,1e-06,0.1,0.0,13.994863153564978,0.25626923921561945,0.0
0.5941133984965034,1.0,1.26e-06,0.1,0.0,13.994863153564978,0.25626923921561945,0.0
0.5941133984965034,1.0,1.58e-06,0.1,0.0,13.994863153564978,0.25626923921561945,0.0
0.5941133984965034,1.0,2e-06,0.1,0.0,13.994863153564978,0.25626923921561945,0.0
0.5941133984965034,1.0,2.51e-06,0.1,0.0,13.994863153564978,0.25626923921561945,0.0
0.5941133984965034,1.0,3.16e-06,0.1,0.0,13.994863153564978,0.25626923921561945,0.0
0.5941133984965034,1.0,3.98e-06,0.1,0.0,13.994863153564978,0.25626923921561945,0.0
0.5941133984965034,1.0,1.58e-05,0.1,0.0001,13.994863153564978,0.25626923921561945,167.93835784277974
0.5941133984965034,1.0,2e-05,0.1,0.0001,13.994863153564978,0.25626923921561945,167.93835784277974
0.5941133984965034,1.0,2.51e-05,0.1,0.00016666666666666666,13.994863153564978,0.25626923921561945,279.89726307129956
0.5941133984965034,1.0,3.16e-05,0.1,0.0002666666666666667,13.994863153564978,0.25626923921561945,447.8356209140793
0.5941133984965034,1.0,3.98e-05,0.1,0.0003,13.994863153564978,0.25626923921561945,503.81507352833916
0.5941133984965034,1.0,5.01e-05,0.1,0.0005666666666666667,13.994863153564978,0.25626923921561945,951.6506944424186
0.5941133984965034,1.0,6.31e-05,0.1,0.0009333333333333333,13.994863153564978,0.25626923921561945,1567.4246731992773
0.5941133984965034,1.0,7.94e-05,0.1,0.0018,13.994863153564978,0.25626923921561945,3022.890441170035
0.5941133984965034,1.0,0.0001,0.1,0.0026666666666666666,13.994863153564978,0.25626923921561945,4478.356209140793
0.5941133984965034,1.0,0.000126,0.1,0.0038666666666666667,13.994863153564978,0.25626923921561945,6493.616503254149
0.5941133984965034,1.0,0.000158,0.1,0.005,13.994863153564978,0.25626923921561945,8396.917892138987
0.5941133984965034,1.0,0.0002,0.1,0.006533333333333334,13.994863153564978,0.25626923921561945,10971.972712394943
0.5941133984965034,1.0,0.000251,0.1,0.007533333333333334,13.994863153564978,0.25626923921561945,12651.35629082274
0.5941133984965034,1.0,0.000316,0.1,0.008166666666666666,13.994863153564978,0.25626923921561945,13714.965890493675
0.5941133984965034,1.0,0.000398,0.1,0.0066,13.994863153564978,0.25626923921561945,11083.931617623462
0.5941133984965034,1.0,0.000501,0.1,0.004733333333333333,13.994863153564978,0.25626923921561945,7949.082271224906
0.5941133984965034,1.0,0.000631,0.1,0.0025,13.994863153564978,0.25626923921561945,4198.458946069493
0.5941133984965034,1.0,0.000794,0.1,0.0006666666666666666,13.994863153564978,0.25626923921561945,1119.5890522851982
0.5941133984965034,1.0,0.001,0.1,0.0002,13.994863153564978,0.25626923921561945,335.8767156855595
0.5941133984965034,1.0,0.00126,0.1,3.3333333333333335e-05,13.994863153564978,0.25626923921561945,55.97945261425991
0.5941133984965034,1.0,0.00158,0.1,0.0,13.994863153564978,0.25626923921561945,0.0
0.5941133984965034,1.0,0.002,0.1,0.0,13.994863153564978,0.25626923921561945,0.0
0.5941133984965034,1.0,0.00251,0.1,0.0,13.994863153564978,0.25626923921561945,0.0
0.5941133984965034,1.0,0.00316,0.1,0.0,13.994863153564978,0.25626923921561945,0.0
0.5941133984965034,1.0,0.00398,0.1,0.0,13.994863153564978,0.25626923921561945,0.0
0.5941133984965034,1.0,0.00501,0.1,0.0,13.994863153564978,0.25626923921561945,0.0
0.5941133984965034,1.0,0.00631,0.1,0.0,13.994863153564978,0.25626923921561945,0.0
0.6222570836730231,1.0,1e-06,0.1,0.0,14.97984979607202,0.27430598418004065,0.0
0.6222570836730231,1.0,1.26e-06,0.1,0.0,14.97984979607202,0.27430598418004065,0.0
0.6222570836730231,1.0,1.58e-06,0.1,0.0,14.97984979607202,0.27430598418004065,0.0
0.6222570836730231,1.0,2e-06,0.1,0.0,14.97984979607202,0.27430598418004065,0.0
0.6222570836730231,1.0,2.51e-06,0.1,0.0,14.97984979607202,0.27430598418004065,0.0
0.6222570836730231,1.0,3.16e-06,0.1,0.0,14.97984979607202,0.27430598418004065,0.0
0.6222570836730231,1.0,3.98e-06,0.1,0.0,14.97984979607202,0.27430598418004065,0.0
0.6222570836730231,1.0,1.58e-05,0.1,0.0001,14.97984979607202,0.27430598418004065,179.7581975528643
0.6222570836730231,1.0,2e-05,0.1,0.0001,14.97984979607202,0.27430598418004065,179.7581975528643
0.6222570836730231,1.0,2.51e-05,0.1,0.00016666666666666666,14.97984979607202,0.27430598418004065,299.59699592144045
0.6222570836730231,1.0,3.16e-05,0.1,0.0002666666666666667,14.97984979607202,0.27430598418004065,479.35519347430477
0.6222570836730231,1.0,3.98e-05,0.1,0.0003,14.97984979607202,0.27430598418004065,539.2745926585927
0.6222570836730231,1.0,5.01e-05,0.1,0.0005666666666666667,14.97984979607202,0.27430598418004065,1018.6297861328975
0.6222570836730231,1.0,6.31e-05,0.1,0.0009333333333333333,14.97984979607202,0.27430598418004065,1677.7431771600664
0.6222570836730231,1.0,7.94e-05,0.1,0.0018,14.97984979607202,0.27430598418004065,3235.6475559515566
0.6222570836730231,1.0,0.0001,0.1,0.0026666666666666666,14.97984979607202,0.27430598418004065,4793.551934743047
0.6222570836730231,1.0,0.000126,0.1,0.0038666666666666667,14.97984979607202,0.27430598418004065,6950.650305377419
0.6222570836730231,1.0,0.000158,0.1,0.005,14.97984979607202,0.27430598418004065,8987.909877643213
0.6222570836730231,1.0,0.0002,0.1,0.006533333333333334,14.97984979607202,0.27430598418004065,11744.202240120467
0.6222570836730231,1.0,0.000251,0.1,0.007533333333333334,14.97984979607202,0.27430598418004065,13541.784215649108
0.6222570836730231,1.0,0.000316,0.1,0.008166666666666666,14.97984979607202,0.27430598418004065,14680.25280015058
0.6222570836730231,1.0,0.000398,0.1,0.0066,14.97984979607202,0.27430598418004065,11864.041038489042
0.6222570836730231,1.0,0.000501,0.1,0.004733333333333333,14.97984979607202,0.27430598418004065,8508.554684168908
0.6222570836730231,1.0,0.000631,0.1,0.0025,14.97984979607202,0.27430598418004065,4493.954938821606
0.6222570836730231,1.0,0.000794,0.1,0.0006666666666666666,14.97984979607202,0.27430598418004065,1198.3879836857618
0.6222570836730231,1.0,0.001,0.1,0.0002,14.97984979607202,0.27430598418004065,359.5163951057286
0.6222570836730231,1.0,0.00126,0.1,3.3333333333333335e-05,14.97984979607202,0.27430598418004065,59.919399184288096
0.6222570836730231,1.0,0.00158,0.1,0.0,14.97984979607202,0.27430598418004065,0.0
0.6222570836730231,1.0,0.002,0.1,0.0,14.97984979607202,0.27430598418004065,0.0
0.6222570836730231,1.0,0.00251,0.1,0.0,14.97984979607202,0.27430598418004065,0.0
0.6222570836730231,1.0,0.00316,0.1,0.0,14.97984979607202,0.27430598418004065,0.0
0.6222570836730231,1.0,0.00398,0.1,0.0,14.97984979607202,0.27430598418004065,0.0
0.6222570836730231,1.0,0.00501,0.1,0.0,14.97984979607202,0.27430598418004065,0.0
0.6222570836730231,1.0,0.00631,0.1,0.0,14.97984979607202,0.27430598418004065,0.0
0.6517339604882427,1.0,1e-06,0.1,0.0,16.006839956250683,0.29311188346915734,0.0
0.6517339604882427,1.0,1.26e-06,0.1,0.0,16.006839956250683,0.29311188346915734,0.0
0.6517339604882427,1.0,1.58e-06,0.1,0.0,16.006839956250683,0.29311188346915734,0.0
0.6517339604882427,1.0,2e-06,0.1,0.0,16.006839956250683,0.29311188346915734,0.0
0.6517339604882427,1.0,2.51e-06,0.1,0.0,16.006839956250683,0.29311188346915734,0.0
0.6517339604882427,1.0,3.16e-06,0.1,0.0,16.006839956250683,0.29311188346915734,0.0
0.6517339604882427,1.0,3.98e-06,0.1,0.0,16.006839956250683,0.29311188346915734,0.0
0.6517339604882427,1.0,1.58e-05,0.1,0.0001,16.006839956250683,0.29311188346915734,192.08207947500824
0.6517339604882427,1.0,2e-05,0.1,0.0001,16.006839956250683,0.29311188346915734,192.08207947500824
0.6517339604882427,1.0,2.51e-05,0.1,0.00016666666666666666,16.006839956250683,0.29311188346915734,320.1367991250137
0.6517339604882427,1.0,3.16e-05,0.1,0.0002666666666666667,16.006839956250683,0.29311188346915734,512.2188786000219
0.6517339604882427,1.0,3.98e-05,0.1,0.0003,16.006839956250683,0.29311188346915734,576.2462384250247
0.6517339604882427,1.0,5.01e-05,0.1,0.0005666666666666667,16.006839956250683,0.29311188346915734,1088.4651170250468
0.6517339604882427,1.0,6.31e-05,0.1,0.0009333333333333333,16.006839956250683,0.29311188346915734,1792.7660751000767
0.6517339604882427,1.0,7.94e-05,0.1,0.0018,16.006839956250683,0.29311188346915734,3457.4774305501483
0.6517339604882427,1.0,0.0001,0.1,0.0026666666666666666,16.006839956250683,0.29311188346915734,5122.188786000219
0.6517339604882427,1.0,0.000126,0.1,0.0038666666666666667,16.006839956250683,0.29311188346915734,7427.173739700318
0.6517339604882427,1.0,0.000158,0.1,0.005,16.006839956250683,0.29311188346915734,9604.10397375041
0.6517339604882427,1.0,0.0002,0.1,0.006533333333333334,16.006839956250683,0.29311188346915734,12549.362525700539
0.6517339604882427,1.0,0.000251,0.1,0.007533333333333334,16.006839956250683,0.29311188346915734,14470.18332045062
0.6517339604882427,1.0,0.000316,0.1,0.008166666666666666,16.006839956250683,0.29311188346915734,15686.70315712567
0.6517339604882427,1.0,0.000398,0.1,0.0066,16.006839956250683,0.29311188346915734,12677.417245350543
0.6517339604882427,1.0,0.000501,0.1,0.004733333333333333,16.006839956250683,0.29311188346915734,9091.88509515039
0.6517339604882427,1.0,0.000631,0.1,0.0025,16.006839956250683,0.29311188346915734,4802.051986875205
0.6517339604882427,1.0,0.000794,0.1,0.0006666666666666666,16.006839956250683,0.29311188346915734,1280.5471965000547
0.6517339604882427,1.0,0.001,0.1,0.0002,16.006839956250683,0.29311188346915734,384.1641589500165
0.6517339604882427,1.0,0.00126,0.1,3.3333333333333335e-05,16.006839956250683,0.29311188346915734,64.02735982500273
0.6517339604882427,1.0,0.00158,0.1,0.0,16.006839956250683,0.29311188346915734,0.0
0.6517339604882427,1.0,0.002,0.1,0.0,16.006839956250683,0.29311188346915734,0.0
0.6517339604882427,1.0,0.00251,0.1,0.0,16.006839956250683,0.29311188346915734,0.0
0.6517339604882427,1.0,0.00316,0.1,0.0,16.006839956250683,0.29311188346915734,0.0
0.6517339604882427,1.0,0.00398,0.1,0.0,16.006839956250683,0.29311188346915734,0.0
0.6517339604882427,1.0,0.00501,0.1,0.0,16.006839956250683,0.29311188346915734,0.0
0.6517339604882427,1.0,0.00631,0.1,0.0,16.006839956250683,0.29311188346915734,0.0
0.6826071834272386,1.0,1e-06,0.1,0.0,17.07390444049744,0.31265161033688776,0.0
0.6826071834272386,1.0,1.26e-06,0.1,0.0,17.07390444049744,0.31265161033688776,0.0
0.6826071834272386,1.0,1.58e-06,0.1,0.0,17.07390444049744,0.31265161033688776,0.0
0.6826071834272386,1.0,2e-06,0.1,0.0,17.07390444049744,0.31265161033688776,0.0
0.6826071834272386,1.0,2.51e-06,0.1,0.0,17.07390444049744,0.31265161033688776,0.0
0.6826071834272386,1.0,3.16e-06,0.1,0.0,17.07390444049744,0.31265161033688776,0.0
0.6826071834272386,1.0,3.98e-06,0.1,0.0,17.07390444049744,0.31265161033688776,0.0
0.6826071834272386,1.0,1.58e-05,0.1,0.0001,17.07390444049744,0.31265161033688776,204.88685328596932
0.6826071834272386,1.0,2e-05,0.1,0.0001,17.07390444049744,0.31265161033688776,204.88685328596932
0.6826071834272386,1.0,2.51e-05,0.1,0.00016666666666666666,17.07390444049744,0.31265161033688776,341.4780888099489
0.6826071834272386,1.0,3.16e-05,0.1,0.0002666666666666667,17.07390444049744,0.31265161033688776,546.3649420959182
0.6826071834272386,1.0,3.98e-05,0.1,0.0003,17.07390444049744,0.31265161033688776,614.660559857908
0.6826071834272386,1.0,5.01e-05,0.1,0.0005666666666666667,17.07390444049744,0.31265161033688776,1161.025501953826
0.6826071834272386,1.0,6.31e-05,0.1,0.0009333333333333333,17.07390444049744,0.31265161033688776,1912.2772973357137
0.6826071834272386,1.0,7.94e-05,0.1,0.0018,17.07390444049744,0.31265161033688776,3687.963359147448
0.6826071834272386,1.0,0.0001,0.1,0.0026666666666666666,17.07390444049744,0.31265161033688776,5463.649420959182
0.6826071834272386,1.0,0.000126,0.1,0.0038666666666666667,17.07390444049744,0.31265161033688776,7922.291660390813
0.6826071834272386,1.0,0.000158,0.1,0.005,17.07390444049744,0.31265161033688776,10244.342664298467
0.6826071834272386,1.0,0.0002,0.1,0.006533333333333334,17.07390444049744,0.31265161033688776,13385.941081349998
0.6826071834272386,1.0,0.000251,0.1,0.007533333333333334,17.07390444049744,0.31265161033688776,15434.80961420969
0.6826071834272386,1.0,0.000316,0.1,0.008166666666666666,17.07390444049744,0.31265161033688776,16732.426351687493
0.6826071834272386,1.0,0.000398,0.1,0.0066,17.07390444049744,0.31265161033688776,13522.532316873974
0.6826071834272386,1.0,0.000501,0.1,0.004733333333333333,17.07390444049744,0.31265161033688776,9697.977722202548
0.6826071834272386,1.0,0.000631,0.1,0.0025,17.07390444049744,0.31265161033688776,5122.171332149233
0.6826071834272386,1.0,0.000794,0.1,0.0006666666666666666,17.07390444049744,0.31265161033688776,1365.9123552397955
0.6826071834272386,1.0,0.001,0.1,0.0002,17.07390444049744,0.31265161033688776,409.77370657193865
0.6826071834272386,1.0,0.00126,0.1,3.3333333333333335e-05,17.07390444049744,0.31265161033688776,68.29561776198977
0.6826071834272386,1.0,0.00158,0.1,0.0,17.07390444049744,0.31265161033688776,0.0
0.6826071834272386,1.0,0.002,0.1,0.0,17.07390444049744,0.31265161033688776,0.0
0.6826071834272386,1.0,0.00251,0.1,0.0,17.07390444049744,0.31265161033688776,0.0
0.6826071834272386,1.0,0.00316,0.1,0.0,17.07390444049744,0.31265161033688776,0.0
0.6826071834272386,1.0,0.00398,0.1,0.0,17.07390444049744,0.31265161033688776,0.0
0.6826071834272386,1.0,0.00501,0.1,0.0,17.07390444049744,0.31265161033688776,0.0
0.6826071834272386,1.0,0.00631,0.1,0.0,17.07390444049744,0.31265161033688776,0.0
0.7149428986597577,1.0,1e-06,0.1,0.0,18.178605099153348,0.3328805182046026,0.0
0.7149428986597577,1.0,1.26e-06,0.1,0.0,18.178605099153348,0.3328805182046026,0.0
0.7149428986597577,1.0,1.58e-06,0.1,0.0,18.178605099153348,0.3328805182046026,0.0
0.7149428986597577,1.0,2e-06,0.1,0.0,18.178605099153348,0.3328805182046026,0.0
0.7149428986597577,1.0,2.51e-06,0.1,0.0,18.178605099153348,0.3328805182046026,0.0
0.7149428986597577,1.0,3.16e-06,0.1,0.0,18.178605099153348,0.3328805182046026,0.0
0.7149428986597577,1.0,3.98e-06,0.1,0.0,18.178605099153348,0.3328805182046026,0.0
0.7149428986597577,1.0,1.58e-05,0.1,0.0001,18.178605099153348,0.3328805182046026,218.1432611898402
0.7149428986597577,1.0,2e-05,0.1,0.0001,18.178605099153348,0.3328805182046026,218.1432611898402
0.7149428986597577,1.0,2.51e-05,0.1,0.00016666666666666666,18.178605099153348,0.3328805182046026,363.57210198306694
0.7149428986597577,1.0,3.16e-05,0.1,0.0002666666666666667,18.178605099153348,0.3328805182046026,581.7153631729072
0.7149428986597577,1.0,3.98e-05,0.1,0.0003,18.178605099153348,0.3328805182046026,654.4297835695205
0.7149428986597577,1.0,5.01e-05,0.1,0.0005666666666666667,18.178605099153348,0.3328805182046026,1236.1451467424279
0.7149428986597577,1.0,6.31e-05,0.1,0.0009333333333333333,18.178605099153348,0.3328805182046026,2036.0037711051752
0.7149428986597577,1.0,7.94e-05,0.1,0.0018,18.178605099153348,0.3328805182046026,3926.5787014171237
0.7149428986597577,1.0,0.0001,0.1,0.0026666666666666666,18.178605099153348,0.3328805182046026,5817.153631729071
0.7149428986597577,1.0,0.000126,0.1,0.0038666666666666667,18.178605099153348,0.3328805182046026,8434.872766007154
0.7149428986597577,1.0,0.000158,0.1,0.005,18.178605099153348,0.3328805182046026,10907.16305949201
0.7149428986597577,1.0,0.0002,0.1,0.006533333333333334,18.178605099153348,0.3328805182046026,14252.026397736226
0.7149428986597577,1.0,0.000251,0.1,0.007533333333333334,18.178605099153348,0.3328805182046026,16433.45900963463
0.7149428986597577,1.0,0.000316,0.1,0.008166666666666666,18.178605099153348,0.3328805182046026,17815.03299717028
0.7149428986597577,1.0,0.000398,0.1,0.0066,18.178605099153348,0.3328805182046026,14397.455238529452
0.7149428986597577,1.0,0.000501,0.1,0.004733333333333333,18.178605099153348,0.3328805182046026,10325.447696319103
0.7149428986597577,1.0,0.000631,0.1,0.0025,18.178605099153348,0.3328805182046026,5453.581529746005
0.7149428986597577,1.0,0.000794,0.1,0.0006666666666666666,18.178605099153348,0.3328805182046026,1454.2884079322678
0.7149428986597577,1.0,0.001,0.1,0.0002,18.178605099153348,0.3328805182046026,436.2865223796804
0.7149428986597577,1.0,0.00126,0.1,3.3333333333333335e-05,18.178605099153348,0.3328805182046026,72.7144203966134
0.7149428986597577,1.0,0.00158,0.1,0.0,18.178605099153348,0.3328805182046026,0.0
0.7149428986597577,1.0,0.002,0.1,0.0,18.178605099153348,0.3328805182046026,0.0
0.7149428986597577,1.0,0.00251,0.1,0.0,18.178605099153348,0.3328805182046026,0.0
0.7149428986597577,1.0,0.00316,0.1,0.0,18.178605099153348,0.3328805182046026,0.0
0.7149428986597577,1.0,0.00398,0.1,0.0,18.178605099153348,0.3328805182046026,0.0
0.7149428986597577,1.0,0.00501,0.1,0.0,18.178605099153348,0.3328805182046026,0.0
0.7149428986597577,1.0,0.00631,0.1,0.0,18.178605099153348,0.3328805182046026,0.0
0.7488103857590023,1.0,1e-06,0.1,0.0,19.317996240980705,0.35374466656254727,0.0
0.7488103857590023,1.0,1.26e-06,0.1,0.0,19.317996240980705,0.35374466656254727,0.0
0.7488103857590023,1.0,1.58e-06,0.1,0.0,19.317996240980705,0.35374466656254727,0.0
0.7488103857590023,1.0,2e-06,0.1,0.0,19.317996240980705,0.35374466656254727,0.0
0.7488103857590023,1.0,2.51e-06,0.1,0.0,19.317996240980705,0.35374466656254727,0.0
0.7488103857590023,1.0,3.16e-06,0.1,0.0,19.317996240980705,0.35374466656254727,0.0
0.7488103857590023,1.0,3.98e-06,0.1,0.0,19.317996240980705,0.35374466656254727,0.0
0.7488103857590023,1.0,1.58e-05,0.1,0.0001,19.317996240980705,0.35374466656254727,231.81595489176848
0.7488103857590023,1.0,2e-05,0.1,0.0001,19.317996240980705,0.35374466656254727,231.81595489176848
0.7488103857590023,1.0,2.51e-05,0.1,0.00016666666666666666,19.317996240980705,0.35374466656254727,386.35992481961415
0.7488103857590023,1.0,3.16e-05,0.1,0.0002666666666666667,19.317996240980705,0.35374466656254727,618.1758797113827
0.7488103857590023,1.0,3.98e-05,0.1,0.0003,19.317996240980705,0.35374466656254727,695.4478646753055
0.7488103857590023,1.0,5.01e-05,0.1,0.0005666666666666667,19.317996240980705,0.35374466656254727,1313.6237443866883
0.7488103857590023,1.0,6.31e-05,0.1,0.0009333333333333333,19.317996240980705,0.35374466656254727,2163.6155789898394
0.7488103857590023,1.0,7.94e-05,0.1,0.0018,19.317996240980705,0.35374466656254727,4172.687188051833
0.7488103857590023,1.0,0.0001,0.1,0.0026666666666666666,19.317996240980705,0.35374466656254727,6181.758797113826
0.7488103857590023,1.0,0.000126,0.1,0.0038666666666666667,19.317996240980705,0.35374466656254727,8963.550255815047
0.7488103857590023,1.0,0.000158,0.1,0.005,19.317996240980705,0.35374466656254727,11590.797744588424
0.7488103857590023,1.0,0.0002,0.1,0.006533333333333334,19.317996240980705,0.35374466656254727,15145.309052928875
0.7488103857590023,1.0,0.000251,0.1,0.007533333333333334,19.317996240980705,0.35374466656254727,17463.468601846558
0.7488103857590023,1.0,0.000316,0.1,0.008166666666666666,19.317996240980705,0.35374466656254727,18931.63631616109
0.7488103857590023,1.0,0.000398,0.1,0.0066,19.317996240980705,0.35374466656254727,15299.85302285672
0.7488103857590023,1.0,0.000501,0.1,0.004733333333333333,19.317996240980705,0.35374466656254727,10972.621864877041
0.7488103857590023,1.0,0.000631,0.1,0.0025,19.317996240980705,0.35374466656254727,5795.398872294212
0.7488103857590023,1.0,0.000794,0.1,0.0006666666666666666,19.317996240980705,0.35374466656254727,1545.4396992784566
0.7488103857590023,1.0,0.001,0.1,0.0002,19.317996240980705,0.35374466656254727,463.63190978353697
0.7488103857590023,1.0,0.00126,0.1,3.3333333333333335e-05,19.317996240980705,0.35374466656254727,77.27198496392283
0.7488103857590023,1.0,0.00158,0.1,0.0,19.317996240980705,0.35374466656254727,0.0
0.7488103857590023,1.0,0.002,0.1,0.0,19.317996240980705,0.35374466656254727,0.0
0.7488103857590023,1.0,0.00251,0.1,0.0,19.317996240980705,0.35374466656254727,0.0
0.7488103857590023,1.0,0.00316,0.1,0.0,19.317996240980705,0.35374466656254727,0.0
0.7488103857590023,1.0,0.00398,0.1,0.0,19.317996240980705,0.35374466656254727,0.0
0.7488103857590023,1.0,0.00501,0.1,0.0,19.317996240980705,0.35374466656254727,0.0
0.7488103857590023,1.0,0.00631,0.1,0.0,19.317996240980705,0.35374466656254727,0.0
0.7842822061337682,1.0,1e-06,0.1,0.0,20.488639016001528,0.3751810843435548,0.0
0.7842822061337682,1.0,1.26e-06,0.1,0.0,20.488639016001528,0.3751810843435548,0.0
0.7842822061337682,1.0,1.58e-06,0.1,0.0,20.488639016001528,0.3751810843435548,0.0
0.7842822061337682,1.0,2e-06,0.1,0.0,20.488639016001528,0.3751810843435548,0.0
0.7842822061337682,1.0,2.51e-06,0.1,0.0,20.488639016001528,0.3751810843435548,0.0
0.7842822061337682,1.0,3.16e-06,0.1,0.0,20.488639016001528,0.3751810843435548,0.0
0.7842822061337682,1.0,3.98e-06,0.1,0.0,20.488639016001528,0.3751810843435548,0.0
0.7842822061337682,1.0,1.58e-05,0.1,0.0001,20.488639016001528,0.3751810843435548,245.86366819201837
0.7842822061337682,1.0,2e-05,0.1,0.0001,20.488639016001528,0.3751810843435548,245.86366819201837
0.7842822061337682,1.0,2.51e-05,0.1,0.00016666666666666666,20.488639016001528,0.3751810843435548,409.7727803200306
0.7842822061337682,1.0,3.16e-05,0.1,0.0002666666666666667,20.488639016001528,0.3751810843435548,655.636448512049
0.7842822061337682,1.0,3.98e-05,0.1,0.0003,20.488639016001528,0.3751810843435548,737.5910045760551
0.7842822061337682,1.0,5.01e-05,0.1,0.0005666666666666667,20.488639016001528,0.3751810843435548,1393.227453088104
0.7842822061337682,1.0,6.31e-05,0.1,0.0009333333333333333,20.488639016001528,0.3751810843435548,2294.7275697921714
0.7842822061337682,1.0,7.94e-05,0.1,0.0018,20.488639016001528,0.3751810843435548,4425.54602745633
0.7842822061337682,1.0,0.0001,0.1,0.0026666666666666666,20.488639016001528,0.3751810843435548,6556.36448512049
0.7842822061337682,1.0,0.000126,0.1,0.0038666666666666667,20.488639016001528,0.3751810843435548,9506.728503424709
0.7842822061337682,1.0,0.000158,0.1,0.005,20.488639016001528,0.3751810843435548,12293.183409600919
0.7842822061337682,1.0,0.0002,0.1,0.006533333333333334,20.488639016001528,0.3751810843435548,16063.0929885452
0.7842822061337682,1.0,0.000251,0.1,0.007533333333333334,20.488639016001528,0.3751810843435548,18521.72967046538
0.7842822061337682,1.0,0.000316,0.1,0.008166666666666666,20.488639016001528,0.3751810843435548,20078.866235681497
0.7842822061337682,1.0,0.000398,0.1,0.0066,20.488639016001528,0.3751810843435548,16227.002100673211
0.7842822061337682,1.0,0.000501,0.1,0.004733333333333333,20.488639016001528,0.3751810843435548,11637.546961088869
0.7842822061337682,1.0,0.000631,0.1,0.0025,20.488639016001528,0.3751810843435548,6146.591704800459
0.7842822061337682,1.0,0.000794,0.1,0.0006666666666666666,20.488639016001528,0.3751810843435548,1639.0911212801225
0.7842822061337682,1.0,0.001,0.1,0.0002,20.488639016001528,0.3751810843435548,491.72733638403673
0.7842822061337682,1.0,0.00126,0.1,3.3333333333333335e-05,20.488639016001528,0.3751810843435548,81.95455606400613
0.7842822061337682,1.0,0.00158,0.1,0.0,20.488639016001528,0.3751810843435548,0.0
0.7842822061337682,1.0,0.002,0.1,0.0,20.488639016001528,0.3751810843435548,0.0
0.7842822061337682,1.0,0.00251,0.1,0.0,20.488639016001528,0.3751810843435548,0.0
0.7842822061337682,1.0,0.00316,0.1,0.0,20.488639016001528,0.3751810843435548,0.0
0.7842822061337682,1.0,0.00398,0.1,0.0,20.488639016001528,0.3751810843435548,0.0
0.7842822061337682,1.0,0.00501,0.1,0.0,20.488639016001528,0.3751810843435548,0.0
0.7842822061337682,1.0,0.00631,0.1,0.0,20.488639016001528,0.3751810843435548,0.0
0.821434358491943,1.0,1e-06,0.1,0.0,21.686629495436968,0.3971182841134768,0.0
0.821434358491943,1.0,1.26e-06,0.1,0.0,21.686629495436968,0.3971182841134768,0.0
0.821434358491943,1.0,1.58e-06,0.1,0.0,21.686629495436968,0.3971182841134768,0.0
0.821434358491943,1.0,2e-06,0.1,0.0,21.686629495436968,0.3971182841134768,0.0
0.821434358491943,1.0,2.51e-06,0.1,0.0,21.686629495436968,0.3971182841134768,0.0
0.821434358491943,1.0,3.16e-06,0.1,0.0,21.686629495436968,0.3971182841134768,0.0
0.821434358491943,1.0,3.98e-06,0.1,0.0,21.686629495436968,0.3971182841134768,0.0
0.821434358491943,1.0,1.58e-05,0.1,0.0001,21.686629495436968,0.3971182841134768,260.2395539452437
0.821434358491943,1.0,2e-05,0.1,0.0001,21.686629495436968,0.3971182841134768,260.2395539452437
0.821434358491943,1.0,2.51e-05,0.1,0.00016666666666666666,21.686629495436968,0.3971182841134768,433.7325899087394
0.821434358491943,1.0,3.16e-05,0.1,0.0002666666666666667,21.686629495436968,0.3971182841134768,693.9721438539832
0.821434358491943,1.0,3.98e-05,0.1,0.0003,21.686629495436968,0.3971182841134768,780.7186618357309
0.821434358491943,1.0,5.01e-05,0.1,0.0005666666666666667,21.686629495436968,0.3971182841134768,1474.6908056897144
0.821434358491943,1.0,6.31e-05,0.1,0.0009333333333333333,21.686629495436968,0.3971182841134768,2428.902503488941
0.821434358491943,1.0,7.94e-05,0.1,0.0018,21.686629495436968,0.3971182841134768,4684.3119710143865
0.821434358491943,1.0,0.0001,0.1,0.0026666666666666666,21.686629495436968,0.3971182841134768,6939.72143853983
0.821434358491943,1.0,0.000126,0.1,0.0038666666666666667,21.686629495436968,0.3971182841134768,10062.596085882755
0.821434358491943,1.0,0.000158,0.1,0.005,21.686629495436968,0.3971182841134768,13011.977697262184
0.821434358491943,1.0,0.0002,0.1,0.006533333333333334,21.686629495436968,0.3971182841134768,17002.317524422586
0.821434358491943,1.0,0.000251,0.1,0.007533333333333334,21.686629495436968,0.3971182841134768,19604.713063875024
0.821434358491943,1.0,0.000316,0.1,0.008166666666666666,21.686629495436968,0.3971182841134768,21252.896905528232
0.821434358491943,1.0,0.000398,0.1,0.0066,21.686629495436968,0.3971182841134768,17175.810560386082
0.821434358491943,1.0,0.000501,0.1,0.004733333333333333,21.686629495436968,0.3971182841134768,12318.0055534082
0.821434358491943,1.0,0.000631,0.1,0.0025,21.686629495436968,0.3971182841134768,6505.988848631092
0.821434358491943,1.0,0.000794,0.1,0.0006666666666666666,21.686629495436968,0.3971182841134768,1734.9303596349575
0.821434358491943,1.0,0.001,0.1,0.0002,21.686629495436968,0.3971182841134768,520.4791078904874
0.821434358491943,1.0,0.00126,0.1,3.3333333333333335e-05,21.686629495436968,0.3971182841134768,86.7465179817479
0.821434358491943,1.0,0.00158,0.1,0.0,21.686629495436968,0.3971182841134768,0.0
0.821434358491943,1.0,0.002,0.1,0.0,21.686629495436968,0.3971182841134768,0.0
0.821434358491943,1.0,0.00251,0.1,0.0,21.686629495436968,0.3971182841134768,0.0
0.821434358491943,1.0,0.00316,0.1,0.0,21.686629495436968,0.3971182841134768,0.0
0.821434358491943,1.0,0.00398,0.1,0.0,21.686629495436968,0.3971182841134768,0.0
0.821434358491943,1.0,0.00501,0.1,0.0,21.686629495436968,0.3971182841134768,0.0
0.821434358491943,1.0,0.00631,0.1,0.0,21.686629495436968,0.3971182841134768,0.0
0.8603464416684501,1.0,1e-06,0.1,0.0,22.90764059402948,0.41947702973868306,0.0
0.8603464416684501,1.0,1.26e-06,0.1,0.0,22.90764059402948,0.41947702973868306,0.0
0.8603464416684501,1.0,1.58e-06,0.1,0.0,22.90764059402948,0.41947702973868306,0.0
0.8603464416684501,1.0,2e-06,0.1,0.0,22.90764059402948,0.41947702973868306,0.0
0.8603464416684501,1.0,2.51e-06,0.1,0.0,22.90764059402948,0.41947702973868306,0.0
0.8603464416684501,1.0,3.16e-06,0.1,0.0,22.90764059402948,0.41947702973868306,0.0
0.8603464416684501,1.0,3.98e-06,0.1,0.0,22.90764059402948,0.41947702973868306,0.0
0.8603464416684501,1.0,1.58e-05,0.1,0.0001,22.90764059402948,0.41947702973868306,274.8916871283538
0.8603464416684501,1.0,2e-05,0.1,0.0001,22.90764059402948,0.41947702973868306,274.8916871283538
0.8603464416684501,1.0,2.51e-05,0.1,0.00016666666666666666,22.90764059402948,0.41947702973868306,458.15281188058964
0.8603464416684501,1.0,3.16e-05,0.1,0.0002666666666666667,22.90764059402948,0.41947702973868306,733.0444990089436
0.8603464416684501,1.0,3.98e-05,0.1,0.0003,22.90764059402948,0.41947702973868306,824.6750613850613
0.8603464416684501,1.0,5.01e-05,0.1,0.0005666666666666667,22.90764059402948,0.41947702973868306,1557.719560394005
0.8603464416684501,1.0,6.31e-05,0.1,0.0009333333333333333,22.90764059402948,0.41947702973868306,2565.655746531302
0.8603464416684501,1.0,7.94e-05,0.1,0.0018,22.90764059402948,0.41947702973868306,4948.050368310368
0.8603464416684501,1.0,0.0001,0.1,0.0026666666666666666,22.90764059402948,0.41947702973868306,7330.444990089434
0.8603464416684501,1.0,0.000126,0.1,0.0038666666666666667,22.90764059402948,0.41947702973868306,10629.14523562968
0.8603464416684501,1.0,0.000158,0.1,0.005,22.90764059402948,0.41947702973868306,13744.58435641769
0.8603464416684501,1.0,0.0002,0.1,0.006533333333333334,22.90764059402948,0.41947702973868306,17959.590225719116
0.8603464416684501,1.0,0.000251,0.1,0.007533333333333334,22.90764059402948,0.41947702973868306,20708.507097002657
0.8603464416684501,1.0,0.000316,0.1,0.008166666666666666,22.90764059402948,0.41947702973868306,22449.48778214889
0.8603464416684501,1.0,0.000398,0.1,0.0066,22.90764059402948,0.41947702973868306,18142.851350471352
0.8603464416684501,1.0,0.000501,0.1,0.004733333333333333,22.90764059402948,0.41947702973868306,13011.539857408747
0.8603464416684501,1.0,0.000631,0.1,0.0025,22.90764059402948,0.41947702973868306,6872.292178208845
0.8603464416684501,1.0,0.000794,0.1,0.0006666666666666666,22.90764059402948,0.41947702973868306,1832.6112475223586
0.8603464416684501,1.0,0.001,0.1,0.0002,22.90764059402948,0.41947702973868306,549.7833742567076
0.8603464416684501,1.0,0.00126,0.1,3.3333333333333335e-05,22.90764059402948,0.41947702973868306,91.63056237611795
0.8603464416684501,1.0,0.00158,0.1,0.0,22.90764059402948,0.41947702973868306,0.0
0.8603464416684501,1.0,0.002,0.1,0.0,22.90764059402948,0.41947702973868306,0.0
0.8603464416684501,1.0,0.00251,0.1,0.0,22.90764059402948,0.41947702973868306,0.0
0.8603464416684501,1.0,0.00316,0.1,0.0,22.90764059402948,0.41947702973868306,0.0
0.8603464416684501,1.0,0.00398,0.1,0.0,22.90764059402948,0.41947702973868306,0.0
0.8603464416684501,1.0,0.00501,0.1,0.0,22.90764059402948,0.41947702973868306,0.0
0.8603464416684501,1.0,0.00631,0.1,0.0,22.90764059402948,0.41947702973868306,0.0
0.9011018251665018,1.0,1e-06,0.1,0.0,24.146977323948008,0.44217134817703735,0.0
0.9011018251665018,1.0,1.26e-06,0.1,0.0,24.146977323948008,0.44217134817703735,0.0
0.9011018251665018,1.0,1.58e-06,0.1,0.0,24.146977323948008,0.44217134817703735,0.0
0.9011018251665018,1.0,2e-06,0.1,0.0,24.146977323948008,0.44217134817703735,0.0
0.9011018251665018,1.0,2.51e-06,0.1,0.0,24.146977323948008,0.44217134817703735,0.0
0.9011018251665018,1.0,3.16e-06,0.1,0.0,24.146977323948008,0.44217134817703735,0.0
0.9011018251665018,1.0,3.98e-06,0.1,0.0,24.146977323948008,0.44217134817703735,0.0
0.9011018251665018,1.0,1.58e-05,0.1,0.0001,24.146977323948008,0.44217134817703735,289.76372788737615
0.9011018251665018,1.0,2e-05,0.1,0.0001,24.146977323948008,0.44217134817703735,289.76372788737615
0.9011018251665018,1.0,2.51e-05,0.1,0.00016666666666666666,24.146977323948008,0.44217134817703735,482.9395464789602
0.9011018251665018,1.0,3.16e-05,0.1,0.0002666666666666667,24.146977323948008,0.44217134817703735,772.7032743663364
0.9011018251665018,1.0,3.98e-05,0.1,0.0003,24.146977323948008,0.44217134817703735,869.2911836621283
0.9011018251665018,1.0,5.01e-05,0.1,0.0005666666666666667,24.146977323948008,0.44217134817703735,1641.9944580284646
0.9011018251665018,1.0,6.31e-05,0.1,0.0009333333333333333,24.146977323948008,0.44217134817703735,2704.461460282177
0.9011018251665018,1.0,7.94e-05,0.1,0.0018,24.146977323948008,0.44217134817703735,5215.74710197277
0.9011018251665018,1.0,0.0001,0.1,0.0026666666666666666,24.146977323948008,0.44217134817703735,7727.032743663363
0.9011018251665018,1.0,0.000126,0.1,0.0038666666666666667,24.146977323948008,0.44217134817703735,11204.197478311877
0.9011018251665018,1.0,0.000158,0.1,0.005,24.146977323948008,0.44217134817703735,14488.186394368806
0.9011018251665018,1.0,0.0002,0.1,0.006533333333333334,24.146977323948008,0.44217134817703735,18931.230221975242
0.9011018251665018,1.0,0.000251,0.1,0.007533333333333334,24.146977323948008,0.44217134817703735,21828.867500849003
0.9011018251665018,1.0,0.000316,0.1,0.008166666666666666,24.146977323948008,0.44217134817703735,23664.037777469046
0.9011018251665018,1.0,0.000398,0.1,0.0066,24.146977323948008,0.44217134817703735,19124.406040566824
0.9011018251665018,1.0,0.000501,0.1,0.004733333333333333,24.146977323948008,0.44217134817703735,13715.483120002471
0.9011018251665018,1.0,0.000631,0.1,0.0025,24.146977323948008,0.44217134817703735,7244.093197184403
0.9011018251665018,1.0,0.000794,0.1,0.0006666666666666666,24.146977323948008,0.44217134817703735,1931.7581859158408
0.9011018251665018,1.0,0.001,0.1,0.0002,24.146977323948008,0.44217134817703735,579.5274557747523
0.9011018251665018,1.0,0.00126,0.1,3.3333333333333335e-05,24.146977323948008,0.44217134817703735,96.58790929579204
0.9011018251665018,1.0,0.00158,0.1,0.0,24.146977323948008,0.44217134817703735,0.0
0.9011018251665018,1.0,0.002,0.1,0.0,24.146977323948008,0.44217134817703735,0.0
0.9011018251665018,1.0,0.00251,0.1,0.0,24.146977323948008,0.44217134817703735,0.0
0.9011018251665018,1.0,0.00316,0.1,0.0,24.146977323948008,0.44217134817703735,0.0
0.9011018251665018,1.0,0.00398,0.1,0.0,24.146977323948008,0.44217134817703735,0.0
0.9011018251665018,1.0,0.00501,0.1,0.0,24.146977323948008,0.44217134817703735,0.0
0.9011018251665018,1.0,0.00631,0.1,0.0,24.146977323948008,0.44217134817703735,0.0
0.9437878277775381,1.0,1e-06,0.1,0.0,25.399644183740456,0.46510976348178823,0.0
0.9437878277775381,1.0,1.26e-06,0.1,0.0,25.399644183740456,0.46510976348178823,0.0
0.9437878277775381,1.0,1.58e-06,0.1,0.0,25.399644183740456,0.46510976348178823,0.0
0.9437878277775381,1.0,2e-06,0.1,0.0,25.399644183740456,0.46510976348178823,0.0
0.9437878277775381,1.0,2.51e-06,0.1,0.0,25.399644183740456,0.46510976348178823,0.0
0.9437878277775381,1.0,3.16e-06,0.1,0.0,25.399644183740456,0.46510976348178823,0.0
0.9437878277775381,1.0,3.98e-06,0.1,0.0,25.399644183740456,0.46510976348178823,0.0
0.9437878277775381,1.0,1.58e-05,0.1,0.0001,25.399644183740456,0.46510976348178823,304.7957302048855
0.9437878277775381,1.0,2e-05,0.1,0.0001,25.399644183740456,0.46510976348178823,304.7957302048855
0.9437878277775381,1.0,2.51e-05,0.1,0.00016666666666666666,25.399644183740456,0.46510976348178823,507.99288367480915
0.9437878277775381,1.0,3.16e-05,0.1,0.0002666666666666667,25.399644183740456,0.46510976348178823,812.7886138796947
0.9437878277775381,1.0,3.98e-05,0.1,0.0003,25.399644183740456,0.46510976348178823,914.3871906146564
0.9437878277775381,1.0,5.01e-05,0.1,0.0005666666666666667,25.399644183740456,0.46510976348178823,1727.1758044943513
0.9437878277775381,1.0,6.31e-05,0.1,0.0009333333333333333,25.399644183740456,0.46510976348178823,2844.7601485789314
0.9437878277775381,1.0,7.94e-05,0.1,0.0018,25.399644183740456,0.46510976348178823,5486.32314368794
0.9437878277775381,1.0,0.0001,0.1,0.0026666666666666666,25.399644183740456,0.46510976348178823,8127.886138796946
0.9437878277775381,1.0,0.000126,0.1,0.0038666666666666667,25.399644183740456,0.46510976348178823,11785.434901255574
0.9437878277775381,1.0,0.000158,0.1,0.005,25.399644183740456,0.46510976348178823,15239.786510244274
0.9437878277775381,1.0,0.0002,0.1,0.006533333333333334,25.399644183740456,0.46510976348178823,19913.32104005252
0.9437878277775381,1.0,0.000251,0.1,0.007533333333333334,25.399644183740456,0.46510976348178823,22961.278342101374
0.9437878277775381,1.0,0.000316,0.1,0.008166666666666666,25.399644183740456,0.46510976348178823,24891.65130006565
0.9437878277775381,1.0,0.000398,0.1,0.0066,25.399644183740456,0.46510976348178823,20116.518193522443
0.9437878277775381,1.0,0.000501,0.1,0.004733333333333333,25.399644183740456,0.46510976348178823,14426.997896364579
0.9437878277775381,1.0,0.000631,0.1,0.0025,25.399644183740456,0.46510976348178823,7619.893255122137
0.9437878277775381,1.0,0.000794,0.1,0.0006666666666666666,25.399644183740456,0.46510976348178823,2031.9715346992366
0.9437878277775381,1.0,0.001,0.1,0.0002,25.399644183740456,0.46510976348178823,609.591460409771
0.9437878277775381,1.0,0.00126,0.1,3.3333333333333335e-05,25.399644183740456,0.46510976348178823,101.59857673496184
0.9437878277775381,1.0,0.00158,0.1,0.0,25.399644183740456,0.46510976348178823,0.0
0.9437878277775381,1.0,0.002,0.1,0.0,25.399644183740456,0.46510976348178823,0.0
0.9437878277775381,1.0,0.00251,0.1,0.0,25.399644183740456,0.46510976348178823,0.0
0.9437878277775381,1.0,0.00316,0.1,0.0,25.399644183740456,0.46510976348178823,0.0
0.9437878277775381,1.0,0.00398,0.1,0.0,25.399644183740456,0.46510976348178823,0.0
0.9437878277775381,1.0,0.00501,0.1,0.0,25.399644183740456,0.46510976348178823,0.0
0.9437878277775381,1.0,0.00631,0.1,0.0,25.399644183740456,0.46510976348178823,0.0
0.9884959046625587,1.0,1e-06,0.1,0.0,26.660422821135302,0.48819671893673877,0.0
0.9884959046625587,1.0,1.26e-06,0.1,0.0,26.660422821135302,0.48819671893673877,0.0
0.9884959046625587,1.0,1.58e-06,0.1,0.0,26.660422821135302,0.48819671893673877,0.0
0.9884959046625587,1.0,2e-06,0.1,0.0,26.660422821135302,0.48819671893673877,0.0
0.9884959046625587,1.0,2.51e-06,0.1,0.0,26.660422821135302,0.48819671893673877,0.0
0.9884959046625587,1.0,3.16e-06,0.1,0.0,26.660422821135302,0.48819671893673877,0.0
0.9884959046625587,1.0,3.98e-06,0.1,0.0,26.660422821135302,0.48819671893673877,0.0
0.9884959046625587,1.0,1.58e-05,0.1,0.0001,26.660422821135302,0.48819671893673877,319.92507385362364
0.9884959046625587,1.0,2e-05,0.1,0.0001,26.660422821135302,0.48819671893673877,319.92507385362364
0.9884959046625587,1.0,2.51e-05,0.1,0.00016666666666666666,26.660422821135302,0.48819671893673877,533.208456422706
0.9884959046625587,1.0,3.16e-05,0.1,0.0002666666666666667,26.660422821135302,0.48819671893673877,853.1335302763299
0.9884959046625587,1.0,3.98e-05,0.1,0.0003,26.660422821135302,0.48819671893673877,959.7752215608709
0.9884959046625587,1.0,5.01e-05,0.1,0.0005666666666666667,26.660422821135302,0.48819671893673877,1812.908751837201
0.9884959046625587,1.0,6.31e-05,0.1,0.0009333333333333333,26.660422821135302,0.48819671893673877,2985.967355967154
0.9884959046625587,1.0,7.94e-05,0.1,0.0018,26.660422821135302,0.48819671893673877,5758.651329365226
0.9884959046625587,1.0,0.0001,0.1,0.0026666666666666666,26.660422821135302,0.48819671893673877,8531.335302763297
0.9884959046625587,1.0,0.000126,0.1,0.0038666666666666667,26.660422821135302,0.48819671893673877,12370.436189006781
0.9884959046625587,1.0,0.000158,0.1,0.005,26.660422821135302,0.48819671893673877,15996.253692681183
0.9884959046625587,1.0,0.0002,0.1,0.006533333333333334,26.660422821135302,0.48819671893673877,20901.77149177008
0.9884959046625587,1.0,0.000251,0.1,0.007533333333333334,26.660422821135302,0.48819671893673877,24101.022230306316
0.9884959046625587,1.0,0.000316,0.1,0.008166666666666666,26.660422821135302,0.48819671893673877,26127.214364712596
0.9884959046625587,1.0,0.000398,0.1,0.0066,26.660422821135302,0.48819671893673877,21115.054874339163
0.9884959046625587,1.0,0.000501,0.1,0.004733333333333333,26.660422821135302,0.48819671893673877,15143.120162404854
0.9884959046625587,1.0,0.000631,0.1,0.0025,26.660422821135302,0.48819671893673877,7998.126846340591
0.9884959046625587,1.0,0.000794,0.1,0.0006666666666666666,26.660422821135302,0.48819671893673877,2132.833825690824
0.9884959046625587,1.0,0.001,0.1,0.0002,26.660422821135302,0.48819671893673877,639.8501477072473
0.9884959046625587,1.0,0.00126,0.1,3.3333333333333335e-05,26.660422821135302,0.48819671893673877,106.64169128454124
0.9884959046625587,1.0,0.00158,0.1,0.0,26.660422821135302,0.48819671893673877,0.0
0.9884959046625587,1.0,0.002,0.1,0.0,26.660422821135302,0.48819671893673877,0.0
0.9884959046625587,1.0,0.00251,0.1,0.0,26.660422821135302,0.48819671893673877,0.0
0.9884959046625587,1.0,0.00316,0.1,0.0,26.660422821135302,0.48819671893673877,0.0
0.9884959046625587,1.0,0.00398,0.1,0.0,26.660422821135302,0.48819671893673877,0.0
0.9884959046625587,1.0,0.00501,0.1,0.0,26.660422821135302,0.48819671893673877,0.0
0.9884959046625587,1.0,0.00631,0.1,0.0,26.660422821135302,0.48819671893673877,0.0
1.0353218432956626,1.0,1e-06,0.1,0.0,27.923957518478083,0.5113341424368812,0.0
1.0353218432956626,1.0,1.26e-06,0.1,0.0,27.923957518478083,0.5113341424368812,0.0
1.0353218432956626,1.0,1.58e-06,0.1,0.0,27.923957518478083,0.5113341424368812,0.0
1.0353218432956626,1.0,2e-06,0.1,0.0,27.923957518478083,0.5113341424368812,0.0
1.0353218432956626,1.0,2.51e-06,0.1,0.0,27.923957518478083,0.5113341424368812,0.0
1.0353218432956626,1.0,3.16e-06,0.1,0.0,27.923957518478083,0.5113341424368812,0.0
1.0353218432956626,1.0,3.98e-06,0.1,0.0,27.923957518478083,0.5113341424368812,0.0
1.0353218432956626,1.0,1.58e-05,0.1,0.0001,27.923957518478083,0.5113341424368812,335.0874902217371
1.0353218432956626,1.0,2e-05,0.1,0.0001,27.923957518478083,0.5113341424368812,335.0874902217371
1.0353218432956626,1.0,2.51e-05,0.1,0.00016666666666666666,27.923957518478083,0.5113341424368812,558.4791503695617
1.0353218432956626,1.0,3.16e-05,0.1,0.0002666666666666667,27.923957518478083,0.5113341424368812,893.5666405912988
1.0353218432956626,1.0,3.98e-05,0.1,0.0003,27.923957518478083,0.5113341424368812,1005.262470665211
1.0353218432956626,1.0,5.01e-05,0.1,0.0005666666666666667,27.923957518478083,0.5113341424368812,1898.8291112565103
1.0353218432956626,1.0,6.31e-05,0.1,0.0009333333333333333,27.923957518478083,0.5113341424368812,3127.4832420695457
1.0353218432956626,1.0,7.94e-05,0.1,0.0018,27.923957518478083,0.5113341424368812,6031.574823991266
1.0353218432956626,1.0,0.0001,0.1,0.0026666666666666666,27.923957518478083,0.5113341424368812,8935.666405912987
1.0353218432956626,1.0,0.000126,0.1,0.0038666666666666667,27.923957518478083,0.5113341424368812,12956.716288573833
1.0353218432956626,1.0,0.000158,0.1,0.005,27.923957518478083,0.5113341424368812,16754.37451108685
1.0353218432956626,1.0,0.0002,0.1,0.006533333333333334,27.923957518478083,0.5113341424368812,21892.38269448682
1.0353218432956626,1.0,0.000251,0.1,0.007533333333333334,27.923957518478083,0.5113341424368812,25243.257596704192
1.0353218432956626,1.0,0.000316,0.1,0.008166666666666666,27.923957518478083,0.5113341424368812,27365.478368108525
1.0353218432956626,1.0,0.000398,0.1,0.0066,27.923957518478083,0.5113341424368812,22115.774354634646
1.0353218432956626,1.0,0.000501,0.1,0.004733333333333333,27.923957518478083,0.5113341424368812,15860.807870495553
1.0353218432956626,1.0,0.000631,0.1,0.0025,27.923957518478083,0.5113341424368812,8377.187255543426
1.0353218432956626,1.0,0.000794,0.1,0.0006666666666666666,27.923957518478083,0.5113341424368812,2233.916601478247
1.0353218432956626,1.0,0.001,0.1,0.0002,27.923957518478083,0.5113341424368812,670.1749804434742
1.0353218432956626,1.0,0.00126,0.1,3.3333333333333335e-05,27.923957518478083,0.5113341424368812,111.69583007391235
1.0353218432956626,1.0,0.00158,0.1,0.0,27.923957518478083,0.5113341424368812,0.0
1.0353218432956626,1.0,0.002,0.1,0.0,27.923957518478083,0.5113341424368812,0.0
1.0353218432956626,1.0,0.00251,0.1,0.0,27.923957518478083,0.5113341424368812,0.0
1.0353218432956626,1.0,0.00316,0.1,0.0,27.923957518478083,0.5113341424368812,0.0
1.0353218432956626,1.0,0.00398,0.1,0.0,27.923957518478083,0.5113341424368812,0.0
1.0353218432956626,1.0,0.00501,0.1,0.0,27.923957518478083,0.5113341424368812,0.0
1.0353218432956626,1.0,0.00631,0.1,0.0,27.923957518478083,0.5113341424368812,0.0
1.0843659686896108,1.0,1e-06,0.1,0.0,29.184845584770148,0.5344231017170875,0.0
1.0843659686896108,1.0,1.26e-06,0.1,0.0,29.184845584770148,0.5344231017170875,0.0
1.0843659686896108,1.0,1.58e-06,0.1,0.0,29.184845584770148,0.5344231017170875,0.0
1.0843659686896108,1.0,2e-06,0.1,0.0,29.184845584770148,0.5344231017170875,0.0
1.0843659686896108,1.0,2.51e-06,0.1,0.0,29.184845584770148,0.5344231017170875,0.0
1.0843659686896108,1.0,3.16e-06,0.1,0.0,29.184845584770148,0.5344231017170875,0.0
1.0843659686896108,1.0,3.98e-06,0.1,0.0,29.184845584770148,0.5344231017170875,0.0
1.0843659686896108,1.0,1.58e-05,0.1,0.0001,29.184845584770148,0.5344231017170875,350.2181470172418
1.0843659686896108,1.0,2e-05,0.1,0.0001,29.184845584770148,0.5344231017170875,350.2181470172418
1.0843659686896108,1.0,2.51e-05,0.1,0.00016666666666666666,29.184845584770148,0.5344231017170875,583.696911695403
1.0843659686896108,1.0,3.16e-05,0.1,0.0002666666666666667,29.184845584770148,0.5344231017170875,933.915058712645
1.0843659686896108,1.0,3.98e-05,0.1,0.0003,29.184845584770148,0.5344231017170875,1050.6544410517254
1.0843659686896108,1.0,5.01e-05,0.1,0.0005666666666666667,29.184845584770148,0.5344231017170875,1984.5694997643704
1.0843659686896108,1.0,6.31e-05,0.1,0.0009333333333333333,29.184845584770148,0.5344231017170875,3268.702705494257
1.0843659686896108,1.0,7.94e-05,0.1,0.0018,29.184845584770148,0.5344231017170875,6303.926646310352
1.0843659686896108,1.0,0.0001,0.1,0.0026666666666666666,29.184845584770148,0.5344231017170875,9339.150587126447
1.0843659686896108,1.0,0.000126,0.1,0.0038666666666666667,29.184845584770148,0.5344231017170875,13541.76835133335
1.0843659686896108,1.0,0.000158,0.1,0.005,29.184845584770148,0.5344231017170875,17510.90735086209
1.0843659686896108,1.0,0.0002,0.1,0.006533333333333334,29.184845584770148,0.5344231017170875,22880.9189384598
1.0843659686896108,1.0,0.000251,0.1,0.007533333333333334,29.184845584770148,0.5344231017170875,26383.100408632217
1.0843659686896108,1.0,0.000316,0.1,0.008166666666666666,29.184845584770148,0.5344231017170875,28601.148673074746
1.0843659686896108,1.0,0.000398,0.1,0.0066,29.184845584770148,0.5344231017170875,23114.39770313796
1.0843659686896108,1.0,0.000501,0.1,0.004733333333333333,29.184845584770148,0.5344231017170875,16576.992292149444
1.0843659686896108,1.0,0.000631,0.1,0.0025,29.184845584770148,0.5344231017170875,8755.453675431045
1.0843659686896108,1.0,0.000794,0.1,0.0006666666666666666,29.184845584770148,0.5344231017170875,2334.787646781612
1.0843659686896108,1.0,0.001,0.1,0.0002,29.184845584770148,0.5344231017170875,700.4362940344836
1.0843659686896108,1.0,0.00126,0.1,3.3333333333333335e-05,29.184845584770148,0.5344231017170875,116.73938233908062
1.0843659686896108,1.0,0.00158,0.1,0.0,29.184845584770148,0.5344231017170875,0.0
1.0843659686896108,1.0,0.002,0.1,0.0,29.184845584770148,0.5344231017170875,0.0
1.0843659686896108,1.0,0.00251,0.1,0.0,29.184845584770148,0.5344231017170875,0.0
1.0843659686896108,1.0,0.00316,0.1,0.0,29.184845584770148,0.5344231017170875,0.0
1.0843659686896108,1.0,0.00398,0.1,0.0,29.184845584770148,0.5344231017170875,0.0
1.0843659686896108,1.0,0.00501,0.1,0.0,29.184845584770148,0.5344231017170875,0.0
1.0843659686896108,1.0,0.00631,0.1,0.0,29.184845584770148,0.5344231017170875,0.0
1.135733358343105,1.0,1e-06,0.1,0.0,30.437729440208713,0.5573654905733146,0.0
1.135733358343105,1.0,1.26e-06,0.1,0.0,30.437729440208713,0.5573654905733146,0.0
1.135733358343105,1.0,1.58e-06,0.1,0.0,30.437729440208713,0.5573654905733146,0.0
1.135733358343105,1.0,2e-06,0.1,0.0,30.437729440208713,0.5573654905733146,0.0
1.135733358343105,1.0,2.51e-06,0.1,0.0,30.437729440208713,0.5573654905733146,0.0
1.135733358343105,1.0,3.16e-06,0.1,0.0,30.437729440208713,0.5573654905733146,0.0
1.135733358343105,1.0,3.98e-06,0.1,0.0,30.437729440208713,0.5573654905733146,0.0
1.135733358343105,1.0,1.58e-05,0.1,0.0001,30.437729440208713,0.5573654905733146,365.25275328250467
1.135733358343105,1.0,2e-05,0.1,0.0001,30.437729440208713,0.5573654905733146,365.25275328250467
1.135733358343105,1.0,2.51e-05,0.1,0.00016666666666666666,30.437729440208713,0.5573654905733146,608.7545888041744
1.135733358343105,1.0,3.16e-05,0.1,0.0002666666666666667,30.437729440208713,0.5573654905733146,974.0073420866789
1.135733358343105,1.0,3.98e-05,0.1,0.0003,30.437729440208713,0.5573654905733146,1095.7582598475137
1.135733358343105,1.0,5.01e-05,0.1,0.0005666666666666667,30.437729440208713,0.5573654905733146,2069.765601934193
1.135733358343105,1.0,6.31e-05,0.1,0.0009333333333333333,30.437729440208713,0.5573654905733146,3409.0256973033765
1.135733358343105,1.0,7.94e-05,0.1,0.0018,30.437729440208713,0.5573654905733146,6574.549559085083
1.135733358343105,1.0,0.0001,0.1,0.0026666666666666666,30.437729440208713,0.5573654905733146,9740.073420866791
1.135733358343105,1.0,0.000126,0.1,0.0038666666666666667,30.437729440208713,0.5573654905733146,14123.106460256846
1.135733358343105,1.0,0.000158,0.1,0.005,30.437729440208713,0.5573654905733146,18262.637664125232
1.135733358343105,1.0,0.0002,0.1,0.006533333333333334,30.437729440208713,0.5573654905733146,23863.179881123637
1.135733358343105,1.0,0.000251,0.1,0.007533333333333334,30.437729440208713,0.5573654905733146,27515.707413948683
1.135733358343105,1.0,0.000316,0.1,0.008166666666666666,30.437729440208713,0.5573654905733146,29828.97485140454
1.135733358343105,1.0,0.000398,0.1,0.0066,30.437729440208713,0.5573654905733146,24106.681716645304
1.135733358343105,1.0,0.000501,0.1,0.004733333333333333,30.437729440208713,0.5573654905733146,17288.630322038553
1.135733358343105,1.0,0.000631,0.1,0.0025,30.437729440208713,0.5573654905733146,9131.318832062616
1.135733358343105,1.0,0.000794,0.1,0.0006666666666666666,30.437729440208713,0.5573654905733146,2435.0183552166977
1.135733358343105,1.0,0.001,0.1,0.0002,30.437729440208713,0.5573654905733146,730.5055065650093
1.135733358343105,1.0,0.00126,0.1,3.3333333333333335e-05,30.437729440208713,0.5573654905733146,121.75091776083487
1.135733358343105,1.0,0.00158,0.1,0.0,30.437729440208713,0.5573654905733146,0.0
1.135733358343105,1.0,0.002,0.1,0.0,30.437729440208713,0.5573654905733146,0.0
1.135733358343105,1.0,0.00251,0.1,0.0,30.437729440208713,0.5573654905733146,0.0
1.135733358343105,1.0,0.00316,0.1,0.0,30.437729440208713,0.5573654905733146,0.0
1.135733358343105,1.0,0.00398,0.1,0.0,30.437729440208713,0.5573654905733146,0.0
1.135733358343105,1.0,0.00501,0.1,0.0,30.437729440208713,0.5573654905733146,0.0
1.135733358343105,1.0,0.00631,0.1,0.0,30.437729440208713,0.5573654905733146,0.0
1.1895340673703196,1.0,1e-06,0.1,0.0,31.677387075179478,0.5800656853173316,0.0
1.1895340673703196,1.0,1.26e-06,0.1,0.0,31.677387075179478,0.5800656853173316,0.0
1.1895340673703196,1.0,1.58e-06,0.1,0.0,31.677387075179478,0.5800656853173316,0.0
1.1895340673703196,1.0,2e-06,0.1,0.0,31.677387075179478,0.5800656853173316,0.0
1.1895340673703196,1.0,2.51e-06,0.1,0.0,31.677387075179478,0.5800656853173316,0.0
1.1895340673703196,1.0,3.16e-06,0.1,0.0,31.677387075179478,0.5800656853173316,0.0
1.1895340673703196,1.0,3.98e-06,0.1,0.0,31.677387075179478,0.5800656853173316,0.0
1.1895340673703196,1.0,1.58e-05,0.1,0.0001,31.677387075179478,0.5800656853173316,380.12864490215384
1.1895340673703196,1.0,2e-05,0.1,0.0001,31.677387075179478,0.5800656853173316,380.12864490215384
1.1895340673703196,1.0,2.51e-05,0.1,0.00016666666666666666,31.677387075179478,0.5800656853173316,633.5477415035897
1.1895340673703196,1.0,3.16e-05,0.1,0.0002666666666666667,31.677387075179478,0.5800656853173316,1013.6763864057434
1.1895340673703196,1.0,3.98e-05,0.1,0.0003,31.677387075179478,0.5800656853173316,1140.3859347064613
1.1895340673703196,1.0,5.01e-05,0.1,0.0005666666666666667,31.677387075179478,0.5800656853173316,2154.062321112205
1.1895340673703196,1.0,6.31e-05,0.1,0.0009333333333333333,31.677387075179478,0.5800656853173316,3547.867352420102
1.1895340673703196,1.0,7.94e-05,0.1,0.0018,31.677387075179478,0.5800656853173316,6842.315608238769
1.1895340673703196,1.0,0.0001,0.1,0.0026666666666666666,31.677387075179478,0.5800656853173316,10136.763864057435
1.1895340673703196,1.0,0.000126,0.1,0.0038666666666666667,31.677387075179478,0.5800656853173316,14698.30760288328
1.1895340673703196,1.0,0.000158,0.1,0.005,31.677387075179478,0.5800656853173316,19006.432245107688
1.1895340673703196,1.0,0.0002,0.1,0.006533333333333334,31.677387075179478,0.5800656853173316,24835.071466940717
1.1895340673703196,1.0,0.000251,0.1,0.007533333333333334,31.677387075179478,0.5800656853173316,28636.35791596225
1.1895340673703196,1.0,0.000316,0.1,0.008166666666666666,31.677387075179478,0.5800656853173316,31043.83933367589
1.1895340673703196,1.0,0.000398,0.1,0.0066,31.677387075179478,0.5800656853173316,25088.49056354215
1.1895340673703196,1.0,0.000501,0.1,0.004733333333333333,31.677387075179478,0.5800656853173316,17992.755858701945
1.1895340673703196,1.0,0.000631,0.1,0.0025,31.677387075179478,0.5800656853173316,9503.216122553844
1.1895340673703196,1.0,0.000794,0.1,0.0006666666666666666,31.677387075179478,0.5800656853173316,2534.1909660143588
1.1895340673703196,1.0,0.001,0.1,0.0002,31.677387075179478,0.5800656853173316,760.2572898043077
1.1895340673703196,1.0,0.00126,0.1,3.3333333333333335e-05,31.677387075179478,0.5800656853173316,126.70954830071793
1.1895340673703196,1.0,0.00158,0.1,0.0,31.677387075179478,0.5800656853173316,0.0
1.1895340673703196,1.0,0.002,0.1,0.0,31.677387075179478,0.5800656853173316,0.0
1.1895340673703196,1.0,0.00251,0.1,0.0,31.677387075179478,0.5800656853173316,0.0
1.1895340673703196,1.0,0.00316,0.1,0.0,31.677387075179478,0.5800656853173316,0.0
1.1895340673703196,1.0,0.00398,0.1,0.0,31.677387075179478,0.5800656853173316,0.0
1.1895340673703196,1.0,0.00501,0.1,0.0,31.677387075179478,0.5800656853173316,0.0
1.1895340673703196,1.0,0.00631,0.1,0.0,31.677387075179478,0.5800656853173316,0.0
1.2458833642950082,1.0,1e-06,0.1,0.0,32.89881766549937,0.6024321125343228,0.0
1.2458833642950082,1.0,1.26e-06,0.1,0.0,32.89881766549937,0.6024321125343228,0.0
1.2458833642950082,1.0,1.58e-06,0.1,0.0,32.89881766549937,0.6024321125343228,0.0
1.2458833642950082,1.0,2e-06,0.1,0.0,32.89881766549937,0.6024321125343228,0.0
1.2458833642950082,1.0,2.51e-06,0.1,0.0,32.89881766549937,0.6024321125343228,0.0
1.2458833642950082,1.0,3.16e-06,0.1,0.0,32.89881766549937,0.6024321125343228,0.0
1.2458833642950082,1.0,3.98e-06,0.1,0.0,32.89881766549937,0.6024321125343228,0.0
1.2458833642950082,1.0,1.58e-05,0.1,0.0001,32.89881766549937,0.6024321125343228,394.7858119859925
1.2458833642950082,1.0,2e-05,0.1,0.0001,32.89881766549937,0.6024321125343228,394.7858119859925
1.2458833642950082,1.0,2.51e-05,0.1,0.00016666666666666666,32.89881766549937,0.6024321125343228,657.9763533099875
1.2458833642950082,1.0,3.16e-05,0.1,0.0002666666666666667,32.89881766549937,0.6024321125343228,1052.7621652959801
1.2458833642950082,1.0,3.98e-05,0.1,0.0003,32.89881766549937,0.6024321125343228,1184.3574359579775
1.2458833642950082,1.0,5.01e-05,0.1,0.0005666666666666667,32.89881766549937,0.6024321125343228,2237.1196012539576
1.2458833642950082,1.0,6.31e-05,0.1,0.0009333333333333333,32.89881766549937,0.6024321125343228,3684.6675785359303
1.2458833642950082,1.0,7.94e-05,0.1,0.0018,32.89881766549937,0.6024321125343228,7106.144615747864
1.2458833642950082,1.0,0.0001,0.1,0.0026666666666666666,32.89881766549937,0.6024321125343228,10527.6216529598
1.2458833642950082,1.0,0.000126,0.1,0.0038666666666666667,32.89881766549937,0.6024321125343228,15265.05139679171
1.2458833642950082,1.0,0.000158,0.1,0.005,32.89881766549937,0.6024321125343228,19739.290599299624
1.2458833642950082,1.0,0.0002,0.1,0.006533333333333334,32.89881766549937,0.6024321125343228,25792.673049751513
1.2458833642950082,1.0,0.000251,0.1,0.007533333333333334,32.89881766549937,0.6024321125343228,29740.531169611437
1.2458833642950082,1.0,0.000316,0.1,0.008166666666666666,32.89881766549937,0.6024321125343228,32240.841312189383
1.2458833642950082,1.0,0.000398,0.1,0.0066,32.89881766549937,0.6024321125343228,26055.863591075507
1.2458833642950082,1.0,0.000501,0.1,0.004733333333333333,32.89881766549937,0.6024321125343228,18686.528434003645
1.2458833642950082,1.0,0.000631,0.1,0.0025,32.89881766549937,0.6024321125343228,9869.645299649812
1.2458833642950082,1.0,0.000794,0.1,0.0006666666666666666,32.89881766549937,0.6024321125343228,2631.90541323995
1.2458833642950082,1.0,0.001,0.1,0.0002,32.89881766549937,0.6024321125343228,789.571623971985
1.2458833642950082,1.0,0.00126,0.1,3.3333333333333335e-05,32.89881766549937,0.6024321125343228,131.59527066199752
1.2458833642950082,1.0,0.00158,0.1,0.0,32.89881766549937,0.6024321125343228,0.0
1.2458833642950082,1.0,0.002,0.1,0.0,32.89881766549937,0.6024321125343228,0.0
1.2458833642950082,1.0,0.00251,0.1,0.0,32.89881766549937,0.6024321125343228,0.0
1.2458833642950082,1.0,0.00316,0.1,0.0,32.89881766549937,0.6024321125343228,0.0
1.2458833642950082,1.0,0.00398,0.1,0.0,32.89881766549937,0.6024321125343228,0.0
1.2458833642950082,1.0,0.00501,0.1,0.0,32.89881766549937,0.6024321125343228,0.0
1.2458833642950082,1.0,0.00631,0.1,0.0,32.89881766549937,0.6024321125343228,0.0
1.3049019780144029,1.0,1e-06,0.1,0.0,34.09731942005531,0.624378674602734,0.0
1.3049019780144029,1.0,1.26e-06,0.1,0.0,34.09731942005531,0.624378674602734,0.0
1.3049019780144029,1.0,1.58e-06,0.1,0.0,34.09731942005531,0.624378674602734,0.0
1.3049019780144029,1.0,2e-06,0.1,0.0,34.09731942005531,0.624378674602734,0.0
1.3049019780144029,1.0,2.51e-06,0.1,0.0,34.09731942005531,0.624378674602734,0.0
1.3049019780144029,1.0,3.16e-06,0.1,0.0,34.09731942005531,0.624378674602734,0.0
1.3049019780144029,1.0,3.98e-06,0.1,0.0,34.09731942005531,0.624378674602734,0.0
1.3049019780144029,1.0,1.58e-05,0.1,0.0001,34.09731942005531,0.624378674602734,409.1678330406637
1.3049019780144029,1.0,2e-05,0.1,0.0001,34.09731942005531,0.624378674602734,409.1678330406637
1.3049019780144029,1.0,2.51e-05,0.1,0.00016666666666666666,34.09731942005531,0.624378674602734,681.9463884011061
1.3049019780144029,1.0,3.16e-05,0.1,0.0002666666666666667,34.09731942005531,0.624378674602734,1091.1142214417698
1.3049019780144029,1.0,3.98e-05,0.1,0.0003,34.09731942005531,0.624378674602734,1227.503499121991
1.3049019780144029,1.0,5.01e-05,0.1,0.0005666666666666667,34.09731942005531,0.624378674602734,2318.617720563761
1.3049019780144029,1.0,6.31e-05,0.1,0.0009333333333333333,34.09731942005531,0.624378674602734,3818.899775046195
1.3049019780144029,1.0,7.94e-05,0.1,0.0018,34.09731942005531,0.624378674602734,7365.020994731945
1.3049019780144029,1.0,0.0001,0.1,0.0026666666666666666,34.09731942005531,0.624378674602734,10911.142214417698
1.3049019780144029,1.0,0.000126,0.1,0.0038666666666666667,34.09731942005531,0.624378674602734,15821.156210905663
1.3049019780144029,1.0,0.000158,0.1,0.005,34.09731942005531,0.624378674602734,20458.391652033184
1.3049019780144029,1.0,0.0002,0.1,0.006533333333333334,34.09731942005531,0.624378674602734,26732.29842532336
1.3049019780144029,1.0,0.000251,0.1,0.007533333333333334,34.09731942005531,0.624378674602734,30823.97675573
1.3049019780144029,1.0,0.000316,0.1,0.008166666666666666,34.09731942005531,0.624378674602734,33415.3730316542
1.3049019780144029,1.0,0.000398,0.1,0.0066,34.09731942005531,0.624378674602734,27005.076980683803
1.3049019780144029,1.0,0.000501,0.1,0.004733333333333333,34.09731942005531,0.624378674602734,19367.277430591417
1.3049019780144029,1.0,0.000631,0.1,0.0025,34.09731942005531,0.624378674602734,10229.195826016592
1.3049019780144029,1.0,0.000794,0.1,0.0006666666666666666,34.09731942005531,0.624378674602734,2727.7855536044244
1.3049019780144029,1.0,0.001,0.1,0.0002,34.09731942005531,0.624378674602734,818.3356660813274
1.3049019780144029,1.0,0.00126,0.1,3.3333333333333335e-05,34.09731942005531,0.624378674602734,136.38927768022123
1.3049019780144029,1.0,0.00158,0.1,0.0,34.09731942005531,0.624378674602734,0.0
1.3049019780144029,1.0,0.002,0.1,0.0,34.09731942005531,0.624378674602734,0.0
1.3049019780144029,1.0,0.00251,0.1,0.0,34.09731942005531,0.624378674602734,0.0
1.3049019780144029,1.0,0.00316,0.1,0.0,34.09731942005531,0.624378674602734,0.0
1.3049019780144029,1.0,0.00398,0.1,0.0,34.09731942005531,0.624378674602734,0.0
1.3049019780144029,1.0,0.00501,0.1,0.0,34.09731942005531,0.624378674602734,0.0
1.3049019780144029,1.0,0.00631,0.1,0.0,34.09731942005531,0.624378674602734,0.0
1.3667163564620073,1.0,1e-06,0.1,0.0,35.268557198793,0.6458259878921991,0.0
1.3667163564620073,1.0,1.26e-06,0.1,0.0,35.268557198793,0.6458259878921991,0.0
1.3667163564620073,1.0,1.58e-06,0.1,0.0,35.268557198793,0.6458259878921991,0.0
1.3667163564620073,1.0,2e-06,0.1,0.0,35.268557198793,0.6458259878921991,0.0
1.3667163564620073,1.0,2.51e-06,0.1,0.0,35.268557198793,0.6458259878921991,0.0
1.3667163564620073,1.0,3.16e-06,0.1,0.0,35.268557198793,0.6458259878921991,0.0
1.3667163564620073,1.0,3.98e-06,0.1,0.0,35.268557198793,0.6458259878921991,0.0
1.3667163564620073,1.0,1.58e-05,0.1,0.0001,35.268557198793,0.6458259878921991,423.22268638551606
1.3667163564620073,1.0,2e-05,0.1,0.0001,35.268557198793,0.6458259878921991,423.22268638551606
1.3667163564620073,1.0,2.51e-05,0.1,0.00016666666666666666,35.268557198793,0.6458259878921991,705.37114397586
1.3667163564620073,1.0,3.16e-05,0.1,0.0002666666666666667,35.268557198793,0.6458259878921991,1128.5938303613761
1.3667163564620073,1.0,3.98e-05,0.1,0.0003,35.268557198793,0.6458259878921991,1269.668059156548
1.3667163564620073,1.0,5.01e-05,0.1,0.0005666666666666667,35.268557198793,0.6458259878921991,2398.2618895179244
1.3667163564620073,1.0,6.31e-05,0.1,0.0009333333333333333,35.268557198793,0.6458259878921991,3950.0784062648163
1.3667163564620073,1.0,7.94e-05,0.1,0.0018,35.268557198793,0.6458259878921991,7618.0083549392875
1.3667163564620073,1.0,0.0001,0.1,0.0026666666666666666,35.268557198793,0.6458259878921991,11285.93830361376
1.3667163564620073,1.0,0.000126,0.1,0.0038666666666666667,35.268557198793,0.6458259878921991,16364.610540239953
1.3667163564620073,1.0,0.000158,0.1,0.005,35.268557198793,0.6458259878921991,21161.134319275803
1.3667163564620073,1.0,0.0002,0.1,0.006533333333333334,35.268557198793,0.6458259878921991,27650.548843853714
1.3667163564620073,1.0,0.000251,0.1,0.007533333333333334,35.268557198793,0.6458259878921991,31882.775707708875
1.3667163564620073,1.0,0.000316,0.1,0.008166666666666666,35.268557198793,0.6458259878921991,34563.18605481714
1.3667163564620073,1.0,0.000398,0.1,0.0066,35.268557198793,0.6458259878921991,27932.69730144406
1.3667163564620073,1.0,0.000501,0.1,0.004733333333333333,35.268557198793,0.6458259878921991,20032.540488914427
1.3667163564620073,1.0,0.000631,0.1,0.0025,35.268557198793,0.6458259878921991,10580.567159637902
1.3667163564620073,1.0,0.000794,0.1,0.0006666666666666666,35.268557198793,0.6458259878921991,2821.48457590344
1.3667163564620073,1.0,0.001,0.1,0.0002,35.268557198793,0.6458259878921991,846.4453727710321
1.3667163564620073,1.0,0.00126,0.1,3.3333333333333335e-05,35.268557198793,0.6458259878921991,141.07422879517202
1.3667163564620073,1.0,0.00158,0.1,0.0,35.268557198793,0.6458259878921991,0.0
1.3667163564620073,1.0,0.002,0.1,0.0,35.268557198793,0.6458259878921991,0.0
1.3667163564620073,1.0,0.00251,0.1,0.0,35.268557198793,0.6458259878921991,0.0
1.3667163564620073,1.0,0.00316,0.1,0.0,35.268557198793,0.6458259878921991,0.0
1.3667163564620073,1.0,0.00398,0.1,0.0,35.268557198793,0.6458259878921991,0.0
1.3667163564620073,1.0,0.00501,0.1,0.0,35.268557198793,0.6458259878921991,0.0
1.3667163564620073,1.0,0.00631,0.1,0.0,35.268557198793,0.6458259878921991,0.0
1.4314589375234785,1.0,1e-06,0.1,0.0,36.40861802696851,0.6667023993218918,0.0
1.4314589375234785,1.0,1.26e-06,0.1,0.0,36.40861802696851,0.6667023993218918,0.0
1.4314589375234785,1.0,1.58e-06,0.1,0.0,36.40861802696851,0.6667023993218918,0.0
1.4314589375234785,1.0,2e-06,0.1,0.0,36.40861802696851,0.6667023993218918,0.0
1.4314589375234785,1.0,2.51e-06,0.1,0.0,36.40861802696851,0.6667023993218918,0.0
1.4314589375234785,1.0,3.16e-06,0.1,0.0,36.40861802696851,0.6667023993218918,0.0
1.4314589375234785,1.0,3.98e-06,0.1,0.0,36.40861802696851,0.6667023993218918,0.0
1.4314589375234785,1.0,1.58e-05,0.1,0.0001,36.40861802696851,0.6667023993218918,436.9034163236222
1.4314589375234785,1.0,2e-05,0.1,0.0001,36.40861802696851,0.6667023993218918,436.9034163236222
1.4314589375234785,1.0,2.51e-05,0.1,0.00016666666666666666,36.40861802696851,0.6667023993218918,728.1723605393703
1.4314589375234785,1.0,3.16e-05,0.1,0.0002666666666666667,36.40861802696851,0.6667023993218918,1165.0757768629926
1.4314589375234785,1.0,3.98e-05,0.1,0.0003,36.40861802696851,0.6667023993218918,1310.7102489708666
1.4314589375234785,1.0,5.01e-05,0.1,0.0005666666666666667,36.40861802696851,0.6667023993218918,2475.786025833859
1.4314589375234785,1.0,6.31e-05,0.1,0.0009333333333333333,36.40861802696851,0.6667023993218918,4077.7652190204735
1.4314589375234785,1.0,7.94e-05,0.1,0.0018,36.40861802696851,0.6667023993218918,7864.2614938252
1.4314589375234785,1.0,0.0001,0.1,0.0026666666666666666,36.40861802696851,0.6667023993218918,11650.757768629925
1.4314589375234785,1.0,0.000126,0.1,0.0038666666666666667,36.40861802696851,0.6667023993218918,16893.59876451339
1.4314589375234785,1.0,0.000158,0.1,0.005,36.40861802696851,0.6667023993218918,21845.17081618111
1.4314589375234785,1.0,0.0002,0.1,0.006533333333333334,36.40861802696851,0.6667023993218918,28544.356533143316
1.4314589375234785,1.0,0.000251,0.1,0.007533333333333334,36.40861802696851,0.6667023993218918,32913.39069637954
1.4314589375234785,1.0,0.000316,0.1,0.008166666666666666,36.40861802696851,0.6667023993218918,35680.44566642914
1.4314589375234785,1.0,0.000398,0.1,0.0066,36.40861802696851,0.6667023993218918,28835.625477359066
1.4314589375234785,1.0,0.000501,0.1,0.004733333333333333,36.40861802696851,0.6667023993218918,20680.095039318116
1.4314589375234785,1.0,0.000631,0.1,0.0025,36.40861802696851,0.6667023993218918,10922.585408090556
1.4314589375234785,1.0,0.000794,0.1,0.0006666666666666666,36.40861802696851,0.6667023993218918,2912.689442157481
1.4314589375234785,1.0,0.001,0.1,0.0002,36.40861802696851,0.6667023993218918,873.8068326472444
1.4314589375234785,1.0,0.00126,0.1,3.3333333333333335e-05,36.40861802696851,0.6667023993218918,145.63447210787407
1.4314589375234785,1.0,0.00158,0.1,0.0,36.40861802696851,0.6667023993218918,0.0
1.4314589375234785,1.0,0.002,0.1,0.0,36.40861802696851,0.6667023993218918,0.0
1.4314589375234785,1.0,0.00251,0.1,0.0,36.40861802696851,0.6667023993218918,0.0
1.4314589375234785,1.0,0.00316,0.1,0.0,36.40861802696851,0.6667023993218918,0.0
1.4314589375234785,1.0,0.00398,0.1,0.0,36.40861802696851,0.6667023993218918,0.0
1.4314589375234785,1.0,0.00501,0.1,0.0,36.40861802696851,0.6667023993218918,0.0
1.4314589375234785,1.0,0.00631,0.1,0.0,36.40861802696851,0.6667023993218918,0.0
1.4992684327860455,1.0,1e-06,0.1,0.0,37.51405329525576,0.6869447591147366,0.0
1.4992684327860455,1.0,1.26e-06,0.1,0.0,37.51405329525576,0.6869447591147366,0.0
1.4992684327860455,1.0,1.58e-06,0.1,0.0,37.51405329525576,0.6869447591147366,0.0
1.4992684327860455,1.0,2e-06,0.1,0.0,37.51405329525576,0.6869447591147366,0.0
1.4992684327860455,1.0,2.51e-06,0.1,0.0,37.51405329525576,0.6869447591147366,0.0
1.4992684327860455,1.0,3.16e-06,0.1,0.0,37.51405329525576,0.6869447591147366,0.0
1.4992684327860455,1.0,3.98e-06,0.1,0.0,37.51405329525576,0.6869447591147366,0.0
1.4992684327860455,1.0,1.58e-05,0.1,0.0001,37.51405329525576,0.6869447591147366,450.1686395430693
1.4992684327860455,1.0,2e-05,0.1,0.0001,37.51405329525576,0.6869447591147366,450.1686395430693
1.4992684327860455,1.0,2.51e-05,0.1,0.00016666666666666666,37.51405329525576,0.6869447591147366,750.2810659051154
1.4992684327860455,1.0,3.16e-05,0.1,0.0002666666666666667,37.51405329525576,0.6869447591147366,1200.4497054481847
1.4992684327860455,1.0,3.98e-05,0.1,0.0003,37.51405329525576,0.6869447591147366,1350.5059186292076
1.4992684327860455,1.0,5.01e-05,0.1,0.0005666666666666667,37.51405329525576,0.6869447591147366,2550.9556240773927
1.4992684327860455,1.0,6.31e-05,0.1,0.0009333333333333333,37.51405329525576,0.6869447591147366,4201.573969068646
1.4992684327860455,1.0,7.94e-05,0.1,0.0018,37.51405329525576,0.6869447591147366,8103.035511775247
1.4992684327860455,1.0,0.0001,0.1,0.0026666666666666666,37.51405329525576,0.6869447591147366,12004.497054481846
1.4992684327860455,1.0,0.000126,0.1,0.0038666666666666667,37.51405329525576,0.6869447591147366,17406.52072899868
1.4992684327860455,1.0,0.000158,0.1,0.005,37.51405329525576,0.6869447591147366,22508.431977153465
1.4992684327860455,1.0,0.0002,0.1,0.006533333333333334,37.51405329525576,0.6869447591147366,29411.01778348052
1.4992684327860455,1.0,0.000251,0.1,0.007533333333333334,37.51405329525576,0.6869447591147366,33912.70417891122
1.4992684327860455,1.0,0.000316,0.1,0.008166666666666666,37.51405329525576,0.6869447591147366,36763.77222935065
1.4992684327860455,1.0,0.000398,0.1,0.0066,37.51405329525576,0.6869447591147366,29711.13020984257
1.4992684327860455,1.0,0.000501,0.1,0.004733333333333333,37.51405329525576,0.6869447591147366,21307.982271705278
1.4992684327860455,1.0,0.000631,0.1,0.0025,37.51405329525576,0.6869447591147366,11254.215988576732
1.4992684327860455,1.0,0.000794,0.1,0.0006666666666666666,37.51405329525576,0.6869447591147366,3001.1242636204615
1.4992684327860455,1.0,0.001,0.1,0.0002,37.51405329525576,0.6869447591147366,900.3372790861386
1.4992684327860455,1.0,0.00126,0.1,3.3333333333333335e-05,37.51405329525576,0.6869447591147366,150.05621318102308
1.4992684327860455,1.0,0.00158,0.1,0.0,37.51405329525576,0.6869447591147366,0.0
1.4992684327860455,1.0,0.002,0.1,0.0,37.51405329525576,0.6869447591147366,0.0
1.4992684327860455,1.0,0.00251,0.1,0.0,37.51405329525576,0.6869447591147366,0.0
1.4992684327860455,1.0,0.00316,0.1,0.0,37.51405329525576,0.6869447591147366,0.0
1.4992684327860455,1.0,0.00398,0.1,0.0,37.51405329525576,0.6869447591147366,0.0
1.4992684327860455,1.0,0.00501,0.1,0.0,37.51405329525576,0.6869447591147366,0.0
1.4992684327860455,1.0,0.00631,0.1,0.0,37.51405329525576,0.6869447591147366,0.0
1.5702901247293775,1.0,1e-06,0.1,0.0,38.581907121134414,0.70649894014163,0.0
1.5702901247293775,1.0,1.26e-06,0.1,0.0,38.581907121134414,0.70649894014163,0.0
1.5702901247293775,1.0,1.58e-06,0.1,0.0,38.581907121134414,0.70649894014163,0.0
1.5702901247293775,1.0,2e-06,0.1,0.0,38.581907121134414,0.70649894014163,0.0
1.5702901247293775,1.0,2.51e-06,0.1,0.0,38.581907121134414,0.70649894014163,0.0
1.5702901247293775,1.0,3.16e-06,0.1,0.0,38.581907121134414,0.70649894014163,0.0
1.5702901247293775,1.0,3.98e-06,0.1,0.0,38.581907121134414,0.70649894014163,0.0
1.5702901247293775,1.0,1.58e-05,0.1,0.0001,38.581907121134414,0.70649894014163,462.98288545361305
1.5702901247293775,1.0,2e-05,0.1,0.0001,38.581907121134414,0.70649894014163,462.98288545361305
1.5702901247293775,1.0,2.51e-05,0.1,0.00016666666666666666,38.581907121134414,0.70649894014163,771.6381424226884
1.5702901247293775,1.0,3.16e-05,0.1,0.0002666666666666667,38.581907121134414,0.70649894014163,1234.6210278763015
1.5702901247293775,1.0,3.98e-05,0.1,0.0003,38.581907121134414,0.70649894014163,1388.948656360839
1.5702901247293775,1.0,5.01e-05,0.1,0.0005666666666666667,38.581907121134414,0.70649894014163,2623.569684237141
1.5702901247293775,1.0,6.31e-05,0.1,0.0009333333333333333,38.581907121134414,0.70649894014163,4321.173597567055
1.5702901247293775,1.0,7.94e-05,0.1,0.0018,38.581907121134414,0.70649894014163,8333.691938165035
1.5702901247293775,1.0,0.0001,0.1,0.0026666666666666666,38.581907121134414,0.70649894014163,12346.210278763014
1.5702901247293775,1.0,0.000126,0.1,0.0038666666666666667,38.581907121134414,0.70649894014163,17902.004904206373
1.5702901247293775,1.0,0.000158,0.1,0.005,38.581907121134414,0.70649894014163,23149.144272680653
1.5702901247293775,1.0,0.0002,0.1,0.006533333333333334,38.581907121134414,0.70649894014163,30248.21518296939
1.5702901247293775,1.0,0.000251,0.1,0.007533333333333334,38.581907121134414,0.70649894014163,34878.04403750552
1.5702901247293775,1.0,0.000316,0.1,0.008166666666666666,38.581907121134414,0.70649894014163,37810.26897871173
1.5702901247293775,1.0,0.000398,0.1,0.0066,38.581907121134414,0.70649894014163,30556.870439938462
1.5702901247293775,1.0,0.000501,0.1,0.004733333333333333,38.581907121134414,0.70649894014163,21914.523244804353
1.5702901247293775,1.0,0.000631,0.1,0.0025,38.581907121134414,0.70649894014163,11574.572136340326
1.5702901247293775,1.0,0.000794,0.1,0.0006666666666666666,38.581907121134414,0.70649894014163,3086.5525696907534
1.5702901247293775,1.0,0.001,0.1,0.0002,38.581907121134414,0.70649894014163,925.9657709072261
1.5702901247293775,1.0,0.00126,0.1,3.3333333333333335e-05,38.581907121134414,0.70649894014163,154.32762848453768
1.5702901247293775,1.0,0.00158,0.1,0.0,38.581907121134414,0.70649894014163,0.0
1.5702901247293775,1.0,0.002,0.1,0.0,38.581907121134414,0.70649894014163,0.0
1.5702901247293775,1.0,0.00251,0.1,0.0,38.581907121134414,0.70649894014163,0.0
1.5702901247293775,1.0,0.00316,0.1,0.0,38.581907121134414,0.70649894014163,0.0
1.5702901247293775,1.0,0.00398,0.1,0.0,38.581907121134414,0.70649894014163,0.0
1.5702901247293775,1.0,0.00501,0.1,0.0,38.581907121134414,0.70649894014163,0.0
1.5702901247293775,1.0,0.00631,0.1,0.0,38.581907121134414,0.70649894014163,0.0
1.6446761779946644,1.0,1e-06,0.1,0.0,39.60973100412586,0.7253201062832056,0.0
1.6446761779946644,1.0,1.26e-06,0.1,0.0,39.60973100412586,0.7253201062832056,0.0
1.6446761779946644,1.0,1.58e-06,0.1,0.0,39.60973100412586,0.7253201062832056,0.0
1.6446761779946644,1.0,2e-06,0.1,0.0,39.60973100412586,0.7253201062832056,0.0
1.6446761779946644,1.0,2.51e-06,0.1,0.0,39.60973100412586,0.7253201062832056,0.0
1.6446761779946644,1.0,3.16e-06,0.1,0.0,39.60973100412586,0.7253201062832056,0.0
1.6446761779946644,1.0,3.98e-06,0.1,0.0,39.60973100412586,0.7253201062832056,0.0
1.6446761779946644,1.0,1.58e-05,0.1,0.0001,39.60973100412586,0.7253201062832056,475.3167720495104
1.6446761779946644,1.0,2e-05,0.1,0.0001,39.60973100412586,0.7253201062832056,475.3167720495104
1.6446761779946644,1.0,2.51e-05,0.1,0.00016666666666666666,39.60973100412586,0.7253201062832056,792.1946200825173
1.6446761779946644,1.0,3.16e-05,0.1,0.0002666666666666667,39.60973100412586,0.7253201062832056,1267.511392132028
1.6446761779946644,1.0,3.98e-05,0.1,0.0003,39.60973100412586,0.7253201062832056,1425.950316148531
1.6446761779946644,1.0,5.01e-05,0.1,0.0005666666666666667,39.60973100412586,0.7253201062832056,2693.4617082805594
1.6446761779946644,1.0,6.31e-05,0.1,0.0009333333333333333,39.60973100412586,0.7253201062832056,4436.289872462097
1.6446761779946644,1.0,7.94e-05,0.1,0.0018,39.60973100412586,0.7253201062832056,8555.701896891187
1.6446761779946644,1.0,0.0001,0.1,0.0026666666666666666,39.60973100412586,0.7253201062832056,12675.113921320277
1.6446761779946644,1.0,0.000126,0.1,0.0038666666666666667,39.60973100412586,0.7253201062832056,18378.9151859144
1.6446761779946644,1.0,0.000158,0.1,0.005,39.60973100412586,0.7253201062832056,23765.83860247552
1.6446761779946644,1.0,0.0002,0.1,0.006533333333333334,39.60973100412586,0.7253201062832056,31054.02910723468
1.6446761779946644,1.0,0.000251,0.1,0.007533333333333334,39.60973100412586,0.7253201062832056,35807.196827729786
1.6446761779946644,1.0,0.000316,0.1,0.008166666666666666,39.60973100412586,0.7253201062832056,38817.53638404335
1.6446761779946644,1.0,0.000398,0.1,0.0066,39.60973100412586,0.7253201062832056,31370.90695526769
1.6446761779946644,1.0,0.000501,0.1,0.004733333333333333,39.60973100412586,0.7253201062832056,22498.327210343494
1.6446761779946644,1.0,0.000631,0.1,0.0025,39.60973100412586,0.7253201062832056,11882.91930123776
1.6446761779946644,1.0,0.000794,0.1,0.0006666666666666666,39.60973100412586,0.7253201062832056,3168.778480330069
1.6446761779946644,1.0,0.001,0.1,0.0002,39.60973100412586,0.7253201062832056,950.6335440990208
1.6446761779946644,1.0,0.00126,0.1,3.3333333333333335e-05,39.60973100412586,0.7253201062832056,158.4389240165035
1.6446761779946644,1.0,0.00158,0.1,0.0,39.60973100412586,0.7253201062832056,0.0
1.6446761779946644,1.0,0.002,0.1,0.0,39.60973100412586,0.7253201062832056,0.0
1.6446761779946644,1.0,0.00251,0.1,0.0,39.60973100412586,0.7253201062832056,0.0
1.6446761779946644,1.0,0.00316,0.1,0.0,39.60973100412586,0.7253201062832056,0.0
1.6446761779946644,1.0,0.00398,0.1,0.0,39.60973100412586,0.7253201062832056,0.0
1.6446761779946644,1.0,0.00501,0.1,0.0,39.60973100412586,0.7253201062832056,0.0
1.6446761779946644,1.0,0.00631,0.1,0.0,39.60973100412586,0.7253201062832056,0.0
1.7225859653987874,1.0,1e-06,0.1,0.0,40.59558549273312,0.743372742954278,0.0
1.7225859653987874,1.0,1.26e-06,0.1,0.0,40.59558549273312,0.743372742954278,0.0
1.7225859653987874,1.0,1.58e-06,0.1,0.0,40.59558549273312,0.743372742954278,0.0
1.7225859653987874,1.0,2e-06,0.1,0.0,40.59558549273312,0.743372742954278,0.0
1.7225859653987874,1.0,2.51e-06,0.1,0.0,40.59558549273312,0.743372742954278,0.0
1.7225859653987874,1.0,3.16e-06,0.1,0.0,40.59558549273312,0.743372742954278,0.0
1.7225859653987874,1.0,3.98e-06,0.1,0.0,40.59558549273312,0.743372742954278,0.0
1.7225859653987874,1.0,1.58e-05,0.1,0.0001,40.59558549273312,0.743372742954278,487.1470259127975
1.7225859653987874,1.0,2e-05,0.1,0.0001,40.59558549273312,0.743372742954278,487.1470259127975
1.7225859653987874,1.0,2.51e-05,0.1,0.00016666666666666666,40.59558549273312,0.743372742954278,811.9117098546625
1.7225859653987874,1.0,3.16e-05,0.1,0.0002666666666666667,40.59558549273312,0.743372742954278,1299.0587357674601
1.7225859653987874,1.0,3.98e-05,0.1,0.0003,40.59558549273312,0.743372742954278,1461.4410777383923
1.7225859653987874,1.0,5.01e-05,0.1,0.0005666666666666667,40.59558549273312,0.743372742954278,2760.4998135058527
1.7225859653987874,1.0,6.31e-05,0.1,0.0009333333333333333,40.59558549273312,0.743372742954278,4546.70557518611
1.7225859653987874,1.0,7.94e-05,0.1,0.0018,40.59558549273312,0.743372742954278,8768.646466430355
1.7225859653987874,1.0,0.0001,0.1,0.0026666666666666666,40.59558549273312,0.743372742954278,12990.5873576746
1.7225859653987874,1.0,0.000126,0.1,0.0038666666666666667,40.59558549273312,0.743372742954278,18836.35166862817
1.7225859653987874,1.0,0.000158,0.1,0.005,40.59558549273312,0.743372742954278,24357.351295639877
1.7225859653987874,1.0,0.0002,0.1,0.006533333333333334,40.59558549273312,0.743372742954278,31826.93902630277
1.7225859653987874,1.0,0.000251,0.1,0.007533333333333334,40.59558549273312,0.743372742954278,36698.409285430746
1.7225859653987874,1.0,0.000316,0.1,0.008166666666666666,40.59558549273312,0.743372742954278,39783.67378287846
1.7225859653987874,1.0,0.000398,0.1,0.0066,40.59558549273312,0.743372742954278,32151.703710244634
1.7225859653987874,1.0,0.000501,0.1,0.004733333333333333,40.59558549273312,0.743372742954278,23058.292559872414
1.7225859653987874,1.0,0.000631,0.1,0.0025,40.59558549273312,0.743372742954278,12178.675647819939
1.7225859653987874,1.0,0.000794,0.1,0.0006666666666666666,40.59558549273312,0.743372742954278,3247.64683941865
1.7225859653987874,1.0,0.001,0.1,0.0002,40.59558549273312,0.743372742954278,974.294051825595
1.7225859653987874,1.0,0.00126,0.1,3.3333333333333335e-05,40.59558549273312,0.743372742954278,162.38234197093252
1.7225859653987874,1.0,0.00158,0.1,0.0,40.59558549273312,0.743372742954278,0.0
1.7225859653987874,1.0,0.002,0.1,0.0,40.59558549273312,0.743372742954278,0.0
1.7225859653987874,1.0,0.00251,0.1,0.0,40.59558549273312,0.743372742954278,0.0
1.7225859653987874,1.0,0.00316,0.1,0.0,40.59558549273312,0.743372742954278,0.0
1.7225859653987874,1.0,0.00398,0.1,0.0,40.59558549273312,0.743372742954278,0.0
1.7225859653987874,1.0,0.00501,0.1,0.0,40.59558549273312,0.743372742954278,0.0
1.7225859653987874,1.0,0.00631,0.1,0.0,40.59558549273312,0.743372742954278,0.0
1.8041864093920719,1.0,1e-06,0.1,0.0,41.53803006233035,0.760630471751151,0.0
1.8041864093920719,1.0,1.26e-06,0.1,0.0,41.53803006233035,0.760630471751151,0.0
1.8041864093920719,1.0,1.58e-06,0.1,0.0,41.53803006233035,0.760630471751151,0.0
1.8041864093920719,1.0,2e-06,0.1,0.0,41.53803006233035,0.760630471751151,0.0
1.8041864093920719,1.0,2.51e-06,0.1,0.0,41.53803006233035,0.760630471751151,0.0
1.8041864093920719,1.0,3.16e-06,0.1,0.0,41.53803006233035,0.760630471751151,0.0
1.8041864093920719,1.0,3.98e-06,0.1,0.0,41.53803006233035,0.760630471751151,0.0
1.8041864093920719,1.0,1.58e-05,0.1,0.0001,41.53803006233035,0.760630471751151,498.4563607479643
1.8041864093920719,1.0,2e-05,0.1,0.0001,41.53803006233035,0.760630471751151,498.4563607479643
1.8041864093920719,1.0,2.51e-05,0.1,0.00016666666666666666,41.53803006233035,0.760630471751151,830.7606012466072
1.8041864093920719,1.0,3.16e-05,0.1,0.0002666666666666667,41.53803006233035,0.760630471751151,1329.2169619945714
1.8041864093920719,1.0,3.98e-05,0.1,0.0003,41.53803006233035,0.760630471751151,1495.3690822438928
1.8041864093920719,1.0,5.01e-05,0.1,0.0005666666666666667,41.53803006233035,0.760630471751151,2824.586044238464
1.8041864093920719,1.0,6.31e-05,0.1,0.0009333333333333333,41.53803006233035,0.760630471751151,4652.259366981
1.8041864093920719,1.0,7.94e-05,0.1,0.0018,41.53803006233035,0.760630471751151,8972.214493463356
1.8041864093920719,1.0,0.0001,0.1,0.0026666666666666666,41.53803006233035,0.760630471751151,13292.169619945715
1.8041864093920719,1.0,0.000126,0.1,0.0038666666666666667,41.53803006233035,0.760630471751151,19273.645948921283
1.8041864093920719,1.0,0.000158,0.1,0.005,41.53803006233035,0.760630471751151,24922.818037398214
1.8041864093920719,1.0,0.0002,0.1,0.006533333333333334,41.53803006233035,0.760630471751151,32565.815568867
1.8041864093920719,1.0,0.000251,0.1,0.007533333333333334,41.53803006233035,0.760630471751151,37550.37917634664
1.8041864093920719,1.0,0.000316,0.1,0.008166666666666666,41.53803006233035,0.760630471751151,40707.26946108375
1.8041864093920719,1.0,0.000398,0.1,0.0066,41.53803006233035,0.760630471751151,32898.11980936564
1.8041864093920719,1.0,0.000501,0.1,0.004733333333333333,41.53803006233035,0.760630471751151,23593.60107540364
1.8041864093920719,1.0,0.000631,0.1,0.0025,41.53803006233035,0.760630471751151,12461.409018699107
1.8041864093920719,1.0,0.000794,0.1,0.0006666666666666666,41.53803006233035,0.760630471751151,3323.0424049864287
1.8041864093920719,1.0,0.001,0.1,0.0002,41.53803006233035,0.760630471751151,996.9127214959286
1.8041864093920719,1.0,0.00126,0.1,3.3333333333333335e-05,41.53803006233035,0.760630471751151,166.15212024932143
1.8041864093920719,1.0,0.00158,0.1,0.0,41.53803006233035,0.760630471751151,0.0
1.8041864093920719,1.0,0.002,0.1,0.0,41.53803006233035,0.760630471751151,0.0
1.8041864093920719,1.0,0.00251,0.1,0.0,41.53803006233035,0.760630471751151,0.0
1.8041864093920719,1.0,0.00316,0.1,0.0,41.53803006233035,0.760630471751151,0.0
1.8041864093920719,1.0,0.00398,0.1,0.0,41.53803006233035,0.760630471751151,0.0
1.8041864093920719,1.0,0.00501,0.1,0.0,41.53803006233035,0.760630471751151,0.0
1.8041864093920719,1.0,0.00631,0.1,0.0,41.53803006233035,0.760630471751151,0.0
1.8896523396912097,1.0,1e-06,0.1,0.0,42.436102761485344,0.7770756777419033,0.0
1.8896523396912097,1.0,1.26e-06,0.1,0.0,42.436102761485344,0.7770756777419033,0.0
1.8896523396912097,1.0,1.58e-06,0.1,0.0,42.436102761485344,0.7770756777419033,0.0
1.8896523396912097,1.0,2e-06,0.1,0.0,42.436102761485344,0.7770756777419033,0.0
1.8896523396912097,1.0,2.51e-06,0.1,0.0,42.436102761485344,0.7770756777419033,0.0
1.8896523396912097,1.0,3.16e-06,0.1,0.0,42.436102761485344,0.7770756777419033,0.0
1.8896523396912097,1.0,3.98e-06,0.1,0.0,42.436102761485344,0.7770756777419033,0.0
1.8896523396912097,1.0,1.58e-05,0.1,0.0001,42.436102761485344,0.7770756777419033,509.23323313782424
1.8896523396912097,1.0,2e-05,0.1,0.0001,42.436102761485344,0.7770756777419033,509.23323313782424
1.8896523396912097,1.0,2.51e-05,0.1,0.00016666666666666666,42.436102761485344,0.7770756777419033,848.7220552297069
1.8896523396912097,1.0,3.16e-05,0.1,0.0002666666666666667,42.436102761485344,0.7770756777419033,1357.9552883675312
1.8896523396912097,1.0,3.98e-05,0.1,0.0003,42.436102761485344,0.7770756777419033,1527.6996994134724
1.8896523396912097,1.0,5.01e-05,0.1,0.0005666666666666667,42.436102761485344,0.7770756777419033,2885.654987781004
1.8896523396912097,1.0,6.31e-05,0.1,0.0009333333333333333,42.436102761485344,0.7770756777419033,4752.843509286359
1.8896523396912097,1.0,7.94e-05,0.1,0.0018,42.436102761485344,0.7770756777419033,9166.198196480835
1.8896523396912097,1.0,0.0001,0.1,0.0026666666666666666,42.436102761485344,0.7770756777419033,13579.552883675311
1.8896523396912097,1.0,0.000126,0.1,0.0038666666666666667,42.436102761485344,0.7770756777419033,19690.351681329204
1.8896523396912097,1.0,0.000158,0.1,0.005,42.436102761485344,0.7770756777419033,25461.66165689121
1.8896523396912097,1.0,0.0002,0.1,0.006533333333333334,42.436102761485344,0.7770756777419033,33269.904565004515
1.8896523396912097,1.0,0.000251,0.1,0.007533333333333334,42.436102761485344,0.7770756777419033,38362.236896382754
1.8896523396912097,1.0,0.000316,0.1,0.008166666666666666,42.436102761485344,0.7770756777419033,41587.380706255644
1.8896523396912097,1.0,0.000398,0.1,0.0066,42.436102761485344,0.7770756777419033,33609.393387096396
1.8896523396912097,1.0,0.000501,0.1,0.004733333333333333,42.436102761485344,0.7770756777419033,24103.70636852368
1.8896523396912097,1.0,0.000631,0.1,0.0025,42.436102761485344,0.7770756777419033,12730.830828445605
1.8896523396912097,1.0,0.000794,0.1,0.0006666666666666666,42.436102761485344,0.7770756777419033,3394.8882209188278
1.8896523396912097,1.0,0.001,0.1,0.0002,42.436102761485344,0.7770756777419033,1018.4664662756485
1.8896523396912097,1.0,0.00126,0.1,3.3333333333333335e-05,42.436102761485344,0.7770756777419033,169.7444110459414
1.8896523396912097,1.0,0.00158,0.1,0.0,42.436102761485344,0.7770756777419033,0.0
1.8896523396912097,1.0,0.002,0.1,0.0,42.436102761485344,0.7770756777419033,0.0
1.8896523396912097,1.0,0.00251,0.1,0.0,42.436102761485344,0.7770756777419033,0.0
1.8896523396912097,1.0,0.00316,0.1,0.0,42.436102761485344,0.7770756777419033,0.0
1.8896523396912097,1.0,0.00398,0.1,0.0,42.436102761485344,0.7770756777419033,0.0
1.8896523396912097,1.0,0.00501,0.1,0.0,42.436102761485344,0.7770756777419033,0.0
1.8896523396912097,1.0,0.00631,0.1,0.0,42.436102761485344,0.7770756777419033,0.0
1.9791668678535574,1.0,1e-06,0.1,0.0,43.289291412772904,0.7926989821053453,0.0
1.9791668678535574,1.0,1.26e-06,0.1,0.0,43.289291412772904,0.7926989821053453,0.0
1.9791668678535574,1.0,1.58e-06,0.1,0.0,43.289291412772904,0.7926989821053453,0.0
1.9791668678535574,1.0,2e-06,0.1,0.0,43.289291412772904,0.7926989821053453,0.0
1.9791668678535574,1.0,2.51e-06,0.1,0.0,43.289291412772904,0.7926989821053453,0.0
1.9791668678535574,1.0,3.16e-06,0.1,0.0,43.289291412772904,0.7926989821053453,0.0
1.9791668678535574,1.0,3.98e-06,0.1,0.0,43.289291412772904,0.7926989821053453,0.0
1.9791668678535574,1.0,1.58e-05,0.1,0.0001,43.289291412772904,0.7926989821053453,519.4714969532749
1.9791668678535574,1.0,2e-05,0.1,0.0001,43.289291412772904,0.7926989821053453,519.4714969532749
1.9791668678535574,1.0,2.51e-05,0.1,0.00016666666666666666,43.289291412772904,0.7926989821053453,865.7858282554582
1.9791668678535574,1.0,3.16e-05,0.1,0.0002666666666666667,43.289291412772904,0.7926989821053453,1385.2573252087332
1.9791668678535574,1.0,3.98e-05,0.1,0.0003,43.289291412772904,0.7926989821053453,1558.4144908598246
1.9791668678535574,1.0,5.01e-05,0.1,0.0005666666666666667,43.289291412772904,0.7926989821053453,2943.671816068558
1.9791668678535574,1.0,6.31e-05,0.1,0.0009333333333333333,43.289291412772904,0.7926989821053453,4848.400638230566
1.9791668678535574,1.0,7.94e-05,0.1,0.0018,43.289291412772904,0.7926989821053453,9350.486945158947
1.9791668678535574,1.0,0.0001,0.1,0.0026666666666666666,43.289291412772904,0.7926989821053453,13852.573252087332
1.9791668678535574,1.0,0.000126,0.1,0.0038666666666666667,43.289291412772904,0.7926989821053453,20086.23121552663
1.9791668678535574,1.0,0.000158,0.1,0.005,43.289291412772904,0.7926989821053453,25973.57484766375
1.9791668678535574,1.0,0.0002,0.1,0.006533333333333334,43.289291412772904,0.7926989821053453,33938.80446761396
1.9791668678535574,1.0,0.000251,0.1,0.007533333333333334,43.289291412772904,0.7926989821053453,39133.519437146715
1.9791668678535574,1.0,0.000316,0.1,0.008166666666666666,43.289291412772904,0.7926989821053453,42423.50558451745
1.9791668678535574,1.0,0.000398,0.1,0.0066,43.289291412772904,0.7926989821053453,34285.11879891614
1.9791668678535574,1.0,0.000501,0.1,0.004733333333333333,43.289291412772904,0.7926989821053453,24588.317522455014
1.9791668678535574,1.0,0.000631,0.1,0.0025,43.289291412772904,0.7926989821053453,12986.787423831875
1.9791668678535574,1.0,0.000794,0.1,0.0006666666666666666,43.289291412772904,0.7926989821053453,3463.143313021833
1.9791668678535574,1.0,0.001,0.1,0.0002,43.289291412772904,0.7926989821053453,1038.9429939065499
1.9791668678535574,1.0,0.00126,0.1,3.3333333333333335e-05,43.289291412772904,0.7926989821053453,173.15716565109165
1.9791668678535574,1.0,0.00158,0.1,0.0,43.289291412772904,0.7926989821053453,0.0
1.9791668678535574,1.0,0.002,0.1,0.0,43.289291412772904,0.7926989821053453,0.0
1.9791668678535574,1.0,0.00251,0.1,0.0,43.289291412772904,0.7926989821053453,0.0
1.9791668678535574,1.0,0.00316,0.1,0.0,43.289291412772904,0.7926989821053453,0.0
1.9791668678535574,1.0,0.00398,0.1,0.0,43.289291412772904,0.7926989821053453,0.0
1.9791668678535574,1.0,0.00501,0.1,0.0,43.289291412772904,0.7926989821053453,0.0
1.9791668678535574,1.0,0.00631,0.1,0.0,43.289291412772904,0.7926989821053453,0.0
2.072921779595372,1.0,1e-06,0.1,0.0,44.097498257817364,0.8074985947228962,0.0
2.072921779595372,1.0,1.26e-06,0.1,0.0,44.097498257817364,0.8074985947228962,0.0
2.072921779595372,1.0,1.58e-06,0.1,0.0,44.097498257817364,0.8074985947228962,0.0
2.072921779595372,1.0,2e-06,0.1,0.0,44.097498257817364,0.8074985947228962,0.0
2.072921779595372,1.0,2.51e-06,0.1,0.0,44.097498257817364,0.8074985947228962,0.0
2.072921779595372,1.0,3.16e-06,0.1,0.0,44.097498257817364,0.8074985947228962,0.0
2.072921779595372,1.0,3.98e-06,0.1,0.0,44.097498257817364,0.8074985947228962,0.0
2.072921779595372,1.0,1.58e-05,0.1,0.0001,44.097498257817364,0.8074985947228962,529.1699790938085
2.072921779595372,1.0,2e-05,0.1,0.0001,44.097498257817364,0.8074985947228962,529.1699790938085
2.072921779595372,1.0,2.51e-05,0.1,0.00016666666666666666,44.097498257817364,0.8074985947228962,881.9499651563473
2.072921779595372,1.0,3.16e-05,0.1,0.0002666666666666667,44.097498257817364,0.8074985947228962,1411.1199442501559
2.072921779595372,1.0,3.98e-05,0.1,0.0003,44.097498257817364,0.8074985947228962,1587.509937281425
2.072921779595372,1.0,5.01e-05,0.1,0.0005666666666666667,44.097498257817364,0.8074985947228962,2998.6298815315813
2.072921779595372,1.0,6.31e-05,0.1,0.0009333333333333333,44.097498257817364,0.8074985947228962,4938.919804875545
2.072921779595372,1.0,7.94e-05,0.1,0.0018,44.097498257817364,0.8074985947228962,9525.059623688552
2.072921779595372,1.0,0.0001,0.1,0.0026666666666666666,44.097498257817364,0.8074985947228962,14111.199442501556
2.072921779595372,1.0,0.000126,0.1,0.0038666666666666667,44.097498257817364,0.8074985947228962,20461.23919162726
2.072921779595372,1.0,0.000158,0.1,0.005,44.097498257817364,0.8074985947228962,26458.498954690425
2.072921779595372,1.0,0.0002,0.1,0.006533333333333334,44.097498257817364,0.8074985947228962,34572.43863412882
2.072921779595372,1.0,0.000251,0.1,0.007533333333333334,44.097498257817364,0.8074985947228962,39864.1384250669
2.072921779595372,1.0,0.000316,0.1,0.008166666666666666,44.097498257817364,0.8074985947228962,43215.54829266102
2.072921779595372,1.0,0.000398,0.1,0.0066,44.097498257817364,0.8074985947228962,34925.21862019135
2.072921779595372,1.0,0.000501,0.1,0.004733333333333333,44.097498257817364,0.8074985947228962,25047.379010440265
2.072921779595372,1.0,0.000631,0.1,0.0025,44.097498257817364,0.8074985947228962,13229.249477345213
2.072921779595372,1.0,0.000794,0.1,0.0006666666666666666,44.097498257817364,0.8074985947228962,3527.799860625389
2.072921779595372,1.0,0.001,0.1,0.0002,44.097498257817364,0.8074985947228962,1058.339958187617
2.072921779595372,1.0,0.00126,0.1,3.3333333333333335e-05,44.097498257817364,0.8074985947228962,176.38999303126948
2.072921779595372,1.0,0.00158,0.1,0.0,44.097498257817364,0.8074985947228962,0.0
2.072921779595372,1.0,0.002,0.1,0.0,44.097498257817364,0.8074985947228962,0.0
2.072921779595372,1.0,0.00251,0.1,0.0,44.097498257817364,0.8074985947228962,0.0
2.072921779595372,1.0,0.00316,0.1,0.0,44.097498257817364,0.8074985947228962,0.0
2.072921779595372,1.0,0.00398,0.1,0.0,44.097498257817364,0.8074985947228962,0.0
2.072921779595372,1.0,0.00501,0.1,0.0,44.097498257817364,0.8074985947228962,0.0
2.072921779595372,1.0,0.00631,0.1,0.0,44.097498257817364,0.8074985947228962,0.0
2.171117945694505,1.0,1e-06,0.1,0.0,44.860999928691676,0.8214795811882746,0.0
2.171117945694505,1.0,1.26e-06,0.1,0.0,44.860999928691676,0.8214795811882746,0.0
2.171117945694505,1.0,1.58e-06,0.1,0.0,44.860999928691676,0.8214795811882746,0.0
2.171117945694505,1.0,2e-06,0.1,0.0,44.860999928691676,0.8214795811882746,0.0
2.171117945694505,1.0,2.51e-06,0.1,0.0,44.860999928691676,0.8214795811882746,0.0
2.171117945694505,1.0,3.16e-06,0.1,0.0,44.860999928691676,0.8214795811882746,0.0
2.171117945694505,1.0,3.98e-06,0.1,0.0,44.860999928691676,0.8214795811882746,0.0
2.171117945694505,1.0,1.58e-05,0.1,0.0001,44.860999928691676,0.8214795811882746,538.3319991443002
2.171117945694505,1.0,2e-05,0.1,0.0001,44.860999928691676,0.8214795811882746,538.3319991443002
2.171117945694505,1.0,2.51e-05,0.1,0.00016666666666666666,44.860999928691676,0.8214795811882746,897.2199985738337
2.171117945694505,1.0,3.16e-05,0.1,0.0002666666666666667,44.860999928691676,0.8214795811882746,1435.5519977181339
2.171117945694505,1.0,3.98e-05,0.1,0.0003,44.860999928691676,0.8214795811882746,1614.9959974329004
2.171117945694505,1.0,5.01e-05,0.1,0.0005666666666666667,44.860999928691676,0.8214795811882746,3050.5479951510347
2.171117945694505,1.0,6.31e-05,0.1,0.0009333333333333333,44.860999928691676,0.8214795811882746,5024.4319920134685
2.171117945694505,1.0,7.94e-05,0.1,0.0018,44.860999928691676,0.8214795811882746,9689.975984597402
2.171117945694505,1.0,0.0001,0.1,0.0026666666666666666,44.860999928691676,0.8214795811882746,14355.519977181339
2.171117945694505,1.0,0.000126,0.1,0.0038666666666666667,44.860999928691676,0.8214795811882746,20815.50396691294
2.171117945694505,1.0,0.000158,0.1,0.005,44.860999928691676,0.8214795811882746,26916.599957215007
2.171117945694505,1.0,0.0002,0.1,0.006533333333333334,44.860999928691676,0.8214795811882746,35171.023944094275
2.171117945694505,1.0,0.000251,0.1,0.007533333333333334,44.860999928691676,0.8214795811882746,40554.34393553728
2.171117945694505,1.0,0.000316,0.1,0.008166666666666666,44.860999928691676,0.8214795811882746,43963.779930117846
2.171117945694505,1.0,0.000398,0.1,0.0066,44.860999928691676,0.8214795811882746,35529.91194352381
2.171117945694505,1.0,0.000501,0.1,0.004733333333333333,44.860999928691676,0.8214795811882746,25481.047959496875
2.171117945694505,1.0,0.000631,0.1,0.0025,44.860999928691676,0.8214795811882746,13458.299978607503
2.171117945694505,1.0,0.000794,0.1,0.0006666666666666666,44.860999928691676,0.8214795811882746,3588.8799942953347
2.171117945694505,1.0,0.001,0.1,0.0002,44.860999928691676,0.8214795811882746,1076.6639982886004
2.171117945694505,1.0,0.00126,0.1,3.3333333333333335e-05,44.860999928691676,0.8214795811882746,179.44399971476673
2.171117945694505,1.0,0.00158,0.1,0.0,44.860999928691676,0.8214795811882746,0.0
2.171117945694505,1.0,0.002,0.1,0.0,44.860999928691676,0.8214795811882746,0.0
2.171117945694505,1.0,0.00251,0.1,0.0,44.860999928691676,0.8214795811882746,0.0
2.171117945694505,1.0,0.00316,0.1,0.0,44.860999928691676,0.8214795811882746,0.0
2.171117945694505,1.0,0.00398,0.1,0.0,44.860999928691676,0.8214795811882746,0.0
2.171117945694505,1.0,0.00501,0.1,0.0,44.860999928691676,0.8214795811882746,0.0
2.171117945694505,1.0,0.00631,0.1,0.0,44.860999928691676,0.8214795811882746,0.0
2.2739657523579275,1.0,1e-06,0.1,0.0,45.58040452844466,0.8346530768805102,0.0
2.2739657523579275,1.0,1.26e-06,0.1,0.0,45.58040452844466,0.8346530768805102,0.0
2.2739657523579275,1.0,1.58e-06,0.1,0.0,45.58040452844466,0.8346530768805102,0.0
2.2739657523579275,1.0,2e-06,0.1,0.0,45.58040452844466,0.8346530768805102,0.0
2.2739657523579275,1.0,2.51e-06,0.1,0.0,45.58040452844466,0.8346530768805102,0.0
2.2739657523579275,1.0,3.16e-06,0.1,0.0,45.58040452844466,0.8346530768805102,0.0
2.2739657523579275,1.0,3.98e-06,0.1,0.0,45.58040452844466,0.8346530768805102,0.0
2.2739657523579275,1.0,1.58e-05,0.1,0.0001,45.58040452844466,0.8346530768805102,546.9648543413359
2.2739657523579275,1.0,2e-05,0.1,0.0001,45.58040452844466,0.8346530768805102,546.9648543413359
2.2739657523579275,1.0,2.51e-05,0.1,0.00016666666666666666,45.58040452844466,0.8346530768805102,911.6080905688932
2.2739657523579275,1.0,3.16e-05,0.1,0.0002666666666666667,45.58040452844466,0.8346530768805102,1458.5729449102291
2.2739657523579275,1.0,3.98e-05,0.1,0.0003,45.58040452844466,0.8346530768805102,1640.8945630240078
2.2739657523579275,1.0,5.01e-05,0.1,0.0005666666666666667,45.58040452844466,0.8346530768805102,3099.4675079342373
2.2739657523579275,1.0,6.31e-05,0.1,0.0009333333333333333,45.58040452844466,0.8346530768805102,5105.005307185802
2.2739657523579275,1.0,7.94e-05,0.1,0.0018,45.58040452844466,0.8346530768805102,9845.367378144047
2.2739657523579275,1.0,0.0001,0.1,0.0026666666666666666,45.58040452844466,0.8346530768805102,14585.729449102291
2.2739657523579275,1.0,0.000126,0.1,0.0038666666666666667,45.58040452844466,0.8346530768805102,21149.307701198322
2.2739657523579275,1.0,0.000158,0.1,0.005,45.58040452844466,0.8346530768805102,27348.242717066798
2.2739657523579275,1.0,0.0002,0.1,0.006533333333333334,45.58040452844466,0.8346530768805102,35735.03715030062
2.2739657523579275,1.0,0.000251,0.1,0.007533333333333334,45.58040452844466,0.8346530768805102,41204.685693713975
2.2739657523579275,1.0,0.000316,0.1,0.008166666666666666,45.58040452844466,0.8346530768805102,44668.79643787576
2.2739657523579275,1.0,0.000398,0.1,0.0066,45.58040452844466,0.8346530768805102,36099.68038652817
2.2739657523579275,1.0,0.000501,0.1,0.004733333333333333,45.58040452844466,0.8346530768805102,25889.66977215657
2.2739657523579275,1.0,0.000631,0.1,0.0025,45.58040452844466,0.8346530768805102,13674.121358533399
2.2739657523579275,1.0,0.000794,0.1,0.0006666666666666666,45.58040452844466,0.8346530768805102,3646.432362275573
2.2739657523579275,1.0,0.001,0.1,0.0002,45.58040452844466,0.8346530768805102,1093.9297086826718
2.2739657523579275,1.0,0.00126,0.1,3.3333333333333335e-05,45.58040452844466,0.8346530768805102,182.32161811377864
2.2739657523579275,1.0,0.00158,0.1,0.0,45.58040452844466,0.8346530768805102,0.0
2.2739657523579275,1.0,0.002,0.1,0.0,45.58040452844466,0.8346530768805102,0.0
2.2739657523579275,1.0,0.00251,0.1,0.0,45.58040452844466,0.8346530768805102,0.0
2.2739657523579275,1.0,0.00316,0.1,0.0,45.58040452844466,0.8346530768805102,0.0
2.2739657523579275,1.0,0.00398,0.1,0.0,45.58040452844466,0.8346530768805102,0.0
2.2739657523579275,1.0,0.00501,0.1,0.0,45.58040452844466,0.8346530768805102,0.0
2.2739657523579275,1.0,0.00631,0.1,0.0,45.58040452844466,0.8346530768805102,0.0
2.381685551976158,1.0,1e-06,0.1,0.0,46.25660743498354,0.847035477659468,0.0
2.381685551976158,1.0,1.26e-06,0.1,0.0,46.25660743498354,0.847035477659468,0.0
2.381685551976158,1.0,1.58e-06,0.1,0.0,46.25660743498354,0.847035477659468,0.0
2.381685551976158,1.0,2e-06,0.1,0.0,46.25660743498354,0.847035477659468,0.0
2.381685551976158,1.0,2.51e-06,0.1,0.0,46.25660743498354,0.847035477659468,0.0
2.381685551976158,1.0,3.16e-06,0.1,0.0,46.25660743498354,0.847035477659468,0.0
2.381685551976158,1.0,3.98e-06,0.1,0.0,46.25660743498354,0.847035477659468,0.0
2.381685551976158,1.0,1.58e-05,0.1,0.0001,46.25660743498354,0.847035477659468,555.0792892198026
2.381685551976158,1.0,2e-05,0.1,0.0001,46.25660743498354,0.847035477659468,555.0792892198026
2.381685551976158,1.0,2.51e-05,0.1,0.00016666666666666666,46.25660743498354,0.847035477659468,925.1321486996709
2.381685551976158,1.0,3.16e-05,0.1,0.0002666666666666667,46.25660743498354,0.847035477659468,1480.2114379194736
2.381685551976158,1.0,3.98e-05,0.1,0.0003,46.25660743498354,0.847035477659468,1665.2378676594076
2.381685551976158,1.0,5.01e-05,0.1,0.0005666666666666667,46.25660743498354,0.847035477659468,3145.4493055788816
2.381685551976158,1.0,6.31e-05,0.1,0.0009333333333333333,46.25660743498354,0.847035477659468,5180.740032718157
2.381685551976158,1.0,7.94e-05,0.1,0.0018,46.25660743498354,0.847035477659468,9991.427205956446
2.381685551976158,1.0,0.0001,0.1,0.0026666666666666666,46.25660743498354,0.847035477659468,14802.114379194734
2.381685551976158,1.0,0.000126,0.1,0.0038666666666666667,46.25660743498354,0.847035477659468,21463.065849832365
2.381685551976158,1.0,0.000158,0.1,0.005,46.25660743498354,0.847035477659468,27753.96446099013
2.381685551976158,1.0,0.0002,0.1,0.006533333333333334,46.25660743498354,0.847035477659468,36265.18022902711
2.381685551976158,1.0,0.000251,0.1,0.007533333333333334,46.25660743498354,0.847035477659468,41815.973121225135
2.381685551976158,1.0,0.000316,0.1,0.008166666666666666,46.25660743498354,0.847035477659468,45331.47528628387
2.381685551976158,1.0,0.000398,0.1,0.0066,46.25660743498354,0.847035477659468,36635.23308850697
2.381685551976158,1.0,0.000501,0.1,0.004733333333333333,46.25660743498354,0.847035477659468,26273.753023070658
2.381685551976158,1.0,0.000631,0.1,0.0025,46.25660743498354,0.847035477659468,13876.982230495065
2.381685551976158,1.0,0.000794,0.1,0.0006666666666666666,46.25660743498354,0.847035477659468,3700.5285947986836
2.381685551976158,1.0,0.001,0.1,0.0002,46.25660743498354,0.847035477659468,1110.1585784396052
2.381685551976158,1.0,0.00126,0.1,3.3333333333333335e-05,46.25660743498354,0.847035477659468,185.0264297399342
2.381685551976158,1.0,0.00158,0.1,0.0,46.25660743498354,0.847035477659468,0.0
2.381685551976158,1.0,0.002,0.1,0.0,46.25660743498354,0.847035477659468,0.0
2.381685551976158,1.0,0.00251,0.1,0.0,46.25660743498354,0.847035477659468,0.0
2.381685551976158,1.0,0.00316,0.1,0.0,46.25660743498354,0.847035477659468,0.0
2.381685551976158,1.0,0.00398,0.1,0.0,46.25660743498354,0.847035477659468,0.0
2.381685551976158,1.0,0.00501,0.1,0.0,46.25660743498354,0.847035477659468,0.0
2.381685551976158,1.0,0.00631,0.1,0.0,46.25660743498354,0.847035477659468,0.0
2.4945081352303164,1.0,1e-06,0.1,0.0,46.89074722780329,0.8586476328109007,0.0
2.4945081352303164,1.0,1.26e-06,0.1,0.0,46.89074722780329,0.8586476328109007,0.0
2.4945081352303164,1.0,1.58e-06,0.1,0.0,46.89074722780329,0.8586476328109007,0.0
2.4945081352303164,1.0,2e-06,0.1,0.0,46.89074722780329,0.8586476328109007,0.0
2.4945081352303164,1.0,2.51e-06,0.1,0.0,46.89074722780329,0.8586476328109007,0.0
2.4945081352303164,1.0,3.16e-06,0.1,0.0,46.89074722780329,0.8586476328109007,0.0
2.4945081352303164,1.0,3.98e-06,0.1,0.0,46.89074722780329,0.8586476328109007,0.0
2.4945081352303164,1.0,1.58e-05,0.1,0.0001,46.89074722780329,0.8586476328109007,562.6889667336396
2.4945081352303164,1.0,2e-05,0.1,0.0001,46.89074722780329,0.8586476328109007,562.6889667336396
2.4945081352303164,1.0,2.51e-05,0.1,0.00016666666666666666,46.89074722780329,0.8586476328109007,937.8149445560659
2.4945081352303164,1.0,3.16e-05,0.1,0.0002666666666666667,46.89074722780329,0.8586476328109007,1500.5039112897057
2.4945081352303164,1.0,3.98e-05,0.1,0.0003,46.89074722780329,0.8586476328109007,1688.0669002009186
2.4945081352303164,1.0,5.01e-05,0.1,0.0005666666666666667,46.89074722780329,0.8586476328109007,3188.5708114906247
2.4945081352303164,1.0,6.31e-05,0.1,0.0009333333333333333,46.89074722780329,0.8586476328109007,5251.763689513969
2.4945081352303164,1.0,7.94e-05,0.1,0.0018,46.89074722780329,0.8586476328109007,10128.401401205512
2.4945081352303164,1.0,0.0001,0.1,0.0026666666666666666,46.89074722780329,0.8586476328109007,15005.039112897055
2.4945081352303164,1.0,0.000126,0.1,0.0038666666666666667,46.89074722780329,0.8586476328109007,21757.30671370073
2.4945081352303164,1.0,0.000158,0.1,0.005,46.89074722780329,0.8586476328109007,28134.44833668198
2.4945081352303164,1.0,0.0002,0.1,0.006533333333333334,46.89074722780329,0.8586476328109007,36762.34582659779
2.4945081352303164,1.0,0.000251,0.1,0.007533333333333334,46.89074722780329,0.8586476328109007,42389.23549393419
2.4945081352303164,1.0,0.000316,0.1,0.008166666666666666,46.89074722780329,0.8586476328109007,45952.932283247224
2.4945081352303164,1.0,0.000398,0.1,0.0066,46.89074722780329,0.8586476328109007,37137.47180442021
2.4945081352303164,1.0,0.000501,0.1,0.004733333333333333,46.89074722780329,0.8586476328109007,26633.944425392274
2.4945081352303164,1.0,0.000631,0.1,0.0025,46.89074722780329,0.8586476328109007,14067.22416834099
2.4945081352303164,1.0,0.000794,0.1,0.0006666666666666666,46.89074722780329,0.8586476328109007,3751.2597782242638
2.4945081352303164,1.0,0.001,0.1,0.0002,46.89074722780329,0.8586476328109007,1125.3779334672793
2.4945081352303164,1.0,0.00126,0.1,3.3333333333333335e-05,46.89074722780329,0.8586476328109007,187.5629889112132
2.4945081352303164,1.0,0.00158,0.1,0.0,46.89074722780329,0.8586476328109007,0.0
2.4945081352303164,1.0,0.002,0.1,0.0,46.89074722780329,0.8586476328109007,0.0
2.4945081352303164,1.0,0.00251,0.1,0.0,46.89074722780329,0.8586476328109007,0.0
2.4945081352303164,1.0,0.00316,0.1,0.0,46.89074722780329,0.8586476328109007,0.0
2.4945081352303164,1.0,0.00398,0.1,0.0,46.89074722780329,0.8586476328109007,0.0
2.4945081352303164,1.0,0.00501,0.1,0.0,46.89074722780329,0.8586476328109007,0.0
2.4945081352303164,1.0,0.00631,0.1,0.0,46.89074722780329,0.8586476328109007,0.0
2.612675225563329,1.0,1e-06,0.1,0.0,47.48416289753046,0.8695140614819714,0.0
2.612675225563329,1.0,1.26e-06,0.1,0.0,47.48416289753046,0.8695140614819714,0.0
2.612675225563329,1.0,1.58e-06,0.1,0.0,47.48416289753046,0.8695140614819714,0.0
2.612675225563329,1.0,2e-06,0.1,0.0,47.48416289753046,0.8695140614819714,0.0
2.612675225563329,1.0,2.51e-06,0.1,0.0,47.48416289753046,0.8695140614819714,0.0
2.612675225563329,1.0,3.16e-06,0.1,0.0,47.48416289753046,0.8695140614819714,0.0
2.612675225563329,1.0,3.98e-06,0.1,0.0,47.48416289753046,0.8695140614819714,0.0
2.612675225563329,1.0,1.58e-05,0.1,0.0001,47.48416289753046,0.8695140614819714,569.8099547703655
2.612675225563329,1.0,2e-05,0.1,0.0001,47.48416289753046,0.8695140614819714,569.8099547703655
2.612675225563329,1.0,2.51e-05,0.1,0.00016666666666666666,47.48416289753046,0.8695140614819714,949.6832579506092
2.612675225563329,1.0,3.16e-05,0.1,0.0002666666666666667,47.48416289753046,0.8695140614819714,1519.493212720975
2.612675225563329,1.0,3.98e-05,0.1,0.0003,47.48416289753046,0.8695140614819714,1709.4298643110965
2.612675225563329,1.0,5.01e-05,0.1,0.0005666666666666667,47.48416289753046,0.8695140614819714,3228.923077032072
2.612675225563329,1.0,6.31e-05,0.1,0.0009333333333333333,47.48416289753046,0.8695140614819714,5318.226244523412
2.612675225563329,1.0,7.94e-05,0.1,0.0018,47.48416289753046,0.8695140614819714,10256.57918586658
2.612675225563329,1.0,0.0001,0.1,0.0026666666666666666,47.48416289753046,0.8695140614819714,15194.932127209748
2.612675225563329,1.0,0.000126,0.1,0.0038666666666666667,47.48416289753046,0.8695140614819714,22032.651584454135
2.612675225563329,1.0,0.000158,0.1,0.005,47.48416289753046,0.8695140614819714,28490.497738518276
2.612675225563329,1.0,0.0002,0.1,0.006533333333333334,47.48416289753046,0.8695140614819714,37227.58371166389
2.612675225563329,1.0,0.000251,0.1,0.007533333333333334,47.48416289753046,0.8695140614819714,42925.683259367535
2.612675225563329,1.0,0.000316,0.1,0.008166666666666666,47.48416289753046,0.8695140614819714,46534.47963957985
2.612675225563329,1.0,0.000398,0.1,0.0066,47.48416289753046,0.8695140614819714,37607.45701484413
2.612675225563329,1.0,0.000501,0.1,0.004733333333333333,47.48416289753046,0.8695140614819714,26971.004525797303
2.612675225563329,1.0,0.000631,0.1,0.0025,47.48416289753046,0.8695140614819714,14245.248869259138
2.612675225563329,1.0,0.000794,0.1,0.0006666666666666666,47.48416289753046,0.8695140614819714,3798.733031802437
2.612675225563329,1.0,0.001,0.1,0.0002,47.48416289753046,0.8695140614819714,1139.619909540731
2.612675225563329,1.0,0.00126,0.1,3.3333333333333335e-05,47.48416289753046,0.8695140614819714,189.93665159012187
2.612675225563329,1.0,0.00158,0.1,0.0,47.48416289753046,0.8695140614819714,0.0
2.612675225563329,1.0,0.002,0.1,0.0,47.48416289753046,0.8695140614819714,0.0
2.612675225563329,1.0,0.00251,0.1,0.0,47.48416289753046,0.8695140614819714,0.0
2.612675225563329,1.0,0.00316,0.1,0.0,47.48416289753046,0.8695140614819714,0.0
2.612675225563329,1.0,0.00398,0.1,0.0,47.48416289753046,0.8695140614819714,0.0
2.612675225563329,1.0,0.00501,0.1,0.0,47.48416289753046,0.8695140614819714,0.0
2.612675225563329,1.0,0.00631,0.1,0.0,47.48416289753046,0.8695140614819714,0.0
2.736439997074672,1.0,1e-06,0.1,0.0,48.03835325236357,0.8796622093456065,0.0
2.736439997074672,1.0,1.26e-06,0.1,0.0,48.03835325236357,0.8796622093456065,0.0
2.736439997074672,1.0,1.58e-06,0.1,0.0,48.03835325236357,0.8796622093456065,0.0
2.736439997074672,1.0,2e-06,0.1,0.0,48.03835325236357,0.8796622093456065,0.0
2.736439997074672,1.0,2.51e-06,0.1,0.0,48.03835325236357,0.8796622093456065,0.0
2.736439997074672,1.0,3.16e-06,0.1,0.0,48.03835325236357,0.8796622093456065,0.0
2.736439997074672,1.0,3.98e-06,0.1,0.0,48.03835325236357,0.8796622093456065,0.0
2.736439997074672,1.0,1.58e-05,0.1,0.0001,48.03835325236357,0.8796622093456065,576.4602390283629
2.736439997074672,1.0,2e-05,0.1,0.0001,48.03835325236357,0.8796622093456065,576.4602390283629
2.736439997074672,1.0,2.51e-05,0.1,0.00016666666666666666,48.03835325236357,0.8796622093456065,960.7670650472716
2.736439997074672,1.0,3.16e-05,0.1,0.0002666666666666667,48.03835325236357,0.8796622093456065,1537.2273040756345
2.736439997074672,1.0,3.98e-05,0.1,0.0003,48.03835325236357,0.8796622093456065,1729.3807170850887
2.736439997074672,1.0,5.01e-05,0.1,0.0005666666666666667,48.03835325236357,0.8796622093456065,3266.6080211607236
2.736439997074672,1.0,6.31e-05,0.1,0.0009333333333333333,48.03835325236357,0.8796622093456065,5380.295564264721
2.736439997074672,1.0,7.94e-05,0.1,0.0018,48.03835325236357,0.8796622093456065,10376.284302510532
2.736439997074672,1.0,0.0001,0.1,0.0026666666666666666,48.03835325236357,0.8796622093456065,15372.273040756345
2.736439997074672,1.0,0.000126,0.1,0.0038666666666666667,48.03835325236357,0.8796622093456065,22289.7959090967
2.736439997074672,1.0,0.000158,0.1,0.005,48.03835325236357,0.8796622093456065,28823.011951418146
2.736439997074672,1.0,0.0002,0.1,0.006533333333333334,48.03835325236357,0.8796622093456065,37662.06894985305
2.736439997074672,1.0,0.000251,0.1,0.007533333333333334,48.03835325236357,0.8796622093456065,43426.67134013668
2.736439997074672,1.0,0.000316,0.1,0.008166666666666666,48.03835325236357,0.8796622093456065,47077.58618731631
2.736439997074672,1.0,0.000398,0.1,0.0066,48.03835325236357,0.8796622093456065,38046.37577587196
2.736439997074672,1.0,0.000501,0.1,0.004733333333333333,48.03835325236357,0.8796622093456065,27285.784647342512
2.736439997074672,1.0,0.000631,0.1,0.0025,48.03835325236357,0.8796622093456065,14411.505975709073
2.736439997074672,1.0,0.000794,0.1,0.0006666666666666666,48.03835325236357,0.8796622093456065,3843.0682601890862
2.736439997074672,1.0,0.001,0.1,0.0002,48.03835325236357,0.8796622093456065,1152.9204780567259
2.736439997074672,1.0,0.00126,0.1,3.3333333333333335e-05,48.03835325236357,0.8796622093456065,192.1534130094543
2.736439997074672,1.0,0.00158,0.1,0.0,48.03835325236357,0.8796622093456065,0.0
2.736439997074672,1.0,0.002,0.1,0.0,48.03835325236357,0.8796622093456065,0.0
2.736439997074672,1.0,0.00251,0.1,0.0,48.03835325236357,0.8796622093456065,0.0
2.736439997074672,1.0,0.00316,0.1,0.0,48.03835325236357,0.8796622093456065,0.0
2.736439997074672,1.0,0.00398,0.1,0.0,48.03835325236357,0.8796622093456065,0.0
2.736439997074672,1.0,0.00501,0.1,0.0,48.03835325236357,0.8796622093456065,0.0
2.736439997074672,1.0,0.00631,0.1,0.0,48.03835325236357,0.8796622093456065,0.0
2.8660676169482504,1.0,1e-06,0.1,0.0,48.554939197939305,0.8891217578820602,0.0
2.8660676169482504,1.0,1.26e-06,0.1,0.0,48.554939197939305,0.8891217578820602,0.0
2.8660676169482504,1.0,1.58e-06,0.1,0.0,48.554939197939305,0.8891217578820602,0.0
2.8660676169482504,1.0,2e-06,0.1,0.0,48.554939197939305,0.8891217578820602,0.0
2.8660676169482504,1.0,2.51e-06,0.1,0.0,48.554939197939305,0.8891217578820602,0.0
2.8660676169482504,1.0,3.16e-06,0.1,0.0,48.554939197939305,0.8891217578820602,0.0
2.8660676169482504,1.0,3.98e-06,0.1,0.0,48.554939197939305,0.8891217578820602,0.0
2.8660676169482504,1.0,1.58e-05,0.1,0.0001,48.554939197939305,0.8891217578820602,582.6592703752718
2.8660676169482504,1.0,2e-05,0.1,0.0001,48.554939197939305,0.8891217578820602,582.6592703752718
2.8660676169482504,1.0,2.51e-05,0.1,0.00016666666666666666,48.554939197939305,0.8891217578820602,971.0987839587863
2.8660676169482504,1.0,3.16e-05,0.1,0.0002666666666666667,48.554939197939305,0.8891217578820602,1553.7580543340582
2.8660676169482504,1.0,3.98e-05,0.1,0.0003,48.554939197939305,0.8891217578820602,1747.9778111258152
2.8660676169482504,1.0,5.01e-05,0.1,0.0005666666666666667,48.554939197939305,0.8891217578820602,3301.735865459874
2.8660676169482504,1.0,6.31e-05,0.1,0.0009333333333333333,48.554939197939305,0.8891217578820602,5438.153190169203
2.8660676169482504,1.0,7.94e-05,0.1,0.0018,48.554939197939305,0.8891217578820602,10487.866866754892
2.8660676169482504,1.0,0.0001,0.1,0.0026666666666666666,48.554939197939305,0.8891217578820602,15537.58054334058
2.8660676169482504,1.0,0.000126,0.1,0.0038666666666666667,48.554939197939305,0.8891217578820602,22529.491787843843
2.8660676169482504,1.0,0.000158,0.1,0.005,48.554939197939305,0.8891217578820602,29132.96351876359
2.8660676169482504,1.0,0.0002,0.1,0.006533333333333334,48.554939197939305,0.8891217578820602,38067.07233118443
2.8660676169482504,1.0,0.000251,0.1,0.007533333333333334,48.554939197939305,0.8891217578820602,43893.66503493715
2.8660676169482504,1.0,0.000316,0.1,0.008166666666666666,48.554939197939305,0.8891217578820602,47583.84041398052
2.8660676169482504,1.0,0.000398,0.1,0.0066,48.554939197939305,0.8891217578820602,38455.511844767934
2.8660676169482504,1.0,0.000501,0.1,0.004733333333333333,48.554939197939305,0.8891217578820602,27579.20546442953
2.8660676169482504,1.0,0.000631,0.1,0.0025,48.554939197939305,0.8891217578820602,14566.481759381795
2.8660676169482504,1.0,0.000794,0.1,0.0006666666666666666,48.554939197939305,0.8891217578820602,3884.395135835145
2.8660676169482504,1.0,0.001,0.1,0.0002,48.554939197939305,0.8891217578820602,1165.3185407505437
2.8660676169482504,1.0,0.00126,0.1,3.3333333333333335e-05,48.554939197939305,0.8891217578820602,194.21975679175728
2.8660676169482504,1.0,0.00158,0.1,0.0,48.554939197939305,0.8891217578820602,0.0
2.8660676169482504,1.0,0.002,0.1,0.0,48.554939197939305,0.8891217578820602,0.0
2.8660676169482504,1.0,0.00251,0.1,0.0,48.554939197939305,0.8891217578820602,0.0
2.8660676169482504,1.0,0.00316,0.1,0.0,48.554939197939305,0.8891217578820602,0.0
2.8660676169482504,1.0,0.00398,0.1,0.0,48.554939197939305,0.8891217578820602,0.0
2.8660676169482504,1.0,0.00501,0.1,0.0,48.554939197939305,0.8891217578820602,0.0
2.8660676169482504,1.0,0.00631,0.1,0.0,48.554939197939305,0.8891217578820602,0.0
3.001835813575589,1.0,1e-06,0.1,0.0,49.03562934867655,0.8979239946653828,0.0
3.001835813575589,1.0,1.26e-06,0.1,0.0,49.03562934867655,0.8979239946653828,0.0
3.001835813575589,1.0,1.58e-06,0.1,0.0,49.03562934867655,0.8979239946653828,0.0
3.001835813575589,1.0,2e-06,0.1,0.0,49.03562934867655,0.8979239946653828,0.0
3.001835813575589,1.0,2.51e-06,0.1,0.0,49.03562934867655,0.8979239946653828,0.0
3.001835813575589,1.0,3.16e-06,0.1,0.0,49.03562934867655,0.8979239946653828,0.0
3.001835813575589,1.0,3.98e-06,0.1,0.0,49.03562934867655,0.8979239946653828,0.0
3.001835813575589,1.0,1.58e-05,0.1,0.0001,49.03562934867655,0.8979239946653828,588.4275521841187
3.001835813575589,1.0,2e-05,0.1,0.0001,49.03562934867655,0.8979239946653828,588.4275521841187
3.001835813575589,1.0,2.51e-05,0.1,0.00016666666666666666,49.03562934867655,0.8979239946653828,980.712586973531
3.001835813575589,1.0,3.16e-05,0.1,0.0002666666666666667,49.03562934867655,0.8979239946653828,1569.1401391576499
3.001835813575589,1.0,3.98e-05,0.1,0.0003,49.03562934867655,0.8979239946653828,1765.282656552356
3.001835813575589,1.0,5.01e-05,0.1,0.0005666666666666667,49.03562934867655,0.8979239946653828,3334.4227957100056
3.001835813575589,1.0,6.31e-05,0.1,0.0009333333333333333,49.03562934867655,0.8979239946653828,5491.990487051775
3.001835813575589,1.0,7.94e-05,0.1,0.0018,49.03562934867655,0.8979239946653828,10591.695939314137
3.001835813575589,1.0,0.0001,0.1,0.0026666666666666666,49.03562934867655,0.8979239946653828,15691.401391576495
3.001835813575589,1.0,0.000126,0.1,0.0038666666666666667,49.03562934867655,0.8979239946653828,22752.53201778592
3.001835813575589,1.0,0.000158,0.1,0.005,49.03562934867655,0.8979239946653828,29421.377609205934
3.001835813575589,1.0,0.0002,0.1,0.006533333333333334,49.03562934867655,0.8979239946653828,38443.93340936242
3.001835813575589,1.0,0.000251,0.1,0.007533333333333334,49.03562934867655,0.8979239946653828,44328.20893120361
3.001835813575589,1.0,0.000316,0.1,0.008166666666666666,49.03562934867655,0.8979239946653828,48054.91676170302
3.001835813575589,1.0,0.000398,0.1,0.0066,49.03562934867655,0.8979239946653828,38836.218444151826
3.001835813575589,1.0,0.000501,0.1,0.004733333333333333,49.03562934867655,0.8979239946653828,27852.237470048283
3.001835813575589,1.0,0.000631,0.1,0.0025,49.03562934867655,0.8979239946653828,14710.688804602967
3.001835813575589,1.0,0.000794,0.1,0.0006666666666666666,49.03562934867655,0.8979239946653828,3922.850347894124
3.001835813575589,1.0,0.001,0.1,0.0002,49.03562934867655,0.8979239946653828,1176.8551043682373
3.001835813575589,1.0,0.00126,0.1,3.3333333333333335e-05,49.03562934867655,0.8979239946653828,196.14251739470623
3.001835813575589,1.0,0.00158,0.1,0.0,49.03562934867655,0.8979239946653828,0.0
3.001835813575589,1.0,0.002,0.1,0.0,49.03562934867655,0.8979239946653828,0.0
3.001835813575589,1.0,0.00251,0.1,0.0,49.03562934867655,0.8979239946653828,0.0
3.001835813575589,1.0,0.00316,0.1,0.0,49.03562934867655,0.8979239946653828,0.0
3.001835813575589,1.0,0.00398,0.1,0.0,49.03562934867655,0.8979239946653828,0.0
3.001835813575589,1.0,0.00501,0.1,0.0,49.03562934867655,0.8979239946653828,0.0
3.001835813575589,1.0,0.00631,0.1,0.0,49.03562934867655,0.8979239946653828,0.0
3.1440354715915,1.0,1e-06,0.1,0.0,49.48218923622948,0.9061012495189431,0.0
3.1440354715915,1.0,1.26e-06,0.1,0.0,49.48218923622948,0.9061012495189431,0.0
3.1440354715915,1.0,1.58e-06,0.1,0.0,49.48218923622948,0.9061012495189431,0.0
3.1440354715915,1.0,2e-06,0.1,0.0,49.48218923622948,0.9061012495189431,0.0
3.1440354715915,1.0,2.51e-06,0.1,0.0,49.48218923622948,0.9061012495189431,0.0
3.1440354715915,1.0,3.16e-06,0.1,0.0,49.48218923622948,0.9061012495189431,0.0
3.1440354715915,1.0,3.98e-06,0.1,0.0,49.48218923622948,0.9061012495189431,0.0
3.1440354715915,1.0,1.58e-05,0.1,0.0001,49.48218923622948,0.9061012495189431,593.7862708347539
3.1440354715915,1.0,2e-05,0.1,0.0001,49.48218923622948,0.9061012495189431,593.7862708347539
3.1440354715915,1.0,2.51e-05,0.1,0.00016666666666666666,49.48218923622948,0.9061012495189431,989.6437847245896
3.1440354715915,1.0,3.16e-05,0.1,0.0002666666666666667,49.48218923622948,0.9061012495189431,1583.4300555593436
3.1440354715915,1.0,3.98e-05,0.1,0.0003,49.48218923622948,0.9061012495189431,1781.3588125042616
3.1440354715915,1.0,5.01e-05,0.1,0.0005666666666666667,49.48218923622948,0.9061012495189431,3364.7888680636056
3.1440354715915,1.0,6.31e-05,0.1,0.0009333333333333333,49.48218923622948,0.9061012495189431,5542.005194457703
3.1440354715915,1.0,7.94e-05,0.1,0.0018,49.48218923622948,0.9061012495189431,10688.15287502557
3.1440354715915,1.0,0.0001,0.1,0.0026666666666666666,49.48218923622948,0.9061012495189431,15834.300555593434
3.1440354715915,1.0,0.000126,0.1,0.0038666666666666667,49.48218923622948,0.9061012495189431,22959.735805610482
3.1440354715915,1.0,0.000158,0.1,0.005,49.48218923622948,0.9061012495189431,29689.313541737694
3.1440354715915,1.0,0.0002,0.1,0.006533333333333334,49.48218923622948,0.9061012495189431,38794.03636120392
3.1440354715915,1.0,0.000251,0.1,0.007533333333333334,49.48218923622948,0.9061012495189431,44731.89906955146
3.1440354715915,1.0,0.000316,0.1,0.008166666666666666,49.48218923622948,0.9061012495189431,48492.54545150489
3.1440354715915,1.0,0.000398,0.1,0.0066,49.48218923622948,0.9061012495189431,39189.89387509375
3.1440354715915,1.0,0.000501,0.1,0.004733333333333333,49.48218923622948,0.9061012495189431,28105.88348617835
3.1440354715915,1.0,0.000631,0.1,0.0025,49.48218923622948,0.9061012495189431,14844.656770868847
3.1440354715915,1.0,0.000794,0.1,0.0006666666666666666,49.48218923622948,0.9061012495189431,3958.5751388983585
3.1440354715915,1.0,0.001,0.1,0.0002,49.48218923622948,0.9061012495189431,1187.5725416695077
3.1440354715915,1.0,0.00126,0.1,3.3333333333333335e-05,49.48218923622948,0.9061012495189431,197.92875694491795
3.1440354715915,1.0,0.00158,0.1,0.0,49.48218923622948,0.9061012495189431,0.0
3.1440354715915,1.0,0.002,0.1,0.0,49.48218923622948,0.9061012495189431,0.0
3.1440354715915,1.0,0.00251,0.1,0.0,49.48218923622948,0.9061012495189431,0.0
3.1440354715915,1.0,0.00316,0.1,0.0,49.48218923622948,0.9061012495189431,0.0
3.1440354715915,1.0,0.00398,0.1,0.0,49.48218923622948,0.9061012495189431,0.0
3.1440354715915,1.0,0.00501,0.1,0.0,49.48218923622948,0.9061012495189431,0.0
3.1440354715915,1.0,0.00631,0.1,0.0,49.48218923622948,0.9061012495189431,0.0
3.2929712550971515,1.0,1e-06,0.1,0.0,49.896414218004864,0.913686398425286,0.0
3.2929712550971515,1.0,1.26e-06,0.1,0.0,49.896414218004864,0.913686398425286,0.0
3.2929712550971515,1.0,1.58e-06,0.1,0.0,49.896414218004864,0.913686398425286,0.0
3.2929712550971515,1.0,2e-06,0.1,0.0,49.896414218004864,0.913686398425286,0.0
3.2929712550971515,1.0,2.51e-06,0.1,0.0,49.896414218004864,0.913686398425286,0.0
3.2929712550971515,1.0,3.16e-06,0.1,0.0,49.896414218004864,0.913686398425286,0.0
3.2929712550971515,1.0,3.98e-06,0.1,0.0,49.896414218004864,0.913686398425286,0.0
3.2929712550971515,1.0,1.58e-05,0.1,0.0001,49.896414218004864,0.913686398425286,598.7569706160584
3.2929712550971515,1.0,2e-05,0.1,0.0001,49.896414218004864,0.913686398425286,598.7569706160584
3.2929712550971515,1.0,2.51e-05,0.1,0.00016666666666666666,49.896414218004864,0.913686398425286,997.9282843600973
3.2929712550971515,1.0,3.16e-05,0.1,0.0002666666666666667,49.896414218004864,0.913686398425286,1596.685254976156
3.2929712550971515,1.0,3.98e-05,0.1,0.0003,49.896414218004864,0.913686398425286,1796.2709118481753
3.2929712550971515,1.0,5.01e-05,0.1,0.0005666666666666667,49.896414218004864,0.913686398425286,3392.9561668243314
3.2929712550971515,1.0,6.31e-05,0.1,0.0009333333333333333,49.896414218004864,0.913686398425286,5588.398392416545
3.2929712550971515,1.0,7.94e-05,0.1,0.0018,49.896414218004864,0.913686398425286,10777.625471089052
3.2929712550971515,1.0,0.0001,0.1,0.0026666666666666666,49.896414218004864,0.913686398425286,15966.852549761557
3.2929712550971515,1.0,0.000126,0.1,0.0038666666666666667,49.896414218004864,0.913686398425286,23151.93619715426
3.2929712550971515,1.0,0.000158,0.1,0.005,49.896414218004864,0.913686398425286,29937.848530802923
3.2929712550971515,1.0,0.0002,0.1,0.006533333333333334,49.896414218004864,0.913686398425286,39118.788746915816
3.2929712550971515,1.0,0.000251,0.1,0.007533333333333334,49.896414218004864,0.913686398425286,45106.358453076406
3.2929712550971515,1.0,0.000316,0.1,0.008166666666666666,49.896414218004864,0.913686398425286,48898.48593364477
3.2929712550971515,1.0,0.000398,0.1,0.0066,49.896414218004864,0.913686398425286,39517.960060659854
3.2929712550971515,1.0,0.000501,0.1,0.004733333333333333,49.896414218004864,0.913686398425286,28341.163275826766
3.2929712550971515,1.0,0.000631,0.1,0.0025,49.896414218004864,0.913686398425286,14968.924265401462
3.2929712550971515,1.0,0.000794,0.1,0.0006666666666666666,49.896414218004864,0.913686398425286,3991.7131374403893
3.2929712550971515,1.0,0.001,0.1,0.0002,49.896414218004864,0.913686398425286,1197.5139412321168
3.2929712550971515,1.0,0.00126,0.1,3.3333333333333335e-05,49.896414218004864,0.913686398425286,199.5856568720195
3.2929712550971515,1.0,0.00158,0.1,0.0,49.896414218004864,0.913686398425286,0.0
3.2929712550971515,1.0,0.002,0.1,0.0,49.896414218004864,0.913686398425286,0.0
3.2929712550971515,1.0,0.00251,0.1,0.0,49.896414218004864,0.913686398425286,0.0
3.2929712550971515,1.0,0.00316,0.1,0.0,49.896414218004864,0.913686398425286,0.0
3.2929712550971515,1.0,0.00398,0.1,0.0,49.896414218004864,0.913686398425286,0.0
3.2929712550971515,1.0,0.00501,0.1,0.0,49.896414218004864,0.913686398425286,0.0
3.2929712550971515,1.0,0.00631,0.1,0.0,49.896414218004864,0.913686398425286,0.0
3.44896226040576,1.0,1e-06,0.1,0.0,50.280106056768695,0.9207124346597454,0.0
3.44896226040576,1.0,1.26e-06,0.1,0.0,50.280106056768695,0.9207124346597454,0.0
3.44896226040576,1.0,1.58e-06,0.1,0.0,50.280106056768695,0.9207124346597454,0.0
3.44896226040576,1.0,2e-06,0.1,0.0,50.280106056768695,0.9207124346597454,0.0
3.44896226040576,1.0,2.51e-06,0.1,0.0,50.280106056768695,0.9207124346597454,0.0
3.44896226040576,1.0,3.16e-06,0.1,0.0,50.280106056768695,0.9207124346597454,0.0
3.44896226040576,1.0,3.98e-06,0.1,0.0,50.280106056768695,0.9207124346597454,0.0
3.44896226040576,1.0,1.58e-05,0.1,0.0001,50.280106056768695,0.9207124346597454,603.3612726812244
3.44896226040576,1.0,2e-05,0.1,0.0001,50.280106056768695,0.9207124346597454,603.3612726812244
3.44896226040576,1.0,2.51e-05,0.1,0.00016666666666666666,50.280106056768695,0.9207124346597454,1005.6021211353739
3.44896226040576,1.0,3.16e-05,0.1,0.0002666666666666667,50.280106056768695,0.9207124346597454,1608.9633938165985
3.44896226040576,1.0,3.98e-05,0.1,0.0003,50.280106056768695,0.9207124346597454,1810.0838180436729
3.44896226040576,1.0,5.01e-05,0.1,0.0005666666666666667,50.280106056768695,0.9207124346597454,3419.047211860272
3.44896226040576,1.0,6.31e-05,0.1,0.0009333333333333333,50.280106056768695,0.9207124346597454,5631.371878358094
3.44896226040576,1.0,7.94e-05,0.1,0.0018,50.280106056768695,0.9207124346597454,10860.502908262039
3.44896226040576,1.0,0.0001,0.1,0.0026666666666666666,50.280106056768695,0.9207124346597454,16089.633938165982
3.44896226040576,1.0,0.000126,0.1,0.0038666666666666667,50.280106056768695,0.9207124346597454,23329.969210340674
3.44896226040576,1.0,0.000158,0.1,0.005,50.280106056768695,0.9207124346597454,30168.063634061222
3.44896226040576,1.0,0.0002,0.1,0.006533333333333334,50.280106056768695,0.9207124346597454,39419.60314850666
3.44896226040576,1.0,0.000251,0.1,0.007533333333333334,50.280106056768695,0.9207124346597454,45453.21587531891
3.44896226040576,1.0,0.000316,0.1,0.008166666666666666,50.280106056768695,0.9207124346597454,49274.503935633315
3.44896226040576,1.0,0.000398,0.1,0.0066,50.280106056768695,0.9207124346597454,39821.843996960815
3.44896226040576,1.0,0.000501,0.1,0.004733333333333333,50.280106056768695,0.9207124346597454,28559.100240244617
3.44896226040576,1.0,0.000631,0.1,0.0025,50.280106056768695,0.9207124346597454,15084.031817030611
3.44896226040576,1.0,0.000794,0.1,0.0006666666666666666,50.280106056768695,0.9207124346597454,4022.4084845414955
3.44896226040576,1.0,0.001,0.1,0.0002,50.280106056768695,0.9207124346597454,1206.7225453624487
3.44896226040576,1.0,0.00126,0.1,3.3333333333333335e-05,50.280106056768695,0.9207124346597454,201.1204242270748
3.44896226040576,1.0,0.00158,0.1,0.0,50.280106056768695,0.9207124346597454,0.0
3.44896226040576,1.0,0.002,0.1,0.0,50.280106056768695,0.9207124346597454,0.0
3.44896226040576,1.0,0.00251,0.1,0.0,50.280106056768695,0.9207124346597454,0.0
3.44896226040576,1.0,0.00316,0.1,0.0,50.280106056768695,0.9207124346597454,0.0
3.44896226040576,1.0,0.00398,0.1,0.0,50.280106056768695,0.9207124346597454,0.0
3.44896226040576,1.0,0.00501,0.1,0.0,50.280106056768695,0.9207124346597454,0.0
3.44896226040576,1.0,0.00631,0.1,0.0,50.280106056768695,0.9207124346597454,0.0
3.6123426997094303,1.0,1e-06,0.1,0.0,50.635053040159995,0.927212104745651,0.0
3.6123426997094303,1.0,1.26e-06,0.1,0.0,50.635053040159995,0.927212104745651,0.0
3.6123426997094303,1.0,1.58e-06,0.1,0.0,50.635053040159995,0.927212104745651,0.0
3.6123426997094303,1.0,2e-06,0.1,0.0,50.635053040159995,0.927212104745651,0.0
3.6123426997094303,1.0,2.51e-06,0.1,0.0,50.635053040159995,0.927212104745651,0.0
3.6123426997094303,1.0,3.16e-06,0.1,0.0,50.635053040159995,0.927212104745651,0.0
3.6123426997094303,1.0,3.98e-06,0.1,0.0,50.635053040159995,0.927212104745651,0.0
3.6123426997094303,1.0,1.58e-05,0.1,0.0001,50.635053040159995,0.927212104745651,607.6206364819201
3.6123426997094303,1.0,2e-05,0.1,0.0001,50.635053040159995,0.927212104745651,607.6206364819201
3.6123426997094303,1.0,2.51e-05,0.1,0.00016666666666666666,50.635053040159995,0.927212104745651,1012.7010608032001
3.6123426997094303,1.0,3.16e-05,0.1,0.0002666666666666667,50.635053040159995,0.927212104745651,1620.3216972851203
3.6123426997094303,1.0,3.98e-05,0.1,0.0003,50.635053040159995,0.927212104745651,1822.8619094457601
3.6123426997094303,1.0,5.01e-05,0.1,0.0005666666666666667,50.635053040159995,0.927212104745651,3443.1836067308805
3.6123426997094303,1.0,6.31e-05,0.1,0.0009333333333333333,50.635053040159995,0.927212104745651,5671.125940497921
3.6123426997094303,1.0,7.94e-05,0.1,0.0018,50.635053040159995,0.927212104745651,10937.171456674561
3.6123426997094303,1.0,0.0001,0.1,0.0026666666666666666,50.635053040159995,0.927212104745651,16203.216972851202
3.6123426997094303,1.0,0.000126,0.1,0.0038666666666666667,50.635053040159995,0.927212104745651,23494.66461063424
3.6123426997094303,1.0,0.000158,0.1,0.005,50.635053040159995,0.927212104745651,30381.031824096004
3.6123426997094303,1.0,0.0002,0.1,0.006533333333333334,50.635053040159995,0.927212104745651,39697.88158348545
3.6123426997094303,1.0,0.000251,0.1,0.007533333333333334,50.635053040159995,0.927212104745651,45774.08794830465
3.6123426997094303,1.0,0.000316,0.1,0.008166666666666666,50.635053040159995,0.927212104745651,49622.351979356805
3.6123426997094303,1.0,0.000398,0.1,0.0066,50.635053040159995,0.927212104745651,40102.962007806724
3.6123426997094303,1.0,0.000501,0.1,0.004733333333333333,50.635053040159995,0.927212104745651,28760.71012681088
3.6123426997094303,1.0,0.000631,0.1,0.0025,50.635053040159995,0.927212104745651,15190.515912048002
3.6123426997094303,1.0,0.000794,0.1,0.0006666666666666666,50.635053040159995,0.927212104745651,4050.8042432128004
3.6123426997094303,1.0,0.001,0.1,0.0002,50.635053040159995,0.927212104745651,1215.2412729638402
3.6123426997094303,1.0,0.00126,0.1,3.3333333333333335e-05,50.635053040159995,0.927212104745651,202.54021216064004
3.6123426997094303,1.0,0.00158,0.1,0.0,50.635053040159995,0.927212104745651,0.0
3.6123426997094303,1.0,0.002,0.1,0.0,50.635053040159995,0.927212104745651,0.0
3.6123426997094303,1.0,0.00251,0.1,0.0,50.635053040159995,0.927212104745651,0.0
3.6123426997094303,1.0,0.00316,0.1,0.0,50.635053040159995,0.927212104745651,0.0
3.6123426997094303,1.0,0.00398,0.1,0.0,50.635053040159995,0.927212104745651,0.0
3.6123426997094303,1.0,0.00501,0.1,0.0,50.635053040159995,0.927212104745651,0.0
3.6123426997094303,1.0,0.00631,0.1,0.0,50.635053040159995,0.927212104745651,0.0
3.7834626171319288,1.0,1e-06,0.1,0.0,50.96301343401856,0.933217605457216,0.0
3.7834626171319288,1.0,1.26e-06,0.1,0.0,50.96301343401856,0.933217605457216,0.0
3.7834626171319288,1.0,1.58e-06,0.1,0.0,50.96301343401856,0.933217605457216,0.0
3.7834626171319288,1.0,2e-06,0.1,0.0,50.96301343401856,0.933217605457216,0.0
3.7834626171319288,1.0,2.51e-06,0.1,0.0,50.96301343401856,0.933217605457216,0.0
3.7834626171319288,1.0,3.16e-06,0.1,0.0,50.96301343401856,0.933217605457216,0.0
3.7834626171319288,1.0,3.98e-06,0.1,0.0,50.96301343401856,0.933217605457216,0.0
3.7834626171319288,1.0,1.58e-05,0.1,0.0001,50.96301343401856,0.933217605457216,611.5561612082229
3.7834626171319288,1.0,2e-05,0.1,0.0001,50.96301343401856,0.933217605457216,611.5561612082229
3.7834626171319288,1.0,2.51e-05,0.1,0.00016666666666666666,50.96301343401856,0.933217605457216,1019.2602686803714
3.7834626171319288,1.0,3.16e-05,0.1,0.0002666666666666667,50.96301343401856,0.933217605457216,1630.8164298885943
3.7834626171319288,1.0,3.98e-05,0.1,0.0003,50.96301343401856,0.933217605457216,1834.6684836246682
3.7834626171319288,1.0,5.01e-05,0.1,0.0005666666666666667,50.96301343401856,0.933217605457216,3465.484913513263
3.7834626171319288,1.0,6.31e-05,0.1,0.0009333333333333333,50.96301343401856,0.933217605457216,5707.85750461008
3.7834626171319288,1.0,7.94e-05,0.1,0.0018,50.96301343401856,0.933217605457216,11008.010901748012
3.7834626171319288,1.0,0.0001,0.1,0.0026666666666666666,50.96301343401856,0.933217605457216,16308.164298885942
3.7834626171319288,1.0,0.000126,0.1,0.0038666666666666667,50.96301343401856,0.933217605457216,23646.838233384617
3.7834626171319288,1.0,0.000158,0.1,0.005,50.96301343401856,0.933217605457216,30577.808060411146
3.7834626171319288,1.0,0.0002,0.1,0.006533333333333334,50.96301343401856,0.933217605457216,39955.00253227056
3.7834626171319288,1.0,0.000251,0.1,0.007533333333333334,50.96301343401856,0.933217605457216,46070.56414435279
3.7834626171319288,1.0,0.000316,0.1,0.008166666666666666,50.96301343401856,0.933217605457216,49943.75316533819
3.7834626171319288,1.0,0.000398,0.1,0.0066,50.96301343401856,0.933217605457216,40362.70663974271
3.7834626171319288,1.0,0.000501,0.1,0.004733333333333333,50.96301343401856,0.933217605457216,28946.99163052255
3.7834626171319288,1.0,0.000631,0.1,0.0025,50.96301343401856,0.933217605457216,15288.904030205573
3.7834626171319288,1.0,0.000794,0.1,0.0006666666666666666,50.96301343401856,0.933217605457216,4077.0410747214855
3.7834626171319288,1.0,0.001,0.1,0.0002,50.96301343401856,0.933217605457216,1223.1123224164457
3.7834626171319288,1.0,0.00126,0.1,3.3333333333333335e-05,50.96301343401856,0.933217605457216,203.85205373607428
3.7834626171319288,1.0,0.00158,0.1,0.0,50.96301343401856,0.933217605457216,0.0
3.7834626171319288,1.0,0.002,0.1,0.0,50.96301343401856,0.933217605457216,0.0
3.7834626171319288,1.0,0.00251,0.1,0.0,50.96301343401856,0.933217605457216,0.0
3.7834626171319288,1.0,0.00316,0.1,0.0,50.96301343401856,0.933217605457216,0.0
3.7834626171319288,1.0,0.00398,0.1,0.0,50.96301343401856,0.933217605457216,0.0
3.7834626171319288,1.0,0.00501,0.1,0.0,50.96301343401856,0.933217605457216,0.0
3.7834626171319288,1.0,0.00631,0.1,0.0,50.96301343401856,0.933217605457216,0.0
3.9626886387014784,1.0,1e-06,0.1,0.0,51.26570201254045,0.9387603371642639,0.0
3.9626886387014784,1.0,1.26e-06,0.1,0.0,51.26570201254045,0.9387603371642639,0.0
3.9626886387014784,1.0,1.58e-06,0.1,0.0,51.26570201254045,0.9387603371642639,0.0
3.9626886387014784,1.0,2e-06,0.1,0.0,51.26570201254045,0.9387603371642639,0.0
3.9626886387014784,1.0,2.51e-06,0.1,0.0,51.26570201254045,0.9387603371642639,0.0
3.9626886387014784,1.0,3.16e-06,0.1,0.0,51.26570201254045,0.9387603371642639,0.0
3.9626886387014784,1.0,3.98e-06,0.1,0.0,51.26570201254045,0.9387603371642639,0.0
3.9626886387014784,1.0,1.58e-05,0.1,0.0001,51.26570201254045,0.9387603371642639,615.1884241504854
3.9626886387014784,1.0,2e-05,0.1,0.0001,51.26570201254045,0.9387603371642639,615.1884241504854
3.9626886387014784,1.0,2.51e-05,0.1,0.00016666666666666666,51.26570201254045,0.9387603371642639,1025.314040250809
3.9626886387014784,1.0,3.16e-05,0.1,0.0002666666666666667,51.26570201254045,0.9387603371642639,1640.5024644012947
3.9626886387014784,1.0,3.98e-05,0.1,0.0003,51.26570201254045,0.9387603371642639,1845.565272451456
3.9626886387014784,1.0,5.01e-05,0.1,0.0005666666666666667,51.26570201254045,0.9387603371642639,3486.0677368527513
3.9626886387014784,1.0,6.31e-05,0.1,0.0009333333333333333,51.26570201254045,0.9387603371642639,5741.758625404531
3.9626886387014784,1.0,7.94e-05,0.1,0.0018,51.26570201254045,0.9387603371642639,11073.391634708738
3.9626886387014784,1.0,0.0001,0.1,0.0026666666666666666,51.26570201254045,0.9387603371642639,16405.024644012945
3.9626886387014784,1.0,0.000126,0.1,0.0038666666666666667,51.26570201254045,0.9387603371642639,23787.28573381877
3.9626886387014784,1.0,0.000158,0.1,0.005,51.26570201254045,0.9387603371642639,30759.421207524272
3.9626886387014784,1.0,0.0002,0.1,0.006533333333333334,51.26570201254045,0.9387603371642639,40192.310377831716
3.9626886387014784,1.0,0.000251,0.1,0.007533333333333334,51.26570201254045,0.9387603371642639,46344.19461933657
3.9626886387014784,1.0,0.000316,0.1,0.008166666666666666,51.26570201254045,0.9387603371642639,50240.38797228964
3.9626886387014784,1.0,0.000398,0.1,0.0066,51.26570201254045,0.9387603371642639,40602.43599393204
3.9626886387014784,1.0,0.000501,0.1,0.004733333333333333,51.26570201254045,0.9387603371642639,29118.918743122977
3.9626886387014784,1.0,0.000631,0.1,0.0025,51.26570201254045,0.9387603371642639,15379.710603762136
3.9626886387014784,1.0,0.000794,0.1,0.0006666666666666666,51.26570201254045,0.9387603371642639,4101.256161003236
3.9626886387014784,1.0,0.001,0.1,0.0002,51.26570201254045,0.9387603371642639,1230.3768483009708
3.9626886387014784,1.0,0.00126,0.1,3.3333333333333335e-05,51.26570201254045,0.9387603371642639,205.06280805016183
3.9626886387014784,1.0,0.00158,0.1,0.0,51.26570201254045,0.9387603371642639,0.0
3.9626886387014784,1.0,0.002,0.1,0.0,51.26570201254045,0.9387603371642639,0.0
3.9626886387014784,1.0,0.00251,0.1,0.0,51.26570201254045,0.9387603371642639,0.0
3.9626886387014784,1.0,0.00316,0.1,0.0,51.26570201254045,0.9387603371642639,0.0
3.9626886387014784,1.0,0.00398,0.1,0.0,51.26570201254045,0.9387603371642639,0.0
3.9626886387014784,1.0,0.00501,0.1,0.0,51.26570201254045,0.9387603371642639,0.0
3.9626886387014784,1.0,0.00631,0.1,0.0,51.26570201254045,0.9387603371642639,0.0
4.150404757850477,1.0,1e-06,0.1,0.0,51.54477937771955,0.9438707082534252,0.0
4.150404757850477,1.0,1.26e-06,0.1,0.0,51.54477937771955,0.9438707082534252,0.0
4.150404757850477,1.0,1.58e-06,0.1,0.0,51.54477937771955,0.9438707082534252,0.0
4.150404757850477,1.0,2e-06,0.1,0.0,51.54477937771955,0.9438707082534252,0.0
4.150404757850477,1.0,2.51e-06,0.1,0.0,51.54477937771955,0.9438707082534252,0.0
4.150404757850477,1.0,3.16e-06,0.1,0.0,51.54477937771955,0.9438707082534252,0.0
4.150404757850477,1.0,3.98e-06,0.1,0.0,51.54477937771955,0.9438707082534252,0.0
4.150404757850477,1.0,1.58e-05,0.1,0.0001,51.54477937771955,0.9438707082534252,618.5373525326347
4.150404757850477,1.0,2e-05,0.1,0.0001,51.54477937771955,0.9438707082534252,618.5373525326347
4.150404757850477,1.0,2.51e-05,0.1,0.00016666666666666666,51.54477937771955,0.9438707082534252,1030.895587554391
4.150404757850477,1.0,3.16e-05,0.1,0.0002666666666666667,51.54477937771955,0.9438707082534252,1649.4329400870258
4.150404757850477,1.0,3.98e-05,0.1,0.0003,51.54477937771955,0.9438707082534252,1855.612057597904
4.150404757850477,1.0,5.01e-05,0.1,0.0005666666666666667,51.54477937771955,0.9438707082534252,3505.04499768493
4.150404757850477,1.0,6.31e-05,0.1,0.0009333333333333333,51.54477937771955,0.9438707082534252,5773.01529030459
4.150404757850477,1.0,7.94e-05,0.1,0.0018,51.54477937771955,0.9438707082534252,11133.672345587423
4.150404757850477,1.0,0.0001,0.1,0.0026666666666666666,51.54477937771955,0.9438707082534252,16494.329400870258
4.150404757850477,1.0,0.000126,0.1,0.0038666666666666667,51.54477937771955,0.9438707082534252,23916.777631261877
4.150404757850477,1.0,0.000158,0.1,0.005,51.54477937771955,0.9438707082534252,30926.867626631734
4.150404757850477,1.0,0.0002,0.1,0.006533333333333334,51.54477937771955,0.9438707082534252,40411.10703213213
4.150404757850477,1.0,0.000251,0.1,0.007533333333333334,51.54477937771955,0.9438707082534252,46596.48055745848
4.150404757850477,1.0,0.000316,0.1,0.008166666666666666,51.54477937771955,0.9438707082534252,50513.88379016516
4.150404757850477,1.0,0.000398,0.1,0.0066,51.54477937771955,0.9438707082534252,40823.46526715389
4.150404757850477,1.0,0.000501,0.1,0.004733333333333333,51.54477937771955,0.9438707082534252,29277.434686544708
4.150404757850477,1.0,0.000631,0.1,0.0025,51.54477937771955,0.9438707082534252,15463.433813315867
4.150404757850477,1.0,0.000794,0.1,0.0006666666666666666,51.54477937771955,0.9438707082534252,4123.582350217564
4.150404757850477,1.0,0.001,0.1,0.0002,51.54477937771955,0.9438707082534252,1237.0747050652694
4.150404757850477,1.0,0.00126,0.1,3.3333333333333335e-05,51.54477937771955,0.9438707082534252,206.17911751087823
4.150404757850477,1.0,0.00158,0.1,0.0,51.54477937771955,0.9438707082534252,0.0
4.150404757850477,1.0,0.002,0.1,0.0,51.54477937771955,0.9438707082534252,0.0
4.150404757850477,1.0,0.00251,0.1,0.0,51.54477937771955,0.9438707082534252,0.0
4.150404757850477,1.0,0.00316,0.1,0.0,51.54477937771955,0.9438707082534252,0.0
4.150404757850477,1.0,0.00398,0.1,0.0,51.54477937771955,0.9438707082534252,0.0
4.150404757850477,1.0,0.00501,0.1,0.0,51.54477937771955,0.9438707082534252,0.0
4.150404757850477,1.0,0.00631,0.1,0.0,51.54477937771955,0.9438707082534252,0.0
4.347013158125026,1.0,1e-06,0.1,0.0,51.80184376657069,0.9485779851047554,0.0
4.347013158125026,1.0,1.26e-06,0.1,0.0,51.80184376657069,0.9485779851047554,0.0
4.347013158125026,1.0,1.58e-06,0.1,0.0,51.80184376657069,0.9485779851047554,0.0
4.347013158125026,1.0,2e-06,0.1,0.0,51.80184376657069,0.9485779851047554,0.0
4.347013158125026,1.0,2.51e-06,0.1,0.0,51.80184376657069,0.9485779851047554,0.0
4.347013158125026,1.0,3.16e-06,0.1,0.0,51.80184376657069,0.9485779851047554,0.0
4.347013158125026,1.0,3.98e-06,0.1,0.0,51.80184376657069,0.9485779851047554,0.0
4.347013158125026,1.0,1.58e-05,0.1,0.0001,51.80184376657069,0.9485779851047554,621.6221251988483
4.347013158125026,1.0,2e-05,0.1,0.0001,51.80184376657069,0.9485779851047554,621.6221251988483
4.347013158125026,1.0,2.51e-05,0.1,0.00016666666666666666,51.80184376657069,0.9485779851047554,1036.0368753314137
4.347013158125026,1.0,3.16e-05,0.1,0.0002666666666666667,51.80184376657069,0.9485779851047554,1657.6590005302621
4.347013158125026,1.0,3.98e-05,0.1,0.0003,51.80184376657069,0.9485779851047554,1864.8663755965445
4.347013158125026,1.0,5.01e-05,0.1,0.0005666666666666667,51.80184376657069,0.9485779851047554,3522.525376126807
4.347013158125026,1.0,6.31e-05,0.1,0.0009333333333333333,51.80184376657069,0.9485779851047554,5801.806501855917
4.347013158125026,1.0,7.94e-05,0.1,0.0018,51.80184376657069,0.9485779851047554,11189.198253579269
4.347013158125026,1.0,0.0001,0.1,0.0026666666666666666,51.80184376657069,0.9485779851047554,16576.59000530262
4.347013158125026,1.0,0.000126,0.1,0.0038666666666666667,51.80184376657069,0.9485779851047554,24036.055507688798
4.347013158125026,1.0,0.000158,0.1,0.005,51.80184376657069,0.9485779851047554,31081.10625994242
4.347013158125026,1.0,0.0002,0.1,0.006533333333333334,51.80184376657069,0.9485779851047554,40612.645512991425
4.347013158125026,1.0,0.000251,0.1,0.007533333333333334,51.80184376657069,0.9485779851047554,46828.8667649799
4.347013158125026,1.0,0.000316,0.1,0.008166666666666666,51.80184376657069,0.9485779851047554,50765.80689123927
4.347013158125026,1.0,0.000398,0.1,0.0066,51.80184376657069,0.9485779851047554,41027.06026312399
4.347013158125026,1.0,0.000501,0.1,0.004733333333333333,51.80184376657069,0.9485779851047554,29423.447259412154
4.347013158125026,1.0,0.000631,0.1,0.0025,51.80184376657069,0.9485779851047554,15540.55312997121
4.347013158125026,1.0,0.000794,0.1,0.0006666666666666666,51.80184376657069,0.9485779851047554,4144.147501325655
4.347013158125026,1.0,0.001,0.1,0.0002,51.80184376657069,0.9485779851047554,1243.2442503976965
4.347013158125026,1.0,0.00126,0.1,3.3333333333333335e-05,51.80184376657069,0.9485779851047554,207.20737506628276
4.347013158125026,1.0,0.00158,0.1,0.0,51.80184376657069,0.9485779851047554,0.0
4.347013158125026,1.0,0.002,0.1,0.0,51.80184376657069,0.9485779851047554,0.0
4.347013158125026,1.0,0.00251,0.1,0.0,51.80184376657069,0.9485779851047554,0.0
4.347013158125026,1.0,0.00316,0.1,0.0,51.80184376657069,0.9485779851047554,0.0
4.347013158125026,1.0,0.00398,0.1,0.0,51.80184376657069,0.9485779851047554,0.0
4.347013158125026,1.0,0.00501,0.1,0.0,51.80184376657069,0.9485779851047554,0.0
4.347013158125026,1.0,0.00631,0.1,0.0,51.80184376657069,0.9485779851047554,0.0
4.552935074866948,1.0,1e-06,0.1,0.0,52.03842504369786,0.9529101820856595,0.0
4.552935074866948,1.0,1.26e-06,0.1,0.0,52.03842504369786,0.9529101820856595,0.0
4.552935074866948,1.0,1.58e-06,0.1,0.0,52.03842504369786,0.9529101820856595,0.0
4.552935074866948,1.0,2e-06,0.1,0.0,52.03842504369786,0.9529101820856595,0.0
4.552935074866948,1.0,2.51e-06,0.1,0.0,52.03842504369786,0.9529101820856595,0.0
4.552935074866948,1.0,3.16e-06,0.1,0.0,52.03842504369786,0.9529101820856595,0.0
4.552935074866948,1.0,3.98e-06,0.1,0.0,52.03842504369786,0.9529101820856595,0.0
4.552935074866948,1.0,1.58e-05,0.1,0.0001,52.03842504369786,0.9529101820856595,624.4611005243745
4.552935074866948,1.0,2e-05,0.1,0.0001,52.03842504369786,0.9529101820856595,624.4611005243745
4.552935074866948,1.0,2.51e-05,0.1,0.00016666666666666666,52.03842504369786,0.9529101820856595,1040.7685008739572
4.552935074866948,1.0,3.16e-05,0.1,0.0002666666666666667,52.03842504369786,0.9529101820856595,1665.229601398332
4.552935074866948,1.0,3.98e-05,0.1,0.0003,52.03842504369786,0.9529101820856595,1873.3833015731232
4.552935074866948,1.0,5.01e-05,0.1,0.0005666666666666667,52.03842504369786,0.9529101820856595,3538.6129029714557
4.552935074866948,1.0,6.31e-05,0.1,0.0009333333333333333,52.03842504369786,0.9529101820856595,5828.303604894161
4.552935074866948,1.0,7.94e-05,0.1,0.0018,52.03842504369786,0.9529101820856595,11240.299809438739
4.552935074866948,1.0,0.0001,0.1,0.0026666666666666666,52.03842504369786,0.9529101820856595,16652.296013983316
4.552935074866948,1.0,0.000126,0.1,0.0038666666666666667,52.03842504369786,0.9529101820856595,24145.829220275813
4.552935074866948,1.0,0.000158,0.1,0.005,52.03842504369786,0.9529101820856595,31223.05502621872
4.552935074866948,1.0,0.0002,0.1,0.006533333333333334,52.03842504369786,0.9529101820856595,40798.12523425913
4.552935074866948,1.0,0.000251,0.1,0.007533333333333334,52.03842504369786,0.9529101820856595,47042.736239502876
4.552935074866948,1.0,0.000316,0.1,0.008166666666666666,52.03842504369786,0.9529101820856595,50997.65654282391
4.552935074866948,1.0,0.000398,0.1,0.0066,52.03842504369786,0.9529101820856595,41214.43263460871
4.552935074866948,1.0,0.000501,0.1,0.004733333333333333,52.03842504369786,0.9529101820856595,29557.82542482039
4.552935074866948,1.0,0.000631,0.1,0.0025,52.03842504369786,0.9529101820856595,15611.52751310936
4.552935074866948,1.0,0.000794,0.1,0.0006666666666666666,52.03842504369786,0.9529101820856595,4163.074003495829
4.552935074866948,1.0,0.001,0.1,0.0002,52.03842504369786,0.9529101820856595,1248.922201048749
4.552935074866948,1.0,0.00126,0.1,3.3333333333333335e-05,52.03842504369786,0.9529101820856595,208.1537001747915
4.552935074866948,1.0,0.00158,0.1,0.0,52.03842504369786,0.9529101820856595,0.0
4.552935074866948,1.0,0.002,0.1,0.0,52.03842504369786,0.9529101820856595,0.0
4.552935074866948,1.0,0.00251,0.1,0.0,52.03842504369786,0.9529101820856595,0.0
4.552935074866948,1.0,0.00316,0.1,0.0,52.03842504369786,0.9529101820856595,0.0
4.552935074866948,1.0,0.00398,0.1,0.0,52.03842504369786,0.9529101820856595,0.0
4.552935074866948,1.0,0.00501,0.1,0.0,52.03842504369786,0.9529101820856595,0.0
4.552935074866948,1.0,0.00631,0.1,0.0,52.03842504369786,0.9529101820856595,0.0
4.768611697714469,1.0,1e-06,0.1,0.0,52.255980585640124,0.956893986186415,0.0
4.768611697714469,1.0,1.26e-06,0.1,0.0,52.255980585640124,0.956893986186415,0.0
4.768611697714469,1.0,1.58e-06,0.1,0.0,52.255980585640124,0.956893986186415,0.0
4.768611697714469,1.0,2e-06,0.1,0.0,52.255980585640124,0.956893986186415,0.0
4.768611697714469,1.0,2.51e-06,0.1,0.0,52.255980585640124,0.956893986186415,0.0
4.768611697714469,1.0,3.16e-06,0.1,0.0,52.255980585640124,0.956893986186415,0.0
4.768611697714469,1.0,3.98e-06,0.1,0.0,52.255980585640124,0.956893986186415,0.0
4.768611697714469,1.0,1.58e-05,0.1,0.0001,52.255980585640124,0.956893986186415,627.0717670276815
4.768611697714469,1.0,2e-05,0.1,0.0001,52.255980585640124,0.956893986186415,627.0717670276815
4.768611697714469,1.0,2.51e-05,0.1,0.00016666666666666666,52.255980585640124,0.956893986186415,1045.1196117128025
4.768611697714469,1.0,3.16e-05,0.1,0.0002666666666666667,52.255980585640124,0.956893986186415,1672.191378740484
4.768611697714469,1.0,3.98e-05,0.1,0.0003,52.255980585640124,0.956893986186415,1881.2153010830443
4.768611697714469,1.0,5.01e-05,0.1,0.0005666666666666667,52.255980585640124,0.956893986186415,3553.4066798235285
4.768611697714469,1.0,6.31e-05,0.1,0.0009333333333333333,52.255980585640124,0.956893986186415,5852.669825591694
4.768611697714469,1.0,7.94e-05,0.1,0.0018,52.255980585640124,0.956893986186415,11287.291806498266
4.768611697714469,1.0,0.0001,0.1,0.0026666666666666666,52.255980585640124,0.956893986186415,16721.91378740484
4.768611697714469,1.0,0.000126,0.1,0.0038666666666666667,52.255980585640124,0.956893986186415,24246.77499173702
4.768611697714469,1.0,0.000158,0.1,0.005,52.255980585640124,0.956893986186415,31353.588351384074
4.768611697714469,1.0,0.0002,0.1,0.006533333333333334,52.255980585640124,0.956893986186415,40968.68877914186
4.768611697714469,1.0,0.000251,0.1,0.007533333333333334,52.255980585640124,0.956893986186415,47239.406449418675
4.768611697714469,1.0,0.000316,0.1,0.008166666666666666,52.255980585640124,0.956893986186415,51210.860973927316
4.768611697714469,1.0,0.000398,0.1,0.0066,52.255980585640124,0.956893986186415,41386.73662382698
4.768611697714469,1.0,0.000501,0.1,0.004733333333333333,52.255980585640124,0.956893986186415,29681.39697264359
4.768611697714469,1.0,0.000631,0.1,0.0025,52.255980585640124,0.956893986186415,15676.794175692037
4.768611697714469,1.0,0.000794,0.1,0.0006666666666666666,52.255980585640124,0.956893986186415,4180.47844685121
4.768611697714469,1.0,0.001,0.1,0.0002,52.255980585640124,0.956893986186415,1254.143534055363
4.768611697714469,1.0,0.00126,0.1,3.3333333333333335e-05,52.255980585640124,0.956893986186415,209.0239223425605
4.768611697714469,1.0,0.00158,0.1,0.0,52.255980585640124,0.956893986186415,0.0
4.768611697714469,1.0,0.002,0.1,0.0,52.255980585640124,0.956893986186415,0.0
4.768611697714469,1.0,0.00251,0.1,0.0,52.255980585640124,0.956893986186415,0.0
4.768611697714469,1.0,0.00316,0.1,0.0,52.255980585640124,0.956893986186415,0.0
4.768611697714469,1.0,0.00398,0.1,0.0,52.255980585640124,0.956893986186415,0.0
4.768611697714469,1.0,0.00501,0.1,0.0,52.255980585640124,0.956893986186415,0.0
4.768611697714469,1.0,0.00631,0.1,0.0,52.255980585640124,0.956893986186415,0.0
4.99450511585514,1.0,1e-06,0.1,0.0,52.45589277928856,0.9605547112120227,0.0
4.99450511585514,1.0,1.26e-06,0.1,0.0,52.45589277928856,0.9605547112120227,0.0
4.99450511585514,1.0,1.58e-06,0.1,0.0,52.45589277928856,0.9605547112120227,0.0
4.99450511585514,1.0,2e-06,0.1,0.0,52.45589277928856,0.9605547112120227,0.0
4.99450511585514,1.0,2.51e-06,0.1,0.0,52.45589277928856,0.9605547112120227,0.0
4.99450511585514,1.0,3.16e-06,0.1,0.0,52.45589277928856,0.9605547112120227,0.0
4.99450511585514,1.0,3.98e-06,0.1,0.0,52.45589277928856,0.9605547112120227,0.0
4.99450511585514,1.0,1.58e-05,0.1,0.0001,52.45589277928856,0.9605547112120227,629.4707133514629
4.99450511585514,1.0,2e-05,0.1,0.0001,52.45589277928856,0.9605547112120227,629.4707133514629
4.99450511585514,1.0,2.51e-05,0.1,0.00016666666666666666,52.45589277928856,0.9605547112120227,1049.1178555857712
4.99450511585514,1.0,3.16e-05,0.1,0.0002666666666666667,52.45589277928856,0.9605547112120227,1678.5885689372344
4.99450511585514,1.0,3.98e-05,0.1,0.0003,52.45589277928856,0.9605547112120227,1888.4121400543881
4.99450511585514,1.0,5.01e-05,0.1,0.0005666666666666667,52.45589277928856,0.9605547112120227,3567.0007089916226
4.99450511585514,1.0,6.31e-05,0.1,0.0009333333333333333,52.45589277928856,0.9605547112120227,5875.059991280319
4.99450511585514,1.0,7.94e-05,0.1,0.0018,52.45589277928856,0.9605547112120227,11330.47284032633
4.99450511585514,1.0,0.0001,0.1,0.0026666666666666666,52.45589277928856,0.9605547112120227,16785.88568937234
4.99450511585514,1.0,0.000126,0.1,0.0038666666666666667,52.45589277928856,0.9605547112120227,24339.534249589895
4.99450511585514,1.0,0.000158,0.1,0.005,52.45589277928856,0.9605547112120227,31473.535667573145
4.99450511585514,1.0,0.0002,0.1,0.006533333333333334,52.45589277928856,0.9605547112120227,41125.41993896224
4.99450511585514,1.0,0.000251,0.1,0.007533333333333334,52.45589277928856,0.9605547112120227,47420.12707247687
4.99450511585514,1.0,0.000316,0.1,0.008166666666666666,52.45589277928856,0.9605547112120227,51406.77492370279
4.99450511585514,1.0,0.000398,0.1,0.0066,52.45589277928856,0.9605547112120227,41545.06708119655
4.99450511585514,1.0,0.000501,0.1,0.004733333333333333,52.45589277928856,0.9605547112120227,29794.94709863591
4.99450511585514,1.0,0.000631,0.1,0.0025,52.45589277928856,0.9605547112120227,15736.767833786573
4.99450511585514,1.0,0.000794,0.1,0.0006666666666666666,52.45589277928856,0.9605547112120227,4196.471422343085
4.99450511585514,1.0,0.001,0.1,0.0002,52.45589277928856,0.9605547112120227,1258.9414267029258
4.99450511585514,1.0,0.00126,0.1,3.3333333333333335e-05,52.45589277928856,0.9605547112120227,209.8235711171543
4.99450511585514,1.0,0.00158,0.1,0.0,52.45589277928856,0.9605547112120227,0.0
4.99450511585514,1.0,0.002,0.1,0.0,52.45589277928856,0.9605547112120227,0.0
4.99450511585514,1.0,0.00251,0.1,0.0,52.45589277928856,0.9605547112120227,0.0
4.99450511585514,1.0,0.00316,0.1,0.0,52.45589277928856,0.9605547112120227,0.0
4.99450511585514,1.0,0.00398,0.1,0.0,52.45589277928856,0.9605547112120227,0.0
4.99450511585514,1.0,0.00501,0.1,0.0,52.45589277928856,0.9605547112120227,0.0
4.99450511585514,1.0,0.00631,0.1,0.0,52.45589277928856,0.9605547112120227,0.0
5.2310993080562636,1.0,1e-06,0.1,0.0,52.63946787715997,0.9639162768203621,0.0
5.2310993080562636,1.0,1.26e-06,0.1,0.0,52.63946787715997,0.9639162768203621,0.0
5.2310993080562636,1.0,1.58e-06,0.1,0.0,52.63946787715997,0.9639162768203621,0.0
5.2310993080562636,1.0,2e-06,0.1,0.0,52.63946787715997,0.9639162768203621,0.0
5.2310993080562636,1.0,2.51e-06,0.1,0.0,52.63946787715997,0.9639162768203621,0.0
5.2310993080562636,1.0,3.16e-06,0.1,0.0,52.63946787715997,0.9639162768203621,0.0
5.2310993080562636,1.0,3.98e-06,0.1,0.0,52.63946787715997,0.9639162768203621,0.0
5.2310993080562636,1.0,1.58e-05,0.1,0.0001,52.63946787715997,0.9639162768203621,631.6736145259198
5.2310993080562636,1.0,2e-05,0.1,0.0001,52.63946787715997,0.9639162768203621,631.6736145259198
5.2310993080562636,1.0,2.51e-05,0.1,0.00016666666666666666,52.63946787715997,0.9639162768203621,1052.7893575431997
5.2310993080562636,1.0,3.16e-05,0.1,0.0002666666666666667,52.63946787715997,0.9639162768203621,1684.4629720691191
5.2310993080562636,1.0,3.98e-05,0.1,0.0003,52.63946787715997,0.9639162768203621,1895.020843577759
5.2310993080562636,1.0,5.01e-05,0.1,0.0005666666666666667,52.63946787715997,0.9639162768203621,3579.483815646879
5.2310993080562636,1.0,6.31e-05,0.1,0.0009333333333333333,52.63946787715997,0.9639162768203621,5895.620402241918
5.2310993080562636,1.0,7.94e-05,0.1,0.0018,52.63946787715997,0.9639162768203621,11370.125061466555
5.2310993080562636,1.0,0.0001,0.1,0.0026666666666666666,52.63946787715997,0.9639162768203621,16844.629720691195
5.2310993080562636,1.0,0.000126,0.1,0.0038666666666666667,52.63946787715997,0.9639162768203621,24424.71309500223
5.2310993080562636,1.0,0.000158,0.1,0.005,52.63946787715997,0.9639162768203621,31583.680726295985
5.2310993080562636,1.0,0.0002,0.1,0.006533333333333334,52.63946787715997,0.9639162768203621,41269.342815693424
5.2310993080562636,1.0,0.000251,0.1,0.007533333333333334,52.63946787715997,0.9639162768203621,47586.078960952625
5.2310993080562636,1.0,0.000316,0.1,0.008166666666666666,52.63946787715997,0.9639162768203621,51586.67851961678
5.2310993080562636,1.0,0.000398,0.1,0.0066,52.63946787715997,0.9639162768203621,41690.4585587107
5.2310993080562636,1.0,0.000501,0.1,0.004733333333333333,52.63946787715997,0.9639162768203621,29899.217754226866
5.2310993080562636,1.0,0.000631,0.1,0.0025,52.63946787715997,0.9639162768203621,15791.840363147992
5.2310993080562636,1.0,0.000794,0.1,0.0006666666666666666,52.63946787715997,0.9639162768203621,4211.157430172799
5.2310993080562636,1.0,0.001,0.1,0.0002,52.63946787715997,0.9639162768203621,1263.3472290518396
5.2310993080562636,1.0,0.00126,0.1,3.3333333333333335e-05,52.63946787715997,0.9639162768203621,210.5578715086399
5.2310993080562636,1.0,0.00158,0.1,0.0,52.63946787715997,0.9639162768203621,0.0
5.2310993080562636,1.0,0.002,0.1,0.0,52.63946787715997,0.9639162768203621,0.0
5.2310993080562636,1.0,0.00251,0.1,0.0,52.63946787715997,0.9639162768203621,0.0
5.2310993080562636,1.0,0.00316,0.1,0.0,52.63946787715997,0.9639162768203621,0.0
5.2310993080562636,1.0,0.00398,0.1,0.0,52.63946787715997,0.9639162768203621,0.0
5.2310993080562636,1.0,0.00501,0.1,0.0,52.63946787715997,0.9639162768203621,0.0
5.2310993080562636,1.0,0.00631,0.1,0.0,52.63946787715997,0.9639162768203621,0.0
5.478901179593945,1.0,1e-06,0.1,0.0,52.80793597551911,0.9670012081215731,0.0
5.478901179593945,1.0,1.26e-06,0.1,0.0,52.80793597551911,0.9670012081215731,0.0
5.478901179593945,1.0,1.58e-06,0.1,0.0,52.80793597551911,0.9670012081215731,0.0
5.478901179593945,1.0,2e-06,0.1,0.0,52.80793597551911,0.9670012081215731,0.0
5.478901179593945,1.0,2.51e-06,0.1,0.0,52.80793597551911,0.9670012081215731,0.0
5.478901179593945,1.0,3.16e-06,0.1,0.0,52.80793597551911,0.9670012081215731,0.0
5.478901179593945,1.0,3.98e-06,0.1,0.0,52.80793597551911,0.9670012081215731,0.0
5.478901179593945,1.0,1.58e-05,0.1,0.0001,52.80793597551911,0.9670012081215731,633.6952317062295
5.478901179593945,1.0,2e-05,0.1,0.0001,52.80793597551911,0.9670012081215731,633.6952317062295
5.478901179593945,1.0,2.51e-05,0.1,0.00016666666666666666,52.80793597551911,0.9670012081215731,1056.1587195103823
5.478901179593945,1.0,3.16e-05,0.1,0.0002666666666666667,52.80793597551911,0.9670012081215731,1689.8539512166117
5.478901179593945,1.0,3.98e-05,0.1,0.0003,52.80793597551911,0.9670012081215731,1901.0856951186881
5.478901179593945,1.0,5.01e-05,0.1,0.0005666666666666667,52.80793597551911,0.9670012081215731,3590.9396463353
5.478901179593945,1.0,6.31e-05,0.1,0.0009333333333333333,52.80793597551911,0.9670012081215731,5914.488829258142
5.478901179593945,1.0,7.94e-05,0.1,0.0018,52.80793597551911,0.9670012081215731,11406.51417071213
5.478901179593945,1.0,0.0001,0.1,0.0026666666666666666,52.80793597551911,0.9670012081215731,16898.539512166117
5.478901179593945,1.0,0.000126,0.1,0.0038666666666666667,52.80793597551911,0.9670012081215731,24502.882292640872
5.478901179593945,1.0,0.000158,0.1,0.005,52.80793597551911,0.9670012081215731,31684.76158531147
5.478901179593945,1.0,0.0002,0.1,0.006533333333333334,52.80793597551911,0.9670012081215731,41401.42180480699
5.478901179593945,1.0,0.000251,0.1,0.007533333333333334,52.80793597551911,0.9670012081215731,47738.37412186928
5.478901179593945,1.0,0.000316,0.1,0.008166666666666666,52.80793597551911,0.9670012081215731,51751.77725600873
5.478901179593945,1.0,0.000398,0.1,0.0066,52.80793597551911,0.9670012081215731,41823.88529261114
5.478901179593945,1.0,0.000501,0.1,0.004733333333333333,52.80793597551911,0.9670012081215731,29994.90763409486
5.478901179593945,1.0,0.000631,0.1,0.0025,52.80793597551911,0.9670012081215731,15842.380792655735
5.478901179593945,1.0,0.000794,0.1,0.0006666666666666666,52.80793597551911,0.9670012081215731,4224.634878041529
5.478901179593945,1.0,0.001,0.1,0.0002,52.80793597551911,0.9670012081215731,1267.390463412459
5.478901179593945,1.0,0.00126,0.1,3.3333333333333335e-05,52.80793597551911,0.9670012081215731,211.23174390207646
5.478901179593945,1.0,0.00158,0.1,0.0,52.80793597551911,0.9670012081215731,0.0
5.478901179593945,1.0,0.002,0.1,0.0,52.80793597551911,0.9670012081215731,0.0
5.478901179593945,1.0,0.00251,0.1,0.0,52.80793597551911,0.9670012081215731,0.0
5.478901179593945,1.0,0.00316,0.1,0.0,52.80793597551911,0.9670012081215731,0.0
5.478901179593945,1.0,0.00398,0.1,0.0,52.80793597551911,0.9670012081215731,0.0
5.478901179593945,1.0,0.00501,0.1,0.0,52.80793597551911,0.9670012081215731,0.0
5.478901179593945,1.0,0.00631,0.1,0.0,52.80793597551911,0.9670012081215731,0.0
5.738441648302393,1.0,1e-06,0.1,0.0,52.96245190575568,0.9698306520006533,0.0
5.738441648302393,1.0,1.26e-06,0.1,0.0,52.96245190575568,0.9698306520006533,0.0
5.738441648302393,1.0,1.58e-06,0.1,0.0,52.96245190575568,0.9698306520006533,0.0
5.738441648302393,1.0,2e-06,0.1,0.0,52.96245190575568,0.9698306520006533,0.0
5.738441648302393,1.0,2.51e-06,0.1,0.0,52.96245190575568,0.9698306520006533,0.0
5.738441648302393,1.0,3.16e-06,0.1,0.0,52.96245190575568,0.9698306520006533,0.0
5.738441648302393,1.0,3.98e-06,0.1,0.0,52.96245190575568,0.9698306520006533,0.0
5.738441648302393,1.0,1.58e-05,0.1,0.0001,52.96245190575568,0.9698306520006533,635.5494228690682
5.738441648302393,1.0,2e-05,0.1,0.0001,52.96245190575568,0.9698306520006533,635.5494228690682
5.738441648302393,1.0,2.51e-05,0.1,0.00016666666666666666,52.96245190575568,0.9698306520006533,1059.2490381151135
5.738441648302393,1.0,3.16e-05,0.1,0.0002666666666666667,52.96245190575568,0.9698306520006533,1694.7984609841822
5.738441648302393,1.0,3.98e-05,0.1,0.0003,52.96245190575568,0.9698306520006533,1906.6482686072043
5.738441648302393,1.0,5.01e-05,0.1,0.0005666666666666667,52.96245190575568,0.9698306520006533,3601.4467295913864
5.738441648302393,1.0,6.31e-05,0.1,0.0009333333333333333,52.96245190575568,0.9698306520006533,5931.7946134446365
5.738441648302393,1.0,7.94e-05,0.1,0.0018,52.96245190575568,0.9698306520006533,11439.889611643228
5.738441648302393,1.0,0.0001,0.1,0.0026666666666666666,52.96245190575568,0.9698306520006533,16947.984609841817
5.738441648302393,1.0,0.000126,0.1,0.0038666666666666667,52.96245190575568,0.9698306520006533,24574.57768427064
5.738441648302393,1.0,0.000158,0.1,0.005,52.96245190575568,0.9698306520006533,31777.47114345341
5.738441648302393,1.0,0.0002,0.1,0.006533333333333334,52.96245190575568,0.9698306520006533,41522.56229411246
5.738441648302393,1.0,0.000251,0.1,0.007533333333333334,52.96245190575568,0.9698306520006533,47878.05652280314
5.738441648302393,1.0,0.000316,0.1,0.008166666666666666,52.96245190575568,0.9698306520006533,51903.20286764056
5.738441648302393,1.0,0.000398,0.1,0.0066,52.96245190575568,0.9698306520006533,41946.2619093585
5.738441648302393,1.0,0.000501,0.1,0.004733333333333333,52.96245190575568,0.9698306520006533,30082.67268246923
5.738441648302393,1.0,0.000631,0.1,0.0025,52.96245190575568,0.9698306520006533,15888.735571726706
5.738441648302393,1.0,0.000794,0.1,0.0006666666666666666,52.96245190575568,0.9698306520006533,4236.996152460454
5.738441648302393,1.0,0.001,0.1,0.0002,52.96245190575568,0.9698306520006533,1271.0988457381363
5.738441648302393,1.0,0.00126,0.1,3.3333333333333335e-05,52.96245190575568,0.9698306520006533,211.84980762302277
5.738441648302393,1.0,0.00158,0.1,0.0,52.96245190575568,0.9698306520006533,0.0
5.738441648302393,1.0,0.002,0.1,0.0,52.96245190575568,0.9698306520006533,0.0
5.738441648302393,1.0,0.00251,0.1,0.0,52.96245190575568,0.9698306520006533,0.0
5.738441648302393,1.0,0.00316,0.1,0.0,52.96245190575568,0.9698306520006533,0.0
5.738441648302393,1.0,0.00398,0.1,0.0,52.96245190575568,0.9698306520006533,0.0
5.738441648302393,1.0,0.00501,0.1,0.0,52.96245190575568,0.9698306520006533,0.0
5.738441648302393,1.0,0.00631,0.1,0.0,52.96245190575568,0.9698306520006533,0.0
6.010276782070382,1.0,1e-06,0.1,0.0,53.104096853901865,0.9724244067735189,0.0
6.010276782070382,1.0,1.26e-06,0.1,0.0,53.104096853901865,0.9724244067735189,0.0
6.010276782070382,1.0,1.58e-06,0.1,0.0,53.104096853901865,0.9724244067735189,0.0
6.010276782070382,1.0,2e-06,0.1,0.0,53.104096853901865,0.9724244067735189,0.0
6.010276782070382,1.0,2.51e-06,0.1,0.0,53.104096853901865,0.9724244067735189,0.0
6.010276782070382,1.0,3.16e-06,0.1,0.0,53.104096853901865,0.9724244067735189,0.0
6.010276782070382,1.0,3.98e-06,0.1,0.0,53.104096853901865,0.9724244067735189,0.0
6.010276782070382,1.0,1.58e-05,0.1,0.0001,53.104096853901865,0.9724244067735189,637.2491622468225
6.010276782070382,1.0,2e-05,0.1,0.0001,53.104096853901865,0.9724244067735189,637.2491622468225
6.010276782070382,1.0,2.51e-05,0.1,0.00016666666666666666,53.104096853901865,0.9724244067735189,1062.0819370780373
6.010276782070382,1.0,3.16e-05,0.1,0.0002666666666666667,53.104096853901865,0.9724244067735189,1699.3310993248597
6.010276782070382,1.0,3.98e-05,0.1,0.0003,53.104096853901865,0.9724244067735189,1911.7474867404671
6.010276782070382,1.0,5.01e-05,0.1,0.0005666666666666667,53.104096853901865,0.9724244067735189,3611.0785860653277
6.010276782070382,1.0,6.31e-05,0.1,0.0009333333333333333,53.104096853901865,0.9724244067735189,5947.658847637009
6.010276782070382,1.0,7.94e-05,0.1,0.0018,53.104096853901865,0.9724244067735189,11470.484920442803
6.010276782070382,1.0,0.0001,0.1,0.0026666666666666666,53.104096853901865,0.9724244067735189,16993.310993248597
6.010276782070382,1.0,0.000126,0.1,0.0038666666666666667,53.104096853901865,0.9724244067735189,24640.30094021047
6.010276782070382,1.0,0.000158,0.1,0.005,53.104096853901865,0.9724244067735189,31862.45811234112
6.010276782070382,1.0,0.0002,0.1,0.006533333333333334,53.104096853901865,0.9724244067735189,41633.61193345907
6.010276782070382,1.0,0.000251,0.1,0.007533333333333334,53.104096853901865,0.9724244067735189,48006.10355592729
6.010276782070382,1.0,0.000316,0.1,0.008166666666666666,53.104096853901865,0.9724244067735189,52042.01491682383
6.010276782070382,1.0,0.000398,0.1,0.0066,53.104096853901865,0.9724244067735189,42058.44470829028
6.010276782070382,1.0,0.000501,0.1,0.004733333333333333,53.104096853901865,0.9724244067735189,30163.12701301626
6.010276782070382,1.0,0.000631,0.1,0.0025,53.104096853901865,0.9724244067735189,15931.22905617056
6.010276782070382,1.0,0.000794,0.1,0.0006666666666666666,53.104096853901865,0.9724244067735189,4248.327748312149
6.010276782070382,1.0,0.001,0.1,0.0002,53.104096853901865,0.9724244067735189,1274.498324493645
6.010276782070382,1.0,0.00126,0.1,3.3333333333333335e-05,53.104096853901865,0.9724244067735189,212.41638741560746
6.010276782070382,1.0,0.00158,0.1,0.0,53.104096853901865,0.9724244067735189,0.0
6.010276782070382,1.0,0.002,0.1,0.0,53.104096853901865,0.9724244067735189,0.0
6.010276782070382,1.0,0.00251,0.1,0.0,53.104096853901865,0.9724244067735189,0.0
6.010276782070382,1.0,0.00316,0.1,0.0,53.104096853901865,0.9724244067735189,0.0
6.010276782070382,1.0,0.00398,0.1,0.0,53.104096853901865,0.9724244067735189,0.0
6.010276782070382,1.0,0.00501,0.1,0.0,53.104096853901865,0.9724244067735189,0.0
6.010276782070382,1.0,0.00631,0.1,0.0,53.104096853901865,0.9724244067735189,0.0
6.294988990221888,1.0,1e-06,0.1,0.0,53.233880546892344,0.9748009622210647,0.0
6.294988990221888,1.0,1.26e-06,0.1,0.0,53.233880546892344,0.9748009622210647,0.0
6.294988990221888,1.0,1.58e-06,0.1,0.0,53.233880546892344,0.9748009622210647,0.0
6.294988990221888,1.0,2e-06,0.1,0.0,53.233880546892344,0.9748009622210647,0.0
6.294988990221888,1.0,2.51e-06,0.1,0.0,53.233880546892344,0.9748009622210647,0.0
6.294988990221888,1.0,3.16e-06,0.1,0.0,53.233880546892344,0.9748009622210647,0.0
6.294988990221888,1.0,3.98e-06,0.1,0.0,53.233880546892344,0.9748009622210647,0.0
6.294988990221888,1.0,1.58e-05,0.1,0.0001,53.233880546892344,0.9748009622210647,638.8065665627082
6.294988990221888,1.0,2e-05,0.1,0.0001,53.233880546892344,0.9748009622210647,638.8065665627082
6.294988990221888,1.0,2.51e-05,0.1,0.00016666666666666666,53.233880546892344,0.9748009622210647,1064.6776109378468
6.294988990221888,1.0,3.16e-05,0.1,0.0002666666666666667,53.233880546892344,0.9748009622210647,1703.4841775005552
6.294988990221888,1.0,3.98e-05,0.1,0.0003,53.233880546892344,0.9748009622210647,1916.4196996881246
6.294988990221888,1.0,5.01e-05,0.1,0.0005666666666666667,53.233880546892344,0.9748009622210647,3619.9038771886803
6.294988990221888,1.0,6.31e-05,0.1,0.0009333333333333333,53.233880546892344,0.9748009622210647,5962.194621251943
6.294988990221888,1.0,7.94e-05,0.1,0.0018,53.233880546892344,0.9748009622210647,11498.518198128746
6.294988990221888,1.0,0.0001,0.1,0.0026666666666666666,53.233880546892344,0.9748009622210647,17034.84177500555
6.294988990221888,1.0,0.000126,0.1,0.0038666666666666667,53.233880546892344,0.9748009622210647,24700.52057375805
6.294988990221888,1.0,0.000158,0.1,0.005,53.233880546892344,0.9748009622210647,31940.328328135412
6.294988990221888,1.0,0.0002,0.1,0.006533333333333334,53.233880546892344,0.9748009622210647,41735.36234876361
6.294988990221888,1.0,0.000251,0.1,0.007533333333333334,53.233880546892344,0.9748009622210647,48123.42801439069
6.294988990221888,1.0,0.000316,0.1,0.008166666666666666,53.233880546892344,0.9748009622210647,52169.2029359545
6.294988990221888,1.0,0.000398,0.1,0.0066,53.233880546892344,0.9748009622210647,42161.23339313874
6.294988990221888,1.0,0.000501,0.1,0.004733333333333333,53.233880546892344,0.9748009622210647,30236.844150634857
6.294988990221888,1.0,0.000631,0.1,0.0025,53.233880546892344,0.9748009622210647,15970.164164067706
6.294988990221888,1.0,0.000794,0.1,0.0006666666666666666,53.233880546892344,0.9748009622210647,4258.710443751387
6.294988990221888,1.0,0.001,0.1,0.0002,53.233880546892344,0.9748009622210647,1277.6131331254164
6.294988990221888,1.0,0.00126,0.1,3.3333333333333335e-05,53.233880546892344,0.9748009622210647,212.9355221875694
6.294988990221888,1.0,0.00158,0.1,0.0,53.233880546892344,0.9748009622210647,0.0
6.294988990221888,1.0,0.002,0.1,0.0,53.233880546892344,0.9748009622210647,0.0
6.294988990221888,1.0,0.00251,0.1,0.0,53.233880546892344,0.9748009622210647,0.0
6.294988990221888,1.0,0.00316,0.1,0.0,53.233880546892344,0.9748009622210647,0.0
6.294988990221888,1.0,0.00398,0.1,0.0,53.233880546892344,0.9748009622210647,0.0
6.294988990221888,1.0,0.00501,0.1,0.0,53.233880546892344,0.9748009622210647,0.0
6.294988990221888,1.0,0.00631,0.1,0.0,53.233880546892344,0.9748009622210647,0.0
6.593188271333548,1.0,1e-06,0.1,0.0,53.352743866550156,0.9769775474555971,0.0
6.593188271333548,1.0,1.26e-06,0.1,0.0,53.352743866550156,0.9769775474555971,0.0
6.593188271333548,1.0,1.58e-06,0.1,0.0,53.352743866550156,0.9769775474555971,0.0
6.593188271333548,1.0,2e-06,0.1,0.0,53.352743866550156,0.9769775474555971,0.0
6.593188271333548,1.0,2.51e-06,0.1,0.0,53.352743866550156,0.9769775474555971,0.0
6.593188271333548,1.0,3.16e-06,0.1,0.0,53.352743866550156,0.9769775474555971,0.0
6.593188271333548,1.0,3.98e-06,0.1,0.0,53.352743866550156,0.9769775474555971,0.0
6.593188271333548,1.0,1.58e-05,0.1,0.0001,53.352743866550156,0.9769775474555971,640.232926398602
6.593188271333548,1.0,2e-05,0.1,0.0001,53.352743866550156,0.9769775474555971,640.232926398602
6.593188271333548,1.0,2.51e-05,0.1,0.00016666666666666666,53.352743866550156,0.9769775474555971,1067.0548773310031
6.593188271333548,1.0,3.16e-05,0.1,0.0002666666666666667,53.352743866550156,0.9769775474555971,1707.287803729605
6.593188271333548,1.0,3.98e-05,0.1,0.0003,53.352743866550156,0.9769775474555971,1920.6987791958054
6.593188271333548,1.0,5.01e-05,0.1,0.0005666666666666667,53.352743866550156,0.9769775474555971,3627.986582925411
6.593188271333548,1.0,6.31e-05,0.1,0.0009333333333333333,53.352743866550156,0.9769775474555971,5975.507313053618
6.593188271333548,1.0,7.94e-05,0.1,0.0018,53.352743866550156,0.9769775474555971,11524.192675174834
6.593188271333548,1.0,0.0001,0.1,0.0026666666666666666,53.352743866550156,0.9769775474555971,17072.87803729605
6.593188271333548,1.0,0.000126,0.1,0.0038666666666666667,53.352743866550156,0.9769775474555971,24755.673154079275
6.593188271333548,1.0,0.000158,0.1,0.005,53.352743866550156,0.9769775474555971,32011.6463199301
6.593188271333548,1.0,0.0002,0.1,0.006533333333333334,53.352743866550156,0.9769775474555971,41828.55119137533
6.593188271333548,1.0,0.000251,0.1,0.007533333333333334,53.352743866550156,0.9769775474555971,48230.88045536135
6.593188271333548,1.0,0.000316,0.1,0.008166666666666666,53.352743866550156,0.9769775474555971,52285.688989219154
6.593188271333548,1.0,0.000398,0.1,0.0066,53.352743866550156,0.9769775474555971,42255.373142307726
6.593188271333548,1.0,0.000501,0.1,0.004733333333333333,53.352743866550156,0.9769775474555971,30304.358516200493
6.593188271333548,1.0,0.000631,0.1,0.0025,53.352743866550156,0.9769775474555971,16005.82315996505
6.593188271333548,1.0,0.000794,0.1,0.0006666666666666666,53.352743866550156,0.9769775474555971,4268.2195093240125
6.593188271333548,1.0,0.001,0.1,0.0002,53.352743866550156,0.9769775474555971,1280.465852797204
6.593188271333548,1.0,0.00126,0.1,3.3333333333333335e-05,53.352743866550156,0.9769775474555971,213.41097546620063
6.593188271333548,1.0,0.00158,0.1,0.0,53.352743866550156,0.9769775474555971,0.0
6.593188271333548,1.0,0.002,0.1,0.0,53.352743866550156,0.9769775474555971,0.0
6.593188271333548,1.0,0.00251,0.1,0.0,53.352743866550156,0.9769775474555971,0.0
6.593188271333548,1.0,0.00316,0.1,0.0,53.352743866550156,0.9769775474555971,0.0
6.593188271333548,1.0,0.00398,0.1,0.0,53.352743866550156,0.9769775474555971,0.0
6.593188271333548,1.0,0.00501,0.1,0.0,53.352743866550156,0.9769775474555971,0.0
6.593188271333548,1.0,0.00631,0.1,0.0,53.352743866550156,0.9769775474555971,0.0
6.905513520162331,1.0,1e-06,0.1,0.0,53.461561772966455,0.9789701844527826,0.0
6.905513520162331,1.0,1.26e-06,0.1,0.0,53.461561772966455,0.9789701844527826,0.0
6.905513520162331,1.0,1.58e-06,0.1,0.0,53.461561772966455,0.9789701844527826,0.0
6.905513520162331,1.0,2e-06,0.1,0.0,53.461561772966455,0.9789701844527826,0.0
6.905513520162331,1.0,2.51e-06,0.1,0.0,53.461561772966455,0.9789701844527826,0.0
6.905513520162331,1.0,3.16e-06,0.1,0.0,53.461561772966455,0.9789701844527826,0.0
6.905513520162331,1.0,3.98e-06,0.1,0.0,53.461561772966455,0.9789701844527826,0.0
6.905513520162331,1.0,1.58e-05,0.1,0.0001,53.461561772966455,0.9789701844527826,641.5387412755977
6.905513520162331,1.0,2e-05,0.1,0.0001,53.461561772966455,0.9789701844527826,641.5387412755977
6.905513520162331,1.0,2.51e-05,0.1,0.00016666666666666666,53.461561772966455,0.9789701844527826,1069.2312354593294
6.905513520162331,1.0,3.16e-05,0.1,0.0002666666666666667,53.461561772966455,0.9789701844527826,1710.7699767349268
6.905513520162331,1.0,3.98e-05,0.1,0.0003,53.461561772966455,0.9789701844527826,1924.6162238267925
6.905513520162331,1.0,5.01e-05,0.1,0.0005666666666666667,53.461561772966455,0.9789701844527826,3635.3862005617193
6.905513520162331,1.0,6.31e-05,0.1,0.0009333333333333333,53.461561772966455,0.9789701844527826,5987.694918572244
6.905513520162331,1.0,7.94e-05,0.1,0.0018,53.461561772966455,0.9789701844527826,11547.697342960755
6.905513520162331,1.0,0.0001,0.1,0.0026666666666666666,53.461561772966455,0.9789701844527826,17107.69976734927
6.905513520162331,1.0,0.000126,0.1,0.0038666666666666667,53.461561772966455,0.9789701844527826,24806.16466265644
6.905513520162331,1.0,0.000158,0.1,0.005,53.461561772966455,0.9789701844527826,32076.937063779875
6.905513520162331,1.0,0.0002,0.1,0.006533333333333334,53.461561772966455,0.9789701844527826,41913.86443000571
6.905513520162331,1.0,0.000251,0.1,0.007533333333333334,53.461561772966455,0.9789701844527826,48329.25184276168
6.905513520162331,1.0,0.000316,0.1,0.008166666666666666,53.461561772966455,0.9789701844527826,52392.33053750713
6.905513520162331,1.0,0.000398,0.1,0.0066,53.461561772966455,0.9789701844527826,42341.55692418944
6.905513520162331,1.0,0.000501,0.1,0.004733333333333333,53.461561772966455,0.9789701844527826,30366.167087044952
6.905513520162331,1.0,0.000631,0.1,0.0025,53.461561772966455,0.9789701844527826,16038.468531889937
6.905513520162331,1.0,0.000794,0.1,0.0006666666666666666,53.461561772966455,0.9789701844527826,4276.924941837317
6.905513520162331,1.0,0.001,0.1,0.0002,53.461561772966455,0.9789701844527826,1283.0774825511953
6.905513520162331,1.0,0.00126,0.1,3.3333333333333335e-05,53.461561772966455,0.9789701844527826,213.84624709186585
6.905513520162331,1.0,0.00158,0.1,0.0,53.461561772966455,0.9789701844527826,0.0
6.905513520162331,1.0,0.002,0.1,0.0,53.461561772966455,0.9789701844527826,0.0
6.905513520162331,1.0,0.00251,0.1,0.0,53.461561772966455,0.9789701844527826,0.0
6.905513520162331,1.0,0.00316,0.1,0.0,53.461561772966455,0.9789701844527826,0.0
6.905513520162331,1.0,0.00398,0.1,0.0,53.461561772966455,0.9789701844527826,0.0
6.905513520162331,1.0,0.00501,0.1,0.0,53.461561772966455,0.9789701844527826,0.0
6.905513520162331,1.0,0.00631,0.1,0.0,53.461561772966455,0.9789701844527826,0.0
7.2326338964835335,1.0,1e-06,0.1,0.0,53.56114643772997,0.9807937454262949,0.0
7.2326338964835335,1.0,1.26e-06,0.1,0.0,53.56114643772997,0.9807937454262949,0.0
7.2326338964835335,1.0,1.58e-06,0.1,0.0,53.56114643772997,0.9807937454262949,0.0
7.2326338964835335,1.0,2e-06,0.1,0.0,53.56114643772997,0.9807937454262949,0.0
7.2326338964835335,1.0,2.51e-06,0.1,0.0,53.56114643772997,0.9807937454262949,0.0
7.2326338964835335,1.0,3.16e-06,0.1,0.0,53.56114643772997,0.9807937454262949,0.0
7.2326338964835335,1.0,3.98e-06,0.1,0.0,53.56114643772997,0.9807937454262949,0.0
7.2326338964835335,1.0,1.58e-05,0.1,0.0001,53.56114643772997,0.9807937454262949,642.7337572527597
7.2326338964835335,1.0,2e-05,0.1,0.0001,53.56114643772997,0.9807937454262949,642.7337572527597
7.2326338964835335,1.0,2.51e-05,0.1,0.00016666666666666666,53.56114643772997,0.9807937454262949,1071.2229287545995
7.2326338964835335,1.0,3.16e-05,0.1,0.0002666666666666667,53.56114643772997,0.9807937454262949,1713.9566860073592
7.2326338964835335,1.0,3.98e-05,0.1,0.0003,53.56114643772997,0.9807937454262949,1928.2012717582788
7.2326338964835335,1.0,5.01e-05,0.1,0.0005666666666666667,53.56114643772997,0.9807937454262949,3642.1579577656385
7.2326338964835335,1.0,6.31e-05,0.1,0.0009333333333333333,53.56114643772997,0.9807937454262949,5998.848401025756
7.2326338964835335,1.0,7.94e-05,0.1,0.0018,53.56114643772997,0.9807937454262949,11569.207630549674
7.2326338964835335,1.0,0.0001,0.1,0.0026666666666666666,53.56114643772997,0.9807937454262949,17139.56686007359
7.2326338964835335,1.0,0.000126,0.1,0.0038666666666666667,53.56114643772997,0.9807937454262949,24852.37194710671
7.2326338964835335,1.0,0.000158,0.1,0.005,53.56114643772997,0.9807937454262949,32136.687862637984
7.2326338964835335,1.0,0.0002,0.1,0.006533333333333334,53.56114643772997,0.9807937454262949,41991.9388071803
7.2326338964835335,1.0,0.000251,0.1,0.007533333333333334,53.56114643772997,0.9807937454262949,48419.276379707895
7.2326338964835335,1.0,0.000316,0.1,0.008166666666666666,53.56114643772997,0.9807937454262949,52489.923508975364
7.2326338964835335,1.0,0.000398,0.1,0.0066,53.56114643772997,0.9807937454262949,42420.427978682135
7.2326338964835335,1.0,0.000501,0.1,0.004733333333333333,53.56114643772997,0.9807937454262949,30422.731176630623
7.2326338964835335,1.0,0.000631,0.1,0.0025,53.56114643772997,0.9807937454262949,16068.343931318992
7.2326338964835335,1.0,0.000794,0.1,0.0006666666666666666,53.56114643772997,0.9807937454262949,4284.891715018398
7.2326338964835335,1.0,0.001,0.1,0.0002,53.56114643772997,0.9807937454262949,1285.4675145055194
7.2326338964835335,1.0,0.00126,0.1,3.3333333333333335e-05,53.56114643772997,0.9807937454262949,214.2445857509199
7.2326338964835335,1.0,0.00158,0.1,0.0,53.56114643772997,0.9807937454262949,0.0
7.2326338964835335,1.0,0.002,0.1,0.0,53.56114643772997,0.9807937454262949,0.0
7.2326338964835335,1.0,0.00251,0.1,0.0,53.56114643772997,0.9807937454262949,0.0
7.2326338964835335,1.0,0.00316,0.1,0.0,53.56114643772997,0.9807937454262949,0.0
7.2326338964835335,1.0,0.00398,0.1,0.0,53.56114643772997,0.9807937454262949,0.0
7.2326338964835335,1.0,0.00501,0.1,0.0,53.56114643772997,0.9807937454262949,0.0
7.2326338964835335,1.0,0.00631,0.1,0.0,53.56114643772997,0.9807937454262949,0.0
7.575250258771913,1.0,1e-06,0.1,0.0,53.65225050427698,0.9824620125302505,0.0
7.575250258771913,1.0,1.26e-06,0.1,0.0,53.65225050427698,0.9824620125302505,0.0
7.575250258771913,1.0,1.58e-06,0.1,0.0,53.65225050427698,0.9824620125302505,0.0
7.575250258771913,1.0,2e-06,0.1,0.0,53.65225050427698,0.9824620125302505,0.0
7.575250258771913,1.0,2.51e-06,0.1,0.0,53.65225050427698,0.9824620125302505,0.0
7.575250258771913,1.0,3.16e-06,0.1,0.0,53.65225050427698,0.9824620125302505,0.0
7.575250258771913,1.0,3.98e-06,0.1,0.0,53.65225050427698,0.9824620125302505,0.0
7.575250258771913,1.0,1.58e-05,0.1,0.0001,53.65225050427698,0.9824620125302505,643.8270060513239
7.575250258771913,1.0,2e-05,0.1,0.0001,53.65225050427698,0.9824620125302505,643.8270060513239
7.575250258771913,1.0,2.51e-05,0.1,0.00016666666666666666,53.65225050427698,0.9824620125302505,1073.0450100855396
7.575250258771913,1.0,3.16e-05,0.1,0.0002666666666666667,53.65225050427698,0.9824620125302505,1716.8720161368635
7.575250258771913,1.0,3.98e-05,0.1,0.0003,53.65225050427698,0.9824620125302505,1931.4810181539715
7.575250258771913,1.0,5.01e-05,0.1,0.0005666666666666667,53.65225050427698,0.9824620125302505,3648.3530342908352
7.575250258771913,1.0,6.31e-05,0.1,0.0009333333333333333,53.65225050427698,0.9824620125302505,6009.052056479022
7.575250258771913,1.0,7.94e-05,0.1,0.0018,53.65225050427698,0.9824620125302505,11588.886108923827
7.575250258771913,1.0,0.0001,0.1,0.0026666666666666666,53.65225050427698,0.9824620125302505,17168.720161368634
7.575250258771913,1.0,0.000126,0.1,0.0038666666666666667,53.65225050427698,0.9824620125302505,24894.644233984523
7.575250258771913,1.0,0.000158,0.1,0.005,53.65225050427698,0.9824620125302505,32191.350302566192
7.575250258771913,1.0,0.0002,0.1,0.006533333333333334,53.65225050427698,0.9824620125302505,42063.36439535316
7.575250258771913,1.0,0.000251,0.1,0.007533333333333334,53.65225050427698,0.9824620125302505,48501.6344558664
7.575250258771913,1.0,0.000316,0.1,0.008166666666666666,53.65225050427698,0.9824620125302505,52579.20549419144
7.575250258771913,1.0,0.000398,0.1,0.0066,53.65225050427698,0.9824620125302505,42492.58239938738
7.575250258771913,1.0,0.000501,0.1,0.004733333333333333,53.65225050427698,0.9824620125302505,30474.478286429327
7.575250258771913,1.0,0.000631,0.1,0.0025,53.65225050427698,0.9824620125302505,16095.675151283096
7.575250258771913,1.0,0.000794,0.1,0.0006666666666666666,53.65225050427698,0.9824620125302505,4292.1800403421585
7.575250258771913,1.0,0.001,0.1,0.0002,53.65225050427698,0.9824620125302505,1287.6540121026478
7.575250258771913,1.0,0.00126,0.1,3.3333333333333335e-05,53.65225050427698,0.9824620125302505,214.60900201710794
7.575250258771913,1.0,0.00158,0.1,0.0,53.65225050427698,0.9824620125302505,0.0
7.575250258771913,1.0,0.002,0.1,0.0,53.65225050427698,0.9824620125302505,0.0
7.575250258771913,1.0,0.00251,0.1,0.0,53.65225050427698,0.9824620125302505,0.0
7.575250258771913,1.0,0.00316,0.1,0.0,53.65225050427698,0.9824620125302505,0.0
7.575250258771913,1.0,0.00398,0.1,0.0,53.65225050427698,0.9824620125302505,0.0
7.575250258771913,1.0,0.00501,0.1,0.0,53.65225050427698,0.9824620125302505,0.0
7.575250258771913,1.0,0.00631,0.1,0.0,53.65225050427698,0.9824620125302505,0.0
7.934096665797492,1.0,1e-06,0.1,0.0,53.735570407489156,0.9839877386465694,0.0
7.934096665797492,1.0,1.26e-06,0.1,0.0,53.735570407489156,0.9839877386465694,0.0
7.934096665797492,1.0,1.58e-06,0.1,0.0,53.735570407489156,0.9839877386465694,0.0
7.934096665797492,1.0,2e-06,0.1,0.0,53.735570407489156,0.9839877386465694,0.0
7.934096665797492,1.0,2.51e-06,0.1,0.0,53.735570407489156,0.9839877386465694,0.0
7.934096665797492,1.0,3.16e-06,0.1,0.0,53.735570407489156,0.9839877386465694,0.0
7.934096665797492,1.0,3.98e-06,0.1,0.0,53.735570407489156,0.9839877386465694,0.0
7.934096665797492,1.0,1.58e-05,0.1,0.0001,53.735570407489156,0.9839877386465694,644.8268448898701
7.934096665797492,1.0,2e-05,0.1,0.0001,53.735570407489156,0.9839877386465694,644.8268448898701
7.934096665797492,1.0,2.51e-05,0.1,0.00016666666666666666,53.735570407489156,0.9839877386465694,1074.7114081497834
7.934096665797492,1.0,3.16e-05,0.1,0.0002666666666666667,53.735570407489156,0.9839877386465694,1719.5382530396537
7.934096665797492,1.0,3.98e-05,0.1,0.0003,53.735570407489156,0.9839877386465694,1934.48053466961
7.934096665797492,1.0,5.01e-05,0.1,0.0005666666666666667,53.735570407489156,0.9839877386465694,3654.0187877092635
7.934096665797492,1.0,6.31e-05,0.1,0.0009333333333333333,53.735570407489156,0.9839877386465694,6018.3838856387865
7.934096665797492,1.0,7.94e-05,0.1,0.0018,53.735570407489156,0.9839877386465694,11606.88320801766
7.934096665797492,1.0,0.0001,0.1,0.0026666666666666666,53.735570407489156,0.9839877386465694,17195.382530396535
7.934096665797492,1.0,0.000126,0.1,0.0038666666666666667,53.735570407489156,0.9839877386465694,24933.304669074976
7.934096665797492,1.0,0.000158,0.1,0.005,53.735570407489156,0.9839877386465694,32241.342244493502
7.934096665797492,1.0,0.0002,0.1,0.006533333333333334,53.735570407489156,0.9839877386465694,42128.68719947151
7.934096665797492,1.0,0.000251,0.1,0.007533333333333334,53.735570407489156,0.9839877386465694,48576.95564837021
7.934096665797492,1.0,0.000316,0.1,0.008166666666666666,53.735570407489156,0.9839877386465694,52660.858999339376
7.934096665797492,1.0,0.000398,0.1,0.0066,53.735570407489156,0.9839877386465694,42558.57176273142
7.934096665797492,1.0,0.000501,0.1,0.004733333333333333,53.735570407489156,0.9839877386465694,30521.803991453846
7.934096665797492,1.0,0.000631,0.1,0.0025,53.735570407489156,0.9839877386465694,16120.671122246751
7.934096665797492,1.0,0.000794,0.1,0.0006666666666666666,53.735570407489156,0.9839877386465694,4298.845632599134
7.934096665797492,1.0,0.001,0.1,0.0002,53.735570407489156,0.9839877386465694,1289.6536897797403
7.934096665797492,1.0,0.00126,0.1,3.3333333333333335e-05,53.735570407489156,0.9839877386465694,214.9422816299567
7.934096665797492,1.0,0.00158,0.1,0.0,53.735570407489156,0.9839877386465694,0.0
7.934096665797492,1.0,0.002,0.1,0.0,53.735570407489156,0.9839877386465694,0.0
7.934096665797492,1.0,0.00251,0.1,0.0,53.735570407489156,0.9839877386465694,0.0
7.934096665797492,1.0,0.00316,0.1,0.0,53.735570407489156,0.9839877386465694,0.0
7.934096665797492,1.0,0.00398,0.1,0.0,53.735570407489156,0.9839877386465694,0.0
7.934096665797492,1.0,0.00501,0.1,0.0,53.735570407489156,0.9839877386465694,0.0
7.934096665797492,1.0,0.00631,0.1,0.0,53.735570407489156,0.9839877386465694,0.0
8.309941949353396,1.0,1e-06,0.1,0.0,53.811749697640444,0.9853827082519766,0.0
8.309941949353396,1.0,1.26e-06,0.1,0.0,53.811749697640444,0.9853827082519766,0.0
8.309941949353396,1.0,1.58e-06,0.1,0.0,53.811749697640444,0.9853827082519766,0.0
8.309941949353396,1.0,2e-06,0.1,0.0,53.811749697640444,0.9853827082519766,0.0
8.309941949353396,1.0,2.51e-06,0.1,0.0,53.811749697640444,0.9853827082519766,0.0
8.309941949353396,1.0,3.16e-06,0.1,0.0,53.811749697640444,0.9853827082519766,0.0
8.309941949353396,1.0,3.98e-06,0.1,0.0,53.811749697640444,0.9853827082519766,0.0
8.309941949353396,1.0,1.58e-05,0.1,0.0001,53.811749697640444,0.9853827082519766,645.7409963716855
8.309941949353396,1.0,2e-05,0.1,0.0001,53.811749697640444,0.9853827082519766,645.7409963716855
8.309941949353396,1.0,2.51e-05,0.1,0.00016666666666666666,53.811749697640444,0.9853827082519766,1076.2349939528092
8.309941949353396,1.0,3.16e-05,0.1,0.0002666666666666667,53.811749697640444,0.9853827082519766,1721.975990324495
8.309941949353396,1.0,3.98e-05,0.1,0.0003,53.811749697640444,0.9853827082519766,1937.2229891150562
8.309941949353396,1.0,5.01e-05,0.1,0.0005666666666666667,53.811749697640444,0.9853827082519766,3659.198979439551
8.309941949353396,1.0,6.31e-05,0.1,0.0009333333333333333,53.811749697640444,0.9853827082519766,6026.915966135731
8.309941949353396,1.0,7.94e-05,0.1,0.0018,53.811749697640444,0.9853827082519766,11623.337934690338
8.309941949353396,1.0,0.0001,0.1,0.0026666666666666666,53.811749697640444,0.9853827082519766,17219.759903244947
8.309941949353396,1.0,0.000126,0.1,0.0038666666666666667,53.811749697640444,0.9853827082519766,24968.651859705173
8.309941949353396,1.0,0.000158,0.1,0.005,53.811749697640444,0.9853827082519766,32287.049818584273
8.309941949353396,1.0,0.0002,0.1,0.006533333333333334,53.811749697640444,0.9853827082519766,42188.41176295012
8.309941949353396,1.0,0.000251,0.1,0.007533333333333334,53.811749697640444,0.9853827082519766,48645.821726666974
8.309941949353396,1.0,0.000316,0.1,0.008166666666666666,53.811749697640444,0.9853827082519766,52735.514703687644
8.309941949353396,1.0,0.000398,0.1,0.0066,53.811749697640444,0.9853827082519766,42618.90576053124
8.309941949353396,1.0,0.000501,0.1,0.004733333333333333,53.811749697640444,0.9853827082519766,30565.073828259774
8.309941949353396,1.0,0.000631,0.1,0.0025,53.811749697640444,0.9853827082519766,16143.524909292137
8.309941949353396,1.0,0.000794,0.1,0.0006666666666666666,53.811749697640444,0.9853827082519766,4304.939975811237
8.309941949353396,1.0,0.001,0.1,0.0002,53.811749697640444,0.9853827082519766,1291.481992743371
8.309941949353396,1.0,0.00126,0.1,3.3333333333333335e-05,53.811749697640444,0.9853827082519766,215.24699879056186
8.309941949353396,1.0,0.00158,0.1,0.0,53.811749697640444,0.9853827082519766,0.0
8.309941949353396,1.0,0.002,0.1,0.0,53.811749697640444,0.9853827082519766,0.0
8.309941949353396,1.0,0.00251,0.1,0.0,53.811749697640444,0.9853827082519766,0.0
8.309941949353396,1.0,0.00316,0.1,0.0,53.811749697640444,0.9853827082519766,0.0
8.309941949353396,1.0,0.00398,0.1,0.0,53.811749697640444,0.9853827082519766,0.0
8.309941949353396,1.0,0.00501,0.1,0.0,53.811749697640444,0.9853827082519766,0.0
8.309941949353396,1.0,0.00631,0.1,0.0,53.811749697640444,0.9853827082519766,0.0
8.703591361485167,1.0,1e-06,0.1,0.0,53.88138232500524,0.9866577975646446,0.0
8.703591361485167,1.0,1.26e-06,0.1,0.0,53.88138232500524,0.9866577975646446,0.0
8.703591361485167,1.0,1.58e-06,0.1,0.0,53.88138232500524,0.9866577975646446,0.0
8.703591361485167,1.0,2e-06,0.1,0.0,53.88138232500524,0.9866577975646446,0.0
8.703591361485167,1.0,2.51e-06,0.1,0.0,53.88138232500524,0.9866577975646446,0.0
8.703591361485167,1.0,3.16e-06,0.1,0.0,53.88138232500524,0.9866577975646446,0.0
8.703591361485167,1.0,3.98e-06,0.1,0.0,53.88138232500524,0.9866577975646446,0.0
8.703591361485167,1.0,1.58e-05,0.1,0.0001,53.88138232500524,0.9866577975646446,646.576587900063
8.703591361485167,1.0,2e-05,0.1,0.0001,53.88138232500524,0.9866577975646446,646.576587900063
8.703591361485167,1.0,2.51e-05,0.1,0.00016666666666666666,53.88138232500524,0.9866577975646446,1077.627646500105
8.703591361485167,1.0,3.16e-05,0.1,0.0002666666666666667,53.88138232500524,0.9866577975646446,1724.204234400168
8.703591361485167,1.0,3.98e-05,0.1,0.0003,53.88138232500524,0.9866577975646446,1939.7297637001889
8.703591361485167,1.0,5.01e-05,0.1,0.0005666666666666667,53.88138232500524,0.9866577975646446,3663.9339981003573
8.703591361485167,1.0,6.31e-05,0.1,0.0009333333333333333,53.88138232500524,0.9866577975646446,6034.714820400588
8.703591361485167,1.0,7.94e-05,0.1,0.0018,53.88138232500524,0.9866577975646446,11638.378582201134
8.703591361485167,1.0,0.0001,0.1,0.0026666666666666666,53.88138232500524,0.9866577975646446,17242.04234400168
8.703591361485167,1.0,0.000126,0.1,0.0038666666666666667,53.88138232500524,0.9866577975646446,25000.961398802436
8.703591361485167,1.0,0.000158,0.1,0.005,53.88138232500524,0.9866577975646446,32328.829395003148
8.703591361485167,1.0,0.0002,0.1,0.006533333333333334,53.88138232500524,0.9866577975646446,42243.00374280412
8.703591361485167,1.0,0.000251,0.1,0.007533333333333334,53.88138232500524,0.9866577975646446,48708.76962180475
8.703591361485167,1.0,0.000316,0.1,0.008166666666666666,53.88138232500524,0.9866577975646446,52803.75467850514
8.703591361485167,1.0,0.000398,0.1,0.0066,53.88138232500524,0.9866577975646446,42674.054801404156
8.703591361485167,1.0,0.000501,0.1,0.004733333333333333,53.88138232500524,0.9866577975646446,30604.625160602984
8.703591361485167,1.0,0.000631,0.1,0.0025,53.88138232500524,0.9866577975646446,16164.414697501574
8.703591361485167,1.0,0.000794,0.1,0.0006666666666666666,53.88138232500524,0.9866577975646446,4310.51058600042
8.703591361485167,1.0,0.001,0.1,0.0002,53.88138232500524,0.9866577975646446,1293.153175800126
8.703591361485167,1.0,0.00126,0.1,3.3333333333333335e-05,53.88138232500524,0.9866577975646446,215.525529300021
8.703591361485167,1.0,0.00158,0.1,0.0,53.88138232500524,0.9866577975646446,0.0
8.703591361485167,1.0,0.002,0.1,0.0,53.88138232500524,0.9866577975646446,0.0
8.703591361485167,1.0,0.00251,0.1,0.0,53.88138232500524,0.9866577975646446,0.0
8.703591361485167,1.0,0.00316,0.1,0.0,53.88138232500524,0.9866577975646446,0.0
8.703591361485167,1.0,0.00398,0.1,0.0,53.88138232500524,0.9866577975646446,0.0
8.703591361485167,1.0,0.00501,0.1,0.0,53.88138232500524,0.9866577975646446,0.0
8.703591361485167,1.0,0.00631,0.1,0.0,53.88138232500524,0.9866577975646446,0.0
9.115888299750829,1.0,1e-06,0.1,0.0,53.9450158510311,0.9878230333461107,0.0
9.115888299750829,1.0,1.26e-06,0.1,0.0,53.9450158510311,0.9878230333461107,0.0
9.115888299750829,1.0,1.58e-06,0.1,0.0,53.9450158510311,0.9878230333461107,0.0
9.115888299750829,1.0,2e-06,0.1,0.0,53.9450158510311,0.9878230333461107,0.0
9.115888299750829,1.0,2.51e-06,0.1,0.0,53.9450158510311,0.9878230333461107,0.0
9.115888299750829,1.0,3.16e-06,0.1,0.0,53.9450158510311,0.9878230333461107,0.0
9.115888299750829,1.0,3.98e-06,0.1,0.0,53.9450158510311,0.9878230333461107,0.0
9.115888299750829,1.0,1.58e-05,0.1,0.0001,53.9450158510311,0.9878230333461107,647.3401902123733
9.115888299750829,1.0,2e-05,0.1,0.0001,53.9450158510311,0.9878230333461107,647.3401902123733
9.115888299750829,1.0,2.51e-05,0.1,0.00016666666666666666,53.9450158510311,0.9878230333461107,1078.9003170206222
9.115888299750829,1.0,3.16e-05,0.1,0.0002666666666666667,53.9450158510311,0.9878230333461107,1726.2405072329957
9.115888299750829,1.0,3.98e-05,0.1,0.0003,53.9450158510311,0.9878230333461107,1942.0205706371198
9.115888299750829,1.0,5.01e-05,0.1,0.0005666666666666667,53.9450158510311,0.9878230333461107,3668.261077870116
9.115888299750829,1.0,6.31e-05,0.1,0.0009333333333333333,53.9450158510311,0.9878230333461107,6041.8417753154845
9.115888299750829,1.0,7.94e-05,0.1,0.0018,53.9450158510311,0.9878230333461107,11652.123423822719
9.115888299750829,1.0,0.0001,0.1,0.0026666666666666666,53.9450158510311,0.9878230333461107,17262.405072329955
9.115888299750829,1.0,0.000126,0.1,0.0038666666666666667,53.9450158510311,0.9878230333461107,25030.487354878438
9.115888299750829,1.0,0.000158,0.1,0.005,53.9450158510311,0.9878230333461107,32367.009510618664
9.115888299750829,1.0,0.0002,0.1,0.006533333333333334,53.9450158510311,0.9878230333461107,42292.8924272084
9.115888299750829,1.0,0.000251,0.1,0.007533333333333334,53.9450158510311,0.9878230333461107,48766.29432933213
9.115888299750829,1.0,0.000316,0.1,0.008166666666666666,53.9450158510311,0.9878230333461107,52866.11553401049
9.115888299750829,1.0,0.000398,0.1,0.0066,53.9450158510311,0.9878230333461107,42724.452554016636
9.115888299750829,1.0,0.000501,0.1,0.004733333333333333,53.9450158510311,0.9878230333461107,30640.769003385667
9.115888299750829,1.0,0.000631,0.1,0.0025,53.9450158510311,0.9878230333461107,16183.504755309332
9.115888299750829,1.0,0.000794,0.1,0.0006666666666666666,53.9450158510311,0.9878230333461107,4315.601268082489
9.115888299750829,1.0,0.001,0.1,0.0002,53.9450158510311,0.9878230333461107,1294.6803804247465
9.115888299750829,1.0,0.00126,0.1,3.3333333333333335e-05,53.9450158510311,0.9878230333461107,215.78006340412446
9.115888299750829,1.0,0.00158,0.1,0.0,53.9450158510311,0.9878230333461107,0.0
9.115888299750829,1.0,0.002,0.1,0.0,53.9450158510311,0.9878230333461107,0.0
9.115888299750829,1.0,0.00251,0.1,0.0,53.9450158510311,0.9878230333461107,0.0
9.115888299750829,1.0,0.00316,0.1,0.0,53.9450158510311,0.9878230333461107,0.0
9.115888299750829,1.0,0.00398,0.1,0.0,53.9450158510311,0.9878230333461107,0.0
9.115888299750829,1.0,0.00501,0.1,0.0,53.9450158510311,0.9878230333461107,0.0
9.115888299750829,1.0,0.00631,0.1,0.0,53.9450158510311,0.9878230333461107,0.0
9.547716114208056,1.0,1e-06,0.1,0.0,54.003154560105145,0.9888876498828996,0.0
9.547716114208056,1.0,1.26e-06,0.1,0.0,54.003154560105145,0.9888876498828996,0.0
9.547716114208056,1.0,1.58e-06,0.1,0.0,54.003154560105145,0.9888876498828996,0.0
9.547716114208056,1.0,2e-06,0.1,0.0,54.003154560105145,0.9888876498828996,0.0
9.547716114208056,1.0,2.51e-06,0.1,0.0,54.003154560105145,0.9888876498828996,0.0
9.547716114208056,1.0,3.16e-06,0.1,0.0,54.003154560105145,0.9888876498828996,0.0
9.547716114208056,1.0,3.98e-06,0.1,0.0,54.003154560105145,0.9888876498828996,0.0
9.547716114208056,1.0,1.58e-05,0.1,0.0001,54.003154560105145,0.9888876498828996,648.0378547212619
9.547716114208056,1.0,2e-05,0.1,0.0001,54.003154560105145,0.9888876498828996,648.0378547212619
9.547716114208056,1.0,2.51e-05,0.1,0.00016666666666666666,54.003154560105145,0.9888876498828996,1080.0630912021031
9.547716114208056,1.0,3.16e-05,0.1,0.0002666666666666667,54.003154560105145,0.9888876498828996,1728.100945923365
9.547716114208056,1.0,3.98e-05,0.1,0.0003,54.003154560105145,0.9888876498828996,1944.1135641637852
9.547716114208056,1.0,5.01e-05,0.1,0.0005666666666666667,54.003154560105145,0.9888876498828996,3672.2145100871503
9.547716114208056,1.0,6.31e-05,0.1,0.0009333333333333333,54.003154560105145,0.9888876498828996,6048.353310731777
9.547716114208056,1.0,7.94e-05,0.1,0.0018,54.003154560105145,0.9888876498828996,11664.681384982712
9.547716114208056,1.0,0.0001,0.1,0.0026666666666666666,54.003154560105145,0.9888876498828996,17281.00945923365
9.547716114208056,1.0,0.000126,0.1,0.0038666666666666667,54.003154560105145,0.9888876498828996,25057.463715888793
9.547716114208056,1.0,0.000158,0.1,0.005,54.003154560105145,0.9888876498828996,32401.89273606309
9.547716114208056,1.0,0.0002,0.1,0.006533333333333334,54.003154560105145,0.9888876498828996,42338.47317512244
9.547716114208056,1.0,0.000251,0.1,0.007533333333333334,54.003154560105145,0.9888876498828996,48818.851722335065
9.547716114208056,1.0,0.000316,0.1,0.008166666666666666,54.003154560105145,0.9888876498828996,52923.09146890304
9.547716114208056,1.0,0.000398,0.1,0.0066,54.003154560105145,0.9888876498828996,42770.49841160328
9.547716114208056,1.0,0.000501,0.1,0.004733333333333333,54.003154560105145,0.9888876498828996,30673.791790139723
9.547716114208056,1.0,0.000631,0.1,0.0025,54.003154560105145,0.9888876498828996,16200.946368031546
9.547716114208056,1.0,0.000794,0.1,0.0006666666666666666,54.003154560105145,0.9888876498828996,4320.2523648084125
9.547716114208056,1.0,0.001,0.1,0.0002,54.003154560105145,0.9888876498828996,1296.0757094425237
9.547716114208056,1.0,0.00126,0.1,3.3333333333333335e-05,54.003154560105145,0.9888876498828996,216.01261824042064
9.547716114208056,1.0,0.00158,0.1,0.0,54.003154560105145,0.9888876498828996,0.0
9.547716114208056,1.0,0.002,0.1,0.0,54.003154560105145,0.9888876498828996,0.0
9.547716114208056,1.0,0.00251,0.1,0.0,54.003154560105145,0.9888876498828996,0.0
9.547716114208056,1.0,0.00316,0.1,0.0,54.003154560105145,0.9888876498828996,0.0
9.547716114208056,1.0,0.00398,0.1,0.0,54.003154560105145,0.9888876498828996,0.0
9.547716114208056,1.0,0.00501,0.1,0.0,54.003154560105145,0.9888876498828996,0.0
9.547716114208056,1.0,0.00631,0.1,0.0,54.003154560105145,0.9888876498828996,0.0
10.0,1.0,1e-06,0.1,0.0,54.05626245276372,0.9898601437971749,0.0
10.0,1.0,1.26e-06,0.1,0.0,54.05626245276372,0.9898601437971749,0.0
10.0,1.0,1.58e-06,0.1,0.0,54.05626245276372,0.9898601437971749,0.0
10.0,1.0,2e-06,0.1,0.0,54.05626245276372,0.9898601437971749,0.0
10.0,1.0,2.51e-06,0.1,0.0,54.05626245276372,0.9898601437971749,0.0
10.0,1.0,3.16e-06,0.1,0.0,54.05626245276372,0.9898601437971749,0.0
10.0,1.0,3.98e-06,0.1,0.0,54.05626245276372,0.9898601437971749,0.0
10.0,1.0,1.58e-05,0.1,0.0001,54.05626245276372,0.9898601437971749,648.6751494331647
10.0,1.0,2e-05,0.1,0.0001,54.05626245276372,0.9898601437971749,648.6751494331647
10.0,1.0,2.51e-05,0.1,0.00016666666666666666,54.05626245276372,0.9898601437971749,1081.1252490552743
10.0,1.0,3.16e-05,0.1,0.0002666666666666667,54.05626245276372,0.9898601437971749,1729.8003984884392
10.0,1.0,3.98e-05,0.1,0.0003,54.05626245276372,0.9898601437971749,1946.0254482994937
10.0,1.0,5.01e-05,0.1,0.0005666666666666667,54.05626245276372,0.9898601437971749,3675.825846787933
10.0,1.0,6.31e-05,0.1,0.0009333333333333333,54.05626245276372,0.9898601437971749,6054.301394709536
10.0,1.0,7.94e-05,0.1,0.0018,54.05626245276372,0.9898601437971749,11676.152689796963
10.0,1.0,0.0001,0.1,0.0026666666666666666,54.05626245276372,0.9898601437971749,17298.003984884388
10.0,1.0,0.000126,0.1,0.0038666666666666667,54.05626245276372,0.9898601437971749,25082.105778082365
10.0,1.0,0.000158,0.1,0.005,54.05626245276372,0.9898601437971749,32433.75747165823
10.0,1.0,0.0002,0.1,0.006533333333333334,54.05626245276372,0.9898601437971749,42380.10976296676
10.0,1.0,0.000251,0.1,0.007533333333333334,54.05626245276372,0.9898601437971749,48866.861257298406
10.0,1.0,0.000316,0.1,0.008166666666666666,54.05626245276372,0.9898601437971749,52975.137203708444
10.0,1.0,0.000398,0.1,0.0066,54.05626245276372,0.9898601437971749,42812.55986258887
10.0,1.0,0.000501,0.1,0.004733333333333333,54.05626245276372,0.9898601437971749,30703.95707316979
10.0,1.0,0.000631,0.1,0.0025,54.05626245276372,0.9898601437971749,16216.878735829116
10.0,1.0,0.000794,0.1,0.0006666666666666666,54.05626245276372,0.9898601437971749,4324.500996221097
10.0,1.0,0.001,0.1,0.0002,54.05626245276372,0.9898601437971749,1297.3502988663295
10.0,1.0,0.00126,0.1,3.3333333333333335e-05,54.05626245276372,0.9898601437971749,216.2250498110549
10.0,1.0,0.00158,0.1,0.0,54.05626245276372,0.9898601437971749,0.0
10.0,1.0,0.002,0.1,0.0,54.05626245276372,0.9898601437971749,0.0
10.0,1.0,0.00251,0.1,0.0,54.05626245276372,0.9898601437971749,0.0
10.0,1.0,0.00316,0.1,0.0,54.05626245276372,0.9898601437971749,0.0
10.0,1.0,0.00398,0.1,0.0,54.05626245276372,0.9898601437971749,0.0
10.0,1.0,0.00501,0.1,0.0,54.05626245276372,0.9898601437971749,0.0
10.0,1.0,0.00631,0.1,0.0,54.05626245276372,0.9898601437971749,0.0
