C_Zh,mass,CaPhi,BR_mu,acceptance,cross_section_pb,BR_h_to_Za,N_signal
0.001,1.0,1e-06,1.0,0.0,5.331062748960671e-05,9.762063264897768e-07,0.0
0.001,1.0,1.26e-06,1.0,0.0,5.331062748960671e-05,9.762063264897768e-07,0.0
0.001,1.0,1.58e-06,1.0,0.0,5.331062748960671e-05,9.762063264897768e-07,0.0
0.001,1.0,2e-06,1.0,0.0,5.331062748960671e-05,9.762063264897768e-07,0.0
0.001,1.0,2.51e-06,1.0,0.0,5.331062748960671e-05,9.762063264897768e-07,0.0
0.001,1.0,3.16e-06,1.0,0.0,5.331062748960671e-05,9.762063264897768e-07,0.0
0.001,1.0,3.98e-06,1.0,0.0,5.331062748960671e-05,9.762063264897768e-07,0.0
0.001,1.0,5.01e-06,1.0,0.0,5.331062748960671e-05,9.762063264897768e-07,0.0
0.001,1.0,6.31e-06,1.0,0.0,5.331062748960671e-05,9.762063264897768e-07,0.0
0.001,1.0,7.94e-06,1.0,0.0,5.331062748960671e-05,9.762063264897768e-07,0.0
0.001,1.0,1e-05,1.0,0.0,5.331062748960671e-05,9.762063264897768e-07,0.0
0.001,1.0,1.26e-05,1.0,0.0,5.331062748960671e-05,9.762063264897768e-07,0.0
0.001,1.0,1.58e-05,1.0,0.0,5.331062748960671e-05,9.762063264897768e-07,0.0
0.001,1.0,2e-05,1.0,3.3333333333333335e-05,5.331062748960671e-05,9.762063264897768e-07,0.0021324250995842686
0.001,1.0,2.51e-05,1.0,0.0,5.331062748960671e-05,9.762063264897768e-07,0.0
0.001,1.0,3.16e-05,1.0,3.3333333333333335e-05,5.331062748960671e-05,9.762063264897768e-07,0.0021324250995842686
0.001,1.0,3.98e-05,1.0,0.0,5.331062748960671e-05,9.762063264897768e-07,0.0
0.001,1.0,5.01e-05,1.0,0.0001,5.331062748960671e-05,9.762063264897768e-07,0.0063972752987528055
0.001,1.0,6.31e-05,1.0,0.00016666666666666666,5.331062748960671e-05,9.762063264897768e-07,0.010662125497921343
0.001,1.0,7.94e-05,1.0,6.666666666666667e-05,5.331062748960671e-05,9.762063264897768e-07,0.004264850199168537
0.001,1.0,0.0001,1.0,0.0002666666666666667,5.331062748960671e-05,9.762063264897768e-07,0.01705940079667415
0.001,1.0,0.000126,1.0,0.00036666666666666667,5.331062748960671e-05,9.762063264897768e-07,0.023456676095426954
0.001,1.0,0.000158,1.0,0.0007,5.331062748960671e-05,9.762063264897768e-07,0.04478092709126964
0.001,1.0,0.0002,1.0,0.001,5.331062748960671e-05,9.762063264897768e-07,0.06397275298752807
0.001,1.0,0.000251,1.0,0.0014666666666666667,5.331062748960671e-05,9.762063264897768e-07,0.09382670438170782
0.001,1.0,0.000316,1.0,0.0017333333333333333,5.331062748960671e-05,9.762063264897768e-07,0.11088610517838196
0.001,1.0,0.000398,1.0,0.003266666666666667,5.331062748960671e-05,9.762063264897768e-07,0.2089776597592583
0.001,1.0,0.000501,1.0,0.005033333333333333,5.331062748960671e-05,9.762063264897768e-07,0.32199619003722457
0.001,1.0,0.000631,1.0,0.006166666666666667,5.331062748960671e-05,9.762063264897768e-07,0.3944986434230897
0.001,1.0,0.000794,1.0,0.008366666666666666,5.331062748960671e-05,9.762063264897768e-07,0.5352386999956513
0.001,1.0,0.001,1.0,0.007266666666666667,5.331062748960671e-05,9.762063264897768e-07,0.46486867170937063
0.001,1.0,0.00126,1.0,0.0081,5.331062748960671e-05,9.762063264897768e-07,0.5181792991989772
0.001,1.0,0.00158,1.0,0.004066666666666666,5.331062748960671e-05,9.762063264897768e-07,0.2601558621492807
0.001,1.0,0.002,1.0,0.0021,5.331062748960671e-05,9.762063264897768e-07,0.13434278127380891
0.001,1.0,0.00251,1.0,0.0006666666666666666,5.331062748960671e-05,9.762063264897768e-07,0.04264850199168537
0.001,1.0,0.00316,1.0,6.666666666666667e-05,5.331062748960671e-05,9.762063264897768e-07,0.004264850199168537
0.001,1.0,0.00398,1.0,6.666666666666667e-05,5.331062748960671e-05,9.762063264897768e-07,0.004264850199168537
0.001,1.0,0.00501,1.0,0.0,5.331062748960671e-05,9.762063264897768e-07,0.0
0.001,1.0,0.00631,1.0,0.0,5.331062748960671e-05,9.762063264897768e-07,0.0
0.0010473708979594498,1.0,1e-06,1.0,0.0,5.848099569595742e-05,1.07088437458263e-06,0.0
0.0010473708979594498,1.0,1.26e-06,1.0,0.0,5.848099569595742e-05,1.07088437458263e-06,0.0
0.0010473708979594498,1.0,1.58e-06,1.0,0.0,5.848099569595742e-05,1.07088437458263e-06,0.0
0.0010473708979594498,1.0,2e-06,1.0,0.0,5.848099569595742e-05,1.07088437458263e-06,0.0
0.0010473708979594498,1.0,2.51e-06,1.0,0.0,5.848099569595742e-05,1.07088437458263e-06,0.0
0.0010473708979594498,1.0,3.16e-06,1.0,0.0,5.848099569595742e-05,1.07088437458263e-06,0.0
0.0010473708979594498,1.0,3.98e-06,1.0,0.0,5.848099569595742e-05,1.07088437458263e-06,0.0
0.0010473708979594498,1.0,5.01e-06,1.0,0.0,5.848099569595742e-05,1.07088437458263e-06,0.0
0.0010473708979594498,1.0,6.31e-06,1.0,0.0,5.848099569595742e-05,1.07088437458263e-06,0.0
0.0010473708979594498,1.0,7.94e-06,1.0,0.0,5.848099569595742e-05,1.07088437458263e-06,0.0
0.0010473708979594498,1.0,1e-05,1.0,0.0,5.848099569595742e-05,1.07088437458263e-06,0.0
0.0010473708979594498,1.0,1.26e-05,1.0,0.0,5.848099569595742e-05,1.07088437458263e-06,0.0
0.0010473708979594498,1.0,1.58e-05,1.0,0.0,5.848099569595742e-05,1.07088437458263e-06,0.0
0.0010473708979594498,1.0,2e-05,1.0,3.3333333333333335e-05,5.848099569595742e-05,1.07088437458263e-06,0.0023392398278382974
0.0010473708979594498,1.0,2.51e-05,1.0,0.0,5.848099569595742e-05,1.07088437458263e-06,0.0
0.0010473708979594498,1.0,3.16e-05,1.0,3.3333333333333335e-05,5.848099569595742e-05,1.07088437458263e-06,0.0023392398278382974
0.0010473708979594498,1.0,3.98e-05,1.0,0.0,5.848099569595742e-05,1.07088437458263e-06,0.0
0.0010473708979594498,1.0,5.01e-05,1.0,0.0001,5.848099569595742e-05,1.07088437458263e-06,0.007017719483514891
0.0010473708979594498,1.0,6.31e-05,1.0,0.00016666666666666666,5.848099569595742e-05,1.07088437458263e-06,0.011696199139191484
0.0010473708979594498,1.0,7.94e-05,1.0,6.666666666666667e-05,5.848099569595742e-05,1.07088437458263e-06,0.004678479655676595
0.0010473708979594498,1.0,0.0001,1.0,0.0002666666666666667,5.848099569595742e-05,1.07088437458263e-06,0.01871391862270638
0.0010473708979594498,1.0,0.000126,1.0,0.00036666666666666667,5.848099569595742e-05,1.07088437458263e-06,0.02573163810622127
0.0010473708979594498,1.0,0.000158,1.0,0.0007,5.848099569595742e-05,1.07088437458263e-06,0.04912403638460424
0.0010473708979594498,1.0,0.0002,1.0,0.001,5.848099569595742e-05,1.07088437458263e-06,0.0701771948351489
0.0010473708979594498,1.0,0.000251,1.0,0.0014666666666666667,5.848099569595742e-05,1.07088437458263e-06,0.10292655242488508
0.0010473708979594498,1.0,0.000316,1.0,0.0017333333333333333,5.848099569595742e-05,1.07088437458263e-06,0.12164047104759144
0.0010473708979594498,1.0,0.000398,1.0,0.003266666666666667,5.848099569595742e-05,1.07088437458263e-06,0.22924550312815312
0.0010473708979594498,1.0,0.000501,1.0,0.005033333333333333,5.848099569595742e-05,1.07088437458263e-06,0.35322521400358287
0.0010473708979594498,1.0,0.000631,1.0,0.006166666666666667,5.848099569595742e-05,1.07088437458263e-06,0.4327593681500849
0.0010473708979594498,1.0,0.000794,1.0,0.008366666666666666,5.848099569595742e-05,1.07088437458263e-06,0.5871491967874125
0.0010473708979594498,1.0,0.001,1.0,0.007266666666666667,5.848099569595742e-05,1.07088437458263e-06,0.5099542824687487
0.0010473708979594498,1.0,0.00126,1.0,0.0081,5.848099569595742e-05,1.07088437458263e-06,0.5684352781647062
0.0010473708979594498,1.0,0.00158,1.0,0.004066666666666666,5.848099569595742e-05,1.07088437458263e-06,0.2853872589962722
0.0010473708979594498,1.0,0.002,1.0,0.0021,5.848099569595742e-05,1.07088437458263e-06,0.14737210915381269
0.0010473708979594498,1.0,0.00251,1.0,0.0006666666666666666,5.848099569595742e-05,1.07088437458263e-06,0.046784796556765935
0.0010473708979594498,1.0,0.00316,1.0,6.666666666666667e-05,5.848099569595742e-05,1.07088437458263e-06,0.004678479655676595
0.0010473708979594498,1.0,0.00398,1.0,6.666666666666667e-05,5.848099569595742e-05,1.07088437458263e-06,0.004678479655676595
0.0010473708979594498,1.0,0.00501,1.0,0.0,5.848099569595742e-05,1.07088437458263e-06,0.0
0.0010473708979594498,1.0,0.00631,1.0,0.0,5.848099569595742e-05,1.07088437458263e-06,0.0
0.001096985797892384,1.0,1e-06,1.0,0.0,6.415281506212264e-05,1.1747448280923392e-06,0.0
0.001096985797892384,1.0,1.26e-06,1.0,0.0,6.415281506212264e-05,1.1747448280923392e-06,0.0
0.001096985797892384,1.0,1.58e-06,1.0,0.0,6.415281506212264e-05,1.1747448280923392e-06,0.0
0.001096985797892384,1.0,2e-06,1.0,0.0,6.415281506212264e-05,1.1747448280923392e-06,0.0
0.001096985797892384,1.0,2.51e-06,1.0,0.0,6.415281506212264e-05,1.1747448280923392e-06,0.0
0.001096985797892384,1.0,3.16e-06,1.0,0.0,6.415281506212264e-05,1.1747448280923392e-06,0.0
0.001096985797892384,1.0,3.98e-06,1.0,0.0,6.415281506212264e-05,1.1747448280923392e-06,0.0
0.001096985797892384,1.0,5.01e-06,1.0,0.0,6.415281506212264e-05,1.1747448280923392e-06,0.0
0.001096985797892384,1.0,6.31e-06,1.0,0.0,6.415281506212264e-05,1.1747448280923392e-06,0.0
0.001096985797892384,1.0,7.94e-06,1.0,0.0,6.415281506212264e-05,1.1747448280923392e-06,0.0
0.001096985797892384,1.0,1e-05,1.0,0.0,6.415281506212264e-05,1.1747448280923392e-06,0.0
0.001096985797892384,1.0,1.26e-05,1.0,0.0,6.415281506212264e-05,1.1747448280923392e-06,0.0
0.001096985797892384,1.0,1.58e-05,1.0,0.0,6.415281506212264e-05,1.1747448280923392e-06,0.0
0.001096985797892384,1.0,2e-05,1.0,3.3333333333333335e-05,6.415281506212264e-05,1.1747448280923392e-06,0.002566112602484906
0.001096985797892384,1.0,2.51e-05,1.0,0.0,6.415281506212264e-05,1.1747448280923392e-06,0.0
0.001096985797892384,1.0,3.16e-05,1.0,3.3333333333333335e-05,6.415281506212264e-05,1.1747448280923392e-06,0.002566112602484906
0.001096985797892384,1.0,3.98e-05,1.0,0.0,6.415281506212264e-05,1.1747448280923392e-06,0.0
0.001096985797892384,1.0,5.01e-05,1.0,0.0001,6.415281506212264e-05,1.1747448280923392e-06,0.007698337807454718
0.001096985797892384,1.0,6.31e-05,1.0,0.00016666666666666666,6.415281506212264e-05,1.1747448280923392e-06,0.01283056301242453
0.001096985797892384,1.0,7.94e-05,1.0,6.666666666666667e-05,6.415281506212264e-05,1.1747448280923392e-06,0.005132225204969812
0.001096985797892384,1.0,0.0001,1.0,0.0002666666666666667,6.415281506212264e-05,1.1747448280923392e-06,0.020528900819879247
0.001096985797892384,1.0,0.000126,1.0,0.00036666666666666667,6.415281506212264e-05,1.1747448280923392e-06,0.028227238627333964
0.001096985797892384,1.0,0.000158,1.0,0.0007,6.415281506212264e-05,1.1747448280923392e-06,0.053888364652183024
0.001096985797892384,1.0,0.0002,1.0,0.001,6.415281506212264e-05,1.1747448280923392e-06,0.07698337807454718
0.001096985797892384,1.0,0.000251,1.0,0.0014666666666666667,6.415281506212264e-05,1.1747448280923392e-06,0.11290895450933586
0.001096985797892384,1.0,0.000316,1.0,0.0017333333333333333,6.415281506212264e-05,1.1747448280923392e-06,0.1334378553292151
0.001096985797892384,1.0,0.000398,1.0,0.003266666666666667,6.415281506212264e-05,1.1747448280923392e-06,0.25147903504352076
0.001096985797892384,1.0,0.000501,1.0,0.005033333333333333,6.415281506212264e-05,1.1747448280923392e-06,0.38748300297522076
0.001096985797892384,1.0,0.000631,1.0,0.006166666666666667,6.415281506212264e-05,1.1747448280923392e-06,0.4747308314597076
0.001096985797892384,1.0,0.000794,1.0,0.008366666666666666,6.415281506212264e-05,1.1747448280923392e-06,0.6440942632237113
0.001096985797892384,1.0,0.001,1.0,0.007266666666666667,6.415281506212264e-05,1.1747448280923392e-06,0.5594125473417095
0.001096985797892384,1.0,0.00126,1.0,0.0081,6.415281506212264e-05,1.1747448280923392e-06,0.6235653624038321
0.001096985797892384,1.0,0.00158,1.0,0.004066666666666666,6.415281506212264e-05,1.1747448280923392e-06,0.31306573750315847
0.001096985797892384,1.0,0.002,1.0,0.0021,6.415281506212264e-05,1.1747448280923392e-06,0.16166509395654904
0.001096985797892384,1.0,0.00251,1.0,0.0006666666666666666,6.415281506212264e-05,1.1747448280923392e-06,0.05132225204969812
0.001096985797892384,1.0,0.00316,1.0,6.666666666666667e-05,6.415281506212264e-05,1.1747448280923392e-06,0.005132225204969812
0.001096985797892384,1.0,0.00398,1.0,6.666666666666667e-05,6.415281506212264e-05,1.1747448280923392e-06,0.005132225204969812
0.001096985797892384,1.0,0.00501,1.0,0.0,6.415281506212264e-05,1.1747448280923392e-06,0.0
0.001096985797892384,1.0,0.00631,1.0,0.0,6.415281506212264e-05,1.1747448280923392e-06,0.0
0.0011489510001873086,1.0,1e-06,1.0,0.0,7.037471899992243e-05,1.2886782457411176e-06,0.0
0.0011489510001873086,1.0,1.26e-06,1.0,0.0,7.037471899992243e-05,1.2886782457411176e-06,0.0
0.0011489510001873086,1.0,1.58e-06,1.0,0.0,7.037471899992243e-05,1.2886782457411176e-06,0.0
0.0011489510001873086,1.0,2e-06,1.0,0.0,7.037471899992243e-05,1.2886782457411176e-06,0.0
0.0011489510001873086,1.0,2.51e-06,1.0,0.0,7.037471899992243e-05,1.2886782457411176e-06,0.0
0.0011489510001873086,1.0,3.16e-06,1.0,0.0,7.037471899992243e-05,1.2886782457411176e-06,0.0
0.0011489510001873086,1.0,3.98e-06,1.0,0.0,7.037471899992243e-05,1.2886782457411176e-06,0.0
0.0011489510001873086,1.0,5.01e-06,1.0,0.0,7.037471899992243e-05,1.2886782457411176e-06,0.0
0.0011489510001873086,1.0,6.31e-06,1.0,0.0,7.037471899992243e-05,1.2886782457411176e-06,0.0
0.0011489510001873086,1.0,7.94e-06,1.0,0.0,7.037471899992243e-05,1.2886782457411176e-06,0.0
0.0011489510001873086,1.0,1e-05,1.0,0.0,7.037471899992243e-05,1.2886782457411176e-06,0.0
0.0011489510001873086,1.0,1.26e-05,1.0,0.0,7.037471899992243e-05,1.2886782457411176e-06,0.0
0.0011489510001873086,1.0,1.58e-05,1.0,0.0,7.037471899992243e-05,1.2886782457411176e-06,0.0
0.0011489510001873086,1.0,2e-05,1.0,3.3333333333333335e-05,7.037471899992243e-05,1.2886782457411176e-06,0.0028149887599968975
0.0011489510001873086,1.0,2.51e-05,1.0,0.0,7.037471899992243e-05,1.2886782457411176e-06,0.0
0.0011489510001873086,1.0,3.16e-05,1.0,3.3333333333333335e-05,7.037471899992243e-05,1.2886782457411176e-06,0.0028149887599968975
0.0011489510001873086,1.0,3.98e-05,1.0,0.0,7.037471899992243e-05,1.2886782457411176e-06,0.0
0.0011489510001873086,1.0,5.01e-05,1.0,0.0001,7.037471899992243e-05,1.2886782457411176e-06,0.008444966279990692
0.0011489510001873086,1.0,6.31e-05,1.0,0.00016666666666666666,7.037471899992243e-05,1.2886782457411176e-06,0.014074943799984486
0.0011489510001873086,1.0,7.94e-05,1.0,6.666666666666667e-05,7.037471899992243e-05,1.2886782457411176e-06,0.005629977519993795
0.0011489510001873086,1.0,0.0001,1.0,0.0002666666666666667,7.037471899992243e-05,1.2886782457411176e-06,0.02251991007997518
0.0011489510001873086,1.0,0.000126,1.0,0.00036666666666666667,7.037471899992243e-05,1.2886782457411176e-06,0.030964876359965872
0.0011489510001873086,1.0,0.000158,1.0,0.0007,7.037471899992243e-05,1.2886782457411176e-06,0.05911476395993484
0.0011489510001873086,1.0,0.0002,1.0,0.001,7.037471899992243e-05,1.2886782457411176e-06,0.08444966279990691
0.0011489510001873086,1.0,0.000251,1.0,0.0014666666666666667,7.037471899992243e-05,1.2886782457411176e-06,0.12385950543986349
0.0011489510001873086,1.0,0.000316,1.0,0.0017333333333333333,7.037471899992243e-05,1.2886782457411176e-06,0.14637941551983866
0.0011489510001873086,1.0,0.000398,1.0,0.003266666666666667,7.037471899992243e-05,1.2886782457411176e-06,0.2758688984796959
0.0011489510001873086,1.0,0.000501,1.0,0.005033333333333333,7.037471899992243e-05,1.2886782457411176e-06,0.4250633027595314
0.0011489510001873086,1.0,0.000631,1.0,0.006166666666666667,7.037471899992243e-05,1.2886782457411176e-06,0.5207729205994259
0.0011489510001873086,1.0,0.000794,1.0,0.008366666666666666,7.037471899992243e-05,1.2886782457411176e-06,0.7065621787592211
0.0011489510001873086,1.0,0.001,1.0,0.007266666666666667,7.037471899992243e-05,1.2886782457411176e-06,0.6136675496793237
0.0011489510001873086,1.0,0.00126,1.0,0.0081,7.037471899992243e-05,1.2886782457411176e-06,0.684042268679246
0.0011489510001873086,1.0,0.00158,1.0,0.004066666666666666,7.037471899992243e-05,1.2886782457411176e-06,0.34342862871962143
0.0011489510001873086,1.0,0.002,1.0,0.0021,7.037471899992243e-05,1.2886782457411176e-06,0.1773442918798045
0.0011489510001873086,1.0,0.00251,1.0,0.0006666666666666666,7.037471899992243e-05,1.2886782457411176e-06,0.056299775199937944
0.0011489510001873086,1.0,0.00316,1.0,6.666666666666667e-05,7.037471899992243e-05,1.2886782457411176e-06,0.005629977519993795
0.0011489510001873086,1.0,0.00398,1.0,6.666666666666667e-05,7.037471899992243e-05,1.2886782457411176e-06,0.005629977519993795
0.0011489510001873086,1.0,0.00501,1.0,0.0,7.037471899992243e-05,1.2886782457411176e-06,0.0
0.0011489510001873086,1.0,0.00631,1.0,0.0,7.037471899992243e-05,1.2886782457411176e-06,0.0
0.0012033778407775893,1.0,1e-06,1.0,0.0,7.720005762484978e-05,1.4136615569465259e-06,0.0
0.0012033778407775893,1.0,1.26e-06,1.0,0.0,7.720005762484978e-05,1.4136615569465259e-06,0.0
0.0012033778407775893,1.0,1.58e-06,1.0,0.0,7.720005762484978e-05,1.4136615569465259e-06,0.0
0.0012033778407775893,1.0,2e-06,1.0,0.0,7.720005762484978e-05,1.4136615569465259e-06,0.0
0.0012033778407775893,1.0,2.51e-06,1.0,0.0,7.720005762484978e-05,1.4136615569465259e-06,0.0
0.0012033778407775893,1.0,3.16e-06,1.0,0.0,7.720005762484978e-05,1.4136615569465259e-06,0.0
0.0012033778407775893,1.0,3.98e-06,1.0,0.0,7.720005762484978e-05,1.4136615569465259e-06,0.0
0.0012033778407775893,1.0,5.01e-06,1.0,0.0,7.720005762484978e-05,1.4136615569465259e-06,0.0
0.0012033778407775893,1.0,6.31e-06,1.0,0.0,7.720005762484978e-05,1.4136615569465259e-06,0.0
0.0012033778407775893,1.0,7.94e-06,1.0,0.0,7.720005762484978e-05,1.4136615569465259e-06,0.0
0.0012033778407775893,1.0,1e-05,1.0,0.0,7.720005762484978e-05,1.4136615569465259e-06,0.0
0.0012033778407775893,1.0,1.26e-05,1.0,0.0,7.720005762484978e-05,1.4136615569465259e-06,0.0
0.0012033778407775893,1.0,1.58e-05,1.0,0.0,7.720005762484978e-05,1.4136615569465259e-06,0.0
0.0012033778407775893,1.0,2e-05,1.0,3.3333333333333335e-05,7.720005762484978e-05,1.4136615569465259e-06,0.0030880023049939913
0.0012033778407775893,1.0,2.51e-05,1.0,0.0,7.720005762484978e-05,1.4136615569465259e-06,0.0
0.0012033778407775893,1.0,3.16e-05,1.0,3.3333333333333335e-05,7.720005762484978e-05,1.4136615569465259e-06,0.0030880023049939913
0.0012033778407775893,1.0,3.98e-05,1.0,0.0,7.720005762484978e-05,1.4136615569465259e-06,0.0
0.0012033778407775893,1.0,5.01e-05,1.0,0.0001,7.720005762484978e-05,1.4136615569465259e-06,0.009264006914981976
0.0012033778407775893,1.0,6.31e-05,1.0,0.00016666666666666666,7.720005762484978e-05,1.4136615569465259e-06,0.015440011524969958
0.0012033778407775893,1.0,7.94e-05,1.0,6.666666666666667e-05,7.720005762484978e-05,1.4136615569465259e-06,0.0061760046099879826
0.0012033778407775893,1.0,0.0001,1.0,0.0002666666666666667,7.720005762484978e-05,1.4136615569465259e-06,0.02470401843995193
0.0012033778407775893,1.0,0.000126,1.0,0.00036666666666666667,7.720005762484978e-05,1.4136615569465259e-06,0.03396802535493391
0.0012033778407775893,1.0,0.000158,1.0,0.0007,7.720005762484978e-05,1.4136615569465259e-06,0.06484804840487382
0.0012033778407775893,1.0,0.0002,1.0,0.001,7.720005762484978e-05,1.4136615569465259e-06,0.09264006914981975
0.0012033778407775893,1.0,0.000251,1.0,0.0014666666666666667,7.720005762484978e-05,1.4136615569465259e-06,0.13587210141973563
0.0012033778407775893,1.0,0.000316,1.0,0.0017333333333333333,7.720005762484978e-05,1.4136615569465259e-06,0.16057611985968756
0.0012033778407775893,1.0,0.000398,1.0,0.003266666666666667,7.720005762484978e-05,1.4136615569465259e-06,0.3026242258894112
0.0012033778407775893,1.0,0.000501,1.0,0.005033333333333333,7.720005762484978e-05,1.4136615569465259e-06,0.4662883480540927
0.0012033778407775893,1.0,0.000631,1.0,0.006166666666666667,7.720005762484978e-05,1.4136615569465259e-06,0.5712804264238883
0.0012033778407775893,1.0,0.000794,1.0,0.008366666666666666,7.720005762484978e-05,1.4136615569465259e-06,0.7750885785534918
0.0012033778407775893,1.0,0.001,1.0,0.007266666666666667,7.720005762484978e-05,1.4136615569465259e-06,0.6731845024886902
0.0012033778407775893,1.0,0.00126,1.0,0.0081,7.720005762484978e-05,1.4136615569465259e-06,0.7503845601135399
0.0012033778407775893,1.0,0.00158,1.0,0.004066666666666666,7.720005762484978e-05,1.4136615569465259e-06,0.37673628120926694
0.0012033778407775893,1.0,0.002,1.0,0.0021,7.720005762484978e-05,1.4136615569465259e-06,0.19454414521462146
0.0012033778407775893,1.0,0.00251,1.0,0.0006666666666666666,7.720005762484978e-05,1.4136615569465259e-06,0.06176004609987983
0.0012033778407775893,1.0,0.00316,1.0,6.666666666666667e-05,7.720005762484978e-05,1.4136615569465259e-06,0.0061760046099879826
0.0012033778407775893,1.0,0.00398,1.0,6.666666666666667e-05,7.720005762484978e-05,1.4136615569465259e-06,0.0061760046099879826
0.0012033778407775893,1.0,0.00501,1.0,0.0,7.720005762484978e-05,1.4136615569465259e-06,0.0
0.0012033778407775893,1.0,0.00631,1.0,0.0,7.720005762484978e-05,1.4136615569465259e-06,0.0
0.0012603829296797275,1.0,1e-06,1.0,0.0,8.468735519986606e-05,1.5507664383787962e-06,0.0
0.0012603829296797275,1.0,1.26e-06,1.0,0.0,8.468735519986606e-05,1.5507664383787962e-06,0.0
0.0012603829296797275,1.0,1.58e-06,1.0,0.0,8.468735519986606e-05,1.5507664383787962e-06,0.0
0.0012603829296797275,1.0,2e-06,1.0,0.0,8.468735519986606e-05,1.5507664383787962e-06,0.0
0.0012603829296797275,1.0,2.51e-06,1.0,0.0,8.468735519986606e-05,1.5507664383787962e-06,0.0
0.0012603829296797275,1.0,3.16e-06,1.0,0.0,8.468735519986606e-05,1.5507664383787962e-06,0.0
0.0012603829296797275,1.0,3.98e-06,1.0,0.0,8.468735519986606e-05,1.5507664383787962e-06,0.0
0.0012603829296797275,1.0,5.01e-06,1.0,0.0,8.468735519986606e-05,1.5507664383787962e-06,0.0
0.0012603829296797275,1.0,6.31e-06,1.0,0.0,8.468735519986606e-05,1.5507664383787962e-06,0.0
0.0012603829296797275,1.0,7.94e-06,1.0,0.0,8.468735519986606e-05,1.5507664383787962e-06,0.0
0.0012603829296797275,1.0,1e-05,1.0,0.0,8.468735519986606e-05,1.5507664383787962e-06,0.0
0.0012603829296797275,1.0,1.26e-05,1.0,0.0,8.468735519986606e-05,1.5507664383787962e-06,0.0
0.0012603829296797275,1.0,1.58e-05,1.0,0.0,8.468735519986606e-05,1.5507664383787962e-06,0.0
0.0012603829296797275,1.0,2e-05,1.0,3.3333333333333335e-05,8.468735519986606e-05,1.5507664383787962e-06,0.0033874942079946432
0.0012603829296797275,1.0,2.51e-05,1.0,0.0,8.468735519986606e-05,1.5507664383787962e-06,0.0
0.0012603829296797275,1.0,3.16e-05,1.0,3.3333333333333335e-05,8.468735519986606e-05,1.5507664383787962e-06,0.0033874942079946432
0.0012603829296797275,1.0,3.98e-05,1.0,0.0,8.468735519986606e-05,1.5507664383787962e-06,0.0
0.0012603829296797275,1.0,5.01e-05,1.0,0.0001,8.468735519986606e-05,1.5507664383787962e-06,0.010162482623983927
0.0012603829296797275,1.0,6.31e-05,1.0,0.00016666666666666666,8.468735519986606e-05,1.5507664383787962e-06,0.01693747103997321
0.0012603829296797275,1.0,7.94e-05,1.0,6.666666666666667e-05,8.468735519986606e-05,1.5507664383787962e-06,0.0067749884159892864
0.0012603829296797275,1.0,0.0001,1.0,0.0002666666666666667,8.468735519986606e-05,1.5507664383787962e-06,0.027099953663957146
0.0012603829296797275,1.0,0.000126,1.0,0.00036666666666666667,8.468735519986606e-05,1.5507664383787962e-06,0.03726243628794107
0.0012603829296797275,1.0,0.000158,1.0,0.0007,8.468735519986606e-05,1.5507664383787962e-06,0.0711373783678875
0.0012603829296797275,1.0,0.0002,1.0,0.001,8.468735519986606e-05,1.5507664383787962e-06,0.10162482623983929
0.0012603829296797275,1.0,0.000251,1.0,0.0014666666666666667,8.468735519986606e-05,1.5507664383787962e-06,0.14904974515176428
0.0012603829296797275,1.0,0.000316,1.0,0.0017333333333333333,8.468735519986606e-05,1.5507664383787962e-06,0.1761496988157214
0.0012603829296797275,1.0,0.000398,1.0,0.003266666666666667,8.468735519986606e-05,1.5507664383787962e-06,0.331974432383475
0.0012603829296797275,1.0,0.000501,1.0,0.005033333333333333,8.468735519986606e-05,1.5507664383787962e-06,0.511511625407191
0.0012603829296797275,1.0,0.000631,1.0,0.006166666666666667,8.468735519986606e-05,1.5507664383787962e-06,0.6266864284790089
0.0012603829296797275,1.0,0.000794,1.0,0.008366666666666666,8.468735519986606e-05,1.5507664383787962e-06,0.8502610462066553
0.0012603829296797275,1.0,0.001,1.0,0.007266666666666667,8.468735519986606e-05,1.5507664383787962e-06,0.7384737373428321
0.0012603829296797275,1.0,0.00126,1.0,0.0081,8.468735519986606e-05,1.5507664383787962e-06,0.8231610925426982
0.0012603829296797275,1.0,0.00158,1.0,0.004066666666666666,8.468735519986606e-05,1.5507664383787962e-06,0.4132742933753464
0.0012603829296797275,1.0,0.002,1.0,0.0021,8.468735519986606e-05,1.5507664383787962e-06,0.21341213510366247
0.0012603829296797275,1.0,0.00251,1.0,0.0006666666666666666,8.468735519986606e-05,1.5507664383787962e-06,0.06774988415989285
0.0012603829296797275,1.0,0.00316,1.0,6.666666666666667e-05,8.468735519986606e-05,1.5507664383787962e-06,0.0067749884159892864
0.0012603829296797275,1.0,0.00398,1.0,6.666666666666667e-05,8.468735519986606e-05,1.5507664383787962e-06,0.0067749884159892864
0.0012603829296797275,1.0,0.00501,1.0,0.0,8.468735519986606e-05,1.5507664383787962e-06,0.0
0.0012603829296797275,1.0,0.00631,1.0,0.0,8.468735519986606e-05,1.5507664383787962e-06,0.0
0.001320088400831418,1.0,1e-06,1.0,0.0,9.290081194282311e-05,1.701168502890004e-06,0.0
0.001320088400831418,1.0,1.26e-06,1.0,0.0,9.290081194282311e-05,1.701168502890004e-06,0.0
0.001320088400831418,1.0,1.58e-06,1.0,0.0,9.290081194282311e-05,1.701168502890004e-06,0.0
0.001320088400831418,1.0,2e-06,1.0,0.0,9.290081194282311e-05,1.701168502890004e-06,0.0
0.001320088400831418,1.0,2.51e-06,1.0,0.0,9.290081194282311e-05,1.701168502890004e-06,0.0
0.001320088400831418,1.0,3.16e-06,1.0,0.0,9.290081194282311e-05,1.701168502890004e-06,0.0
0.001320088400831418,1.0,3.98e-06,1.0,0.0,9.290081194282311e-05,1.701168502890004e-06,0.0
0.001320088400831418,1.0,5.01e-06,1.0,0.0,9.290081194282311e-05,1.701168502890004e-06,0.0
0.001320088400831418,1.0,6.31e-06,1.0,0.0,9.290081194282311e-05,1.701168502890004e-06,0.0
0.001320088400831418,1.0,7.94e-06,1.0,0.0,9.290081194282311e-05,1.701168502890004e-06,0.0
0.001320088400831418,1.0,1e-05,1.0,0.0,9.290081194282311e-05,1.701168502890004e-06,0.0
0.001320088400831418,1.0,1.26e-05,1.0,0.0,9.290081194282311e-05,1.701168502890004e-06,0.0
0.001320088400831418,1.0,1.58e-05,1.0,0.0,9.290081194282311e-05,1.701168502890004e-06,0.0
0.001320088400831418,1.0,2e-05,1.0,3.3333333333333335e-05,9.290081194282311e-05,1.701168502890004e-06,0.0037160324777129245
0.001320088400831418,1.0,2.51e-05,1.0,0.0,9.290081194282311e-05,1.701168502890004e-06,0.0
0.001320088400831418,1.0,3.16e-05,1.0,3.3333333333333335e-05,9.290081194282311e-05,1.701168502890004e-06,0.0037160324777129245
0.001320088400831418,1.0,3.98e-05,1.0,0.0,9.290081194282311e-05,1.701168502890004e-06,0.0
0.001320088400831418,1.0,5.01e-05,1.0,0.0001,9.290081194282311e-05,1.701168502890004e-06,0.011148097433138774
0.001320088400831418,1.0,6.31e-05,1.0,0.00016666666666666666,9.290081194282311e-05,1.701168502890004e-06,0.018580162388564622
0.001320088400831418,1.0,7.94e-05,1.0,6.666666666666667e-05,9.290081194282311e-05,1.701168502890004e-06,0.007432064955425849
0.001320088400831418,1.0,0.0001,1.0,0.0002666666666666667,9.290081194282311e-05,1.701168502890004e-06,0.029728259821703396
0.001320088400831418,1.0,0.000126,1.0,0.00036666666666666667,9.290081194282311e-05,1.701168502890004e-06,0.04087635725484218
0.001320088400831418,1.0,0.000158,1.0,0.0007,9.290081194282311e-05,1.701168502890004e-06,0.07803668203197142
0.001320088400831418,1.0,0.0002,1.0,0.001,9.290081194282311e-05,1.701168502890004e-06,0.11148097433138773
0.001320088400831418,1.0,0.000251,1.0,0.0014666666666666667,9.290081194282311e-05,1.701168502890004e-06,0.1635054290193687
0.001320088400831418,1.0,0.000316,1.0,0.0017333333333333333,9.290081194282311e-05,1.701168502890004e-06,0.19323368884107206
0.001320088400831418,1.0,0.000398,1.0,0.003266666666666667,9.290081194282311e-05,1.701168502890004e-06,0.36417118281586663
0.001320088400831418,1.0,0.000501,1.0,0.005033333333333333,9.290081194282311e-05,1.701168502890004e-06,0.5611209041346517
0.001320088400831418,1.0,0.000631,1.0,0.006166666666666667,9.290081194282311e-05,1.701168502890004e-06,0.6874660083768911
0.001320088400831418,1.0,0.000794,1.0,0.008366666666666666,9.290081194282311e-05,1.701168502890004e-06,0.932724151905944
0.001320088400831418,1.0,0.001,1.0,0.007266666666666667,9.290081194282311e-05,1.701168502890004e-06,0.8100950801414175
0.001320088400831418,1.0,0.00126,1.0,0.0081,9.290081194282311e-05,1.701168502890004e-06,0.9029958920842406
0.001320088400831418,1.0,0.00158,1.0,0.004066666666666666,9.290081194282311e-05,1.701168502890004e-06,0.4533559622809768
0.001320088400831418,1.0,0.002,1.0,0.0021,9.290081194282311e-05,1.701168502890004e-06,0.23411004609591424
0.001320088400831418,1.0,0.00251,1.0,0.0006666666666666666,9.290081194282311e-05,1.701168502890004e-06,0.07432064955425849
0.001320088400831418,1.0,0.00316,1.0,6.666666666666667e-05,9.290081194282311e-05,1.701168502890004e-06,0.007432064955425849
0.001320088400831418,1.0,0.00398,1.0,6.666666666666667e-05,9.290081194282311e-05,1.701168502890004e-06,0.007432064955425849
0.001320088400831418,1.0,0.00501,1.0,0.0,9.290081194282311e-05,1.701168502890004e-06,0.0
0.001320088400831418,1.0,0.00631,1.0,0.0,9.290081194282311e-05,1.701168502890004e-06,0.0
0.0013826221737646563,1.0,1e-06,1.0,0.0,0.00010191085449975935,1.8661573795963992e-06,0.0
0.0013826221737646563,1.0,1.26e-06,1.0,0.0,0.00010191085449975935,1.8661573795963992e-06,0.0
0.0013826221737646563,1.0,1.58e-06,1.0,0.0,0.00010191085449975935,1.8661573795963992e-06,0.0
0.0013826221737646563,1.0,2e-06,1.0,0.0,0.00010191085449975935,1.8661573795963992e-06,0.0
0.0013826221737646563,1.0,2.51e-06,1.0,0.0,0.00010191085449975935,1.8661573795963992e-06,0.0
0.0013826221737646563,1.0,3.16e-06,1.0,0.0,0.00010191085449975935,1.8661573795963992e-06,0.0
0.0013826221737646563,1.0,3.98e-06,1.0,0.0,0.00010191085449975935,1.8661573795963992e-06,0.0
0.0013826221737646563,1.0,5.01e-06,1.0,0.0,0.00010191085449975935,1.8661573795963992e-06,0.0
0.0013826221737646563,1.0,6.31e-06,1.0,0.0,0.00010191085449975935,1.8661573795963992e-06,0.0
0.0013826221737646563,1.0,7.94e-06,1.0,0.0,0.00010191085449975935,1.8661573795963992e-06,0.0
0.0013826221737646563,1.0,1e-05,1.0,0.0,0.00010191085449975935,1.8661573795963992e-06,0.0
0.0013826221737646563,1.0,1.26e-05,1.0,0.0,0.00010191085449975935,1.8661573795963992e-06,0.0
0.0013826221737646563,1.0,1.58e-05,1.0,0.0,0.00010191085449975935,1.8661573795963992e-06,0.0
0.0013826221737646563,1.0,2e-05,1.0,3.3333333333333335e-05,0.00010191085449975935,1.8661573795963992e-06,0.0040764341799903745
0.0013826221737646563,1.0,2.51e-05,1.0,0.0,0.00010191085449975935,1.8661573795963992e-06,0.0
0.0013826221737646563,1.0,3.16e-05,1.0,3.3333333333333335e-05,0.00010191085449975935,1.8661573795963992e-06,0.0040764341799903745
0.0013826221737646563,1.0,3.98e-05,1.0,0.0,0.00010191085449975935,1.8661573795963992e-06,0.0
0.0013826221737646563,1.0,5.01e-05,1.0,0.0001,0.00010191085449975935,1.8661573795963992e-06,0.012229302539971123
0.0013826221737646563,1.0,6.31e-05,1.0,0.00016666666666666666,0.00010191085449975935,1.8661573795963992e-06,0.02038217089995187
0.0013826221737646563,1.0,7.94e-05,1.0,6.666666666666667e-05,0.00010191085449975935,1.8661573795963992e-06,0.008152868359980749
0.0013826221737646563,1.0,0.0001,1.0,0.0002666666666666667,0.00010191085449975935,1.8661573795963992e-06,0.032611473439922996
0.0013826221737646563,1.0,0.000126,1.0,0.00036666666666666667,0.00010191085449975935,1.8661573795963992e-06,0.04484077597989412
0.0013826221737646563,1.0,0.000158,1.0,0.0007,0.00010191085449975935,1.8661573795963992e-06,0.08560511777979786
0.0013826221737646563,1.0,0.0002,1.0,0.001,0.00010191085449975935,1.8661573795963992e-06,0.12229302539971124
0.0013826221737646563,1.0,0.000251,1.0,0.0014666666666666667,0.00010191085449975935,1.8661573795963992e-06,0.17936310391957647
0.0013826221737646563,1.0,0.000316,1.0,0.0017333333333333333,0.00010191085449975935,1.8661573795963992e-06,0.21197457735949943
0.0013826221737646563,1.0,0.000398,1.0,0.003266666666666667,0.00010191085449975935,1.8661573795963992e-06,0.3994905496390567
0.0013826221737646563,1.0,0.000501,1.0,0.005033333333333333,0.00010191085449975935,1.8661573795963992e-06,0.6155415611785465
0.0013826221737646563,1.0,0.000631,1.0,0.006166666666666667,0.00010191085449975935,1.8661573795963992e-06,0.7541403232982193
0.0013826221737646563,1.0,0.000794,1.0,0.008366666666666666,0.00010191085449975935,1.8661573795963992e-06,1.0231849791775838
0.0013826221737646563,1.0,0.001,1.0,0.007266666666666667,0.00010191085449975935,1.8661573795963992e-06,0.8886626512379016
0.0013826221737646563,1.0,0.00126,1.0,0.0081,0.00010191085449975935,1.8661573795963992e-06,0.9905735057376609
0.0013826221737646563,1.0,0.00158,1.0,0.004066666666666666,0.00010191085449975935,1.8661573795963992e-06,0.4973249699588256
0.0013826221737646563,1.0,0.002,1.0,0.0021,0.00010191085449975935,1.8661573795963992e-06,0.25681535333939354
0.0013826221737646563,1.0,0.00251,1.0,0.0006666666666666666,0.00010191085449975935,1.8661573795963992e-06,0.08152868359980749
0.0013826221737646563,1.0,0.00316,1.0,6.666666666666667e-05,0.00010191085449975935,1.8661573795963992e-06,0.008152868359980749
0.0013826221737646563,1.0,0.00398,1.0,6.666666666666667e-05,0.00010191085449975935,1.8661573795963992e-06,0.008152868359980749
0.0013826221737646563,1.0,0.00501,1.0,0.0,0.00010191085449975935,1.8661573795963992e-06,0.0
0.0013826221737646563,1.0,0.00631,1.0,0.0,0.00010191085449975935,1.8661573795963992e-06,0.0
0.001448118227674533,1.0,1e-06,1.0,0.0,0.00011179473980349774,2.047147771534476e-06,0.0
0.001448118227674533,1.0,1.26e-06,1.0,0.0,0.00011179473980349774,2.047147771534476e-06,0.0
0.001448118227674533,1.0,1.58e-06,1.0,0.0,0.00011179473980349774,2.047147771534476e-06,0.0
0.001448118227674533,1.0,2e-06,1.0,0.0,0.00011179473980349774,2.047147771534476e-06,0.0
0.001448118227674533,1.0,2.51e-06,1.0,0.0,0.00011179473980349774,2.047147771534476e-06,0.0
0.001448118227674533,1.0,3.16e-06,1.0,0.0,0.00011179473980349774,2.047147771534476e-06,0.0
0.001448118227674533,1.0,3.98e-06,1.0,0.0,0.00011179473980349774,2.047147771534476e-06,0.0
0.001448118227674533,1.0,5.01e-06,1.0,0.0,0.00011179473980349774,2.047147771534476e-06,0.0
0.001448118227674533,1.0,6.31e-06,1.0,0.0,0.00011179473980349774,2.047147771534476e-06,0.0
0.001448118227674533,1.0,7.94e-06,1.0,0.0,0.00011179473980349774,2.047147771534476e-06,0.0
0.001448118227674533,1.0,1e-05,1.0,0.0,0.00011179473980349774,2.047147771534476e-06,0.0
0.001448118227674533,1.0,1.26e-05,1.0,0.0,0.00011179473980349774,2.047147771534476e-06,0.0
0.001448118227674533,1.0,1.58e-05,1.0,0.0,0.00011179473980349774,2.047147771534476e-06,0.0
0.001448118227674533,1.0,2e-05,1.0,3.3333333333333335e-05,0.00011179473980349774,2.047147771534476e-06,0.00447178959213991
0.001448118227674533,1.0,2.51e-05,1.0,0.0,0.00011179473980349774,2.047147771534476e-06,0.0
0.001448118227674533,1.0,3.16e-05,1.0,3.3333333333333335e-05,0.00011179473980349774,2.047147771534476e-06,0.00447178959213991
0.001448118227674533,1.0,3.98e-05,1.0,0.0,0.00011179473980349774,2.047147771534476e-06,0.0
0.001448118227674533,1.0,5.01e-05,1.0,0.0001,0.00011179473980349774,2.047147771534476e-06,0.013415368776419731
0.001448118227674533,1.0,6.31e-05,1.0,0.00016666666666666666,0.00011179473980349774,2.047147771534476e-06,0.02235894796069955
0.001448118227674533,1.0,7.94e-05,1.0,6.666666666666667e-05,0.00011179473980349774,2.047147771534476e-06,0.00894357918427982
0.001448118227674533,1.0,0.0001,1.0,0.0002666666666666667,0.00011179473980349774,2.047147771534476e-06,0.03577431673711928
0.001448118227674533,1.0,0.000126,1.0,0.00036666666666666667,0.00011179473980349774,2.047147771534476e-06,0.049189685513539014
0.001448118227674533,1.0,0.000158,1.0,0.0007,0.00011179473980349774,2.047147771534476e-06,0.0939075814349381
0.001448118227674533,1.0,0.0002,1.0,0.001,0.00011179473980349774,2.047147771534476e-06,0.1341536877641973
0.001448118227674533,1.0,0.000251,1.0,0.0014666666666666667,0.00011179473980349774,2.047147771534476e-06,0.19675874205415606
0.001448118227674533,1.0,0.000316,1.0,0.0017333333333333333,0.00011179473980349774,2.047147771534476e-06,0.23253305879127534
0.001448118227674533,1.0,0.000398,1.0,0.003266666666666667,0.00011179473980349774,2.047147771534476e-06,0.43823538002971124
0.001448118227674533,1.0,0.000501,1.0,0.005033333333333333,0.00011179473980349774,2.047147771534476e-06,0.6752402284131264
0.001448118227674533,1.0,0.000631,1.0,0.006166666666666667,0.00011179473980349774,2.047147771534476e-06,0.8272810745458834
0.001448118227674533,1.0,0.000794,1.0,0.008366666666666666,0.00011179473980349774,2.047147771534476e-06,1.1224191876271175
0.001448118227674533,1.0,0.001,1.0,0.007266666666666667,0.00011179473980349774,2.047147771534476e-06,0.9748501310865004
0.001448118227674533,1.0,0.00126,1.0,0.0081,0.00011179473980349774,2.047147771534476e-06,1.086644870889998
0.001448118227674533,1.0,0.00158,1.0,0.004066666666666666,0.00011179473980349774,2.047147771534476e-06,0.545558330241069
0.001448118227674533,1.0,0.002,1.0,0.0021,0.00011179473980349774,2.047147771534476e-06,0.2817227443048143
0.001448118227674533,1.0,0.00251,1.0,0.0006666666666666666,0.00011179473980349774,2.047147771534476e-06,0.0894357918427982
0.001448118227674533,1.0,0.00316,1.0,6.666666666666667e-05,0.00011179473980349774,2.047147771534476e-06,0.00894357918427982
0.001448118227674533,1.0,0.00398,1.0,6.666666666666667e-05,0.00011179473980349774,2.047147771534476e-06,0.00894357918427982
0.001448118227674533,1.0,0.00501,1.0,0.0,0.00011179473980349774,2.047147771534476e-06,0.0
0.001448118227674533,1.0,0.00631,1.0,0.0,0.00011179473980349774,2.047147771534476e-06,0.0
0.0015167168884709225,1.0,1e-06,1.0,0.0,0.00012263721749459586,2.2456915856911893e-06,0.0
0.0015167168884709225,1.0,1.26e-06,1.0,0.0,0.00012263721749459586,2.2456915856911893e-06,0.0
0.0015167168884709225,1.0,1.58e-06,1.0,0.0,0.00012263721749459586,2.2456915856911893e-06,0.0
0.0015167168884709225,1.0,2e-06,1.0,0.0,0.00012263721749459586,2.2456915856911893e-06,0.0
0.0015167168884709225,1.0,2.51e-06,1.0,0.0,0.00012263721749459586,2.2456915856911893e-06,0.0
0.0015167168884709225,1.0,3.16e-06,1.0,0.0,0.00012263721749459586,2.2456915856911893e-06,0.0
0.0015167168884709225,1.0,3.98e-06,1.0,0.0,0.00012263721749459586,2.2456915856911893e-06,0.0
0.0015167168884709225,1.0,5.01e-06,1.0,0.0,0.00012263721749459586,2.2456915856911893e-06,0.0
0.0015167168884709225,1.0,6.31e-06,1.0,0.0,0.00012263721749459586,2.2456915856911893e-06,0.0
0.0015167168884709225,1.0,7.94e-06,1.0,0.0,0.00012263721749459586,2.2456915856911893e-06,0.0
0.0015167168884709225,1.0,1e-05,1.0,0.0,0.00012263721749459586,2.2456915856911893e-06,0.0
0.0015167168884709225,1.0,1.26e-05,1.0,0.0,0.00012263721749459586,2.2456915856911893e-06,0.0
0.0015167168884709225,1.0,1.58e-05,1.0,0.0,0.00012263721749459586,2.2456915856911893e-06,0.0
0.0015167168884709225,1.0,2e-05,1.0,3.3333333333333335e-05,0.00012263721749459586,2.2456915856911893e-06,0.0049054886997838346
0.0015167168884709225,1.0,2.51e-05,1.0,0.0,0.00012263721749459586,2.2456915856911893e-06,0.0
0.0015167168884709225,1.0,3.16e-05,1.0,3.3333333333333335e-05,0.00012263721749459586,2.2456915856911893e-06,0.0049054886997838346
0.0015167168884709225,1.0,3.98e-05,1.0,0.0,0.00012263721749459586,2.2456915856911893e-06,0.0
0.0015167168884709225,1.0,5.01e-05,1.0,0.0001,0.00012263721749459586,2.2456915856911893e-06,0.014716466099351505
0.0015167168884709225,1.0,6.31e-05,1.0,0.00016666666666666666,0.00012263721749459586,2.2456915856911893e-06,0.024527443498919173
0.0015167168884709225,1.0,7.94e-05,1.0,6.666666666666667e-05,0.00012263721749459586,2.2456915856911893e-06,0.009810977399567669
0.0015167168884709225,1.0,0.0001,1.0,0.0002666666666666667,0.00012263721749459586,2.2456915856911893e-06,0.039243909598270676
0.0015167168884709225,1.0,0.000126,1.0,0.00036666666666666667,0.00012263721749459586,2.2456915856911893e-06,0.05396037569762218
0.0015167168884709225,1.0,0.000158,1.0,0.0007,0.00012263721749459586,2.2456915856911893e-06,0.10301526269546053
0.0015167168884709225,1.0,0.0002,1.0,0.001,0.00012263721749459586,2.2456915856911893e-06,0.14716466099351505
0.0015167168884709225,1.0,0.000251,1.0,0.0014666666666666667,0.00012263721749459586,2.2456915856911893e-06,0.21584150279048872
0.0015167168884709225,1.0,0.000316,1.0,0.0017333333333333333,0.00012263721749459586,2.2456915856911893e-06,0.25508541238875937
0.0015167168884709225,1.0,0.000398,1.0,0.003266666666666667,0.00012263721749459586,2.2456915856911893e-06,0.48073789257881583
0.0015167168884709225,1.0,0.000501,1.0,0.005033333333333333,0.00012263721749459586,2.2456915856911893e-06,0.740728793667359
0.0015167168884709225,1.0,0.000631,1.0,0.006166666666666667,0.00012263721749459586,2.2456915856911893e-06,0.9075154094600095
0.0015167168884709225,1.0,0.000794,1.0,0.008366666666666666,0.00012263721749459586,2.2456915856911893e-06,1.2312776636457423
0.0015167168884709225,1.0,0.001,1.0,0.007266666666666667,0.00012263721749459586,2.2456915856911893e-06,1.069396536552876
0.0015167168884709225,1.0,0.00126,1.0,0.0081,0.00012263721749459586,2.2456915856911893e-06,1.1920337540474717
0.0015167168884709225,1.0,0.00158,1.0,0.004066666666666666,0.00012263721749459586,2.2456915856911893e-06,0.5984696213736277
0.0015167168884709225,1.0,0.002,1.0,0.0021,0.00012263721749459586,2.2456915856911893e-06,0.30904578808638156
0.0015167168884709225,1.0,0.00251,1.0,0.0006666666666666666,0.00012263721749459586,2.2456915856911893e-06,0.09810977399567669
0.0015167168884709225,1.0,0.00316,1.0,6.666666666666667e-05,0.00012263721749459586,2.2456915856911893e-06,0.009810977399567669
0.0015167168884709225,1.0,0.00398,1.0,6.666666666666667e-05,0.00012263721749459586,2.2456915856911893e-06,0.009810977399567669
0.0015167168884709225,1.0,0.00501,1.0,0.0,0.00012263721749459586,2.2456915856911893e-06,0.0
0.0015167168884709225,1.0,0.00631,1.0,0.0,0.00012263721749459586,2.2456915856911893e-06,0.0
0.0015885651294280528,1.0,1e-06,1.0,0.0,0.0001345312565836778,2.463491239400802e-06,0.0
0.0015885651294280528,1.0,1.26e-06,1.0,0.0,0.0001345312565836778,2.463491239400802e-06,0.0
0.0015885651294280528,1.0,1.58e-06,1.0,0.0,0.0001345312565836778,2.463491239400802e-06,0.0
0.0015885651294280528,1.0,2e-06,1.0,0.0,0.0001345312565836778,2.463491239400802e-06,0.0
0.0015885651294280528,1.0,2.51e-06,1.0,0.0,0.0001345312565836778,2.463491239400802e-06,0.0
0.0015885651294280528,1.0,3.16e-06,1.0,0.0,0.0001345312565836778,2.463491239400802e-06,0.0
0.0015885651294280528,1.0,3.98e-06,1.0,0.0,0.0001345312565836778,2.463491239400802e-06,0.0
0.0015885651294280528,1.0,5.01e-06,1.0,0.0,0.0001345312565836778,2.463491239400802e-06,0.0
0.0015885651294280528,1.0,6.31e-06,1.0,0.0,0.0001345312565836778,2.463491239400802e-06,0.0
0.0015885651294280528,1.0,7.94e-06,1.0,0.0,0.0001345312565836778,2.463491239400802e-06,0.0
0.0015885651294280528,1.0,1e-05,1.0,0.0,0.0001345312565836778,2.463491239400802e-06,0.0
0.0015885651294280528,1.0,1.26e-05,1.0,0.0,0.0001345312565836778,2.463491239400802e-06,0.0
0.0015885651294280528,1.0,1.58e-05,1.0,0.0,0.0001345312565836778,2.463491239400802e-06,0.0
0.0015885651294280528,1.0,2e-05,1.0,3.3333333333333335e-05,0.0001345312565836778,2.463491239400802e-06,0.005381250263347112
0.0015885651294280528,1.0,2.51e-05,1.0,0.0,0.0001345312565836778,2.463491239400802e-06,0.0
0.0015885651294280528,1.0,3.16e-05,1.0,3.3333333333333335e-05,0.0001345312565836778,2.463491239400802e-06,0.005381250263347112
0.0015885651294280528,1.0,3.98e-05,1.0,0.0,0.0001345312565836778,2.463491239400802e-06,0.0
0.0015885651294280528,1.0,5.01e-05,1.0,0.0001,0.0001345312565836778,2.463491239400802e-06,0.016143750790041336
0.0015885651294280528,1.0,6.31e-05,1.0,0.00016666666666666666,0.0001345312565836778,2.463491239400802e-06,0.02690625131673556
0.0015885651294280528,1.0,7.94e-05,1.0,6.666666666666667e-05,0.0001345312565836778,2.463491239400802e-06,0.010762500526694224
0.0015885651294280528,1.0,0.0001,1.0,0.0002666666666666667,0.0001345312565836778,2.463491239400802e-06,0.0430500021067769
0.0015885651294280528,1.0,0.000126,1.0,0.00036666666666666667,0.0001345312565836778,2.463491239400802e-06,0.05919375289681823
0.0015885651294280528,1.0,0.000158,1.0,0.0007,0.0001345312565836778,2.463491239400802e-06,0.11300625553028937
0.0015885651294280528,1.0,0.0002,1.0,0.001,0.0001345312565836778,2.463491239400802e-06,0.16143750790041336
0.0015885651294280528,1.0,0.000251,1.0,0.0014666666666666667,0.0001345312565836778,2.463491239400802e-06,0.23677501158727293
0.0015885651294280528,1.0,0.000316,1.0,0.0017333333333333333,0.0001345312565836778,2.463491239400802e-06,0.27982501369404983
0.0015885651294280528,1.0,0.000398,1.0,0.003266666666666667,0.0001345312565836778,2.463491239400802e-06,0.527362525808017
0.0015885651294280528,1.0,0.000501,1.0,0.005033333333333333,0.0001345312565836778,2.463491239400802e-06,0.8125687897654139
0.0015885651294280528,1.0,0.000631,1.0,0.006166666666666667,0.0001345312565836778,2.463491239400802e-06,0.9955312987192158
0.0015885651294280528,1.0,0.000794,1.0,0.008366666666666666,0.0001345312565836778,2.463491239400802e-06,1.350693816100125
0.0015885651294280528,1.0,0.001,1.0,0.007266666666666667,0.0001345312565836778,2.463491239400802e-06,1.1731125574096706
0.0015885651294280528,1.0,0.00126,1.0,0.0081,0.0001345312565836778,2.463491239400802e-06,1.3076438139933482
0.0015885651294280528,1.0,0.00158,1.0,0.004066666666666666,0.0001345312565836778,2.463491239400802e-06,0.6565125321283477
0.0015885651294280528,1.0,0.002,1.0,0.0021,0.0001345312565836778,2.463491239400802e-06,0.33901876659086805
0.0015885651294280528,1.0,0.00251,1.0,0.0006666666666666666,0.0001345312565836778,2.463491239400802e-06,0.10762500526694224
0.0015885651294280528,1.0,0.00316,1.0,6.666666666666667e-05,0.0001345312565836778,2.463491239400802e-06,0.010762500526694224
0.0015885651294280528,1.0,0.00398,1.0,6.666666666666667e-05,0.0001345312565836778,2.463491239400802e-06,0.010762500526694224
0.0015885651294280528,1.0,0.00501,1.0,0.0,0.0001345312565836778,2.463491239400802e-06,0.0
0.0015885651294280528,1.0,0.00631,1.0,0.0,0.0001345312565836778,2.463491239400802e-06,0.0
0.001663816886076129,1.0,1e-06,1.0,0.0,0.0001475788425848331,2.702414257184272e-06,0.0
0.001663816886076129,1.0,1.26e-06,1.0,0.0,0.0001475788425848331,2.702414257184272e-06,0.0
0.001663816886076129,1.0,1.58e-06,1.0,0.0,0.0001475788425848331,2.702414257184272e-06,0.0
0.001663816886076129,1.0,2e-06,1.0,0.0,0.0001475788425848331,2.702414257184272e-06,0.0
0.001663816886076129,1.0,2.51e-06,1.0,0.0,0.0001475788425848331,2.702414257184272e-06,0.0
0.001663816886076129,1.0,3.16e-06,1.0,0.0,0.0001475788425848331,2.702414257184272e-06,0.0
0.001663816886076129,1.0,3.98e-06,1.0,0.0,0.0001475788425848331,2.702414257184272e-06,0.0
0.001663816886076129,1.0,5.01e-06,1.0,0.0,0.0001475788425848331,2.702414257184272e-06,0.0
0.001663816886076129,1.0,6.31e-06,1.0,0.0,0.0001475788425848331,2.702414257184272e-06,0.0
0.001663816886076129,1.0,7.94e-06,1.0,0.0,0.0001475788425848331,2.702414257184272e-06,0.0
0.001663816886076129,1.0,1e-05,1.0,0.0,0.0001475788425848331,2.702414257184272e-06,0.0
0.001663816886076129,1.0,1.26e-05,1.0,0.0,0.0001475788425848331,2.702414257184272e-06,0.0
0.001663816886076129,1.0,1.58e-05,1.0,0.0,0.0001475788425848331,2.702414257184272e-06,0.0
0.001663816886076129,1.0,2e-05,1.0,3.3333333333333335e-05,0.0001475788425848331,2.702414257184272e-06,0.005903153703393325
0.001663816886076129,1.0,2.51e-05,1.0,0.0,0.0001475788425848331,2.702414257184272e-06,0.0
0.001663816886076129,1.0,3.16e-05,1.0,3.3333333333333335e-05,0.0001475788425848331,2.702414257184272e-06,0.005903153703393325
0.001663816886076129,1.0,3.98e-05,1.0,0.0,0.0001475788425848331,2.702414257184272e-06,0.0
0.001663816886076129,1.0,5.01e-05,1.0,0.0001,0.0001475788425848331,2.702414257184272e-06,0.017709461110179976
0.001663816886076129,1.0,6.31e-05,1.0,0.00016666666666666666,0.0001475788425848331,2.702414257184272e-06,0.029515768516966624
0.001663816886076129,1.0,7.94e-05,1.0,6.666666666666667e-05,0.0001475788425848331,2.702414257184272e-06,0.01180630740678665
0.001663816886076129,1.0,0.0001,1.0,0.0002666666666666667,0.0001475788425848331,2.702414257184272e-06,0.0472252296271466
0.001663816886076129,1.0,0.000126,1.0,0.00036666666666666667,0.0001475788425848331,2.702414257184272e-06,0.06493469073732658
0.001663816886076129,1.0,0.000158,1.0,0.0007,0.0001475788425848331,2.702414257184272e-06,0.12396622777125982
0.001663816886076129,1.0,0.0002,1.0,0.001,0.0001475788425848331,2.702414257184272e-06,0.17709461110179975
0.001663816886076129,1.0,0.000251,1.0,0.0014666666666666667,0.0001475788425848331,2.702414257184272e-06,0.2597387629493063
0.001663816886076129,1.0,0.000316,1.0,0.0017333333333333333,0.0001475788425848331,2.702414257184272e-06,0.3069639925764529
0.001663816886076129,1.0,0.000398,1.0,0.003266666666666667,0.0001475788425848331,2.702414257184272e-06,0.5785090629325458
0.001663816886076129,1.0,0.000501,1.0,0.005033333333333333,0.0001475788425848331,2.702414257184272e-06,0.891376209212392
0.001663816886076129,1.0,0.000631,1.0,0.006166666666666667,0.0001475788425848331,2.702414257184272e-06,1.092083435127765
0.001663816886076129,1.0,0.000794,1.0,0.008366666666666666,0.0001475788425848331,2.702414257184272e-06,1.4816915795517245
0.001663816886076129,1.0,0.001,1.0,0.007266666666666667,0.0001475788425848331,2.702414257184272e-06,1.2868875073397448
0.001663816886076129,1.0,0.00126,1.0,0.0081,0.0001475788425848331,2.702414257184272e-06,1.4344663499245778
0.001663816886076129,1.0,0.00158,1.0,0.004066666666666666,0.0001475788425848331,2.702414257184272e-06,0.7201847518139856
0.001663816886076129,1.0,0.002,1.0,0.0021,0.0001475788425848331,2.702414257184272e-06,0.3718986833137794
0.001663816886076129,1.0,0.00251,1.0,0.0006666666666666666,0.0001475788425848331,2.702414257184272e-06,0.1180630740678665
0.001663816886076129,1.0,0.00316,1.0,6.666666666666667e-05,0.0001475788425848331,2.702414257184272e-06,0.01180630740678665
0.001663816886076129,1.0,0.00398,1.0,6.666666666666667e-05,0.0001475788425848331,2.702414257184272e-06,0.01180630740678665
0.001663816886076129,1.0,0.00501,1.0,0.0,0.0001475788425848331,2.702414257184272e-06,0.0
0.001663816886076129,1.0,0.00631,1.0,0.0,0.0001475788425848331,2.702414257184272e-06,0.0
0.0017426333860096508,1.0,1e-06,1.0,0.0,0.00016189185195378278,2.9645092831676025e-06,0.0
0.0017426333860096508,1.0,1.26e-06,1.0,0.0,0.00016189185195378278,2.9645092831676025e-06,0.0
0.0017426333860096508,1.0,1.58e-06,1.0,0.0,0.00016189185195378278,2.9645092831676025e-06,0.0
0.0017426333860096508,1.0,2e-06,1.0,0.0,0.00016189185195378278,2.9645092831676025e-06,0.0
0.0017426333860096508,1.0,2.51e-06,1.0,0.0,0.00016189185195378278,2.9645092831676025e-06,0.0
0.0017426333860096508,1.0,3.16e-06,1.0,0.0,0.00016189185195378278,2.9645092831676025e-06,0.0
0.0017426333860096508,1.0,3.98e-06,1.0,0.0,0.00016189185195378278,2.9645092831676025e-06,0.0
0.0017426333860096508,1.0,5.01e-06,1.0,0.0,0.00016189185195378278,2.9645092831676025e-06,0.0
0.0017426333860096508,1.0,6.31e-06,1.0,0.0,0.00016189185195378278,2.9645092831676025e-06,0.0
0.0017426333860096508,1.0,7.94e-06,1.0,0.0,0.00016189185195378278,2.9645092831676025e-06,0.0
0.0017426333860096508,1.0,1e-05,1.0,0.0,0.00016189185195378278,2.9645092831676025e-06,0.0
0.0017426333860096508,1.0,1.26e-05,1.0,0.0,0.00016189185195378278,2.9645092831676025e-06,0.0
0.0017426333860096508,1.0,1.58e-05,1.0,0.0,0.00016189185195378278,2.9645092831676025e-06,0.0
0.0017426333860096508,1.0,2e-05,1.0,3.3333333333333335e-05,0.00016189185195378278,2.9645092831676025e-06,0.006475674078151312
0.0017426333860096508,1.0,2.51e-05,1.0,0.0,0.00016189185195378278,2.9645092831676025e-06,0.0
0.0017426333860096508,1.0,3.16e-05,1.0,3.3333333333333335e-05,0.00016189185195378278,2.9645092831676025e-06,0.006475674078151312
0.0017426333860096508,1.0,3.98e-05,1.0,0.0,0.00016189185195378278,2.9645092831676025e-06,0.0
0.0017426333860096508,1.0,5.01e-05,1.0,0.0001,0.00016189185195378278,2.9645092831676025e-06,0.019427022234453934
0.0017426333860096508,1.0,6.31e-05,1.0,0.00016666666666666666,0.00016189185195378278,2.9645092831676025e-06,0.03237837039075655
0.0017426333860096508,1.0,7.94e-05,1.0,6.666666666666667e-05,0.00016189185195378278,2.9645092831676025e-06,0.012951348156302623
0.0017426333860096508,1.0,0.0001,1.0,0.0002666666666666667,0.00016189185195378278,2.9645092831676025e-06,0.05180539262521049
0.0017426333860096508,1.0,0.000126,1.0,0.00036666666666666667,0.00016189185195378278,2.9645092831676025e-06,0.07123241485966442
0.0017426333860096508,1.0,0.000158,1.0,0.0007,0.00016189185195378278,2.9645092831676025e-06,0.13598915564117753
0.0017426333860096508,1.0,0.0002,1.0,0.001,0.00016189185195378278,2.9645092831676025e-06,0.19427022234453933
0.0017426333860096508,1.0,0.000251,1.0,0.0014666666666666667,0.00016189185195378278,2.9645092831676025e-06,0.28492965943865767
0.0017426333860096508,1.0,0.000316,1.0,0.0017333333333333333,0.00016189185195378278,2.9645092831676025e-06,0.33673505206386817
0.0017426333860096508,1.0,0.000398,1.0,0.003266666666666667,0.00016189185195378278,2.9645092831676025e-06,0.6346160596588285
0.0017426333860096508,1.0,0.000501,1.0,0.005033333333333333,0.00016189185195378278,2.9645092831676025e-06,0.9778267858008478
0.0017426333860096508,1.0,0.000631,1.0,0.006166666666666667,0.00016189185195378278,2.9645092831676025e-06,1.1979997044579924
0.0017426333860096508,1.0,0.000794,1.0,0.008366666666666666,0.00016189185195378278,2.9645092831676025e-06,1.6253941936159793
0.0017426333860096508,1.0,0.001,1.0,0.007266666666666667,0.00016189185195378278,2.9645092831676025e-06,1.411696949036986
0.0017426333860096508,1.0,0.00126,1.0,0.0081,0.00016189185195378278,2.9645092831676025e-06,1.5735888009907686
0.0017426333860096508,1.0,0.00158,1.0,0.004066666666666666,0.00016189185195378278,2.9645092831676025e-06,0.7900322375344598
0.0017426333860096508,1.0,0.002,1.0,0.0021,0.00016189185195378278,2.9645092831676025e-06,0.4079674669235326
0.0017426333860096508,1.0,0.00251,1.0,0.0006666666666666666,0.00016189185195378278,2.9645092831676025e-06,0.1295134815630262
0.0017426333860096508,1.0,0.00316,1.0,6.666666666666667e-05,0.00016189185195378278,2.9645092831676025e-06,0.012951348156302623
0.0017426333860096508,1.0,0.00398,1.0,6.666666666666667e-05,0.00016189185195378278,2.9645092831676025e-06,0.012951348156302623
0.0017426333860096508,1.0,0.00501,1.0,0.0,0.00016189185195378278,2.9645092831676025e-06,0.0
0.0017426333860096508,1.0,0.00631,1.0,0.0,0.00016189185195378278,2.9645092831676025e-06,0.0
0.0018251834943190425,1.0,1e-06,1.0,0.0,0.00017759301132708814,3.252023646348437e-06,0.0
0.0018251834943190425,1.0,1.26e-06,1.0,0.0,0.00017759301132708814,3.252023646348437e-06,0.0
0.0018251834943190425,1.0,1.58e-06,1.0,0.0,0.00017759301132708814,3.252023646348437e-06,0.0
0.0018251834943190425,1.0,2e-06,1.0,0.0,0.00017759301132708814,3.252023646348437e-06,0.0
0.0018251834943190425,1.0,2.51e-06,1.0,0.0,0.00017759301132708814,3.252023646348437e-06,0.0
0.0018251834943190425,1.0,3.16e-06,1.0,0.0,0.00017759301132708814,3.252023646348437e-06,0.0
0.0018251834943190425,1.0,3.98e-06,1.0,0.0,0.00017759301132708814,3.252023646348437e-06,0.0
0.0018251834943190425,1.0,5.01e-06,1.0,0.0,0.00017759301132708814,3.252023646348437e-06,0.0
0.0018251834943190425,1.0,6.31e-06,1.0,0.0,0.00017759301132708814,3.252023646348437e-06,0.0
0.0018251834943190425,1.0,7.94e-06,1.0,0.0,0.00017759301132708814,3.252023646348437e-06,0.0
0.0018251834943190425,1.0,1e-05,1.0,0.0,0.00017759301132708814,3.252023646348437e-06,0.0
0.0018251834943190425,1.0,1.26e-05,1.0,0.0,0.00017759301132708814,3.252023646348437e-06,0.0
0.0018251834943190425,1.0,1.58e-05,1.0,0.0,0.00017759301132708814,3.252023646348437e-06,0.0
0.0018251834943190425,1.0,2e-05,1.0,3.3333333333333335e-05,0.00017759301132708814,3.252023646348437e-06,0.007103720453083526
0.0018251834943190425,1.0,2.51e-05,1.0,0.0,0.00017759301132708814,3.252023646348437e-06,0.0
0.0018251834943190425,1.0,3.16e-05,1.0,3.3333333333333335e-05,0.00017759301132708814,3.252023646348437e-06,0.007103720453083526
0.0018251834943190425,1.0,3.98e-05,1.0,0.0,0.00017759301132708814,3.252023646348437e-06,0.0
0.0018251834943190425,1.0,5.01e-05,1.0,0.0001,0.00017759301132708814,3.252023646348437e-06,0.02131116135925058
0.0018251834943190425,1.0,6.31e-05,1.0,0.00016666666666666666,0.00017759301132708814,3.252023646348437e-06,0.03551860226541763
0.0018251834943190425,1.0,7.94e-05,1.0,6.666666666666667e-05,0.00017759301132708814,3.252023646348437e-06,0.014207440906167053
0.0018251834943190425,1.0,0.0001,1.0,0.0002666666666666667,0.00017759301132708814,3.252023646348437e-06,0.05682976362466821
0.0018251834943190425,1.0,0.000126,1.0,0.00036666666666666667,0.00017759301132708814,3.252023646348437e-06,0.07814092498391878
0.0018251834943190425,1.0,0.000158,1.0,0.0007,0.00017759301132708814,3.252023646348437e-06,0.14917812951475404
0.0018251834943190425,1.0,0.0002,1.0,0.001,0.00017759301132708814,3.252023646348437e-06,0.2131116135925058
0.0018251834943190425,1.0,0.000251,1.0,0.0014666666666666667,0.00017759301132708814,3.252023646348437e-06,0.3125636999356751
0.0018251834943190425,1.0,0.000316,1.0,0.0017333333333333333,0.00017759301132708814,3.252023646348437e-06,0.3693934635603433
0.0018251834943190425,1.0,0.000398,1.0,0.003266666666666667,0.00017759301132708814,3.252023646348437e-06,0.6961646044021856
0.0018251834943190425,1.0,0.000501,1.0,0.005033333333333333,0.00017759301132708814,3.252023646348437e-06,1.0726617884156124
0.0018251834943190425,1.0,0.000631,1.0,0.006166666666666667,0.00017759301132708814,3.252023646348437e-06,1.3141882838204524
0.0018251834943190425,1.0,0.000794,1.0,0.008366666666666666,0.00017759301132708814,3.252023646348437e-06,1.783033833723965
0.0018251834943190425,1.0,0.001,1.0,0.007266666666666667,0.00017759301132708814,3.252023646348437e-06,1.5486110587722086
0.0018251834943190425,1.0,0.00126,1.0,0.0081,0.00017759301132708814,3.252023646348437e-06,1.7262040700992967
0.0018251834943190425,1.0,0.00158,1.0,0.004066666666666666,0.00017759301132708814,3.252023646348437e-06,0.8666538952761901
0.0018251834943190425,1.0,0.002,1.0,0.0021,0.00017759301132708814,3.252023646348437e-06,0.44753438854426214
0.0018251834943190425,1.0,0.00251,1.0,0.0006666666666666666,0.00017759301132708814,3.252023646348437e-06,0.14207440906167051
0.0018251834943190425,1.0,0.00316,1.0,6.666666666666667e-05,0.00017759301132708814,3.252023646348437e-06,0.014207440906167053
0.0018251834943190425,1.0,0.00398,1.0,6.666666666666667e-05,0.00017759301132708814,3.252023646348437e-06,0.014207440906167053
0.0018251834943190425,1.0,0.00501,1.0,0.0,0.00017759301132708814,3.252023646348437e-06,0.0
0.0018251834943190425,1.0,0.00631,1.0,0.0,0.00017759301132708814,3.252023646348437e-06,0.0
0.0019116440753857017,1.0,1e-06,1.0,0.0,0.00019481694978546992,3.5674226292889566e-06,0.0
0.0019116440753857017,1.0,1.26e-06,1.0,0.0,0.00019481694978546992,3.5674226292889566e-06,0.0
0.0019116440753857017,1.0,1.58e-06,1.0,0.0,0.00019481694978546992,3.5674226292889566e-06,0.0
0.0019116440753857017,1.0,2e-06,1.0,0.0,0.00019481694978546992,3.5674226292889566e-06,0.0
0.0019116440753857017,1.0,2.51e-06,1.0,0.0,0.00019481694978546992,3.5674226292889566e-06,0.0
0.0019116440753857017,1.0,3.16e-06,1.0,0.0,0.00019481694978546992,3.5674226292889566e-06,0.0
0.0019116440753857017,1.0,3.98e-06,1.0,0.0,0.00019481694978546992,3.5674226292889566e-06,0.0
0.0019116440753857017,1.0,5.01e-06,1.0,0.0,0.00019481694978546992,3.5674226292889566e-06,0.0
0.0019116440753857017,1.0,6.31e-06,1.0,0.0,0.00019481694978546992,3.5674226292889566e-06,0.0
0.0019116440753857017,1.0,7.94e-06,1.0,0.0,0.00019481694978546992,3.5674226292889566e-06,0.0
0.0019116440753857017,1.0,1e-05,1.0,0.0,0.00019481694978546992,3.5674226292889566e-06,0.0
0.0019116440753857017,1.0,1.26e-05,1.0,0.0,0.00019481694978546992,3.5674226292889566e-06,0.0
0.0019116440753857017,1.0,1.58e-05,1.0,0.0,0.00019481694978546992,3.5674226292889566e-06,0.0
0.0019116440753857017,1.0,2e-05,1.0,3.3333333333333335e-05,0.00019481694978546992,3.5674226292889566e-06,0.007792677991418798
0.0019116440753857017,1.0,2.51e-05,1.0,0.0,0.00019481694978546992,3.5674226292889566e-06,0.0
0.0019116440753857017,1.0,3.16e-05,1.0,3.3333333333333335e-05,0.00019481694978546992,3.5674226292889566e-06,0.007792677991418798
0.0019116440753857017,1.0,3.98e-05,1.0,0.0,0.00019481694978546992,3.5674226292889566e-06,0.0
0.0019116440753857017,1.0,5.01e-05,1.0,0.0001,0.00019481694978546992,3.5674226292889566e-06,0.023378033974256394
0.0019116440753857017,1.0,6.31e-05,1.0,0.00016666666666666666,0.00019481694978546992,3.5674226292889566e-06,0.03896338995709399
0.0019116440753857017,1.0,7.94e-05,1.0,6.666666666666667e-05,0.00019481694978546992,3.5674226292889566e-06,0.015585355982837596
0.0019116440753857017,1.0,0.0001,1.0,0.0002666666666666667,0.00019481694978546992,3.5674226292889566e-06,0.062341423931350386
0.0019116440753857017,1.0,0.000126,1.0,0.00036666666666666667,0.00019481694978546992,3.5674226292889566e-06,0.08571945790560677
0.0019116440753857017,1.0,0.000158,1.0,0.0007,0.00019481694978546992,3.5674226292889566e-06,0.16364623781979473
0.0019116440753857017,1.0,0.0002,1.0,0.001,0.00019481694978546992,3.5674226292889566e-06,0.23378033974256393
0.0019116440753857017,1.0,0.000251,1.0,0.0014666666666666667,0.00019481694978546992,3.5674226292889566e-06,0.3428778316224271
0.0019116440753857017,1.0,0.000316,1.0,0.0017333333333333333,0.00019481694978546992,3.5674226292889566e-06,0.40521925555377747
0.0019116440753857017,1.0,0.000398,1.0,0.003266666666666667,0.00019481694978546992,3.5674226292889566e-06,0.7636824431590422
0.0019116440753857017,1.0,0.000501,1.0,0.005033333333333333,0.00019481694978546992,3.5674226292889566e-06,1.1766943767042384
0.0019116440753857017,1.0,0.000631,1.0,0.006166666666666667,0.00019481694978546992,3.5674226292889566e-06,1.4416454284124776
0.0019116440753857017,1.0,0.000794,1.0,0.008366666666666666,0.00019481694978546992,3.5674226292889566e-06,1.955962175846118
0.0019116440753857017,1.0,0.001,1.0,0.007266666666666667,0.00019481694978546992,3.5674226292889566e-06,1.698803802129298
0.0019116440753857017,1.0,0.00126,1.0,0.0081,0.00019481694978546992,3.5674226292889566e-06,1.8936207519147676
0.0019116440753857017,1.0,0.00158,1.0,0.004066666666666666,0.00019481694978546992,3.5674226292889566e-06,0.9507067149530931
0.0019116440753857017,1.0,0.002,1.0,0.0021,0.00019481694978546992,3.5674226292889566e-06,0.49093871345938417
0.0019116440753857017,1.0,0.00251,1.0,0.0006666666666666666,0.00019481694978546992,3.5674226292889566e-06,0.15585355982837595
0.0019116440753857017,1.0,0.00316,1.0,6.666666666666667e-05,0.00019481694978546992,3.5674226292889566e-06,0.015585355982837596
0.0019116440753857017,1.0,0.00398,1.0,6.666666666666667e-05,0.00019481694978546992,3.5674226292889566e-06,0.015585355982837596
0.0019116440753857017,1.0,0.00501,1.0,0.0,0.00019481694978546992,3.5674226292889566e-06,0.0
0.0019116440753857017,1.0,0.00631,1.0,0.0,0.00019481694978546992,3.5674226292889566e-06,0.0
0.0020022003718155844,1.0,1e-06,1.0,0.0,0.00021371135316152634,3.913410605411579e-06,0.0
0.0020022003718155844,1.0,1.26e-06,1.0,0.0,0.00021371135316152634,3.913410605411579e-06,0.0
0.0020022003718155844,1.0,1.58e-06,1.0,0.0,0.00021371135316152634,3.913410605411579e-06,0.0
0.0020022003718155844,1.0,2e-06,1.0,0.0,0.00021371135316152634,3.913410605411579e-06,0.0
0.0020022003718155844,1.0,2.51e-06,1.0,0.0,0.00021371135316152634,3.913410605411579e-06,0.0
0.0020022003718155844,1.0,3.16e-06,1.0,0.0,0.00021371135316152634,3.913410605411579e-06,0.0
0.0020022003718155844,1.0,3.98e-06,1.0,0.0,0.00021371135316152634,3.913410605411579e-06,0.0
0.0020022003718155844,1.0,5.01e-06,1.0,0.0,0.00021371135316152634,3.913410605411579e-06,0.0
0.0020022003718155844,1.0,6.31e-06,1.0,0.0,0.00021371135316152634,3.913410605411579e-06,0.0
0.0020022003718155844,1.0,7.94e-06,1.0,0.0,0.00021371135316152634,3.913410605411579e-06,0.0
0.0020022003718155844,1.0,1e-05,1.0,0.0,0.00021371135316152634,3.913410605411579e-06,0.0
0.0020022003718155844,1.0,1.26e-05,1.0,0.0,0.00021371135316152634,3.913410605411579e-06,0.0
0.0020022003718155844,1.0,1.58e-05,1.0,0.0,0.00021371135316152634,3.913410605411579e-06,0.0
0.0020022003718155844,1.0,2e-05,1.0,3.3333333333333335e-05,0.00021371135316152634,3.913410605411579e-06,0.008548454126461054
0.0020022003718155844,1.0,2.51e-05,1.0,0.0,0.00021371135316152634,3.913410605411579e-06,0.0
0.0020022003718155844,1.0,3.16e-05,1.0,3.3333333333333335e-05,0.00021371135316152634,3.913410605411579e-06,0.008548454126461054
0.0020022003718155844,1.0,3.98e-05,1.0,0.0,0.00021371135316152634,3.913410605411579e-06,0.0
0.0020022003718155844,1.0,5.01e-05,1.0,0.0001,0.00021371135316152634,3.913410605411579e-06,0.025645362379383165
0.0020022003718155844,1.0,6.31e-05,1.0,0.00016666666666666666,0.00021371135316152634,3.913410605411579e-06,0.04274227063230526
0.0020022003718155844,1.0,7.94e-05,1.0,6.666666666666667e-05,0.00021371135316152634,3.913410605411579e-06,0.017096908252922108
0.0020022003718155844,1.0,0.0001,1.0,0.0002666666666666667,0.00021371135316152634,3.913410605411579e-06,0.06838763301168843
0.0020022003718155844,1.0,0.000126,1.0,0.00036666666666666667,0.00021371135316152634,3.913410605411579e-06,0.09403299539107159
0.0020022003718155844,1.0,0.000158,1.0,0.0007,0.00021371135316152634,3.913410605411579e-06,0.17951753665568213
0.0020022003718155844,1.0,0.0002,1.0,0.001,0.00021371135316152634,3.913410605411579e-06,0.25645362379383163
0.0020022003718155844,1.0,0.000251,1.0,0.0014666666666666667,0.00021371135316152634,3.913410605411579e-06,0.37613198156428634
0.0020022003718155844,1.0,0.000316,1.0,0.0017333333333333333,0.00021371135316152634,3.913410605411579e-06,0.4445196145759748
0.0020022003718155844,1.0,0.000398,1.0,0.003266666666666667,0.00021371135316152634,3.913410605411579e-06,0.8377485043931833
0.0020022003718155844,1.0,0.000501,1.0,0.005033333333333333,0.00021371135316152634,3.913410605411579e-06,1.2908165730956191
0.0020022003718155844,1.0,0.000631,1.0,0.006166666666666667,0.00021371135316152634,3.913410605411579e-06,1.581464013395295
0.0020022003718155844,1.0,0.000794,1.0,0.008366666666666666,0.00021371135316152634,3.913410605411579e-06,2.1456619857417243
0.0020022003718155844,1.0,0.001,1.0,0.007266666666666667,0.00021371135316152634,3.913410605411579e-06,1.8635629995685097
0.0020022003718155844,1.0,0.00126,1.0,0.0081,0.00021371135316152634,3.913410605411579e-06,2.077274352730036
0.0020022003718155844,1.0,0.00158,1.0,0.004066666666666666,0.00021371135316152634,3.913410605411579e-06,1.0429114034282485
0.0020022003718155844,1.0,0.002,1.0,0.0021,0.00021371135316152634,3.913410605411579e-06,0.5385526099670463
0.0020022003718155844,1.0,0.00251,1.0,0.0006666666666666666,0.00021371135316152634,3.913410605411579e-06,0.17096908252922105
0.0020022003718155844,1.0,0.00316,1.0,6.666666666666667e-05,0.00021371135316152634,3.913410605411579e-06,0.017096908252922108
0.0020022003718155844,1.0,0.00398,1.0,6.666666666666667e-05,0.00021371135316152634,3.913410605411579e-06,0.017096908252922108
0.0020022003718155844,1.0,0.00501,1.0,0.0,0.00021371135316152634,3.913410605411579e-06,0.0
0.0020022003718155844,1.0,0.00631,1.0,0.0,0.00021371135316152634,3.913410605411579e-06,0.0
0.002097046401323233,1.0,1e-06,1.0,0.0,0.00023443823028664135,4.292954226087554e-06,0.0
0.002097046401323233,1.0,1.26e-06,1.0,0.0,0.00023443823028664135,4.292954226087554e-06,0.0
0.002097046401323233,1.0,1.58e-06,1.0,0.0,0.00023443823028664135,4.292954226087554e-06,0.0
0.002097046401323233,1.0,2e-06,1.0,0.0,0.00023443823028664135,4.292954226087554e-06,0.0
0.002097046401323233,1.0,2.51e-06,1.0,0.0,0.00023443823028664135,4.292954226087554e-06,0.0
0.002097046401323233,1.0,3.16e-06,1.0,0.0,0.00023443823028664135,4.292954226087554e-06,0.0
0.002097046401323233,1.0,3.98e-06,1.0,0.0,0.00023443823028664135,4.292954226087554e-06,0.0
0.002097046401323233,1.0,5.01e-06,1.0,0.0,0.00023443823028664135,4.292954226087554e-06,0.0
0.002097046401323233,1.0,6.31e-06,1.0,0.0,0.00023443823028664135,4.292954226087554e-06,0.0
0.002097046401323233,1.0,7.94e-06,1.0,0.0,0.00023443823028664135,4.292954226087554e-06,0.0
0.002097046401323233,1.0,1e-05,1.0,0.0,0.00023443823028664135,4.292954226087554e-06,0.0
0.002097046401323233,1.0,1.26e-05,1.0,0.0,0.00023443823028664135,4.292954226087554e-06,0.0
0.002097046401323233,1.0,1.58e-05,1.0,0.0,0.00023443823028664135,4.292954226087554e-06,0.0
0.002097046401323233,1.0,2e-05,1.0,3.3333333333333335e-05,0.00023443823028664135,4.292954226087554e-06,0.009377529211465655
0.002097046401323233,1.0,2.51e-05,1.0,0.0,0.00023443823028664135,4.292954226087554e-06,0.0
0.002097046401323233,1.0,3.16e-05,1.0,3.3333333333333335e-05,0.00023443823028664135,4.292954226087554e-06,0.009377529211465655
0.002097046401323233,1.0,3.98e-05,1.0,0.0,0.00023443823028664135,4.292954226087554e-06,0.0
0.002097046401323233,1.0,5.01e-05,1.0,0.0001,0.00023443823028664135,4.292954226087554e-06,0.028132587634396966
0.002097046401323233,1.0,6.31e-05,1.0,0.00016666666666666666,0.00023443823028664135,4.292954226087554e-06,0.04688764605732827
0.002097046401323233,1.0,7.94e-05,1.0,6.666666666666667e-05,0.00023443823028664135,4.292954226087554e-06,0.01875505842293131
0.002097046401323233,1.0,0.0001,1.0,0.0002666666666666667,0.00023443823028664135,4.292954226087554e-06,0.07502023369172524
0.002097046401323233,1.0,0.000126,1.0,0.00036666666666666667,0.00023443823028664135,4.292954226087554e-06,0.1031528213261222
0.002097046401323233,1.0,0.000158,1.0,0.0007,0.00023443823028664135,4.292954226087554e-06,0.19692811344077876
0.002097046401323233,1.0,0.0002,1.0,0.001,0.00023443823028664135,4.292954226087554e-06,0.28132587634396966
0.002097046401323233,1.0,0.000251,1.0,0.0014666666666666667,0.00023443823028664135,4.292954226087554e-06,0.4126112853044888
0.002097046401323233,1.0,0.000316,1.0,0.0017333333333333333,0.00023443823028664135,4.292954226087554e-06,0.48763151899621404
0.002097046401323233,1.0,0.000398,1.0,0.003266666666666667,0.00023443823028664135,4.292954226087554e-06,0.9189978627236344
0.002097046401323233,1.0,0.000501,1.0,0.005033333333333333,0.00023443823028664135,4.292954226087554e-06,1.4160069109313138
0.002097046401323233,1.0,0.000631,1.0,0.006166666666666667,0.00023443823028664135,4.292954226087554e-06,1.7348429041211462
0.002097046401323233,1.0,0.000794,1.0,0.008366666666666666,0.00023443823028664135,4.292954226087554e-06,2.353759832077879
0.002097046401323233,1.0,0.001,1.0,0.007266666666666667,0.00023443823028664135,4.292954226087554e-06,2.044301368099513
0.002097046401323233,1.0,0.00126,1.0,0.0081,0.00023443823028664135,4.292954226087554e-06,2.2787395983861543
0.002097046401323233,1.0,0.00158,1.0,0.004066666666666666,0.00023443823028664135,4.292954226087554e-06,1.1440585637988099
0.002097046401323233,1.0,0.002,1.0,0.0021,0.00023443823028664135,4.292954226087554e-06,0.5907843403223362
0.002097046401323233,1.0,0.00251,1.0,0.0006666666666666666,0.00023443823028664135,4.292954226087554e-06,0.1875505842293131
0.002097046401323233,1.0,0.00316,1.0,6.666666666666667e-05,0.00023443823028664135,4.292954226087554e-06,0.01875505842293131
0.002097046401323233,1.0,0.00398,1.0,6.666666666666667e-05,0.00023443823028664135,4.292954226087554e-06,0.01875505842293131
0.002097046401323233,1.0,0.00501,1.0,0.0,0.00023443823028664135,4.292954226087554e-06,0.0
0.002097046401323233,1.0,0.00631,1.0,0.0,0.00023443823028664135,4.292954226087554e-06,0.0
0.002196385372416547,1.0,1e-06,1.0,0.0,0.0002571753020310949,4.709307856273483e-06,0.0
0.002196385372416547,1.0,1.26e-06,1.0,0.0,0.0002571753020310949,4.709307856273483e-06,0.0
0.002196385372416547,1.0,1.58e-06,1.0,0.0,0.0002571753020310949,4.709307856273483e-06,0.0
0.002196385372416547,1.0,2e-06,1.0,0.0,0.0002571753020310949,4.709307856273483e-06,0.0
0.002196385372416547,1.0,2.51e-06,1.0,0.0,0.0002571753020310949,4.709307856273483e-06,0.0
0.002196385372416547,1.0,3.16e-06,1.0,0.0,0.0002571753020310949,4.709307856273483e-06,0.0
0.002196385372416547,1.0,3.98e-06,1.0,0.0,0.0002571753020310949,4.709307856273483e-06,0.0
0.002196385372416547,1.0,5.01e-06,1.0,0.0,0.0002571753020310949,4.709307856273483e-06,0.0
0.002196385372416547,1.0,6.31e-06,1.0,0.0,0.0002571753020310949,4.709307856273483e-06,0.0
0.002196385372416547,1.0,7.94e-06,1.0,0.0,0.0002571753020310949,4.709307856273483e-06,0.0
0.002196385372416547,1.0,1e-05,1.0,0.0,0.0002571753020310949,4.709307856273483e-06,0.0
0.002196385372416547,1.0,1.26e-05,1.0,0.0,0.0002571753020310949,4.709307856273483e-06,0.0
0.002196385372416547,1.0,1.58e-05,1.0,0.0,0.0002571753020310949,4.709307856273483e-06,0.0
0.002196385372416547,1.0,2e-05,1.0,3.3333333333333335e-05,0.0002571753020310949,4.709307856273483e-06,0.010287012081243796
0.002196385372416547,1.0,2.51e-05,1.0,0.0,0.0002571753020310949,4.709307856273483e-06,0.0
0.002196385372416547,1.0,3.16e-05,1.0,3.3333333333333335e-05,0.0002571753020310949,4.709307856273483e-06,0.010287012081243796
0.002196385372416547,1.0,3.98e-05,1.0,0.0,0.0002571753020310949,4.709307856273483e-06,0.0
0.002196385372416547,1.0,5.01e-05,1.0,0.0001,0.0002571753020310949,4.709307856273483e-06,0.03086103624373139
0.002196385372416547,1.0,6.31e-05,1.0,0.00016666666666666666,0.0002571753020310949,4.709307856273483e-06,0.05143506040621898
0.002196385372416547,1.0,7.94e-05,1.0,6.666666666666667e-05,0.0002571753020310949,4.709307856273483e-06,0.020574024162487593
0.002196385372416547,1.0,0.0001,1.0,0.0002666666666666667,0.0002571753020310949,4.709307856273483e-06,0.08229609664995037
0.002196385372416547,1.0,0.000126,1.0,0.00036666666666666667,0.0002571753020310949,4.709307856273483e-06,0.11315713289368175
0.002196385372416547,1.0,0.000158,1.0,0.0007,0.0002571753020310949,4.709307856273483e-06,0.21602725370611975
0.002196385372416547,1.0,0.0002,1.0,0.001,0.0002571753020310949,4.709307856273483e-06,0.3086103624373139
0.002196385372416547,1.0,0.000251,1.0,0.0014666666666666667,0.0002571753020310949,4.709307856273483e-06,0.452628531574727
0.002196385372416547,1.0,0.000316,1.0,0.0017333333333333333,0.0002571753020310949,4.709307856273483e-06,0.5349246282246773
0.002196385372416547,1.0,0.000398,1.0,0.003266666666666667,0.0002571753020310949,4.709307856273483e-06,1.0081271839618922
0.002196385372416547,1.0,0.000501,1.0,0.005033333333333333,0.0002571753020310949,4.709307856273483e-06,1.5533388242678132
0.002196385372416547,1.0,0.000631,1.0,0.006166666666666667,0.0002571753020310949,4.709307856273483e-06,1.903097235030102
0.002196385372416547,1.0,0.000794,1.0,0.008366666666666666,0.0002571753020310949,4.709307856273483e-06,2.582040032392193
0.002196385372416547,1.0,0.001,1.0,0.007266666666666667,0.0002571753020310949,4.709307856273483e-06,2.2425686337111475
0.002196385372416547,1.0,0.00126,1.0,0.0081,0.0002571753020310949,4.709307856273483e-06,2.4997439357422424
0.002196385372416547,1.0,0.00158,1.0,0.004066666666666666,0.0002571753020310949,4.709307856273483e-06,1.255015473911743
0.002196385372416547,1.0,0.002,1.0,0.0021,0.0002571753020310949,4.709307856273483e-06,0.6480817611183591
0.002196385372416547,1.0,0.00251,1.0,0.0006666666666666666,0.0002571753020310949,4.709307856273483e-06,0.20574024162487592
0.002196385372416547,1.0,0.00316,1.0,6.666666666666667e-05,0.0002571753020310949,4.709307856273483e-06,0.020574024162487593
0.002196385372416547,1.0,0.00398,1.0,6.666666666666667e-05,0.0002571753020310949,4.709307856273483e-06,0.020574024162487593
0.002196385372416547,1.0,0.00501,1.0,0.0,0.0002571753020310949,4.709307856273483e-06,0.0
0.002196385372416547,1.0,0.00631,1.0,0.0,0.0002571753020310949,4.709307856273483e-06,0.0
0.002300430119772917,1.0,1e-06,1.0,0.0,0.00028211752504357066,5.166041476718012e-06,0.0
0.002300430119772917,1.0,1.26e-06,1.0,0.0,0.00028211752504357066,5.166041476718012e-06,0.0
0.002300430119772917,1.0,1.58e-06,1.0,0.0,0.00028211752504357066,5.166041476718012e-06,0.0
0.002300430119772917,1.0,2e-06,1.0,0.0,0.00028211752504357066,5.166041476718012e-06,0.0
0.002300430119772917,1.0,2.51e-06,1.0,0.0,0.00028211752504357066,5.166041476718012e-06,0.0
0.002300430119772917,1.0,3.16e-06,1.0,0.0,0.00028211752504357066,5.166041476718012e-06,0.0
0.002300430119772917,1.0,3.98e-06,1.0,0.0,0.00028211752504357066,5.166041476718012e-06,0.0
0.002300430119772917,1.0,5.01e-06,1.0,0.0,0.00028211752504357066,5.166041476718012e-06,0.0
0.002300430119772917,1.0,6.31e-06,1.0,0.0,0.00028211752504357066,5.166041476718012e-06,0.0
0.002300430119772917,1.0,7.94e-06,1.0,0.0,0.00028211752504357066,5.166041476718012e-06,0.0
0.002300430119772917,1.0,1e-05,1.0,0.0,0.00028211752504357066,5.166041476718012e-06,0.0
0.002300430119772917,1.0,1.26e-05,1.0,0.0,0.00028211752504357066,5.166041476718012e-06,0.0
0.002300430119772917,1.0,1.58e-05,1.0,0.0,0.00028211752504357066,5.166041476718012e-06,0.0
0.002300430119772917,1.0,2e-05,1.0,3.3333333333333335e-05,0.00028211752504357066,5.166041476718012e-06,0.01128470100174283
0.002300430119772917,1.0,2.51e-05,1.0,0.0,0.00028211752504357066,5.166041476718012e-06,0.0
0.002300430119772917,1.0,3.16e-05,1.0,3.3333333333333335e-05,0.00028211752504357066,5.166041476718012e-06,0.01128470100174283
0.002300430119772917,1.0,3.98e-05,1.0,0.0,0.00028211752504357066,5.166041476718012e-06,0.0
0.002300430119772917,1.0,5.01e-05,1.0,0.0001,0.00028211752504357066,5.166041476718012e-06,0.03385410300522848
0.002300430119772917,1.0,6.31e-05,1.0,0.00016666666666666666,0.00028211752504357066,5.166041476718012e-06,0.05642350500871414
0.002300430119772917,1.0,7.94e-05,1.0,6.666666666666667e-05,0.00028211752504357066,5.166041476718012e-06,0.02256940200348566
0.002300430119772917,1.0,0.0001,1.0,0.0002666666666666667,0.00028211752504357066,5.166041476718012e-06,0.09027760801394263
0.002300430119772917,1.0,0.000126,1.0,0.00036666666666666667,0.00028211752504357066,5.166041476718012e-06,0.12413171101917109
0.002300430119772917,1.0,0.000158,1.0,0.0007,0.00028211752504357066,5.166041476718012e-06,0.23697872103659937
0.002300430119772917,1.0,0.0002,1.0,0.001,0.00028211752504357066,5.166041476718012e-06,0.33854103005228486
0.002300430119772917,1.0,0.000251,1.0,0.0014666666666666667,0.00028211752504357066,5.166041476718012e-06,0.49652684407668435
0.002300430119772917,1.0,0.000316,1.0,0.0017333333333333333,0.00028211752504357066,5.166041476718012e-06,0.5868044520906269
0.002300430119772917,1.0,0.000398,1.0,0.003266666666666667,0.00028211752504357066,5.166041476718012e-06,1.105900698170797
0.002300430119772917,1.0,0.000501,1.0,0.005033333333333333,0.00028211752504357066,5.166041476718012e-06,1.703989851263167
0.002300430119772917,1.0,0.000631,1.0,0.006166666666666667,0.00028211752504357066,5.166041476718012e-06,2.087669685322423
0.002300430119772917,1.0,0.000794,1.0,0.008366666666666666,0.00028211752504357066,5.166041476718012e-06,2.8324599514374498
0.002300430119772917,1.0,0.001,1.0,0.007266666666666667,0.00028211752504357066,5.166041476718012e-06,2.4600648183799367
0.002300430119772917,1.0,0.00126,1.0,0.0081,0.00028211752504357066,5.166041476718012e-06,2.742182343423507
0.002300430119772917,1.0,0.00158,1.0,0.004066666666666666,0.00028211752504357066,5.166041476718012e-06,1.376733522212625
0.002300430119772917,1.0,0.002,1.0,0.0021,0.00028211752504357066,5.166041476718012e-06,0.7109361631097981
0.002300430119772917,1.0,0.00251,1.0,0.0006666666666666666,0.00028211752504357066,5.166041476718012e-06,0.22569402003485656
0.002300430119772917,1.0,0.00316,1.0,6.666666666666667e-05,0.00028211752504357066,5.166041476718012e-06,0.02256940200348566
0.002300430119772917,1.0,0.00398,1.0,6.666666666666667e-05,0.00028211752504357066,5.166041476718012e-06,0.02256940200348566
0.002300430119772917,1.0,0.00501,1.0,0.0,0.00028211752504357066,5.166041476718012e-06,0.0
0.002300430119772917,1.0,0.00631,1.0,0.0,0.00028211752504357066,5.166041476718012e-06,0.0
0.0024094035602395245,1.0,1e-06,1.0,0.0,0.00030947876325037964,5.667071291894885e-06,0.0
0.0024094035602395245,1.0,1.26e-06,1.0,0.0,0.00030947876325037964,5.667071291894885e-06,0.0
0.0024094035602395245,1.0,1.58e-06,1.0,0.0,0.00030947876325037964,5.667071291894885e-06,0.0
0.0024094035602395245,1.0,2e-06,1.0,0.0,0.00030947876325037964,5.667071291894885e-06,0.0
0.0024094035602395245,1.0,2.51e-06,1.0,0.0,0.00030947876325037964,5.667071291894885e-06,0.0
0.0024094035602395245,1.0,3.16e-06,1.0,0.0,0.00030947876325037964,5.667071291894885e-06,0.0
0.0024094035602395245,1.0,3.98e-06,1.0,0.0,0.00030947876325037964,5.667071291894885e-06,0.0
0.0024094035602395245,1.0,5.01e-06,1.0,0.0,0.00030947876325037964,5.667071291894885e-06,0.0
0.0024094035602395245,1.0,6.31e-06,1.0,0.0,0.00030947876325037964,5.667071291894885e-06,0.0
0.0024094035602395245,1.0,7.94e-06,1.0,0.0,0.00030947876325037964,5.667071291894885e-06,0.0
0.0024094035602395245,1.0,1e-05,1.0,0.0,0.00030947876325037964,5.667071291894885e-06,0.0
0.0024094035602395245,1.0,1.26e-05,1.0,0.0,0.00030947876325037964,5.667071291894885e-06,0.0
0.0024094035602395245,1.0,1.58e-05,1.0,0.0,0.00030947876325037964,5.667071291894885e-06,0.0
0.0024094035602395245,1.0,2e-05,1.0,3.3333333333333335e-05,0.00030947876325037964,5.667071291894885e-06,0.012379150530015186
0.0024094035602395245,1.0,2.51e-05,1.0,0.0,0.00030947876325037964,5.667071291894885e-06,0.0
0.0024094035602395245,1.0,3.16e-05,1.0,3.3333333333333335e-05,0.00030947876325037964,5.667071291894885e-06,0.012379150530015186
0.0024094035602395245,1.0,3.98e-05,1.0,0.0,0.00030947876325037964,5.667071291894885e-06,0.0
0.0024094035602395245,1.0,5.01e-05,1.0,0.0001,0.00030947876325037964,5.667071291894885e-06,0.03713745159004556
0.0024094035602395245,1.0,6.31e-05,1.0,0.00016666666666666666,0.00030947876325037964,5.667071291894885e-06,0.061895752650075936
0.0024094035602395245,1.0,7.94e-05,1.0,6.666666666666667e-05,0.00030947876325037964,5.667071291894885e-06,0.024758301060030373
0.0024094035602395245,1.0,0.0001,1.0,0.0002666666666666667,0.00030947876325037964,5.667071291894885e-06,0.09903320424012149
0.0024094035602395245,1.0,0.000126,1.0,0.00036666666666666667,0.00030947876325037964,5.667071291894885e-06,0.13617065583016705
0.0024094035602395245,1.0,0.000158,1.0,0.0007,0.00030947876325037964,5.667071291894885e-06,0.2599621611303189
0.0024094035602395245,1.0,0.0002,1.0,0.001,0.00030947876325037964,5.667071291894885e-06,0.37137451590045556
0.0024094035602395245,1.0,0.000251,1.0,0.0014666666666666667,0.00030947876325037964,5.667071291894885e-06,0.5446826233206682
0.0024094035602395245,1.0,0.000316,1.0,0.0017333333333333333,0.00030947876325037964,5.667071291894885e-06,0.6437158275607897
0.0024094035602395245,1.0,0.000398,1.0,0.003266666666666667,0.00030947876325037964,5.667071291894885e-06,1.2131567519414883
0.0024094035602395245,1.0,0.000501,1.0,0.005033333333333333,0.00030947876325037964,5.667071291894885e-06,1.869251730032293
0.0024094035602395245,1.0,0.000631,1.0,0.006166666666666667,0.00030947876325037964,5.667071291894885e-06,2.290142848052809
0.0024094035602395245,1.0,0.000794,1.0,0.008366666666666666,0.00030947876325037964,5.667071291894885e-06,3.1071667830338114
0.0024094035602395245,1.0,0.001,1.0,0.007266666666666667,0.00030947876325037964,5.667071291894885e-06,2.6986548155433105
0.0024094035602395245,1.0,0.00126,1.0,0.0081,0.00030947876325037964,5.667071291894885e-06,3.0081335787936903
0.0024094035602395245,1.0,0.00158,1.0,0.004066666666666666,0.00030947876325037964,5.667071291894885e-06,1.5102563646618528
0.0024094035602395245,1.0,0.002,1.0,0.0021,0.00030947876325037964,5.667071291894885e-06,0.7798864833909567
0.0024094035602395245,1.0,0.00251,1.0,0.0006666666666666666,0.00030947876325037964,5.667071291894885e-06,0.24758301060030374
0.0024094035602395245,1.0,0.00316,1.0,6.666666666666667e-05,0.00030947876325037964,5.667071291894885e-06,0.024758301060030373
0.0024094035602395245,1.0,0.00398,1.0,6.666666666666667e-05,0.00030947876325037964,5.667071291894885e-06,0.024758301060030373
0.0024094035602395245,1.0,0.00501,1.0,0.0,0.00030947876325037964,5.667071291894885e-06,0.0
0.0024094035602395245,1.0,0.00631,1.0,0.0,0.00030947876325037964,5.667071291894885e-06,0.0
0.0025235391704347657,1.0,1e-06,1.0,0.0,0.000339493621440638,6.216693305999597e-06,0.0
0.0025235391704347657,1.0,1.26e-06,1.0,0.0,0.000339493621440638,6.216693305999597e-06,0.0
0.0025235391704347657,1.0,1.58e-06,1.0,0.0,0.000339493621440638,6.216693305999597e-06,0.0
0.0025235391704347657,1.0,2e-06,1.0,0.0,0.000339493621440638,6.216693305999597e-06,0.0
0.0025235391704347657,1.0,2.51e-06,1.0,0.0,0.000339493621440638,6.216693305999597e-06,0.0
0.0025235391704347657,1.0,3.16e-06,1.0,0.0,0.000339493621440638,6.216693305999597e-06,0.0
0.0025235391704347657,1.0,3.98e-06,1.0,0.0,0.000339493621440638,6.216693305999597e-06,0.0
0.0025235391704347657,1.0,5.01e-06,1.0,0.0,0.000339493621440638,6.216693305999597e-06,0.0
0.0025235391704347657,1.0,6.31e-06,1.0,0.0,0.000339493621440638,6.216693305999597e-06,0.0
0.0025235391704347657,1.0,7.94e-06,1.0,0.0,0.000339493621440638,6.216693305999597e-06,0.0
0.0025235391704347657,1.0,1e-05,1.0,0.0,0.000339493621440638,6.216693305999597e-06,0.0
0.0025235391704347657,1.0,1.26e-05,1.0,0.0,0.000339493621440638,6.216693305999597e-06,0.0
0.0025235391704347657,1.0,1.58e-05,1.0,0.0,0.000339493621440638,6.216693305999597e-06,0.0
0.0025235391704347657,1.0,2e-05,1.0,3.3333333333333335e-05,0.000339493621440638,6.216693305999597e-06,0.013579744857625524
0.0025235391704347657,1.0,2.51e-05,1.0,0.0,0.000339493621440638,6.216693305999597e-06,0.0
0.0025235391704347657,1.0,3.16e-05,1.0,3.3333333333333335e-05,0.000339493621440638,6.216693305999597e-06,0.013579744857625524
0.0025235391704347657,1.0,3.98e-05,1.0,0.0,0.000339493621440638,6.216693305999597e-06,0.0
0.0025235391704347657,1.0,5.01e-05,1.0,0.0001,0.000339493621440638,6.216693305999597e-06,0.040739234572876565
0.0025235391704347657,1.0,6.31e-05,1.0,0.00016666666666666666,0.000339493621440638,6.216693305999597e-06,0.0678987242881276
0.0025235391704347657,1.0,7.94e-05,1.0,6.666666666666667e-05,0.000339493621440638,6.216693305999597e-06,0.027159489715251048
0.0025235391704347657,1.0,0.0001,1.0,0.0002666666666666667,0.000339493621440638,6.216693305999597e-06,0.10863795886100419
0.0025235391704347657,1.0,0.000126,1.0,0.00036666666666666667,0.000339493621440638,6.216693305999597e-06,0.14937719343388076
0.0025235391704347657,1.0,0.000158,1.0,0.0007,0.000339493621440638,6.216693305999597e-06,0.2851746420101359
0.0025235391704347657,1.0,0.0002,1.0,0.001,0.000339493621440638,6.216693305999597e-06,0.40739234572876565
0.0025235391704347657,1.0,0.000251,1.0,0.0014666666666666667,0.000339493621440638,6.216693305999597e-06,0.597508773735523
0.0025235391704347657,1.0,0.000316,1.0,0.0017333333333333333,0.000339493621440638,6.216693305999597e-06,0.706146732596527
0.0025235391704347657,1.0,0.000398,1.0,0.003266666666666667,0.000339493621440638,6.216693305999597e-06,1.3308149960473012
0.0025235391704347657,1.0,0.000501,1.0,0.005033333333333333,0.000339493621440638,6.216693305999597e-06,2.0505414735014535
0.0025235391704347657,1.0,0.000631,1.0,0.006166666666666667,0.000339493621440638,6.216693305999597e-06,2.5122527986607217
0.0025235391704347657,1.0,0.000794,1.0,0.008366666666666666,0.000339493621440638,6.216693305999597e-06,3.4085159592640055
0.0025235391704347657,1.0,0.001,1.0,0.007266666666666667,0.000339493621440638,6.216693305999597e-06,2.9603843789623636
0.0025235391704347657,1.0,0.00126,1.0,0.0081,0.000339493621440638,6.216693305999597e-06,3.2998780004030013
0.0025235391704347657,1.0,0.00158,1.0,0.004066666666666666,0.000339493621440638,6.216693305999597e-06,1.6567288726303133
0.0025235391704347657,1.0,0.002,1.0,0.0021,0.000339493621440638,6.216693305999597e-06,0.8555239260304077
0.0025235391704347657,1.0,0.00251,1.0,0.0006666666666666666,0.000339493621440638,6.216693305999597e-06,0.2715948971525104
0.0025235391704347657,1.0,0.00316,1.0,6.666666666666667e-05,0.000339493621440638,6.216693305999597e-06,0.027159489715251048
0.0025235391704347657,1.0,0.00398,1.0,6.666666666666667e-05,0.000339493621440638,6.216693305999597e-06,0.027159489715251048
0.0025235391704347657,1.0,0.00501,1.0,0.0,0.000339493621440638,6.216693305999597e-06,0.0
0.0025235391704347657,1.0,0.00631,1.0,0.0,0.000339493621440638,6.216693305999597e-06,0.0
0.0026430814869741054,1.0,1e-06,1.0,0.0,0.00037241945665221254,6.8196201547740805e-06,0.0
0.0026430814869741054,1.0,1.26e-06,1.0,0.0,0.00037241945665221254,6.8196201547740805e-06,0.0
0.0026430814869741054,1.0,1.58e-06,1.0,0.0,0.00037241945665221254,6.8196201547740805e-06,0.0
0.0026430814869741054,1.0,2e-06,1.0,0.0,0.00037241945665221254,6.8196201547740805e-06,0.0
0.0026430814869741054,1.0,2.51e-06,1.0,0.0,0.00037241945665221254,6.8196201547740805e-06,0.0
0.0026430814869741054,1.0,3.16e-06,1.0,0.0,0.00037241945665221254,6.8196201547740805e-06,0.0
0.0026430814869741054,1.0,3.98e-06,1.0,0.0,0.00037241945665221254,6.8196201547740805e-06,0.0
0.0026430814869741054,1.0,5.01e-06,1.0,0.0,0.00037241945665221254,6.8196201547740805e-06,0.0
0.0026430814869741054,1.0,6.31e-06,1.0,0.0,0.00037241945665221254,6.8196201547740805e-06,0.0
0.0026430814869741054,1.0,7.94e-06,1.0,0.0,0.00037241945665221254,6.8196201547740805e-06,0.0
0.0026430814869741054,1.0,1e-05,1.0,0.0,0.00037241945665221254,6.8196201547740805e-06,0.0
0.0026430814869741054,1.0,1.26e-05,1.0,0.0,0.00037241945665221254,6.8196201547740805e-06,0.0
0.0026430814869741054,1.0,1.58e-05,1.0,0.0,0.00037241945665221254,6.8196201547740805e-06,0.0
0.0026430814869741054,1.0,2e-05,1.0,3.3333333333333335e-05,0.00037241945665221254,6.8196201547740805e-06,0.014896778266088501
0.0026430814869741054,1.0,2.51e-05,1.0,0.0,0.00037241945665221254,6.8196201547740805e-06,0.0
0.0026430814869741054,1.0,3.16e-05,1.0,3.3333333333333335e-05,0.00037241945665221254,6.8196201547740805e-06,0.014896778266088501
0.0026430814869741054,1.0,3.98e-05,1.0,0.0,0.00037241945665221254,6.8196201547740805e-06,0.0
0.0026430814869741054,1.0,5.01e-05,1.0,0.0001,0.00037241945665221254,6.8196201547740805e-06,0.04469033479826551
0.0026430814869741054,1.0,6.31e-05,1.0,0.00016666666666666666,0.00037241945665221254,6.8196201547740805e-06,0.0744838913304425
0.0026430814869741054,1.0,7.94e-05,1.0,6.666666666666667e-05,0.00037241945665221254,6.8196201547740805e-06,0.029793556532177003
0.0026430814869741054,1.0,0.0001,1.0,0.0002666666666666667,0.00037241945665221254,6.8196201547740805e-06,0.11917422612870801
0.0026430814869741054,1.0,0.000126,1.0,0.00036666666666666667,0.00037241945665221254,6.8196201547740805e-06,0.16386456092697355
0.0026430814869741054,1.0,0.000158,1.0,0.0007,0.00037241945665221254,6.8196201547740805e-06,0.31283234358785855
0.0026430814869741054,1.0,0.0002,1.0,0.001,0.00037241945665221254,6.8196201547740805e-06,0.4469033479826551
0.0026430814869741054,1.0,0.000251,1.0,0.0014666666666666667,0.00037241945665221254,6.8196201547740805e-06,0.6554582437078942
0.0026430814869741054,1.0,0.000316,1.0,0.0017333333333333333,0.00037241945665221254,6.8196201547740805e-06,0.7746324698366021
0.0026430814869741054,1.0,0.000398,1.0,0.003266666666666667,0.00037241945665221254,6.8196201547740805e-06,1.4598842700766732
0.0026430814869741054,1.0,0.000501,1.0,0.005033333333333333,0.00037241945665221254,6.8196201547740805e-06,2.249413518179364
0.0026430814869741054,1.0,0.000631,1.0,0.006166666666666667,0.00037241945665221254,6.8196201547740805e-06,2.755903979226373
0.0026430814869741054,1.0,0.000794,1.0,0.008366666666666666,0.00037241945665221254,6.8196201547740805e-06,3.7390913447882137
0.0026430814869741054,1.0,0.001,1.0,0.007266666666666667,0.00037241945665221254,6.8196201547740805e-06,3.247497662007294
0.0026430814869741054,1.0,0.00126,1.0,0.0081,0.00037241945665221254,6.8196201547740805e-06,3.6199171186595063
0.0026430814869741054,1.0,0.00158,1.0,0.004066666666666666,0.00037241945665221254,6.8196201547740805e-06,1.8174069484627973
0.0026430814869741054,1.0,0.002,1.0,0.0021,0.00037241945665221254,6.8196201547740805e-06,0.9384970307635755
0.0026430814869741054,1.0,0.00251,1.0,0.0006666666666666666,0.00037241945665221254,6.8196201547740805e-06,0.29793556532177
0.0026430814869741054,1.0,0.00316,1.0,6.666666666666667e-05,0.00037241945665221254,6.8196201547740805e-06,0.029793556532177003
0.0026430814869741054,1.0,0.00398,1.0,6.666666666666667e-05,0.00037241945665221254,6.8196201547740805e-06,0.029793556532177003
0.0026430814869741054,1.0,0.00501,1.0,0.0,0.00037241945665221254,6.8196201547740805e-06,0.0
0.0026430814869741054,1.0,0.00631,1.0,0.0,0.00037241945665221254,6.8196201547740805e-06,0.0
0.0027682866303920667,1.0,1e-06,1.0,0.0,0.000408538584596281,7.4810215088130565e-06,0.0
0.0027682866303920667,1.0,1.26e-06,1.0,0.0,0.000408538584596281,7.4810215088130565e-06,0.0
0.0027682866303920667,1.0,1.58e-06,1.0,0.0,0.000408538584596281,7.4810215088130565e-06,0.0
0.0027682866303920667,1.0,2e-06,1.0,0.0,0.000408538584596281,7.4810215088130565e-06,0.0
0.0027682866303920667,1.0,2.51e-06,1.0,0.0,0.000408538584596281,7.4810215088130565e-06,0.0
0.0027682866303920667,1.0,3.16e-06,1.0,0.0,0.000408538584596281,7.4810215088130565e-06,0.0
0.0027682866303920667,1.0,3.98e-06,1.0,0.0,0.000408538584596281,7.4810215088130565e-06,0.0
0.0027682866303920667,1.0,5.01e-06,1.0,0.0,0.000408538584596281,7.4810215088130565e-06,0.0
0.0027682866303920667,1.0,6.31e-06,1.0,0.0,0.000408538584596281,7.4810215088130565e-06,0.0
0.0027682866303920667,1.0,7.94e-06,1.0,0.0,0.000408538584596281,7.4810215088130565e-06,0.0
0.0027682866303920667,1.0,1e-05,1.0,0.0,0.000408538584596281,7.4810215088130565e-06,0.0
0.0027682866303920667,1.0,1.26e-05,1.0,0.0,0.000408538584596281,7.4810215088130565e-06,0.0
0.0027682866303920667,1.0,1.58e-05,1.0,0.0,0.000408538584596281,7.4810215088130565e-06,0.0
0.0027682866303920667,1.0,2e-05,1.0,3.3333333333333335e-05,0.000408538584596281,7.4810215088130565e-06,0.01634154338385124
0.0027682866303920667,1.0,2.51e-05,1.0,0.0,0.000408538584596281,7.4810215088130565e-06,0.0
0.0027682866303920667,1.0,3.16e-05,1.0,3.3333333333333335e-05,0.000408538584596281,7.4810215088130565e-06,0.01634154338385124
0.0027682866303920667,1.0,3.98e-05,1.0,0.0,0.000408538584596281,7.4810215088130565e-06,0.0
0.0027682866303920667,1.0,5.01e-05,1.0,0.0001,0.000408538584596281,7.4810215088130565e-06,0.04902463015155373
0.0027682866303920667,1.0,6.31e-05,1.0,0.00016666666666666666,0.000408538584596281,7.4810215088130565e-06,0.08170771691925621
0.0027682866303920667,1.0,7.94e-05,1.0,6.666666666666667e-05,0.000408538584596281,7.4810215088130565e-06,0.03268308676770248
0.0027682866303920667,1.0,0.0001,1.0,0.0002666666666666667,0.000408538584596281,7.4810215088130565e-06,0.1307323470708099
0.0027682866303920667,1.0,0.000126,1.0,0.00036666666666666667,0.000408538584596281,7.4810215088130565e-06,0.17975697722236364
0.0027682866303920667,1.0,0.000158,1.0,0.0007,0.000408538584596281,7.4810215088130565e-06,0.34317241106087604
0.0027682866303920667,1.0,0.0002,1.0,0.001,0.000408538584596281,7.4810215088130565e-06,0.4902463015155372
0.0027682866303920667,1.0,0.000251,1.0,0.0014666666666666667,0.000408538584596281,7.4810215088130565e-06,0.7190279088894546
0.0027682866303920667,1.0,0.000316,1.0,0.0017333333333333333,0.000408538584596281,7.4810215088130565e-06,0.8497602559602644
0.0027682866303920667,1.0,0.000398,1.0,0.003266666666666667,0.000408538584596281,7.4810215088130565e-06,1.6014712516174219
0.0027682866303920667,1.0,0.000501,1.0,0.005033333333333333,0.000408538584596281,7.4810215088130565e-06,2.467573050961537
0.0027682866303920667,1.0,0.000631,1.0,0.006166666666666667,0.000408538584596281,7.4810215088130565e-06,3.0231855260124796
0.0027682866303920667,1.0,0.000794,1.0,0.008366666666666666,0.000408538584596281,7.4810215088130565e-06,4.101727389346661
0.0027682866303920667,1.0,0.001,1.0,0.007266666666666667,0.000408538584596281,7.4810215088130565e-06,3.5624564576795708
0.0027682866303920667,1.0,0.00126,1.0,0.0081,0.000408538584596281,7.4810215088130565e-06,3.970995042275851
0.0027682866303920667,1.0,0.00158,1.0,0.004066666666666666,0.000408538584596281,7.4810215088130565e-06,1.993668292829851
0.0027682866303920667,1.0,0.002,1.0,0.0021,0.000408538584596281,7.4810215088130565e-06,1.029517233182628
0.0027682866303920667,1.0,0.00251,1.0,0.0006666666666666666,0.000408538584596281,7.4810215088130565e-06,0.32683086767702485
0.0027682866303920667,1.0,0.00316,1.0,6.666666666666667e-05,0.000408538584596281,7.4810215088130565e-06,0.03268308676770248
0.0027682866303920667,1.0,0.00398,1.0,6.666666666666667e-05,0.000408538584596281,7.4810215088130565e-06,0.03268308676770248
0.0027682866303920667,1.0,0.00501,1.0,0.0,0.000408538584596281,7.4810215088130565e-06,0.0
0.0027682866303920667,1.0,0.00631,1.0,0.0,0.000408538584596281,7.4810215088130565e-06,0.0
0.002899422853882875,1.0,1e-06,1.0,0.0,0.0004481607000289069,8.206568394596354e-06,0.0
0.002899422853882875,1.0,1.26e-06,1.0,0.0,0.0004481607000289069,8.206568394596354e-06,0.0
0.002899422853882875,1.0,1.58e-06,1.0,0.0,0.0004481607000289069,8.206568394596354e-06,0.0
0.002899422853882875,1.0,2e-06,1.0,0.0,0.0004481607000289069,8.206568394596354e-06,0.0
0.002899422853882875,1.0,2.51e-06,1.0,0.0,0.0004481607000289069,8.206568394596354e-06,0.0
0.002899422853882875,1.0,3.16e-06,1.0,0.0,0.0004481607000289069,8.206568394596354e-06,0.0
0.002899422853882875,1.0,3.98e-06,1.0,0.0,0.0004481607000289069,8.206568394596354e-06,0.0
0.002899422853882875,1.0,5.01e-06,1.0,0.0,0.0004481607000289069,8.206568394596354e-06,0.0
0.002899422853882875,1.0,6.31e-06,1.0,0.0,0.0004481607000289069,8.206568394596354e-06,0.0
0.002899422853882875,1.0,7.94e-06,1.0,0.0,0.0004481607000289069,8.206568394596354e-06,0.0
0.002899422853882875,1.0,1e-05,1.0,0.0,0.0004481607000289069,8.206568394596354e-06,0.0
0.002899422853882875,1.0,1.26e-05,1.0,0.0,0.0004481607000289069,8.206568394596354e-06,0.0
0.002899422853882875,1.0,1.58e-05,1.0,0.0,0.0004481607000289069,8.206568394596354e-06,0.0
0.002899422853882875,1.0,2e-05,1.0,3.3333333333333335e-05,0.0004481607000289069,8.206568394596354e-06,0.017926428001156278
0.002899422853882875,1.0,2.51e-05,1.0,0.0,0.0004481607000289069,8.206568394596354e-06,0.0
0.002899422853882875,1.0,3.16e-05,1.0,3.3333333333333335e-05,0.0004481607000289069,8.206568394596354e-06,0.017926428001156278
0.002899422853882875,1.0,3.98e-05,1.0,0.0,0.0004481607000289069,8.206568394596354e-06,0.0
0.002899422853882875,1.0,5.01e-05,1.0,0.0001,0.0004481607000289069,8.206568394596354e-06,0.05377928400346883
0.002899422853882875,1.0,6.31e-05,1.0,0.00016666666666666666,0.0004481607000289069,8.206568394596354e-06,0.08963214000578139
0.002899422853882875,1.0,7.94e-05,1.0,6.666666666666667e-05,0.0004481607000289069,8.206568394596354e-06,0.035852856002312555
0.002899422853882875,1.0,0.0001,1.0,0.0002666666666666667,0.0004481607000289069,8.206568394596354e-06,0.14341142400925022
0.002899422853882875,1.0,0.000126,1.0,0.00036666666666666667,0.0004481607000289069,8.206568394596354e-06,0.19719070801271907
0.002899422853882875,1.0,0.000158,1.0,0.0007,0.0004481607000289069,8.206568394596354e-06,0.3764549880242818
0.002899422853882875,1.0,0.0002,1.0,0.001,0.0004481607000289069,8.206568394596354e-06,0.5377928400346883
0.002899422853882875,1.0,0.000251,1.0,0.0014666666666666667,0.0004481607000289069,8.206568394596354e-06,0.7887628320508763
0.002899422853882875,1.0,0.000316,1.0,0.0017333333333333333,0.0004481607000289069,8.206568394596354e-06,0.9321742560601264
0.002899422853882875,1.0,0.000398,1.0,0.003266666666666667,0.0004481607000289069,8.206568394596354e-06,1.756789944113315
0.002899422853882875,1.0,0.000501,1.0,0.005033333333333333,0.0004481607000289069,8.206568394596354e-06,2.706890628174598
0.002899422853882875,1.0,0.000631,1.0,0.006166666666666667,0.0004481607000289069,8.206568394596354e-06,3.3163891802139114
0.002899422853882875,1.0,0.000794,1.0,0.008366666666666666,0.0004481607000289069,8.206568394596354e-06,4.499533428290225
0.002899422853882875,1.0,0.001,1.0,0.007266666666666667,0.0004481607000289069,8.206568394596354e-06,3.9079613042520687
0.002899422853882875,1.0,0.00126,1.0,0.0081,0.0004481607000289069,8.206568394596354e-06,4.356122004280976
0.002899422853882875,1.0,0.00158,1.0,0.004066666666666666,0.0004481607000289069,8.206568394596354e-06,2.1870242161410656
0.002899422853882875,1.0,0.002,1.0,0.0021,0.0004481607000289069,8.206568394596354e-06,1.1293649640728454
0.002899422853882875,1.0,0.00251,1.0,0.0006666666666666666,0.0004481607000289069,8.206568394596354e-06,0.35852856002312555
0.002899422853882875,1.0,0.00316,1.0,6.666666666666667e-05,0.0004481607000289069,8.206568394596354e-06,0.035852856002312555
0.002899422853882875,1.0,0.00398,1.0,6.666666666666667e-05,0.0004481607000289069,8.206568394596354e-06,0.035852856002312555
0.002899422853882875,1.0,0.00501,1.0,0.0,0.0004481607000289069,8.206568394596354e-06,0.0
0.002899422853882875,1.0,0.00631,1.0,0.0,0.0004481607000289069,8.206568394596354e-06,0.0
0.0030367711180354575,1.0,1e-06,1.0,0.0,0.0004916255318103397,9.002481813044126e-06,0.0
0.0030367711180354575,1.0,1.26e-06,1.0,0.0,0.0004916255318103397,9.002481813044126e-06,0.0
0.0030367711180354575,1.0,1.58e-06,1.0,0.0,0.0004916255318103397,9.002481813044126e-06,0.0
0.0030367711180354575,1.0,2e-06,1.0,0.0,0.0004916255318103397,9.002481813044126e-06,0.0
0.0030367711180354575,1.0,2.51e-06,1.0,0.0,0.0004916255318103397,9.002481813044126e-06,0.0
0.0030367711180354575,1.0,3.16e-06,1.0,0.0,0.0004916255318103397,9.002481813044126e-06,0.0
0.0030367711180354575,1.0,3.98e-06,1.0,0.0,0.0004916255318103397,9.002481813044126e-06,0.0
0.0030367711180354575,1.0,5.01e-06,1.0,0.0,0.0004916255318103397,9.002481813044126e-06,0.0
0.0030367711180354575,1.0,6.31e-06,1.0,0.0,0.0004916255318103397,9.002481813044126e-06,0.0
0.0030367711180354575,1.0,7.94e-06,1.0,0.0,0.0004916255318103397,9.002481813044126e-06,0.0
0.0030367711180354575,1.0,1e-05,1.0,0.0,0.0004916255318103397,9.002481813044126e-06,0.0
0.0030367711180354575,1.0,1.26e-05,1.0,0.0,0.0004916255318103397,9.002481813044126e-06,0.0
0.0030367711180354575,1.0,1.58e-05,1.0,0.0,0.0004916255318103397,9.002481813044126e-06,0.0
0.0030367711180354575,1.0,2e-05,1.0,3.3333333333333335e-05,0.0004916255318103397,9.002481813044126e-06,0.01966502127241359
0.0030367711180354575,1.0,2.51e-05,1.0,0.0,0.0004916255318103397,9.002481813044126e-06,0.0
0.0030367711180354575,1.0,3.16e-05,1.0,3.3333333333333335e-05,0.0004916255318103397,9.002481813044126e-06,0.01966502127241359
0.0030367711180354575,1.0,3.98e-05,1.0,0.0,0.0004916255318103397,9.002481813044126e-06,0.0
0.0030367711180354575,1.0,5.01e-05,1.0,0.0001,0.0004916255318103397,9.002481813044126e-06,0.05899506381724077
0.0030367711180354575,1.0,6.31e-05,1.0,0.00016666666666666666,0.0004916255318103397,9.002481813044126e-06,0.09832510636206794
0.0030367711180354575,1.0,7.94e-05,1.0,6.666666666666667e-05,0.0004916255318103397,9.002481813044126e-06,0.03933004254482718
0.0030367711180354575,1.0,0.0001,1.0,0.0002666666666666667,0.0004916255318103397,9.002481813044126e-06,0.15732017017930872
0.0030367711180354575,1.0,0.000126,1.0,0.00036666666666666667,0.0004916255318103397,9.002481813044126e-06,0.21631523399654948
0.0030367711180354575,1.0,0.000158,1.0,0.0007,0.0004916255318103397,9.002481813044126e-06,0.41296544672068536
0.0030367711180354575,1.0,0.0002,1.0,0.001,0.0004916255318103397,9.002481813044126e-06,0.5899506381724077
0.0030367711180354575,1.0,0.000251,1.0,0.0014666666666666667,0.0004916255318103397,9.002481813044126e-06,0.8652609359861979
0.0030367711180354575,1.0,0.000316,1.0,0.0017333333333333333,0.0004916255318103397,9.002481813044126e-06,1.0225811061655066
0.0030367711180354575,1.0,0.000398,1.0,0.003266666666666667,0.0004916255318103397,9.002481813044126e-06,1.9271720846965317
0.0030367711180354575,1.0,0.000501,1.0,0.005033333333333333,0.0004916255318103397,9.002481813044126e-06,2.9694182121344515
0.0030367711180354575,1.0,0.000631,1.0,0.006166666666666667,0.0004916255318103397,9.002481813044126e-06,3.6380289353965143
0.0030367711180354575,1.0,0.000794,1.0,0.008366666666666666,0.0004916255318103397,9.002481813044126e-06,4.93592033937581
0.0030367711180354575,1.0,0.001,1.0,0.007266666666666667,0.0004916255318103397,9.002481813044126e-06,4.286974637386162
0.0030367711180354575,1.0,0.00126,1.0,0.0081,0.0004916255318103397,9.002481813044126e-06,4.778600169196501
0.0030367711180354575,1.0,0.00158,1.0,0.004066666666666666,0.0004916255318103397,9.002481813044126e-06,2.3991325952344575
0.0030367711180354575,1.0,0.002,1.0,0.0021,0.0004916255318103397,9.002481813044126e-06,1.238896340162056
0.0030367711180354575,1.0,0.00251,1.0,0.0006666666666666666,0.0004916255318103397,9.002481813044126e-06,0.39330042544827176
0.0030367711180354575,1.0,0.00316,1.0,6.666666666666667e-05,0.0004916255318103397,9.002481813044126e-06,0.03933004254482718
0.0030367711180354575,1.0,0.00398,1.0,6.666666666666667e-05,0.0004916255318103397,9.002481813044126e-06,0.03933004254482718
0.0030367711180354575,1.0,0.00501,1.0,0.0,0.0004916255318103397,9.002481813044126e-06,0.0
0.0030367711180354575,1.0,0.00631,1.0,0.0,0.0004916255318103397,9.002481813044126e-06,0.0
0.0031806256927941192,1.0,1e-06,1.0,0.0,0.000539305755402431,9.875586072192475e-06,0.0
0.0031806256927941192,1.0,1.26e-06,1.0,0.0,0.000539305755402431,9.875586072192475e-06,0.0
0.0031806256927941192,1.0,1.58e-06,1.0,0.0,0.000539305755402431,9.875586072192475e-06,0.0
0.0031806256927941192,1.0,2e-06,1.0,0.0,0.000539305755402431,9.875586072192475e-06,0.0
0.0031806256927941192,1.0,2.51e-06,1.0,0.0,0.000539305755402431,9.875586072192475e-06,0.0
0.0031806256927941192,1.0,3.16e-06,1.0,0.0,0.000539305755402431,9.875586072192475e-06,0.0
0.0031806256927941192,1.0,3.98e-06,1.0,0.0,0.000539305755402431,9.875586072192475e-06,0.0
0.0031806256927941192,1.0,5.01e-06,1.0,0.0,0.000539305755402431,9.875586072192475e-06,0.0
0.0031806256927941192,1.0,6.31e-06,1.0,0.0,0.000539305755402431,9.875586072192475e-06,0.0
0.0031806256927941192,1.0,7.94e-06,1.0,0.0,0.000539305755402431,9.875586072192475e-06,0.0
0.0031806256927941192,1.0,1e-05,1.0,0.0,0.000539305755402431,9.875586072192475e-06,0.0
0.0031806256927941192,1.0,1.26e-05,1.0,0.0,0.000539305755402431,9.875586072192475e-06,0.0
0.0031806256927941192,1.0,1.58e-05,1.0,0.0,0.000539305755402431,9.875586072192475e-06,0.0
0.0031806256927941192,1.0,2e-05,1.0,3.3333333333333335e-05,0.000539305755402431,9.875586072192475e-06,0.021572230216097246
0.0031806256927941192,1.0,2.51e-05,1.0,0.0,0.000539305755402431,9.875586072192475e-06,0.0
0.0031806256927941192,1.0,3.16e-05,1.0,3.3333333333333335e-05,0.000539305755402431,9.875586072192475e-06,0.021572230216097246
0.0031806256927941192,1.0,3.98e-05,1.0,0.0,0.000539305755402431,9.875586072192475e-06,0.0
0.0031806256927941192,1.0,5.01e-05,1.0,0.0001,0.000539305755402431,9.875586072192475e-06,0.06471669064829173
0.0031806256927941192,1.0,6.31e-05,1.0,0.00016666666666666666,0.000539305755402431,9.875586072192475e-06,0.1078611510804862
0.0031806256927941192,1.0,7.94e-05,1.0,6.666666666666667e-05,0.000539305755402431,9.875586072192475e-06,0.04314446043219449
0.0031806256927941192,1.0,0.0001,1.0,0.0002666666666666667,0.000539305755402431,9.875586072192475e-06,0.17257784172877796
0.0031806256927941192,1.0,0.000126,1.0,0.00036666666666666667,0.000539305755402431,9.875586072192475e-06,0.23729453237706966
0.0031806256927941192,1.0,0.000158,1.0,0.0007,0.000539305755402431,9.875586072192475e-06,0.4530168345380421
0.0031806256927941192,1.0,0.0002,1.0,0.001,0.000539305755402431,9.875586072192475e-06,0.6471669064829173
0.0031806256927941192,1.0,0.000251,1.0,0.0014666666666666667,0.000539305755402431,9.875586072192475e-06,0.9491781295082786
0.0031806256927941192,1.0,0.000316,1.0,0.0017333333333333333,0.000539305755402431,9.875586072192475e-06,1.1217559712370566
0.0031806256927941192,1.0,0.000398,1.0,0.003266666666666667,0.000539305755402431,9.875586072192475e-06,2.11407856117753
0.0031806256927941192,1.0,0.000501,1.0,0.005033333333333333,0.000539305755402431,9.875586072192475e-06,3.2574067626306835
0.0031806256927941192,1.0,0.000631,1.0,0.006166666666666667,0.000539305755402431,9.875586072192475e-06,3.99086258997799
0.0031806256927941192,1.0,0.000794,1.0,0.008366666666666666,0.000539305755402431,9.875586072192475e-06,5.414629784240407
0.0031806256927941192,1.0,0.001,1.0,0.007266666666666667,0.000539305755402431,9.875586072192475e-06,4.702746187109199
0.0031806256927941192,1.0,0.00126,1.0,0.0081,0.000539305755402431,9.875586072192475e-06,5.24205194251163
0.0031806256927941192,1.0,0.00158,1.0,0.004066666666666666,0.000539305755402431,9.875586072192475e-06,2.6318120863638637
0.0031806256927941192,1.0,0.002,1.0,0.0021,0.000539305755402431,9.875586072192475e-06,1.3590505036141263
0.0031806256927941192,1.0,0.00251,1.0,0.0006666666666666666,0.000539305755402431,9.875586072192475e-06,0.4314446043219448
0.0031806256927941192,1.0,0.00316,1.0,6.666666666666667e-05,0.000539305755402431,9.875586072192475e-06,0.04314446043219449
0.0031806256927941192,1.0,0.00398,1.0,6.666666666666667e-05,0.000539305755402431,9.875586072192475e-06,0.04314446043219449
0.0031806256927941192,1.0,0.00501,1.0,0.0,0.000539305755402431,9.875586072192475e-06,0.0
0.0031806256927941192,1.0,0.00631,1.0,0.0,0.000539305755402431,9.875586072192475e-06,0.0
0.0033312947879346735,1.0,1e-06,1.0,0.0,0.0005916101877588253,1.0833367290950839e-05,0.0
0.0033312947879346735,1.0,1.26e-06,1.0,0.0,0.0005916101877588253,1.0833367290950839e-05,0.0
0.0033312947879346735,1.0,1.58e-06,1.0,0.0,0.0005916101877588253,1.0833367290950839e-05,0.0
0.0033312947879346735,1.0,2e-06,1.0,0.0,0.0005916101877588253,1.0833367290950839e-05,0.0
0.0033312947879346735,1.0,2.51e-06,1.0,0.0,0.0005916101877588253,1.0833367290950839e-05,0.0
0.0033312947879346735,1.0,3.16e-06,1.0,0.0,0.0005916101877588253,1.0833367290950839e-05,0.0
0.0033312947879346735,1.0,3.98e-06,1.0,0.0,0.0005916101877588253,1.0833367290950839e-05,0.0
0.0033312947879346735,1.0,5.01e-06,1.0,0.0,0.0005916101877588253,1.0833367290950839e-05,0.0
0.0033312947879346735,1.0,6.31e-06,1.0,0.0,0.0005916101877588253,1.0833367290950839e-05,0.0
0.0033312947879346735,1.0,7.94e-06,1.0,0.0,0.0005916101877588253,1.0833367290950839e-05,0.0
0.0033312947879346735,1.0,1e-05,1.0,0.0,0.0005916101877588253,1.0833367290950839e-05,0.0
0.0033312947879346735,1.0,1.26e-05,1.0,0.0,0.0005916101877588253,1.0833367290950839e-05,0.0
0.0033312947879346735,1.0,1.58e-05,1.0,0.0,0.0005916101877588253,1.0833367290950839e-05,0.0
0.0033312947879346735,1.0,2e-05,1.0,3.3333333333333335e-05,0.0005916101877588253,1.0833367290950839e-05,0.023664407510353015
0.0033312947879346735,1.0,2.51e-05,1.0,0.0,0.0005916101877588253,1.0833367290950839e-05,0.0
0.0033312947879346735,1.0,3.16e-05,1.0,3.3333333333333335e-05,0.0005916101877588253,1.0833367290950839e-05,0.023664407510353015
0.0033312947879346735,1.0,3.98e-05,1.0,0.0,0.0005916101877588253,1.0833367290950839e-05,0.0
0.0033312947879346735,1.0,5.01e-05,1.0,0.0001,0.0005916101877588253,1.0833367290950839e-05,0.07099322253105904
0.0033312947879346735,1.0,6.31e-05,1.0,0.00016666666666666666,0.0005916101877588253,1.0833367290950839e-05,0.11832203755176506
0.0033312947879346735,1.0,7.94e-05,1.0,6.666666666666667e-05,0.0005916101877588253,1.0833367290950839e-05,0.04732881502070603
0.0033312947879346735,1.0,0.0001,1.0,0.0002666666666666667,0.0005916101877588253,1.0833367290950839e-05,0.18931526008282412
0.0033312947879346735,1.0,0.000126,1.0,0.00036666666666666667,0.0005916101877588253,1.0833367290950839e-05,0.2603084826138832
0.0033312947879346735,1.0,0.000158,1.0,0.0007,0.0005916101877588253,1.0833367290950839e-05,0.49695255771741326
0.0033312947879346735,1.0,0.0002,1.0,0.001,0.0005916101877588253,1.0833367290950839e-05,0.7099322253105904
0.0033312947879346735,1.0,0.000251,1.0,0.0014666666666666667,0.0005916101877588253,1.0833367290950839e-05,1.0412339304555327
0.0033312947879346735,1.0,0.000316,1.0,0.0017333333333333333,0.0005916101877588253,1.0833367290950839e-05,1.2305491905383565
0.0033312947879346735,1.0,0.000398,1.0,0.003266666666666667,0.0005916101877588253,1.0833367290950839e-05,2.3191119360145955
0.0033312947879346735,1.0,0.000501,1.0,0.005033333333333333,0.0005916101877588253,1.0833367290950839e-05,3.573325534063305
0.0033312947879346735,1.0,0.000631,1.0,0.006166666666666667,0.0005916101877588253,1.0833367290950839e-05,4.377915389415307
0.0033312947879346735,1.0,0.000794,1.0,0.008366666666666666,0.0005916101877588253,1.0833367290950839e-05,5.939766285098607
0.0033312947879346735,1.0,0.001,1.0,0.007266666666666667,0.0005916101877588253,1.0833367290950839e-05,5.158840837256957
0.0033312947879346735,1.0,0.00126,1.0,0.0081,0.0005916101877588253,1.0833367290950839e-05,5.750451025015781
0.0033312947879346735,1.0,0.00158,1.0,0.004066666666666666,0.0005916101877588253,1.0833367290950839e-05,2.8870577162630675
0.0033312947879346735,1.0,0.002,1.0,0.0021,0.0005916101877588253,1.0833367290950839e-05,1.4908576731522398
0.0033312947879346735,1.0,0.00251,1.0,0.0006666666666666666,0.0005916101877588253,1.0833367290950839e-05,0.4732881502070602
0.0033312947879346735,1.0,0.00316,1.0,6.666666666666667e-05,0.0005916101877588253,1.0833367290950839e-05,0.04732881502070603
0.0033312947879346735,1.0,0.00398,1.0,6.666666666666667e-05,0.0005916101877588253,1.0833367290950839e-05,0.04732881502070603
0.0033312947879346735,1.0,0.00501,1.0,0.0,0.0005916101877588253,1.0833367290950839e-05,0.0
0.0033312947879346735,1.0,0.00631,1.0,0.0,0.0005916101877588253,1.0833367290950839e-05,0.0
0.0034891012134067737,1.0,1e-06,1.0,0.0,0.0006489872919801121,1.1884037575171436e-05,0.0
0.0034891012134067737,1.0,1.26e-06,1.0,0.0,0.0006489872919801121,1.1884037575171436e-05,0.0
0.0034891012134067737,1.0,1.58e-06,1.0,0.0,0.0006489872919801121,1.1884037575171436e-05,0.0
0.0034891012134067737,1.0,2e-06,1.0,0.0,0.0006489872919801121,1.1884037575171436e-05,0.0
0.0034891012134067737,1.0,2.51e-06,1.0,0.0,0.0006489872919801121,1.1884037575171436e-05,0.0
0.0034891012134067737,1.0,3.16e-06,1.0,0.0,0.0006489872919801121,1.1884037575171436e-05,0.0
0.0034891012134067737,1.0,3.98e-06,1.0,0.0,0.0006489872919801121,1.1884037575171436e-05,0.0
0.0034891012134067737,1.0,5.01e-06,1.0,0.0,0.0006489872919801121,1.1884037575171436e-05,0.0
0.0034891012134067737,1.0,6.31e-06,1.0,0.0,0.0006489872919801121,1.1884037575171436e-05,0.0
0.0034891012134067737,1.0,7.94e-06,1.0,0.0,0.0006489872919801121,1.1884037575171436e-05,0.0
0.0034891012134067737,1.0,1e-05,1.0,0.0,0.0006489872919801121,1.1884037575171436e-05,0.0
0.0034891012134067737,1.0,1.26e-05,1.0,0.0,0.0006489872919801121,1.1884037575171436e-05,0.0
0.0034891012134067737,1.0,1.58e-05,1.0,0.0,0.0006489872919801121,1.1884037575171436e-05,0.0
0.0034891012134067737,1.0,2e-05,1.0,3.3333333333333335e-05,0.0006489872919801121,1.1884037575171436e-05,0.025959491679204486
0.0034891012134067737,1.0,2.51e-05,1.0,0.0,0.0006489872919801121,1.1884037575171436e-05,0.0
0.0034891012134067737,1.0,3.16e-05,1.0,3.3333333333333335e-05,0.0006489872919801121,1.1884037575171436e-05,0.025959491679204486
0.0034891012134067737,1.0,3.98e-05,1.0,0.0,0.0006489872919801121,1.1884037575171436e-05,0.0
0.0034891012134067737,1.0,5.01e-05,1.0,0.0001,0.0006489872919801121,1.1884037575171436e-05,0.07787847503761347
0.0034891012134067737,1.0,6.31e-05,1.0,0.00016666666666666666,0.0006489872919801121,1.1884037575171436e-05,0.1297974583960224
0.0034891012134067737,1.0,7.94e-05,1.0,6.666666666666667e-05,0.0006489872919801121,1.1884037575171436e-05,0.05191898335840897
0.0034891012134067737,1.0,0.0001,1.0,0.0002666666666666667,0.0006489872919801121,1.1884037575171436e-05,0.20767593343363588
0.0034891012134067737,1.0,0.000126,1.0,0.00036666666666666667,0.0006489872919801121,1.1884037575171436e-05,0.2855544084712493
0.0034891012134067737,1.0,0.000158,1.0,0.0007,0.0006489872919801121,1.1884037575171436e-05,0.5451493252632942
0.0034891012134067737,1.0,0.0002,1.0,0.001,0.0006489872919801121,1.1884037575171436e-05,0.7787847503761346
0.0034891012134067737,1.0,0.000251,1.0,0.0014666666666666667,0.0006489872919801121,1.1884037575171436e-05,1.1422176338849972
0.0034891012134067737,1.0,0.000316,1.0,0.0017333333333333333,0.0006489872919801121,1.1884037575171436e-05,1.3498935673186332
0.0034891012134067737,1.0,0.000398,1.0,0.003266666666666667,0.0006489872919801121,1.1884037575171436e-05,2.5440301845620397
0.0034891012134067737,1.0,0.000501,1.0,0.005033333333333333,0.0006489872919801121,1.1884037575171436e-05,3.9198832435598767
0.0034891012134067737,1.0,0.000631,1.0,0.006166666666666667,0.0006489872919801121,1.1884037575171436e-05,4.80250596065283
0.0034891012134067737,1.0,0.000794,1.0,0.008366666666666666,0.0006489872919801121,1.1884037575171436e-05,6.515832411480325
0.0034891012134067737,1.0,0.001,1.0,0.007266666666666667,0.0006489872919801121,1.1884037575171436e-05,5.659169186066578
0.0034891012134067737,1.0,0.00126,1.0,0.0081,0.0006489872919801121,1.1884037575171436e-05,6.30815647804669
0.0034891012134067737,1.0,0.00158,1.0,0.004066666666666666,0.0006489872919801121,1.1884037575171436e-05,3.167057984862947
0.0034891012134067737,1.0,0.002,1.0,0.0021,0.0006489872919801121,1.1884037575171436e-05,1.6354479757898823
0.0034891012134067737,1.0,0.00251,1.0,0.0006666666666666666,0.0006489872919801121,1.1884037575171436e-05,0.5191898335840897
0.0034891012134067737,1.0,0.00316,1.0,6.666666666666667e-05,0.0006489872919801121,1.1884037575171436e-05,0.05191898335840897
0.0034891012134067737,1.0,0.00398,1.0,6.666666666666667e-05,0.0006489872919801121,1.1884037575171436e-05,0.05191898335840897
0.0034891012134067737,1.0,0.00501,1.0,0.0,0.0006489872919801121,1.1884037575171436e-05,0.0
0.0034891012134067737,1.0,0.00631,1.0,0.0,0.0006489872919801121,1.1884037575171436e-05,0.0
0.0036543830709572546,1.0,1e-06,1.0,0.0,0.000711929021757627,1.3036605415814447e-05,0.0
0.0036543830709572546,1.0,1.26e-06,1.0,0.0,0.000711929021757627,1.3036605415814447e-05,0.0
0.0036543830709572546,1.0,1.58e-06,1.0,0.0,0.000711929021757627,1.3036605415814447e-05,0.0
0.0036543830709572546,1.0,2e-06,1.0,0.0,0.000711929021757627,1.3036605415814447e-05,0.0
0.0036543830709572546,1.0,2.51e-06,1.0,0.0,0.000711929021757627,1.3036605415814447e-05,0.0
0.0036543830709572546,1.0,3.16e-06,1.0,0.0,0.000711929021757627,1.3036605415814447e-05,0.0
0.0036543830709572546,1.0,3.98e-06,1.0,0.0,0.000711929021757627,1.3036605415814447e-05,0.0
0.0036543830709572546,1.0,5.01e-06,1.0,0.0,0.000711929021757627,1.3036605415814447e-05,0.0
0.0036543830709572546,1.0,6.31e-06,1.0,0.0,0.000711929021757627,1.3036605415814447e-05,0.0
0.0036543830709572546,1.0,7.94e-06,1.0,0.0,0.000711929021757627,1.3036605415814447e-05,0.0
0.0036543830709572546,1.0,1e-05,1.0,0.0,0.000711929021757627,1.3036605415814447e-05,0.0
0.0036543830709572546,1.0,1.26e-05,1.0,0.0,0.000711929021757627,1.3036605415814447e-05,0.0
0.0036543830709572546,1.0,1.58e-05,1.0,0.0,0.000711929021757627,1.3036605415814447e-05,0.0
0.0036543830709572546,1.0,2e-05,1.0,3.3333333333333335e-05,0.000711929021757627,1.3036605415814447e-05,0.028477160870305086
0.0036543830709572546,1.0,2.51e-05,1.0,0.0,0.000711929021757627,1.3036605415814447e-05,0.0
0.0036543830709572546,1.0,3.16e-05,1.0,3.3333333333333335e-05,0.000711929021757627,1.3036605415814447e-05,0.028477160870305086
0.0036543830709572546,1.0,3.98e-05,1.0,0.0,0.000711929021757627,1.3036605415814447e-05,0.0
0.0036543830709572546,1.0,5.01e-05,1.0,0.0001,0.000711929021757627,1.3036605415814447e-05,0.08543148261091527
0.0036543830709572546,1.0,6.31e-05,1.0,0.00016666666666666666,0.000711929021757627,1.3036605415814447e-05,0.14238580435152542
0.0036543830709572546,1.0,7.94e-05,1.0,6.666666666666667e-05,0.000711929021757627,1.3036605415814447e-05,0.05695432174061017
0.0036543830709572546,1.0,0.0001,1.0,0.0002666666666666667,0.000711929021757627,1.3036605415814447e-05,0.2278172869624407
0.0036543830709572546,1.0,0.000126,1.0,0.00036666666666666667,0.000711929021757627,1.3036605415814447e-05,0.3132487695733559
0.0036543830709572546,1.0,0.000158,1.0,0.0007,0.000711929021757627,1.3036605415814447e-05,0.5980203782764067
0.0036543830709572546,1.0,0.0002,1.0,0.001,0.000711929021757627,1.3036605415814447e-05,0.8543148261091524
0.0036543830709572546,1.0,0.000251,1.0,0.0014666666666666667,0.000711929021757627,1.3036605415814447e-05,1.2529950782934236
0.0036543830709572546,1.0,0.000316,1.0,0.0017333333333333333,0.000711929021757627,1.3036605415814447e-05,1.4808123652558642
0.0036543830709572546,1.0,0.000398,1.0,0.003266666666666667,0.000711929021757627,1.3036605415814447e-05,2.7907617652898984
0.0036543830709572546,1.0,0.000501,1.0,0.005033333333333333,0.000711929021757627,1.3036605415814447e-05,4.300051291416067
0.0036543830709572546,1.0,0.000631,1.0,0.006166666666666667,0.000711929021757627,1.3036605415814447e-05,5.268274761006441
0.0036543830709572546,1.0,0.000794,1.0,0.008366666666666666,0.000711929021757627,1.3036605415814447e-05,7.147767378446575
0.0036543830709572546,1.0,0.001,1.0,0.007266666666666667,0.000711929021757627,1.3036605415814447e-05,6.208021069726509
0.0036543830709572546,1.0,0.00126,1.0,0.0081,0.000711929021757627,1.3036605415814447e-05,6.919950091484136
0.0036543830709572546,1.0,0.00158,1.0,0.004066666666666666,0.000711929021757627,1.3036605415814447e-05,3.4742136261772196
0.0036543830709572546,1.0,0.002,1.0,0.0021,0.000711929021757627,1.3036605415814447e-05,1.7940611348292201
0.0036543830709572546,1.0,0.00251,1.0,0.0006666666666666666,0.000711929021757627,1.3036605415814447e-05,0.5695432174061017
0.0036543830709572546,1.0,0.00316,1.0,6.666666666666667e-05,0.000711929021757627,1.3036605415814447e-05,0.05695432174061017
0.0036543830709572546,1.0,0.00398,1.0,6.666666666666667e-05,0.000711929021757627,1.3036605415814447e-05,0.05695432174061017
0.0036543830709572546,1.0,0.00501,1.0,0.0,0.000711929021757627,1.3036605415814447e-05,0.0
0.0036543830709572546,1.0,0.00631,1.0,0.0,0.000711929021757627,1.3036605415814447e-05,0.0
0.003827494478516311,1.0,1e-06,1.0,0.0,0.0007809750385375787,1.4300952912242788e-05,0.0
0.003827494478516311,1.0,1.26e-06,1.0,0.0,0.0007809750385375787,1.4300952912242788e-05,0.0
0.003827494478516311,1.0,1.58e-06,1.0,0.0,0.0007809750385375787,1.4300952912242788e-05,0.0
0.003827494478516311,1.0,2e-06,1.0,0.0,0.0007809750385375787,1.4300952912242788e-05,0.0
0.003827494478516311,1.0,2.51e-06,1.0,0.0,0.0007809750385375787,1.4300952912242788e-05,0.0
0.003827494478516311,1.0,3.16e-06,1.0,0.0,0.0007809750385375787,1.4300952912242788e-05,0.0
0.003827494478516311,1.0,3.98e-06,1.0,0.0,0.0007809750385375787,1.4300952912242788e-05,0.0
0.003827494478516311,1.0,5.01e-06,1.0,0.0,0.0007809750385375787,1.4300952912242788e-05,0.0
0.003827494478516311,1.0,6.31e-06,1.0,0.0,0.0007809750385375787,1.4300952912242788e-05,0.0
0.003827494478516311,1.0,7.94e-06,1.0,0.0,0.0007809750385375787,1.4300952912242788e-05,0.0
0.003827494478516311,1.0,1e-05,1.0,0.0,0.0007809750385375787,1.4300952912242788e-05,0.0
0.003827494478516311,1.0,1.26e-05,1.0,0.0,0.0007809750385375787,1.4300952912242788e-05,0.0
0.003827494478516311,1.0,1.58e-05,1.0,0.0,0.0007809750385375787,1.4300952912242788e-05,0.0
0.003827494478516311,1.0,2e-05,1.0,3.3333333333333335e-05,0.0007809750385375787,1.4300952912242788e-05,0.03123900154150315
0.003827494478516311,1.0,2.51e-05,1.0,0.0,0.0007809750385375787,1.4300952912242788e-05,0.0
0.003827494478516311,1.0,3.16e-05,1.0,3.3333333333333335e-05,0.0007809750385375787,1.4300952912242788e-05,0.03123900154150315
0.003827494478516311,1.0,3.98e-05,1.0,0.0,0.0007809750385375787,1.4300952912242788e-05,0.0
0.003827494478516311,1.0,5.01e-05,1.0,0.0001,0.0007809750385375787,1.4300952912242788e-05,0.09371700462450945
0.003827494478516311,1.0,6.31e-05,1.0,0.00016666666666666666,0.0007809750385375787,1.4300952912242788e-05,0.15619500770751574
0.003827494478516311,1.0,7.94e-05,1.0,6.666666666666667e-05,0.0007809750385375787,1.4300952912242788e-05,0.0624780030830063
0.003827494478516311,1.0,0.0001,1.0,0.0002666666666666667,0.0007809750385375787,1.4300952912242788e-05,0.2499120123320252
0.003827494478516311,1.0,0.000126,1.0,0.00036666666666666667,0.0007809750385375787,1.4300952912242788e-05,0.34362901695653464
0.003827494478516311,1.0,0.000158,1.0,0.0007,0.0007809750385375787,1.4300952912242788e-05,0.6560190323715661
0.003827494478516311,1.0,0.0002,1.0,0.001,0.0007809750385375787,1.4300952912242788e-05,0.9371700462450945
0.003827494478516311,1.0,0.000251,1.0,0.0014666666666666667,0.0007809750385375787,1.4300952912242788e-05,1.3745160678261386
0.003827494478516311,1.0,0.000316,1.0,0.0017333333333333333,0.0007809750385375787,1.4300952912242788e-05,1.6244280801581639
0.003827494478516311,1.0,0.000398,1.0,0.003266666666666667,0.0007809750385375787,1.4300952912242788e-05,3.0614221510673088
0.003827494478516311,1.0,0.000501,1.0,0.005033333333333333,0.0007809750385375787,1.4300952912242788e-05,4.717089232766976
0.003827494478516311,1.0,0.000631,1.0,0.006166666666666667,0.0007809750385375787,1.4300952912242788e-05,5.779215285178083
0.003827494478516311,1.0,0.000794,1.0,0.008366666666666666,0.0007809750385375787,1.4300952912242788e-05,7.840989386917291
0.003827494478516311,1.0,0.001,1.0,0.007266666666666667,0.0007809750385375787,1.4300952912242788e-05,6.810102336047688
0.003827494478516311,1.0,0.00126,1.0,0.0081,0.0007809750385375787,1.4300952912242788e-05,7.591077374585265
0.003827494478516311,1.0,0.00158,1.0,0.004066666666666666,0.0007809750385375787,1.4300952912242788e-05,3.811158188063384
0.003827494478516311,1.0,0.002,1.0,0.0021,0.0007809750385375787,1.4300952912242788e-05,1.9680570971146982
0.003827494478516311,1.0,0.00251,1.0,0.0006666666666666666,0.0007809750385375787,1.4300952912242788e-05,0.624780030830063
0.003827494478516311,1.0,0.00316,1.0,6.666666666666667e-05,0.0007809750385375787,1.4300952912242788e-05,0.0624780030830063
0.003827494478516311,1.0,0.00398,1.0,6.666666666666667e-05,0.0007809750385375787,1.4300952912242788e-05,0.0624780030830063
0.003827494478516311,1.0,0.00501,1.0,0.0,0.0007809750385375787,1.4300952912242788e-05,0.0
0.003827494478516311,1.0,0.00631,1.0,0.0,0.0007809750385375787,1.4300952912242788e-05,0.0
0.004008806328898464,1.0,1e-06,1.0,0.0,0.0008567173375263762,1.568792048207977e-05,0.0
0.004008806328898464,1.0,1.26e-06,1.0,0.0,0.0008567173375263762,1.568792048207977e-05,0.0
0.004008806328898464,1.0,1.58e-06,1.0,0.0,0.0008567173375263762,1.568792048207977e-05,0.0
0.004008806328898464,1.0,2e-06,1.0,0.0,0.0008567173375263762,1.568792048207977e-05,0.0
0.004008806328898464,1.0,2.51e-06,1.0,0.0,0.0008567173375263762,1.568792048207977e-05,0.0
0.004008806328898464,1.0,3.16e-06,1.0,0.0,0.0008567173375263762,1.568792048207977e-05,0.0
0.004008806328898464,1.0,3.98e-06,1.0,0.0,0.0008567173375263762,1.568792048207977e-05,0.0
0.004008806328898464,1.0,5.01e-06,1.0,0.0,0.0008567173375263762,1.568792048207977e-05,0.0
0.004008806328898464,1.0,6.31e-06,1.0,0.0,0.0008567173375263762,1.568792048207977e-05,0.0
0.004008806328898464,1.0,7.94e-06,1.0,0.0,0.0008567173375263762,1.568792048207977e-05,0.0
0.004008806328898464,1.0,1e-05,1.0,0.0,0.0008567173375263762,1.568792048207977e-05,0.0
0.004008806328898464,1.0,1.26e-05,1.0,0.0,0.0008567173375263762,1.568792048207977e-05,0.0
0.004008806328898464,1.0,1.58e-05,1.0,0.0,0.0008567173375263762,1.568792048207977e-05,0.0
0.004008806328898464,1.0,2e-05,1.0,3.3333333333333335e-05,0.0008567173375263762,1.568792048207977e-05,0.03426869350105505
0.004008806328898464,1.0,2.51e-05,1.0,0.0,0.0008567173375263762,1.568792048207977e-05,0.0
0.004008806328898464,1.0,3.16e-05,1.0,3.3333333333333335e-05,0.0008567173375263762,1.568792048207977e-05,0.03426869350105505
0.004008806328898464,1.0,3.98e-05,1.0,0.0,0.0008567173375263762,1.568792048207977e-05,0.0
0.004008806328898464,1.0,5.01e-05,1.0,0.0001,0.0008567173375263762,1.568792048207977e-05,0.10280608050316516
0.004008806328898464,1.0,6.31e-05,1.0,0.00016666666666666666,0.0008567173375263762,1.568792048207977e-05,0.17134346750527524
0.004008806328898464,1.0,7.94e-05,1.0,6.666666666666667e-05,0.0008567173375263762,1.568792048207977e-05,0.0685373870021101
0.004008806328898464,1.0,0.0001,1.0,0.0002666666666666667,0.0008567173375263762,1.568792048207977e-05,0.2741495480084404
0.004008806328898464,1.0,0.000126,1.0,0.00036666666666666667,0.0008567173375263762,1.568792048207977e-05,0.3769556285116056
0.004008806328898464,1.0,0.000158,1.0,0.0007,0.0008567173375263762,1.568792048207977e-05,0.7196425635221559
0.004008806328898464,1.0,0.0002,1.0,0.001,0.0008567173375263762,1.568792048207977e-05,1.0280608050316515
0.004008806328898464,1.0,0.000251,1.0,0.0014666666666666667,0.0008567173375263762,1.568792048207977e-05,1.5078225140464223
0.004008806328898464,1.0,0.000316,1.0,0.0017333333333333333,0.0008567173375263762,1.568792048207977e-05,1.7819720620548622
0.004008806328898464,1.0,0.000398,1.0,0.003266666666666667,0.0008567173375263762,1.568792048207977e-05,3.3583319631033945
0.004008806328898464,1.0,0.000501,1.0,0.005033333333333333,0.0008567173375263762,1.568792048207977e-05,5.174572718659313
0.004008806328898464,1.0,0.000631,1.0,0.006166666666666667,0.0008567173375263762,1.568792048207977e-05,6.339708297695184
0.004008806328898464,1.0,0.000794,1.0,0.008366666666666666,0.0008567173375263762,1.568792048207977e-05,8.601442068764817
0.004008806328898464,1.0,0.001,1.0,0.007266666666666667,0.0008567173375263762,1.568792048207977e-05,7.470575183230001
0.004008806328898464,1.0,0.00126,1.0,0.0081,0.0008567173375263762,1.568792048207977e-05,8.327292520756377
0.004008806328898464,1.0,0.00158,1.0,0.004066666666666666,0.0008567173375263762,1.568792048207977e-05,4.180780607128716
0.004008806328898464,1.0,0.002,1.0,0.0021,0.0008567173375263762,1.568792048207977e-05,2.158927690566468
0.004008806328898464,1.0,0.00251,1.0,0.0006666666666666666,0.0008567173375263762,1.568792048207977e-05,0.685373870021101
0.004008806328898464,1.0,0.00316,1.0,6.666666666666667e-05,0.0008567173375263762,1.568792048207977e-05,0.0685373870021101
0.004008806328898464,1.0,0.00398,1.0,6.666666666666667e-05,0.0008567173375263762,1.568792048207977e-05,0.0685373870021101
0.004008806328898464,1.0,0.00501,1.0,0.0,0.0008567173375263762,1.568792048207977e-05,0.0
0.004008806328898464,1.0,0.00631,1.0,0.0,0.0008567173375263762,1.568792048207977e-05,0.0
0.00419870708444391,1.0,1e-06,1.0,0.0,0.0009398053221556583,1.720939978311039e-05,0.0
0.00419870708444391,1.0,1.26e-06,1.0,0.0,0.0009398053221556583,1.720939978311039e-05,0.0
0.00419870708444391,1.0,1.58e-06,1.0,0.0,0.0009398053221556583,1.720939978311039e-05,0.0
0.00419870708444391,1.0,2e-06,1.0,0.0,0.0009398053221556583,1.720939978311039e-05,0.0
0.00419870708444391,1.0,2.51e-06,1.0,0.0,0.0009398053221556583,1.720939978311039e-05,0.0
0.00419870708444391,1.0,3.16e-06,1.0,0.0,0.0009398053221556583,1.720939978311039e-05,0.0
0.00419870708444391,1.0,3.98e-06,1.0,0.0,0.0009398053221556583,1.720939978311039e-05,0.0
0.00419870708444391,1.0,5.01e-06,1.0,0.0,0.0009398053221556583,1.720939978311039e-05,0.0
0.00419870708444391,1.0,6.31e-06,1.0,0.0,0.0009398053221556583,1.720939978311039e-05,0.0
0.00419870708444391,1.0,7.94e-06,1.0,0.0,0.0009398053221556583,1.720939978311039e-05,0.0
0.00419870708444391,1.0,1e-05,1.0,0.0,0.0009398053221556583,1.720939978311039e-05,0.0
0.00419870708444391,1.0,1.26e-05,1.0,0.0,0.0009398053221556583,1.720939978311039e-05,0.0
0.00419870708444391,1.0,1.58e-05,1.0,0.0,0.0009398053221556583,1.720939978311039e-05,0.0
0.00419870708444391,1.0,2e-05,1.0,3.3333333333333335e-05,0.0009398053221556583,1.720939978311039e-05,0.037592212886226335
0.00419870708444391,1.0,2.51e-05,1.0,0.0,0.0009398053221556583,1.720939978311039e-05,0.0
0.00419870708444391,1.0,3.16e-05,1.0,3.3333333333333335e-05,0.0009398053221556583,1.720939978311039e-05,0.037592212886226335
0.00419870708444391,1.0,3.98e-05,1.0,0.0,0.0009398053221556583,1.720939978311039e-05,0.0
0.00419870708444391,1.0,5.01e-05,1.0,0.0001,0.0009398053221556583,1.720939978311039e-05,0.11277663865867903
0.00419870708444391,1.0,6.31e-05,1.0,0.00016666666666666666,0.0009398053221556583,1.720939978311039e-05,0.1879610644311317
0.00419870708444391,1.0,7.94e-05,1.0,6.666666666666667e-05,0.0009398053221556583,1.720939978311039e-05,0.07518442577245267
0.00419870708444391,1.0,0.0001,1.0,0.0002666666666666667,0.0009398053221556583,1.720939978311039e-05,0.3007377030898107
0.00419870708444391,1.0,0.000126,1.0,0.00036666666666666667,0.0009398053221556583,1.720939978311039e-05,0.41351434174848967
0.00419870708444391,1.0,0.000158,1.0,0.0007,0.0009398053221556583,1.720939978311039e-05,0.7894364706107531
0.00419870708444391,1.0,0.0002,1.0,0.001,0.0009398053221556583,1.720939978311039e-05,1.1277663865867902
0.00419870708444391,1.0,0.000251,1.0,0.0014666666666666667,0.0009398053221556583,1.720939978311039e-05,1.6540573669939587
0.00419870708444391,1.0,0.000316,1.0,0.0017333333333333333,0.0009398053221556583,1.720939978311039e-05,1.9547950700837693
0.00419870708444391,1.0,0.000398,1.0,0.003266666666666667,0.0009398053221556583,1.720939978311039e-05,3.684036862850181
0.00419870708444391,1.0,0.000501,1.0,0.005033333333333333,0.0009398053221556583,1.720939978311039e-05,5.676424145820177
0.00419870708444391,1.0,0.000631,1.0,0.006166666666666667,0.0009398053221556583,1.720939978311039e-05,6.954559383951872
0.00419870708444391,1.0,0.000794,1.0,0.008366666666666666,0.0009398053221556583,1.720939978311039e-05,9.43564543444281
0.00419870708444391,1.0,0.001,1.0,0.007266666666666667,0.0009398053221556583,1.720939978311039e-05,8.195102409197341
0.00419870708444391,1.0,0.00126,1.0,0.0081,0.0009398053221556583,1.720939978311039e-05,9.134907731353
0.00419870708444391,1.0,0.00158,1.0,0.004066666666666666,0.0009398053221556583,1.720939978311039e-05,4.586249972119613
0.00419870708444391,1.0,0.002,1.0,0.0021,0.0009398053221556583,1.720939978311039e-05,2.368309411832259
0.00419870708444391,1.0,0.00251,1.0,0.0006666666666666666,0.0009398053221556583,1.720939978311039e-05,0.7518442577245268
0.00419870708444391,1.0,0.00316,1.0,6.666666666666667e-05,0.0009398053221556583,1.720939978311039e-05,0.07518442577245267
0.00419870708444391,1.0,0.00398,1.0,6.666666666666667e-05,0.0009398053221556583,1.720939978311039e-05,0.07518442577245267
0.00419870708444391,1.0,0.00501,1.0,0.0,0.0009398053221556583,1.720939978311039e-05,0.0
0.00419870708444391,1.0,0.00631,1.0,0.0,0.0009398053221556583,1.720939978311039e-05,0.0
0.004397603609302721,1.0,1e-06,1.0,0.0,0.001030951370461142,1.8878435642943453e-05,0.0
0.004397603609302721,1.0,1.26e-06,1.0,0.0,0.001030951370461142,1.8878435642943453e-05,0.0
0.004397603609302721,1.0,1.58e-06,1.0,0.0,0.001030951370461142,1.8878435642943453e-05,0.0
0.004397603609302721,1.0,2e-06,1.0,0.0,0.001030951370461142,1.8878435642943453e-05,0.0
0.004397603609302721,1.0,2.51e-06,1.0,0.0,0.001030951370461142,1.8878435642943453e-05,0.0
0.004397603609302721,1.0,3.16e-06,1.0,0.0,0.001030951370461142,1.8878435642943453e-05,0.0
0.004397603609302721,1.0,3.98e-06,1.0,0.0,0.001030951370461142,1.8878435642943453e-05,0.0
0.004397603609302721,1.0,5.01e-06,1.0,0.0,0.001030951370461142,1.8878435642943453e-05,0.0
0.004397603609302721,1.0,6.31e-06,1.0,0.0,0.001030951370461142,1.8878435642943453e-05,0.0
0.004397603609302721,1.0,7.94e-06,1.0,0.0,0.001030951370461142,1.8878435642943453e-05,0.0
0.004397603609302721,1.0,1e-05,1.0,0.0,0.001030951370461142,1.8878435642943453e-05,0.0
0.004397603609302721,1.0,1.26e-05,1.0,0.0,0.001030951370461142,1.8878435642943453e-05,0.0
0.004397603609302721,1.0,1.58e-05,1.0,0.0,0.001030951370461142,1.8878435642943453e-05,0.0
0.004397603609302721,1.0,2e-05,1.0,3.3333333333333335e-05,0.001030951370461142,1.8878435642943453e-05,0.04123805481844569
0.004397603609302721,1.0,2.51e-05,1.0,0.0,0.001030951370461142,1.8878435642943453e-05,0.0
0.004397603609302721,1.0,3.16e-05,1.0,3.3333333333333335e-05,0.001030951370461142,1.8878435642943453e-05,0.04123805481844569
0.004397603609302721,1.0,3.98e-05,1.0,0.0,0.001030951370461142,1.8878435642943453e-05,0.0
0.004397603609302721,1.0,5.01e-05,1.0,0.0001,0.001030951370461142,1.8878435642943453e-05,0.12371416445533706
0.004397603609302721,1.0,6.31e-05,1.0,0.00016666666666666666,0.001030951370461142,1.8878435642943453e-05,0.2061902740922284
0.004397603609302721,1.0,7.94e-05,1.0,6.666666666666667e-05,0.001030951370461142,1.8878435642943453e-05,0.08247610963689138
0.004397603609302721,1.0,0.0001,1.0,0.0002666666666666667,0.001030951370461142,1.8878435642943453e-05,0.3299044385475655
0.004397603609302721,1.0,0.000126,1.0,0.00036666666666666667,0.001030951370461142,1.8878435642943453e-05,0.4536186030029026
0.004397603609302721,1.0,0.000158,1.0,0.0007,0.001030951370461142,1.8878435642943453e-05,0.8659991511873595
0.004397603609302721,1.0,0.0002,1.0,0.001,0.001030951370461142,1.8878435642943453e-05,1.2371416445533707
0.004397603609302721,1.0,0.000251,1.0,0.0014666666666666667,0.001030951370461142,1.8878435642943453e-05,1.8144744120116103
0.004397603609302721,1.0,0.000316,1.0,0.0017333333333333333,0.001030951370461142,1.8878435642943453e-05,2.1443788505591757
0.004397603609302721,1.0,0.000398,1.0,0.003266666666666667,0.001030951370461142,1.8878435642943453e-05,4.041329372207677
0.004397603609302721,1.0,0.000501,1.0,0.005033333333333333,0.001030951370461142,1.8878435642943453e-05,6.226946277585299
0.004397603609302721,1.0,0.000631,1.0,0.006166666666666667,0.001030951370461142,1.8878435642943453e-05,7.629040141412452
0.004397603609302721,1.0,0.000794,1.0,0.008366666666666666,0.001030951370461142,1.8878435642943453e-05,10.350751759429867
0.004397603609302721,1.0,0.001,1.0,0.007266666666666667,0.001030951370461142,1.8878435642943453e-05,8.98989595042116
0.004397603609302721,1.0,0.00126,1.0,0.0081,0.001030951370461142,1.8878435642943453e-05,10.020847320882302
0.004397603609302721,1.0,0.00158,1.0,0.004066666666666666,0.001030951370461142,1.8878435642943453e-05,5.031042687850373
0.004397603609302721,1.0,0.002,1.0,0.0021,0.001030951370461142,1.8878435642943453e-05,2.597997453562078
0.004397603609302721,1.0,0.00251,1.0,0.0006666666666666666,0.001030951370461142,1.8878435642943453e-05,0.8247610963689136
0.004397603609302721,1.0,0.00316,1.0,6.666666666666667e-05,0.001030951370461142,1.8878435642943453e-05,0.08247610963689138
0.004397603609302721,1.0,0.00398,1.0,6.666666666666667e-05,0.001030951370461142,1.8878435642943453e-05,0.08247610963689138
0.004397603609302721,1.0,0.00501,1.0,0.0,0.001030951370461142,1.8878435642943453e-05,0.0
0.004397603609302721,1.0,0.00631,1.0,0.0,0.001030951370461142,1.8878435642943453e-05,0.0
0.004605922041145104,1.0,1e-06,1.0,0.0,0.0011309369410357152,2.0709337869176255e-05,0.0
0.004605922041145104,1.0,1.26e-06,1.0,0.0,0.0011309369410357152,2.0709337869176255e-05,0.0
0.004605922041145104,1.0,1.58e-06,1.0,0.0,0.0011309369410357152,2.0709337869176255e-05,0.0
0.004605922041145104,1.0,2e-06,1.0,0.0,0.0011309369410357152,2.0709337869176255e-05,0.0
0.004605922041145104,1.0,2.51e-06,1.0,0.0,0.0011309369410357152,2.0709337869176255e-05,0.0
0.004605922041145104,1.0,3.16e-06,1.0,0.0,0.0011309369410357152,2.0709337869176255e-05,0.0
0.004605922041145104,1.0,3.98e-06,1.0,0.0,0.0011309369410357152,2.0709337869176255e-05,0.0
0.004605922041145104,1.0,5.01e-06,1.0,0.0,0.0011309369410357152,2.0709337869176255e-05,0.0
0.004605922041145104,1.0,6.31e-06,1.0,0.0,0.0011309369410357152,2.0709337869176255e-05,0.0
0.004605922041145104,1.0,7.94e-06,1.0,0.0,0.0011309369410357152,2.0709337869176255e-05,0.0
0.004605922041145104,1.0,1e-05,1.0,0.0,0.0011309369410357152,2.0709337869176255e-05,0.0
0.004605922041145104,1.0,1.26e-05,1.0,0.0,0.0011309369410357152,2.0709337869176255e-05,0.0
0.004605922041145104,1.0,1.58e-05,1.0,0.0,0.0011309369410357152,2.0709337869176255e-05,0.0
0.004605922041145104,1.0,2e-05,1.0,3.3333333333333335e-05,0.0011309369410357152,2.0709337869176255e-05,0.04523747764142861
0.004605922041145104,1.0,2.51e-05,1.0,0.0,0.0011309369410357152,2.0709337869176255e-05,0.0
0.004605922041145104,1.0,3.16e-05,1.0,3.3333333333333335e-05,0.0011309369410357152,2.0709337869176255e-05,0.04523747764142861
0.004605922041145104,1.0,3.98e-05,1.0,0.0,0.0011309369410357152,2.0709337869176255e-05,0.0
0.004605922041145104,1.0,5.01e-05,1.0,0.0001,0.0011309369410357152,2.0709337869176255e-05,0.13571243292428584
0.004605922041145104,1.0,6.31e-05,1.0,0.00016666666666666666,0.0011309369410357152,2.0709337869176255e-05,0.22618738820714301
0.004605922041145104,1.0,7.94e-05,1.0,6.666666666666667e-05,0.0011309369410357152,2.0709337869176255e-05,0.09047495528285722
0.004605922041145104,1.0,0.0001,1.0,0.0002666666666666667,0.0011309369410357152,2.0709337869176255e-05,0.3618998211314289
0.004605922041145104,1.0,0.000126,1.0,0.00036666666666666667,0.0011309369410357152,2.0709337869176255e-05,0.4976122540557147
0.004605922041145104,1.0,0.000158,1.0,0.0007,0.0011309369410357152,2.0709337869176255e-05,0.9499870304700008
0.004605922041145104,1.0,0.0002,1.0,0.001,0.0011309369410357152,2.0709337869176255e-05,1.3571243292428583
0.004605922041145104,1.0,0.000251,1.0,0.0014666666666666667,0.0011309369410357152,2.0709337869176255e-05,1.9904490162228587
0.004605922041145104,1.0,0.000316,1.0,0.0017333333333333333,0.0011309369410357152,2.0709337869176255e-05,2.352348837354288
0.004605922041145104,1.0,0.000398,1.0,0.003266666666666667,0.0011309369410357152,2.0709337869176255e-05,4.4332728088600035
0.004605922041145104,1.0,0.000501,1.0,0.005033333333333333,0.0011309369410357152,2.0709337869176255e-05,6.830859123855721
0.004605922041145104,1.0,0.000631,1.0,0.006166666666666667,0.0011309369410357152,2.0709337869176255e-05,8.368933363664294
0.004605922041145104,1.0,0.000794,1.0,0.008366666666666666,0.0011309369410357152,2.0709337869176255e-05,11.35460688799858
0.004605922041145104,1.0,0.001,1.0,0.007266666666666667,0.0011309369410357152,2.0709337869176255e-05,9.861770125831438
0.004605922041145104,1.0,0.00126,1.0,0.0081,0.0011309369410357152,2.0709337869176255e-05,10.992707066867151
0.004605922041145104,1.0,0.00158,1.0,0.004066666666666666,0.0011309369410357152,2.0709337869176255e-05,5.51897227225429
0.004605922041145104,1.0,0.002,1.0,0.0021,0.0011309369410357152,2.0709337869176255e-05,2.849961091410002
0.004605922041145104,1.0,0.00251,1.0,0.0006666666666666666,0.0011309369410357152,2.0709337869176255e-05,0.9047495528285721
0.004605922041145104,1.0,0.00316,1.0,6.666666666666667e-05,0.0011309369410357152,2.0709337869176255e-05,0.09047495528285722
0.004605922041145104,1.0,0.00398,1.0,6.666666666666667e-05,0.0011309369410357152,2.0709337869176255e-05,0.09047495528285722
0.004605922041145104,1.0,0.00501,1.0,0.0,0.0011309369410357152,2.0709337869176255e-05,0.0
0.004605922041145104,1.0,0.00631,1.0,0.0,0.0011309369410357152,2.0709337869176255e-05,0.0
0.004824108704165369,1.0,1e-06,1.0,0.0,0.0012406192708297686,2.2717803897267327e-05,0.0
0.004824108704165369,1.0,1.26e-06,1.0,0.0,0.0012406192708297686,2.2717803897267327e-05,0.0
0.004824108704165369,1.0,1.58e-06,1.0,0.0,0.0012406192708297686,2.2717803897267327e-05,0.0
0.004824108704165369,1.0,2e-06,1.0,0.0,0.0012406192708297686,2.2717803897267327e-05,0.0
0.004824108704165369,1.0,2.51e-06,1.0,0.0,0.0012406192708297686,2.2717803897267327e-05,0.0
0.004824108704165369,1.0,3.16e-06,1.0,0.0,0.0012406192708297686,2.2717803897267327e-05,0.0
0.004824108704165369,1.0,3.98e-06,1.0,0.0,0.0012406192708297686,2.2717803897267327e-05,0.0
0.004824108704165369,1.0,5.01e-06,1.0,0.0,0.0012406192708297686,2.2717803897267327e-05,0.0
0.004824108704165369,1.0,6.31e-06,1.0,0.0,0.0012406192708297686,2.2717803897267327e-05,0.0
0.004824108704165369,1.0,7.94e-06,1.0,0.0,0.0012406192708297686,2.2717803897267327e-05,0.0
0.004824108704165369,1.0,1e-05,1.0,0.0,0.0012406192708297686,2.2717803897267327e-05,0.0
0.004824108704165369,1.0,1.26e-05,1.0,0.0,0.0012406192708297686,2.2717803897267327e-05,0.0
0.004824108704165369,1.0,1.58e-05,1.0,0.0,0.0012406192708297686,2.2717803897267327e-05,0.0
0.004824108704165369,1.0,2e-05,1.0,3.3333333333333335e-05,0.0012406192708297686,2.2717803897267327e-05,0.04962477083319075
0.004824108704165369,1.0,2.51e-05,1.0,0.0,0.0012406192708297686,2.2717803897267327e-05,0.0
0.004824108704165369,1.0,3.16e-05,1.0,3.3333333333333335e-05,0.0012406192708297686,2.2717803897267327e-05,0.04962477083319075
0.004824108704165369,1.0,3.98e-05,1.0,0.0,0.0012406192708297686,2.2717803897267327e-05,0.0
0.004824108704165369,1.0,5.01e-05,1.0,0.0001,0.0012406192708297686,2.2717803897267327e-05,0.14887431249957225
0.004824108704165369,1.0,6.31e-05,1.0,0.00016666666666666666,0.0012406192708297686,2.2717803897267327e-05,0.24812385416595376
0.004824108704165369,1.0,7.94e-05,1.0,6.666666666666667e-05,0.0012406192708297686,2.2717803897267327e-05,0.0992495416663815
0.004824108704165369,1.0,0.0001,1.0,0.0002666666666666667,0.0012406192708297686,2.2717803897267327e-05,0.396998166665526
0.004824108704165369,1.0,0.000126,1.0,0.00036666666666666667,0.0012406192708297686,2.2717803897267327e-05,0.5458724791650983
0.004824108704165369,1.0,0.000158,1.0,0.0007,0.0012406192708297686,2.2717803897267327e-05,1.0421201874970059
0.004824108704165369,1.0,0.0002,1.0,0.001,0.0012406192708297686,2.2717803897267327e-05,1.4887431249957226
0.004824108704165369,1.0,0.000251,1.0,0.0014666666666666667,0.0012406192708297686,2.2717803897267327e-05,2.183489916660393
0.004824108704165369,1.0,0.000316,1.0,0.0017333333333333333,0.0012406192708297686,2.2717803897267327e-05,2.580488083325919
0.004824108704165369,1.0,0.000398,1.0,0.003266666666666667,0.0012406192708297686,2.2717803897267327e-05,4.863227541652694
0.004824108704165369,1.0,0.000501,1.0,0.005033333333333333,0.0012406192708297686,2.2717803897267327e-05,7.493340395811803
0.004824108704165369,1.0,0.000631,1.0,0.006166666666666667,0.0012406192708297686,2.2717803897267327e-05,9.18058260414029
0.004824108704165369,1.0,0.000794,1.0,0.008366666666666666,0.0012406192708297686,2.2717803897267327e-05,12.455817479130879
0.004824108704165369,1.0,0.001,1.0,0.007266666666666667,0.0012406192708297686,2.2717803897267327e-05,10.818200041635585
0.004824108704165369,1.0,0.00126,1.0,0.0081,0.0012406192708297686,2.2717803897267327e-05,12.058819312465353
0.004824108704165369,1.0,0.00158,1.0,0.004066666666666666,0.0012406192708297686,2.2717803897267327e-05,6.054222041649271
0.004824108704165369,1.0,0.002,1.0,0.0021,0.0012406192708297686,2.2717803897267327e-05,3.1263605624910173
0.004824108704165369,1.0,0.00251,1.0,0.0006666666666666666,0.0012406192708297686,2.2717803897267327e-05,0.992495416663815
0.004824108704165369,1.0,0.00316,1.0,6.666666666666667e-05,0.0012406192708297686,2.2717803897267327e-05,0.0992495416663815
0.004824108704165369,1.0,0.00398,1.0,6.666666666666667e-05,0.0012406192708297686,2.2717803897267327e-05,0.0992495416663815
0.004824108704165369,1.0,0.00501,1.0,0.0,0.0012406192708297686,2.2717803897267327e-05,0.0
0.004824108704165369,1.0,0.00631,1.0,0.0,0.0012406192708297686,2.2717803897267327e-05,0.0
0.00505263106533568,1.0,1e-06,1.0,0.0,0.0013609387221296717,2.4921053325941618e-05,0.0
0.00505263106533568,1.0,1.26e-06,1.0,0.0,0.0013609387221296717,2.4921053325941618e-05,0.0
0.00505263106533568,1.0,1.58e-06,1.0,0.0,0.0013609387221296717,2.4921053325941618e-05,0.0
0.00505263106533568,1.0,2e-06,1.0,0.0,0.0013609387221296717,2.4921053325941618e-05,0.0
0.00505263106533568,1.0,2.51e-06,1.0,0.0,0.0013609387221296717,2.4921053325941618e-05,0.0
0.00505263106533568,1.0,3.16e-06,1.0,0.0,0.0013609387221296717,2.4921053325941618e-05,0.0
0.00505263106533568,1.0,3.98e-06,1.0,0.0,0.0013609387221296717,2.4921053325941618e-05,0.0
0.00505263106533568,1.0,5.01e-06,1.0,0.0,0.0013609387221296717,2.4921053325941618e-05,0.0
0.00505263106533568,1.0,6.31e-06,1.0,0.0,0.0013609387221296717,2.4921053325941618e-05,0.0
0.00505263106533568,1.0,7.94e-06,1.0,0.0,0.0013609387221296717,2.4921053325941618e-05,0.0
0.00505263106533568,1.0,1e-05,1.0,0.0,0.0013609387221296717,2.4921053325941618e-05,0.0
0.00505263106533568,1.0,1.26e-05,1.0,0.0,0.0013609387221296717,2.4921053325941618e-05,0.0
0.00505263106533568,1.0,1.58e-05,1.0,0.0,0.0013609387221296717,2.4921053325941618e-05,0.0
0.00505263106533568,1.0,2e-05,1.0,3.3333333333333335e-05,0.0013609387221296717,2.4921053325941618e-05,0.05443754888518687
0.00505263106533568,1.0,2.51e-05,1.0,0.0,0.0013609387221296717,2.4921053325941618e-05,0.0
0.00505263106533568,1.0,3.16e-05,1.0,3.3333333333333335e-05,0.0013609387221296717,2.4921053325941618e-05,0.05443754888518687
0.00505263106533568,1.0,3.98e-05,1.0,0.0,0.0013609387221296717,2.4921053325941618e-05,0.0
0.00505263106533568,1.0,5.01e-05,1.0,0.0001,0.0013609387221296717,2.4921053325941618e-05,0.1633126466555606
0.00505263106533568,1.0,6.31e-05,1.0,0.00016666666666666666,0.0013609387221296717,2.4921053325941618e-05,0.27218774442593435
0.00505263106533568,1.0,7.94e-05,1.0,6.666666666666667e-05,0.0013609387221296717,2.4921053325941618e-05,0.10887509777037374
0.00505263106533568,1.0,0.0001,1.0,0.0002666666666666667,0.0013609387221296717,2.4921053325941618e-05,0.43550039108149496
0.00505263106533568,1.0,0.000126,1.0,0.00036666666666666667,0.0013609387221296717,2.4921053325941618e-05,0.5988130377370555
0.00505263106533568,1.0,0.000158,1.0,0.0007,0.0013609387221296717,2.4921053325941618e-05,1.1431885265889243
0.00505263106533568,1.0,0.0002,1.0,0.001,0.0013609387221296717,2.4921053325941618e-05,1.633126466555606
0.00505263106533568,1.0,0.000251,1.0,0.0014666666666666667,0.0013609387221296717,2.4921053325941618e-05,2.395252150948222
0.00505263106533568,1.0,0.000316,1.0,0.0017333333333333333,0.0013609387221296717,2.4921053325941618e-05,2.8307525420297175
0.00505263106533568,1.0,0.000398,1.0,0.003266666666666667,0.0013609387221296717,2.4921053325941618e-05,5.334879790748314
0.00505263106533568,1.0,0.000501,1.0,0.005033333333333333,0.0013609387221296717,2.4921053325941618e-05,8.220069881663218
0.00505263106533568,1.0,0.000631,1.0,0.006166666666666667,0.0013609387221296717,2.4921053325941618e-05,10.070946543759572
0.00505263106533568,1.0,0.000794,1.0,0.008366666666666666,0.0013609387221296717,2.4921053325941618e-05,13.663824770181904
0.00505263106533568,1.0,0.001,1.0,0.007266666666666667,0.0013609387221296717,2.4921053325941618e-05,11.867385656970738
0.00505263106533568,1.0,0.00126,1.0,0.0081,0.0013609387221296717,2.4921053325941618e-05,13.228324379100409
0.00505263106533568,1.0,0.00158,1.0,0.004066666666666666,0.0013609387221296717,2.4921053325941618e-05,6.641380963992798
0.00505263106533568,1.0,0.002,1.0,0.0021,0.0013609387221296717,2.4921053325941618e-05,3.429565579766773
0.00505263106533568,1.0,0.00251,1.0,0.0006666666666666666,0.0013609387221296717,2.4921053325941618e-05,1.0887509777037374
0.00505263106533568,1.0,0.00316,1.0,6.666666666666667e-05,0.0013609387221296717,2.4921053325941618e-05,0.10887509777037374
0.00505263106533568,1.0,0.00398,1.0,6.666666666666667e-05,0.0013609387221296717,2.4921053325941618e-05,0.10887509777037374
0.00505263106533568,1.0,0.00501,1.0,0.0,0.0013609387221296717,2.4921053325941618e-05,0.0
0.00505263106533568,1.0,0.00631,1.0,0.0,0.0013609387221296717,2.4921053325941618e-05,0.0
0.005291978735958442,1.0,1e-06,1.0,0.0,0.0014929268415914386,2.733797549151142e-05,0.0
0.005291978735958442,1.0,1.26e-06,1.0,0.0,0.0014929268415914386,2.733797549151142e-05,0.0
0.005291978735958442,1.0,1.58e-06,1.0,0.0,0.0014929268415914386,2.733797549151142e-05,0.0
0.005291978735958442,1.0,2e-06,1.0,0.0,0.0014929268415914386,2.733797549151142e-05,0.0
0.005291978735958442,1.0,2.51e-06,1.0,0.0,0.0014929268415914386,2.733797549151142e-05,0.0
0.005291978735958442,1.0,3.16e-06,1.0,0.0,0.0014929268415914386,2.733797549151142e-05,0.0
0.005291978735958442,1.0,3.98e-06,1.0,0.0,0.0014929268415914386,2.733797549151142e-05,0.0
0.005291978735958442,1.0,5.01e-06,1.0,0.0,0.0014929268415914386,2.733797549151142e-05,0.0
0.005291978735958442,1.0,6.31e-06,1.0,0.0,0.0014929268415914386,2.733797549151142e-05,0.0
0.005291978735958442,1.0,7.94e-06,1.0,0.0,0.0014929268415914386,2.733797549151142e-05,0.0
0.005291978735958442,1.0,1e-05,1.0,0.0,0.0014929268415914386,2.733797549151142e-05,0.0
0.005291978735958442,1.0,1.26e-05,1.0,0.0,0.0014929268415914386,2.733797549151142e-05,0.0
0.005291978735958442,1.0,1.58e-05,1.0,0.0,0.0014929268415914386,2.733797549151142e-05,0.0
0.005291978735958442,1.0,2e-05,1.0,3.3333333333333335e-05,0.0014929268415914386,2.733797549151142e-05,0.05971707366365754
0.005291978735958442,1.0,2.51e-05,1.0,0.0,0.0014929268415914386,2.733797549151142e-05,0.0
0.005291978735958442,1.0,3.16e-05,1.0,3.3333333333333335e-05,0.0014929268415914386,2.733797549151142e-05,0.05971707366365754
0.005291978735958442,1.0,3.98e-05,1.0,0.0,0.0014929268415914386,2.733797549151142e-05,0.0
0.005291978735958442,1.0,5.01e-05,1.0,0.0001,0.0014929268415914386,2.733797549151142e-05,0.17915122099097264
0.005291978735958442,1.0,6.31e-05,1.0,0.00016666666666666666,0.0014929268415914386,2.733797549151142e-05,0.2985853683182877
0.005291978735958442,1.0,7.94e-05,1.0,6.666666666666667e-05,0.0014929268415914386,2.733797549151142e-05,0.11943414732731508
0.005291978735958442,1.0,0.0001,1.0,0.0002666666666666667,0.0014929268415914386,2.733797549151142e-05,0.47773658930926033
0.005291978735958442,1.0,0.000126,1.0,0.00036666666666666667,0.0014929268415914386,2.733797549151142e-05,0.6568878103002329
0.005291978735958442,1.0,0.000158,1.0,0.0007,0.0014929268415914386,2.733797549151142e-05,1.2540585469368084
0.005291978735958442,1.0,0.0002,1.0,0.001,0.0014929268415914386,2.733797549151142e-05,1.791512209909726
0.005291978735958442,1.0,0.000251,1.0,0.0014666666666666667,0.0014929268415914386,2.733797549151142e-05,2.6275512412009316
0.005291978735958442,1.0,0.000316,1.0,0.0017333333333333333,0.0014929268415914386,2.733797549151142e-05,3.105287830510192
0.005291978735958442,1.0,0.000398,1.0,0.003266666666666667,0.0014929268415914386,2.733797549151142e-05,5.852273219038439
0.005291978735958442,1.0,0.000501,1.0,0.005033333333333333,0.0014929268415914386,2.733797549151142e-05,9.01727812321229
0.005291978735958442,1.0,0.000631,1.0,0.006166666666666667,0.0014929268415914386,2.733797549151142e-05,11.047658627776645
0.005291978735958442,1.0,0.000794,1.0,0.008366666666666666,0.0014929268415914386,2.733797549151142e-05,14.988985489578042
0.005291978735958442,1.0,0.001,1.0,0.007266666666666667,0.0014929268415914386,2.733797549151142e-05,13.018322058677345
0.005291978735958442,1.0,0.00126,1.0,0.0081,0.0014929268415914386,2.733797549151142e-05,14.511248900268782
0.005291978735958442,1.0,0.00158,1.0,0.004066666666666666,0.0014929268415914386,2.733797549151142e-05,7.28548298696622
0.005291978735958442,1.0,0.002,1.0,0.0021,0.0014929268415914386,2.733797549151142e-05,3.7621756408104248
0.005291978735958442,1.0,0.00251,1.0,0.0006666666666666666,0.0014929268415914386,2.733797549151142e-05,1.1943414732731508
0.005291978735958442,1.0,0.00316,1.0,6.666666666666667e-05,0.0014929268415914386,2.733797549151142e-05,0.11943414732731508
0.005291978735958442,1.0,0.00398,1.0,6.666666666666667e-05,0.0014929268415914386,2.733797549151142e-05,0.11943414732731508
0.005291978735958442,1.0,0.00501,1.0,0.0,0.0014929268415914386,2.733797549151142e-05,0.0
0.005291978735958442,1.0,0.00631,1.0,0.0,0.0014929268415914386,2.733797549151142e-05,0.0
0.005542664520663107,1.0,1e-06,1.0,0.0,0.0016377152002876494,2.9989291343850016e-05,0.0
0.005542664520663107,1.0,1.26e-06,1.0,0.0,0.0016377152002876494,2.9989291343850016e-05,0.0
0.005542664520663107,1.0,1.58e-06,1.0,0.0,0.0016377152002876494,2.9989291343850016e-05,0.0
0.005542664520663107,1.0,2e-06,1.0,0.0,0.0016377152002876494,2.9989291343850016e-05,0.0
0.005542664520663107,1.0,2.51e-06,1.0,0.0,0.0016377152002876494,2.9989291343850016e-05,0.0
0.005542664520663107,1.0,3.16e-06,1.0,0.0,0.0016377152002876494,2.9989291343850016e-05,0.0
0.005542664520663107,1.0,3.98e-06,1.0,0.0,0.0016377152002876494,2.9989291343850016e-05,0.0
0.005542664520663107,1.0,5.01e-06,1.0,0.0,0.0016377152002876494,2.9989291343850016e-05,0.0
0.005542664520663107,1.0,6.31e-06,1.0,0.0,0.0016377152002876494,2.9989291343850016e-05,0.0
0.005542664520663107,1.0,7.94e-06,1.0,0.0,0.0016377152002876494,2.9989291343850016e-05,0.0
0.005542664520663107,1.0,1e-05,1.0,0.0,0.0016377152002876494,2.9989291343850016e-05,0.0
0.005542664520663107,1.0,1.26e-05,1.0,0.0,0.0016377152002876494,2.9989291343850016e-05,0.0
0.005542664520663107,1.0,1.58e-05,1.0,0.0,0.0016377152002876494,2.9989291343850016e-05,0.0
0.005542664520663107,1.0,2e-05,1.0,3.3333333333333335e-05,0.0016377152002876494,2.9989291343850016e-05,0.06550860801150599
0.005542664520663107,1.0,2.51e-05,1.0,0.0,0.0016377152002876494,2.9989291343850016e-05,0.0
0.005542664520663107,1.0,3.16e-05,1.0,3.3333333333333335e-05,0.0016377152002876494,2.9989291343850016e-05,0.06550860801150599
0.005542664520663107,1.0,3.98e-05,1.0,0.0,0.0016377152002876494,2.9989291343850016e-05,0.0
0.005542664520663107,1.0,5.01e-05,1.0,0.0001,0.0016377152002876494,2.9989291343850016e-05,0.19652582403451796
0.005542664520663107,1.0,6.31e-05,1.0,0.00016666666666666666,0.0016377152002876494,2.9989291343850016e-05,0.3275430400575299
0.005542664520663107,1.0,7.94e-05,1.0,6.666666666666667e-05,0.0016377152002876494,2.9989291343850016e-05,0.13101721602301197
0.005542664520663107,1.0,0.0001,1.0,0.0002666666666666667,0.0016377152002876494,2.9989291343850016e-05,0.5240688640920479
0.005542664520663107,1.0,0.000126,1.0,0.00036666666666666667,0.0016377152002876494,2.9989291343850016e-05,0.7205946881265658
0.005542664520663107,1.0,0.000158,1.0,0.0007,0.0016377152002876494,2.9989291343850016e-05,1.3756807682416257
0.005542664520663107,1.0,0.0002,1.0,0.001,0.0016377152002876494,2.9989291343850016e-05,1.9652582403451797
0.005542664520663107,1.0,0.000251,1.0,0.0014666666666666667,0.0016377152002876494,2.9989291343850016e-05,2.882378752506263
0.005542664520663107,1.0,0.000316,1.0,0.0017333333333333333,0.0016377152002876494,2.9989291343850016e-05,3.406447616598311
0.005542664520663107,1.0,0.000398,1.0,0.003266666666666667,0.0016377152002876494,2.9989291343850016e-05,6.419843585127587
0.005542664520663107,1.0,0.000501,1.0,0.005033333333333333,0.0016377152002876494,2.9989291343850016e-05,9.891799809737403
0.005542664520663107,1.0,0.000631,1.0,0.006166666666666667,0.0016377152002876494,2.9989291343850016e-05,12.119092482128607
0.005542664520663107,1.0,0.000794,1.0,0.008366666666666666,0.0016377152002876494,2.9989291343850016e-05,16.442660610888
0.005542664520663107,1.0,0.001,1.0,0.007266666666666667,0.0016377152002876494,2.9989291343850016e-05,14.280876546508305
0.005542664520663107,1.0,0.00126,1.0,0.0081,0.0016377152002876494,2.9989291343850016e-05,15.918591746795952
0.005542664520663107,1.0,0.00158,1.0,0.004066666666666666,0.0016377152002876494,2.9989291343850016e-05,7.99205017740373
0.005542664520663107,1.0,0.002,1.0,0.0021,0.0016377152002876494,2.9989291343850016e-05,4.127042304724877
0.005542664520663107,1.0,0.00251,1.0,0.0006666666666666666,0.0016377152002876494,2.9989291343850016e-05,1.3101721602301195
0.005542664520663107,1.0,0.00316,1.0,6.666666666666667e-05,0.0016377152002876494,2.9989291343850016e-05,0.13101721602301197
0.005542664520663107,1.0,0.00398,1.0,6.666666666666667e-05,0.0016377152002876494,2.9989291343850016e-05,0.13101721602301197
0.005542664520663107,1.0,0.00501,1.0,0.0,0.0016377152002876494,2.9989291343850016e-05,0.0
0.005542664520663107,1.0,0.00631,1.0,0.0,0.0016377152002876494,2.9989291343850016e-05,0.0
0.005805225516094896,1.0,1e-06,1.0,0.0,0.0017965450903931262,3.2897731008846846e-05,0.0
0.005805225516094896,1.0,1.26e-06,1.0,0.0,0.0017965450903931262,3.2897731008846846e-05,0.0
0.005805225516094896,1.0,1.58e-06,1.0,0.0,0.0017965450903931262,3.2897731008846846e-05,0.0
0.005805225516094896,1.0,2e-06,1.0,0.0,0.0017965450903931262,3.2897731008846846e-05,0.0
0.005805225516094896,1.0,2.51e-06,1.0,0.0,0.0017965450903931262,3.2897731008846846e-05,0.0
0.005805225516094896,1.0,3.16e-06,1.0,0.0,0.0017965450903931262,3.2897731008846846e-05,0.0
0.005805225516094896,1.0,3.98e-06,1.0,0.0,0.0017965450903931262,3.2897731008846846e-05,0.0
0.005805225516094896,1.0,5.01e-06,1.0,0.0,0.0017965450903931262,3.2897731008846846e-05,0.0
0.005805225516094896,1.0,6.31e-06,1.0,0.0,0.0017965450903931262,3.2897731008846846e-05,0.0
0.005805225516094896,1.0,7.94e-06,1.0,0.0,0.0017965450903931262,3.2897731008846846e-05,0.0
0.005805225516094896,1.0,1e-05,1.0,0.0,0.0017965450903931262,3.2897731008846846e-05,0.0
0.005805225516094896,1.0,1.26e-05,1.0,0.0,0.0017965450903931262,3.2897731008846846e-05,0.0
0.005805225516094896,1.0,1.58e-05,1.0,0.0,0.0017965450903931262,3.2897731008846846e-05,0.0
0.005805225516094896,1.0,2e-05,1.0,3.3333333333333335e-05,0.0017965450903931262,3.2897731008846846e-05,0.07186180361572506
0.005805225516094896,1.0,2.51e-05,1.0,0.0,0.0017965450903931262,3.2897731008846846e-05,0.0
0.005805225516094896,1.0,3.16e-05,1.0,3.3333333333333335e-05,0.0017965450903931262,3.2897731008846846e-05,0.07186180361572506
0.005805225516094896,1.0,3.98e-05,1.0,0.0,0.0017965450903931262,3.2897731008846846e-05,0.0
0.005805225516094896,1.0,5.01e-05,1.0,0.0001,0.0017965450903931262,3.2897731008846846e-05,0.2155854108471752
0.005805225516094896,1.0,6.31e-05,1.0,0.00016666666666666666,0.0017965450903931262,3.2897731008846846e-05,0.35930901807862525
0.005805225516094896,1.0,7.94e-05,1.0,6.666666666666667e-05,0.0017965450903931262,3.2897731008846846e-05,0.1437236072314501
0.005805225516094896,1.0,0.0001,1.0,0.0002666666666666667,0.0017965450903931262,3.2897731008846846e-05,0.5748944289258004
0.005805225516094896,1.0,0.000126,1.0,0.00036666666666666667,0.0017965450903931262,3.2897731008846846e-05,0.7904798397729755
0.005805225516094896,1.0,0.000158,1.0,0.0007,0.0017965450903931262,3.2897731008846846e-05,1.509097875930226
0.005805225516094896,1.0,0.0002,1.0,0.001,0.0017965450903931262,3.2897731008846846e-05,2.1558541084717517
0.005805225516094896,1.0,0.000251,1.0,0.0014666666666666667,0.0017965450903931262,3.2897731008846846e-05,3.161919359091902
0.005805225516094896,1.0,0.000316,1.0,0.0017333333333333333,0.0017965450903931262,3.2897731008846846e-05,3.7368137880177024
0.005805225516094896,1.0,0.000398,1.0,0.003266666666666667,0.0017965450903931262,3.2897731008846846e-05,7.042456754341057
0.005805225516094896,1.0,0.000501,1.0,0.005033333333333333,0.0017965450903931262,3.2897731008846846e-05,10.851132345974484
0.005805225516094896,1.0,0.000631,1.0,0.006166666666666667,0.0017965450903931262,3.2897731008846846e-05,13.294433668909136
0.005805225516094896,1.0,0.000794,1.0,0.008366666666666666,0.0017965450903931262,3.2897731008846846e-05,18.037312707546988
0.005805225516094896,1.0,0.001,1.0,0.007266666666666667,0.0017965450903931262,3.2897731008846846e-05,15.665873188228062
0.005805225516094896,1.0,0.00126,1.0,0.0081,0.0017965450903931262,3.2897731008846846e-05,17.462418278621186
0.005805225516094896,1.0,0.00158,1.0,0.004066666666666666,0.0017965450903931262,3.2897731008846846e-05,8.767140041118456
0.005805225516094896,1.0,0.002,1.0,0.0021,0.0017965450903931262,3.2897731008846846e-05,4.527293627790678
0.005805225516094896,1.0,0.00251,1.0,0.0006666666666666666,0.0017965450903931262,3.2897731008846846e-05,1.437236072314501
0.005805225516094896,1.0,0.00316,1.0,6.666666666666667e-05,0.0017965450903931262,3.2897731008846846e-05,0.1437236072314501
0.005805225516094896,1.0,0.00398,1.0,6.666666666666667e-05,0.0017965450903931262,3.2897731008846846e-05,0.1437236072314501
0.005805225516094896,1.0,0.00501,1.0,0.0,0.0017965450903931262,3.2897731008846846e-05,0.0
0.005805225516094896,1.0,0.00631,1.0,0.0,0.0017965450903931262,3.2897731008846846e-05,0.0
0.006080224261649427,1.0,1e-06,1.0,0.0,0.0019707781614447402,3.608822855602894e-05,0.0
0.006080224261649427,1.0,1.26e-06,1.0,0.0,0.0019707781614447402,3.608822855602894e-05,0.0
0.006080224261649427,1.0,1.58e-06,1.0,0.0,0.0019707781614447402,3.608822855602894e-05,0.0
0.006080224261649427,1.0,2e-06,1.0,0.0,0.0019707781614447402,3.608822855602894e-05,0.0
0.006080224261649427,1.0,2.51e-06,1.0,0.0,0.0019707781614447402,3.608822855602894e-05,0.0
0.006080224261649427,1.0,3.16e-06,1.0,0.0,0.0019707781614447402,3.608822855602894e-05,0.0
0.006080224261649427,1.0,3.98e-06,1.0,0.0,0.0019707781614447402,3.608822855602894e-05,0.0
0.006080224261649427,1.0,5.01e-06,1.0,0.0,0.0019707781614447402,3.608822855602894e-05,0.0
0.006080224261649427,1.0,6.31e-06,1.0,0.0,0.0019707781614447402,3.608822855602894e-05,0.0
0.006080224261649427,1.0,7.94e-06,1.0,0.0,0.0019707781614447402,3.608822855602894e-05,0.0
0.006080224261649427,1.0,1e-05,1.0,0.0,0.0019707781614447402,3.608822855602894e-05,0.0
0.006080224261649427,1.0,1.26e-05,1.0,0.0,0.0019707781614447402,3.608822855602894e-05,0.0
0.006080224261649427,1.0,1.58e-05,1.0,0.0,0.0019707781614447402,3.608822855602894e-05,0.0
0.006080224261649427,1.0,2e-05,1.0,3.3333333333333335e-05,0.0019707781614447402,3.608822855602894e-05,0.07883112645778961
0.006080224261649427,1.0,2.51e-05,1.0,0.0,0.0019707781614447402,3.608822855602894e-05,0.0
0.006080224261649427,1.0,3.16e-05,1.0,3.3333333333333335e-05,0.0019707781614447402,3.608822855602894e-05,0.07883112645778961
0.006080224261649427,1.0,3.98e-05,1.0,0.0,0.0019707781614447402,3.608822855602894e-05,0.0
0.006080224261649427,1.0,5.01e-05,1.0,0.0001,0.0019707781614447402,3.608822855602894e-05,0.2364933793733689
0.006080224261649427,1.0,6.31e-05,1.0,0.00016666666666666666,0.0019707781614447402,3.608822855602894e-05,0.3941556322889481
0.006080224261649427,1.0,7.94e-05,1.0,6.666666666666667e-05,0.0019707781614447402,3.608822855602894e-05,0.15766225291557923
0.006080224261649427,1.0,0.0001,1.0,0.0002666666666666667,0.0019707781614447402,3.608822855602894e-05,0.6306490116623169
0.006080224261649427,1.0,0.000126,1.0,0.00036666666666666667,0.0019707781614447402,3.608822855602894e-05,0.8671423910356858
0.006080224261649427,1.0,0.000158,1.0,0.0007,0.0019707781614447402,3.608822855602894e-05,1.655453655613582
0.006080224261649427,1.0,0.0002,1.0,0.001,0.0019707781614447402,3.608822855602894e-05,2.3649337937336887
0.006080224261649427,1.0,0.000251,1.0,0.0014666666666666667,0.0019707781614447402,3.608822855602894e-05,3.468569564142743
0.006080224261649427,1.0,0.000316,1.0,0.0017333333333333333,0.0019707781614447402,3.608822855602894e-05,4.09921857580506
0.006080224261649427,1.0,0.000398,1.0,0.003266666666666667,0.0019707781614447402,3.608822855602894e-05,7.725450392863383
0.006080224261649427,1.0,0.000501,1.0,0.005033333333333333,0.0019707781614447402,3.608822855602894e-05,11.903500095126233
0.006080224261649427,1.0,0.000631,1.0,0.006166666666666667,0.0019707781614447402,3.608822855602894e-05,14.583758394691081
0.006080224261649427,1.0,0.000794,1.0,0.008366666666666666,0.0019707781614447402,3.608822855602894e-05,19.786612740905195
0.006080224261649427,1.0,0.001,1.0,0.007266666666666667,0.0019707781614447402,3.608822855602894e-05,17.18518556779814
0.006080224261649427,1.0,0.00126,1.0,0.0081,0.0019707781614447402,3.608822855602894e-05,19.155963729242877
0.006080224261649427,1.0,0.00158,1.0,0.004066666666666666,0.0019707781614447402,3.608822855602894e-05,9.617397427850333
0.006080224261649427,1.0,0.002,1.0,0.0021,0.0019707781614447402,3.608822855602894e-05,4.966360966840746
0.006080224261649427,1.0,0.00251,1.0,0.0006666666666666666,0.0019707781614447402,3.608822855602894e-05,1.5766225291557925
0.006080224261649427,1.0,0.00316,1.0,6.666666666666667e-05,0.0019707781614447402,3.608822855602894e-05,0.15766225291557923
0.006080224261649427,1.0,0.00398,1.0,6.666666666666667e-05,0.0019707781614447402,3.608822855602894e-05,0.15766225291557923
0.006080224261649427,1.0,0.00501,1.0,0.0,0.0019707781614447402,3.608822855602894e-05,0.0
0.006080224261649427,1.0,0.00631,1.0,0.0,0.0019707781614447402,3.608822855602894e-05,0.0
0.006368249944718587,1.0,1e-06,1.0,0.0,0.0021619080871243634,3.9588135636776477e-05,0.0
0.006368249944718587,1.0,1.26e-06,1.0,0.0,0.0021619080871243634,3.9588135636776477e-05,0.0
0.006368249944718587,1.0,1.58e-06,1.0,0.0,0.0021619080871243634,3.9588135636776477e-05,0.0
0.006368249944718587,1.0,2e-06,1.0,0.0,0.0021619080871243634,3.9588135636776477e-05,0.0
0.006368249944718587,1.0,2.51e-06,1.0,0.0,0.0021619080871243634,3.9588135636776477e-05,0.0
0.006368249944718587,1.0,3.16e-06,1.0,0.0,0.0021619080871243634,3.9588135636776477e-05,0.0
0.006368249944718587,1.0,3.98e-06,1.0,0.0,0.0021619080871243634,3.9588135636776477e-05,0.0
0.006368249944718587,1.0,5.01e-06,1.0,0.0,0.0021619080871243634,3.9588135636776477e-05,0.0
0.006368249944718587,1.0,6.31e-06,1.0,0.0,0.0021619080871243634,3.9588135636776477e-05,0.0
0.006368249944718587,1.0,7.94e-06,1.0,0.0,0.0021619080871243634,3.9588135636776477e-05,0.0
0.006368249944718587,1.0,1e-05,1.0,0.0,0.0021619080871243634,3.9588135636776477e-05,0.0
0.006368249944718587,1.0,1.26e-05,1.0,0.0,0.0021619080871243634,3.9588135636776477e-05,0.0
0.006368249944718587,1.0,1.58e-05,1.0,0.0,0.0021619080871243634,3.9588135636776477e-05,0.0
0.006368249944718587,1.0,2e-05,1.0,3.3333333333333335e-05,0.0021619080871243634,3.9588135636776477e-05,0.08647632348497455
0.006368249944718587,1.0,2.51e-05,1.0,0.0,0.0021619080871243634,3.9588135636776477e-05,0.0
0.006368249944718587,1.0,3.16e-05,1.0,3.3333333333333335e-05,0.0021619080871243634,3.9588135636776477e-05,0.08647632348497455
0.006368249944718587,1.0,3.98e-05,1.0,0.0,0.0021619080871243634,3.9588135636776477e-05,0.0
0.006368249944718587,1.0,5.01e-05,1.0,0.0001,0.0021619080871243634,3.9588135636776477e-05,0.25942897045492364
0.006368249944718587,1.0,6.31e-05,1.0,0.00016666666666666666,0.0021619080871243634,3.9588135636776477e-05,0.4323816174248727
0.006368249944718587,1.0,7.94e-05,1.0,6.666666666666667e-05,0.0021619080871243634,3.9588135636776477e-05,0.1729526469699491
0.006368249944718587,1.0,0.0001,1.0,0.0002666666666666667,0.0021619080871243634,3.9588135636776477e-05,0.6918105878797964
0.006368249944718587,1.0,0.000126,1.0,0.00036666666666666667,0.0021619080871243634,3.9588135636776477e-05,0.95123955833472
0.006368249944718587,1.0,0.000158,1.0,0.0007,0.0021619080871243634,3.9588135636776477e-05,1.8160027931844653
0.006368249944718587,1.0,0.0002,1.0,0.001,0.0021619080871243634,3.9588135636776477e-05,2.5942897045492366
0.006368249944718587,1.0,0.000251,1.0,0.0014666666666666667,0.0021619080871243634,3.9588135636776477e-05,3.80495823333888
0.006368249944718587,1.0,0.000316,1.0,0.0017333333333333333,0.0021619080871243634,3.9588135636776477e-05,4.496768821218676
0.006368249944718587,1.0,0.000398,1.0,0.003266666666666667,0.0021619080871243634,3.9588135636776477e-05,8.474679701527505
0.006368249944718587,1.0,0.000501,1.0,0.005033333333333333,0.0021619080871243634,3.9588135636776477e-05,13.057924846231154
0.006368249944718587,1.0,0.000631,1.0,0.006166666666666667,0.0021619080871243634,3.9588135636776477e-05,15.998119844720291
0.006368249944718587,1.0,0.000794,1.0,0.008366666666666666,0.0021619080871243634,3.9588135636776477e-05,21.705557194728613
0.006368249944718587,1.0,0.001,1.0,0.007266666666666667,0.0021619080871243634,3.9588135636776477e-05,18.85183851972445
0.006368249944718587,1.0,0.00126,1.0,0.0081,0.0021619080871243634,3.9588135636776477e-05,21.013746606848812
0.006368249944718587,1.0,0.00158,1.0,0.004066666666666666,0.0021619080871243634,3.9588135636776477e-05,10.550111465166893
0.006368249944718587,1.0,0.002,1.0,0.0021,0.0021619080871243634,3.9588135636776477e-05,5.4480083795533965
0.006368249944718587,1.0,0.00251,1.0,0.0006666666666666666,0.0021619080871243634,3.9588135636776477e-05,1.7295264696994908
0.006368249944718587,1.0,0.00316,1.0,6.666666666666667e-05,0.0021619080871243634,3.9588135636776477e-05,0.1729526469699491
0.006368249944718587,1.0,0.00398,1.0,6.666666666666667e-05,0.0021619080871243634,3.9588135636776477e-05,0.1729526469699491
0.006368249944718587,1.0,0.00501,1.0,0.0,0.0021619080871243634,3.9588135636776477e-05,0.0
0.006368249944718587,1.0,0.00631,1.0,0.0,0.0021619080871243634,3.9588135636776477e-05,0.0
0.006669919663030122,1.0,1e-06,1.0,0.0,0.002371573362299209,4.34274558194325e-05,0.0
0.006669919663030122,1.0,1.26e-06,1.0,0.0,0.002371573362299209,4.34274558194325e-05,0.0
0.006669919663030122,1.0,1.58e-06,1.0,0.0,0.002371573362299209,4.34274558194325e-05,0.0
0.006669919663030122,1.0,2e-06,1.0,0.0,0.002371573362299209,4.34274558194325e-05,0.0
0.006669919663030122,1.0,2.51e-06,1.0,0.0,0.002371573362299209,4.34274558194325e-05,0.0
0.006669919663030122,1.0,3.16e-06,1.0,0.0,0.002371573362299209,4.34274558194325e-05,0.0
0.006669919663030122,1.0,3.98e-06,1.0,0.0,0.002371573362299209,4.34274558194325e-05,0.0
0.006669919663030122,1.0,5.01e-06,1.0,0.0,0.002371573362299209,4.34274558194325e-05,0.0
0.006669919663030122,1.0,6.31e-06,1.0,0.0,0.002371573362299209,4.34274558194325e-05,0.0
0.006669919663030122,1.0,7.94e-06,1.0,0.0,0.002371573362299209,4.34274558194325e-05,0.0
0.006669919663030122,1.0,1e-05,1.0,0.0,0.002371573362299209,4.34274558194325e-05,0.0
0.006669919663030122,1.0,1.26e-05,1.0,0.0,0.002371573362299209,4.34274558194325e-05,0.0
0.006669919663030122,1.0,1.58e-05,1.0,0.0,0.002371573362299209,4.34274558194325e-05,0.0
0.006669919663030122,1.0,2e-05,1.0,3.3333333333333335e-05,0.002371573362299209,4.34274558194325e-05,0.09486293449196836
0.006669919663030122,1.0,2.51e-05,1.0,0.0,0.002371573362299209,4.34274558194325e-05,0.0
0.006669919663030122,1.0,3.16e-05,1.0,3.3333333333333335e-05,0.002371573362299209,4.34274558194325e-05,0.09486293449196836
0.006669919663030122,1.0,3.98e-05,1.0,0.0,0.002371573362299209,4.34274558194325e-05,0.0
0.006669919663030122,1.0,5.01e-05,1.0,0.0001,0.002371573362299209,4.34274558194325e-05,0.2845888034759051
0.006669919663030122,1.0,6.31e-05,1.0,0.00016666666666666666,0.002371573362299209,4.34274558194325e-05,0.4743146724598418
0.006669919663030122,1.0,7.94e-05,1.0,6.666666666666667e-05,0.002371573362299209,4.34274558194325e-05,0.18972586898393673
0.006669919663030122,1.0,0.0001,1.0,0.0002666666666666667,0.002371573362299209,4.34274558194325e-05,0.7589034759357469
0.006669919663030122,1.0,0.000126,1.0,0.00036666666666666667,0.002371573362299209,4.34274558194325e-05,1.0434922794116521
0.006669919663030122,1.0,0.000158,1.0,0.0007,0.002371573362299209,4.34274558194325e-05,1.9921216243313358
0.006669919663030122,1.0,0.0002,1.0,0.001,0.002371573362299209,4.34274558194325e-05,2.845888034759051
0.006669919663030122,1.0,0.000251,1.0,0.0014666666666666667,0.002371573362299209,4.34274558194325e-05,4.1739691176466085
0.006669919663030122,1.0,0.000316,1.0,0.0017333333333333333,0.002371573362299209,4.34274558194325e-05,4.9328725935823545
0.006669919663030122,1.0,0.000398,1.0,0.003266666666666667,0.002371573362299209,4.34274558194325e-05,9.2965675802129
0.006669919663030122,1.0,0.000501,1.0,0.005033333333333333,0.002371573362299209,4.34274558194325e-05,14.324303108287223
0.006669919663030122,1.0,0.000631,1.0,0.006166666666666667,0.002371573362299209,4.34274558194325e-05,17.549642881014147
0.006669919663030122,1.0,0.000794,1.0,0.008366666666666666,0.002371573362299209,4.34274558194325e-05,23.81059655748406
0.006669919663030122,1.0,0.001,1.0,0.007266666666666667,0.002371573362299209,4.34274558194325e-05,20.680119719249106
0.006669919663030122,1.0,0.00126,1.0,0.0081,0.002371573362299209,4.34274558194325e-05,23.05169308154831
0.006669919663030122,1.0,0.00158,1.0,0.004066666666666666,0.002371573362299209,4.34274558194325e-05,11.57327800802014
0.006669919663030122,1.0,0.002,1.0,0.0021,0.002371573362299209,4.34274558194325e-05,5.976364872994007
0.006669919663030122,1.0,0.00251,1.0,0.0006666666666666666,0.002371573362299209,4.34274558194325e-05,1.8972586898393673
0.006669919663030122,1.0,0.00316,1.0,6.666666666666667e-05,0.002371573362299209,4.34274558194325e-05,0.18972586898393673
0.006669919663030122,1.0,0.00398,1.0,6.666666666666667e-05,0.002371573362299209,4.34274558194325e-05,0.18972586898393673
0.006669919663030122,1.0,0.00501,1.0,0.0,0.002371573362299209,4.34274558194325e-05,0.0
0.006669919663030122,1.0,0.00631,1.0,0.0,0.002371573362299209,4.34274558194325e-05,0.0
0.0069858797467852495,1.0,1e-06,1.0,0.0,0.0026015713396831024,4.763910162393522e-05,0.0
0.0069858797467852495,1.0,1.26e-06,1.0,0.0,0.0026015713396831024,4.763910162393522e-05,0.0
0.0069858797467852495,1.0,1.58e-06,1.0,0.0,0.0026015713396831024,4.763910162393522e-05,0.0
0.0069858797467852495,1.0,2e-06,1.0,0.0,0.0026015713396831024,4.763910162393522e-05,0.0
0.0069858797467852495,1.0,2.51e-06,1.0,0.0,0.0026015713396831024,4.763910162393522e-05,0.0
0.0069858797467852495,1.0,3.16e-06,1.0,0.0,0.0026015713396831024,4.763910162393522e-05,0.0
0.0069858797467852495,1.0,3.98e-06,1.0,0.0,0.0026015713396831024,4.763910162393522e-05,0.0
0.0069858797467852495,1.0,5.01e-06,1.0,0.0,0.0026015713396831024,4.763910162393522e-05,0.0
0.0069858797467852495,1.0,6.31e-06,1.0,0.0,0.0026015713396831024,4.763910162393522e-05,0.0
0.0069858797467852495,1.0,7.94e-06,1.0,0.0,0.0026015713396831024,4.763910162393522e-05,0.0
0.0069858797467852495,1.0,1e-05,1.0,0.0,0.0026015713396831024,4.763910162393522e-05,0.0
0.0069858797467852495,1.0,1.26e-05,1.0,0.0,0.0026015713396831024,4.763910162393522e-05,0.0
0.0069858797467852495,1.0,1.58e-05,1.0,0.0,0.0026015713396831024,4.763910162393522e-05,0.0
0.0069858797467852495,1.0,2e-05,1.0,3.3333333333333335e-05,0.0026015713396831024,4.763910162393522e-05,0.1040628535873241
0.0069858797467852495,1.0,2.51e-05,1.0,0.0,0.0026015713396831024,4.763910162393522e-05,0.0
0.0069858797467852495,1.0,3.16e-05,1.0,3.3333333333333335e-05,0.0026015713396831024,4.763910162393522e-05,0.1040628535873241
0.0069858797467852495,1.0,3.98e-05,1.0,0.0,0.0026015713396831024,4.763910162393522e-05,0.0
0.0069858797467852495,1.0,5.01e-05,1.0,0.0001,0.0026015713396831024,4.763910162393522e-05,0.3121885607619723
0.0069858797467852495,1.0,6.31e-05,1.0,0.00016666666666666666,0.0026015713396831024,4.763910162393522e-05,0.5203142679366205
0.0069858797467852495,1.0,7.94e-05,1.0,6.666666666666667e-05,0.0026015713396831024,4.763910162393522e-05,0.2081257071746482
0.0069858797467852495,1.0,0.0001,1.0,0.0002666666666666667,0.0026015713396831024,4.763910162393522e-05,0.8325028286985928
0.0069858797467852495,1.0,0.000126,1.0,0.00036666666666666667,0.0026015713396831024,4.763910162393522e-05,1.144691389460565
0.0069858797467852495,1.0,0.000158,1.0,0.0007,0.0026015713396831024,4.763910162393522e-05,2.1853199253338063
0.0069858797467852495,1.0,0.0002,1.0,0.001,0.0026015713396831024,4.763910162393522e-05,3.1218856076197232
0.0069858797467852495,1.0,0.000251,1.0,0.0014666666666666667,0.0026015713396831024,4.763910162393522e-05,4.57876555784226
0.0069858797467852495,1.0,0.000316,1.0,0.0017333333333333333,0.0026015713396831024,4.763910162393522e-05,5.411268386540853
0.0069858797467852495,1.0,0.000398,1.0,0.003266666666666667,0.0026015713396831024,4.763910162393522e-05,10.198159651557763
0.0069858797467852495,1.0,0.000501,1.0,0.005033333333333333,0.0026015713396831024,4.763910162393522e-05,15.71349089168594
0.0069858797467852495,1.0,0.000631,1.0,0.006166666666666667,0.0026015713396831024,4.763910162393522e-05,19.251627913654957
0.0069858797467852495,1.0,0.000794,1.0,0.008366666666666666,0.0026015713396831024,4.763910162393522e-05,26.119776250418347
0.0069858797467852495,1.0,0.001,1.0,0.007266666666666667,0.0026015713396831024,4.763910162393522e-05,22.685702082036656
0.0069858797467852495,1.0,0.00126,1.0,0.0081,0.0026015713396831024,4.763910162393522e-05,25.287273421719757
0.0069858797467852495,1.0,0.00158,1.0,0.004066666666666666,0.0026015713396831024,4.763910162393522e-05,12.69566813765354
0.0069858797467852495,1.0,0.002,1.0,0.0021,0.0026015713396831024,4.763910162393522e-05,6.555959776001417
0.0069858797467852495,1.0,0.00251,1.0,0.0006666666666666666,0.0026015713396831024,4.763910162393522e-05,2.081257071746482
0.0069858797467852495,1.0,0.00316,1.0,6.666666666666667e-05,0.0026015713396831024,4.763910162393522e-05,0.2081257071746482
0.0069858797467852495,1.0,0.00398,1.0,6.666666666666667e-05,0.0026015713396831024,4.763910162393522e-05,0.2081257071746482
0.0069858797467852495,1.0,0.00501,1.0,0.0,0.0026015713396831024,4.763910162393522e-05,0.0
0.0069858797467852495,1.0,0.00631,1.0,0.0,0.0026015713396831024,4.763910162393522e-05,0.0
0.007316807143427192,1.0,1e-06,1.0,0.0,0.0028538736260374396,5.225917645188499e-05,0.0
0.007316807143427192,1.0,1.26e-06,1.0,0.0,0.0028538736260374396,5.225917645188499e-05,0.0
0.007316807143427192,1.0,1.58e-06,1.0,0.0,0.0028538736260374396,5.225917645188499e-05,0.0
0.007316807143427192,1.0,2e-06,1.0,0.0,0.0028538736260374396,5.225917645188499e-05,0.0
0.007316807143427192,1.0,2.51e-06,1.0,0.0,0.0028538736260374396,5.225917645188499e-05,0.0
0.007316807143427192,1.0,3.16e-06,1.0,0.0,0.0028538736260374396,5.225917645188499e-05,0.0
0.007316807143427192,1.0,3.98e-06,1.0,0.0,0.0028538736260374396,5.225917645188499e-05,0.0
0.007316807143427192,1.0,5.01e-06,1.0,0.0,0.0028538736260374396,5.225917645188499e-05,0.0
0.007316807143427192,1.0,6.31e-06,1.0,0.0,0.0028538736260374396,5.225917645188499e-05,0.0
0.007316807143427192,1.0,7.94e-06,1.0,0.0,0.0028538736260374396,5.225917645188499e-05,0.0
0.007316807143427192,1.0,1e-05,1.0,0.0,0.0028538736260374396,5.225917645188499e-05,0.0
0.007316807143427192,1.0,1.26e-05,1.0,0.0,0.0028538736260374396,5.225917645188499e-05,0.0
0.007316807143427192,1.0,1.58e-05,1.0,0.0,0.0028538736260374396,5.225917645188499e-05,0.0
0.007316807143427192,1.0,2e-05,1.0,3.3333333333333335e-05,0.0028538736260374396,5.225917645188499e-05,0.11415494504149759
0.007316807143427192,1.0,2.51e-05,1.0,0.0,0.0028538736260374396,5.225917645188499e-05,0.0
0.007316807143427192,1.0,3.16e-05,1.0,3.3333333333333335e-05,0.0028538736260374396,5.225917645188499e-05,0.11415494504149759
0.007316807143427192,1.0,3.98e-05,1.0,0.0,0.0028538736260374396,5.225917645188499e-05,0.0
0.007316807143427192,1.0,5.01e-05,1.0,0.0001,0.0028538736260374396,5.225917645188499e-05,0.3424648351244928
0.007316807143427192,1.0,6.31e-05,1.0,0.00016666666666666666,0.0028538736260374396,5.225917645188499e-05,0.5707747252074878
0.007316807143427192,1.0,7.94e-05,1.0,6.666666666666667e-05,0.0028538736260374396,5.225917645188499e-05,0.22830989008299518
0.007316807143427192,1.0,0.0001,1.0,0.0002666666666666667,0.0028538736260374396,5.225917645188499e-05,0.9132395603319807
0.007316807143427192,1.0,0.000126,1.0,0.00036666666666666667,0.0028538736260374396,5.225917645188499e-05,1.2557043954564735
0.007316807143427192,1.0,0.000158,1.0,0.0007,0.0028538736260374396,5.225917645188499e-05,2.3972538458714494
0.007316807143427192,1.0,0.0002,1.0,0.001,0.0028538736260374396,5.225917645188499e-05,3.4246483512449277
0.007316807143427192,1.0,0.000251,1.0,0.0014666666666666667,0.0028538736260374396,5.225917645188499e-05,5.022817581825894
0.007316807143427192,1.0,0.000316,1.0,0.0017333333333333333,0.0028538736260374396,5.225917645188499e-05,5.936057142157875
0.007316807143427192,1.0,0.000398,1.0,0.003266666666666667,0.0028538736260374396,5.225917645188499e-05,11.187184614066766
0.007316807143427192,1.0,0.000501,1.0,0.005033333333333333,0.0028538736260374396,5.225917645188499e-05,17.237396701266135
0.007316807143427192,1.0,0.000631,1.0,0.006166666666666667,0.0028538736260374396,5.225917645188499e-05,21.118664832677055
0.007316807143427192,1.0,0.000794,1.0,0.008366666666666666,0.0028538736260374396,5.225917645188499e-05,28.652891205415894
0.007316807143427192,1.0,0.001,1.0,0.007266666666666667,0.0028538736260374396,5.225917645188499e-05,24.885778019046477
0.007316807143427192,1.0,0.00126,1.0,0.0081,0.0028538736260374396,5.225917645188499e-05,27.73965164508391
0.007316807143427192,1.0,0.00158,1.0,0.004066666666666666,0.0028538736260374396,5.225917645188499e-05,13.926903295062704
0.007316807143427192,1.0,0.002,1.0,0.0021,0.0028538736260374396,5.225917645188499e-05,7.191761537614347
0.007316807143427192,1.0,0.00251,1.0,0.0006666666666666666,0.0028538736260374396,5.225917645188499e-05,2.2830989008299514
0.007316807143427192,1.0,0.00316,1.0,6.666666666666667e-05,0.0028538736260374396,5.225917645188499e-05,0.22830989008299518
0.007316807143427192,1.0,0.00398,1.0,6.666666666666667e-05,0.0028538736260374396,5.225917645188499e-05,0.22830989008299518
0.007316807143427192,1.0,0.00501,1.0,0.0,0.0028538736260374396,5.225917645188499e-05,0.0
0.007316807143427192,1.0,0.00631,1.0,0.0,0.0028538736260374396,5.225917645188499e-05,0.0
0.007663410868007463,1.0,1e-06,1.0,0.0,0.0031306429693983874,5.732728381978369e-05,0.0
0.007663410868007463,1.0,1.26e-06,1.0,0.0,0.0031306429693983874,5.732728381978369e-05,0.0
0.007663410868007463,1.0,1.58e-06,1.0,0.0,0.0031306429693983874,5.732728381978369e-05,0.0
0.007663410868007463,1.0,2e-06,1.0,0.0,0.0031306429693983874,5.732728381978369e-05,0.0
0.007663410868007463,1.0,2.51e-06,1.0,0.0,0.0031306429693983874,5.732728381978369e-05,0.0
0.007663410868007463,1.0,3.16e-06,1.0,0.0,0.0031306429693983874,5.732728381978369e-05,0.0
0.007663410868007463,1.0,3.98e-06,1.0,0.0,0.0031306429693983874,5.732728381978369e-05,0.0
0.007663410868007463,1.0,5.01e-06,1.0,0.0,0.0031306429693983874,5.732728381978369e-05,0.0
0.007663410868007463,1.0,6.31e-06,1.0,0.0,0.0031306429693983874,5.732728381978369e-05,0.0
0.007663410868007463,1.0,7.94e-06,1.0,0.0,0.0031306429693983874,5.732728381978369e-05,0.0
0.007663410868007463,1.0,1e-05,1.0,0.0,0.0031306429693983874,5.732728381978369e-05,0.0
0.007663410868007463,1.0,1.26e-05,1.0,0.0,0.0031306429693983874,5.732728381978369e-05,0.0
0.007663410868007463,1.0,1.58e-05,1.0,0.0,0.0031306429693983874,5.732728381978369e-05,0.0
0.007663410868007463,1.0,2e-05,1.0,3.3333333333333335e-05,0.0031306429693983874,5.732728381978369e-05,0.12522571877593552
0.007663410868007463,1.0,2.51e-05,1.0,0.0,0.0031306429693983874,5.732728381978369e-05,0.0
0.007663410868007463,1.0,3.16e-05,1.0,3.3333333333333335e-05,0.0031306429693983874,5.732728381978369e-05,0.12522571877593552
0.007663410868007463,1.0,3.98e-05,1.0,0.0,0.0031306429693983874,5.732728381978369e-05,0.0
0.007663410868007463,1.0,5.01e-05,1.0,0.0001,0.0031306429693983874,5.732728381978369e-05,0.3756771563278065
0.007663410868007463,1.0,6.31e-05,1.0,0.00016666666666666666,0.0031306429693983874,5.732728381978369e-05,0.6261285938796776
0.007663410868007463,1.0,7.94e-05,1.0,6.666666666666667e-05,0.0031306429693983874,5.732728381978369e-05,0.25045143755187105
0.007663410868007463,1.0,0.0001,1.0,0.0002666666666666667,0.0031306429693983874,5.732728381978369e-05,1.0018057502074842
0.007663410868007463,1.0,0.000126,1.0,0.00036666666666666667,0.0031306429693983874,5.732728381978369e-05,1.3774829065352907
0.007663410868007463,1.0,0.000158,1.0,0.0007,0.0031306429693983874,5.732728381978369e-05,2.629740094294646
0.007663410868007463,1.0,0.0002,1.0,0.001,0.0031306429693983874,5.732728381978369e-05,3.7567715632780656
0.007663410868007463,1.0,0.000251,1.0,0.0014666666666666667,0.0031306429693983874,5.732728381978369e-05,5.509931626141163
0.007663410868007463,1.0,0.000316,1.0,0.0017333333333333333,0.0031306429693983874,5.732728381978369e-05,6.511737376348646
0.007663410868007463,1.0,0.000398,1.0,0.003266666666666667,0.0031306429693983874,5.732728381978369e-05,12.27212044004168
0.007663410868007463,1.0,0.000501,1.0,0.005033333333333333,0.0031306429693983874,5.732728381978369e-05,18.90908353516626
0.007663410868007463,1.0,0.000631,1.0,0.006166666666666667,0.0031306429693983874,5.732728381978369e-05,23.16675797354807
0.007663410868007463,1.0,0.000794,1.0,0.008366666666666666,0.0031306429693983874,5.732728381978369e-05,31.431655412759813
0.007663410868007463,1.0,0.001,1.0,0.007266666666666667,0.0031306429693983874,5.732728381978369e-05,27.29920669315394
0.007663410868007463,1.0,0.00126,1.0,0.0081,0.0031306429693983874,5.732728381978369e-05,30.42984966255233
0.007663410868007463,1.0,0.00158,1.0,0.004066666666666666,0.0031306429693983874,5.732728381978369e-05,15.277537690664131
0.007663410868007463,1.0,0.002,1.0,0.0021,0.0031306429693983874,5.732728381978369e-05,7.889220282883937
0.007663410868007463,1.0,0.00251,1.0,0.0006666666666666666,0.0031306429693983874,5.732728381978369e-05,2.5045143755187103
0.007663410868007463,1.0,0.00316,1.0,6.666666666666667e-05,0.0031306429693983874,5.732728381978369e-05,0.25045143755187105
0.007663410868007463,1.0,0.00398,1.0,6.666666666666667e-05,0.0031306429693983874,5.732728381978369e-05,0.25045143755187105
0.007663410868007463,1.0,0.00501,1.0,0.0,0.0031306429693983874,5.732728381978369e-05,0.0
0.007663410868007463,1.0,0.00631,1.0,0.0,0.0031306429693983874,5.732728381978369e-05,0.0
0.008026433522257174,1.0,1e-06,1.0,0.0,0.003434251781494045,6.288686653532403e-05,0.0
0.008026433522257174,1.0,1.26e-06,1.0,0.0,0.003434251781494045,6.288686653532403e-05,0.0
0.008026433522257174,1.0,1.58e-06,1.0,0.0,0.003434251781494045,6.288686653532403e-05,0.0
0.008026433522257174,1.0,2e-06,1.0,0.0,0.003434251781494045,6.288686653532403e-05,0.0
0.008026433522257174,1.0,2.51e-06,1.0,0.0,0.003434251781494045,6.288686653532403e-05,0.0
0.008026433522257174,1.0,3.16e-06,1.0,0.0,0.003434251781494045,6.288686653532403e-05,0.0
0.008026433522257174,1.0,3.98e-06,1.0,0.0,0.003434251781494045,6.288686653532403e-05,0.0
0.008026433522257174,1.0,5.01e-06,1.0,0.0,0.003434251781494045,6.288686653532403e-05,0.0
0.008026433522257174,1.0,6.31e-06,1.0,0.0,0.003434251781494045,6.288686653532403e-05,0.0
0.008026433522257174,1.0,7.94e-06,1.0,0.0,0.003434251781494045,6.288686653532403e-05,0.0
0.008026433522257174,1.0,1e-05,1.0,0.0,0.003434251781494045,6.288686653532403e-05,0.0
0.008026433522257174,1.0,1.26e-05,1.0,0.0,0.003434251781494045,6.288686653532403e-05,0.0
0.008026433522257174,1.0,1.58e-05,1.0,0.0,0.003434251781494045,6.288686653532403e-05,0.0
0.008026433522257174,1.0,2e-05,1.0,3.3333333333333335e-05,0.003434251781494045,6.288686653532403e-05,0.13737007125976183
0.008026433522257174,1.0,2.51e-05,1.0,0.0,0.003434251781494045,6.288686653532403e-05,0.0
0.008026433522257174,1.0,3.16e-05,1.0,3.3333333333333335e-05,0.003434251781494045,6.288686653532403e-05,0.13737007125976183
0.008026433522257174,1.0,3.98e-05,1.0,0.0,0.003434251781494045,6.288686653532403e-05,0.0
0.008026433522257174,1.0,5.01e-05,1.0,0.0001,0.003434251781494045,6.288686653532403e-05,0.4121102137792854
0.008026433522257174,1.0,6.31e-05,1.0,0.00016666666666666666,0.003434251781494045,6.288686653532403e-05,0.686850356298809
0.008026433522257174,1.0,7.94e-05,1.0,6.666666666666667e-05,0.003434251781494045,6.288686653532403e-05,0.27474014251952367
0.008026433522257174,1.0,0.0001,1.0,0.0002666666666666667,0.003434251781494045,6.288686653532403e-05,1.0989605700780947
0.008026433522257174,1.0,0.000126,1.0,0.00036666666666666667,0.003434251781494045,6.288686653532403e-05,1.51107078385738
0.008026433522257174,1.0,0.000158,1.0,0.0007,0.003434251781494045,6.288686653532403e-05,2.884771496454998
0.008026433522257174,1.0,0.0002,1.0,0.001,0.003434251781494045,6.288686653532403e-05,4.121102137792854
0.008026433522257174,1.0,0.000251,1.0,0.0014666666666666667,0.003434251781494045,6.288686653532403e-05,6.04428313542952
0.008026433522257174,1.0,0.000316,1.0,0.0017333333333333333,0.003434251781494045,6.288686653532403e-05,7.143243705507614
0.008026433522257174,1.0,0.000398,1.0,0.003266666666666667,0.003434251781494045,6.288686653532403e-05,13.462266983456658
0.008026433522257174,1.0,0.000501,1.0,0.005033333333333333,0.003434251781494045,6.288686653532403e-05,20.742880760224033
0.008026433522257174,1.0,0.000631,1.0,0.006166666666666667,0.003434251781494045,6.288686653532403e-05,25.413463183055935
0.008026433522257174,1.0,0.000794,1.0,0.008366666666666666,0.003434251781494045,6.288686653532403e-05,34.47988788620021
0.008026433522257174,1.0,0.001,1.0,0.007266666666666667,0.003434251781494045,6.288686653532403e-05,29.946675534628078
0.008026433522257174,1.0,0.00126,1.0,0.0081,0.003434251781494045,6.288686653532403e-05,33.38092731612212
0.008026433522257174,1.0,0.00158,1.0,0.004066666666666666,0.003434251781494045,6.288686653532403e-05,16.75914869369094
0.008026433522257174,1.0,0.002,1.0,0.0021,0.003434251781494045,6.288686653532403e-05,8.654314489364992
0.008026433522257174,1.0,0.00251,1.0,0.0006666666666666666,0.003434251781494045,6.288686653532403e-05,2.747401425195236
0.008026433522257174,1.0,0.00316,1.0,6.666666666666667e-05,0.003434251781494045,6.288686653532403e-05,0.27474014251952367
0.008026433522257174,1.0,0.00398,1.0,6.666666666666667e-05,0.003434251781494045,6.288686653532403e-05,0.27474014251952367
0.008026433522257174,1.0,0.00501,1.0,0.0,0.003434251781494045,6.288686653532403e-05,0.0
0.008026433522257174,1.0,0.00631,1.0,0.0,0.003434251781494045,6.288686653532403e-05,0.0
0.008406652885618326,1.0,1e-06,1.0,0.0,0.0037673024534071444,6.898557871098964e-05,0.0
0.008406652885618326,1.0,1.26e-06,1.0,0.0,0.0037673024534071444,6.898557871098964e-05,0.0
0.008406652885618326,1.0,1.58e-06,1.0,0.0,0.0037673024534071444,6.898557871098964e-05,0.0
0.008406652885618326,1.0,2e-06,1.0,0.0,0.0037673024534071444,6.898557871098964e-05,0.0
0.008406652885618326,1.0,2.51e-06,1.0,0.0,0.0037673024534071444,6.898557871098964e-05,0.0
0.008406652885618326,1.0,3.16e-06,1.0,0.0,0.0037673024534071444,6.898557871098964e-05,0.0
0.008406652885618326,1.0,3.98e-06,1.0,0.0,0.0037673024534071444,6.898557871098964e-05,0.0
0.008406652885618326,1.0,5.01e-06,1.0,0.0,0.0037673024534071444,6.898557871098964e-05,0.0
0.008406652885618326,1.0,6.31e-06,1.0,0.0,0.0037673024534071444,6.898557871098964e-05,0.0
0.008406652885618326,1.0,7.94e-06,1.0,0.0,0.0037673024534071444,6.898557871098964e-05,0.0
0.008406652885618326,1.0,1e-05,1.0,0.0,0.0037673024534071444,6.898557871098964e-05,0.0
0.008406652885618326,1.0,1.26e-05,1.0,0.0,0.0037673024534071444,6.898557871098964e-05,0.0
0.008406652885618326,1.0,1.58e-05,1.0,0.0,0.0037673024534071444,6.898557871098964e-05,0.0
0.008406652885618326,1.0,2e-05,1.0,3.3333333333333335e-05,0.0037673024534071444,6.898557871098964e-05,0.1506920981362858
0.008406652885618326,1.0,2.51e-05,1.0,0.0,0.0037673024534071444,6.898557871098964e-05,0.0
0.008406652885618326,1.0,3.16e-05,1.0,3.3333333333333335e-05,0.0037673024534071444,6.898557871098964e-05,0.1506920981362858
0.008406652885618326,1.0,3.98e-05,1.0,0.0,0.0037673024534071444,6.898557871098964e-05,0.0
0.008406652885618326,1.0,5.01e-05,1.0,0.0001,0.0037673024534071444,6.898557871098964e-05,0.45207629440885744
0.008406652885618326,1.0,6.31e-05,1.0,0.00016666666666666666,0.0037673024534071444,6.898557871098964e-05,0.753460490681429
0.008406652885618326,1.0,7.94e-05,1.0,6.666666666666667e-05,0.0037673024534071444,6.898557871098964e-05,0.3013841962725716
0.008406652885618326,1.0,0.0001,1.0,0.0002666666666666667,0.0037673024534071444,6.898557871098964e-05,1.2055367850902865
0.008406652885618326,1.0,0.000126,1.0,0.00036666666666666667,0.0037673024534071444,6.898557871098964e-05,1.6576130794991437
0.008406652885618326,1.0,0.000158,1.0,0.0007,0.0037673024534071444,6.898557871098964e-05,3.1645340608620014
0.008406652885618326,1.0,0.0002,1.0,0.001,0.0037673024534071444,6.898557871098964e-05,4.520762944088574
0.008406652885618326,1.0,0.000251,1.0,0.0014666666666666667,0.0037673024534071444,6.898557871098964e-05,6.630452317996575
0.008406652885618326,1.0,0.000316,1.0,0.0017333333333333333,0.0037673024534071444,6.898557871098964e-05,7.835989103086861
0.008406652885618326,1.0,0.000398,1.0,0.003266666666666667,0.0037673024534071444,6.898557871098964e-05,14.767825617356008
0.008406652885618326,1.0,0.000501,1.0,0.005033333333333333,0.0037673024534071444,6.898557871098964e-05,22.754506818579156
0.008406652885618326,1.0,0.000631,1.0,0.006166666666666667,0.0037673024534071444,6.898557871098964e-05,27.87803815521287
0.008406652885618326,1.0,0.000794,1.0,0.008366666666666666,0.0037673024534071444,6.898557871098964e-05,37.823716632207734
0.008406652885618326,1.0,0.001,1.0,0.007266666666666667,0.0037673024534071444,6.898557871098964e-05,32.8508773937103
0.008406652885618326,1.0,0.00126,1.0,0.0081,0.0037673024534071444,6.898557871098964e-05,36.618179847117446
0.008406652885618326,1.0,0.00158,1.0,0.004066666666666666,0.0037673024534071444,6.898557871098964e-05,18.384435972626864
0.008406652885618326,1.0,0.002,1.0,0.0021,0.0037673024534071444,6.898557871098964e-05,9.493602182586004
0.008406652885618326,1.0,0.00251,1.0,0.0006666666666666666,0.0037673024534071444,6.898557871098964e-05,3.013841962725716
0.008406652885618326,1.0,0.00316,1.0,6.666666666666667e-05,0.0037673024534071444,6.898557871098964e-05,0.3013841962725716
0.008406652885618326,1.0,0.00398,1.0,6.666666666666667e-05,0.0037673024534071444,6.898557871098964e-05,0.3013841962725716
0.008406652885618326,1.0,0.00501,1.0,0.0,0.0037673024534071444,6.898557871098964e-05,0.0
0.008406652885618326,1.0,0.00631,1.0,0.0,0.0037673024534071444,6.898557871098964e-05,0.0
0.008804883581643464,1.0,1e-06,1.0,0.0,0.004132649637758689,7.567569378792693e-05,0.0
0.008804883581643464,1.0,1.26e-06,1.0,0.0,0.004132649637758689,7.567569378792693e-05,0.0
0.008804883581643464,1.0,1.58e-06,1.0,0.0,0.004132649637758689,7.567569378792693e-05,0.0
0.008804883581643464,1.0,2e-06,1.0,0.0,0.004132649637758689,7.567569378792693e-05,0.0
0.008804883581643464,1.0,2.51e-06,1.0,0.0,0.004132649637758689,7.567569378792693e-05,0.0
0.008804883581643464,1.0,3.16e-06,1.0,0.0,0.004132649637758689,7.567569378792693e-05,0.0
0.008804883581643464,1.0,3.98e-06,1.0,0.0,0.004132649637758689,7.567569378792693e-05,0.0
0.008804883581643464,1.0,5.01e-06,1.0,0.0,0.004132649637758689,7.567569378792693e-05,0.0
0.008804883581643464,1.0,6.31e-06,1.0,0.0,0.004132649637758689,7.567569378792693e-05,0.0
0.008804883581643464,1.0,7.94e-06,1.0,0.0,0.004132649637758689,7.567569378792693e-05,0.0
0.008804883581643464,1.0,1e-05,1.0,0.0,0.004132649637758689,7.567569378792693e-05,0.0
0.008804883581643464,1.0,1.26e-05,1.0,0.0,0.004132649637758689,7.567569378792693e-05,0.0
0.008804883581643464,1.0,1.58e-05,1.0,0.0,0.004132649637758689,7.567569378792693e-05,0.0
0.008804883581643464,1.0,2e-05,1.0,3.3333333333333335e-05,0.004132649637758689,7.567569378792693e-05,0.1653059855103476
0.008804883581643464,1.0,2.51e-05,1.0,0.0,0.004132649637758689,7.567569378792693e-05,0.0
0.008804883581643464,1.0,3.16e-05,1.0,3.3333333333333335e-05,0.004132649637758689,7.567569378792693e-05,0.1653059855103476
0.008804883581643464,1.0,3.98e-05,1.0,0.0,0.004132649637758689,7.567569378792693e-05,0.0
0.008804883581643464,1.0,5.01e-05,1.0,0.0001,0.004132649637758689,7.567569378792693e-05,0.49591795653104276
0.008804883581643464,1.0,6.31e-05,1.0,0.00016666666666666666,0.004132649637758689,7.567569378792693e-05,0.8265299275517379
0.008804883581643464,1.0,7.94e-05,1.0,6.666666666666667e-05,0.004132649637758689,7.567569378792693e-05,0.3306119710206952
0.008804883581643464,1.0,0.0001,1.0,0.0002666666666666667,0.004132649637758689,7.567569378792693e-05,1.3224478840827807
0.008804883581643464,1.0,0.000126,1.0,0.00036666666666666667,0.004132649637758689,7.567569378792693e-05,1.8183658406138232
0.008804883581643464,1.0,0.000158,1.0,0.0007,0.004132649637758689,7.567569378792693e-05,3.4714256957172993
0.008804883581643464,1.0,0.0002,1.0,0.001,0.004132649637758689,7.567569378792693e-05,4.959179565310428
0.008804883581643464,1.0,0.000251,1.0,0.0014666666666666667,0.004132649637758689,7.567569378792693e-05,7.273463362455293
0.008804883581643464,1.0,0.000316,1.0,0.0017333333333333333,0.004132649637758689,7.567569378792693e-05,8.595911246538074
0.008804883581643464,1.0,0.000398,1.0,0.003266666666666667,0.004132649637758689,7.567569378792693e-05,16.199986580014066
0.008804883581643464,1.0,0.000501,1.0,0.005033333333333333,0.004132649637758689,7.567569378792693e-05,24.961203812062486
0.008804883581643464,1.0,0.000631,1.0,0.006166666666666667,0.004132649637758689,7.567569378792693e-05,30.581607319414303
0.008804883581643464,1.0,0.000794,1.0,0.008366666666666666,0.004132649637758689,7.567569378792693e-05,41.49180236309724
0.008804883581643464,1.0,0.001,1.0,0.007266666666666667,0.004132649637758689,7.567569378792693e-05,36.036704841255776
0.008804883581643464,1.0,0.00126,1.0,0.0081,0.004132649637758689,7.567569378792693e-05,40.16935447901446
0.008804883581643464,1.0,0.00158,1.0,0.004066666666666666,0.004132649637758689,7.567569378792693e-05,20.167330232262405
0.008804883581643464,1.0,0.002,1.0,0.0021,0.004132649637758689,7.567569378792693e-05,10.414277087151897
0.008804883581643464,1.0,0.00251,1.0,0.0006666666666666666,0.004132649637758689,7.567569378792693e-05,3.3061197102069517
0.008804883581643464,1.0,0.00316,1.0,6.666666666666667e-05,0.004132649637758689,7.567569378792693e-05,0.3306119710206952
0.008804883581643464,1.0,0.00398,1.0,6.666666666666667e-05,0.004132649637758689,7.567569378792693e-05,0.3306119710206952
0.008804883581643464,1.0,0.00501,1.0,0.0,0.004132649637758689,7.567569378792693e-05,0.0
0.008804883581643464,1.0,0.00631,1.0,0.0,0.004132649637758689,7.567569378792693e-05,0.0
0.009221978823334321,1.0,1e-06,1.0,0.0,0.004533424687363028,8.301455204839823e-05,0.0
0.009221978823334321,1.0,1.26e-06,1.0,0.0,0.004533424687363028,8.301455204839823e-05,0.0
0.009221978823334321,1.0,1.58e-06,1.0,0.0,0.004533424687363028,8.301455204839823e-05,0.0
0.009221978823334321,1.0,2e-06,1.0,0.0,0.004533424687363028,8.301455204839823e-05,0.0
0.009221978823334321,1.0,2.51e-06,1.0,0.0,0.004533424687363028,8.301455204839823e-05,0.0
0.009221978823334321,1.0,3.16e-06,1.0,0.0,0.004533424687363028,8.301455204839823e-05,0.0
0.009221978823334321,1.0,3.98e-06,1.0,0.0,0.004533424687363028,8.301455204839823e-05,0.0
0.009221978823334321,1.0,5.01e-06,1.0,0.0,0.004533424687363028,8.301455204839823e-05,0.0
0.009221978823334321,1.0,6.31e-06,1.0,0.0,0.004533424687363028,8.301455204839823e-05,0.0
0.009221978823334321,1.0,7.94e-06,1.0,0.0,0.004533424687363028,8.301455204839823e-05,0.0
0.009221978823334321,1.0,1e-05,1.0,0.0,0.004533424687363028,8.301455204839823e-05,0.0
0.009221978823334321,1.0,1.26e-05,1.0,0.0,0.004533424687363028,8.301455204839823e-05,0.0
0.009221978823334321,1.0,1.58e-05,1.0,0.0,0.004533424687363028,8.301455204839823e-05,0.0
0.009221978823334321,1.0,2e-05,1.0,3.3333333333333335e-05,0.004533424687363028,8.301455204839823e-05,0.18133698749452112
0.009221978823334321,1.0,2.51e-05,1.0,0.0,0.004533424687363028,8.301455204839823e-05,0.0
0.009221978823334321,1.0,3.16e-05,1.0,3.3333333333333335e-05,0.004533424687363028,8.301455204839823e-05,0.18133698749452112
0.009221978823334321,1.0,3.98e-05,1.0,0.0,0.004533424687363028,8.301455204839823e-05,0.0
0.009221978823334321,1.0,5.01e-05,1.0,0.0001,0.004533424687363028,8.301455204839823e-05,0.5440109624835634
0.009221978823334321,1.0,6.31e-05,1.0,0.00016666666666666666,0.004533424687363028,8.301455204839823e-05,0.9066849374726056
0.009221978823334321,1.0,7.94e-05,1.0,6.666666666666667e-05,0.004533424687363028,8.301455204839823e-05,0.36267397498904225
0.009221978823334321,1.0,0.0001,1.0,0.0002666666666666667,0.004533424687363028,8.301455204839823e-05,1.450695899956169
0.009221978823334321,1.0,0.000126,1.0,0.00036666666666666667,0.004533424687363028,8.301455204839823e-05,1.9947068624397322
0.009221978823334321,1.0,0.000158,1.0,0.0007,0.004533424687363028,8.301455204839823e-05,3.8080767373849436
0.009221978823334321,1.0,0.0002,1.0,0.001,0.004533424687363028,8.301455204839823e-05,5.440109624835634
0.009221978823334321,1.0,0.000251,1.0,0.0014666666666666667,0.004533424687363028,8.301455204839823e-05,7.978827449758929
0.009221978823334321,1.0,0.000316,1.0,0.0017333333333333333,0.004533424687363028,8.301455204839823e-05,9.429523349715097
0.009221978823334321,1.0,0.000398,1.0,0.003266666666666667,0.004533424687363028,8.301455204839823e-05,17.77102477446307
0.009221978823334321,1.0,0.000501,1.0,0.005033333333333333,0.004533424687363028,8.301455204839823e-05,27.381885111672688
0.009221978823334321,1.0,0.000631,1.0,0.006166666666666667,0.004533424687363028,8.301455204839823e-05,33.54734268648641
0.009221978823334321,1.0,0.000794,1.0,0.008366666666666666,0.004533424687363028,8.301455204839823e-05,45.5155838611248
0.009221978823334321,1.0,0.001,1.0,0.007266666666666667,0.004533424687363028,8.301455204839823e-05,39.531463273805606
0.009221978823334321,1.0,0.00126,1.0,0.0081,0.004533424687363028,8.301455204839823e-05,44.06488796116864
0.009221978823334321,1.0,0.00158,1.0,0.004066666666666666,0.004533424687363028,8.301455204839823e-05,22.123112474331577
0.009221978823334321,1.0,0.002,1.0,0.0021,0.004533424687363028,8.301455204839823e-05,11.42423021215483
0.009221978823334321,1.0,0.00251,1.0,0.0006666666666666666,0.004533424687363028,8.301455204839823e-05,3.6267397498904224
0.009221978823334321,1.0,0.00316,1.0,6.666666666666667e-05,0.004533424687363028,8.301455204839823e-05,0.36267397498904225
0.009221978823334321,1.0,0.00398,1.0,6.666666666666667e-05,0.004533424687363028,8.301455204839823e-05,0.36267397498904225
0.009221978823334321,1.0,0.00501,1.0,0.0,0.004533424687363028,8.301455204839823e-05,0.0
0.009221978823334321,1.0,0.00631,1.0,0.0,0.004533424687363028,8.301455204839823e-05,0.0
0.009658832241158708,1.0,1e-06,1.0,0.0,0.004973062458569547,9.106505142958337e-05,0.0
0.009658832241158708,1.0,1.26e-06,1.0,0.0,0.004973062458569547,9.106505142958337e-05,0.0
0.009658832241158708,1.0,1.58e-06,1.0,0.0,0.004973062458569547,9.106505142958337e-05,0.0
0.009658832241158708,1.0,2e-06,1.0,0.0,0.004973062458569547,9.106505142958337e-05,0.0
0.009658832241158708,1.0,2.51e-06,1.0,0.0,0.004973062458569547,9.106505142958337e-05,0.0
0.009658832241158708,1.0,3.16e-06,1.0,0.0,0.004973062458569547,9.106505142958337e-05,0.0
0.009658832241158708,1.0,3.98e-06,1.0,0.0,0.004973062458569547,9.106505142958337e-05,0.0
0.009658832241158708,1.0,5.01e-06,1.0,0.0,0.004973062458569547,9.106505142958337e-05,0.0
0.009658832241158708,1.0,6.31e-06,1.0,0.0,0.004973062458569547,9.106505142958337e-05,0.0
0.009658832241158708,1.0,7.94e-06,1.0,0.0,0.004973062458569547,9.106505142958337e-05,0.0
0.009658832241158708,1.0,1e-05,1.0,0.0,0.004973062458569547,9.106505142958337e-05,0.0
0.009658832241158708,1.0,1.26e-05,1.0,0.0,0.004973062458569547,9.106505142958337e-05,0.0
0.009658832241158708,1.0,1.58e-05,1.0,0.0,0.004973062458569547,9.106505142958337e-05,0.0
0.009658832241158708,1.0,2e-05,1.0,3.3333333333333335e-05,0.004973062458569547,9.106505142958337e-05,0.19892249834278192
0.009658832241158708,1.0,2.51e-05,1.0,0.0,0.004973062458569547,9.106505142958337e-05,0.0
0.009658832241158708,1.0,3.16e-05,1.0,3.3333333333333335e-05,0.004973062458569547,9.106505142958337e-05,0.19892249834278192
0.009658832241158708,1.0,3.98e-05,1.0,0.0,0.004973062458569547,9.106505142958337e-05,0.0
0.009658832241158708,1.0,5.01e-05,1.0,0.0001,0.004973062458569547,9.106505142958337e-05,0.5967674950283457
0.009658832241158708,1.0,6.31e-05,1.0,0.00016666666666666666,0.004973062458569547,9.106505142958337e-05,0.9946124917139095
0.009658832241158708,1.0,7.94e-05,1.0,6.666666666666667e-05,0.004973062458569547,9.106505142958337e-05,0.39784499668556383
0.009658832241158708,1.0,0.0001,1.0,0.0002666666666666667,0.004973062458569547,9.106505142958337e-05,1.5913799867422553
0.009658832241158708,1.0,0.000126,1.0,0.00036666666666666667,0.004973062458569547,9.106505142958337e-05,2.1881474817706006
0.009658832241158708,1.0,0.000158,1.0,0.0007,0.004973062458569547,9.106505142958337e-05,4.177372465198419
0.009658832241158708,1.0,0.0002,1.0,0.001,0.004973062458569547,9.106505142958337e-05,5.967674950283457
0.009658832241158708,1.0,0.000251,1.0,0.0014666666666666667,0.004973062458569547,9.106505142958337e-05,8.752589927082402
0.009658832241158708,1.0,0.000316,1.0,0.0017333333333333333,0.004973062458569547,9.106505142958337e-05,10.343969913824658
0.009658832241158708,1.0,0.000398,1.0,0.003266666666666667,0.004973062458569547,9.106505142958337e-05,19.494404837592626
0.009658832241158708,1.0,0.000501,1.0,0.005033333333333333,0.004973062458569547,9.106505142958337e-05,30.037297249760066
0.009658832241158708,1.0,0.000631,1.0,0.006166666666666667,0.004973062458569547,9.106505142958337e-05,36.80066219341465
0.009658832241158708,1.0,0.000794,1.0,0.008366666666666666,0.004973062458569547,9.106505142958337e-05,49.929547084038255
0.009658832241158708,1.0,0.001,1.0,0.007266666666666667,0.004973062458569547,9.106505142958337e-05,43.36510463872645
0.009658832241158708,1.0,0.00126,1.0,0.0081,0.004973062458569547,9.106505142958337e-05,48.338167097296
0.009658832241158708,1.0,0.00158,1.0,0.004066666666666666,0.004973062458569547,9.106505142958337e-05,24.268544797819388
0.009658832241158708,1.0,0.002,1.0,0.0021,0.004973062458569547,9.106505142958337e-05,12.532117395595257
0.009658832241158708,1.0,0.00251,1.0,0.0006666666666666666,0.004973062458569547,9.106505142958337e-05,3.978449966855638
0.009658832241158708,1.0,0.00316,1.0,6.666666666666667e-05,0.004973062458569547,9.106505142958337e-05,0.39784499668556383
0.009658832241158708,1.0,0.00398,1.0,6.666666666666667e-05,0.004973062458569547,9.106505142958337e-05,0.39784499668556383
0.009658832241158708,1.0,0.00501,1.0,0.0,0.004973062458569547,9.106505142958337e-05,0.0
0.009658832241158708,1.0,0.00631,1.0,0.0,0.004973062458569547,9.106505142958337e-05,0.0
0.01011637979766207,1.0,1e-06,1.0,0.0,0.0054553307075108,9.989618581781359e-05,0.0
0.01011637979766207,1.0,1.26e-06,1.0,0.0,0.0054553307075108,9.989618581781359e-05,0.0
0.01011637979766207,1.0,1.58e-06,1.0,0.0,0.0054553307075108,9.989618581781359e-05,0.0
0.01011637979766207,1.0,2e-06,1.0,0.0,0.0054553307075108,9.989618581781359e-05,0.0
0.01011637979766207,1.0,2.51e-06,1.0,0.0,0.0054553307075108,9.989618581781359e-05,0.0
0.01011637979766207,1.0,3.16e-06,1.0,0.0,0.0054553307075108,9.989618581781359e-05,0.0
0.01011637979766207,1.0,3.98e-06,1.0,0.0,0.0054553307075108,9.989618581781359e-05,0.0
0.01011637979766207,1.0,5.01e-06,1.0,0.0,0.0054553307075108,9.989618581781359e-05,0.0
0.01011637979766207,1.0,6.31e-06,1.0,0.0,0.0054553307075108,9.989618581781359e-05,0.0
0.01011637979766207,1.0,7.94e-06,1.0,0.0,0.0054553307075108,9.989618581781359e-05,0.0
0.01011637979766207,1.0,1e-05,1.0,0.0,0.0054553307075108,9.989618581781359e-05,0.0
0.01011637979766207,1.0,1.26e-05,1.0,0.0,0.0054553307075108,9.989618581781359e-05,0.0
0.01011637979766207,1.0,1.58e-05,1.0,0.0,0.0054553307075108,9.989618581781359e-05,0.0
0.01011637979766207,1.0,2e-05,1.0,3.3333333333333335e-05,0.0054553307075108,9.989618581781359e-05,0.21821322830043202
0.01011637979766207,1.0,2.51e-05,1.0,0.0,0.0054553307075108,9.989618581781359e-05,0.0
0.01011637979766207,1.0,3.16e-05,1.0,3.3333333333333335e-05,0.0054553307075108,9.989618581781359e-05,0.21821322830043202
0.01011637979766207,1.0,3.98e-05,1.0,0.0,0.0054553307075108,9.989618581781359e-05,0.0
0.01011637979766207,1.0,5.01e-05,1.0,0.0001,0.0054553307075108,9.989618581781359e-05,0.6546396849012961
0.01011637979766207,1.0,6.31e-05,1.0,0.00016666666666666666,0.0054553307075108,9.989618581781359e-05,1.09106614150216
0.01011637979766207,1.0,7.94e-05,1.0,6.666666666666667e-05,0.0054553307075108,9.989618581781359e-05,0.43642645660086404
0.01011637979766207,1.0,0.0001,1.0,0.0002666666666666667,0.0054553307075108,9.989618581781359e-05,1.7457058264034562
0.01011637979766207,1.0,0.000126,1.0,0.00036666666666666667,0.0054553307075108,9.989618581781359e-05,2.4003455113047525
0.01011637979766207,1.0,0.000158,1.0,0.0007,0.0054553307075108,9.989618581781359e-05,4.582477794309073
0.01011637979766207,1.0,0.0002,1.0,0.001,0.0054553307075108,9.989618581781359e-05,6.546396849012961
0.01011637979766207,1.0,0.000251,1.0,0.0014666666666666667,0.0054553307075108,9.989618581781359e-05,9.60138204521901
0.01011637979766207,1.0,0.000316,1.0,0.0017333333333333333,0.0054553307075108,9.989618581781359e-05,11.347087871622465
0.01011637979766207,1.0,0.000398,1.0,0.003266666666666667,0.0054553307075108,9.989618581781359e-05,21.38489637344234
0.01011637979766207,1.0,0.000501,1.0,0.005033333333333333,0.0054553307075108,9.989618581781359e-05,32.950197473365236
0.01011637979766207,1.0,0.000631,1.0,0.006166666666666667,0.0054553307075108,9.989618581781359e-05,40.369447235579926
0.01011637979766207,1.0,0.000794,1.0,0.008366666666666666,0.0054553307075108,9.989618581781359e-05,54.77152030340844
0.01011637979766207,1.0,0.001,1.0,0.007266666666666667,0.0054553307075108,9.989618581781359e-05,47.57048376949419
0.01011637979766207,1.0,0.00126,1.0,0.0081,0.0054553307075108,9.989618581781359e-05,53.02581447700498
0.01011637979766207,1.0,0.00158,1.0,0.004066666666666666,0.0054553307075108,9.989618581781359e-05,26.622013852652703
0.01011637979766207,1.0,0.002,1.0,0.0021,0.0054553307075108,9.989618581781359e-05,13.747433382927216
0.01011637979766207,1.0,0.00251,1.0,0.0006666666666666666,0.0054553307075108,9.989618581781359e-05,4.36426456600864
0.01011637979766207,1.0,0.00316,1.0,6.666666666666667e-05,0.0054553307075108,9.989618581781359e-05,0.43642645660086404
0.01011637979766207,1.0,0.00398,1.0,6.666666666666667e-05,0.0054553307075108,9.989618581781359e-05,0.43642645660086404
0.01011637979766207,1.0,0.00501,1.0,0.0,0.0054553307075108,9.989618581781359e-05,0.0
0.01011637979766207,1.0,0.00631,1.0,0.0,0.0054553307075108,9.989618581781359e-05,0.0
0.010595601792776159,1.0,1e-06,1.0,0.0,0.005984362329383579,0.00010958363540347151,0.0
0.010595601792776159,1.0,1.26e-06,1.0,0.0,0.005984362329383579,0.00010958363540347151,0.0
0.010595601792776159,1.0,1.58e-06,1.0,0.0,0.005984362329383579,0.00010958363540347151,0.0
0.010595601792776159,1.0,2e-06,1.0,0.0,0.005984362329383579,0.00010958363540347151,0.0
0.010595601792776159,1.0,2.51e-06,1.0,0.0,0.005984362329383579,0.00010958363540347151,0.0
0.010595601792776159,1.0,3.16e-06,1.0,0.0,0.005984362329383579,0.00010958363540347151,0.0
0.010595601792776159,1.0,3.98e-06,1.0,0.0,0.005984362329383579,0.00010958363540347151,0.0
0.010595601792776159,1.0,5.01e-06,1.0,0.0,0.005984362329383579,0.00010958363540347151,0.0
0.010595601792776159,1.0,6.31e-06,1.0,0.0,0.005984362329383579,0.00010958363540347151,0.0
0.010595601792776159,1.0,7.94e-06,1.0,0.0,0.005984362329383579,0.00010958363540347151,0.0
0.010595601792776159,1.0,1e-05,1.0,0.0,0.005984362329383579,0.00010958363540347151,0.0
0.010595601792776159,1.0,1.26e-05,1.0,0.0,0.005984362329383579,0.00010958363540347151,0.0
0.010595601792776159,1.0,1.58e-05,1.0,0.0,0.005984362329383579,0.00010958363540347151,0.0
0.010595601792776159,1.0,2e-05,1.0,3.3333333333333335e-05,0.005984362329383579,0.00010958363540347151,0.23937449317534318
0.010595601792776159,1.0,2.51e-05,1.0,0.0,0.005984362329383579,0.00010958363540347151,0.0
0.010595601792776159,1.0,3.16e-05,1.0,3.3333333333333335e-05,0.005984362329383579,0.00010958363540347151,0.23937449317534318
0.010595601792776159,1.0,3.98e-05,1.0,0.0,0.005984362329383579,0.00010958363540347151,0.0
0.010595601792776159,1.0,5.01e-05,1.0,0.0001,0.005984362329383579,0.00010958363540347151,0.7181234795260294
0.010595601792776159,1.0,6.31e-05,1.0,0.00016666666666666666,0.005984362329383579,0.00010958363540347151,1.1968724658767156
0.010595601792776159,1.0,7.94e-05,1.0,6.666666666666667e-05,0.005984362329383579,0.00010958363540347151,0.47874898635068636
0.010595601792776159,1.0,0.0001,1.0,0.0002666666666666667,0.005984362329383579,0.00010958363540347151,1.9149959454027454
0.010595601792776159,1.0,0.000126,1.0,0.00036666666666666667,0.005984362329383579,0.00010958363540347151,2.6331194249287746
0.010595601792776159,1.0,0.000158,1.0,0.0007,0.005984362329383579,0.00010958363540347151,5.026864356682206
0.010595601792776159,1.0,0.0002,1.0,0.001,0.005984362329383579,0.00010958363540347151,7.181234795260295
0.010595601792776159,1.0,0.000251,1.0,0.0014666666666666667,0.005984362329383579,0.00010958363540347151,10.532477699715098
0.010595601792776159,1.0,0.000316,1.0,0.0017333333333333333,0.005984362329383579,0.00010958363540347151,12.447473645117844
0.010595601792776159,1.0,0.000398,1.0,0.003266666666666667,0.005984362329383579,0.00010958363540347151,23.458700331183632
0.010595601792776159,1.0,0.000501,1.0,0.005033333333333333,0.005984362329383579,0.00010958363540347151,36.145548469476815
0.010595601792776159,1.0,0.000631,1.0,0.006166666666666667,0.005984362329383579,0.00010958363540347151,44.28428123743848
0.010595601792776159,1.0,0.000794,1.0,0.008366666666666666,0.005984362329383579,0.00010958363540347151,60.08299778701113
0.010595601792776159,1.0,0.001,1.0,0.007266666666666667,0.005984362329383579,0.00010958363540347151,52.18363951222481
0.010595601792776159,1.0,0.00126,1.0,0.0081,0.005984362329383579,0.00010958363540347151,58.16800184160839
0.010595601792776159,1.0,0.00158,1.0,0.004066666666666666,0.005984362329383579,0.00010958363540347151,29.203688167391864
0.010595601792776159,1.0,0.002,1.0,0.0021,0.005984362329383579,0.00010958363540347151,15.080593070046618
0.010595601792776159,1.0,0.00251,1.0,0.0006666666666666666,0.005984362329383579,0.00010958363540347151,4.787489863506862
0.010595601792776159,1.0,0.00316,1.0,6.666666666666667e-05,0.005984362329383579,0.00010958363540347151,0.47874898635068636
0.010595601792776159,1.0,0.00398,1.0,6.666666666666667e-05,0.005984362329383579,0.00010958363540347151,0.47874898635068636
0.010595601792776159,1.0,0.00501,1.0,0.0,0.005984362329383579,0.00010958363540347151,0.0
0.010595601792776159,1.0,0.00631,1.0,0.0,0.005984362329383579,0.00010958363540347151,0.0
0.011097524964120722,1.0,1e-06,1.0,0.0,0.006564690714873362,0.0001202104141159744,0.0
0.011097524964120722,1.0,1.26e-06,1.0,0.0,0.006564690714873362,0.0001202104141159744,0.0
0.011097524964120722,1.0,1.58e-06,1.0,0.0,0.006564690714873362,0.0001202104141159744,0.0
0.011097524964120722,1.0,2e-06,1.0,0.0,0.006564690714873362,0.0001202104141159744,0.0
0.011097524964120722,1.0,2.51e-06,1.0,0.0,0.006564690714873362,0.0001202104141159744,0.0
0.011097524964120722,1.0,3.16e-06,1.0,0.0,0.006564690714873362,0.0001202104141159744,0.0
0.011097524964120722,1.0,3.98e-06,1.0,0.0,0.006564690714873362,0.0001202104141159744,0.0
0.011097524964120722,1.0,5.01e-06,1.0,0.0,0.006564690714873362,0.0001202104141159744,0.0
0.011097524964120722,1.0,6.31e-06,1.0,0.0,0.006564690714873362,0.0001202104141159744,0.0
0.011097524964120722,1.0,7.94e-06,1.0,0.0,0.006564690714873362,0.0001202104141159744,0.0
0.011097524964120722,1.0,1e-05,1.0,0.0,0.006564690714873362,0.0001202104141159744,0.0
0.011097524964120722,1.0,1.26e-05,1.0,0.0,0.006564690714873362,0.0001202104141159744,0.0
0.011097524964120722,1.0,1.58e-05,1.0,0.0,0.006564690714873362,0.0001202104141159744,0.0
0.011097524964120722,1.0,2e-05,1.0,3.3333333333333335e-05,0.006564690714873362,0.0001202104141159744,0.26258762859493445
0.011097524964120722,1.0,2.51e-05,1.0,0.0,0.006564690714873362,0.0001202104141159744,0.0
0.011097524964120722,1.0,3.16e-05,1.0,3.3333333333333335e-05,0.006564690714873362,0.0001202104141159744,0.26258762859493445
0.011097524964120722,1.0,3.98e-05,1.0,0.0,0.006564690714873362,0.0001202104141159744,0.0
0.011097524964120722,1.0,5.01e-05,1.0,0.0001,0.006564690714873362,0.0001202104141159744,0.7877628857848035
0.011097524964120722,1.0,6.31e-05,1.0,0.00016666666666666666,0.006564690714873362,0.0001202104141159744,1.3129381429746723
0.011097524964120722,1.0,7.94e-05,1.0,6.666666666666667e-05,0.006564690714873362,0.0001202104141159744,0.5251752571898689
0.011097524964120722,1.0,0.0001,1.0,0.0002666666666666667,0.006564690714873362,0.0001202104141159744,2.1007010287594756
0.011097524964120722,1.0,0.000126,1.0,0.00036666666666666667,0.006564690714873362,0.0001202104141159744,2.888463914544279
0.011097524964120722,1.0,0.000158,1.0,0.0007,0.006564690714873362,0.0001202104141159744,5.514340200493624
0.011097524964120722,1.0,0.0002,1.0,0.001,0.006564690714873362,0.0001202104141159744,7.877628857848034
0.011097524964120722,1.0,0.000251,1.0,0.0014666666666666667,0.006564690714873362,0.0001202104141159744,11.553855658177117
0.011097524964120722,1.0,0.000316,1.0,0.0017333333333333333,0.006564690714873362,0.0001202104141159744,13.65455668693659
0.011097524964120722,1.0,0.000398,1.0,0.003266666666666667,0.006564690714873362,0.0001202104141159744,25.73358760230358
0.011097524964120722,1.0,0.000501,1.0,0.005033333333333333,0.006564690714873362,0.0001202104141159744,39.6507319178351
0.011097524964120722,1.0,0.000631,1.0,0.006166666666666667,0.006564690714873362,0.0001202104141159744,48.57871129006288
0.011097524964120722,1.0,0.000794,1.0,0.008366666666666666,0.006564690714873362,0.0001202104141159744,65.90949477732855
0.011097524964120722,1.0,0.001,1.0,0.007266666666666667,0.006564690714873362,0.0001202104141159744,57.24410303369572
0.011097524964120722,1.0,0.00126,1.0,0.0081,0.006564690714873362,0.0001202104141159744,63.808793748569066
0.011097524964120722,1.0,0.00158,1.0,0.004066666666666666,0.006564690714873362,0.0001202104141159744,32.035690688582
0.011097524964120722,1.0,0.002,1.0,0.0021,0.006564690714873362,0.0001202104141159744,16.543020601480873
0.011097524964120722,1.0,0.00251,1.0,0.0006666666666666666,0.006564690714873362,0.0001202104141159744,5.251752571898689
0.011097524964120722,1.0,0.00316,1.0,6.666666666666667e-05,0.006564690714873362,0.0001202104141159744,0.5251752571898689
0.011097524964120722,1.0,0.00398,1.0,6.666666666666667e-05,0.006564690714873362,0.0001202104141159744,0.5251752571898689
0.011097524964120722,1.0,0.00501,1.0,0.0,0.006564690714873362,0.0001202104141159744,0.0
0.011097524964120722,1.0,0.00631,1.0,0.0,0.006564690714873362,0.0001202104141159744,0.0
0.011623224686798524,1.0,1e-06,1.0,0.0,0.007201288524088469,0.00013186757963904906,0.0
0.011623224686798524,1.0,1.26e-06,1.0,0.0,0.007201288524088469,0.00013186757963904906,0.0
0.011623224686798524,1.0,1.58e-06,1.0,0.0,0.007201288524088469,0.00013186757963904906,0.0
0.011623224686798524,1.0,2e-06,1.0,0.0,0.007201288524088469,0.00013186757963904906,0.0
0.011623224686798524,1.0,2.51e-06,1.0,0.0,0.007201288524088469,0.00013186757963904906,0.0
0.011623224686798524,1.0,3.16e-06,1.0,0.0,0.007201288524088469,0.00013186757963904906,0.0
0.011623224686798524,1.0,3.98e-06,1.0,0.0,0.007201288524088469,0.00013186757963904906,0.0
0.011623224686798524,1.0,5.01e-06,1.0,0.0,0.007201288524088469,0.00013186757963904906,0.0
0.011623224686798524,1.0,6.31e-06,1.0,0.0,0.007201288524088469,0.00013186757963904906,0.0
0.011623224686798524,1.0,7.94e-06,1.0,0.0,0.007201288524088469,0.00013186757963904906,0.0
0.011623224686798524,1.0,1e-05,1.0,0.0,0.007201288524088469,0.00013186757963904906,0.0
0.011623224686798524,1.0,1.26e-05,1.0,0.0,0.007201288524088469,0.00013186757963904906,0.0
0.011623224686798524,1.0,1.58e-05,1.0,0.0,0.007201288524088469,0.00013186757963904906,0.0
0.011623224686798524,1.0,2e-05,1.0,3.3333333333333335e-05,0.007201288524088469,0.00013186757963904906,0.2880515409635388
0.011623224686798524,1.0,2.51e-05,1.0,0.0,0.007201288524088469,0.00013186757963904906,0.0
0.011623224686798524,1.0,3.16e-05,1.0,3.3333333333333335e-05,0.007201288524088469,0.00013186757963904906,0.2880515409635388
0.011623224686798524,1.0,3.98e-05,1.0,0.0,0.007201288524088469,0.00013186757963904906,0.0
0.011623224686798524,1.0,5.01e-05,1.0,0.0001,0.007201288524088469,0.00013186757963904906,0.8641546228906164
0.011623224686798524,1.0,6.31e-05,1.0,0.00016666666666666666,0.007201288524088469,0.00013186757963904906,1.4402577048176939
0.011623224686798524,1.0,7.94e-05,1.0,6.666666666666667e-05,0.007201288524088469,0.00013186757963904906,0.5761030819270776
0.011623224686798524,1.0,0.0001,1.0,0.0002666666666666667,0.007201288524088469,0.00013186757963904906,2.3044123277083104
0.011623224686798524,1.0,0.000126,1.0,0.00036666666666666667,0.007201288524088469,0.00013186757963904906,3.1685669505989265
0.011623224686798524,1.0,0.000158,1.0,0.0007,0.007201288524088469,0.00013186757963904906,6.049082360234315
0.011623224686798524,1.0,0.0002,1.0,0.001,0.007201288524088469,0.00013186757963904906,8.641546228906163
0.011623224686798524,1.0,0.000251,1.0,0.0014666666666666667,0.007201288524088469,0.00013186757963904906,12.674267802395706
0.011623224686798524,1.0,0.000316,1.0,0.0017333333333333333,0.007201288524088469,0.00013186757963904906,14.978680130104017
0.011623224686798524,1.0,0.000398,1.0,0.003266666666666667,0.007201288524088469,0.00013186757963904906,28.2290510144268
0.011623224686798524,1.0,0.000501,1.0,0.005033333333333333,0.007201288524088469,0.00013186757963904906,43.495782685494355
0.011623224686798524,1.0,0.000631,1.0,0.006166666666666667,0.007201288524088469,0.00013186757963904906,53.28953507825468
0.011623224686798524,1.0,0.000794,1.0,0.008366666666666666,0.007201288524088469,0.00013186757963904906,72.30093678184822
0.011623224686798524,1.0,0.001,1.0,0.007266666666666667,0.007201288524088469,0.00013186757963904906,62.79523593005146
0.011623224686798524,1.0,0.00126,1.0,0.0081,0.007201288524088469,0.00013186757963904906,69.99652445413993
0.011623224686798524,1.0,0.00158,1.0,0.004066666666666666,0.007201288524088469,0.00013186757963904906,35.142287997551726
0.011623224686798524,1.0,0.002,1.0,0.0021,0.007201288524088469,0.00013186757963904906,18.147247080702943
0.011623224686798524,1.0,0.00251,1.0,0.0006666666666666666,0.007201288524088469,0.00013186757963904906,5.7610308192707755
0.011623224686798524,1.0,0.00316,1.0,6.666666666666667e-05,0.007201288524088469,0.00013186757963904906,0.5761030819270776
0.011623224686798524,1.0,0.00398,1.0,6.666666666666667e-05,0.007201288524088469,0.00013186757963904906,0.5761030819270776
0.011623224686798524,1.0,0.00501,1.0,0.0,0.007201288524088469,0.00013186757963904906,0.0
0.011623224686798524,1.0,0.00631,1.0,0.0,0.007201288524088469,0.00013186757963904906,0.0
0.012173827277396614,1.0,1e-06,1.0,0.0,0.007899610207104453,0.0001446550120326763,0.0
0.012173827277396614,1.0,1.26e-06,1.0,0.0,0.007899610207104453,0.0001446550120326763,0.0
0.012173827277396614,1.0,1.58e-06,1.0,0.0,0.007899610207104453,0.0001446550120326763,0.0
0.012173827277396614,1.0,2e-06,1.0,0.0,0.007899610207104453,0.0001446550120326763,0.0
0.012173827277396614,1.0,2.51e-06,1.0,0.0,0.007899610207104453,0.0001446550120326763,0.0
0.012173827277396614,1.0,3.16e-06,1.0,0.0,0.007899610207104453,0.0001446550120326763,0.0
0.012173827277396614,1.0,3.98e-06,1.0,0.0,0.007899610207104453,0.0001446550120326763,0.0
0.012173827277396614,1.0,5.01e-06,1.0,0.0,0.007899610207104453,0.0001446550120326763,0.0
0.012173827277396614,1.0,6.31e-06,1.0,0.0,0.007899610207104453,0.0001446550120326763,0.0
0.012173827277396614,1.0,7.94e-06,1.0,0.0,0.007899610207104453,0.0001446550120326763,0.0
0.012173827277396614,1.0,1e-05,1.0,0.0,0.007899610207104453,0.0001446550120326763,0.0
0.012173827277396614,1.0,1.26e-05,1.0,0.0,0.007899610207104453,0.0001446550120326763,0.0
0.012173827277396614,1.0,1.58e-05,1.0,0.0,0.007899610207104453,0.0001446550120326763,0.0
0.012173827277396614,1.0,2e-05,1.0,3.3333333333333335e-05,0.007899610207104453,0.0001446550120326763,0.3159844082841781
0.012173827277396614,1.0,2.51e-05,1.0,0.0,0.007899610207104453,0.0001446550120326763,0.0
0.012173827277396614,1.0,3.16e-05,1.0,3.3333333333333335e-05,0.007899610207104453,0.0001446550120326763,0.3159844082841781
0.012173827277396614,1.0,3.98e-05,1.0,0.0,0.007899610207104453,0.0001446550120326763,0.0
0.012173827277396614,1.0,5.01e-05,1.0,0.0001,0.007899610207104453,0.0001446550120326763,0.9479532248525344
0.012173827277396614,1.0,6.31e-05,1.0,0.00016666666666666666,0.007899610207104453,0.0001446550120326763,1.5799220414208905
0.012173827277396614,1.0,7.94e-05,1.0,6.666666666666667e-05,0.007899610207104453,0.0001446550120326763,0.6319688165683562
0.012173827277396614,1.0,0.0001,1.0,0.0002666666666666667,0.007899610207104453,0.0001446550120326763,2.527875266273425
0.012173827277396614,1.0,0.000126,1.0,0.00036666666666666667,0.007899610207104453,0.0001446550120326763,3.4758284911259594
0.012173827277396614,1.0,0.000158,1.0,0.0007,0.007899610207104453,0.0001446550120326763,6.6356725739677405
0.012173827277396614,1.0,0.0002,1.0,0.001,0.007899610207104453,0.0001446550120326763,9.479532248525343
0.012173827277396614,1.0,0.000251,1.0,0.0014666666666666667,0.007899610207104453,0.0001446550120326763,13.903313964503837
0.012173827277396614,1.0,0.000316,1.0,0.0017333333333333333,0.007899610207104453,0.0001446550120326763,16.43118923077726
0.012173827277396614,1.0,0.000398,1.0,0.003266666666666667,0.007899610207104453,0.0001446550120326763,30.96647201184946
0.012173827277396614,1.0,0.000501,1.0,0.005033333333333333,0.007899610207104453,0.0001446550120326763,47.7136456509109
0.012173827277396614,1.0,0.000631,1.0,0.006166666666666667,0.007899610207104453,0.0001446550120326763,58.45711553257295
0.012173827277396614,1.0,0.000794,1.0,0.008366666666666666,0.007899610207104453,0.0001446550120326763,79.31208647932871
0.012173827277396614,1.0,0.001,1.0,0.007266666666666667,0.007899610207104453,0.0001446550120326763,68.88460100595084
0.012173827277396614,1.0,0.00126,1.0,0.0081,0.007899610207104453,0.0001446550120326763,76.78421121305529
0.012173827277396614,1.0,0.00158,1.0,0.004066666666666666,0.007899610207104453,0.0001446550120326763,38.55009781066973
0.012173827277396614,1.0,0.002,1.0,0.0021,0.007899610207104453,0.0001446550120326763,19.90701772190322
0.012173827277396614,1.0,0.00251,1.0,0.0006666666666666666,0.007899610207104453,0.0001446550120326763,6.319688165683562
0.012173827277396614,1.0,0.00316,1.0,6.666666666666667e-05,0.007899610207104453,0.0001446550120326763,0.6319688165683562
0.012173827277396614,1.0,0.00398,1.0,6.666666666666667e-05,0.007899610207104453,0.0001446550120326763,0.6319688165683562
0.012173827277396614,1.0,0.00501,1.0,0.0,0.007899610207104453,0.0001446550120326763,0.0
0.012173827277396614,1.0,0.00631,1.0,0.0,0.007899610207104453,0.0001446550120326763,0.0
0.012750512407130135,1.0,1e-06,1.0,0.0,0.00866563863166017,0.00015868226756381927,0.0
0.012750512407130135,1.0,1.26e-06,1.0,0.0,0.00866563863166017,0.00015868226756381927,0.0
0.012750512407130135,1.0,1.58e-06,1.0,0.0,0.00866563863166017,0.00015868226756381927,0.0
0.012750512407130135,1.0,2e-06,1.0,0.0,0.00866563863166017,0.00015868226756381927,0.0
0.012750512407130135,1.0,2.51e-06,1.0,0.0,0.00866563863166017,0.00015868226756381927,0.0
0.012750512407130135,1.0,3.16e-06,1.0,0.0,0.00866563863166017,0.00015868226756381927,0.0
0.012750512407130135,1.0,3.98e-06,1.0,0.0,0.00866563863166017,0.00015868226756381927,0.0
0.012750512407130135,1.0,5.01e-06,1.0,0.0,0.00866563863166017,0.00015868226756381927,0.0
0.012750512407130135,1.0,6.31e-06,1.0,0.0,0.00866563863166017,0.00015868226756381927,0.0
0.012750512407130135,1.0,7.94e-06,1.0,0.0,0.00866563863166017,0.00015868226756381927,0.0
0.012750512407130135,1.0,1e-05,1.0,0.0,0.00866563863166017,0.00015868226756381927,0.0
0.012750512407130135,1.0,1.26e-05,1.0,0.0,0.00866563863166017,0.00015868226756381927,0.0
0.012750512407130135,1.0,1.58e-05,1.0,0.0,0.00866563863166017,0.00015868226756381927,0.0
0.012750512407130135,1.0,2e-05,1.0,3.3333333333333335e-05,0.00866563863166017,0.00015868226756381927,0.3466255452664069
0.012750512407130135,1.0,2.51e-05,1.0,0.0,0.00866563863166017,0.00015868226756381927,0.0
0.012750512407130135,1.0,3.16e-05,1.0,3.3333333333333335e-05,0.00866563863166017,0.00015868226756381927,0.3466255452664069
0.012750512407130135,1.0,3.98e-05,1.0,0.0,0.00866563863166017,0.00015868226756381927,0.0
0.012750512407130135,1.0,5.01e-05,1.0,0.0001,0.00866563863166017,0.00015868226756381927,1.0398766357992206
0.012750512407130135,1.0,6.31e-05,1.0,0.00016666666666666666,0.00866563863166017,0.00015868226756381927,1.733127726332034
0.012750512407130135,1.0,7.94e-05,1.0,6.666666666666667e-05,0.00866563863166017,0.00015868226756381927,0.6932510905328138
0.012750512407130135,1.0,0.0001,1.0,0.0002666666666666667,0.00866563863166017,0.00015868226756381927,2.773004362131255
0.012750512407130135,1.0,0.000126,1.0,0.00036666666666666667,0.00866563863166017,0.00015868226756381927,3.812880997930475
0.012750512407130135,1.0,0.000158,1.0,0.0007,0.00866563863166017,0.00015868226756381927,7.279136450594542
0.012750512407130135,1.0,0.0002,1.0,0.001,0.00866563863166017,0.00015868226756381927,10.398766357992205
0.012750512407130135,1.0,0.000251,1.0,0.0014666666666666667,0.00866563863166017,0.00015868226756381927,15.2515239917219
0.012750512407130135,1.0,0.000316,1.0,0.0017333333333333333,0.00866563863166017,0.00015868226756381927,18.024528353853153
0.012750512407130135,1.0,0.000398,1.0,0.003266666666666667,0.00866563863166017,0.00015868226756381927,33.96930343610787
0.012750512407130135,1.0,0.000501,1.0,0.005033333333333333,0.00866563863166017,0.00015868226756381927,52.34045733522743
0.012750512407130135,1.0,0.000631,1.0,0.006166666666666667,0.00866563863166017,0.00015868226756381927,64.12572587428525
0.012750512407130135,1.0,0.000794,1.0,0.008366666666666666,0.00866563863166017,0.00015868226756381927,87.00301186186812
0.012750512407130135,1.0,0.001,1.0,0.007266666666666667,0.00866563863166017,0.00015868226756381927,75.56436886807668
0.012750512407130135,1.0,0.00126,1.0,0.0081,0.00866563863166017,0.00015868226756381927,84.23000749973686
0.012750512407130135,1.0,0.00158,1.0,0.004066666666666666,0.00866563863166017,0.00015868226756381927,42.28831652250163
0.012750512407130135,1.0,0.002,1.0,0.0021,0.00866563863166017,0.00015868226756381927,21.837409351783627
0.012750512407130135,1.0,0.00251,1.0,0.0006666666666666666,0.00866563863166017,0.00015868226756381927,6.932510905328136
0.012750512407130135,1.0,0.00316,1.0,6.666666666666667e-05,0.00866563863166017,0.00015868226756381927,0.6932510905328138
0.012750512407130135,1.0,0.00398,1.0,6.666666666666667e-05,0.00866563863166017,0.00015868226756381927,0.6932510905328138
0.012750512407130135,1.0,0.00501,1.0,0.0,0.00866563863166017,0.00015868226756381927,0.0
0.012750512407130135,1.0,0.00631,1.0,0.0,0.00866563863166017,0.00015868226756381927,0.0
0.013354515629298987,1.0,1e-06,1.0,0.0,0.009505936212940764,0.00017406951497785686,0.0
0.013354515629298987,1.0,1.26e-06,1.0,0.0,0.009505936212940764,0.00017406951497785686,0.0
0.013354515629298987,1.0,1.58e-06,1.0,0.0,0.009505936212940764,0.00017406951497785686,0.0
0.013354515629298987,1.0,2e-06,1.0,0.0,0.009505936212940764,0.00017406951497785686,0.0
0.013354515629298987,1.0,2.51e-06,1.0,0.0,0.009505936212940764,0.00017406951497785686,0.0
0.013354515629298987,1.0,3.16e-06,1.0,0.0,0.009505936212940764,0.00017406951497785686,0.0
0.013354515629298987,1.0,3.98e-06,1.0,0.0,0.009505936212940764,0.00017406951497785686,0.0
0.013354515629298987,1.0,5.01e-06,1.0,0.0,0.009505936212940764,0.00017406951497785686,0.0
0.013354515629298987,1.0,6.31e-06,1.0,0.0,0.009505936212940764,0.00017406951497785686,0.0
0.013354515629298987,1.0,7.94e-06,1.0,0.0,0.009505936212940764,0.00017406951497785686,0.0
0.013354515629298987,1.0,1e-05,1.0,0.0,0.009505936212940764,0.00017406951497785686,0.0
0.013354515629298987,1.0,1.26e-05,1.0,0.0,0.009505936212940764,0.00017406951497785686,0.0
0.013354515629298987,1.0,1.58e-05,1.0,0.0,0.009505936212940764,0.00017406951497785686,0.0
0.013354515629298987,1.0,2e-05,1.0,3.3333333333333335e-05,0.009505936212940764,0.00017406951497785686,0.3802374485176306
0.013354515629298987,1.0,2.51e-05,1.0,0.0,0.009505936212940764,0.00017406951497785686,0.0
0.013354515629298987,1.0,3.16e-05,1.0,3.3333333333333335e-05,0.009505936212940764,0.00017406951497785686,0.3802374485176306
0.013354515629298987,1.0,3.98e-05,1.0,0.0,0.009505936212940764,0.00017406951497785686,0.0
0.013354515629298987,1.0,5.01e-05,1.0,0.0001,0.009505936212940764,0.00017406951497785686,1.1407123455528916
0.013354515629298987,1.0,6.31e-05,1.0,0.00016666666666666666,0.009505936212940764,0.00017406951497785686,1.9011872425881529
0.013354515629298987,1.0,7.94e-05,1.0,6.666666666666667e-05,0.009505936212940764,0.00017406951497785686,0.7604748970352612
0.013354515629298987,1.0,0.0001,1.0,0.0002666666666666667,0.009505936212940764,0.00017406951497785686,3.0418995881410447
0.013354515629298987,1.0,0.000126,1.0,0.00036666666666666667,0.009505936212940764,0.00017406951497785686,4.182611933693937
0.013354515629298987,1.0,0.000158,1.0,0.0007,0.009505936212940764,0.00017406951497785686,7.984986418870242
0.013354515629298987,1.0,0.0002,1.0,0.001,0.009505936212940764,0.00017406951497785686,11.407123455528918
0.013354515629298987,1.0,0.000251,1.0,0.0014666666666666667,0.009505936212940764,0.00017406951497785686,16.730447734775748
0.013354515629298987,1.0,0.000316,1.0,0.0017333333333333333,0.009505936212940764,0.00017406951497785686,19.772347322916787
0.013354515629298987,1.0,0.000398,1.0,0.003266666666666667,0.009505936212940764,0.00017406951497785686,37.2632699547278
0.013354515629298987,1.0,0.000501,1.0,0.005033333333333333,0.009505936212940764,0.00017406951497785686,57.41585472616221
0.013354515629298987,1.0,0.000631,1.0,0.006166666666666667,0.009505936212940764,0.00017406951497785686,70.34392797576166
0.013354515629298987,1.0,0.000794,1.0,0.008366666666666666,0.009505936212940764,0.00017406951497785686,95.43959957792526
0.013354515629298987,1.0,0.001,1.0,0.007266666666666667,0.009505936212940764,0.00017406951497785686,82.89176377684346
0.013354515629298987,1.0,0.00126,1.0,0.0081,0.009505936212940764,0.00017406951497785686,92.39769998978423
0.013354515629298987,1.0,0.00158,1.0,0.004066666666666666,0.009505936212940764,0.00017406951497785686,46.388968719150924
0.013354515629298987,1.0,0.002,1.0,0.0021,0.009505936212940764,0.00017406951497785686,23.954959256610724
0.013354515629298987,1.0,0.00251,1.0,0.0006666666666666666,0.009505936212940764,0.00017406951497785686,7.604748970352611
0.013354515629298987,1.0,0.00316,1.0,6.666666666666667e-05,0.009505936212940764,0.00017406951497785686,0.7604748970352612
0.013354515629298987,1.0,0.00398,1.0,6.666666666666667e-05,0.009505936212940764,0.00017406951497785686,0.7604748970352612
0.013354515629298987,1.0,0.00501,1.0,0.0,0.009505936212940764,0.00017406951497785686,0.0
0.013354515629298987,1.0,0.00631,1.0,0.0,0.009505936212940764,0.00017406951497785686,0.0
0.013987131026472387,1.0,1e-06,1.0,0.0,0.010427700977995212,0.00019094856213139008,0.0
0.013987131026472387,1.0,1.26e-06,1.0,0.0,0.010427700977995212,0.00019094856213139008,0.0
0.013987131026472387,1.0,1.58e-06,1.0,0.0,0.010427700977995212,0.00019094856213139008,0.0
0.013987131026472387,1.0,2e-06,1.0,0.0,0.010427700977995212,0.00019094856213139008,0.0
0.013987131026472387,1.0,2.51e-06,1.0,0.0,0.010427700977995212,0.00019094856213139008,0.0
0.013987131026472387,1.0,3.16e-06,1.0,0.0,0.010427700977995212,0.00019094856213139008,0.0
0.013987131026472387,1.0,3.98e-06,1.0,0.0,0.010427700977995212,0.00019094856213139008,0.0
0.013987131026472387,1.0,5.01e-06,1.0,0.0,0.010427700977995212,0.00019094856213139008,0.0
0.013987131026472387,1.0,6.31e-06,1.0,0.0,0.010427700977995212,0.00019094856213139008,0.0
0.013987131026472387,1.0,7.94e-06,1.0,0.0,0.010427700977995212,0.00019094856213139008,0.0
0.013987131026472387,1.0,1e-05,1.0,0.0,0.010427700977995212,0.00019094856213139008,0.0
0.013987131026472387,1.0,1.26e-05,1.0,0.0,0.010427700977995212,0.00019094856213139008,0.0
0.013987131026472387,1.0,1.58e-05,1.0,0.0,0.010427700977995212,0.00019094856213139008,0.0
0.013987131026472387,1.0,2e-05,1.0,3.3333333333333335e-05,0.010427700977995212,0.00019094856213139008,0.41710803911980854
0.013987131026472387,1.0,2.51e-05,1.0,0.0,0.010427700977995212,0.00019094856213139008,0.0
0.013987131026472387,1.0,3.16e-05,1.0,3.3333333333333335e-05,0.010427700977995212,0.00019094856213139008,0.41710803911980854
0.013987131026472387,1.0,3.98e-05,1.0,0.0,0.010427700977995212,0.00019094856213139008,0.0
0.013987131026472387,1.0,5.01e-05,1.0,0.0001,0.010427700977995212,0.00019094856213139008,1.2513241173594256
0.013987131026472387,1.0,6.31e-05,1.0,0.00016666666666666666,0.010427700977995212,0.00019094856213139008,2.0855401955990422
0.013987131026472387,1.0,7.94e-05,1.0,6.666666666666667e-05,0.010427700977995212,0.00019094856213139008,0.8342160782396171
0.013987131026472387,1.0,0.0001,1.0,0.0002666666666666667,0.010427700977995212,0.00019094856213139008,3.3368643129584683
0.013987131026472387,1.0,0.000126,1.0,0.00036666666666666667,0.010427700977995212,0.00019094856213139008,4.588188430317894
0.013987131026472387,1.0,0.000158,1.0,0.0007,0.010427700977995212,0.00019094856213139008,8.75926882151598
0.013987131026472387,1.0,0.0002,1.0,0.001,0.010427700977995212,0.00019094856213139008,12.513241173594254
0.013987131026472387,1.0,0.000251,1.0,0.0014666666666666667,0.010427700977995212,0.00019094856213139008,18.352753721271576
0.013987131026472387,1.0,0.000316,1.0,0.0017333333333333333,0.010427700977995212,0.00019094856213139008,21.68961803423004
0.013987131026472387,1.0,0.000398,1.0,0.003266666666666667,0.010427700977995212,0.00019094856213139008,40.87658783374124
0.013987131026472387,1.0,0.000501,1.0,0.005033333333333333,0.010427700977995212,0.00019094856213139008,62.98331390709108
0.013987131026472387,1.0,0.000631,1.0,0.006166666666666667,0.010427700977995212,0.00019094856213139008,77.16498723716457
0.013987131026472387,1.0,0.000794,1.0,0.008366666666666666,0.010427700977995212,0.00019094856213139008,104.69411781907193
0.013987131026472387,1.0,0.001,1.0,0.007266666666666667,0.010427700977995212,0.00019094856213139008,90.92955252811826
0.013987131026472387,1.0,0.00126,1.0,0.0081,0.010427700977995212,0.00019094856213139008,101.35725350611347
0.013987131026472387,1.0,0.00158,1.0,0.004066666666666666,0.010427700977995212,0.00019094856213139008,50.88718077261663
0.013987131026472387,1.0,0.002,1.0,0.0021,0.010427700977995212,0.00019094856213139008,26.277806464547936
0.013987131026472387,1.0,0.00251,1.0,0.0006666666666666666,0.010427700977995212,0.00019094856213139008,8.342160782396169
0.013987131026472387,1.0,0.00316,1.0,6.666666666666667e-05,0.010427700977995212,0.00019094856213139008,0.8342160782396171
0.013987131026472387,1.0,0.00398,1.0,6.666666666666667e-05,0.010427700977995212,0.00019094856213139008,0.8342160782396171
0.013987131026472387,1.0,0.00501,1.0,0.0,0.010427700977995212,0.00019094856213139008,0.0
0.013987131026472387,1.0,0.00631,1.0,0.0,0.010427700977995212,0.00019094856213139008,0.0
0.014649713983072856,1.0,1e-06,1.0,0.0,0.011438828038456557,0.00020946398166007247,0.0
0.014649713983072856,1.0,1.26e-06,1.0,0.0,0.011438828038456557,0.00020946398166007247,0.0
0.014649713983072856,1.0,1.58e-06,1.0,0.0,0.011438828038456557,0.00020946398166007247,0.0
0.014649713983072856,1.0,2e-06,1.0,0.0,0.011438828038456557,0.00020946398166007247,0.0
0.014649713983072856,1.0,2.51e-06,1.0,0.0,0.011438828038456557,0.00020946398166007247,0.0
0.014649713983072856,1.0,3.16e-06,1.0,0.0,0.011438828038456557,0.00020946398166007247,0.0
0.014649713983072856,1.0,3.98e-06,1.0,0.0,0.011438828038456557,0.00020946398166007247,0.0
0.014649713983072856,1.0,5.01e-06,1.0,0.0,0.011438828038456557,0.00020946398166007247,0.0
0.014649713983072856,1.0,6.31e-06,1.0,0.0,0.011438828038456557,0.00020946398166007247,0.0
0.014649713983072856,1.0,7.94e-06,1.0,0.0,0.011438828038456557,0.00020946398166007247,0.0
0.014649713983072856,1.0,1e-05,1.0,0.0,0.011438828038456557,0.00020946398166007247,0.0
0.014649713983072856,1.0,1.26e-05,1.0,0.0,0.011438828038456557,0.00020946398166007247,0.0
0.014649713983072856,1.0,1.58e-05,1.0,0.0,0.011438828038456557,0.00020946398166007247,0.0
0.014649713983072856,1.0,2e-05,1.0,3.3333333333333335e-05,0.011438828038456557,0.00020946398166007247,0.4575531215382623
0.014649713983072856,1.0,2.51e-05,1.0,0.0,0.011438828038456557,0.00020946398166007247,0.0
0.014649713983072856,1.0,3.16e-05,1.0,3.3333333333333335e-05,0.011438828038456557,0.00020946398166007247,0.4575531215382623
0.014649713983072856,1.0,3.98e-05,1.0,0.0,0.011438828038456557,0.00020946398166007247,0.0
0.014649713983072856,1.0,5.01e-05,1.0,0.0001,0.011438828038456557,0.00020946398166007247,1.3726593646147869
0.014649713983072856,1.0,6.31e-05,1.0,0.00016666666666666666,0.011438828038456557,0.00020946398166007247,2.2877656076913113
0.014649713983072856,1.0,7.94e-05,1.0,6.666666666666667e-05,0.011438828038456557,0.00020946398166007247,0.9151062430765246
0.014649713983072856,1.0,0.0001,1.0,0.0002666666666666667,0.011438828038456557,0.00020946398166007247,3.660424972306098
0.014649713983072856,1.0,0.000126,1.0,0.00036666666666666667,0.011438828038456557,0.00020946398166007247,5.0330843369208855
0.014649713983072856,1.0,0.000158,1.0,0.0007,0.011438828038456557,0.00020946398166007247,9.608615552303508
0.014649713983072856,1.0,0.0002,1.0,0.001,0.011438828038456557,0.00020946398166007247,13.726593646147869
0.014649713983072856,1.0,0.000251,1.0,0.0014666666666666667,0.011438828038456557,0.00020946398166007247,20.132337347683542
0.014649713983072856,1.0,0.000316,1.0,0.0017333333333333333,0.011438828038456557,0.00020946398166007247,23.792762319989638
0.014649713983072856,1.0,0.000398,1.0,0.003266666666666667,0.011438828038456557,0.00020946398166007247,44.84020591074971
0.014649713983072856,1.0,0.000501,1.0,0.005033333333333333,0.011438828038456557,0.00020946398166007247,69.0905213522776
0.014649713983072856,1.0,0.000631,1.0,0.006166666666666667,0.011438828038456557,0.00020946398166007247,84.64732748457851
0.014649713983072856,1.0,0.000794,1.0,0.008366666666666666,0.011438828038456557,0.00020946398166007247,114.84583350610383
0.014649713983072856,1.0,0.001,1.0,0.007266666666666667,0.011438828038456557,0.00020946398166007247,99.74658049534118
0.014649713983072856,1.0,0.00126,1.0,0.0081,0.011438828038456557,0.00020946398166007247,111.18540853379773
0.014649713983072856,1.0,0.00158,1.0,0.004066666666666666,0.011438828038456557,0.00020946398166007247,55.821480827668
0.014649713983072856,1.0,0.002,1.0,0.0021,0.011438828038456557,0.00020946398166007247,28.825846656910525
0.014649713983072856,1.0,0.00251,1.0,0.0006666666666666666,0.011438828038456557,0.00020946398166007247,9.151062430765245
0.014649713983072856,1.0,0.00316,1.0,6.666666666666667e-05,0.011438828038456557,0.00020946398166007247,0.9151062430765246
0.014649713983072856,1.0,0.00398,1.0,6.666666666666667e-05,0.011438828038456557,0.00020946398166007247,0.9151062430765246
0.014649713983072856,1.0,0.00501,1.0,0.0,0.011438828038456557,0.00020946398166007247,0.0
0.014649713983072856,1.0,0.00631,1.0,0.0,0.011438828038456557,0.00020946398166007247,0.0
0.015343684089300124,1.0,1e-06,1.0,0.0,0.012547976990173588,0.00022977434517805508,0.0
0.015343684089300124,1.0,1.26e-06,1.0,0.0,0.012547976990173588,0.00022977434517805508,0.0
0.015343684089300124,1.0,1.58e-06,1.0,0.0,0.012547976990173588,0.00022977434517805508,0.0
0.015343684089300124,1.0,2e-06,1.0,0.0,0.012547976990173588,0.00022977434517805508,0.0
0.015343684089300124,1.0,2.51e-06,1.0,0.0,0.012547976990173588,0.00022977434517805508,0.0
0.015343684089300124,1.0,3.16e-06,1.0,0.0,0.012547976990173588,0.00022977434517805508,0.0
0.015343684089300124,1.0,3.98e-06,1.0,0.0,0.012547976990173588,0.00022977434517805508,0.0
0.015343684089300124,1.0,5.01e-06,1.0,0.0,0.012547976990173588,0.00022977434517805508,0.0
0.015343684089300124,1.0,6.31e-06,1.0,0.0,0.012547976990173588,0.00022977434517805508,0.0
0.015343684089300124,1.0,7.94e-06,1.0,0.0,0.012547976990173588,0.00022977434517805508,0.0
0.015343684089300124,1.0,1e-05,1.0,0.0,0.012547976990173588,0.00022977434517805508,0.0
0.015343684089300124,1.0,1.26e-05,1.0,0.0,0.012547976990173588,0.00022977434517805508,0.0
0.015343684089300124,1.0,1.58e-05,1.0,0.0,0.012547976990173588,0.00022977434517805508,0.0
0.015343684089300124,1.0,2e-05,1.0,3.3333333333333335e-05,0.012547976990173588,0.00022977434517805508,0.5019190796069436
0.015343684089300124,1.0,2.51e-05,1.0,0.0,0.012547976990173588,0.00022977434517805508,0.0
0.015343684089300124,1.0,3.16e-05,1.0,3.3333333333333335e-05,0.012547976990173588,0.00022977434517805508,0.5019190796069436
0.015343684089300124,1.0,3.98e-05,1.0,0.0,0.012547976990173588,0.00022977434517805508,0.0
0.015343684089300124,1.0,5.01e-05,1.0,0.0001,0.012547976990173588,0.00022977434517805508,1.5057572388208307
0.015343684089300124,1.0,6.31e-05,1.0,0.00016666666666666666,0.012547976990173588,0.00022977434517805508,2.5095953980347177
0.015343684089300124,1.0,7.94e-05,1.0,6.666666666666667e-05,0.012547976990173588,0.00022977434517805508,1.0038381592138872
0.015343684089300124,1.0,0.0001,1.0,0.0002666666666666667,0.012547976990173588,0.00022977434517805508,4.015352636855549
0.015343684089300124,1.0,0.000126,1.0,0.00036666666666666667,0.012547976990173588,0.00022977434517805508,5.5211098756763795
0.015343684089300124,1.0,0.000158,1.0,0.0007,0.012547976990173588,0.00022977434517805508,10.540300671745815
0.015343684089300124,1.0,0.0002,1.0,0.001,0.012547976990173588,0.00022977434517805508,15.057572388208307
0.015343684089300124,1.0,0.000251,1.0,0.0014666666666666667,0.012547976990173588,0.00022977434517805508,22.084439502705518
0.015343684089300124,1.0,0.000316,1.0,0.0017333333333333333,0.012547976990173588,0.00022977434517805508,26.09979213956106
0.015343684089300124,1.0,0.000398,1.0,0.003266666666666667,0.012547976990173588,0.00022977434517805508,49.188069801480474
0.015343684089300124,1.0,0.000501,1.0,0.005033333333333333,0.012547976990173588,0.00022977434517805508,75.78978102064848
0.015343684089300124,1.0,0.000631,1.0,0.006166666666666667,0.012547976990173588,0.00022977434517805508,92.85502972728455
0.015343684089300124,1.0,0.000794,1.0,0.008366666666666666,0.012547976990173588,0.00022977434517805508,125.98168898134281
0.015343684089300124,1.0,0.001,1.0,0.007266666666666667,0.012547976990173588,0.00022977434517805508,109.41835935431368
0.015343684089300124,1.0,0.00126,1.0,0.0081,0.012547976990173588,0.00022977434517805508,121.96633634448727
0.015343684089300124,1.0,0.00158,1.0,0.004066666666666666,0.012547976990173588,0.00022977434517805508,61.23412771204711
0.015343684089300124,1.0,0.002,1.0,0.0021,0.012547976990173588,0.00022977434517805508,31.620902015237437
0.015343684089300124,1.0,0.00251,1.0,0.0006666666666666666,0.012547976990173588,0.00022977434517805508,10.03838159213887
0.015343684089300124,1.0,0.00316,1.0,6.666666666666667e-05,0.012547976990173588,0.00022977434517805508,1.0038381592138872
0.015343684089300124,1.0,0.00398,1.0,6.666666666666667e-05,0.012547976990173588,0.00022977434517805508,1.0038381592138872
0.015343684089300124,1.0,0.00501,1.0,0.0,0.012547976990173588,0.00022977434517805508,0.0
0.015343684089300124,1.0,0.00631,1.0,0.0,0.012547976990173588,0.00022977434517805508,0.0
0.01607052818261639,1.0,1e-06,1.0,0.0,0.013764645807458472,0.0002520535764046598,0.0
0.01607052818261639,1.0,1.26e-06,1.0,0.0,0.013764645807458472,0.0002520535764046598,0.0
0.01607052818261639,1.0,1.58e-06,1.0,0.0,0.013764645807458472,0.0002520535764046598,0.0
0.01607052818261639,1.0,2e-06,1.0,0.0,0.013764645807458472,0.0002520535764046598,0.0
0.01607052818261639,1.0,2.51e-06,1.0,0.0,0.013764645807458472,0.0002520535764046598,0.0
0.01607052818261639,1.0,3.16e-06,1.0,0.0,0.013764645807458472,0.0002520535764046598,0.0
0.01607052818261639,1.0,3.98e-06,1.0,0.0,0.013764645807458472,0.0002520535764046598,0.0
0.01607052818261639,1.0,5.01e-06,1.0,0.0,0.013764645807458472,0.0002520535764046598,0.0
0.01607052818261639,1.0,6.31e-06,1.0,0.0,0.013764645807458472,0.0002520535764046598,0.0
0.01607052818261639,1.0,7.94e-06,1.0,0.0,0.013764645807458472,0.0002520535764046598,0.0
0.01607052818261639,1.0,1e-05,1.0,0.0,0.013764645807458472,0.0002520535764046598,0.0
0.01607052818261639,1.0,1.26e-05,1.0,0.0,0.013764645807458472,0.0002520535764046598,0.0
0.01607052818261639,1.0,1.58e-05,1.0,0.0,0.013764645807458472,0.0002520535764046598,0.0
0.01607052818261639,1.0,2e-05,1.0,3.3333333333333335e-05,0.013764645807458472,0.0002520535764046598,0.5505858322983389
0.01607052818261639,1.0,2.51e-05,1.0,0.0,0.013764645807458472,0.0002520535764046598,0.0
0.01607052818261639,1.0,3.16e-05,1.0,3.3333333333333335e-05,0.013764645807458472,0.0002520535764046598,0.5505858322983389
0.01607052818261639,1.0,3.98e-05,1.0,0.0,0.013764645807458472,0.0002520535764046598,0.0
0.01607052818261639,1.0,5.01e-05,1.0,0.0001,0.013764645807458472,0.0002520535764046598,1.6517574968950168
0.01607052818261639,1.0,6.31e-05,1.0,0.00016666666666666666,0.013764645807458472,0.0002520535764046598,2.7529291614916946
0.01607052818261639,1.0,7.94e-05,1.0,6.666666666666667e-05,0.013764645807458472,0.0002520535764046598,1.1011716645966778
0.01607052818261639,1.0,0.0001,1.0,0.0002666666666666667,0.013764645807458472,0.0002520535764046598,4.404686658386711
0.01607052818261639,1.0,0.000126,1.0,0.00036666666666666667,0.013764645807458472,0.0002520535764046598,6.056444155281729
0.01607052818261639,1.0,0.000158,1.0,0.0007,0.013764645807458472,0.0002520535764046598,11.562302478265117
0.01607052818261639,1.0,0.0002,1.0,0.001,0.013764645807458472,0.0002520535764046598,16.517574968950168
0.01607052818261639,1.0,0.000251,1.0,0.0014666666666666667,0.013764645807458472,0.0002520535764046598,24.225776621126915
0.01607052818261639,1.0,0.000316,1.0,0.0017333333333333333,0.013764645807458472,0.0002520535764046598,28.630463279513624
0.01607052818261639,1.0,0.000398,1.0,0.003266666666666667,0.013764645807458472,0.0002520535764046598,53.957411565237216
0.01607052818261639,1.0,0.000501,1.0,0.005033333333333333,0.013764645807458472,0.0002520535764046598,83.13846067704918
0.01607052818261639,1.0,0.000631,1.0,0.006166666666666667,0.013764645807458472,0.0002520535764046598,101.85837897519271
0.01607052818261639,1.0,0.000794,1.0,0.008366666666666666,0.013764645807458472,0.0002520535764046598,138.19704390688307
0.01607052818261639,1.0,0.001,1.0,0.007266666666666667,0.013764645807458472,0.0002520535764046598,120.02771144103791
0.01607052818261639,1.0,0.00126,1.0,0.0081,0.013764645807458472,0.0002520535764046598,133.79235724849636
0.01607052818261639,1.0,0.00158,1.0,0.004066666666666666,0.013764645807458472,0.0002520535764046598,67.17147154039735
0.01607052818261639,1.0,0.002,1.0,0.0021,0.013764645807458472,0.0002520535764046598,34.68690743479535
0.01607052818261639,1.0,0.00251,1.0,0.0006666666666666666,0.013764645807458472,0.0002520535764046598,11.011716645966779
0.01607052818261639,1.0,0.00316,1.0,6.666666666666667e-05,0.013764645807458472,0.0002520535764046598,1.1011716645966778
0.01607052818261639,1.0,0.00398,1.0,6.666666666666667e-05,0.013764645807458472,0.0002520535764046598,1.1011716645966778
0.01607052818261639,1.0,0.00501,1.0,0.0,0.013764645807458472,0.0002520535764046598,0.0
0.01607052818261639,1.0,0.00631,1.0,0.0,0.013764645807458472,0.0002520535764046598,0.0
0.016831803533309566,1.0,1e-06,1.0,0.0,0.015099251853269774,0.0002764924345956743,0.0
0.016831803533309566,1.0,1.26e-06,1.0,0.0,0.015099251853269774,0.0002764924345956743,0.0
0.016831803533309566,1.0,1.58e-06,1.0,0.0,0.015099251853269774,0.0002764924345956743,0.0
0.016831803533309566,1.0,2e-06,1.0,0.0,0.015099251853269774,0.0002764924345956743,0.0
0.016831803533309566,1.0,2.51e-06,1.0,0.0,0.015099251853269774,0.0002764924345956743,0.0
0.016831803533309566,1.0,3.16e-06,1.0,0.0,0.015099251853269774,0.0002764924345956743,0.0
0.016831803533309566,1.0,3.98e-06,1.0,0.0,0.015099251853269774,0.0002764924345956743,0.0
0.016831803533309566,1.0,5.01e-06,1.0,0.0,0.015099251853269774,0.0002764924345956743,0.0
0.016831803533309566,1.0,6.31e-06,1.0,0.0,0.015099251853269774,0.0002764924345956743,0.0
0.016831803533309566,1.0,7.94e-06,1.0,0.0,0.015099251853269774,0.0002764924345956743,0.0
0.016831803533309566,1.0,1e-05,1.0,0.0,0.015099251853269774,0.0002764924345956743,0.0
0.016831803533309566,1.0,1.26e-05,1.0,0.0,0.015099251853269774,0.0002764924345956743,0.0
0.016831803533309566,1.0,1.58e-05,1.0,0.0,0.015099251853269774,0.0002764924345956743,0.0
0.016831803533309566,1.0,2e-05,1.0,3.3333333333333335e-05,0.015099251853269774,0.0002764924345956743,0.6039700741307911
0.016831803533309566,1.0,2.51e-05,1.0,0.0,0.015099251853269774,0.0002764924345956743,0.0
0.016831803533309566,1.0,3.16e-05,1.0,3.3333333333333335e-05,0.015099251853269774,0.0002764924345956743,0.6039700741307911
0.016831803533309566,1.0,3.98e-05,1.0,0.0,0.015099251853269774,0.0002764924345956743,0.0
0.016831803533309566,1.0,5.01e-05,1.0,0.0001,0.015099251853269774,0.0002764924345956743,1.811910222392373
0.016831803533309566,1.0,6.31e-05,1.0,0.00016666666666666666,0.015099251853269774,0.0002764924345956743,3.019850370653955
0.016831803533309566,1.0,7.94e-05,1.0,6.666666666666667e-05,0.015099251853269774,0.0002764924345956743,1.2079401482615821
0.016831803533309566,1.0,0.0001,1.0,0.0002666666666666667,0.015099251853269774,0.0002764924345956743,4.8317605930463285
0.016831803533309566,1.0,0.000126,1.0,0.00036666666666666667,0.015099251853269774,0.0002764924345956743,6.643670815438701
0.016831803533309566,1.0,0.000158,1.0,0.0007,0.015099251853269774,0.0002764924345956743,12.68337155674661
0.016831803533309566,1.0,0.0002,1.0,0.001,0.015099251853269774,0.0002764924345956743,18.11910222392373
0.016831803533309566,1.0,0.000251,1.0,0.0014666666666666667,0.015099251853269774,0.0002764924345956743,26.574683261754803
0.016831803533309566,1.0,0.000316,1.0,0.0017333333333333333,0.015099251853269774,0.0002764924345956743,31.406443854801132
0.016831803533309566,1.0,0.000398,1.0,0.003266666666666667,0.015099251853269774,0.0002764924345956743,59.18906726481752
0.016831803533309566,1.0,0.000501,1.0,0.005033333333333333,0.015099251853269774,0.0002764924345956743,91.19948119374943
0.016831803533309566,1.0,0.000631,1.0,0.006166666666666667,0.015099251853269774,0.0002764924345956743,111.73446371419635
0.016831803533309566,1.0,0.000794,1.0,0.008366666666666666,0.015099251853269774,0.0002764924345956743,151.59648860682853
0.016831803533309566,1.0,0.001,1.0,0.007266666666666667,0.015099251853269774,0.0002764924345956743,131.66547616051244
0.016831803533309566,1.0,0.00126,1.0,0.0081,0.015099251853269774,0.0002764924345956743,146.76472801378222
0.016831803533309566,1.0,0.00158,1.0,0.004066666666666666,0.015099251853269774,0.0002764924345956743,73.68434904395649
0.016831803533309566,1.0,0.002,1.0,0.0021,0.015099251853269774,0.0002764924345956743,38.05011467023983
0.016831803533309566,1.0,0.00251,1.0,0.0006666666666666666,0.015099251853269774,0.0002764924345956743,12.07940148261582
0.016831803533309566,1.0,0.00316,1.0,6.666666666666667e-05,0.015099251853269774,0.0002764924345956743,1.2079401482615821
0.016831803533309566,1.0,0.00398,1.0,6.666666666666667e-05,0.015099251853269774,0.0002764924345956743,1.2079401482615821
0.016831803533309566,1.0,0.00501,1.0,0.0,0.015099251853269774,0.0002764924345956743,0.0
0.016831803533309566,1.0,0.00631,1.0,0.0,0.015099251853269774,0.0002764924345956743,0.0
0.01762914118095948,1.0,1e-06,1.0,0.0,0.01656322068517169,0.00030330014072828585,0.0
0.01762914118095948,1.0,1.26e-06,1.0,0.0,0.01656322068517169,0.00030330014072828585,0.0
0.01762914118095948,1.0,1.58e-06,1.0,0.0,0.01656322068517169,0.00030330014072828585,0.0
0.01762914118095948,1.0,2e-06,1.0,0.0,0.01656322068517169,0.00030330014072828585,0.0
0.01762914118095948,1.0,2.51e-06,1.0,0.0,0.01656322068517169,0.00030330014072828585,0.0
0.01762914118095948,1.0,3.16e-06,1.0,0.0,0.01656322068517169,0.00030330014072828585,0.0
0.01762914118095948,1.0,3.98e-06,1.0,0.0,0.01656322068517169,0.00030330014072828585,0.0
0.01762914118095948,1.0,5.01e-06,1.0,0.0,0.01656322068517169,0.00030330014072828585,0.0
0.01762914118095948,1.0,6.31e-06,1.0,0.0,0.01656322068517169,0.00030330014072828585,0.0
0.01762914118095948,1.0,7.94e-06,1.0,0.0,0.01656322068517169,0.00030330014072828585,0.0
0.01762914118095948,1.0,1e-05,1.0,0.0,0.01656322068517169,0.00030330014072828585,0.0
0.01762914118095948,1.0,1.26e-05,1.0,0.0,0.01656322068517169,0.00030330014072828585,0.0
0.01762914118095948,1.0,1.58e-05,1.0,0.0,0.01656322068517169,0.00030330014072828585,0.0
0.01762914118095948,1.0,2e-05,1.0,3.3333333333333335e-05,0.01656322068517169,0.00030330014072828585,0.6625288274068677
0.01762914118095948,1.0,2.51e-05,1.0,0.0,0.01656322068517169,0.00030330014072828585,0.0
0.01762914118095948,1.0,3.16e-05,1.0,3.3333333333333335e-05,0.01656322068517169,0.00030330014072828585,0.6625288274068677
0.01762914118095948,1.0,3.98e-05,1.0,0.0,0.01656322068517169,0.00030330014072828585,0.0
0.01762914118095948,1.0,5.01e-05,1.0,0.0001,0.01656322068517169,0.00030330014072828585,1.987586482220603
0.01762914118095948,1.0,6.31e-05,1.0,0.00016666666666666666,0.01656322068517169,0.00030330014072828585,3.3126441370343382
0.01762914118095948,1.0,7.94e-05,1.0,6.666666666666667e-05,0.01656322068517169,0.00030330014072828585,1.3250576548137354
0.01762914118095948,1.0,0.0001,1.0,0.0002666666666666667,0.01656322068517169,0.00030330014072828585,5.3002306192549415
0.01762914118095948,1.0,0.000126,1.0,0.00036666666666666667,0.01656322068517169,0.00030330014072828585,7.287817101475544
0.01762914118095948,1.0,0.000158,1.0,0.0007,0.01656322068517169,0.00030330014072828585,13.91310537554422
0.01762914118095948,1.0,0.0002,1.0,0.001,0.01656322068517169,0.00030330014072828585,19.87586482220603
0.01762914118095948,1.0,0.000251,1.0,0.0014666666666666667,0.01656322068517169,0.00030330014072828585,29.151268405902176
0.01762914118095948,1.0,0.000316,1.0,0.0017333333333333333,0.01656322068517169,0.00030330014072828585,34.45149902515711
0.01762914118095948,1.0,0.000398,1.0,0.003266666666666667,0.01656322068517169,0.00030330014072828585,64.92782508587304
0.01762914118095948,1.0,0.000501,1.0,0.005033333333333333,0.01656322068517169,0.00030330014072828585,100.04185293843702
0.01762914118095948,1.0,0.000631,1.0,0.006166666666666667,0.01656322068517169,0.00030330014072828585,122.56783307027052
0.01762914118095948,1.0,0.000794,1.0,0.008366666666666666,0.01656322068517169,0.00030330014072828585,166.2947356791238
0.01762914118095948,1.0,0.001,1.0,0.007266666666666667,0.01656322068517169,0.00030330014072828585,144.43128437469716
0.01762914118095948,1.0,0.00126,1.0,0.0081,0.01656322068517169,0.00030330014072828585,160.99450505986886
0.01762914118095948,1.0,0.00158,1.0,0.004066666666666666,0.01656322068517169,0.00030330014072828585,80.82851694363785
0.01762914118095948,1.0,0.002,1.0,0.0021,0.01656322068517169,0.00030330014072828585,41.739316126632666
0.01762914118095948,1.0,0.00251,1.0,0.0006666666666666666,0.01656322068517169,0.00030330014072828585,13.250576548137353
0.01762914118095948,1.0,0.00316,1.0,6.666666666666667e-05,0.01656322068517169,0.00030330014072828585,1.3250576548137354
0.01762914118095948,1.0,0.00398,1.0,6.666666666666667e-05,0.01656322068517169,0.00030330014072828585,1.3250576548137354
0.01762914118095948,1.0,0.00501,1.0,0.0,0.01656322068517169,0.00030330014072828585,0.0
0.01762914118095948,1.0,0.00631,1.0,0.0,0.01656322068517169,0.00030330014072828585,0.0
0.018464249428955436,1.0,1e-06,1.0,0.0,0.018169083400755463,0.00033270616005778175,0.0
0.018464249428955436,1.0,1.26e-06,1.0,0.0,0.018169083400755463,0.00033270616005778175,0.0
0.018464249428955436,1.0,1.58e-06,1.0,0.0,0.018169083400755463,0.00033270616005778175,0.0
0.018464249428955436,1.0,2e-06,1.0,0.0,0.018169083400755463,0.00033270616005778175,0.0
0.018464249428955436,1.0,2.51e-06,1.0,0.0,0.018169083400755463,0.00033270616005778175,0.0
0.018464249428955436,1.0,3.16e-06,1.0,0.0,0.018169083400755463,0.00033270616005778175,0.0
0.018464249428955436,1.0,3.98e-06,1.0,0.0,0.018169083400755463,0.00033270616005778175,0.0
0.018464249428955436,1.0,5.01e-06,1.0,0.0,0.018169083400755463,0.00033270616005778175,0.0
0.018464249428955436,1.0,6.31e-06,1.0,0.0,0.018169083400755463,0.00033270616005778175,0.0
0.018464249428955436,1.0,7.94e-06,1.0,0.0,0.018169083400755463,0.00033270616005778175,0.0
0.018464249428955436,1.0,1e-05,1.0,0.0,0.018169083400755463,0.00033270616005778175,0.0
0.018464249428955436,1.0,1.26e-05,1.0,0.0,0.018169083400755463,0.00033270616005778175,0.0
0.018464249428955436,1.0,1.58e-05,1.0,0.0,0.018169083400755463,0.00033270616005778175,0.0
0.018464249428955436,1.0,2e-05,1.0,3.3333333333333335e-05,0.018169083400755463,0.00033270616005778175,0.7267633360302186
0.018464249428955436,1.0,2.51e-05,1.0,0.0,0.018169083400755463,0.00033270616005778175,0.0
0.018464249428955436,1.0,3.16e-05,1.0,3.3333333333333335e-05,0.018169083400755463,0.00033270616005778175,0.7267633360302186
0.018464249428955436,1.0,3.98e-05,1.0,0.0,0.018169083400755463,0.00033270616005778175,0.0
0.018464249428955436,1.0,5.01e-05,1.0,0.0001,0.018169083400755463,0.00033270616005778175,2.180290008090656
0.018464249428955436,1.0,6.31e-05,1.0,0.00016666666666666666,0.018169083400755463,0.00033270616005778175,3.6338166801510923
0.018464249428955436,1.0,7.94e-05,1.0,6.666666666666667e-05,0.018169083400755463,0.00033270616005778175,1.4535266720604372
0.018464249428955436,1.0,0.0001,1.0,0.0002666666666666667,0.018169083400755463,0.00033270616005778175,5.814106688241749
0.018464249428955436,1.0,0.000126,1.0,0.00036666666666666667,0.018169083400755463,0.00033270616005778175,7.994396696332405
0.018464249428955436,1.0,0.000158,1.0,0.0007,0.018169083400755463,0.00033270616005778175,15.26203005663459
0.018464249428955436,1.0,0.0002,1.0,0.001,0.018169083400755463,0.00033270616005778175,21.802900080906557
0.018464249428955436,1.0,0.000251,1.0,0.0014666666666666667,0.018169083400755463,0.00033270616005778175,31.97758678532962
0.018464249428955436,1.0,0.000316,1.0,0.0017333333333333333,0.018169083400755463,0.00033270616005778175,37.791693473571364
0.018464249428955436,1.0,0.000398,1.0,0.003266666666666667,0.018169083400755463,0.00033270616005778175,71.22280693096143
0.018464249428955436,1.0,0.000501,1.0,0.005033333333333333,0.018169083400755463,0.00033270616005778175,109.741263740563
0.018464249428955436,1.0,0.000631,1.0,0.006166666666666667,0.018169083400755463,0.00033270616005778175,134.45121716559044
0.018464249428955436,1.0,0.000794,1.0,0.008366666666666666,0.018169083400755463,0.00033270616005778175,182.41759734358484
0.018464249428955436,1.0,0.001,1.0,0.007266666666666667,0.018169083400755463,0.00033270616005778175,158.43440725458765
0.018464249428955436,1.0,0.00126,1.0,0.0081,0.018169083400755463,0.00033270616005778175,176.6034906553431
0.018464249428955436,1.0,0.00158,1.0,0.004066666666666666,0.018169083400755463,0.00033270616005778175,88.66512699568666
0.018464249428955436,1.0,0.002,1.0,0.0021,0.018169083400755463,0.00033270616005778175,45.786090169903765
0.018464249428955436,1.0,0.00251,1.0,0.0006666666666666666,0.018169083400755463,0.00033270616005778175,14.535266720604369
0.018464249428955436,1.0,0.00316,1.0,6.666666666666667e-05,0.018169083400755463,0.00033270616005778175,1.4535266720604372
0.018464249428955436,1.0,0.00398,1.0,6.666666666666667e-05,0.018169083400755463,0.00033270616005778175,1.4535266720604372
0.018464249428955436,1.0,0.00501,1.0,0.0,0.018169083400755463,0.00033270616005778175,0.0
0.018464249428955436,1.0,0.00631,1.0,0.0,0.018169083400755463,0.00033270616005778175,0.0
0.01933891750455231,1.0,1e-06,1.0,0.0,0.019930583335824176,0.0003649621559389155,0.0
0.01933891750455231,1.0,1.26e-06,1.0,0.0,0.019930583335824176,0.0003649621559389155,0.0
0.01933891750455231,1.0,1.58e-06,1.0,0.0,0.019930583335824176,0.0003649621559389155,0.0
0.01933891750455231,1.0,2e-06,1.0,0.0,0.019930583335824176,0.0003649621559389155,0.0
0.01933891750455231,1.0,2.51e-06,1.0,0.0,0.019930583335824176,0.0003649621559389155,0.0
0.01933891750455231,1.0,3.16e-06,1.0,0.0,0.019930583335824176,0.0003649621559389155,0.0
0.01933891750455231,1.0,3.98e-06,1.0,0.0,0.019930583335824176,0.0003649621559389155,0.0
0.01933891750455231,1.0,5.01e-06,1.0,0.0,0.019930583335824176,0.0003649621559389155,0.0
0.01933891750455231,1.0,6.31e-06,1.0,0.0,0.019930583335824176,0.0003649621559389155,0.0
0.01933891750455231,1.0,7.94e-06,1.0,0.0,0.019930583335824176,0.0003649621559389155,0.0
0.01933891750455231,1.0,1e-05,1.0,0.0,0.019930583335824176,0.0003649621559389155,0.0
0.01933891750455231,1.0,1.26e-05,1.0,0.0,0.019930583335824176,0.0003649621559389155,0.0
0.01933891750455231,1.0,1.58e-05,1.0,0.0,0.019930583335824176,0.0003649621559389155,0.0
0.01933891750455231,1.0,2e-05,1.0,3.3333333333333335e-05,0.019930583335824176,0.0003649621559389155,0.7972233334329671
0.01933891750455231,1.0,2.51e-05,1.0,0.0,0.019930583335824176,0.0003649621559389155,0.0
0.01933891750455231,1.0,3.16e-05,1.0,3.3333333333333335e-05,0.019930583335824176,0.0003649621559389155,0.7972233334329671
0.01933891750455231,1.0,3.98e-05,1.0,0.0,0.019930583335824176,0.0003649621559389155,0.0
0.01933891750455231,1.0,5.01e-05,1.0,0.0001,0.019930583335824176,0.0003649621559389155,2.3916700002989013
0.01933891750455231,1.0,6.31e-05,1.0,0.00016666666666666666,0.019930583335824176,0.0003649621559389155,3.986116667164835
0.01933891750455231,1.0,7.94e-05,1.0,6.666666666666667e-05,0.019930583335824176,0.0003649621559389155,1.5944466668659343
0.01933891750455231,1.0,0.0001,1.0,0.0002666666666666667,0.019930583335824176,0.0003649621559389155,6.377786667463737
0.01933891750455231,1.0,0.000126,1.0,0.00036666666666666667,0.019930583335824176,0.0003649621559389155,8.769456667762638
0.01933891750455231,1.0,0.000158,1.0,0.0007,0.019930583335824176,0.0003649621559389155,16.74169000209231
0.01933891750455231,1.0,0.0002,1.0,0.001,0.019930583335824176,0.0003649621559389155,23.916700002989014
0.01933891750455231,1.0,0.000251,1.0,0.0014666666666666667,0.019930583335824176,0.0003649621559389155,35.07782667105055
0.01933891750455231,1.0,0.000316,1.0,0.0017333333333333333,0.019930583335824176,0.0003649621559389155,41.45561333851428
0.01933891750455231,1.0,0.000398,1.0,0.003266666666666667,0.019930583335824176,0.0003649621559389155,78.12788667643078
0.01933891750455231,1.0,0.000501,1.0,0.005033333333333333,0.019930583335824176,0.0003649621559389155,120.38072334837803
0.01933891750455231,1.0,0.000631,1.0,0.006166666666666667,0.019930583335824176,0.0003649621559389155,147.4863166850989
0.01933891750455231,1.0,0.000794,1.0,0.008366666666666666,0.019930583335824176,0.0003649621559389155,200.10305669167474
0.01933891750455231,1.0,0.001,1.0,0.007266666666666667,0.019930583335824176,0.0003649621559389155,173.79468668838683
0.01933891750455231,1.0,0.00126,1.0,0.0081,0.019930583335824176,0.0003649621559389155,193.725270024211
0.01933891750455231,1.0,0.00158,1.0,0.004066666666666666,0.019930583335824176,0.0003649621559389155,97.26124667882198
0.01933891750455231,1.0,0.002,1.0,0.0021,0.019930583335824176,0.0003649621559389155,50.22507000627692
0.01933891750455231,1.0,0.00251,1.0,0.0006666666666666666,0.019930583335824176,0.0003649621559389155,15.94446666865934
0.01933891750455231,1.0,0.00316,1.0,6.666666666666667e-05,0.019930583335824176,0.0003649621559389155,1.5944466668659343
0.01933891750455231,1.0,0.00398,1.0,6.666666666666667e-05,0.019930583335824176,0.0003649621559389155,1.5944466668659343
0.01933891750455231,1.0,0.00501,1.0,0.0,0.019930583335824176,0.0003649621559389155,0.0
0.01933891750455231,1.0,0.00631,1.0,0.0,0.019930583335824176,0.0003649621559389155,0.0
0.020255019392306676,1.0,1e-06,1.0,0.0,0.021862793004498896,0.0004003441311939003,0.0
0.020255019392306676,1.0,1.26e-06,1.0,0.0,0.021862793004498896,0.0004003441311939003,0.0
0.020255019392306676,1.0,1.58e-06,1.0,0.0,0.021862793004498896,0.0004003441311939003,0.0
0.020255019392306676,1.0,2e-06,1.0,0.0,0.021862793004498896,0.0004003441311939003,0.0
0.020255019392306676,1.0,2.51e-06,1.0,0.0,0.021862793004498896,0.0004003441311939003,0.0
0.020255019392306676,1.0,3.16e-06,1.0,0.0,0.021862793004498896,0.0004003441311939003,0.0
0.020255019392306676,1.0,3.98e-06,1.0,0.0,0.021862793004498896,0.0004003441311939003,0.0
0.020255019392306676,1.0,5.01e-06,1.0,0.0,0.021862793004498896,0.0004003441311939003,0.0
0.020255019392306676,1.0,6.31e-06,1.0,0.0,0.021862793004498896,0.0004003441311939003,0.0
0.020255019392306676,1.0,7.94e-06,1.0,0.0,0.021862793004498896,0.0004003441311939003,0.0
0.020255019392306676,1.0,1e-05,1.0,0.0,0.021862793004498896,0.0004003441311939003,0.0
0.020255019392306676,1.0,1.26e-05,1.0,0.0,0.021862793004498896,0.0004003441311939003,0.0
0.020255019392306676,1.0,1.58e-05,1.0,0.0,0.021862793004498896,0.0004003441311939003,0.0
0.020255019392306676,1.0,2e-05,1.0,3.3333333333333335e-05,0.021862793004498896,0.0004003441311939003,0.8745117201799559
0.020255019392306676,1.0,2.51e-05,1.0,0.0,0.021862793004498896,0.0004003441311939003,0.0
0.020255019392306676,1.0,3.16e-05,1.0,3.3333333333333335e-05,0.021862793004498896,0.0004003441311939003,0.8745117201799559
0.020255019392306676,1.0,3.98e-05,1.0,0.0,0.021862793004498896,0.0004003441311939003,0.0
0.020255019392306676,1.0,5.01e-05,1.0,0.0001,0.021862793004498896,0.0004003441311939003,2.6235351605398676
0.020255019392306676,1.0,6.31e-05,1.0,0.00016666666666666666,0.021862793004498896,0.0004003441311939003,4.3725586008997785
0.020255019392306676,1.0,7.94e-05,1.0,6.666666666666667e-05,0.021862793004498896,0.0004003441311939003,1.7490234403599119
0.020255019392306676,1.0,0.0001,1.0,0.0002666666666666667,0.021862793004498896,0.0004003441311939003,6.9960937614396475
0.020255019392306676,1.0,0.000126,1.0,0.00036666666666666667,0.021862793004498896,0.0004003441311939003,9.619628921979514
0.020255019392306676,1.0,0.000158,1.0,0.0007,0.021862793004498896,0.0004003441311939003,18.36474612377907
0.020255019392306676,1.0,0.0002,1.0,0.001,0.021862793004498896,0.0004003441311939003,26.235351605398677
0.020255019392306676,1.0,0.000251,1.0,0.0014666666666666667,0.021862793004498896,0.0004003441311939003,38.478515687918055
0.020255019392306676,1.0,0.000316,1.0,0.0017333333333333333,0.021862793004498896,0.0004003441311939003,45.4746094493577
0.020255019392306676,1.0,0.000398,1.0,0.003266666666666667,0.021862793004498896,0.0004003441311939003,85.70214857763568
0.020255019392306676,1.0,0.000501,1.0,0.005033333333333333,0.021862793004498896,0.0004003441311939003,132.05126974717334
0.020255019392306676,1.0,0.000631,1.0,0.006166666666666667,0.021862793004498896,0.0004003441311939003,161.78466823329182
0.020255019392306676,1.0,0.000794,1.0,0.008366666666666666,0.021862793004498896,0.0004003441311939003,219.5024417651689
0.020255019392306676,1.0,0.001,1.0,0.007266666666666667,0.021862793004498896,0.0004003441311939003,190.6435549992304
0.020255019392306676,1.0,0.00126,1.0,0.0081,0.021862793004498896,0.0004003441311939003,212.50634800372924
0.020255019392306676,1.0,0.00158,1.0,0.004066666666666666,0.021862793004498896,0.0004003441311939003,106.6904298619546
0.020255019392306676,1.0,0.002,1.0,0.0021,0.021862793004498896,0.0004003441311939003,55.09423837133721
0.020255019392306676,1.0,0.00251,1.0,0.0006666666666666666,0.021862793004498896,0.0004003441311939003,17.490234403599114
0.020255019392306676,1.0,0.00316,1.0,6.666666666666667e-05,0.021862793004498896,0.0004003441311939003,1.7490234403599119
0.020255019392306676,1.0,0.00398,1.0,6.666666666666667e-05,0.021862793004498896,0.0004003441311939003,1.7490234403599119
0.020255019392306676,1.0,0.00501,1.0,0.0,0.021862793004498896,0.0004003441311939003,0.0
0.020255019392306676,1.0,0.00631,1.0,0.0,0.021862793004498896,0.0004003441311939003,0.0
0.021214517849106298,1.0,1e-06,1.0,0.0,0.023982242253008722,0.000439154774821621,0.0
0.021214517849106298,1.0,1.26e-06,1.0,0.0,0.023982242253008722,0.000439154774821621,0.0
0.021214517849106298,1.0,1.58e-06,1.0,0.0,0.023982242253008722,0.000439154774821621,0.0
0.021214517849106298,1.0,2e-06,1.0,0.0,0.023982242253008722,0.000439154774821621,0.0
0.021214517849106298,1.0,2.51e-06,1.0,0.0,0.023982242253008722,0.000439154774821621,0.0
0.021214517849106298,1.0,3.16e-06,1.0,0.0,0.023982242253008722,0.000439154774821621,0.0
0.021214517849106298,1.0,3.98e-06,1.0,0.0,0.023982242253008722,0.000439154774821621,0.0
0.021214517849106298,1.0,5.01e-06,1.0,0.0,0.023982242253008722,0.000439154774821621,0.0
0.021214517849106298,1.0,6.31e-06,1.0,0.0,0.023982242253008722,0.000439154774821621,0.0
0.021214517849106298,1.0,7.94e-06,1.0,0.0,0.023982242253008722,0.000439154774821621,0.0
0.021214517849106298,1.0,1e-05,1.0,0.0,0.023982242253008722,0.000439154774821621,0.0
0.021214517849106298,1.0,1.26e-05,1.0,0.0,0.023982242253008722,0.000439154774821621,0.0
0.021214517849106298,1.0,1.58e-05,1.0,0.0,0.023982242253008722,0.000439154774821621,0.0
0.021214517849106298,1.0,2e-05,1.0,3.3333333333333335e-05,0.023982242253008722,0.000439154774821621,0.9592896901203489
0.021214517849106298,1.0,2.51e-05,1.0,0.0,0.023982242253008722,0.000439154774821621,0.0
0.021214517849106298,1.0,3.16e-05,1.0,3.3333333333333335e-05,0.023982242253008722,0.000439154774821621,0.9592896901203489
0.021214517849106298,1.0,3.98e-05,1.0,0.0,0.023982242253008722,0.000439154774821621,0.0
0.021214517849106298,1.0,5.01e-05,1.0,0.0001,0.023982242253008722,0.000439154774821621,2.8778690703610468
0.021214517849106298,1.0,6.31e-05,1.0,0.00016666666666666666,0.023982242253008722,0.000439154774821621,4.796448450601744
0.021214517849106298,1.0,7.94e-05,1.0,6.666666666666667e-05,0.023982242253008722,0.000439154774821621,1.9185793802406979
0.021214517849106298,1.0,0.0001,1.0,0.0002666666666666667,0.023982242253008722,0.000439154774821621,7.674317520962791
0.021214517849106298,1.0,0.000126,1.0,0.00036666666666666667,0.023982242253008722,0.000439154774821621,10.552186591323839
0.021214517849106298,1.0,0.000158,1.0,0.0007,0.023982242253008722,0.000439154774821621,20.145083492527327
0.021214517849106298,1.0,0.0002,1.0,0.001,0.023982242253008722,0.000439154774821621,28.778690703610465
0.021214517849106298,1.0,0.000251,1.0,0.0014666666666666667,0.023982242253008722,0.000439154774821621,42.208746365295355
0.021214517849106298,1.0,0.000316,1.0,0.0017333333333333333,0.023982242253008722,0.000439154774821621,49.883063886258135
0.021214517849106298,1.0,0.000398,1.0,0.003266666666666667,0.023982242253008722,0.000439154774821621,94.0103896317942
0.021214517849106298,1.0,0.000501,1.0,0.005033333333333333,0.023982242253008722,0.000439154774821621,144.85274320817265
0.021214517849106298,1.0,0.000631,1.0,0.006166666666666667,0.023982242253008722,0.000439154774821621,177.46859267226455
0.021214517849106298,1.0,0.000794,1.0,0.008366666666666666,0.023982242253008722,0.000439154774821621,240.78171222020757
0.021214517849106298,1.0,0.001,1.0,0.007266666666666667,0.023982242253008722,0.000439154774821621,209.12515244623606
0.021214517849106298,1.0,0.00126,1.0,0.0081,0.023982242253008722,0.000439154774821621,233.10739469924476
0.021214517849106298,1.0,0.00158,1.0,0.004066666666666666,0.023982242253008722,0.000439154774821621,117.03334219468255
0.021214517849106298,1.0,0.002,1.0,0.0021,0.023982242253008722,0.000439154774821621,60.435250477581974
0.021214517849106298,1.0,0.00251,1.0,0.0006666666666666666,0.023982242253008722,0.000439154774821621,19.185793802406977
0.021214517849106298,1.0,0.00316,1.0,6.666666666666667e-05,0.023982242253008722,0.000439154774821621,1.9185793802406979
0.021214517849106298,1.0,0.00398,1.0,6.666666666666667e-05,0.023982242253008722,0.000439154774821621,1.9185793802406979
0.021214517849106298,1.0,0.00501,1.0,0.0,0.023982242253008722,0.000439154774821621,0.0
0.021214517849106298,1.0,0.00631,1.0,0.0,0.023982242253008722,0.000439154774821621,0.0
0.02221946860939524,1.0,1e-06,1.0,0.0,0.02630705868880816,0.00048172603348852156,0.0
0.02221946860939524,1.0,1.26e-06,1.0,0.0,0.02630705868880816,0.00048172603348852156,0.0
0.02221946860939524,1.0,1.58e-06,1.0,0.0,0.02630705868880816,0.00048172603348852156,0.0
0.02221946860939524,1.0,2e-06,1.0,0.0,0.02630705868880816,0.00048172603348852156,0.0
0.02221946860939524,1.0,2.51e-06,1.0,0.0,0.02630705868880816,0.00048172603348852156,0.0
0.02221946860939524,1.0,3.16e-06,1.0,0.0,0.02630705868880816,0.00048172603348852156,0.0
0.02221946860939524,1.0,3.98e-06,1.0,0.0,0.02630705868880816,0.00048172603348852156,0.0
0.02221946860939524,1.0,5.01e-06,1.0,0.0,0.02630705868880816,0.00048172603348852156,0.0
0.02221946860939524,1.0,6.31e-06,1.0,0.0,0.02630705868880816,0.00048172603348852156,0.0
0.02221946860939524,1.0,7.94e-06,1.0,0.0,0.02630705868880816,0.00048172603348852156,0.0
0.02221946860939524,1.0,1e-05,1.0,0.0,0.02630705868880816,0.00048172603348852156,0.0
0.02221946860939524,1.0,1.26e-05,1.0,0.0,0.02630705868880816,0.00048172603348852156,0.0
0.02221946860939524,1.0,1.58e-05,1.0,0.0,0.02630705868880816,0.00048172603348852156,0.0
0.02221946860939524,1.0,2e-05,1.0,3.3333333333333335e-05,0.02630705868880816,0.00048172603348852156,1.0522823475523264
0.02221946860939524,1.0,2.51e-05,1.0,0.0,0.02630705868880816,0.00048172603348852156,0.0
0.02221946860939524,1.0,3.16e-05,1.0,3.3333333333333335e-05,0.02630705868880816,0.00048172603348852156,1.0522823475523264
0.02221946860939524,1.0,3.98e-05,1.0,0.0,0.02630705868880816,0.00048172603348852156,0.0
0.02221946860939524,1.0,5.01e-05,1.0,0.0001,0.02630705868880816,0.00048172603348852156,3.1568470426569792
0.02221946860939524,1.0,6.31e-05,1.0,0.00016666666666666666,0.02630705868880816,0.00048172603348852156,5.261411737761632
0.02221946860939524,1.0,7.94e-05,1.0,6.666666666666667e-05,0.02630705868880816,0.00048172603348852156,2.104564695104653
0.02221946860939524,1.0,0.0001,1.0,0.0002666666666666667,0.02630705868880816,0.00048172603348852156,8.418258780418611
0.02221946860939524,1.0,0.000126,1.0,0.00036666666666666667,0.02630705868880816,0.00048172603348852156,11.57510582307559
0.02221946860939524,1.0,0.000158,1.0,0.0007,0.02630705868880816,0.00048172603348852156,22.097929298598856
0.02221946860939524,1.0,0.0002,1.0,0.001,0.02630705868880816,0.00048172603348852156,31.568470426569792
0.02221946860939524,1.0,0.000251,1.0,0.0014666666666666667,0.02630705868880816,0.00048172603348852156,46.30042329230236
0.02221946860939524,1.0,0.000316,1.0,0.0017333333333333333,0.02630705868880816,0.00048172603348852156,54.71868207272097
0.02221946860939524,1.0,0.000398,1.0,0.003266666666666667,0.02630705868880816,0.00048172603348852156,103.12367006012799
0.02221946860939524,1.0,0.000501,1.0,0.005033333333333333,0.02630705868880816,0.00048172603348852156,158.8946344804013
0.02221946860939524,1.0,0.000631,1.0,0.006166666666666667,0.02630705868880816,0.00048172603348852156,194.67223429718038
0.02221946860939524,1.0,0.000794,1.0,0.008366666666666666,0.02630705868880816,0.00048172603348852156,264.1228692356339
0.02221946860939524,1.0,0.001,1.0,0.007266666666666667,0.02630705868880816,0.00048172603348852156,229.39755176640716
0.02221946860939524,1.0,0.00126,1.0,0.0081,0.02630705868880816,0.00048172603348852156,255.7046104552153
0.02221946860939524,1.0,0.00158,1.0,0.004066666666666666,0.02630705868880816,0.00048172603348852156,128.3784464013838
0.02221946860939524,1.0,0.002,1.0,0.0021,0.02630705868880816,0.00048172603348852156,66.29378789579657
0.02221946860939524,1.0,0.00251,1.0,0.0006666666666666666,0.02630705868880816,0.00048172603348852156,21.04564695104653
0.02221946860939524,1.0,0.00316,1.0,6.666666666666667e-05,0.02630705868880816,0.00048172603348852156,2.104564695104653
0.02221946860939524,1.0,0.00398,1.0,6.666666666666667e-05,0.02630705868880816,0.00048172603348852156,2.104564695104653
0.02221946860939524,1.0,0.00501,1.0,0.0,0.02630705868880816,0.00048172603348852156,0.0
0.02221946860939524,1.0,0.00631,1.0,0.0,0.02630705868880816,0.00048172603348852156,0.0
0.023272024789604086,1.0,1e-06,1.0,0.0,0.028857121544380842,0.0005284219290309621,0.0
0.023272024789604086,1.0,1.26e-06,1.0,0.0,0.028857121544380842,0.0005284219290309621,0.0
0.023272024789604086,1.0,1.58e-06,1.0,0.0,0.028857121544380842,0.0005284219290309621,0.0
0.023272024789604086,1.0,2e-06,1.0,0.0,0.028857121544380842,0.0005284219290309621,0.0
0.023272024789604086,1.0,2.51e-06,1.0,0.0,0.028857121544380842,0.0005284219290309621,0.0
0.023272024789604086,1.0,3.16e-06,1.0,0.0,0.028857121544380842,0.0005284219290309621,0.0
0.023272024789604086,1.0,3.98e-06,1.0,0.0,0.028857121544380842,0.0005284219290309621,0.0
0.023272024789604086,1.0,5.01e-06,1.0,0.0,0.028857121544380842,0.0005284219290309621,0.0
0.023272024789604086,1.0,6.31e-06,1.0,0.0,0.028857121544380842,0.0005284219290309621,0.0
0.023272024789604086,1.0,7.94e-06,1.0,0.0,0.028857121544380842,0.0005284219290309621,0.0
0.023272024789604086,1.0,1e-05,1.0,0.0,0.028857121544380842,0.0005284219290309621,0.0
0.023272024789604086,1.0,1.26e-05,1.0,0.0,0.028857121544380842,0.0005284219290309621,0.0
0.023272024789604086,1.0,1.58e-05,1.0,0.0,0.028857121544380842,0.0005284219290309621,0.0
0.023272024789604086,1.0,2e-05,1.0,3.3333333333333335e-05,0.028857121544380842,0.0005284219290309621,1.1542848617752337
0.023272024789604086,1.0,2.51e-05,1.0,0.0,0.028857121544380842,0.0005284219290309621,0.0
0.023272024789604086,1.0,3.16e-05,1.0,3.3333333333333335e-05,0.028857121544380842,0.0005284219290309621,1.1542848617752337
0.023272024789604086,1.0,3.98e-05,1.0,0.0,0.028857121544380842,0.0005284219290309621,0.0
0.023272024789604086,1.0,5.01e-05,1.0,0.0001,0.028857121544380842,0.0005284219290309621,3.462854585325701
0.023272024789604086,1.0,6.31e-05,1.0,0.00016666666666666666,0.028857121544380842,0.0005284219290309621,5.771424308876169
0.023272024789604086,1.0,7.94e-05,1.0,6.666666666666667e-05,0.028857121544380842,0.0005284219290309621,2.3085697235504674
0.023272024789604086,1.0,0.0001,1.0,0.0002666666666666667,0.028857121544380842,0.0005284219290309621,9.23427889420187
0.023272024789604086,1.0,0.000126,1.0,0.00036666666666666667,0.028857121544380842,0.0005284219290309621,12.697133479527572
0.023272024789604086,1.0,0.000158,1.0,0.0007,0.028857121544380842,0.0005284219290309621,24.239982097279906
0.023272024789604086,1.0,0.0002,1.0,0.001,0.028857121544380842,0.0005284219290309621,34.62854585325701
0.023272024789604086,1.0,0.000251,1.0,0.0014666666666666667,0.028857121544380842,0.0005284219290309621,50.78853391811029
0.023272024789604086,1.0,0.000316,1.0,0.0017333333333333333,0.028857121544380842,0.0005284219290309621,60.02281281231215
0.023272024789604086,1.0,0.000398,1.0,0.003266666666666667,0.028857121544380842,0.0005284219290309621,113.1199164539729
0.023272024789604086,1.0,0.000501,1.0,0.005033333333333333,0.028857121544380842,0.0005284219290309621,174.29701412806028
0.023272024789604086,1.0,0.000631,1.0,0.006166666666666667,0.028857121544380842,0.0005284219290309621,213.54269942841825
0.023272024789604086,1.0,0.000794,1.0,0.008366666666666666,0.028857121544380842,0.0005284219290309621,289.72550030558364
0.023272024789604086,1.0,0.001,1.0,0.007266666666666667,0.028857121544380842,0.0005284219290309621,251.63409986700094
0.023272024789604086,1.0,0.00126,1.0,0.0081,0.028857121544380842,0.0005284219290309621,280.4912214113818
0.023272024789604086,1.0,0.00158,1.0,0.004066666666666666,0.028857121544380842,0.0005284219290309621,140.82275313657848
0.023272024789604086,1.0,0.002,1.0,0.0021,0.028857121544380842,0.0005284219290309621,72.71994629183972
0.023272024789604086,1.0,0.00251,1.0,0.0006666666666666666,0.028857121544380842,0.0005284219290309621,23.085697235504675
0.023272024789604086,1.0,0.00316,1.0,6.666666666666667e-05,0.028857121544380842,0.0005284219290309621,2.3085697235504674
0.023272024789604086,1.0,0.00398,1.0,6.666666666666667e-05,0.028857121544380842,0.0005284219290309621,2.3085697235504674
0.023272024789604086,1.0,0.00501,1.0,0.0,0.028857121544380842,0.0005284219290309621,0.0
0.023272024789604086,1.0,0.00631,1.0,0.0,0.028857121544380842,0.0005284219290309621,0.0
0.024374441501222206,1.0,1e-06,1.0,0.0,0.0316542302412234,0.0005796416451423439,0.0
0.024374441501222206,1.0,1.26e-06,1.0,0.0,0.0316542302412234,0.0005796416451423439,0.0
0.024374441501222206,1.0,1.58e-06,1.0,0.0,0.0316542302412234,0.0005796416451423439,0.0
0.024374441501222206,1.0,2e-06,1.0,0.0,0.0316542302412234,0.0005796416451423439,0.0
0.024374441501222206,1.0,2.51e-06,1.0,0.0,0.0316542302412234,0.0005796416451423439,0.0
0.024374441501222206,1.0,3.16e-06,1.0,0.0,0.0316542302412234,0.0005796416451423439,0.0
0.024374441501222206,1.0,3.98e-06,1.0,0.0,0.0316542302412234,0.0005796416451423439,0.0
0.024374441501222206,1.0,5.01e-06,1.0,0.0,0.0316542302412234,0.0005796416451423439,0.0
0.024374441501222206,1.0,6.31e-06,1.0,0.0,0.0316542302412234,0.0005796416451423439,0.0
0.024374441501222206,1.0,7.94e-06,1.0,0.0,0.0316542302412234,0.0005796416451423439,0.0
0.024374441501222206,1.0,1e-05,1.0,0.0,0.0316542302412234,0.0005796416451423439,0.0
0.024374441501222206,1.0,1.26e-05,1.0,0.0,0.0316542302412234,0.0005796416451423439,0.0
0.024374441501222206,1.0,1.58e-05,1.0,0.0,0.0316542302412234,0.0005796416451423439,0.0
0.024374441501222206,1.0,2e-05,1.0,3.3333333333333335e-05,0.0316542302412234,0.0005796416451423439,1.266169209648936
0.024374441501222206,1.0,2.51e-05,1.0,0.0,0.0316542302412234,0.0005796416451423439,0.0
0.024374441501222206,1.0,3.16e-05,1.0,3.3333333333333335e-05,0.0316542302412234,0.0005796416451423439,1.266169209648936
0.024374441501222206,1.0,3.98e-05,1.0,0.0,0.0316542302412234,0.0005796416451423439,0.0
0.024374441501222206,1.0,5.01e-05,1.0,0.0001,0.0316542302412234,0.0005796416451423439,3.7985076289468083
0.024374441501222206,1.0,6.31e-05,1.0,0.00016666666666666666,0.0316542302412234,0.0005796416451423439,6.3308460482446804
0.024374441501222206,1.0,7.94e-05,1.0,6.666666666666667e-05,0.0316542302412234,0.0005796416451423439,2.532338419297872
0.024374441501222206,1.0,0.0001,1.0,0.0002666666666666667,0.0316542302412234,0.0005796416451423439,10.129353677191489
0.024374441501222206,1.0,0.000126,1.0,0.00036666666666666667,0.0316542302412234,0.0005796416451423439,13.927861306138295
0.024374441501222206,1.0,0.000158,1.0,0.0007,0.0316542302412234,0.0005796416451423439,26.589553402627658
0.024374441501222206,1.0,0.0002,1.0,0.001,0.0316542302412234,0.0005796416451423439,37.985076289468076
0.024374441501222206,1.0,0.000251,1.0,0.0014666666666666667,0.0316542302412234,0.0005796416451423439,55.71144522455318
0.024374441501222206,1.0,0.000316,1.0,0.0017333333333333333,0.0316542302412234,0.0005796416451423439,65.84079890174466
0.024374441501222206,1.0,0.000398,1.0,0.003266666666666667,0.0316542302412234,0.0005796416451423439,124.08458254559574
0.024374441501222206,1.0,0.000501,1.0,0.005033333333333333,0.0316542302412234,0.0005796416451423439,191.19155065698934
0.024374441501222206,1.0,0.000631,1.0,0.006166666666666667,0.0316542302412234,0.0005796416451423439,234.24130378505316
0.024374441501222206,1.0,0.000794,1.0,0.008366666666666666,0.0316542302412234,0.0005796416451423439,317.808471621883
0.024374441501222206,1.0,0.001,1.0,0.007266666666666667,0.0316542302412234,0.0005796416451423439,276.02488770346804
0.024374441501222206,1.0,0.00126,1.0,0.0081,0.0316542302412234,0.0005796416451423439,307.6791179446914
0.024374441501222206,1.0,0.00158,1.0,0.004066666666666666,0.0316542302412234,0.0005796416451423439,154.47264357717017
0.024374441501222206,1.0,0.002,1.0,0.0021,0.0316542302412234,0.0005796416451423439,79.76866020788296
0.024374441501222206,1.0,0.00251,1.0,0.0006666666666666666,0.0316542302412234,0.0005796416451423439,25.323384192978722
0.024374441501222206,1.0,0.00316,1.0,6.666666666666667e-05,0.0316542302412234,0.0005796416451423439,2.532338419297872
0.024374441501222206,1.0,0.00398,1.0,6.666666666666667e-05,0.0316542302412234,0.0005796416451423439,2.532338419297872
0.024374441501222206,1.0,0.00501,1.0,0.0,0.0316542302412234,0.0005796416451423439,0.0
0.024374441501222206,1.0,0.00631,1.0,0.0,0.0316542302412234,0.0005796416451423439,0.0
0.025529080682395178,1.0,1e-06,1.0,0.0,0.03472228903465648,0.0006358229085269453,0.0
0.025529080682395178,1.0,1.26e-06,1.0,0.0,0.03472228903465648,0.0006358229085269453,0.0
0.025529080682395178,1.0,1.58e-06,1.0,0.0,0.03472228903465648,0.0006358229085269453,0.0
0.025529080682395178,1.0,2e-06,1.0,0.0,0.03472228903465648,0.0006358229085269453,0.0
0.025529080682395178,1.0,2.51e-06,1.0,0.0,0.03472228903465648,0.0006358229085269453,0.0
0.025529080682395178,1.0,3.16e-06,1.0,0.0,0.03472228903465648,0.0006358229085269453,0.0
0.025529080682395178,1.0,3.98e-06,1.0,0.0,0.03472228903465648,0.0006358229085269453,0.0
0.025529080682395178,1.0,5.01e-06,1.0,0.0,0.03472228903465648,0.0006358229085269453,0.0
0.025529080682395178,1.0,6.31e-06,1.0,0.0,0.03472228903465648,0.0006358229085269453,0.0
0.025529080682395178,1.0,7.94e-06,1.0,0.0,0.03472228903465648,0.0006358229085269453,0.0
0.025529080682395178,1.0,1e-05,1.0,0.0,0.03472228903465648,0.0006358229085269453,0.0
0.025529080682395178,1.0,1.26e-05,1.0,0.0,0.03472228903465648,0.0006358229085269453,0.0
0.025529080682395178,1.0,1.58e-05,1.0,0.0,0.03472228903465648,0.0006358229085269453,0.0
0.025529080682395178,1.0,2e-05,1.0,3.3333333333333335e-05,0.03472228903465648,0.0006358229085269453,1.3888915613862594
0.025529080682395178,1.0,2.51e-05,1.0,0.0,0.03472228903465648,0.0006358229085269453,0.0
0.025529080682395178,1.0,3.16e-05,1.0,3.3333333333333335e-05,0.03472228903465648,0.0006358229085269453,1.3888915613862594
0.025529080682395178,1.0,3.98e-05,1.0,0.0,0.03472228903465648,0.0006358229085269453,0.0
0.025529080682395178,1.0,5.01e-05,1.0,0.0001,0.03472228903465648,0.0006358229085269453,4.166674684158778
0.025529080682395178,1.0,6.31e-05,1.0,0.00016666666666666666,0.03472228903465648,0.0006358229085269453,6.944457806931297
0.025529080682395178,1.0,7.94e-05,1.0,6.666666666666667e-05,0.03472228903465648,0.0006358229085269453,2.7777831227725187
0.025529080682395178,1.0,0.0001,1.0,0.0002666666666666667,0.03472228903465648,0.0006358229085269453,11.111132491090075
0.025529080682395178,1.0,0.000126,1.0,0.00036666666666666667,0.03472228903465648,0.0006358229085269453,15.277807175248853
0.025529080682395178,1.0,0.000158,1.0,0.0007,0.03472228903465648,0.0006358229085269453,29.166722789111446
0.025529080682395178,1.0,0.0002,1.0,0.001,0.03472228903465648,0.0006358229085269453,41.66674684158778
0.025529080682395178,1.0,0.000251,1.0,0.0014666666666666667,0.03472228903465648,0.0006358229085269453,61.11122870099541
0.025529080682395178,1.0,0.000316,1.0,0.0017333333333333333,0.03472228903465648,0.0006358229085269453,72.22236119208547
0.025529080682395178,1.0,0.000398,1.0,0.003266666666666667,0.03472228903465648,0.0006358229085269453,136.11137301585342
0.025529080682395178,1.0,0.000501,1.0,0.005033333333333333,0.03472228903465648,0.0006358229085269453,209.7226257693252
0.025529080682395178,1.0,0.000631,1.0,0.006166666666666667,0.03472228903465648,0.0006358229085269453,256.944938856458
0.025529080682395178,1.0,0.000794,1.0,0.008366666666666666,0.03472228903465648,0.0006358229085269453,348.6117819079511
0.025529080682395178,1.0,0.001,1.0,0.007266666666666667,0.03472228903465648,0.0006358229085269453,302.77836038220454
0.025529080682395178,1.0,0.00126,1.0,0.0081,0.03472228903465648,0.0006358229085269453,337.50064941686105
0.025529080682395178,1.0,0.00158,1.0,0.004066666666666666,0.03472228903465648,0.0006358229085269453,169.4447704891236
0.025529080682395178,1.0,0.002,1.0,0.0021,0.03472228903465648,0.0006358229085269453,87.50016836733434
0.025529080682395178,1.0,0.00251,1.0,0.0006666666666666666,0.03472228903465648,0.0006358229085269453,27.777831227725187
0.025529080682395178,1.0,0.00316,1.0,6.666666666666667e-05,0.03472228903465648,0.0006358229085269453,2.7777831227725187
0.025529080682395178,1.0,0.00398,1.0,6.666666666666667e-05,0.03472228903465648,0.0006358229085269453,2.7777831227725187
0.025529080682395178,1.0,0.00501,1.0,0.0,0.03472228903465648,0.0006358229085269453,0.0
0.025529080682395178,1.0,0.00631,1.0,0.0,0.03472228903465648,0.0006358229085269453,0.0
0.026738416158399468,1.0,1e-06,1.0,0.0,0.038087509244905816,0.0006974456920876363,0.0
0.026738416158399468,1.0,1.26e-06,1.0,0.0,0.038087509244905816,0.0006974456920876363,0.0
0.026738416158399468,1.0,1.58e-06,1.0,0.0,0.038087509244905816,0.0006974456920876363,0.0
0.026738416158399468,1.0,2e-06,1.0,0.0,0.038087509244905816,0.0006974456920876363,0.0
0.026738416158399468,1.0,2.51e-06,1.0,0.0,0.038087509244905816,0.0006974456920876363,0.0
0.026738416158399468,1.0,3.16e-06,1.0,0.0,0.038087509244905816,0.0006974456920876363,0.0
0.026738416158399468,1.0,3.98e-06,1.0,0.0,0.038087509244905816,0.0006974456920876363,0.0
0.026738416158399468,1.0,5.01e-06,1.0,0.0,0.038087509244905816,0.0006974456920876363,0.0
0.026738416158399468,1.0,6.31e-06,1.0,0.0,0.038087509244905816,0.0006974456920876363,0.0
0.026738416158399468,1.0,7.94e-06,1.0,0.0,0.038087509244905816,0.0006974456920876363,0.0
0.026738416158399468,1.0,1e-05,1.0,0.0,0.038087509244905816,0.0006974456920876363,0.0
0.026738416158399468,1.0,1.26e-05,1.0,0.0,0.038087509244905816,0.0006974456920876363,0.0
0.026738416158399468,1.0,1.58e-05,1.0,0.0,0.038087509244905816,0.0006974456920876363,0.0
0.026738416158399468,1.0,2e-05,1.0,3.3333333333333335e-05,0.038087509244905816,0.0006974456920876363,1.523500369796233
0.026738416158399468,1.0,2.51e-05,1.0,0.0,0.038087509244905816,0.0006974456920876363,0.0
0.026738416158399468,1.0,3.16e-05,1.0,3.3333333333333335e-05,0.038087509244905816,0.0006974456920876363,1.523500369796233
0.026738416158399468,1.0,3.98e-05,1.0,0.0,0.038087509244905816,0.0006974456920876363,0.0
0.026738416158399468,1.0,5.01e-05,1.0,0.0001,0.038087509244905816,0.0006974456920876363,4.570501109388699
0.026738416158399468,1.0,6.31e-05,1.0,0.00016666666666666666,0.038087509244905816,0.0006974456920876363,7.6175018489811634
0.026738416158399468,1.0,7.94e-05,1.0,6.666666666666667e-05,0.038087509244905816,0.0006974456920876363,3.047000739592466
0.026738416158399468,1.0,0.0001,1.0,0.0002666666666666667,0.038087509244905816,0.0006974456920876363,12.188002958369864
0.026738416158399468,1.0,0.000126,1.0,0.00036666666666666667,0.038087509244905816,0.0006974456920876363,16.75850406775856
0.026738416158399468,1.0,0.000158,1.0,0.0007,0.038087509244905816,0.0006974456920876363,31.99350776572089
0.026738416158399468,1.0,0.0002,1.0,0.001,0.038087509244905816,0.0006974456920876363,45.70501109388698
0.026738416158399468,1.0,0.000251,1.0,0.0014666666666666667,0.038087509244905816,0.0006974456920876363,67.03401627103425
0.026738416158399468,1.0,0.000316,1.0,0.0017333333333333333,0.038087509244905816,0.0006974456920876363,79.22201922940411
0.026738416158399468,1.0,0.000398,1.0,0.003266666666666667,0.038087509244905816,0.0006974456920876363,149.30303624003082
0.026738416158399468,1.0,0.000501,1.0,0.005033333333333333,0.038087509244905816,0.0006974456920876363,230.04855583923114
0.026738416158399468,1.0,0.000631,1.0,0.006166666666666667,0.038087509244905816,0.0006974456920876363,281.8475684123031
0.026738416158399468,1.0,0.000794,1.0,0.008366666666666666,0.038087509244905816,0.0006974456920876363,382.39859281885447
0.026738416158399468,1.0,0.001,1.0,0.007266666666666667,0.038087509244905816,0.0006974456920876363,332.1230806155788
0.026738416158399468,1.0,0.00126,1.0,0.0081,0.038087509244905816,0.0006974456920876363,370.21058986048456
0.026738416158399468,1.0,0.00158,1.0,0.004066666666666666,0.038087509244905816,0.0006974456920876363,185.8670451151404
0.026738416158399468,1.0,0.002,1.0,0.0021,0.038087509244905816,0.0006974456920876363,95.98052329716266
0.026738416158399468,1.0,0.00251,1.0,0.0006666666666666666,0.038087509244905816,0.0006974456920876363,30.470007395924654
0.026738416158399468,1.0,0.00316,1.0,6.666666666666667e-05,0.038087509244905816,0.0006974456920876363,3.047000739592466
0.026738416158399468,1.0,0.00398,1.0,6.666666666666667e-05,0.038087509244905816,0.0006974456920876363,3.047000739592466
0.026738416158399468,1.0,0.00501,1.0,0.0,0.038087509244905816,0.0006974456920876363,0.0
0.026738416158399468,1.0,0.00631,1.0,0.0,0.038087509244905816,0.0006974456920876363,0.0
0.02800503894183631,1.0,1e-06,1.0,0.0,0.041778630714958895,0.0007650362701878574,0.0
0.02800503894183631,1.0,1.26e-06,1.0,0.0,0.041778630714958895,0.0007650362701878574,0.0
0.02800503894183631,1.0,1.58e-06,1.0,0.0,0.041778630714958895,0.0007650362701878574,0.0
0.02800503894183631,1.0,2e-06,1.0,0.0,0.041778630714958895,0.0007650362701878574,0.0
0.02800503894183631,1.0,2.51e-06,1.0,0.0,0.041778630714958895,0.0007650362701878574,0.0
0.02800503894183631,1.0,3.16e-06,1.0,0.0,0.041778630714958895,0.0007650362701878574,0.0
0.02800503894183631,1.0,3.98e-06,1.0,0.0,0.041778630714958895,0.0007650362701878574,0.0
0.02800503894183631,1.0,5.01e-06,1.0,0.0,0.041778630714958895,0.0007650362701878574,0.0
0.02800503894183631,1.0,6.31e-06,1.0,0.0,0.041778630714958895,0.0007650362701878574,0.0
0.02800503894183631,1.0,7.94e-06,1.0,0.0,0.041778630714958895,0.0007650362701878574,0.0
0.02800503894183631,1.0,1e-05,1.0,0.0,0.041778630714958895,0.0007650362701878574,0.0
0.02800503894183631,1.0,1.26e-05,1.0,0.0,0.041778630714958895,0.0007650362701878574,0.0
0.02800503894183631,1.0,1.58e-05,1.0,0.0,0.041778630714958895,0.0007650362701878574,0.0
0.02800503894183631,1.0,2e-05,1.0,3.3333333333333335e-05,0.041778630714958895,0.0007650362701878574,1.671145228598356
0.02800503894183631,1.0,2.51e-05,1.0,0.0,0.041778630714958895,0.0007650362701878574,0.0
0.02800503894183631,1.0,3.16e-05,1.0,3.3333333333333335e-05,0.041778630714958895,0.0007650362701878574,1.671145228598356
0.02800503894183631,1.0,3.98e-05,1.0,0.0,0.041778630714958895,0.0007650362701878574,0.0
0.02800503894183631,1.0,5.01e-05,1.0,0.0001,0.041778630714958895,0.0007650362701878574,5.013435685795067
0.02800503894183631,1.0,6.31e-05,1.0,0.00016666666666666666,0.041778630714958895,0.0007650362701878574,8.355726142991779
0.02800503894183631,1.0,7.94e-05,1.0,6.666666666666667e-05,0.041778630714958895,0.0007650362701878574,3.342290457196712
0.02800503894183631,1.0,0.0001,1.0,0.0002666666666666667,0.041778630714958895,0.0007650362701878574,13.369161828786847
0.02800503894183631,1.0,0.000126,1.0,0.00036666666666666667,0.041778630714958895,0.0007650362701878574,18.382597514581914
0.02800503894183631,1.0,0.000158,1.0,0.0007,0.041778630714958895,0.0007650362701878574,35.09404980056547
0.02800503894183631,1.0,0.0002,1.0,0.001,0.041778630714958895,0.0007650362701878574,50.13435685795068
0.02800503894183631,1.0,0.000251,1.0,0.0014666666666666667,0.041778630714958895,0.0007650362701878574,73.53039005832765
0.02800503894183631,1.0,0.000316,1.0,0.0017333333333333333,0.041778630714958895,0.0007650362701878574,86.8995518871145
0.02800503894183631,1.0,0.000398,1.0,0.003266666666666667,0.041778630714958895,0.0007650362701878574,163.77223240263888
0.02800503894183631,1.0,0.000501,1.0,0.005033333333333333,0.041778630714958895,0.0007650362701878574,252.3429295183517
0.02800503894183631,1.0,0.000631,1.0,0.006166666666666667,0.041778630714958895,0.0007650362701878574,309.16186729069585
0.02800503894183631,1.0,0.000794,1.0,0.008366666666666666,0.041778630714958895,0.0007650362701878574,419.4574523781873
0.02800503894183631,1.0,0.001,1.0,0.007266666666666667,0.041778630714958895,0.0007650362701878574,364.3096598344416
0.02800503894183631,1.0,0.00126,1.0,0.0081,0.041778630714958895,0.0007650362701878574,406.0882905494004
0.02800503894183631,1.0,0.00158,1.0,0.004066666666666666,0.041778630714958895,0.0007650362701878574,203.87971788899938
0.02800503894183631,1.0,0.002,1.0,0.0021,0.041778630714958895,0.0007650362701878574,105.2821494016964
0.02800503894183631,1.0,0.00251,1.0,0.0006666666666666666,0.041778630714958895,0.0007650362701878574,33.422904571967116
0.02800503894183631,1.0,0.00316,1.0,6.666666666666667e-05,0.041778630714958895,0.0007650362701878574,3.342290457196712
0.02800503894183631,1.0,0.00398,1.0,6.666666666666667e-05,0.041778630714958895,0.0007650362701878574,3.342290457196712
0.02800503894183631,1.0,0.00501,1.0,0.0,0.041778630714958895,0.0007650362701878574,0.0
0.02800503894183631,1.0,0.00631,1.0,0.0,0.041778630714958895,0.0007650362701878574,0.0
0.02933166278390044,1.0,1e-06,1.0,0.0,0.045827164281663356,0.000839171658701032,0.0
0.02933166278390044,1.0,1.26e-06,1.0,0.0,0.045827164281663356,0.000839171658701032,0.0
0.02933166278390044,1.0,1.58e-06,1.0,0.0,0.045827164281663356,0.000839171658701032,0.0
0.02933166278390044,1.0,2e-06,1.0,0.0,0.045827164281663356,0.000839171658701032,0.0
0.02933166278390044,1.0,2.51e-06,1.0,0.0,0.045827164281663356,0.000839171658701032,0.0
0.02933166278390044,1.0,3.16e-06,1.0,0.0,0.045827164281663356,0.000839171658701032,0.0
0.02933166278390044,1.0,3.98e-06,1.0,0.0,0.045827164281663356,0.000839171658701032,0.0
0.02933166278390044,1.0,5.01e-06,1.0,0.0,0.045827164281663356,0.000839171658701032,0.0
0.02933166278390044,1.0,6.31e-06,1.0,0.0,0.045827164281663356,0.000839171658701032,0.0
0.02933166278390044,1.0,7.94e-06,1.0,0.0,0.045827164281663356,0.000839171658701032,0.0
0.02933166278390044,1.0,1e-05,1.0,0.0,0.045827164281663356,0.000839171658701032,0.0
0.02933166278390044,1.0,1.26e-05,1.0,0.0,0.045827164281663356,0.000839171658701032,0.0
0.02933166278390044,1.0,1.58e-05,1.0,0.0,0.045827164281663356,0.000839171658701032,0.0
0.02933166278390044,1.0,2e-05,1.0,3.3333333333333335e-05,0.045827164281663356,0.000839171658701032,1.8330865712665343
0.02933166278390044,1.0,2.51e-05,1.0,0.0,0.045827164281663356,0.000839171658701032,0.0
0.02933166278390044,1.0,3.16e-05,1.0,3.3333333333333335e-05,0.045827164281663356,0.000839171658701032,1.8330865712665343
0.02933166278390044,1.0,3.98e-05,1.0,0.0,0.045827164281663356,0.000839171658701032,0.0
0.02933166278390044,1.0,5.01e-05,1.0,0.0001,0.045827164281663356,0.000839171658701032,5.499259713799604
0.02933166278390044,1.0,6.31e-05,1.0,0.00016666666666666666,0.045827164281663356,0.000839171658701032,9.165432856332671
0.02933166278390044,1.0,7.94e-05,1.0,6.666666666666667e-05,0.045827164281663356,0.000839171658701032,3.6661731425330686
0.02933166278390044,1.0,0.0001,1.0,0.0002666666666666667,0.045827164281663356,0.000839171658701032,14.664692570132274
0.02933166278390044,1.0,0.000126,1.0,0.00036666666666666667,0.045827164281663356,0.000839171658701032,20.163952283931877
0.02933166278390044,1.0,0.000158,1.0,0.0007,0.045827164281663356,0.000839171658701032,38.49481799659722
0.02933166278390044,1.0,0.0002,1.0,0.001,0.045827164281663356,0.000839171658701032,54.99259713799603
0.02933166278390044,1.0,0.000251,1.0,0.0014666666666666667,0.045827164281663356,0.000839171658701032,80.65580913572751
0.02933166278390044,1.0,0.000316,1.0,0.0017333333333333333,0.045827164281663356,0.000839171658701032,95.32050170585978
0.02933166278390044,1.0,0.000398,1.0,0.003266666666666667,0.045827164281663356,0.000839171658701032,179.6424839841204
0.02933166278390044,1.0,0.000501,1.0,0.005033333333333333,0.045827164281663356,0.000839171658701032,276.7960722612467
0.02933166278390044,1.0,0.000631,1.0,0.006166666666666667,0.045827164281663356,0.000839171658701032,339.1210156843089
0.02933166278390044,1.0,0.000794,1.0,0.008366666666666666,0.045827164281663356,0.000839171658701032,460.1047293879001
0.02933166278390044,1.0,0.001,1.0,0.007266666666666667,0.045827164281663356,0.000839171658701032,399.61287253610453
0.02933166278390044,1.0,0.00126,1.0,0.0081,0.045827164281663356,0.000839171658701032,445.44003681776786
0.02933166278390044,1.0,0.00158,1.0,0.004066666666666666,0.045827164281663356,0.000839171658701032,223.6365616945172
0.02933166278390044,1.0,0.002,1.0,0.0021,0.045827164281663356,0.000839171658701032,115.48445398979166
0.02933166278390044,1.0,0.00251,1.0,0.0006666666666666666,0.045827164281663356,0.000839171658701032,36.661731425330686
0.02933166278390044,1.0,0.00316,1.0,6.666666666666667e-05,0.045827164281663356,0.000839171658701032,3.6661731425330686
0.02933166278390044,1.0,0.00398,1.0,6.666666666666667e-05,0.045827164281663356,0.000839171658701032,3.6661731425330686
0.02933166278390044,1.0,0.00501,1.0,0.0,0.045827164281663356,0.000839171658701032,0.0
0.02933166278390044,1.0,0.00631,1.0,0.0,0.045827164281663356,0.000839171658701032,0.0
0.030721129988617576,1.0,1e-06,1.0,0.0,0.05026765720400842,0.000920484475444212,0.0
0.030721129988617576,1.0,1.26e-06,1.0,0.0,0.05026765720400842,0.000920484475444212,0.0
0.030721129988617576,1.0,1.58e-06,1.0,0.0,0.05026765720400842,0.000920484475444212,0.0
0.030721129988617576,1.0,2e-06,1.0,0.0,0.05026765720400842,0.000920484475444212,0.0
0.030721129988617576,1.0,2.51e-06,1.0,0.0,0.05026765720400842,0.000920484475444212,0.0
0.030721129988617576,1.0,3.16e-06,1.0,0.0,0.05026765720400842,0.000920484475444212,0.0
0.030721129988617576,1.0,3.98e-06,1.0,0.0,0.05026765720400842,0.000920484475444212,0.0
0.030721129988617576,1.0,5.01e-06,1.0,0.0,0.05026765720400842,0.000920484475444212,0.0
0.030721129988617576,1.0,6.31e-06,1.0,0.0,0.05026765720400842,0.000920484475444212,0.0
0.030721129988617576,1.0,7.94e-06,1.0,0.0,0.05026765720400842,0.000920484475444212,0.0
0.030721129988617576,1.0,1e-05,1.0,0.0,0.05026765720400842,0.000920484475444212,0.0
0.030721129988617576,1.0,1.26e-05,1.0,0.0,0.05026765720400842,0.000920484475444212,0.0
0.030721129988617576,1.0,1.58e-05,1.0,0.0,0.05026765720400842,0.000920484475444212,0.0
0.030721129988617576,1.0,2e-05,1.0,3.3333333333333335e-05,0.05026765720400842,0.000920484475444212,2.010706288160337
0.030721129988617576,1.0,2.51e-05,1.0,0.0,0.05026765720400842,0.000920484475444212,0.0
0.030721129988617576,1.0,3.16e-05,1.0,3.3333333333333335e-05,0.05026765720400842,0.000920484475444212,2.010706288160337
0.030721129988617576,1.0,3.98e-05,1.0,0.0,0.05026765720400842,0.000920484475444212,0.0
0.030721129988617576,1.0,5.01e-05,1.0,0.0001,0.05026765720400842,0.000920484475444212,6.032118864481011
0.030721129988617576,1.0,6.31e-05,1.0,0.00016666666666666666,0.05026765720400842,0.000920484475444212,10.053531440801684
0.030721129988617576,1.0,7.94e-05,1.0,6.666666666666667e-05,0.05026765720400842,0.000920484475444212,4.021412576320674
0.030721129988617576,1.0,0.0001,1.0,0.0002666666666666667,0.05026765720400842,0.000920484475444212,16.085650305282694
0.030721129988617576,1.0,0.000126,1.0,0.00036666666666666667,0.05026765720400842,0.000920484475444212,22.117769169763704
0.030721129988617576,1.0,0.000158,1.0,0.0007,0.05026765720400842,0.000920484475444212,42.22483205136707
0.030721129988617576,1.0,0.0002,1.0,0.001,0.05026765720400842,0.000920484475444212,60.32118864481011
0.030721129988617576,1.0,0.000251,1.0,0.0014666666666666667,0.05026765720400842,0.000920484475444212,88.47107667905482
0.030721129988617576,1.0,0.000316,1.0,0.0017333333333333333,0.05026765720400842,0.000920484475444212,104.5567269843375
0.030721129988617576,1.0,0.000398,1.0,0.003266666666666667,0.05026765720400842,0.000920484475444212,197.04921623971302
0.030721129988617576,1.0,0.000501,1.0,0.005033333333333333,0.05026765720400842,0.000920484475444212,303.6166495122108
0.030721129988617576,1.0,0.000631,1.0,0.006166666666666667,0.05026765720400842,0.000920484475444212,371.9806633096623
0.030721129988617576,1.0,0.000794,1.0,0.008366666666666666,0.05026765720400842,0.000920484475444212,504.68727832824453
0.030721129988617576,1.0,0.001,1.0,0.007266666666666667,0.05026765720400842,0.000920484475444212,438.3339708189535
0.030721129988617576,1.0,0.00126,1.0,0.0081,0.05026765720400842,0.000920484475444212,488.60162802296185
0.030721129988617576,1.0,0.00158,1.0,0.004066666666666666,0.05026765720400842,0.000920484475444212,245.30616715556107
0.030721129988617576,1.0,0.002,1.0,0.0021,0.05026765720400842,0.000920484475444212,126.67449615410122
0.030721129988617576,1.0,0.00251,1.0,0.0006666666666666666,0.05026765720400842,0.000920484475444212,40.21412576320674
0.030721129988617576,1.0,0.00316,1.0,6.666666666666667e-05,0.05026765720400842,0.000920484475444212,4.021412576320674
0.030721129988617576,1.0,0.00398,1.0,6.666666666666667e-05,0.05026765720400842,0.000920484475444212,4.021412576320674
0.030721129988617576,1.0,0.00501,1.0,0.0,0.05026765720400842,0.000920484475444212,0.0
0.030721129988617576,1.0,0.00631,1.0,0.0,0.05026765720400842,0.000920484475444212,0.0
0.03217641750250737,1.0,1e-06,1.0,0.0,0.05513798366210601,0.0010096682596979676,0.0
0.03217641750250737,1.0,1.26e-06,1.0,0.0,0.05513798366210601,0.0010096682596979676,0.0
0.03217641750250737,1.0,1.58e-06,1.0,0.0,0.05513798366210601,0.0010096682596979676,0.0
0.03217641750250737,1.0,2e-06,1.0,0.0,0.05513798366210601,0.0010096682596979676,0.0
0.03217641750250737,1.0,2.51e-06,1.0,0.0,0.05513798366210601,0.0010096682596979676,0.0
0.03217641750250737,1.0,3.16e-06,1.0,0.0,0.05513798366210601,0.0010096682596979676,0.0
0.03217641750250737,1.0,3.98e-06,1.0,0.0,0.05513798366210601,0.0010096682596979676,0.0
0.03217641750250737,1.0,5.01e-06,1.0,0.0,0.05513798366210601,0.0010096682596979676,0.0
0.03217641750250737,1.0,6.31e-06,1.0,0.0,0.05513798366210601,0.0010096682596979676,0.0
0.03217641750250737,1.0,7.94e-06,1.0,0.0,0.05513798366210601,0.0010096682596979676,0.0
0.03217641750250737,1.0,1e-05,1.0,0.0,0.05513798366210601,0.0010096682596979676,0.0
0.03217641750250737,1.0,1.26e-05,1.0,0.0,0.05513798366210601,0.0010096682596979676,0.0
0.03217641750250737,1.0,1.58e-05,1.0,0.0,0.05513798366210601,0.0010096682596979676,0.0
0.03217641750250737,1.0,2e-05,1.0,3.3333333333333335e-05,0.05513798366210601,0.0010096682596979676,2.2055193464842406
0.03217641750250737,1.0,2.51e-05,1.0,0.0,0.05513798366210601,0.0010096682596979676,0.0
0.03217641750250737,1.0,3.16e-05,1.0,3.3333333333333335e-05,0.05513798366210601,0.0010096682596979676,2.2055193464842406
0.03217641750250737,1.0,3.98e-05,1.0,0.0,0.05513798366210601,0.0010096682596979676,0.0
0.03217641750250737,1.0,5.01e-05,1.0,0.0001,0.05513798366210601,0.0010096682596979676,6.6165580394527215
0.03217641750250737,1.0,6.31e-05,1.0,0.00016666666666666666,0.05513798366210601,0.0010096682596979676,11.027596732421202
0.03217641750250737,1.0,7.94e-05,1.0,6.666666666666667e-05,0.05513798366210601,0.0010096682596979676,4.411038692968481
0.03217641750250737,1.0,0.0001,1.0,0.0002666666666666667,0.05513798366210601,0.0010096682596979676,17.644154771873925
0.03217641750250737,1.0,0.000126,1.0,0.00036666666666666667,0.05513798366210601,0.0010096682596979676,24.260712811326645
0.03217641750250737,1.0,0.000158,1.0,0.0007,0.05513798366210601,0.0010096682596979676,46.315906276169045
0.03217641750250737,1.0,0.0002,1.0,0.001,0.05513798366210601,0.0010096682596979676,66.16558039452723
0.03217641750250737,1.0,0.000251,1.0,0.0014666666666666667,0.05513798366210601,0.0010096682596979676,97.04285124530658
0.03217641750250737,1.0,0.000316,1.0,0.0017333333333333333,0.05513798366210601,0.0010096682596979676,114.6870060171805
0.03217641750250737,1.0,0.000398,1.0,0.003266666666666667,0.05513798366210601,0.0010096682596979676,216.14089595545556
0.03217641750250737,1.0,0.000501,1.0,0.005033333333333333,0.05513798366210601,0.0010096682596979676,333.0334213191203
0.03217641750250737,1.0,0.000631,1.0,0.006166666666666667,0.05513798366210601,0.0010096682596979676,408.0210790995845
0.03217641750250737,1.0,0.000794,1.0,0.008366666666666666,0.05513798366210601,0.0010096682596979676,553.5853559675443
0.03217641750250737,1.0,0.001,1.0,0.007266666666666667,0.05513798366210601,0.0010096682596979676,480.8032175335644
0.03217641750250737,1.0,0.00126,1.0,0.0081,0.05513798366210601,0.0010096682596979676,535.9412011956705
0.03217641750250737,1.0,0.00158,1.0,0.004066666666666666,0.05513798366210601,0.0010096682596979676,269.0733602710773
0.03217641750250737,1.0,0.002,1.0,0.0021,0.05513798366210601,0.0010096682596979676,138.94771882850713
0.03217641750250737,1.0,0.00251,1.0,0.0006666666666666666,0.05513798366210601,0.0010096682596979676,44.11038692968481
0.03217641750250737,1.0,0.00316,1.0,6.666666666666667e-05,0.05513798366210601,0.0010096682596979676,4.411038692968481
0.03217641750250737,1.0,0.00398,1.0,6.666666666666667e-05,0.05513798366210601,0.0010096682596979676,4.411038692968481
0.03217641750250737,1.0,0.00501,1.0,0.0,0.05513798366210601,0.0010096682596979676,0.0
0.03217641750250737,1.0,0.00631,1.0,0.0,0.05513798366210601,0.0010096682596979676,0.0
0.03370064329271928,1.0,1e-06,1.0,0.0,0.06047966262261204,0.0011074832928513467,0.0
0.03370064329271928,1.0,1.26e-06,1.0,0.0,0.06047966262261204,0.0011074832928513467,0.0
0.03370064329271928,1.0,1.58e-06,1.0,0.0,0.06047966262261204,0.0011074832928513467,0.0
0.03370064329271928,1.0,2e-06,1.0,0.0,0.06047966262261204,0.0011074832928513467,0.0
0.03370064329271928,1.0,2.51e-06,1.0,0.0,0.06047966262261204,0.0011074832928513467,0.0
0.03370064329271928,1.0,3.16e-06,1.0,0.0,0.06047966262261204,0.0011074832928513467,0.0
0.03370064329271928,1.0,3.98e-06,1.0,0.0,0.06047966262261204,0.0011074832928513467,0.0
0.03370064329271928,1.0,5.01e-06,1.0,0.0,0.06047966262261204,0.0011074832928513467,0.0
0.03370064329271928,1.0,6.31e-06,1.0,0.0,0.06047966262261204,0.0011074832928513467,0.0
0.03370064329271928,1.0,7.94e-06,1.0,0.0,0.06047966262261204,0.0011074832928513467,0.0
0.03370064329271928,1.0,1e-05,1.0,0.0,0.06047966262261204,0.0011074832928513467,0.0
0.03370064329271928,1.0,1.26e-05,1.0,0.0,0.06047966262261204,0.0011074832928513467,0.0
0.03370064329271928,1.0,1.58e-05,1.0,0.0,0.06047966262261204,0.0011074832928513467,0.0
0.03370064329271928,1.0,2e-05,1.0,3.3333333333333335e-05,0.06047966262261204,0.0011074832928513467,2.419186504904482
0.03370064329271928,1.0,2.51e-05,1.0,0.0,0.06047966262261204,0.0011074832928513467,0.0
0.03370064329271928,1.0,3.16e-05,1.0,3.3333333333333335e-05,0.06047966262261204,0.0011074832928513467,2.419186504904482
0.03370064329271928,1.0,3.98e-05,1.0,0.0,0.06047966262261204,0.0011074832928513467,0.0
0.03370064329271928,1.0,5.01e-05,1.0,0.0001,0.06047966262261204,0.0011074832928513467,7.257559514713446
0.03370064329271928,1.0,6.31e-05,1.0,0.00016666666666666666,0.06047966262261204,0.0011074832928513467,12.095932524522407
0.03370064329271928,1.0,7.94e-05,1.0,6.666666666666667e-05,0.06047966262261204,0.0011074832928513467,4.838373009808964
0.03370064329271928,1.0,0.0001,1.0,0.0002666666666666667,0.06047966262261204,0.0011074832928513467,19.353492039235856
0.03370064329271928,1.0,0.000126,1.0,0.00036666666666666667,0.06047966262261204,0.0011074832928513467,26.611051553949295
0.03370064329271928,1.0,0.000158,1.0,0.0007,0.06047966262261204,0.0011074832928513467,50.80291660299412
0.03370064329271928,1.0,0.0002,1.0,0.001,0.06047966262261204,0.0011074832928513467,72.57559514713445
0.03370064329271928,1.0,0.000251,1.0,0.0014666666666666667,0.06047966262261204,0.0011074832928513467,106.44420621579718
0.03370064329271928,1.0,0.000316,1.0,0.0017333333333333333,0.06047966262261204,0.0011074832928513467,125.79769825503304
0.03370064329271928,1.0,0.000398,1.0,0.003266666666666667,0.06047966262261204,0.0011074832928513467,237.0802774806392
0.03370064329271928,1.0,0.000501,1.0,0.005033333333333333,0.06047966262261204,0.0011074832928513467,365.2971622405767
0.03370064329271928,1.0,0.000631,1.0,0.006166666666666667,0.06047966262261204,0.0011074832928513467,447.54950340732915
0.03370064329271928,1.0,0.000794,1.0,0.008366666666666666,0.06047966262261204,0.0011074832928513467,607.2158127310248
0.03370064329271928,1.0,0.001,1.0,0.007266666666666667,0.06047966262261204,0.0011074832928513467,527.382658069177
0.03370064329271928,1.0,0.00126,1.0,0.0081,0.06047966262261204,0.0011074832928513467,587.862320691789
0.03370064329271928,1.0,0.00158,1.0,0.004066666666666666,0.06047966262261204,0.0011074832928513467,295.14075359834675
0.03370064329271928,1.0,0.002,1.0,0.0021,0.06047966262261204,0.0011074832928513467,152.40874980898232
0.03370064329271928,1.0,0.00251,1.0,0.0006666666666666666,0.06047966262261204,0.0011074832928513467,48.38373009808963
0.03370064329271928,1.0,0.00316,1.0,6.666666666666667e-05,0.06047966262261204,0.0011074832928513467,4.838373009808964
0.03370064329271928,1.0,0.00398,1.0,6.666666666666667e-05,0.06047966262261204,0.0011074832928513467,4.838373009808964
0.03370064329271928,1.0,0.00501,1.0,0.0,0.06047966262261204,0.0011074832928513467,0.0
0.03370064329271928,1.0,0.00631,1.0,0.0,0.06047966262261204,0.0011074832928513467,0.0
0.0352970730273065,1.0,1e-06,1.0,0.0,0.06633820556166446,0.0012147629657876665,0.0
0.0352970730273065,1.0,1.26e-06,1.0,0.0,0.06633820556166446,0.0012147629657876665,0.0
0.0352970730273065,1.0,1.58e-06,1.0,0.0,0.06633820556166446,0.0012147629657876665,0.0
0.0352970730273065,1.0,2e-06,1.0,0.0,0.06633820556166446,0.0012147629657876665,0.0
0.0352970730273065,1.0,2.51e-06,1.0,0.0,0.06633820556166446,0.0012147629657876665,0.0
0.0352970730273065,1.0,3.16e-06,1.0,0.0,0.06633820556166446,0.0012147629657876665,0.0
0.0352970730273065,1.0,3.98e-06,1.0,0.0,0.06633820556166446,0.0012147629657876665,0.0
0.0352970730273065,1.0,5.01e-06,1.0,0.0,0.06633820556166446,0.0012147629657876665,0.0
0.0352970730273065,1.0,6.31e-06,1.0,0.0,0.06633820556166446,0.0012147629657876665,0.0
0.0352970730273065,1.0,7.94e-06,1.0,0.0,0.06633820556166446,0.0012147629657876665,0.0
0.0352970730273065,1.0,1e-05,1.0,0.0,0.06633820556166446,0.0012147629657876665,0.0
0.0352970730273065,1.0,1.26e-05,1.0,0.0,0.06633820556166446,0.0012147629657876665,0.0
0.0352970730273065,1.0,1.58e-05,1.0,0.0,0.06633820556166446,0.0012147629657876665,0.0
0.0352970730273065,1.0,2e-05,1.0,3.3333333333333335e-05,0.06633820556166446,0.0012147629657876665,2.6535282224665786
0.0352970730273065,1.0,2.51e-05,1.0,0.0,0.06633820556166446,0.0012147629657876665,0.0
0.0352970730273065,1.0,3.16e-05,1.0,3.3333333333333335e-05,0.06633820556166446,0.0012147629657876665,2.6535282224665786
0.0352970730273065,1.0,3.98e-05,1.0,0.0,0.06633820556166446,0.0012147629657876665,0.0
0.0352970730273065,1.0,5.01e-05,1.0,0.0001,0.06633820556166446,0.0012147629657876665,7.960584667399736
0.0352970730273065,1.0,6.31e-05,1.0,0.00016666666666666666,0.06633820556166446,0.0012147629657876665,13.26764111233289
0.0352970730273065,1.0,7.94e-05,1.0,6.666666666666667e-05,0.06633820556166446,0.0012147629657876665,5.307056444933157
0.0352970730273065,1.0,0.0001,1.0,0.0002666666666666667,0.06633820556166446,0.0012147629657876665,21.22822577973263
0.0352970730273065,1.0,0.000126,1.0,0.00036666666666666667,0.06633820556166446,0.0012147629657876665,29.188810447132365
0.0352970730273065,1.0,0.000158,1.0,0.0007,0.06633820556166446,0.0012147629657876665,55.72409267179815
0.0352970730273065,1.0,0.0002,1.0,0.001,0.06633820556166446,0.0012147629657876665,79.60584667399735
0.0352970730273065,1.0,0.000251,1.0,0.0014666666666666667,0.06633820556166446,0.0012147629657876665,116.75524178852946
0.0352970730273065,1.0,0.000316,1.0,0.0017333333333333333,0.06633820556166446,0.0012147629657876665,137.98346756826206
0.0352970730273065,1.0,0.000398,1.0,0.003266666666666667,0.06633820556166446,0.0012147629657876665,260.0457658017247
0.0352970730273065,1.0,0.000501,1.0,0.005033333333333333,0.06633820556166446,0.0012147629657876665,400.68276159245335
0.0352970730273065,1.0,0.000631,1.0,0.006166666666666667,0.06633820556166446,0.0012147629657876665,490.902721156317
0.0352970730273065,1.0,0.000794,1.0,0.008366666666666666,0.06633820556166446,0.0012147629657876665,666.0355838391112
0.0352970730273065,1.0,0.001,1.0,0.007266666666666667,0.06633820556166446,0.0012147629657876665,578.4691524977142
0.0352970730273065,1.0,0.00126,1.0,0.0081,0.06633820556166446,0.0012147629657876665,644.8073580593785
0.0352970730273065,1.0,0.00158,1.0,0.004066666666666666,0.06633820556166446,0.0012147629657876665,323.73044314092255
0.0352970730273065,1.0,0.002,1.0,0.0021,0.06633820556166446,0.0012147629657876665,167.17227801539445
0.0352970730273065,1.0,0.00251,1.0,0.0006666666666666666,0.06633820556166446,0.0012147629657876665,53.07056444933156
0.0352970730273065,1.0,0.00316,1.0,6.666666666666667e-05,0.06633820556166446,0.0012147629657876665,5.307056444933157
0.0352970730273065,1.0,0.00398,1.0,6.666666666666667e-05,0.06633820556166446,0.0012147629657876665,5.307056444933157
0.0352970730273065,1.0,0.00501,1.0,0.0,0.06633820556166446,0.0012147629657876665,0.0
0.0352970730273065,1.0,0.00631,1.0,0.0,0.06633820556166446,0.0012147629657876665,0.0
0.036969127071950283,1.0,1e-06,1.0,0.0,0.07276349674523407,0.0013324207424507246,0.0
0.036969127071950283,1.0,1.26e-06,1.0,0.0,0.07276349674523407,0.0013324207424507246,0.0
0.036969127071950283,1.0,1.58e-06,1.0,0.0,0.07276349674523407,0.0013324207424507246,0.0
0.036969127071950283,1.0,2e-06,1.0,0.0,0.07276349674523407,0.0013324207424507246,0.0
0.036969127071950283,1.0,2.51e-06,1.0,0.0,0.07276349674523407,0.0013324207424507246,0.0
0.036969127071950283,1.0,3.16e-06,1.0,0.0,0.07276349674523407,0.0013324207424507246,0.0
0.036969127071950283,1.0,3.98e-06,1.0,0.0,0.07276349674523407,0.0013324207424507246,0.0
0.036969127071950283,1.0,5.01e-06,1.0,0.0,0.07276349674523407,0.0013324207424507246,0.0
0.036969127071950283,1.0,6.31e-06,1.0,0.0,0.07276349674523407,0.0013324207424507246,0.0
0.036969127071950283,1.0,7.94e-06,1.0,0.0,0.07276349674523407,0.0013324207424507246,0.0
0.036969127071950283,1.0,1e-05,1.0,0.0,0.07276349674523407,0.0013324207424507246,0.0
0.036969127071950283,1.0,1.26e-05,1.0,0.0,0.07276349674523407,0.0013324207424507246,0.0
0.036969127071950283,1.0,1.58e-05,1.0,0.0,0.07276349674523407,0.0013324207424507246,0.0
0.036969127071950283,1.0,2e-05,1.0,3.3333333333333335e-05,0.07276349674523407,0.0013324207424507246,2.9105398698093627
0.036969127071950283,1.0,2.51e-05,1.0,0.0,0.07276349674523407,0.0013324207424507246,0.0
0.036969127071950283,1.0,3.16e-05,1.0,3.3333333333333335e-05,0.07276349674523407,0.0013324207424507246,2.9105398698093627
0.036969127071950283,1.0,3.98e-05,1.0,0.0,0.07276349674523407,0.0013324207424507246,0.0
0.036969127071950283,1.0,5.01e-05,1.0,0.0001,0.07276349674523407,0.0013324207424507246,8.731619609428089
0.036969127071950283,1.0,6.31e-05,1.0,0.00016666666666666666,0.07276349674523407,0.0013324207424507246,14.552699349046813
0.036969127071950283,1.0,7.94e-05,1.0,6.666666666666667e-05,0.07276349674523407,0.0013324207424507246,5.8210797396187255
0.036969127071950283,1.0,0.0001,1.0,0.0002666666666666667,0.07276349674523407,0.0013324207424507246,23.284318958474902
0.036969127071950283,1.0,0.000126,1.0,0.00036666666666666667,0.07276349674523407,0.0013324207424507246,32.015938567902985
0.036969127071950283,1.0,0.000158,1.0,0.0007,0.07276349674523407,0.0013324207424507246,61.121337265996615
0.036969127071950283,1.0,0.0002,1.0,0.001,0.07276349674523407,0.0013324207424507246,87.31619609428088
0.036969127071950283,1.0,0.000251,1.0,0.0014666666666666667,0.07276349674523407,0.0013324207424507246,128.06375427161194
0.036969127071950283,1.0,0.000316,1.0,0.0017333333333333333,0.07276349674523407,0.0013324207424507246,151.34807323008687
0.036969127071950283,1.0,0.000398,1.0,0.003266666666666667,0.07276349674523407,0.0013324207424507246,285.23290724131755
0.036969127071950283,1.0,0.000501,1.0,0.005033333333333333,0.07276349674523407,0.0013324207424507246,439.49152034121374
0.036969127071950283,1.0,0.000631,1.0,0.006166666666666667,0.07276349674523407,0.0013324207424507246,538.4498759147322
0.036969127071950283,1.0,0.000794,1.0,0.008366666666666666,0.07276349674523407,0.0013324207424507246,730.54550732215
0.036969127071950283,1.0,0.001,1.0,0.007266666666666667,0.07276349674523407,0.0013324207424507246,634.4976916184411
0.036969127071950283,1.0,0.00126,1.0,0.0081,0.07276349674523407,0.0013324207424507246,707.261188363675
0.036969127071950283,1.0,0.00158,1.0,0.004066666666666666,0.07276349674523407,0.0013324207424507246,355.0858641167422
0.036969127071950283,1.0,0.002,1.0,0.0021,0.07276349674523407,0.0013324207424507246,183.36401179798986
0.036969127071950283,1.0,0.00251,1.0,0.0006666666666666666,0.07276349674523407,0.0013324207424507246,58.21079739618725
0.036969127071950283,1.0,0.00316,1.0,6.666666666666667e-05,0.07276349674523407,0.0013324207424507246,5.8210797396187255
0.036969127071950283,1.0,0.00398,1.0,6.666666666666667e-05,0.07276349674523407,0.0013324207424507246,5.8210797396187255
0.036969127071950283,1.0,0.00501,1.0,0.0,0.07276349674523407,0.0013324207424507246,0.0
0.036969127071950283,1.0,0.00631,1.0,0.0,0.07276349674523407,0.0013324207424507246,0.0
0.03872038781812555,1.0,1e-06,1.0,0.0,0.07981020898931562,0.0014614577731059445,0.0
0.03872038781812555,1.0,1.26e-06,1.0,0.0,0.07981020898931562,0.0014614577731059445,0.0
0.03872038781812555,1.0,1.58e-06,1.0,0.0,0.07981020898931562,0.0014614577731059445,0.0
0.03872038781812555,1.0,2e-06,1.0,0.0,0.07981020898931562,0.0014614577731059445,0.0
0.03872038781812555,1.0,2.51e-06,1.0,0.0,0.07981020898931562,0.0014614577731059445,0.0
0.03872038781812555,1.0,3.16e-06,1.0,0.0,0.07981020898931562,0.0014614577731059445,0.0
0.03872038781812555,1.0,3.98e-06,1.0,0.0,0.07981020898931562,0.0014614577731059445,0.0
0.03872038781812555,1.0,5.01e-06,1.0,0.0,0.07981020898931562,0.0014614577731059445,0.0
0.03872038781812555,1.0,6.31e-06,1.0,0.0,0.07981020898931562,0.0014614577731059445,0.0
0.03872038781812555,1.0,7.94e-06,1.0,0.0,0.07981020898931562,0.0014614577731059445,0.0
0.03872038781812555,1.0,1e-05,1.0,0.0,0.07981020898931562,0.0014614577731059445,0.0
0.03872038781812555,1.0,1.26e-05,1.0,0.0,0.07981020898931562,0.0014614577731059445,0.0
0.03872038781812555,1.0,1.58e-05,1.0,0.0,0.07981020898931562,0.0014614577731059445,0.0
0.03872038781812555,1.0,2e-05,1.0,3.3333333333333335e-05,0.07981020898931562,0.0014614577731059445,3.1924083595726254
0.03872038781812555,1.0,2.51e-05,1.0,0.0,0.07981020898931562,0.0014614577731059445,0.0
0.03872038781812555,1.0,3.16e-05,1.0,3.3333333333333335e-05,0.07981020898931562,0.0014614577731059445,3.1924083595726254
0.03872038781812555,1.0,3.98e-05,1.0,0.0,0.07981020898931562,0.0014614577731059445,0.0
0.03872038781812555,1.0,5.01e-05,1.0,0.0001,0.07981020898931562,0.0014614577731059445,9.577225078717877
0.03872038781812555,1.0,6.31e-05,1.0,0.00016666666666666666,0.07981020898931562,0.0014614577731059445,15.962041797863126
0.03872038781812555,1.0,7.94e-05,1.0,6.666666666666667e-05,0.07981020898931562,0.0014614577731059445,6.384816719145251
0.03872038781812555,1.0,0.0001,1.0,0.0002666666666666667,0.07981020898931562,0.0014614577731059445,25.539266876581003
0.03872038781812555,1.0,0.000126,1.0,0.00036666666666666667,0.07981020898931562,0.0014614577731059445,35.116491955298876
0.03872038781812555,1.0,0.000158,1.0,0.0007,0.07981020898931562,0.0014614577731059445,67.04057555102513
0.03872038781812555,1.0,0.0002,1.0,0.001,0.07981020898931562,0.0014614577731059445,95.77225078717876
0.03872038781812555,1.0,0.000251,1.0,0.0014666666666666667,0.07981020898931562,0.0014614577731059445,140.4659678211955
0.03872038781812555,1.0,0.000316,1.0,0.0017333333333333333,0.07981020898931562,0.0014614577731059445,166.0052346977765
0.03872038781812555,1.0,0.000398,1.0,0.003266666666666667,0.07981020898931562,0.0014614577731059445,312.8560192381173
0.03872038781812555,1.0,0.000501,1.0,0.005033333333333333,0.07981020898931562,0.0014614577731059445,482.0536622954664
0.03872038781812555,1.0,0.000631,1.0,0.006166666666666667,0.07981020898931562,0.0014614577731059445,590.5955465209357
0.03872038781812555,1.0,0.000794,1.0,0.008366666666666666,0.07981020898931562,0.0014614577731059445,801.2944982527289
0.03872038781812555,1.0,0.001,1.0,0.007266666666666667,0.07981020898931562,0.0014614577731059445,695.9450223868323
0.03872038781812555,1.0,0.00126,1.0,0.0081,0.07981020898931562,0.0014614577731059445,775.7552313761479
0.03872038781812555,1.0,0.00158,1.0,0.004066666666666666,0.07981020898931562,0.0014614577731059445,389.47381986786024
0.03872038781812555,1.0,0.002,1.0,0.0021,0.07981020898931562,0.0014614577731059445,201.12172665307537
0.03872038781812555,1.0,0.00251,1.0,0.0006666666666666666,0.07981020898931562,0.0014614577731059445,63.848167191452504
0.03872038781812555,1.0,0.00316,1.0,6.666666666666667e-05,0.07981020898931562,0.0014614577731059445,6.384816719145251
0.03872038781812555,1.0,0.00398,1.0,6.666666666666667e-05,0.07981020898931562,0.0014614577731059445,6.384816719145251
0.03872038781812555,1.0,0.00501,1.0,0.0,0.07981020898931562,0.0014614577731059445,0.0
0.03872038781812555,1.0,0.00631,1.0,0.0,0.07981020898931562,0.0014614577731059445,0.0
0.040554607358408296,1.0,1e-06,1.0,0.0,0.08753825805866189,0.0016029712151375552,0.0
0.040554607358408296,1.0,1.26e-06,1.0,0.0,0.08753825805866189,0.0016029712151375552,0.0
0.040554607358408296,1.0,1.58e-06,1.0,0.0,0.08753825805866189,0.0016029712151375552,0.0
0.040554607358408296,1.0,2e-06,1.0,0.0,0.08753825805866189,0.0016029712151375552,0.0
0.040554607358408296,1.0,2.51e-06,1.0,0.0,0.08753825805866189,0.0016029712151375552,0.0
0.040554607358408296,1.0,3.16e-06,1.0,0.0,0.08753825805866189,0.0016029712151375552,0.0
0.040554607358408296,1.0,3.98e-06,1.0,0.0,0.08753825805866189,0.0016029712151375552,0.0
0.040554607358408296,1.0,5.01e-06,1.0,0.0,0.08753825805866189,0.0016029712151375552,0.0
0.040554607358408296,1.0,6.31e-06,1.0,0.0,0.08753825805866189,0.0016029712151375552,0.0
0.040554607358408296,1.0,7.94e-06,1.0,0.0,0.08753825805866189,0.0016029712151375552,0.0
0.040554607358408296,1.0,1e-05,1.0,0.0,0.08753825805866189,0.0016029712151375552,0.0
0.040554607358408296,1.0,1.26e-05,1.0,0.0,0.08753825805866189,0.0016029712151375552,0.0
0.040554607358408296,1.0,1.58e-05,1.0,0.0,0.08753825805866189,0.0016029712151375552,0.0
0.040554607358408296,1.0,2e-05,1.0,3.3333333333333335e-05,0.08753825805866189,0.0016029712151375552,3.5015303223464755
0.040554607358408296,1.0,2.51e-05,1.0,0.0,0.08753825805866189,0.0016029712151375552,0.0
0.040554607358408296,1.0,3.16e-05,1.0,3.3333333333333335e-05,0.08753825805866189,0.0016029712151375552,3.5015303223464755
0.040554607358408296,1.0,3.98e-05,1.0,0.0,0.08753825805866189,0.0016029712151375552,0.0
0.040554607358408296,1.0,5.01e-05,1.0,0.0001,0.08753825805866189,0.0016029712151375552,10.504590967039427
0.040554607358408296,1.0,6.31e-05,1.0,0.00016666666666666666,0.08753825805866189,0.0016029712151375552,17.507651611732378
0.040554607358408296,1.0,7.94e-05,1.0,6.666666666666667e-05,0.08753825805866189,0.0016029712151375552,7.003060644692951
0.040554607358408296,1.0,0.0001,1.0,0.0002666666666666667,0.08753825805866189,0.0016029712151375552,28.012242578771804
0.040554607358408296,1.0,0.000126,1.0,0.00036666666666666667,0.08753825805866189,0.0016029712151375552,38.51683354581124
0.040554607358408296,1.0,0.000158,1.0,0.0007,0.08753825805866189,0.0016029712151375552,73.532136769276
0.040554607358408296,1.0,0.0002,1.0,0.001,0.08753825805866189,0.0016029712151375552,105.04590967039427
0.040554607358408296,1.0,0.000251,1.0,0.0014666666666666667,0.08753825805866189,0.0016029712151375552,154.06733418324495
0.040554607358408296,1.0,0.000316,1.0,0.0017333333333333333,0.08753825805866189,0.0016029712151375552,182.07957676201673
0.040554607358408296,1.0,0.000398,1.0,0.003266666666666667,0.08753825805866189,0.0016029712151375552,343.14997158995465
0.040554607358408296,1.0,0.000501,1.0,0.005033333333333333,0.08753825805866189,0.0016029712151375552,528.7310786743178
0.040554607358408296,1.0,0.000631,1.0,0.006166666666666667,0.08753825805866189,0.0016029712151375552,647.783109634098
0.040554607358408296,1.0,0.000794,1.0,0.008366666666666666,0.08753825805866189,0.0016029712151375552,878.8841109089653
0.040554607358408296,1.0,0.001,1.0,0.007266666666666667,0.08753825805866189,0.0016029712151375552,763.3336102715317
0.040554607358408296,1.0,0.00126,1.0,0.0081,0.08753825805866189,0.0016029712151375552,850.8718683301936
0.040554607358408296,1.0,0.00158,1.0,0.004066666666666666,0.08753825805866189,0.0016029712151375552,427.18669932627
0.040554607358408296,1.0,0.002,1.0,0.0021,0.08753825805866189,0.0016029712151375552,220.59641030782797
0.040554607358408296,1.0,0.00251,1.0,0.0006666666666666666,0.08753825805866189,0.0016029712151375552,70.03060644692951
0.040554607358408296,1.0,0.00316,1.0,6.666666666666667e-05,0.08753825805866189,0.0016029712151375552,7.003060644692951
0.040554607358408296,1.0,0.00398,1.0,6.666666666666667e-05,0.08753825805866189,0.0016029712151375552,7.003060644692951
0.040554607358408296,1.0,0.00501,1.0,0.0,0.08753825805866189,0.0016029712151375552,0.0
0.040554607358408296,1.0,0.00631,1.0,0.0,0.08753825805866189,0.0016029712151375552,0.0
0.04247571552536898,1.0,1e-06,1.0,0.0,0.09601329911257742,0.0017581633237974256,0.0
0.04247571552536898,1.0,1.26e-06,1.0,0.0,0.09601329911257742,0.0017581633237974256,0.0
0.04247571552536898,1.0,1.58e-06,1.0,0.0,0.09601329911257742,0.0017581633237974256,0.0
0.04247571552536898,1.0,2e-06,1.0,0.0,0.09601329911257742,0.0017581633237974256,0.0
0.04247571552536898,1.0,2.51e-06,1.0,0.0,0.09601329911257742,0.0017581633237974256,0.0
0.04247571552536898,1.0,3.16e-06,1.0,0.0,0.09601329911257742,0.0017581633237974256,0.0
0.04247571552536898,1.0,3.98e-06,1.0,0.0,0.09601329911257742,0.0017581633237974256,0.0
0.04247571552536898,1.0,5.01e-06,1.0,0.0,0.09601329911257742,0.0017581633237974256,0.0
0.04247571552536898,1.0,6.31e-06,1.0,0.0,0.09601329911257742,0.0017581633237974256,0.0
0.04247571552536898,1.0,7.94e-06,1.0,0.0,0.09601329911257742,0.0017581633237974256,0.0
0.04247571552536898,1.0,1e-05,1.0,0.0,0.09601329911257742,0.0017581633237974256,0.0
0.04247571552536898,1.0,1.26e-05,1.0,0.0,0.09601329911257742,0.0017581633237974256,0.0
0.04247571552536898,1.0,1.58e-05,1.0,0.0,0.09601329911257742,0.0017581633237974256,0.0
0.04247571552536898,1.0,2e-05,1.0,3.3333333333333335e-05,0.09601329911257742,0.0017581633237974256,3.8405319645030973
0.04247571552536898,1.0,2.51e-05,1.0,0.0,0.09601329911257742,0.0017581633237974256,0.0
0.04247571552536898,1.0,3.16e-05,1.0,3.3333333333333335e-05,0.09601329911257742,0.0017581633237974256,3.8405319645030973
0.04247571552536898,1.0,3.98e-05,1.0,0.0,0.09601329911257742,0.0017581633237974256,0.0
0.04247571552536898,1.0,5.01e-05,1.0,0.0001,0.09601329911257742,0.0017581633237974256,11.521595893509293
0.04247571552536898,1.0,6.31e-05,1.0,0.00016666666666666666,0.09601329911257742,0.0017581633237974256,19.202659822515486
0.04247571552536898,1.0,7.94e-05,1.0,6.666666666666667e-05,0.09601329911257742,0.0017581633237974256,7.681063929006195
0.04247571552536898,1.0,0.0001,1.0,0.0002666666666666667,0.09601329911257742,0.0017581633237974256,30.72425571602478
0.04247571552536898,1.0,0.000126,1.0,0.00036666666666666667,0.09601329911257742,0.0017581633237974256,42.24585160953407
0.04247571552536898,1.0,0.000158,1.0,0.0007,0.09601329911257742,0.0017581633237974256,80.65117125456504
0.04247571552536898,1.0,0.0002,1.0,0.001,0.09601329911257742,0.0017581633237974256,115.21595893509291
0.04247571552536898,1.0,0.000251,1.0,0.0014666666666666667,0.09601329911257742,0.0017581633237974256,168.98340643813629
0.04247571552536898,1.0,0.000316,1.0,0.0017333333333333333,0.09601329911257742,0.0017581633237974256,199.70766215416103
0.04247571552536898,1.0,0.000398,1.0,0.003266666666666667,0.09601329911257742,0.0017581633237974256,376.3721325213035
0.04247571552536898,1.0,0.000501,1.0,0.005033333333333333,0.09601329911257742,0.0017581633237974256,579.9203266399676
0.04247571552536898,1.0,0.000631,1.0,0.006166666666666667,0.09601329911257742,0.0017581633237974256,710.498413433073
0.04247571552536898,1.0,0.000794,1.0,0.008366666666666666,0.09601329911257742,0.0017581633237974256,963.9735230902772
0.04247571552536898,1.0,0.001,1.0,0.007266666666666667,0.09601329911257742,0.0017581633237974256,837.2359682616751
0.04247571552536898,1.0,0.00126,1.0,0.0081,0.09601329911257742,0.0017581633237974256,933.2492673742526
0.04247571552536898,1.0,0.00158,1.0,0.004066666666666666,0.09601329911257742,0.0017581633237974256,468.54489966937774
0.04247571552536898,1.0,0.002,1.0,0.0021,0.09601329911257742,0.0017581633237974256,241.9535137636951
0.04247571552536898,1.0,0.00251,1.0,0.0006666666666666666,0.09601329911257742,0.0017581633237974256,76.81063929006194
0.04247571552536898,1.0,0.00316,1.0,6.666666666666667e-05,0.09601329911257742,0.0017581633237974256,7.681063929006195
0.04247571552536898,1.0,0.00398,1.0,6.666666666666667e-05,0.09601329911257742,0.0017581633237974256,7.681063929006195
0.04247571552536898,1.0,0.00501,1.0,0.0,0.09601329911257742,0.0017581633237974256,0.0
0.04247571552536898,1.0,0.00631,1.0,0.0,0.09601329911257742,0.0017581633237974256,0.0
0.04448782831127585,1.0,1e-06,1.0,0.0,0.10530726886912194,0.0019283513801340768,0.0
0.04448782831127585,1.0,1.26e-06,1.0,0.0,0.10530726886912194,0.0019283513801340768,0.0
0.04448782831127585,1.0,1.58e-06,1.0,0.0,0.10530726886912194,0.0019283513801340768,0.0
0.04448782831127585,1.0,2e-06,1.0,0.0,0.10530726886912194,0.0019283513801340768,0.0
0.04448782831127585,1.0,2.51e-06,1.0,0.0,0.10530726886912194,0.0019283513801340768,0.0
0.04448782831127585,1.0,3.16e-06,1.0,0.0,0.10530726886912194,0.0019283513801340768,0.0
0.04448782831127585,1.0,3.98e-06,1.0,0.0,0.10530726886912194,0.0019283513801340768,0.0
0.04448782831127585,1.0,5.01e-06,1.0,0.0,0.10530726886912194,0.0019283513801340768,0.0
0.04448782831127585,1.0,6.31e-06,1.0,0.0,0.10530726886912194,0.0019283513801340768,0.0
0.04448782831127585,1.0,7.94e-06,1.0,0.0,0.10530726886912194,0.0019283513801340768,0.0
0.04448782831127585,1.0,1e-05,1.0,0.0,0.10530726886912194,0.0019283513801340768,0.0
0.04448782831127585,1.0,1.26e-05,1.0,0.0,0.10530726886912194,0.0019283513801340768,0.0
0.04448782831127585,1.0,1.58e-05,1.0,0.0,0.10530726886912194,0.0019283513801340768,0.0
0.04448782831127585,1.0,2e-05,1.0,3.3333333333333335e-05,0.10530726886912194,0.0019283513801340768,4.212290754764878
0.04448782831127585,1.0,2.51e-05,1.0,0.0,0.10530726886912194,0.0019283513801340768,0.0
0.04448782831127585,1.0,3.16e-05,1.0,3.3333333333333335e-05,0.10530726886912194,0.0019283513801340768,4.212290754764878
0.04448782831127585,1.0,3.98e-05,1.0,0.0,0.10530726886912194,0.0019283513801340768,0.0
0.04448782831127585,1.0,5.01e-05,1.0,0.0001,0.10530726886912194,0.0019283513801340768,12.636872264294633
0.04448782831127585,1.0,6.31e-05,1.0,0.00016666666666666666,0.10530726886912194,0.0019283513801340768,21.061453773824386
0.04448782831127585,1.0,7.94e-05,1.0,6.666666666666667e-05,0.10530726886912194,0.0019283513801340768,8.424581509529755
0.04448782831127585,1.0,0.0001,1.0,0.0002666666666666667,0.10530726886912194,0.0019283513801340768,33.69832603811902
0.04448782831127585,1.0,0.000126,1.0,0.00036666666666666667,0.10530726886912194,0.0019283513801340768,46.33519830241365
0.04448782831127585,1.0,0.000158,1.0,0.0007,0.10530726886912194,0.0019283513801340768,88.45810585006242
0.04448782831127585,1.0,0.0002,1.0,0.001,0.10530726886912194,0.0019283513801340768,126.36872264294632
0.04448782831127585,1.0,0.000251,1.0,0.0014666666666666667,0.10530726886912194,0.0019283513801340768,185.3407932096546
0.04448782831127585,1.0,0.000316,1.0,0.0017333333333333333,0.10530726886912194,0.0019283513801340768,219.03911924777358
0.04448782831127585,1.0,0.000398,1.0,0.003266666666666667,0.10530726886912194,0.0019283513801340768,412.804493966958
0.04448782831127585,1.0,0.000501,1.0,0.005033333333333333,0.10530726886912194,0.0019283513801340768,636.0559039694965
0.04448782831127585,1.0,0.000631,1.0,0.006166666666666667,0.10530726886912194,0.0019283513801340768,779.2737896315023
0.04448782831127585,1.0,0.000794,1.0,0.008366666666666666,0.10530726886912194,0.0019283513801340768,1057.2849794459842
0.04448782831127585,1.0,0.001,1.0,0.007266666666666667,0.10530726886912194,0.0019283513801340768,918.2793845387432
0.04448782831127585,1.0,0.00126,1.0,0.0081,0.10530726886912194,0.0019283513801340768,1023.586653407865
0.04448782831127585,1.0,0.00158,1.0,0.004066666666666666,0.10530726886912194,0.0019283513801340768,513.899472081315
0.04448782831127585,1.0,0.002,1.0,0.0021,0.10530726886912194,0.0019283513801340768,265.37431755018724
0.04448782831127585,1.0,0.00251,1.0,0.0006666666666666666,0.10530726886912194,0.0019283513801340768,84.24581509529754
0.04448782831127585,1.0,0.00316,1.0,6.666666666666667e-05,0.10530726886912194,0.0019283513801340768,8.424581509529755
0.04448782831127585,1.0,0.00398,1.0,6.666666666666667e-05,0.10530726886912194,0.0019283513801340768,8.424581509529755
0.04448782831127585,1.0,0.00501,1.0,0.0,0.10530726886912194,0.0019283513801340768,0.0
0.04448782831127585,1.0,0.00631,1.0,0.0,0.10530726886912194,0.0019283513801340768,0.0
0.046595256686646824,1.0,1e-06,1.0,0.0,0.1154989774339758,0.0021149785283643254,0.0
0.046595256686646824,1.0,1.26e-06,1.0,0.0,0.1154989774339758,0.0021149785283643254,0.0
0.046595256686646824,1.0,1.58e-06,1.0,0.0,0.1154989774339758,0.0021149785283643254,0.0
0.046595256686646824,1.0,2e-06,1.0,0.0,0.1154989774339758,0.0021149785283643254,0.0
0.046595256686646824,1.0,2.51e-06,1.0,0.0,0.1154989774339758,0.0021149785283643254,0.0
0.046595256686646824,1.0,3.16e-06,1.0,0.0,0.1154989774339758,0.0021149785283643254,0.0
0.046595256686646824,1.0,3.98e-06,1.0,0.0,0.1154989774339758,0.0021149785283643254,0.0
0.046595256686646824,1.0,5.01e-06,1.0,0.0,0.1154989774339758,0.0021149785283643254,0.0
0.046595256686646824,1.0,6.31e-06,1.0,0.0,0.1154989774339758,0.0021149785283643254,0.0
0.046595256686646824,1.0,7.94e-06,1.0,0.0,0.1154989774339758,0.0021149785283643254,0.0
0.046595256686646824,1.0,1e-05,1.0,0.0,0.1154989774339758,0.0021149785283643254,0.0
0.046595256686646824,1.0,1.26e-05,1.0,0.0,0.1154989774339758,0.0021149785283643254,0.0
0.046595256686646824,1.0,1.58e-05,1.0,0.0,0.1154989774339758,0.0021149785283643254,0.0
0.046595256686646824,1.0,2e-05,1.0,3.3333333333333335e-05,0.1154989774339758,0.0021149785283643254,4.6199590973590325
0.046595256686646824,1.0,2.51e-05,1.0,0.0,0.1154989774339758,0.0021149785283643254,0.0
0.046595256686646824,1.0,3.16e-05,1.0,3.3333333333333335e-05,0.1154989774339758,0.0021149785283643254,4.6199590973590325
0.046595256686646824,1.0,3.98e-05,1.0,0.0,0.1154989774339758,0.0021149785283643254,0.0
0.046595256686646824,1.0,5.01e-05,1.0,0.0001,0.1154989774339758,0.0021149785283643254,13.8598772920771
0.046595256686646824,1.0,6.31e-05,1.0,0.00016666666666666666,0.1154989774339758,0.0021149785283643254,23.09979548679516
0.046595256686646824,1.0,7.94e-05,1.0,6.666666666666667e-05,0.1154989774339758,0.0021149785283643254,9.239918194718065
0.046595256686646824,1.0,0.0001,1.0,0.0002666666666666667,0.1154989774339758,0.0021149785283643254,36.95967277887226
0.046595256686646824,1.0,0.000126,1.0,0.00036666666666666667,0.1154989774339758,0.0021149785283643254,50.81955007094936
0.046595256686646824,1.0,0.000158,1.0,0.0007,0.1154989774339758,0.0021149785283643254,97.01914104453968
0.046595256686646824,1.0,0.0002,1.0,0.001,0.1154989774339758,0.0021149785283643254,138.59877292077098
0.046595256686646824,1.0,0.000251,1.0,0.0014666666666666667,0.1154989774339758,0.0021149785283643254,203.27820028379745
0.046595256686646824,1.0,0.000316,1.0,0.0017333333333333333,0.1154989774339758,0.0021149785283643254,240.23787306266968
0.046595256686646824,1.0,0.000398,1.0,0.003266666666666667,0.1154989774339758,0.0021149785283643254,452.7559915411852
0.046595256686646824,1.0,0.000501,1.0,0.005033333333333333,0.1154989774339758,0.0021149785283643254,697.6138237012138
0.046595256686646824,1.0,0.000631,1.0,0.006166666666666667,0.1154989774339758,0.0021149785283643254,854.6924330114209
0.046595256686646824,1.0,0.000794,1.0,0.008366666666666666,0.1154989774339758,0.0021149785283643254,1159.609733437117
0.046595256686646824,1.0,0.001,1.0,0.007266666666666667,0.1154989774339758,0.0021149785283643254,1007.1510832242692
0.046595256686646824,1.0,0.00126,1.0,0.0081,0.1154989774339758,0.0021149785283643254,1122.6500606582447
0.046595256686646824,1.0,0.00158,1.0,0.004066666666666666,0.1154989774339758,0.0021149785283643254,563.635009877802
0.046595256686646824,1.0,0.002,1.0,0.0021,0.1154989774339758,0.0021149785283643254,291.057423133619
0.046595256686646824,1.0,0.00251,1.0,0.0006666666666666666,0.1154989774339758,0.0021149785283643254,92.39918194718064
0.046595256686646824,1.0,0.00316,1.0,6.666666666666667e-05,0.1154989774339758,0.0021149785283643254,9.239918194718065
0.046595256686646824,1.0,0.00398,1.0,6.666666666666667e-05,0.1154989774339758,0.0021149785283643254,9.239918194718065
0.046595256686646824,1.0,0.00501,1.0,0.0,0.1154989774339758,0.0021149785283643254,0.0
0.046595256686646824,1.0,0.00631,1.0,0.0,0.1154989774339758,0.0021149785283643254,0.0
0.04880251583654431,1.0,1e-06,1.0,0.0,0.1266747540257827,0.002319625600179138,0.0
0.04880251583654431,1.0,1.26e-06,1.0,0.0,0.1266747540257827,0.002319625600179138,0.0
0.04880251583654431,1.0,1.58e-06,1.0,0.0,0.1266747540257827,0.002319625600179138,0.0
0.04880251583654431,1.0,2e-06,1.0,0.0,0.1266747540257827,0.002319625600179138,0.0
0.04880251583654431,1.0,2.51e-06,1.0,0.0,0.1266747540257827,0.002319625600179138,0.0
0.04880251583654431,1.0,3.16e-06,1.0,0.0,0.1266747540257827,0.002319625600179138,0.0
0.04880251583654431,1.0,3.98e-06,1.0,0.0,0.1266747540257827,0.002319625600179138,0.0
0.04880251583654431,1.0,5.01e-06,1.0,0.0,0.1266747540257827,0.002319625600179138,0.0
0.04880251583654431,1.0,6.31e-06,1.0,0.0,0.1266747540257827,0.002319625600179138,0.0
0.04880251583654431,1.0,7.94e-06,1.0,0.0,0.1266747540257827,0.002319625600179138,0.0
0.04880251583654431,1.0,1e-05,1.0,0.0,0.1266747540257827,0.002319625600179138,0.0
0.04880251583654431,1.0,1.26e-05,1.0,0.0,0.1266747540257827,0.002319625600179138,0.0
0.04880251583654431,1.0,1.58e-05,1.0,0.0,0.1266747540257827,0.002319625600179138,0.0
0.04880251583654431,1.0,2e-05,1.0,3.3333333333333335e-05,0.1266747540257827,0.002319625600179138,5.06699016103131
0.04880251583654431,1.0,2.51e-05,1.0,0.0,0.1266747540257827,0.002319625600179138,0.0
0.04880251583654431,1.0,3.16e-05,1.0,3.3333333333333335e-05,0.1266747540257827,0.002319625600179138,5.06699016103131
0.04880251583654431,1.0,3.98e-05,1.0,0.0,0.1266747540257827,0.002319625600179138,0.0
0.04880251583654431,1.0,5.01e-05,1.0,0.0001,0.1266747540257827,0.002319625600179138,15.200970483093926
0.04880251583654431,1.0,6.31e-05,1.0,0.00016666666666666666,0.1266747540257827,0.002319625600179138,25.33495080515654
0.04880251583654431,1.0,7.94e-05,1.0,6.666666666666667e-05,0.1266747540257827,0.002319625600179138,10.13398032206262
0.04880251583654431,1.0,0.0001,1.0,0.0002666666666666667,0.1266747540257827,0.002319625600179138,40.53592128825048
0.04880251583654431,1.0,0.000126,1.0,0.00036666666666666667,0.1266747540257827,0.002319625600179138,55.736891771344396
0.04880251583654431,1.0,0.000158,1.0,0.0007,0.1266747540257827,0.002319625600179138,106.4067933816575
0.04880251583654431,1.0,0.0002,1.0,0.001,0.1266747540257827,0.002319625600179138,152.00970483093926
0.04880251583654431,1.0,0.000251,1.0,0.0014666666666666667,0.1266747540257827,0.002319625600179138,222.94756708537759
0.04880251583654431,1.0,0.000316,1.0,0.0017333333333333333,0.1266747540257827,0.002319625600179138,263.483488373628
0.04880251583654431,1.0,0.000398,1.0,0.003266666666666667,0.1266747540257827,0.002319625600179138,496.5650357810682
0.04880251583654431,1.0,0.000501,1.0,0.005033333333333333,0.1266747540257827,0.002319625600179138,765.1155143157275
0.04880251583654431,1.0,0.000631,1.0,0.006166666666666667,0.1266747540257827,0.002319625600179138,937.3931797907921
0.04880251583654431,1.0,0.000794,1.0,0.008366666666666666,0.1266747540257827,0.002319625600179138,1271.8145304188583
0.04880251583654431,1.0,0.001,1.0,0.007266666666666667,0.1266747540257827,0.002319625600179138,1104.6038551048252
0.04880251583654431,1.0,0.00126,1.0,0.0081,0.1266747540257827,0.002319625600179138,1231.278609130608
0.04880251583654431,1.0,0.00158,1.0,0.004066666666666666,0.1266747540257827,0.002319625600179138,618.1727996458196
0.04880251583654431,1.0,0.002,1.0,0.0021,0.1266747540257827,0.002319625600179138,319.22038014497247
0.04880251583654431,1.0,0.00251,1.0,0.0006666666666666666,0.1266747540257827,0.002319625600179138,101.33980322062617
0.04880251583654431,1.0,0.00316,1.0,6.666666666666667e-05,0.1266747540257827,0.002319625600179138,10.13398032206262
0.04880251583654431,1.0,0.00398,1.0,6.666666666666667e-05,0.1266747540257827,0.002319625600179138,10.13398032206262
0.04880251583654431,1.0,0.00501,1.0,0.0,0.1266747540257827,0.002319625600179138,0.0
0.04880251583654431,1.0,0.00631,1.0,0.0,0.1266747540257827,0.002319625600179138,0.0
0.051114334834401684,1.0,1e-06,1.0,0.0,0.13892915112390816,0.0025440240088611637,0.0
0.051114334834401684,1.0,1.26e-06,1.0,0.0,0.13892915112390816,0.0025440240088611637,0.0
0.051114334834401684,1.0,1.58e-06,1.0,0.0,0.13892915112390816,0.0025440240088611637,0.0
0.051114334834401684,1.0,2e-06,1.0,0.0,0.13892915112390816,0.0025440240088611637,0.0
0.051114334834401684,1.0,2.51e-06,1.0,0.0,0.13892915112390816,0.0025440240088611637,0.0
0.051114334834401684,1.0,3.16e-06,1.0,0.0,0.13892915112390816,0.0025440240088611637,0.0
0.051114334834401684,1.0,3.98e-06,1.0,0.0,0.13892915112390816,0.0025440240088611637,0.0
0.051114334834401684,1.0,5.01e-06,1.0,0.0,0.13892915112390816,0.0025440240088611637,0.0
0.051114334834401684,1.0,6.31e-06,1.0,0.0,0.13892915112390816,0.0025440240088611637,0.0
0.051114334834401684,1.0,7.94e-06,1.0,0.0,0.13892915112390816,0.0025440240088611637,0.0
0.051114334834401684,1.0,1e-05,1.0,0.0,0.13892915112390816,0.0025440240088611637,0.0
0.051114334834401684,1.0,1.26e-05,1.0,0.0,0.13892915112390816,0.0025440240088611637,0.0
0.051114334834401684,1.0,1.58e-05,1.0,0.0,0.13892915112390816,0.0025440240088611637,0.0
0.051114334834401684,1.0,2e-05,1.0,3.3333333333333335e-05,0.13892915112390816,0.0025440240088611637,5.557166044956326
0.051114334834401684,1.0,2.51e-05,1.0,0.0,0.13892915112390816,0.0025440240088611637,0.0
0.051114334834401684,1.0,3.16e-05,1.0,3.3333333333333335e-05,0.13892915112390816,0.0025440240088611637,5.557166044956326
0.051114334834401684,1.0,3.98e-05,1.0,0.0,0.13892915112390816,0.0025440240088611637,0.0
0.051114334834401684,1.0,5.01e-05,1.0,0.0001,0.13892915112390816,0.0025440240088611637,16.67149813486898
0.051114334834401684,1.0,6.31e-05,1.0,0.00016666666666666666,0.13892915112390816,0.0025440240088611637,27.785830224781634
0.051114334834401684,1.0,7.94e-05,1.0,6.666666666666667e-05,0.13892915112390816,0.0025440240088611637,11.114332089912653
0.051114334834401684,1.0,0.0001,1.0,0.0002666666666666667,0.13892915112390816,0.0025440240088611637,44.45732835965061
0.051114334834401684,1.0,0.000126,1.0,0.00036666666666666667,0.13892915112390816,0.0025440240088611637,61.12882649451959
0.051114334834401684,1.0,0.000158,1.0,0.0007,0.13892915112390816,0.0025440240088611637,116.70048694408285
0.051114334834401684,1.0,0.0002,1.0,0.001,0.13892915112390816,0.0025440240088611637,166.7149813486898
0.051114334834401684,1.0,0.000251,1.0,0.0014666666666666667,0.13892915112390816,0.0025440240088611637,244.51530597807837
0.051114334834401684,1.0,0.000316,1.0,0.0017333333333333333,0.13892915112390816,0.0025440240088611637,288.97263433772895
0.051114334834401684,1.0,0.000398,1.0,0.003266666666666667,0.13892915112390816,0.0025440240088611637,544.6022724057201
0.051114334834401684,1.0,0.000501,1.0,0.005033333333333333,0.13892915112390816,0.0025440240088611637,839.1320727884054
0.051114334834401684,1.0,0.000631,1.0,0.006166666666666667,0.13892915112390816,0.0025440240088611637,1028.0757183169205
0.051114334834401684,1.0,0.000794,1.0,0.008366666666666666,0.13892915112390816,0.0025440240088611637,1394.8486772840379
0.051114334834401684,1.0,0.001,1.0,0.007266666666666667,0.13892915112390816,0.0025440240088611637,1211.4621978004793
0.051114334834401684,1.0,0.00126,1.0,0.0081,0.13892915112390816,0.0025440240088611637,1350.3913489243873
0.051114334834401684,1.0,0.00158,1.0,0.004066666666666666,0.13892915112390816,0.0025440240088611637,677.9742574846719
0.051114334834401684,1.0,0.002,1.0,0.0021,0.13892915112390816,0.0025440240088611637,350.10146083224856
0.051114334834401684,1.0,0.00251,1.0,0.0006666666666666666,0.13892915112390816,0.0025440240088611637,111.14332089912654
0.051114334834401684,1.0,0.00316,1.0,6.666666666666667e-05,0.13892915112390816,0.0025440240088611637,11.114332089912653
0.051114334834401684,1.0,0.00398,1.0,6.666666666666667e-05,0.13892915112390816,0.0025440240088611637,11.114332089912653
0.051114334834401684,1.0,0.00501,1.0,0.0,0.13892915112390816,0.0025440240088611637,0.0
0.051114334834401684,1.0,0.00631,1.0,0.0,0.13892915112390816,0.0025440240088611637,0.0
0.053535666774107246,1.0,1e-06,1.0,0.0,0.15236571186439796,0.0027900698015820903,0.0
0.053535666774107246,1.0,1.26e-06,1.0,0.0,0.15236571186439796,0.0027900698015820903,0.0
0.053535666774107246,1.0,1.58e-06,1.0,0.0,0.15236571186439796,0.0027900698015820903,0.0
0.053535666774107246,1.0,2e-06,1.0,0.0,0.15236571186439796,0.0027900698015820903,0.0
0.053535666774107246,1.0,2.51e-06,1.0,0.0,0.15236571186439796,0.0027900698015820903,0.0
0.053535666774107246,1.0,3.16e-06,1.0,0.0,0.15236571186439796,0.0027900698015820903,0.0
0.053535666774107246,1.0,3.98e-06,1.0,0.0,0.15236571186439796,0.0027900698015820903,0.0
0.053535666774107246,1.0,5.01e-06,1.0,0.0,0.15236571186439796,0.0027900698015820903,0.0
0.053535666774107246,1.0,6.31e-06,1.0,0.0,0.15236571186439796,0.0027900698015820903,0.0
0.053535666774107246,1.0,7.94e-06,1.0,0.0,0.15236571186439796,0.0027900698015820903,0.0
0.053535666774107246,1.0,1e-05,1.0,0.0,0.15236571186439796,0.0027900698015820903,0.0
0.053535666774107246,1.0,1.26e-05,1.0,0.0,0.15236571186439796,0.0027900698015820903,0.0
0.053535666774107246,1.0,1.58e-05,1.0,0.0,0.15236571186439796,0.0027900698015820903,0.0
0.053535666774107246,1.0,2e-05,1.0,3.3333333333333335e-05,0.15236571186439796,0.0027900698015820903,6.094628474575919
0.053535666774107246,1.0,2.51e-05,1.0,0.0,0.15236571186439796,0.0027900698015820903,0.0
0.053535666774107246,1.0,3.16e-05,1.0,3.3333333333333335e-05,0.15236571186439796,0.0027900698015820903,6.094628474575919
0.053535666774107246,1.0,3.98e-05,1.0,0.0,0.15236571186439796,0.0027900698015820903,0.0
0.053535666774107246,1.0,5.01e-05,1.0,0.0001,0.15236571186439796,0.0027900698015820903,18.283885423727757
0.053535666774107246,1.0,6.31e-05,1.0,0.00016666666666666666,0.15236571186439796,0.0027900698015820903,30.473142372879593
0.053535666774107246,1.0,7.94e-05,1.0,6.666666666666667e-05,0.15236571186439796,0.0027900698015820903,12.189256949151838
0.053535666774107246,1.0,0.0001,1.0,0.0002666666666666667,0.15236571186439796,0.0027900698015820903,48.75702779660735
0.053535666774107246,1.0,0.000126,1.0,0.00036666666666666667,0.15236571186439796,0.0027900698015820903,67.04091322033511
0.053535666774107246,1.0,0.000158,1.0,0.0007,0.15236571186439796,0.0027900698015820903,127.98719796609429
0.053535666774107246,1.0,0.0002,1.0,0.001,0.15236571186439796,0.0027900698015820903,182.8388542372776
0.053535666774107246,1.0,0.000251,1.0,0.0014666666666666667,0.15236571186439796,0.0027900698015820903,268.16365288134045
0.053535666774107246,1.0,0.000316,1.0,0.0017333333333333333,0.15236571186439796,0.0027900698015820903,316.92068067794776
0.053535666774107246,1.0,0.000398,1.0,0.003266666666666667,0.15236571186439796,0.0027900698015820903,597.2735905084401
0.053535666774107246,1.0,0.000501,1.0,0.005033333333333333,0.15236571186439796,0.0027900698015820903,920.2888996609636
0.053535666774107246,1.0,0.000631,1.0,0.006166666666666667,0.15236571186439796,0.0027900698015820903,1127.506267796545
0.053535666774107246,1.0,0.000794,1.0,0.008366666666666666,0.15236571186439796,0.0027900698015820903,1529.7517471185556
0.053535666774107246,1.0,0.001,1.0,0.007266666666666667,0.15236571186439796,0.0027900698015820903,1328.6290074575504
0.053535666774107246,1.0,0.00126,1.0,0.0081,0.15236571186439796,0.0027900698015820903,1480.9947193219482
0.053535666774107246,1.0,0.00158,1.0,0.004066666666666666,0.15236571186439796,0.0027900698015820903,743.544673898262
0.053535666774107246,1.0,0.002,1.0,0.0021,0.15236571186439796,0.0027900698015820903,383.96159389828284
0.053535666774107246,1.0,0.00251,1.0,0.0006666666666666666,0.15236571186439796,0.0027900698015820903,121.89256949151837
0.053535666774107246,1.0,0.00316,1.0,6.666666666666667e-05,0.15236571186439796,0.0027900698015820903,12.189256949151838
0.053535666774107246,1.0,0.00398,1.0,6.666666666666667e-05,0.15236571186439796,0.0027900698015820903,12.189256949151838
0.053535666774107246,1.0,0.00501,1.0,0.0,0.15236571186439796,0.0027900698015820903,0.0
0.053535666774107246,1.0,0.00631,1.0,0.0,0.15236571186439796,0.0027900698015820903,0.0
0.05607169938205458,1.0,1e-06,1.0,0.0,0.16709780581167183,0.003059838963773518,0.0
0.05607169938205458,1.0,1.26e-06,1.0,0.0,0.16709780581167183,0.003059838963773518,0.0
0.05607169938205458,1.0,1.58e-06,1.0,0.0,0.16709780581167183,0.003059838963773518,0.0
0.05607169938205458,1.0,2e-06,1.0,0.0,0.16709780581167183,0.003059838963773518,0.0
0.05607169938205458,1.0,2.51e-06,1.0,0.0,0.16709780581167183,0.003059838963773518,0.0
0.05607169938205458,1.0,3.16e-06,1.0,0.0,0.16709780581167183,0.003059838963773518,0.0
0.05607169938205458,1.0,3.98e-06,1.0,0.0,0.16709780581167183,0.003059838963773518,0.0
0.05607169938205458,1.0,5.01e-06,1.0,0.0,0.16709780581167183,0.003059838963773518,0.0
0.05607169938205458,1.0,6.31e-06,1.0,0.0,0.16709780581167183,0.003059838963773518,0.0
0.05607169938205458,1.0,7.94e-06,1.0,0.0,0.16709780581167183,0.003059838963773518,0.0
0.05607169938205458,1.0,1e-05,1.0,0.0,0.16709780581167183,0.003059838963773518,0.0
0.05607169938205458,1.0,1.26e-05,1.0,0.0,0.16709780581167183,0.003059838963773518,0.0
0.05607169938205458,1.0,1.58e-05,1.0,0.0,0.16709780581167183,0.003059838963773518,0.0
0.05607169938205458,1.0,2e-05,1.0,3.3333333333333335e-05,0.16709780581167183,0.003059838963773518,6.683912232466874
0.05607169938205458,1.0,2.51e-05,1.0,0.0,0.16709780581167183,0.003059838963773518,0.0
0.05607169938205458,1.0,3.16e-05,1.0,3.3333333333333335e-05,0.16709780581167183,0.003059838963773518,6.683912232466874
0.05607169938205458,1.0,3.98e-05,1.0,0.0,0.16709780581167183,0.003059838963773518,0.0
0.05607169938205458,1.0,5.01e-05,1.0,0.0001,0.16709780581167183,0.003059838963773518,20.05173669740062
0.05607169938205458,1.0,6.31e-05,1.0,0.00016666666666666666,0.16709780581167183,0.003059838963773518,33.41956116233437
0.05607169938205458,1.0,7.94e-05,1.0,6.666666666666667e-05,0.16709780581167183,0.003059838963773518,13.367824464933747
0.05607169938205458,1.0,0.0001,1.0,0.0002666666666666667,0.16709780581167183,0.003059838963773518,53.47129785973499
0.05607169938205458,1.0,0.000126,1.0,0.00036666666666666667,0.16709780581167183,0.003059838963773518,73.52303455713562
0.05607169938205458,1.0,0.000158,1.0,0.0007,0.16709780581167183,0.003059838963773518,140.36215688180434
0.05607169938205458,1.0,0.0002,1.0,0.001,0.16709780581167183,0.003059838963773518,200.51736697400622
0.05607169938205458,1.0,0.000251,1.0,0.0014666666666666667,0.16709780581167183,0.003059838963773518,294.09213822854247
0.05607169938205458,1.0,0.000316,1.0,0.0017333333333333333,0.16709780581167183,0.003059838963773518,347.5634360882774
0.05607169938205458,1.0,0.000398,1.0,0.003266666666666667,0.16709780581167183,0.003059838963773518,655.0233987817537
0.05607169938205458,1.0,0.000501,1.0,0.005033333333333333,0.16709780581167183,0.003059838963773518,1009.2707471024978
0.05607169938205458,1.0,0.000631,1.0,0.006166666666666667,0.16709780581167183,0.003059838963773518,1236.5237630063716
0.05607169938205458,1.0,0.000794,1.0,0.008366666666666666,0.16709780581167183,0.003059838963773518,1677.6619703491851
0.05607169938205458,1.0,0.001,1.0,0.007266666666666667,0.16709780581167183,0.003059838963773518,1457.0928666777786
0.05607169938205458,1.0,0.00126,1.0,0.0081,0.16709780581167183,0.003059838963773518,1624.1906724894502
0.05607169938205458,1.0,0.00158,1.0,0.004066666666666666,0.16709780581167183,0.003059838963773518,815.4372923609585
0.05607169938205458,1.0,0.002,1.0,0.0021,0.16709780581167183,0.003059838963773518,421.08647064541304
0.05607169938205458,1.0,0.00251,1.0,0.0006666666666666666,0.16709780581167183,0.003059838963773518,133.67824464933747
0.05607169938205458,1.0,0.00316,1.0,6.666666666666667e-05,0.16709780581167183,0.003059838963773518,13.367824464933747
0.05607169938205458,1.0,0.00398,1.0,6.666666666666667e-05,0.16709780581167183,0.003059838963773518,13.367824464933747
0.05607169938205458,1.0,0.00501,1.0,0.0,0.16709780581167183,0.003059838963773518,0.0
0.05607169938205458,1.0,0.00631,1.0,0.0,0.16709780581167183,0.003059838963773518,0.0
0.05872786613189483,1.0,1e-06,1.0,0.0,0.1832495385321301,0.0033556040749337136,0.0
0.05872786613189483,1.0,1.26e-06,1.0,0.0,0.1832495385321301,0.0033556040749337136,0.0
0.05872786613189483,1.0,1.58e-06,1.0,0.0,0.1832495385321301,0.0033556040749337136,0.0
0.05872786613189483,1.0,2e-06,1.0,0.0,0.1832495385321301,0.0033556040749337136,0.0
0.05872786613189483,1.0,2.51e-06,1.0,0.0,0.1832495385321301,0.0033556040749337136,0.0
0.05872786613189483,1.0,3.16e-06,1.0,0.0,0.1832495385321301,0.0033556040749337136,0.0
0.05872786613189483,1.0,3.98e-06,1.0,0.0,0.1832495385321301,0.0033556040749337136,0.0
0.05872786613189483,1.0,5.01e-06,1.0,0.0,0.1832495385321301,0.0033556040749337136,0.0
0.05872786613189483,1.0,6.31e-06,1.0,0.0,0.1832495385321301,0.0033556040749337136,0.0
0.05872786613189483,1.0,7.94e-06,1.0,0.0,0.1832495385321301,0.0033556040749337136,0.0
0.05872786613189483,1.0,1e-05,1.0,0.0,0.1832495385321301,0.0033556040749337136,0.0
0.05872786613189483,1.0,1.26e-05,1.0,0.0,0.1832495385321301,0.0033556040749337136,0.0
0.05872786613189483,1.0,1.58e-05,1.0,0.0,0.1832495385321301,0.0033556040749337136,0.0
0.05872786613189483,1.0,2e-05,1.0,3.3333333333333335e-05,0.1832495385321301,0.0033556040749337136,7.329981541285204
0.05872786613189483,1.0,2.51e-05,1.0,0.0,0.1832495385321301,0.0033556040749337136,0.0
0.05872786613189483,1.0,3.16e-05,1.0,3.3333333333333335e-05,0.1832495385321301,0.0033556040749337136,7.329981541285204
0.05872786613189483,1.0,3.98e-05,1.0,0.0,0.1832495385321301,0.0033556040749337136,0.0
0.05872786613189483,1.0,5.01e-05,1.0,0.0001,0.1832495385321301,0.0033556040749337136,21.989944623855617
0.05872786613189483,1.0,6.31e-05,1.0,0.00016666666666666666,0.1832495385321301,0.0033556040749337136,36.64990770642603
0.05872786613189483,1.0,7.94e-05,1.0,6.666666666666667e-05,0.1832495385321301,0.0033556040749337136,14.659963082570409
0.05872786613189483,1.0,0.0001,1.0,0.0002666666666666667,0.1832495385321301,0.0033556040749337136,58.639852330281634
0.05872786613189483,1.0,0.000126,1.0,0.00036666666666666667,0.1832495385321301,0.0033556040749337136,80.62979695413725
0.05872786613189483,1.0,0.000158,1.0,0.0007,0.1832495385321301,0.0033556040749337136,153.92961236698932
0.05872786613189483,1.0,0.0002,1.0,0.001,0.1832495385321301,0.0033556040749337136,219.89944623855615
0.05872786613189483,1.0,0.000251,1.0,0.0014666666666666667,0.1832495385321301,0.0033556040749337136,322.519187816549
0.05872786613189483,1.0,0.000316,1.0,0.0017333333333333333,0.1832495385321301,0.0033556040749337136,381.15904014683065
0.05872786613189483,1.0,0.000398,1.0,0.003266666666666667,0.1832495385321301,0.0033556040749337136,718.3381910459501
0.05872786613189483,1.0,0.000501,1.0,0.005033333333333333,0.1832495385321301,0.0033556040749337136,1106.8272127340658
0.05872786613189483,1.0,0.000631,1.0,0.006166666666666667,0.1832495385321301,0.0033556040749337136,1356.046585137763
0.05872786613189483,1.0,0.000794,1.0,0.008366666666666666,0.1832495385321301,0.0033556040749337136,1839.8253668625862
0.05872786613189483,1.0,0.001,1.0,0.007266666666666667,0.1832495385321301,0.0033556040749337136,1597.9359760001746
0.05872786613189483,1.0,0.00126,1.0,0.0081,0.1832495385321301,0.0033556040749337136,1781.1855145323048
0.05872786613189483,1.0,0.00158,1.0,0.004066666666666666,0.1832495385321301,0.0033556040749337136,894.257748036795
0.05872786613189483,1.0,0.002,1.0,0.0021,0.1832495385321301,0.0033556040749337136,461.7888371009679
0.05872786613189483,1.0,0.00251,1.0,0.0006666666666666666,0.1832495385321301,0.0033556040749337136,146.5996308257041
0.05872786613189483,1.0,0.00316,1.0,6.666666666666667e-05,0.1832495385321301,0.0033556040749337136,14.659963082570409
0.05872786613189483,1.0,0.00398,1.0,6.666666666666667e-05,0.1832495385321301,0.0033556040749337136,14.659963082570409
0.05872786613189483,1.0,0.00501,1.0,0.0,0.1832495385321301,0.0033556040749337136,0.0
0.05872786613189483,1.0,0.00631,1.0,0.0,0.1832495385321301,0.0033556040749337136,0.0
0.061509857885805014,1.0,1e-06,1.0,0.0,0.20095674068498576,0.0036798524205271152,0.0
0.061509857885805014,1.0,1.26e-06,1.0,0.0,0.20095674068498576,0.0036798524205271152,0.0
0.061509857885805014,1.0,1.58e-06,1.0,0.0,0.20095674068498576,0.0036798524205271152,0.0
0.061509857885805014,1.0,2e-06,1.0,0.0,0.20095674068498576,0.0036798524205271152,0.0
0.061509857885805014,1.0,2.51e-06,1.0,0.0,0.20095674068498576,0.0036798524205271152,0.0
0.061509857885805014,1.0,3.16e-06,1.0,0.0,0.20095674068498576,0.0036798524205271152,0.0
0.061509857885805014,1.0,3.98e-06,1.0,0.0,0.20095674068498576,0.0036798524205271152,0.0
0.061509857885805014,1.0,5.01e-06,1.0,0.0,0.20095674068498576,0.0036798524205271152,0.0
0.061509857885805014,1.0,6.31e-06,1.0,0.0,0.20095674068498576,0.0036798524205271152,0.0
0.061509857885805014,1.0,7.94e-06,1.0,0.0,0.20095674068498576,0.0036798524205271152,0.0
0.061509857885805014,1.0,1e-05,1.0,0.0,0.20095674068498576,0.0036798524205271152,0.0
0.061509857885805014,1.0,1.26e-05,1.0,0.0,0.20095674068498576,0.0036798524205271152,0.0
0.061509857885805014,1.0,1.58e-05,1.0,0.0,0.20095674068498576,0.0036798524205271152,0.0
0.061509857885805014,1.0,2e-05,1.0,3.3333333333333335e-05,0.20095674068498576,0.0036798524205271152,8.038269627399432
0.061509857885805014,1.0,2.51e-05,1.0,0.0,0.20095674068498576,0.0036798524205271152,0.0
0.061509857885805014,1.0,3.16e-05,1.0,3.3333333333333335e-05,0.20095674068498576,0.0036798524205271152,8.038269627399432
0.061509857885805014,1.0,3.98e-05,1.0,0.0,0.20095674068498576,0.0036798524205271152,0.0
0.061509857885805014,1.0,5.01e-05,1.0,0.0001,0.20095674068498576,0.0036798524205271152,24.114808882198293
0.061509857885805014,1.0,6.31e-05,1.0,0.00016666666666666666,0.20095674068498576,0.0036798524205271152,40.191348136997156
0.061509857885805014,1.0,7.94e-05,1.0,6.666666666666667e-05,0.20095674068498576,0.0036798524205271152,16.076539254798863
0.061509857885805014,1.0,0.0001,1.0,0.0002666666666666667,0.20095674068498576,0.0036798524205271152,64.30615701919545
0.061509857885805014,1.0,0.000126,1.0,0.00036666666666666667,0.20095674068498576,0.0036798524205271152,88.42096590139374
0.061509857885805014,1.0,0.000158,1.0,0.0007,0.20095674068498576,0.0036798524205271152,168.80366217538804
0.061509857885805014,1.0,0.0002,1.0,0.001,0.20095674068498576,0.0036798524205271152,241.14808882198292
0.061509857885805014,1.0,0.000251,1.0,0.0014666666666666667,0.20095674068498576,0.0036798524205271152,353.68386360557497
0.061509857885805014,1.0,0.000316,1.0,0.0017333333333333333,0.20095674068498576,0.0036798524205271152,417.9900206247704
0.061509857885805014,1.0,0.000398,1.0,0.003266666666666667,0.20095674068498576,0.0036798524205271152,787.7504234851443
0.061509857885805014,1.0,0.000501,1.0,0.005033333333333333,0.20095674068498576,0.0036798524205271152,1213.778713737314
0.061509857885805014,1.0,0.000631,1.0,0.006166666666666667,0.20095674068498576,0.0036798524205271152,1487.0798810688948
0.061509857885805014,1.0,0.000794,1.0,0.008366666666666666,0.20095674068498576,0.0036798524205271152,2017.605676477257
0.061509857885805014,1.0,0.001,1.0,0.007266666666666667,0.20095674068498576,0.0036798524205271152,1752.342778773076
0.061509857885805014,1.0,0.00126,1.0,0.0081,0.20095674068498576,0.0036798524205271152,1953.2995194580617
0.061509857885805014,1.0,0.00158,1.0,0.004066666666666666,0.20095674068498576,0.0036798524205271152,980.6688945427304
0.061509857885805014,1.0,0.002,1.0,0.0021,0.20095674068498576,0.0036798524205271152,506.41098652616415
0.061509857885805014,1.0,0.00251,1.0,0.0006666666666666666,0.20095674068498576,0.0036798524205271152,160.76539254798863
0.061509857885805014,1.0,0.00316,1.0,6.666666666666667e-05,0.20095674068498576,0.0036798524205271152,16.076539254798863
0.061509857885805014,1.0,0.00398,1.0,6.666666666666667e-05,0.20095674068498576,0.0036798524205271152,16.076539254798863
0.061509857885805014,1.0,0.00501,1.0,0.0,0.20095674068498576,0.0036798524205271152,0.0
0.061509857885805014,1.0,0.00631,1.0,0.0,0.20095674068498576,0.0036798524205271152,0.0
0.06442363508721373,1.0,1e-06,1.0,0.0,0.22036804261709372,0.004035305669604353,0.0
0.06442363508721373,1.0,1.26e-06,1.0,0.0,0.22036804261709372,0.004035305669604353,0.0
0.06442363508721373,1.0,1.58e-06,1.0,0.0,0.22036804261709372,0.004035305669604353,0.0
0.06442363508721373,1.0,2e-06,1.0,0.0,0.22036804261709372,0.004035305669604353,0.0
0.06442363508721373,1.0,2.51e-06,1.0,0.0,0.22036804261709372,0.004035305669604353,0.0
0.06442363508721373,1.0,3.16e-06,1.0,0.0,0.22036804261709372,0.004035305669604353,0.0
0.06442363508721373,1.0,3.98e-06,1.0,0.0,0.22036804261709372,0.004035305669604353,0.0
0.06442363508721373,1.0,5.01e-06,1.0,0.0,0.22036804261709372,0.004035305669604353,0.0
0.06442363508721373,1.0,6.31e-06,1.0,0.0,0.22036804261709372,0.004035305669604353,0.0
0.06442363508721373,1.0,7.94e-06,1.0,0.0,0.22036804261709372,0.004035305669604353,0.0
0.06442363508721373,1.0,1e-05,1.0,0.0,0.22036804261709372,0.004035305669604353,0.0
0.06442363508721373,1.0,1.26e-05,1.0,0.0,0.22036804261709372,0.004035305669604353,0.0
0.06442363508721373,1.0,1.58e-05,1.0,0.0,0.22036804261709372,0.004035305669604353,0.0
0.06442363508721373,1.0,2e-05,1.0,3.3333333333333335e-05,0.22036804261709372,0.004035305669604353,8.81472170468375
0.06442363508721373,1.0,2.51e-05,1.0,0.0,0.22036804261709372,0.004035305669604353,0.0
0.06442363508721373,1.0,3.16e-05,1.0,3.3333333333333335e-05,0.22036804261709372,0.004035305669604353,8.81472170468375
0.06442363508721373,1.0,3.98e-05,1.0,0.0,0.22036804261709372,0.004035305669604353,0.0
0.06442363508721373,1.0,5.01e-05,1.0,0.0001,0.22036804261709372,0.004035305669604353,26.44416511405125
0.06442363508721373,1.0,6.31e-05,1.0,0.00016666666666666666,0.22036804261709372,0.004035305669604353,44.07360852341875
0.06442363508721373,1.0,7.94e-05,1.0,6.666666666666667e-05,0.22036804261709372,0.004035305669604353,17.6294434093675
0.06442363508721373,1.0,0.0001,1.0,0.0002666666666666667,0.22036804261709372,0.004035305669604353,70.51777363747
0.06442363508721373,1.0,0.000126,1.0,0.00036666666666666667,0.22036804261709372,0.004035305669604353,96.96193875152125
0.06442363508721373,1.0,0.000158,1.0,0.0007,0.22036804261709372,0.004035305669604353,185.10915579835876
0.06442363508721373,1.0,0.0002,1.0,0.001,0.22036804261709372,0.004035305669604353,264.4416511405125
0.06442363508721373,1.0,0.000251,1.0,0.0014666666666666667,0.22036804261709372,0.004035305669604353,387.847755006085
0.06442363508721373,1.0,0.000316,1.0,0.0017333333333333333,0.22036804261709372,0.004035305669604353,458.3655286435549
0.06442363508721373,1.0,0.000398,1.0,0.003266666666666667,0.22036804261709372,0.004035305669604353,863.8427270590075
0.06442363508721373,1.0,0.000501,1.0,0.005033333333333333,0.22036804261709372,0.004035305669604353,1331.0229774072461
0.06442363508721373,1.0,0.000631,1.0,0.006166666666666667,0.22036804261709372,0.004035305669604353,1630.7235153664938
0.06442363508721373,1.0,0.000794,1.0,0.008366666666666666,0.22036804261709372,0.004035305669604353,2212.495147875621
0.06442363508721373,1.0,0.001,1.0,0.007266666666666667,0.22036804261709372,0.004035305669604353,1921.6093316210577
0.06442363508721373,1.0,0.00126,1.0,0.0081,0.22036804261709372,0.004035305669604353,2141.977374238151
0.06442363508721373,1.0,0.00158,1.0,0.004066666666666666,0.22036804261709372,0.004035305669604353,1075.3960479714174
0.06442363508721373,1.0,0.002,1.0,0.0021,0.22036804261709372,0.004035305669604353,555.3274673950763
0.06442363508721373,1.0,0.00251,1.0,0.0006666666666666666,0.22036804261709372,0.004035305669604353,176.294434093675
0.06442363508721373,1.0,0.00316,1.0,6.666666666666667e-05,0.22036804261709372,0.004035305669604353,17.6294434093675
0.06442363508721373,1.0,0.00398,1.0,6.666666666666667e-05,0.22036804261709372,0.004035305669604353,17.6294434093675
0.06442363508721373,1.0,0.00501,1.0,0.0,0.22036804261709372,0.004035305669604353,0.0
0.06442363508721373,1.0,0.00631,1.0,0.0,0.22036804261709372,0.004035305669604353,0.0
0.06747544053110693,1.0,1e-06,1.0,0.0,0.24164604069210235,0.004424941232230404,0.0
0.06747544053110693,1.0,1.26e-06,1.0,0.0,0.24164604069210235,0.004424941232230404,0.0
0.06747544053110693,1.0,1.58e-06,1.0,0.0,0.24164604069210235,0.004424941232230404,0.0
0.06747544053110693,1.0,2e-06,1.0,0.0,0.24164604069210235,0.004424941232230404,0.0
0.06747544053110693,1.0,2.51e-06,1.0,0.0,0.24164604069210235,0.004424941232230404,0.0
0.06747544053110693,1.0,3.16e-06,1.0,0.0,0.24164604069210235,0.004424941232230404,0.0
0.06747544053110693,1.0,3.98e-06,1.0,0.0,0.24164604069210235,0.004424941232230404,0.0
0.06747544053110693,1.0,5.01e-06,1.0,0.0,0.24164604069210235,0.004424941232230404,0.0
0.06747544053110693,1.0,6.31e-06,1.0,0.0,0.24164604069210235,0.004424941232230404,0.0
0.06747544053110693,1.0,7.94e-06,1.0,0.0,0.24164604069210235,0.004424941232230404,0.0
0.06747544053110693,1.0,1e-05,1.0,0.0,0.24164604069210235,0.004424941232230404,0.0
0.06747544053110693,1.0,1.26e-05,1.0,0.0,0.24164604069210235,0.004424941232230404,0.0
0.06747544053110693,1.0,1.58e-05,1.0,0.0,0.24164604069210235,0.004424941232230404,0.0
0.06747544053110693,1.0,2e-05,1.0,3.3333333333333335e-05,0.24164604069210235,0.004424941232230404,9.665841627684095
0.06747544053110693,1.0,2.51e-05,1.0,0.0,0.24164604069210235,0.004424941232230404,0.0
0.06747544053110693,1.0,3.16e-05,1.0,3.3333333333333335e-05,0.24164604069210235,0.004424941232230404,9.665841627684095
0.06747544053110693,1.0,3.98e-05,1.0,0.0,0.24164604069210235,0.004424941232230404,0.0
0.06747544053110693,1.0,5.01e-05,1.0,0.0001,0.24164604069210235,0.004424941232230404,28.997524883052286
0.06747544053110693,1.0,6.31e-05,1.0,0.00016666666666666666,0.24164604069210235,0.004424941232230404,48.329208138420476
0.06747544053110693,1.0,7.94e-05,1.0,6.666666666666667e-05,0.24164604069210235,0.004424941232230404,19.33168325536819
0.06747544053110693,1.0,0.0001,1.0,0.0002666666666666667,0.24164604069210235,0.004424941232230404,77.32673302147276
0.06747544053110693,1.0,0.000126,1.0,0.00036666666666666667,0.24164604069210235,0.004424941232230404,106.32425790452504
0.06747544053110693,1.0,0.000158,1.0,0.0007,0.24164604069210235,0.004424941232230404,202.98267418136598
0.06747544053110693,1.0,0.0002,1.0,0.001,0.24164604069210235,0.004424941232230404,289.97524883052284
0.06747544053110693,1.0,0.000251,1.0,0.0014666666666666667,0.24164604069210235,0.004424941232230404,425.29703161810016
0.06747544053110693,1.0,0.000316,1.0,0.0017333333333333333,0.24164604069210235,0.004424941232230404,502.6237646395729
0.06747544053110693,1.0,0.000398,1.0,0.003266666666666667,0.24164604069210235,0.004424941232230404,947.2524795130414
0.06747544053110693,1.0,0.000501,1.0,0.005033333333333333,0.24164604069210235,0.004424941232230404,1459.5420857802983
0.06747544053110693,1.0,0.000631,1.0,0.006166666666666667,0.24164604069210235,0.004424941232230404,1788.1807011215574
0.06747544053110693,1.0,0.000794,1.0,0.008366666666666666,0.24164604069210235,0.004424941232230404,2426.1262485487077
0.06747544053110693,1.0,0.001,1.0,0.007266666666666667,0.24164604069210235,0.004424941232230404,2107.153474835133
0.06747544053110693,1.0,0.00126,1.0,0.0081,0.24164604069210235,0.004424941232230404,2348.7995155272347
0.06747544053110693,1.0,0.00158,1.0,0.004066666666666666,0.24164604069210235,0.004424941232230404,1179.2326785774594
0.06747544053110693,1.0,0.002,1.0,0.0021,0.24164604069210235,0.004424941232230404,608.9480225440979
0.06747544053110693,1.0,0.00251,1.0,0.0006666666666666666,0.24164604069210235,0.004424941232230404,193.3168325536819
0.06747544053110693,1.0,0.00316,1.0,6.666666666666667e-05,0.24164604069210235,0.004424941232230404,19.33168325536819
0.06747544053110693,1.0,0.00398,1.0,6.666666666666667e-05,0.24164604069210235,0.004424941232230404,19.33168325536819
0.06747544053110693,1.0,0.00501,1.0,0.0,0.24164604069210235,0.004424941232230404,0.0
0.06747544053110693,1.0,0.00631,1.0,0.0,0.24164604069210235,0.004424941232230404,0.0
0.07067181273927492,1.0,1e-06,1.0,0.0,0.26496856178722417,0.004852015414525255,0.0
0.07067181273927492,1.0,1.26e-06,1.0,0.0,0.26496856178722417,0.004852015414525255,0.0
0.07067181273927492,1.0,1.58e-06,1.0,0.0,0.26496856178722417,0.004852015414525255,0.0
0.07067181273927492,1.0,2e-06,1.0,0.0,0.26496856178722417,0.004852015414525255,0.0
0.07067181273927492,1.0,2.51e-06,1.0,0.0,0.26496856178722417,0.004852015414525255,0.0
0.07067181273927492,1.0,3.16e-06,1.0,0.0,0.26496856178722417,0.004852015414525255,0.0
0.07067181273927492,1.0,3.98e-06,1.0,0.0,0.26496856178722417,0.004852015414525255,0.0
0.07067181273927492,1.0,5.01e-06,1.0,0.0,0.26496856178722417,0.004852015414525255,0.0
0.07067181273927492,1.0,6.31e-06,1.0,0.0,0.26496856178722417,0.004852015414525255,0.0
0.07067181273927492,1.0,7.94e-06,1.0,0.0,0.26496856178722417,0.004852015414525255,0.0
0.07067181273927492,1.0,1e-05,1.0,0.0,0.26496856178722417,0.004852015414525255,0.0
0.07067181273927492,1.0,1.26e-05,1.0,0.0,0.26496856178722417,0.004852015414525255,0.0
0.07067181273927492,1.0,1.58e-05,1.0,0.0,0.26496856178722417,0.004852015414525255,0.0
0.07067181273927492,1.0,2e-05,1.0,3.3333333333333335e-05,0.26496856178722417,0.004852015414525255,10.598742471488968
0.07067181273927492,1.0,2.51e-05,1.0,0.0,0.26496856178722417,0.004852015414525255,0.0
0.07067181273927492,1.0,3.16e-05,1.0,3.3333333333333335e-05,0.26496856178722417,0.004852015414525255,10.598742471488968
0.07067181273927492,1.0,3.98e-05,1.0,0.0,0.26496856178722417,0.004852015414525255,0.0
0.07067181273927492,1.0,5.01e-05,1.0,0.0001,0.26496856178722417,0.004852015414525255,31.796227414466905
0.07067181273927492,1.0,6.31e-05,1.0,0.00016666666666666666,0.26496856178722417,0.004852015414525255,52.99371235744484
0.07067181273927492,1.0,7.94e-05,1.0,6.666666666666667e-05,0.26496856178722417,0.004852015414525255,21.197484942977937
0.07067181273927492,1.0,0.0001,1.0,0.0002666666666666667,0.26496856178722417,0.004852015414525255,84.78993977191175
0.07067181273927492,1.0,0.000126,1.0,0.00036666666666666667,0.26496856178722417,0.004852015414525255,116.58616718637865
0.07067181273927492,1.0,0.000158,1.0,0.0007,0.26496856178722417,0.004852015414525255,222.57359190126832
0.07067181273927492,1.0,0.0002,1.0,0.001,0.26496856178722417,0.004852015414525255,317.96227414466904
0.07067181273927492,1.0,0.000251,1.0,0.0014666666666666667,0.26496856178722417,0.004852015414525255,466.3446687455146
0.07067181273927492,1.0,0.000316,1.0,0.0017333333333333333,0.26496856178722417,0.004852015414525255,551.1346085174263
0.07067181273927492,1.0,0.000398,1.0,0.003266666666666667,0.26496856178722417,0.004852015414525255,1038.676762205919
0.07067181273927492,1.0,0.000501,1.0,0.005033333333333333,0.26496856178722417,0.004852015414525255,1600.4101131948341
0.07067181273927492,1.0,0.000631,1.0,0.006166666666666667,0.26496856178722417,0.004852015414525255,1960.767357225459
0.07067181273927492,1.0,0.000794,1.0,0.008366666666666666,0.26496856178722417,0.004852015414525255,2660.284360343731
0.07067181273927492,1.0,0.001,1.0,0.007266666666666667,0.26496856178722417,0.004852015414525255,2310.525858784595
0.07067181273927492,1.0,0.00126,1.0,0.0081,0.26496856178722417,0.004852015414525255,2575.494420571819
0.07067181273927492,1.0,0.00158,1.0,0.004066666666666666,0.26496856178722417,0.004852015414525255,1293.046581521654
0.07067181273927492,1.0,0.002,1.0,0.0021,0.26496856178722417,0.004852015414525255,667.720775703805
0.07067181273927492,1.0,0.00251,1.0,0.0006666666666666666,0.26496856178722417,0.004852015414525255,211.97484942977937
0.07067181273927492,1.0,0.00316,1.0,6.666666666666667e-05,0.26496856178722417,0.004852015414525255,21.197484942977937
0.07067181273927492,1.0,0.00398,1.0,6.666666666666667e-05,0.26496856178722417,0.004852015414525255,21.197484942977937
0.07067181273927492,1.0,0.00501,1.0,0.0,0.26496856178722417,0.004852015414525255,0.0
0.07067181273927492,1.0,0.00631,1.0,0.0,0.26496856178722417,0.004852015414525255,0.0
0.07401959996915644,1.0,1e-06,1.0,0.0,0.29053003253760773,0.005320088491807503,0.0
0.07401959996915644,1.0,1.26e-06,1.0,0.0,0.29053003253760773,0.005320088491807503,0.0
0.07401959996915644,1.0,1.58e-06,1.0,0.0,0.29053003253760773,0.005320088491807503,0.0
0.07401959996915644,1.0,2e-06,1.0,0.0,0.29053003253760773,0.005320088491807503,0.0
0.07401959996915644,1.0,2.51e-06,1.0,0.0,0.29053003253760773,0.005320088491807503,0.0
0.07401959996915644,1.0,3.16e-06,1.0,0.0,0.29053003253760773,0.005320088491807503,0.0
0.07401959996915644,1.0,3.98e-06,1.0,0.0,0.29053003253760773,0.005320088491807503,0.0
0.07401959996915644,1.0,5.01e-06,1.0,0.0,0.29053003253760773,0.005320088491807503,0.0
0.07401959996915644,1.0,6.31e-06,1.0,0.0,0.29053003253760773,0.005320088491807503,0.0
0.07401959996915644,1.0,7.94e-06,1.0,0.0,0.29053003253760773,0.005320088491807503,0.0
0.07401959996915644,1.0,1e-05,1.0,0.0,0.29053003253760773,0.005320088491807503,0.0
0.07401959996915644,1.0,1.26e-05,1.0,0.0,0.29053003253760773,0.005320088491807503,0.0
0.07401959996915644,1.0,1.58e-05,1.0,0.0,0.29053003253760773,0.005320088491807503,0.0
0.07401959996915644,1.0,2e-05,1.0,3.3333333333333335e-05,0.29053003253760773,0.005320088491807503,11.62120130150431
0.07401959996915644,1.0,2.51e-05,1.0,0.0,0.29053003253760773,0.005320088491807503,0.0
0.07401959996915644,1.0,3.16e-05,1.0,3.3333333333333335e-05,0.29053003253760773,0.005320088491807503,11.62120130150431
0.07401959996915644,1.0,3.98e-05,1.0,0.0,0.29053003253760773,0.005320088491807503,0.0
0.07401959996915644,1.0,5.01e-05,1.0,0.0001,0.29053003253760773,0.005320088491807503,34.863603904512935
0.07401959996915644,1.0,6.31e-05,1.0,0.00016666666666666666,0.29053003253760773,0.005320088491807503,58.10600650752155
0.07401959996915644,1.0,7.94e-05,1.0,6.666666666666667e-05,0.29053003253760773,0.005320088491807503,23.24240260300862
0.07401959996915644,1.0,0.0001,1.0,0.0002666666666666667,0.29053003253760773,0.005320088491807503,92.96961041203448
0.07401959996915644,1.0,0.000126,1.0,0.00036666666666666667,0.29053003253760773,0.005320088491807503,127.83321431654741
0.07401959996915644,1.0,0.000158,1.0,0.0007,0.29053003253760773,0.005320088491807503,244.04522733159052
0.07401959996915644,1.0,0.0002,1.0,0.001,0.29053003253760773,0.005320088491807503,348.63603904512934
0.07401959996915644,1.0,0.000251,1.0,0.0014666666666666667,0.29053003253760773,0.005320088491807503,511.33285726618965
0.07401959996915644,1.0,0.000316,1.0,0.0017333333333333333,0.29053003253760773,0.005320088491807503,604.3024676782242
0.07401959996915644,1.0,0.000398,1.0,0.003266666666666667,0.29053003253760773,0.005320088491807503,1138.8777275474224
0.07401959996915644,1.0,0.000501,1.0,0.005033333333333333,0.29053003253760773,0.005320088491807503,1754.801396527151
0.07401959996915644,1.0,0.000631,1.0,0.006166666666666667,0.29053003253760773,0.005320088491807503,2149.9222407782977
0.07401959996915644,1.0,0.000794,1.0,0.008366666666666666,0.29053003253760773,0.005320088491807503,2916.921526677582
0.07401959996915644,1.0,0.001,1.0,0.007266666666666667,0.29053003253760773,0.005320088491807503,2533.42188372794
0.07401959996915644,1.0,0.00126,1.0,0.0081,0.29053003253760773,0.005320088491807503,2823.9519162655474
0.07401959996915644,1.0,0.00158,1.0,0.004066666666666666,0.29053003253760773,0.005320088491807503,1417.7865587835258
0.07401959996915644,1.0,0.002,1.0,0.0021,0.29053003253760773,0.005320088491807503,732.1356819947715
0.07401959996915644,1.0,0.00251,1.0,0.0006666666666666666,0.29053003253760773,0.005320088491807503,232.4240260300862
0.07401959996915644,1.0,0.00316,1.0,6.666666666666667e-05,0.29053003253760773,0.005320088491807503,23.24240260300862
0.07401959996915644,1.0,0.00398,1.0,6.666666666666667e-05,0.29053003253760773,0.005320088491807503,23.24240260300862
0.07401959996915644,1.0,0.00501,1.0,0.0,0.29053003253760773,0.005320088491807503,0.0
0.07401959996915644,1.0,0.00631,1.0,0.0,0.29053003253760773,0.005320088491807503,0.0
0.0775259748862946,1.0,1e-06,1.0,0.0,0.31854295997960225,0.005833051821637104,0.0
0.0775259748862946,1.0,1.26e-06,1.0,0.0,0.31854295997960225,0.005833051821637104,0.0
0.0775259748862946,1.0,1.58e-06,1.0,0.0,0.31854295997960225,0.005833051821637104,0.0
0.0775259748862946,1.0,2e-06,1.0,0.0,0.31854295997960225,0.005833051821637104,0.0
0.0775259748862946,1.0,2.51e-06,1.0,0.0,0.31854295997960225,0.005833051821637104,0.0
0.0775259748862946,1.0,3.16e-06,1.0,0.0,0.31854295997960225,0.005833051821637104,0.0
0.0775259748862946,1.0,3.98e-06,1.0,0.0,0.31854295997960225,0.005833051821637104,0.0
0.0775259748862946,1.0,5.01e-06,1.0,0.0,0.31854295997960225,0.005833051821637104,0.0
0.0775259748862946,1.0,6.31e-06,1.0,0.0,0.31854295997960225,0.005833051821637104,0.0
0.0775259748862946,1.0,7.94e-06,1.0,0.0,0.31854295997960225,0.005833051821637104,0.0
0.0775259748862946,1.0,1e-05,1.0,0.0,0.31854295997960225,0.005833051821637104,0.0
0.0775259748862946,1.0,1.26e-05,1.0,0.0,0.31854295997960225,0.005833051821637104,0.0
0.0775259748862946,1.0,1.58e-05,1.0,0.0,0.31854295997960225,0.005833051821637104,0.0
0.0775259748862946,1.0,2e-05,1.0,3.3333333333333335e-05,0.31854295997960225,0.005833051821637104,12.74171839918409
0.0775259748862946,1.0,2.51e-05,1.0,0.0,0.31854295997960225,0.005833051821637104,0.0
0.0775259748862946,1.0,3.16e-05,1.0,3.3333333333333335e-05,0.31854295997960225,0.005833051821637104,12.74171839918409
0.0775259748862946,1.0,3.98e-05,1.0,0.0,0.31854295997960225,0.005833051821637104,0.0
0.0775259748862946,1.0,5.01e-05,1.0,0.0001,0.31854295997960225,0.005833051821637104,38.225155197552276
0.0775259748862946,1.0,6.31e-05,1.0,0.00016666666666666666,0.31854295997960225,0.005833051821637104,63.70859199592045
0.0775259748862946,1.0,7.94e-05,1.0,6.666666666666667e-05,0.31854295997960225,0.005833051821637104,25.48343679836818
0.0775259748862946,1.0,0.0001,1.0,0.0002666666666666667,0.31854295997960225,0.005833051821637104,101.93374719347273
0.0775259748862946,1.0,0.000126,1.0,0.00036666666666666667,0.31854295997960225,0.005833051821637104,140.158902391025
0.0775259748862946,1.0,0.000158,1.0,0.0007,0.31854295997960225,0.005833051821637104,267.57608638286587
0.0775259748862946,1.0,0.0002,1.0,0.001,0.31854295997960225,0.005833051821637104,382.2515519755227
0.0775259748862946,1.0,0.000251,1.0,0.0014666666666666667,0.31854295997960225,0.005833051821637104,560.6356095641
0.0775259748862946,1.0,0.000316,1.0,0.0017333333333333333,0.31854295997960225,0.005833051821637104,662.5693567575727
0.0775259748862946,1.0,0.000398,1.0,0.003266666666666667,0.31854295997960225,0.005833051821637104,1248.688403120041
0.0775259748862946,1.0,0.000501,1.0,0.005033333333333333,0.31854295997960225,0.005833051821637104,1923.9994782767976
0.0775259748862946,1.0,0.000631,1.0,0.006166666666666667,0.31854295997960225,0.005833051821637104,2357.2179038490567
0.0775259748862946,1.0,0.000794,1.0,0.008366666666666666,0.31854295997960225,0.005833051821637104,3198.171318195207
0.0775259748862946,1.0,0.001,1.0,0.007266666666666667,0.31854295997960225,0.005833051821637104,2777.694611022132
0.0775259748862946,1.0,0.00126,1.0,0.0081,0.31854295997960225,0.005833051821637104,3096.237571001734
0.0775259748862946,1.0,0.00158,1.0,0.004066666666666666,0.31854295997960225,0.005833051821637104,1554.489644700459
0.0775259748862946,1.0,0.002,1.0,0.0021,0.31854295997960225,0.005833051821637104,802.7282591485977
0.0775259748862946,1.0,0.00251,1.0,0.0006666666666666666,0.31854295997960225,0.005833051821637104,254.8343679836818
0.0775259748862946,1.0,0.00316,1.0,6.666666666666667e-05,0.31854295997960225,0.005833051821637104,25.48343679836818
0.0775259748862946,1.0,0.00398,1.0,6.666666666666667e-05,0.31854295997960225,0.005833051821637104,25.48343679836818
0.0775259748862946,1.0,0.00501,1.0,0.0,0.31854295997960225,0.005833051821637104,0.0
0.0775259748862946,1.0,0.00631,1.0,0.0,0.31854295997960225,0.005833051821637104,0.0
0.08119844993184012,1.0,1e-06,1.0,0.0,0.3492395302168394,0.006395157118052361,0.0
0.08119844993184012,1.0,1.26e-06,1.0,0.0,0.3492395302168394,0.006395157118052361,0.0
0.08119844993184012,1.0,1.58e-06,1.0,0.0,0.3492395302168394,0.006395157118052361,0.0
0.08119844993184012,1.0,2e-06,1.0,0.0,0.3492395302168394,0.006395157118052361,0.0
0.08119844993184012,1.0,2.51e-06,1.0,0.0,0.3492395302168394,0.006395157118052361,0.0
0.08119844993184012,1.0,3.16e-06,1.0,0.0,0.3492395302168394,0.006395157118052361,0.0
0.08119844993184012,1.0,3.98e-06,1.0,0.0,0.3492395302168394,0.006395157118052361,0.0
0.08119844993184012,1.0,5.01e-06,1.0,0.0,0.3492395302168394,0.006395157118052361,0.0
0.08119844993184012,1.0,6.31e-06,1.0,0.0,0.3492395302168394,0.006395157118052361,0.0
0.08119844993184012,1.0,7.94e-06,1.0,0.0,0.3492395302168394,0.006395157118052361,0.0
0.08119844993184012,1.0,1e-05,1.0,0.0,0.3492395302168394,0.006395157118052361,0.0
0.08119844993184012,1.0,1.26e-05,1.0,0.0,0.3492395302168394,0.006395157118052361,0.0
0.08119844993184012,1.0,1.58e-05,1.0,0.0,0.3492395302168394,0.006395157118052361,0.0
0.08119844993184012,1.0,2e-05,1.0,3.3333333333333335e-05,0.3492395302168394,0.006395157118052361,13.969581208673578
0.08119844993184012,1.0,2.51e-05,1.0,0.0,0.3492395302168394,0.006395157118052361,0.0
0.08119844993184012,1.0,3.16e-05,1.0,3.3333333333333335e-05,0.3492395302168394,0.006395157118052361,13.969581208673578
0.08119844993184012,1.0,3.98e-05,1.0,0.0,0.3492395302168394,0.006395157118052361,0.0
0.08119844993184012,1.0,5.01e-05,1.0,0.0001,0.3492395302168394,0.006395157118052361,41.90874362602074
0.08119844993184012,1.0,6.31e-05,1.0,0.00016666666666666666,0.3492395302168394,0.006395157118052361,69.84790604336789
0.08119844993184012,1.0,7.94e-05,1.0,6.666666666666667e-05,0.3492395302168394,0.006395157118052361,27.939162417347156
0.08119844993184012,1.0,0.0001,1.0,0.0002666666666666667,0.3492395302168394,0.006395157118052361,111.75664966938862
0.08119844993184012,1.0,0.000126,1.0,0.00036666666666666667,0.3492395302168394,0.006395157118052361,153.66539329540933
0.08119844993184012,1.0,0.000158,1.0,0.0007,0.3492395302168394,0.006395157118052361,293.3612053821451
0.08119844993184012,1.0,0.0002,1.0,0.001,0.3492395302168394,0.006395157118052361,419.08743626020737
0.08119844993184012,1.0,0.000251,1.0,0.0014666666666666667,0.3492395302168394,0.006395157118052361,614.6615731816373
0.08119844993184012,1.0,0.000316,1.0,0.0017333333333333333,0.3492395302168394,0.006395157118052361,726.4182228510259
0.08119844993184012,1.0,0.000398,1.0,0.003266666666666667,0.3492395302168394,0.006395157118052361,1369.0189584500106
0.08119844993184012,1.0,0.000501,1.0,0.005033333333333333,0.3492395302168394,0.006395157118052361,2109.40676250971
0.08119844993184012,1.0,0.000631,1.0,0.006166666666666667,0.3492395302168394,0.006395157118052361,2584.372523604612
0.08119844993184012,1.0,0.000794,1.0,0.008366666666666666,0.3492395302168394,0.006395157118052361,3506.3648833770676
0.08119844993184012,1.0,0.001,1.0,0.007266666666666667,0.3492395302168394,0.006395157118052361,3045.36870349084
0.08119844993184012,1.0,0.00126,1.0,0.0081,0.3492395302168394,0.006395157118052361,3394.608233707679
0.08119844993184012,1.0,0.00158,1.0,0.004066666666666666,0.3492395302168394,0.006395157118052361,1704.2889074581763
0.08119844993184012,1.0,0.002,1.0,0.0021,0.3492395302168394,0.006395157118052361,880.0836161464354
0.08119844993184012,1.0,0.00251,1.0,0.0006666666666666666,0.3492395302168394,0.006395157118052361,279.39162417347154
0.08119844993184012,1.0,0.00316,1.0,6.666666666666667e-05,0.3492395302168394,0.006395157118052361,27.939162417347156
0.08119844993184012,1.0,0.00398,1.0,6.666666666666667e-05,0.3492395302168394,0.006395157118052361,27.939162417347156
0.08119844993184012,1.0,0.00501,1.0,0.0,0.3492395302168394,0.006395157118052361,0.0
0.08119844993184012,1.0,0.00631,1.0,0.0,0.3492395302168394,0.006395157118052361,0.0
0.08504489341802678,1.0,1e-06,1.0,0.0,0.3828733315789991,0.007011048005475171,0.0
0.08504489341802678,1.0,1.26e-06,1.0,0.0,0.3828733315789991,0.007011048005475171,0.0
0.08504489341802678,1.0,1.58e-06,1.0,0.0,0.3828733315789991,0.007011048005475171,0.0
0.08504489341802678,1.0,2e-06,1.0,0.0,0.3828733315789991,0.007011048005475171,0.0
0.08504489341802678,1.0,2.51e-06,1.0,0.0,0.3828733315789991,0.007011048005475171,0.0
0.08504489341802678,1.0,3.16e-06,1.0,0.0,0.3828733315789991,0.007011048005475171,0.0
0.08504489341802678,1.0,3.98e-06,1.0,0.0,0.3828733315789991,0.007011048005475171,0.0
0.08504489341802678,1.0,5.01e-06,1.0,0.0,0.3828733315789991,0.007011048005475171,0.0
0.08504489341802678,1.0,6.31e-06,1.0,0.0,0.3828733315789991,0.007011048005475171,0.0
0.08504489341802678,1.0,7.94e-06,1.0,0.0,0.3828733315789991,0.007011048005475171,0.0
0.08504489341802678,1.0,1e-05,1.0,0.0,0.3828733315789991,0.007011048005475171,0.0
0.08504489341802678,1.0,1.26e-05,1.0,0.0,0.3828733315789991,0.007011048005475171,0.0
0.08504489341802678,1.0,1.58e-05,1.0,0.0,0.3828733315789991,0.007011048005475171,0.0
0.08504489341802678,1.0,2e-05,1.0,3.3333333333333335e-05,0.3828733315789991,0.007011048005475171,15.314933263159967
0.08504489341802678,1.0,2.51e-05,1.0,0.0,0.3828733315789991,0.007011048005475171,0.0
0.08504489341802678,1.0,3.16e-05,1.0,3.3333333333333335e-05,0.3828733315789991,0.007011048005475171,15.314933263159967
0.08504489341802678,1.0,3.98e-05,1.0,0.0,0.3828733315789991,0.007011048005475171,0.0
0.08504489341802678,1.0,5.01e-05,1.0,0.0001,0.3828733315789991,0.007011048005475171,45.9447997894799
0.08504489341802678,1.0,6.31e-05,1.0,0.00016666666666666666,0.3828733315789991,0.007011048005475171,76.57466631579983
0.08504489341802678,1.0,7.94e-05,1.0,6.666666666666667e-05,0.3828733315789991,0.007011048005475171,30.629866526319933
0.08504489341802678,1.0,0.0001,1.0,0.0002666666666666667,0.3828733315789991,0.007011048005475171,122.51946610527973
0.08504489341802678,1.0,0.000126,1.0,0.00036666666666666667,0.3828733315789991,0.007011048005475171,168.46426589475962
0.08504489341802678,1.0,0.000158,1.0,0.0007,0.3828733315789991,0.007011048005475171,321.6135985263593
0.08504489341802678,1.0,0.0002,1.0,0.001,0.3828733315789991,0.007011048005475171,459.44799789479896
0.08504489341802678,1.0,0.000251,1.0,0.0014666666666666667,0.3828733315789991,0.007011048005475171,673.8570635790385
0.08504489341802678,1.0,0.000316,1.0,0.0017333333333333333,0.3828733315789991,0.007011048005475171,796.3765296843183
0.08504489341802678,1.0,0.000398,1.0,0.003266666666666667,0.3828733315789991,0.007011048005475171,1500.8634597896769
0.08504489341802678,1.0,0.000501,1.0,0.005033333333333333,0.3828733315789991,0.007011048005475171,2312.554922737155
0.08504489341802678,1.0,0.000631,1.0,0.006166666666666667,0.3828733315789991,0.007011048005475171,2833.2626536845937
0.08504489341802678,1.0,0.000794,1.0,0.008366666666666666,0.3828733315789991,0.007011048005475171,3844.0482490531513
0.08504489341802678,1.0,0.001,1.0,0.007266666666666667,0.3828733315789991,0.007011048005475171,3338.6554513688725
0.08504489341802678,1.0,0.00126,1.0,0.0081,0.3828733315789991,0.007011048005475171,3721.5287829478716
0.08504489341802678,1.0,0.00158,1.0,0.004066666666666666,0.3828733315789991,0.007011048005475171,1868.4218581055156
0.08504489341802678,1.0,0.002,1.0,0.0021,0.3828733315789991,0.007011048005475171,964.8407955790777
0.08504489341802678,1.0,0.00251,1.0,0.0006666666666666666,0.3828733315789991,0.007011048005475171,306.2986652631993
0.08504489341802678,1.0,0.00316,1.0,6.666666666666667e-05,0.3828733315789991,0.007011048005475171,30.629866526319933
0.08504489341802678,1.0,0.00398,1.0,6.666666666666667e-05,0.3828733315789991,0.007011048005475171,30.629866526319933
0.08504489341802678,1.0,0.00501,1.0,0.0,0.3828733315789991,0.007011048005475171,0.0
0.08504489341802678,1.0,0.00631,1.0,0.0,0.3828733315789991,0.007011048005475171,0.0
0.0890735463861044,1.0,1e-06,1.0,0.0,0.41972120842874305,0.007685793965001704,0.0
0.0890735463861044,1.0,1.26e-06,1.0,0.0,0.41972120842874305,0.007685793965001704,0.0
0.0890735463861044,1.0,1.58e-06,1.0,0.0,0.41972120842874305,0.007685793965001704,0.0
0.0890735463861044,1.0,2e-06,1.0,0.0,0.41972120842874305,0.007685793965001704,0.0
0.0890735463861044,1.0,2.51e-06,1.0,0.0,0.41972120842874305,0.007685793965001704,0.0
0.0890735463861044,1.0,3.16e-06,1.0,0.0,0.41972120842874305,0.007685793965001704,0.0
0.0890735463861044,1.0,3.98e-06,1.0,0.0,0.41972120842874305,0.007685793965001704,0.0
0.0890735463861044,1.0,5.01e-06,1.0,0.0,0.41972120842874305,0.007685793965001704,0.0
0.0890735463861044,1.0,6.31e-06,1.0,0.0,0.41972120842874305,0.007685793965001704,0.0
0.0890735463861044,1.0,7.94e-06,1.0,0.0,0.41972120842874305,0.007685793965001704,0.0
0.0890735463861044,1.0,1e-05,1.0,0.0,0.41972120842874305,0.007685793965001704,0.0
0.0890735463861044,1.0,1.26e-05,1.0,0.0,0.41972120842874305,0.007685793965001704,0.0
0.0890735463861044,1.0,1.58e-05,1.0,0.0,0.41972120842874305,0.007685793965001704,0.0
0.0890735463861044,1.0,2e-05,1.0,3.3333333333333335e-05,0.41972120842874305,0.007685793965001704,16.788848337149727
0.0890735463861044,1.0,2.51e-05,1.0,0.0,0.41972120842874305,0.007685793965001704,0.0
0.0890735463861044,1.0,3.16e-05,1.0,3.3333333333333335e-05,0.41972120842874305,0.007685793965001704,16.788848337149727
0.0890735463861044,1.0,3.98e-05,1.0,0.0,0.41972120842874305,0.007685793965001704,0.0
0.0890735463861044,1.0,5.01e-05,1.0,0.0001,0.41972120842874305,0.007685793965001704,50.366545011449176
0.0890735463861044,1.0,6.31e-05,1.0,0.00016666666666666666,0.41972120842874305,0.007685793965001704,83.94424168574862
0.0890735463861044,1.0,7.94e-05,1.0,6.666666666666667e-05,0.41972120842874305,0.007685793965001704,33.57769667429945
0.0890735463861044,1.0,0.0001,1.0,0.0002666666666666667,0.41972120842874305,0.007685793965001704,134.3107866971978
0.0890735463861044,1.0,0.000126,1.0,0.00036666666666666667,0.41972120842874305,0.007685793965001704,184.67733170864696
0.0890735463861044,1.0,0.000158,1.0,0.0007,0.41972120842874305,0.007685793965001704,352.56581508014415
0.0890735463861044,1.0,0.0002,1.0,0.001,0.41972120842874305,0.007685793965001704,503.6654501144917
0.0890735463861044,1.0,0.000251,1.0,0.0014666666666666667,0.41972120842874305,0.007685793965001704,738.7093268345878
0.0890735463861044,1.0,0.000316,1.0,0.0017333333333333333,0.41972120842874305,0.007685793965001704,873.0201135317856
0.0890735463861044,1.0,0.000398,1.0,0.003266666666666667,0.41972120842874305,0.007685793965001704,1645.3071370406728
0.0890735463861044,1.0,0.000501,1.0,0.005033333333333333,0.41972120842874305,0.007685793965001704,2535.116098909608
0.0890735463861044,1.0,0.000631,1.0,0.006166666666666667,0.41972120842874305,0.007685793965001704,3105.936942372699
0.0890735463861044,1.0,0.000794,1.0,0.008366666666666666,0.41972120842874305,0.007685793965001704,4214.000932624581
0.0890735463861044,1.0,0.001,1.0,0.007266666666666667,0.41972120842874305,0.007685793965001704,3659.9689374986397
0.0890735463861044,1.0,0.00126,1.0,0.0081,0.41972120842874305,0.007685793965001704,4079.6901459273827
0.0890735463861044,1.0,0.00158,1.0,0.004066666666666666,0.41972120842874305,0.007685793965001704,2048.239497132266
0.0890735463861044,1.0,0.002,1.0,0.0021,0.41972120842874305,0.007685793965001704,1057.6974452404327
0.0890735463861044,1.0,0.00251,1.0,0.0006666666666666666,0.41972120842874305,0.007685793965001704,335.7769667429945
0.0890735463861044,1.0,0.00316,1.0,6.666666666666667e-05,0.41972120842874305,0.007685793965001704,33.57769667429945
0.0890735463861044,1.0,0.00398,1.0,6.666666666666667e-05,0.41972120842874305,0.007685793965001704,33.57769667429945
0.0890735463861044,1.0,0.00501,1.0,0.0,0.41972120842874305,0.007685793965001704,0.0
0.0890735463861044,1.0,0.00631,1.0,0.0,0.41972120842874305,0.007685793965001704,0.0
0.09329304026284686,1.0,1e-06,1.0,0.0,0.4600852512575158,0.008424926776369086,0.0
0.09329304026284686,1.0,1.26e-06,1.0,0.0,0.4600852512575158,0.008424926776369086,0.0
0.09329304026284686,1.0,1.58e-06,1.0,0.0,0.4600852512575158,0.008424926776369086,0.0
0.09329304026284686,1.0,2e-06,1.0,0.0,0.4600852512575158,0.008424926776369086,0.0
0.09329304026284686,1.0,2.51e-06,1.0,0.0,0.4600852512575158,0.008424926776369086,0.0
0.09329304026284686,1.0,3.16e-06,1.0,0.0,0.4600852512575158,0.008424926776369086,0.0
0.09329304026284686,1.0,3.98e-06,1.0,0.0,0.4600852512575158,0.008424926776369086,0.0
0.09329304026284686,1.0,5.01e-06,1.0,0.0,0.4600852512575158,0.008424926776369086,0.0
0.09329304026284686,1.0,6.31e-06,1.0,0.0,0.4600852512575158,0.008424926776369086,0.0
0.09329304026284686,1.0,7.94e-06,1.0,0.0,0.4600852512575158,0.008424926776369086,0.0
0.09329304026284686,1.0,1e-05,1.0,0.0,0.4600852512575158,0.008424926776369086,0.0
0.09329304026284686,1.0,1.26e-05,1.0,0.0,0.4600852512575158,0.008424926776369086,0.0
0.09329304026284686,1.0,1.58e-05,1.0,0.0,0.4600852512575158,0.008424926776369086,0.0
0.09329304026284686,1.0,2e-05,1.0,3.3333333333333335e-05,0.4600852512575158,0.008424926776369086,18.403410050300632
0.09329304026284686,1.0,2.51e-05,1.0,0.0,0.4600852512575158,0.008424926776369086,0.0
0.09329304026284686,1.0,3.16e-05,1.0,3.3333333333333335e-05,0.4600852512575158,0.008424926776369086,18.403410050300632
0.09329304026284686,1.0,3.98e-05,1.0,0.0,0.4600852512575158,0.008424926776369086,0.0
0.09329304026284686,1.0,5.01e-05,1.0,0.0001,0.4600852512575158,0.008424926776369086,55.2102301509019
0.09329304026284686,1.0,6.31e-05,1.0,0.00016666666666666666,0.4600852512575158,0.008424926776369086,92.01705025150318
0.09329304026284686,1.0,7.94e-05,1.0,6.666666666666667e-05,0.4600852512575158,0.008424926776369086,36.806820100601264
0.09329304026284686,1.0,0.0001,1.0,0.0002666666666666667,0.4600852512575158,0.008424926776369086,147.22728040240506
0.09329304026284686,1.0,0.000126,1.0,0.00036666666666666667,0.4600852512575158,0.008424926776369086,202.437510553307
0.09329304026284686,1.0,0.000158,1.0,0.0007,0.4600852512575158,0.008424926776369086,386.47161105631335
0.09329304026284686,1.0,0.0002,1.0,0.001,0.4600852512575158,0.008424926776369086,552.102301509019
0.09329304026284686,1.0,0.000251,1.0,0.0014666666666666667,0.4600852512575158,0.008424926776369086,809.750042213228
0.09329304026284686,1.0,0.000316,1.0,0.0017333333333333333,0.4600852512575158,0.008424926776369086,956.9773226156329
0.09329304026284686,1.0,0.000398,1.0,0.003266666666666667,0.4600852512575158,0.008424926776369086,1803.5341849294623
0.09329304026284686,1.0,0.000501,1.0,0.005033333333333333,0.4600852512575158,0.008424926776369086,2778.9149175953958
0.09329304026284686,1.0,0.000631,1.0,0.006166666666666667,0.4600852512575158,0.008424926776369086,3404.6308593056174
0.09329304026284686,1.0,0.000794,1.0,0.008366666666666666,0.4600852512575158,0.008424926776369086,4619.255922625459
0.09329304026284686,1.0,0.001,1.0,0.007266666666666667,0.4600852512575158,0.008424926776369086,4011.943390965538
0.09329304026284686,1.0,0.00126,1.0,0.0081,0.4600852512575158,0.008424926776369086,4472.028642223054
0.09329304026284686,1.0,0.00158,1.0,0.004066666666666666,0.4600852512575158,0.008424926776369086,2245.216026136677
0.09329304026284686,1.0,0.002,1.0,0.0021,0.4600852512575158,0.008424926776369086,1159.4148331689398
0.09329304026284686,1.0,0.00251,1.0,0.0006666666666666666,0.4600852512575158,0.008424926776369086,368.0682010060127
0.09329304026284686,1.0,0.00316,1.0,6.666666666666667e-05,0.4600852512575158,0.008424926776369086,36.806820100601264
0.09329304026284686,1.0,0.00398,1.0,6.666666666666667e-05,0.4600852512575158,0.008424926776369086,36.806820100601264
0.09329304026284686,1.0,0.00501,1.0,0.0,0.4600852512575158,0.008424926776369086,0.0
0.09329304026284686,1.0,0.00631,1.0,0.0,0.4600852512575158,0.008424926776369086,0.0
0.09771241535346496,1.0,1e-06,1.0,0.0,0.5042949279483563,0.009234479544925038,0.0
0.09771241535346496,1.0,1.26e-06,1.0,0.0,0.5042949279483563,0.009234479544925038,0.0
0.09771241535346496,1.0,1.58e-06,1.0,0.0,0.5042949279483563,0.009234479544925038,0.0
0.09771241535346496,1.0,2e-06,1.0,0.0,0.5042949279483563,0.009234479544925038,0.0
0.09771241535346496,1.0,2.51e-06,1.0,0.0,0.5042949279483563,0.009234479544925038,0.0
0.09771241535346496,1.0,3.16e-06,1.0,0.0,0.5042949279483563,0.009234479544925038,0.0
0.09771241535346496,1.0,3.98e-06,1.0,0.0,0.5042949279483563,0.009234479544925038,0.0
0.09771241535346496,1.0,5.01e-06,1.0,0.0,0.5042949279483563,0.009234479544925038,0.0
0.09771241535346496,1.0,6.31e-06,1.0,0.0,0.5042949279483563,0.009234479544925038,0.0
0.09771241535346496,1.0,7.94e-06,1.0,0.0,0.5042949279483563,0.009234479544925038,0.0
0.09771241535346496,1.0,1e-05,1.0,0.0,0.5042949279483563,0.009234479544925038,0.0
0.09771241535346496,1.0,1.26e-05,1.0,0.0,0.5042949279483563,0.009234479544925038,0.0
0.09771241535346496,1.0,1.58e-05,1.0,0.0,0.5042949279483563,0.009234479544925038,0.0
0.09771241535346496,1.0,2e-05,1.0,3.3333333333333335e-05,0.5042949279483563,0.009234479544925038,20.171797117934254
0.09771241535346496,1.0,2.51e-05,1.0,0.0,0.5042949279483563,0.009234479544925038,0.0
0.09771241535346496,1.0,3.16e-05,1.0,3.3333333333333335e-05,0.5042949279483563,0.009234479544925038,20.171797117934254
0.09771241535346496,1.0,3.98e-05,1.0,0.0,0.5042949279483563,0.009234479544925038,0.0
0.09771241535346496,1.0,5.01e-05,1.0,0.0001,0.5042949279483563,0.009234479544925038,60.51539135380276
0.09771241535346496,1.0,6.31e-05,1.0,0.00016666666666666666,0.5042949279483563,0.009234479544925038,100.85898558967126
0.09771241535346496,1.0,7.94e-05,1.0,6.666666666666667e-05,0.5042949279483563,0.009234479544925038,40.34359423586851
0.09771241535346496,1.0,0.0001,1.0,0.0002666666666666667,0.5042949279483563,0.009234479544925038,161.37437694347403
0.09771241535346496,1.0,0.000126,1.0,0.00036666666666666667,0.5042949279483563,0.009234479544925038,221.88976829727676
0.09771241535346496,1.0,0.000158,1.0,0.0007,0.5042949279483563,0.009234479544925038,423.6077394766193
0.09771241535346496,1.0,0.0002,1.0,0.001,0.5042949279483563,0.009234479544925038,605.1539135380276
0.09771241535346496,1.0,0.000251,1.0,0.0014666666666666667,0.5042949279483563,0.009234479544925038,887.559073189107
0.09771241535346496,1.0,0.000316,1.0,0.0017333333333333333,0.5042949279483563,0.009234479544925038,1048.9334501325811
0.09771241535346496,1.0,0.000398,1.0,0.003266666666666667,0.5042949279483563,0.009234479544925038,1976.8361175575567
0.09771241535346496,1.0,0.000501,1.0,0.005033333333333333,0.5042949279483563,0.009234479544925038,3045.941364808072
0.09771241535346496,1.0,0.000631,1.0,0.006166666666666667,0.5042949279483563,0.009234479544925038,3731.7824668178364
0.09771241535346496,1.0,0.000794,1.0,0.008366666666666666,0.5042949279483563,0.009234479544925038,5063.121076601497
0.09771241535346496,1.0,0.001,1.0,0.007266666666666667,0.5042949279483563,0.009234479544925038,4397.451771709667
0.09771241535346496,1.0,0.00126,1.0,0.0081,0.5042949279483563,0.009234479544925038,4901.746699658023
0.09771241535346496,1.0,0.00158,1.0,0.004066666666666666,0.5042949279483563,0.009234479544925038,2460.9592483879787
0.09771241535346496,1.0,0.002,1.0,0.0021,0.5042949279483563,0.009234479544925038,1270.823218429858
0.09771241535346496,1.0,0.00251,1.0,0.0006666666666666666,0.5042949279483563,0.009234479544925038,403.43594235868505
0.09771241535346496,1.0,0.00316,1.0,6.666666666666667e-05,0.5042949279483563,0.009234479544925038,40.34359423586851
0.09771241535346496,1.0,0.00398,1.0,6.666666666666667e-05,0.5042949279483563,0.009234479544925038,40.34359423586851
0.09771241535346496,1.0,0.00501,1.0,0.0,0.5042949279483563,0.009234479544925038,0.0
0.09771241535346496,1.0,0.00631,1.0,0.0,0.5042949279483563,0.009234479544925038,0.0
0.10234114021054527,1.0,1e-06,1.0,0.0,0.5527093600177302,0.010121028383404692,0.0
0.10234114021054527,1.0,1.26e-06,1.0,0.0,0.5527093600177302,0.010121028383404692,0.0
0.10234114021054527,1.0,1.58e-06,1.0,0.0,0.5527093600177302,0.010121028383404692,0.0
0.10234114021054527,1.0,2e-06,1.0,0.0,0.5527093600177302,0.010121028383404692,0.0
0.10234114021054527,1.0,2.51e-06,1.0,0.0,0.5527093600177302,0.010121028383404692,0.0
0.10234114021054527,1.0,3.16e-06,1.0,0.0,0.5527093600177302,0.010121028383404692,0.0
0.10234114021054527,1.0,3.98e-06,1.0,0.0,0.5527093600177302,0.010121028383404692,0.0
0.10234114021054527,1.0,5.01e-06,1.0,0.0,0.5527093600177302,0.010121028383404692,0.0
0.10234114021054527,1.0,6.31e-06,1.0,0.0,0.5527093600177302,0.010121028383404692,0.0
0.10234114021054527,1.0,7.94e-06,1.0,0.0,0.5527093600177302,0.010121028383404692,0.0
0.10234114021054527,1.0,1e-05,1.0,0.0,0.5527093600177302,0.010121028383404692,0.0
0.10234114021054527,1.0,1.26e-05,1.0,0.0,0.5527093600177302,0.010121028383404692,0.0
0.10234114021054527,1.0,1.58e-05,1.0,0.0,0.5527093600177302,0.010121028383404692,0.0
0.10234114021054527,1.0,2e-05,1.0,3.3333333333333335e-05,0.5527093600177302,0.010121028383404692,22.10837440070921
0.10234114021054527,1.0,2.51e-05,1.0,0.0,0.5527093600177302,0.010121028383404692,0.0
0.10234114021054527,1.0,3.16e-05,1.0,3.3333333333333335e-05,0.5527093600177302,0.010121028383404692,22.10837440070921
0.10234114021054527,1.0,3.98e-05,1.0,0.0,0.5527093600177302,0.010121028383404692,0.0
0.10234114021054527,1.0,5.01e-05,1.0,0.0001,0.5527093600177302,0.010121028383404692,66.32512320212763
0.10234114021054527,1.0,6.31e-05,1.0,0.00016666666666666666,0.5527093600177302,0.010121028383404692,110.54187200354602
0.10234114021054527,1.0,7.94e-05,1.0,6.666666666666667e-05,0.5527093600177302,0.010121028383404692,44.21674880141842
0.10234114021054527,1.0,0.0001,1.0,0.0002666666666666667,0.5527093600177302,0.010121028383404692,176.86699520567367
0.10234114021054527,1.0,0.000126,1.0,0.00036666666666666667,0.5527093600177302,0.010121028383404692,243.19211840780127
0.10234114021054527,1.0,0.000158,1.0,0.0007,0.5527093600177302,0.010121028383404692,464.27586241489337
0.10234114021054527,1.0,0.0002,1.0,0.001,0.5527093600177302,0.010121028383404692,663.2512320212763
0.10234114021054527,1.0,0.000251,1.0,0.0014666666666666667,0.5527093600177302,0.010121028383404692,972.7684736312051
0.10234114021054527,1.0,0.000316,1.0,0.0017333333333333333,0.5527093600177302,0.010121028383404692,1149.6354688368788
0.10234114021054527,1.0,0.000398,1.0,0.003266666666666667,0.5527093600177302,0.010121028383404692,2166.6206912695025
0.10234114021054527,1.0,0.000501,1.0,0.005033333333333333,0.5527093600177302,0.010121028383404692,3338.3645345070904
0.10234114021054527,1.0,0.000631,1.0,0.006166666666666667,0.5527093600177302,0.010121028383404692,4090.0492641312035
0.10234114021054527,1.0,0.000794,1.0,0.008366666666666666,0.5527093600177302,0.010121028383404692,5549.201974578011
0.10234114021054527,1.0,0.001,1.0,0.007266666666666667,0.5527093600177302,0.010121028383404692,4819.625619354607
0.10234114021054527,1.0,0.00126,1.0,0.0081,0.5527093600177302,0.010121028383404692,5372.334979372337
0.10234114021054527,1.0,0.00158,1.0,0.004066666666666666,0.5527093600177302,0.010121028383404692,2697.2216768865233
0.10234114021054527,1.0,0.002,1.0,0.0021,0.5527093600177302,0.010121028383404692,1392.82758724468
0.10234114021054527,1.0,0.00251,1.0,0.0006666666666666666,0.5527093600177302,0.010121028383404692,442.1674880141841
0.10234114021054527,1.0,0.00316,1.0,6.666666666666667e-05,0.5527093600177302,0.010121028383404692,44.21674880141842
0.10234114021054527,1.0,0.00398,1.0,6.666666666666667e-05,0.5527093600177302,0.010121028383404692,44.21674880141842
0.10234114021054527,1.0,0.00501,1.0,0.0,0.5527093600177302,0.010121028383404692,0.0
0.10234114021054527,1.0,0.00631,1.0,0.0,0.5527093600177302,0.010121028383404692,0.0
0.10718913192051276,1.0,1e-06,1.0,0.0,0.605719746213605,0.011091736792045505,0.0
0.10718913192051276,1.0,1.26e-06,1.0,0.0,0.605719746213605,0.011091736792045505,0.0
0.10718913192051276,1.0,1.58e-06,1.0,0.0,0.605719746213605,0.011091736792045505,0.0
0.10718913192051276,1.0,2e-06,1.0,0.0,0.605719746213605,0.011091736792045505,0.0
0.10718913192051276,1.0,2.51e-06,1.0,0.0,0.605719746213605,0.011091736792045505,0.0
0.10718913192051276,1.0,3.16e-06,1.0,0.0,0.605719746213605,0.011091736792045505,0.0
0.10718913192051276,1.0,3.98e-06,1.0,0.0,0.605719746213605,0.011091736792045505,0.0
0.10718913192051276,1.0,5.01e-06,1.0,0.0,0.605719746213605,0.011091736792045505,0.0
0.10718913192051276,1.0,6.31e-06,1.0,0.0,0.605719746213605,0.011091736792045505,0.0
0.10718913192051276,1.0,7.94e-06,1.0,0.0,0.605719746213605,0.011091736792045505,0.0
0.10718913192051276,1.0,1e-05,1.0,0.0,0.605719746213605,0.011091736792045505,0.0
0.10718913192051276,1.0,1.26e-05,1.0,0.0,0.605719746213605,0.011091736792045505,0.0
0.10718913192051276,1.0,1.58e-05,1.0,0.0,0.605719746213605,0.011091736792045505,0.0
0.10718913192051276,1.0,2e-05,1.0,3.3333333333333335e-05,0.605719746213605,0.011091736792045505,24.228789848544203
0.10718913192051276,1.0,2.51e-05,1.0,0.0,0.605719746213605,0.011091736792045505,0.0
0.10718913192051276,1.0,3.16e-05,1.0,3.3333333333333335e-05,0.605719746213605,0.011091736792045505,24.228789848544203
0.10718913192051276,1.0,3.98e-05,1.0,0.0,0.605719746213605,0.011091736792045505,0.0
0.10718913192051276,1.0,5.01e-05,1.0,0.0001,0.605719746213605,0.011091736792045505,72.6863695456326
0.10718913192051276,1.0,6.31e-05,1.0,0.00016666666666666666,0.605719746213605,0.011091736792045505,121.14394924272099
0.10718913192051276,1.0,7.94e-05,1.0,6.666666666666667e-05,0.605719746213605,0.011091736792045505,48.457579697088406
0.10718913192051276,1.0,0.0001,1.0,0.0002666666666666667,0.605719746213605,0.011091736792045505,193.83031878835362
0.10718913192051276,1.0,0.000126,1.0,0.00036666666666666667,0.605719746213605,0.011091736792045505,266.5166883339862
0.10718913192051276,1.0,0.000158,1.0,0.0007,0.605719746213605,0.011091736792045505,508.8045868194282
0.10718913192051276,1.0,0.0002,1.0,0.001,0.605719746213605,0.011091736792045505,726.8636954563261
0.10718913192051276,1.0,0.000251,1.0,0.0014666666666666667,0.605719746213605,0.011091736792045505,1066.066753335945
0.10718913192051276,1.0,0.000316,1.0,0.0017333333333333333,0.605719746213605,0.011091736792045505,1259.8970721242986
0.10718913192051276,1.0,0.000398,1.0,0.003266666666666667,0.605719746213605,0.011091736792045505,2374.421405157332
0.10718913192051276,1.0,0.000501,1.0,0.005033333333333333,0.605719746213605,0.011091736792045505,3658.5472671301745
0.10718913192051276,1.0,0.000631,1.0,0.006166666666666667,0.605719746213605,0.011091736792045505,4482.326121980677
0.10718913192051276,1.0,0.000794,1.0,0.008366666666666666,0.605719746213605,0.011091736792045505,6081.426251984594
0.10718913192051276,1.0,0.001,1.0,0.007266666666666667,0.605719746213605,0.011091736792045505,5281.876186982637
0.10718913192051276,1.0,0.00126,1.0,0.0081,0.605719746213605,0.011091736792045505,5887.59593319624
0.10718913192051276,1.0,0.00158,1.0,0.004066666666666666,0.605719746213605,0.011091736792045505,2955.9123615223925
0.10718913192051276,1.0,0.002,1.0,0.0021,0.605719746213605,0.011091736792045505,1526.4137604582847
0.10718913192051276,1.0,0.00251,1.0,0.0006666666666666666,0.605719746213605,0.011091736792045505,484.57579697088397
0.10718913192051276,1.0,0.00316,1.0,6.666666666666667e-05,0.605719746213605,0.011091736792045505,48.457579697088406
0.10718913192051276,1.0,0.00398,1.0,6.666666666666667e-05,0.605719746213605,0.011091736792045505,48.457579697088406
0.10718913192051276,1.0,0.00501,1.0,0.0,0.605719746213605,0.011091736792045505,0.0
0.10718913192051276,1.0,0.00631,1.0,0.0,0.605719746213605,0.011091736792045505,0.0
0.11226677735108136,1.0,1e-06,1.0,0.0,0.6637519339680792,0.012154402746165156,0.0
0.11226677735108136,1.0,1.26e-06,1.0,0.0,0.6637519339680792,0.012154402746165156,0.0
0.11226677735108136,1.0,1.58e-06,1.0,0.0,0.6637519339680792,0.012154402746165156,0.0
0.11226677735108136,1.0,2e-06,1.0,0.0,0.6637519339680792,0.012154402746165156,0.0
0.11226677735108136,1.0,2.51e-06,1.0,0.0,0.6637519339680792,0.012154402746165156,0.0
0.11226677735108136,1.0,3.16e-06,1.0,0.0,0.6637519339680792,0.012154402746165156,0.0
0.11226677735108136,1.0,3.98e-06,1.0,0.0,0.6637519339680792,0.012154402746165156,0.0
0.11226677735108136,1.0,5.01e-06,1.0,0.0,0.6637519339680792,0.012154402746165156,0.0
0.11226677735108136,1.0,6.31e-06,1.0,0.0,0.6637519339680792,0.012154402746165156,0.0
0.11226677735108136,1.0,7.94e-06,1.0,0.0,0.6637519339680792,0.012154402746165156,0.0
0.11226677735108136,1.0,1e-05,1.0,0.0,0.6637519339680792,0.012154402746165156,0.0
0.11226677735108136,1.0,1.26e-05,1.0,0.0,0.6637519339680792,0.012154402746165156,0.0
0.11226677735108136,1.0,1.58e-05,1.0,0.0,0.6637519339680792,0.012154402746165156,0.0
0.11226677735108136,1.0,2e-05,1.0,3.3333333333333335e-05,0.6637519339680792,0.012154402746165156,26.550077358723172
0.11226677735108136,1.0,2.51e-05,1.0,0.0,0.6637519339680792,0.012154402746165156,0.0
0.11226677735108136,1.0,3.16e-05,1.0,3.3333333333333335e-05,0.6637519339680792,0.012154402746165156,26.550077358723172
0.11226677735108136,1.0,3.98e-05,1.0,0.0,0.6637519339680792,0.012154402746165156,0.0
0.11226677735108136,1.0,5.01e-05,1.0,0.0001,0.6637519339680792,0.012154402746165156,79.65023207616952
0.11226677735108136,1.0,6.31e-05,1.0,0.00016666666666666666,0.6637519339680792,0.012154402746165156,132.75038679361583
0.11226677735108136,1.0,7.94e-05,1.0,6.666666666666667e-05,0.6637519339680792,0.012154402746165156,53.100154717446344
0.11226677735108136,1.0,0.0001,1.0,0.0002666666666666667,0.6637519339680792,0.012154402746165156,212.40061886978538
0.11226677735108136,1.0,0.000126,1.0,0.00036666666666666667,0.6637519339680792,0.012154402746165156,292.05085094595483
0.11226677735108136,1.0,0.000158,1.0,0.0007,0.6637519339680792,0.012154402746165156,557.5516245331866
0.11226677735108136,1.0,0.0002,1.0,0.001,0.6637519339680792,0.012154402746165156,796.502320761695
0.11226677735108136,1.0,0.000251,1.0,0.0014666666666666667,0.6637519339680792,0.012154402746165156,1168.2034037838193
0.11226677735108136,1.0,0.000316,1.0,0.0017333333333333333,0.6637519339680792,0.012154402746165156,1380.6040226536047
0.11226677735108136,1.0,0.000398,1.0,0.003266666666666667,0.6637519339680792,0.012154402746165156,2601.907581154871
0.11226677735108136,1.0,0.000501,1.0,0.005033333333333333,0.6637519339680792,0.012154402746165156,4009.061681167199
0.11226677735108136,1.0,0.000631,1.0,0.006166666666666667,0.6637519339680792,0.012154402746165156,4911.764311363786
0.11226677735108136,1.0,0.000794,1.0,0.008366666666666666,0.6637519339680792,0.012154402746165156,6664.0694170395145
0.11226677735108136,1.0,0.001,1.0,0.007266666666666667,0.6637519339680792,0.012154402746165156,5787.916864201651
0.11226677735108136,1.0,0.00126,1.0,0.0081,0.6637519339680792,0.012154402746165156,6451.66879816973
0.11226677735108136,1.0,0.00158,1.0,0.004066666666666666,0.6637519339680792,0.012154402746165156,3239.109437764226
0.11226677735108136,1.0,0.002,1.0,0.0021,0.6637519339680792,0.012154402746165156,1672.6548735995596
0.11226677735108136,1.0,0.00251,1.0,0.0006666666666666666,0.6637519339680792,0.012154402746165156,531.0015471744633
0.11226677735108136,1.0,0.00316,1.0,6.666666666666667e-05,0.6637519339680792,0.012154402746165156,53.100154717446344
0.11226677735108136,1.0,0.00398,1.0,6.666666666666667e-05,0.6637519339680792,0.012154402746165156,53.100154717446344
0.11226677735108136,1.0,0.00501,1.0,0.0,0.6637519339680792,0.012154402746165156,0.0
0.11226677735108136,1.0,0.00631,1.0,0.0,0.6637519339680792,0.012154402746165156,0.0
0.1175849554052157,1.0,1e-06,1.0,0.0,0.7272691367930654,0.013317508456199695,0.0
0.1175849554052157,1.0,1.26e-06,1.0,0.0,0.7272691367930654,0.013317508456199695,0.0
0.1175849554052157,1.0,1.58e-06,1.0,0.0,0.7272691367930654,0.013317508456199695,0.0
0.1175849554052157,1.0,2e-06,1.0,0.0,0.7272691367930654,0.013317508456199695,0.0
0.1175849554052157,1.0,2.51e-06,1.0,0.0,0.7272691367930654,0.013317508456199695,0.0
0.1175849554052157,1.0,3.16e-06,1.0,0.0,0.7272691367930654,0.013317508456199695,0.0
0.1175849554052157,1.0,3.98e-06,1.0,0.0,0.7272691367930654,0.013317508456199695,0.0
0.1175849554052157,1.0,5.01e-06,1.0,0.0,0.7272691367930654,0.013317508456199695,0.0
0.1175849554052157,1.0,6.31e-06,1.0,0.0,0.7272691367930654,0.013317508456199695,0.0
0.1175849554052157,1.0,7.94e-06,1.0,0.0,0.7272691367930654,0.013317508456199695,0.0
0.1175849554052157,1.0,1e-05,1.0,0.0,0.7272691367930654,0.013317508456199695,0.0
0.1175849554052157,1.0,1.26e-05,1.0,0.0,0.7272691367930654,0.013317508456199695,0.0
0.1175849554052157,1.0,1.58e-05,1.0,0.0,0.7272691367930654,0.013317508456199695,0.0
0.1175849554052157,1.0,2e-05,1.0,3.3333333333333335e-05,0.7272691367930654,0.013317508456199695,29.090765471722616
0.1175849554052157,1.0,2.51e-05,1.0,0.0,0.7272691367930654,0.013317508456199695,0.0
0.1175849554052157,1.0,3.16e-05,1.0,3.3333333333333335e-05,0.7272691367930654,0.013317508456199695,29.090765471722616
0.1175849554052157,1.0,3.98e-05,1.0,0.0,0.7272691367930654,0.013317508456199695,0.0
0.1175849554052157,1.0,5.01e-05,1.0,0.0001,0.7272691367930654,0.013317508456199695,87.27229641516784
0.1175849554052157,1.0,6.31e-05,1.0,0.00016666666666666666,0.7272691367930654,0.013317508456199695,145.45382735861307
0.1175849554052157,1.0,7.94e-05,1.0,6.666666666666667e-05,0.7272691367930654,0.013317508456199695,58.18153094344523
0.1175849554052157,1.0,0.0001,1.0,0.0002666666666666667,0.7272691367930654,0.013317508456199695,232.72612377378093
0.1175849554052157,1.0,0.000126,1.0,0.00036666666666666667,0.7272691367930654,0.013317508456199695,319.9984201889488
0.1175849554052157,1.0,0.000158,1.0,0.0007,0.7272691367930654,0.013317508456199695,610.9060749061749
0.1175849554052157,1.0,0.0002,1.0,0.001,0.7272691367930654,0.013317508456199695,872.7229641516784
0.1175849554052157,1.0,0.000251,1.0,0.0014666666666666667,0.7272691367930654,0.013317508456199695,1279.9936807557951
0.1175849554052157,1.0,0.000316,1.0,0.0017333333333333333,0.7272691367930654,0.013317508456199695,1512.7198045295759
0.1175849554052157,1.0,0.000398,1.0,0.003266666666666667,0.7272691367930654,0.013317508456199695,2850.8950162288165
0.1175849554052157,1.0,0.000501,1.0,0.005033333333333333,0.7272691367930654,0.013317508456199695,4392.705586230115
0.1175849554052157,1.0,0.000631,1.0,0.006166666666666667,0.7272691367930654,0.013317508456199695,5381.791612268684
0.1175849554052157,1.0,0.000794,1.0,0.008366666666666666,0.7272691367930654,0.013317508456199695,7301.782133402376
0.1175849554052157,1.0,0.001,1.0,0.007266666666666667,0.7272691367930654,0.013317508456199695,6341.786872835531
0.1175849554052157,1.0,0.00126,1.0,0.0081,0.7272691367930654,0.013317508456199695,7069.056009628595
0.1175849554052157,1.0,0.00158,1.0,0.004066666666666666,0.7272691367930654,0.013317508456199695,3549.073387550159
0.1175849554052157,1.0,0.002,1.0,0.0021,0.7272691367930654,0.013317508456199695,1832.7182247185247
0.1175849554052157,1.0,0.00251,1.0,0.0006666666666666666,0.7272691367930654,0.013317508456199695,581.8153094344523
0.1175849554052157,1.0,0.00316,1.0,6.666666666666667e-05,0.7272691367930654,0.013317508456199695,58.18153094344523
0.1175849554052157,1.0,0.00398,1.0,6.666666666666667e-05,0.7272691367930654,0.013317508456199695,58.18153094344523
0.1175849554052157,1.0,0.00501,1.0,0.0,0.7272691367930654,0.013317508456199695,0.0
0.1175849554052157,1.0,0.00631,1.0,0.0,0.7272691367930654,0.013317508456199695,0.0
0.12315506032928261,1.0,1e-06,1.0,0.0,0.7967747926680044,0.014590272709540459,0.0
0.12315506032928261,1.0,1.26e-06,1.0,0.0,0.7967747926680044,0.014590272709540459,0.0
0.12315506032928261,1.0,1.58e-06,1.0,0.0,0.7967747926680044,0.014590272709540459,0.0
0.12315506032928261,1.0,2e-06,1.0,0.0,0.7967747926680044,0.014590272709540459,0.0
0.12315506032928261,1.0,2.51e-06,1.0,0.0,0.7967747926680044,0.014590272709540459,0.0
0.12315506032928261,1.0,3.16e-06,1.0,0.0,0.7967747926680044,0.014590272709540459,0.0
0.12315506032928261,1.0,3.98e-06,1.0,0.0,0.7967747926680044,0.014590272709540459,0.0
0.12315506032928261,1.0,5.01e-06,1.0,0.0,0.7967747926680044,0.014590272709540459,0.0
0.12315506032928261,1.0,6.31e-06,1.0,0.0,0.7967747926680044,0.014590272709540459,0.0
0.12315506032928261,1.0,7.94e-06,1.0,0.0,0.7967747926680044,0.014590272709540459,0.0
0.12315506032928261,1.0,1e-05,1.0,0.0,0.7967747926680044,0.014590272709540459,0.0
0.12315506032928261,1.0,1.26e-05,1.0,0.0,0.7967747926680044,0.014590272709540459,0.0
0.12315506032928261,1.0,1.58e-05,1.0,0.0,0.7967747926680044,0.014590272709540459,0.0
0.12315506032928261,1.0,2e-05,1.0,3.3333333333333335e-05,0.7967747926680044,0.014590272709540459,31.87099170672018
0.12315506032928261,1.0,2.51e-05,1.0,0.0,0.7967747926680044,0.014590272709540459,0.0
0.12315506032928261,1.0,3.16e-05,1.0,3.3333333333333335e-05,0.7967747926680044,0.014590272709540459,31.87099170672018
0.12315506032928261,1.0,3.98e-05,1.0,0.0,0.7967747926680044,0.014590272709540459,0.0
0.12315506032928261,1.0,5.01e-05,1.0,0.0001,0.7967747926680044,0.014590272709540459,95.61297512016053
0.12315506032928261,1.0,6.31e-05,1.0,0.00016666666666666666,0.7967747926680044,0.014590272709540459,159.3549585336009
0.12315506032928261,1.0,7.94e-05,1.0,6.666666666666667e-05,0.7967747926680044,0.014590272709540459,63.74198341344036
0.12315506032928261,1.0,0.0001,1.0,0.0002666666666666667,0.7967747926680044,0.014590272709540459,254.96793365376143
0.12315506032928261,1.0,0.000126,1.0,0.00036666666666666667,0.7967747926680044,0.014590272709540459,350.5809087739219
0.12315506032928261,1.0,0.000158,1.0,0.0007,0.7967747926680044,0.014590272709540459,669.2908258411237
0.12315506032928261,1.0,0.0002,1.0,0.001,0.7967747926680044,0.014590272709540459,956.1297512016052
0.12315506032928261,1.0,0.000251,1.0,0.0014666666666666667,0.7967747926680044,0.014590272709540459,1402.3236350956877
0.12315506032928261,1.0,0.000316,1.0,0.0017333333333333333,0.7967747926680044,0.014590272709540459,1657.291568749449
0.12315506032928261,1.0,0.000398,1.0,0.003266666666666667,0.7967747926680044,0.014590272709540459,3123.3571872585776
0.12315506032928261,1.0,0.000501,1.0,0.005033333333333333,0.7967747926680044,0.014590272709540459,4812.519747714747
0.12315506032928261,1.0,0.000631,1.0,0.006166666666666667,0.7967747926680044,0.014590272709540459,5896.133465743233
0.12315506032928261,1.0,0.000794,1.0,0.008366666666666666,0.7967747926680044,0.014590272709540459,7999.618918386765
0.12315506032928261,1.0,0.001,1.0,0.007266666666666667,0.7967747926680044,0.014590272709540459,6947.876192064999
0.12315506032928261,1.0,0.00126,1.0,0.0081,0.7967747926680044,0.014590272709540459,7744.650984733002
0.12315506032928261,1.0,0.00158,1.0,0.004066666666666666,0.7967747926680044,0.014590272709540459,3888.2609882198612
0.12315506032928261,1.0,0.002,1.0,0.0021,0.7967747926680044,0.014590272709540459,2007.8724775233711
0.12315506032928261,1.0,0.00251,1.0,0.0006666666666666666,0.7967747926680044,0.014590272709540459,637.4198341344036
0.12315506032928261,1.0,0.00316,1.0,6.666666666666667e-05,0.7967747926680044,0.014590272709540459,63.74198341344036
0.12315506032928261,1.0,0.00398,1.0,6.666666666666667e-05,0.7967747926680044,0.014590272709540459,63.74198341344036
0.12315506032928261,1.0,0.00501,1.0,0.0,0.7967747926680044,0.014590272709540459,0.0
0.12315506032928261,1.0,0.00631,1.0,0.0,0.7967747926680044,0.014590272709540459,0.0
0.1289890261253308,1.0,1e-06,1.0,0.0,0.8728155546879505,0.01598270563427853,0.0
0.1289890261253308,1.0,1.26e-06,1.0,0.0,0.8728155546879505,0.01598270563427853,0.0
0.1289890261253308,1.0,1.58e-06,1.0,0.0,0.8728155546879505,0.01598270563427853,0.0
0.1289890261253308,1.0,2e-06,1.0,0.0,0.8728155546879505,0.01598270563427853,0.0
0.1289890261253308,1.0,2.51e-06,1.0,0.0,0.8728155546879505,0.01598270563427853,0.0
0.1289890261253308,1.0,3.16e-06,1.0,0.0,0.8728155546879505,0.01598270563427853,0.0
0.1289890261253308,1.0,3.98e-06,1.0,0.0,0.8728155546879505,0.01598270563427853,0.0
0.1289890261253308,1.0,5.01e-06,1.0,0.0,0.8728155546879505,0.01598270563427853,0.0
0.1289890261253308,1.0,6.31e-06,1.0,0.0,0.8728155546879505,0.01598270563427853,0.0
0.1289890261253308,1.0,7.94e-06,1.0,0.0,0.8728155546879505,0.01598270563427853,0.0
0.1289890261253308,1.0,1e-05,1.0,0.0,0.8728155546879505,0.01598270563427853,0.0
0.1289890261253308,1.0,1.26e-05,1.0,0.0,0.8728155546879505,0.01598270563427853,0.0
0.1289890261253308,1.0,1.58e-05,1.0,0.0,0.8728155546879505,0.01598270563427853,0.0
0.1289890261253308,1.0,2e-05,1.0,3.3333333333333335e-05,0.8728155546879505,0.01598270563427853,34.91262218751802
0.1289890261253308,1.0,2.51e-05,1.0,0.0,0.8728155546879505,0.01598270563427853,0.0
0.1289890261253308,1.0,3.16e-05,1.0,3.3333333333333335e-05,0.8728155546879505,0.01598270563427853,34.91262218751802
0.1289890261253308,1.0,3.98e-05,1.0,0.0,0.8728155546879505,0.01598270563427853,0.0
0.1289890261253308,1.0,5.01e-05,1.0,0.0001,0.8728155546879505,0.01598270563427853,104.73786656255407
0.1289890261253308,1.0,6.31e-05,1.0,0.00016666666666666666,0.8728155546879505,0.01598270563427853,174.5631109375901
0.1289890261253308,1.0,7.94e-05,1.0,6.666666666666667e-05,0.8728155546879505,0.01598270563427853,69.82524437503604
0.1289890261253308,1.0,0.0001,1.0,0.0002666666666666667,0.8728155546879505,0.01598270563427853,279.30097750014414
0.1289890261253308,1.0,0.000126,1.0,0.00036666666666666667,0.8728155546879505,0.01598270563427853,384.0388440626982
0.1289890261253308,1.0,0.000158,1.0,0.0007,0.8728155546879505,0.01598270563427853,733.1650659378784
0.1289890261253308,1.0,0.0002,1.0,0.001,0.8728155546879505,0.01598270563427853,1047.3786656255406
0.1289890261253308,1.0,0.000251,1.0,0.0014666666666666667,0.8728155546879505,0.01598270563427853,1536.1553762507929
0.1289890261253308,1.0,0.000316,1.0,0.0017333333333333333,0.8728155546879505,0.01598270563427853,1815.456353750937
0.1289890261253308,1.0,0.000398,1.0,0.003266666666666667,0.8728155546879505,0.01598270563427853,3421.436974376766
0.1289890261253308,1.0,0.000501,1.0,0.005033333333333333,0.8728155546879505,0.01598270563427853,5271.805950315221
0.1289890261253308,1.0,0.000631,1.0,0.006166666666666667,0.8728155546879505,0.01598270563427853,6458.835104690834
0.1289890261253308,1.0,0.000794,1.0,0.008366666666666666,0.8728155546879505,0.01598270563427853,8763.068169067023
0.1289890261253308,1.0,0.001,1.0,0.007266666666666667,0.8728155546879505,0.01598270563427853,7610.951636878928
0.1289890261253308,1.0,0.00126,1.0,0.0081,0.8728155546879505,0.01598270563427853,8483.767191566878
0.1289890261253308,1.0,0.00158,1.0,0.004066666666666666,0.8728155546879505,0.01598270563427853,4259.339906877198
0.1289890261253308,1.0,0.002,1.0,0.0021,0.8728155546879505,0.01598270563427853,2199.495197813635
0.1289890261253308,1.0,0.00251,1.0,0.0006666666666666666,0.8728155546879505,0.01598270563427853,698.2524437503604
0.1289890261253308,1.0,0.00316,1.0,6.666666666666667e-05,0.8728155546879505,0.01598270563427853,69.82524437503604
0.1289890261253308,1.0,0.00398,1.0,6.666666666666667e-05,0.8728155546879505,0.01598270563427853,69.82524437503604
0.1289890261253308,1.0,0.00501,1.0,0.0,0.8728155546879505,0.01598270563427853,0.0
0.1289890261253308,1.0,0.00631,1.0,0.0,0.8728155546879505,0.01598270563427853,0.0
0.13509935211980265,1.0,1e-06,1.0,0.0,0.9559844005945634,0.01750566563989312,0.0
0.13509935211980265,1.0,1.26e-06,1.0,0.0,0.9559844005945634,0.01750566563989312,0.0
0.13509935211980265,1.0,1.58e-06,1.0,0.0,0.9559844005945634,0.01750566563989312,0.0
0.13509935211980265,1.0,2e-06,1.0,0.0,0.9559844005945634,0.01750566563989312,0.0
0.13509935211980265,1.0,2.51e-06,1.0,0.0,0.9559844005945634,0.01750566563989312,0.0
0.13509935211980265,1.0,3.16e-06,1.0,0.0,0.9559844005945634,0.01750566563989312,0.0
0.13509935211980265,1.0,3.98e-06,1.0,0.0,0.9559844005945634,0.01750566563989312,0.0
0.13509935211980265,1.0,5.01e-06,1.0,0.0,0.9559844005945634,0.01750566563989312,0.0
0.13509935211980265,1.0,6.31e-06,1.0,0.0,0.9559844005945634,0.01750566563989312,0.0
0.13509935211980265,1.0,7.94e-06,1.0,0.0,0.9559844005945634,0.01750566563989312,0.0
0.13509935211980265,1.0,1e-05,1.0,0.0,0.9559844005945634,0.01750566563989312,0.0
0.13509935211980265,1.0,1.26e-05,1.0,0.0,0.9559844005945634,0.01750566563989312,0.0
0.13509935211980265,1.0,1.58e-05,1.0,0.0,0.9559844005945634,0.01750566563989312,0.0
0.13509935211980265,1.0,2e-05,1.0,3.3333333333333335e-05,0.9559844005945634,0.01750566563989312,38.23937602378253
0.13509935211980265,1.0,2.51e-05,1.0,0.0,0.9559844005945634,0.01750566563989312,0.0
0.13509935211980265,1.0,3.16e-05,1.0,3.3333333333333335e-05,0.9559844005945634,0.01750566563989312,38.23937602378253
0.13509935211980265,1.0,3.98e-05,1.0,0.0,0.9559844005945634,0.01750566563989312,0.0
0.13509935211980265,1.0,5.01e-05,1.0,0.0001,0.9559844005945634,0.01750566563989312,114.71812807134762
0.13509935211980265,1.0,6.31e-05,1.0,0.00016666666666666666,0.9559844005945634,0.01750566563989312,191.19688011891267
0.13509935211980265,1.0,7.94e-05,1.0,6.666666666666667e-05,0.9559844005945634,0.01750566563989312,76.47875204756507
0.13509935211980265,1.0,0.0001,1.0,0.0002666666666666667,0.9559844005945634,0.01750566563989312,305.91500819026027
0.13509935211980265,1.0,0.000126,1.0,0.00036666666666666667,0.9559844005945634,0.01750566563989312,420.6331362616079
0.13509935211980265,1.0,0.000158,1.0,0.0007,0.9559844005945634,0.01750566563989312,803.0268964994333
0.13509935211980265,1.0,0.0002,1.0,0.001,0.9559844005945634,0.01750566563989312,1147.181280713476
0.13509935211980265,1.0,0.000251,1.0,0.0014666666666666667,0.9559844005945634,0.01750566563989312,1682.5325450464316
0.13509935211980265,1.0,0.000316,1.0,0.0017333333333333333,0.9559844005945634,0.01750566563989312,1988.4475532366916
0.13509935211980265,1.0,0.000398,1.0,0.003266666666666667,0.9559844005945634,0.01750566563989312,3747.4588503306886
0.13509935211980265,1.0,0.000501,1.0,0.005033333333333333,0.9559844005945634,0.01750566563989312,5774.145779591163
0.13509935211980265,1.0,0.000631,1.0,0.006166666666666667,0.9559844005945634,0.01750566563989312,7074.284564399769
0.13509935211980265,1.0,0.000794,1.0,0.008366666666666666,0.9559844005945634,0.01750566563989312,9598.083381969416
0.13509935211980265,1.0,0.001,1.0,0.007266666666666667,0.9559844005945634,0.01750566563989312,8336.183973184594
0.13509935211980265,1.0,0.00126,1.0,0.0081,0.9559844005945634,0.01750566563989312,9292.168373779155
0.13509935211980265,1.0,0.00158,1.0,0.004066666666666666,0.9559844005945634,0.01750566563989312,4665.203874901469
0.13509935211980265,1.0,0.002,1.0,0.0021,0.9559844005945634,0.01750566563989312,2409.0806894982993
0.13509935211980265,1.0,0.00251,1.0,0.0006666666666666666,0.9559844005945634,0.01750566563989312,764.7875204756507
0.13509935211980265,1.0,0.00316,1.0,6.666666666666667e-05,0.9559844005945634,0.01750566563989312,76.47875204756507
0.13509935211980265,1.0,0.00398,1.0,6.666666666666667e-05,0.9559844005945634,0.01750566563989312,76.47875204756507
0.13509935211980265,1.0,0.00501,1.0,0.0,0.9559844005945634,0.01750566563989312,0.0
0.13509935211980265,1.0,0.00631,1.0,0.0,0.9559844005945634,0.01750566563989312,0.0
0.1414991297434576,1.0,1e-06,1.0,0.0,1.0469238421653841,0.01917091818651134,0.0
0.1414991297434576,1.0,1.26e-06,1.0,0.0,1.0469238421653841,0.01917091818651134,0.0
0.1414991297434576,1.0,1.58e-06,1.0,0.0,1.0469238421653841,0.01917091818651134,0.0
0.1414991297434576,1.0,2e-06,1.0,0.0,1.0469238421653841,0.01917091818651134,0.0
0.1414991297434576,1.0,2.51e-06,1.0,0.0,1.0469238421653841,0.01917091818651134,0.0
0.1414991297434576,1.0,3.16e-06,1.0,0.0,1.0469238421653841,0.01917091818651134,0.0
0.1414991297434576,1.0,3.98e-06,1.0,0.0,1.0469238421653841,0.01917091818651134,0.0
0.1414991297434576,1.0,5.01e-06,1.0,0.0,1.0469238421653841,0.01917091818651134,0.0
0.1414991297434576,1.0,6.31e-06,1.0,0.0,1.0469238421653841,0.01917091818651134,0.0
0.1414991297434576,1.0,7.94e-06,1.0,0.0,1.0469238421653841,0.01917091818651134,0.0
0.1414991297434576,1.0,1e-05,1.0,0.0,1.0469238421653841,0.01917091818651134,0.0
0.1414991297434576,1.0,1.26e-05,1.0,0.0,1.0469238421653841,0.01917091818651134,0.0
0.1414991297434576,1.0,1.58e-05,1.0,0.0,1.0469238421653841,0.01917091818651134,0.0
0.1414991297434576,1.0,2e-05,1.0,3.3333333333333335e-05,1.0469238421653841,0.01917091818651134,41.876953686615366
0.1414991297434576,1.0,2.51e-05,1.0,0.0,1.0469238421653841,0.01917091818651134,0.0
0.1414991297434576,1.0,3.16e-05,1.0,3.3333333333333335e-05,1.0469238421653841,0.01917091818651134,41.876953686615366
0.1414991297434576,1.0,3.98e-05,1.0,0.0,1.0469238421653841,0.01917091818651134,0.0
0.1414991297434576,1.0,5.01e-05,1.0,0.0001,1.0469238421653841,0.01917091818651134,125.6308610598461
0.1414991297434576,1.0,6.31e-05,1.0,0.00016666666666666666,1.0469238421653841,0.01917091818651134,209.38476843307683
0.1414991297434576,1.0,7.94e-05,1.0,6.666666666666667e-05,1.0469238421653841,0.01917091818651134,83.75390737323073
0.1414991297434576,1.0,0.0001,1.0,0.0002666666666666667,1.0469238421653841,0.01917091818651134,335.0156294929229
0.1414991297434576,1.0,0.000126,1.0,0.00036666666666666667,1.0469238421653841,0.01917091818651134,460.6464905527691
0.1414991297434576,1.0,0.000158,1.0,0.0007,1.0469238421653841,0.01917091818651134,879.4160274189228
0.1414991297434576,1.0,0.0002,1.0,0.001,1.0469238421653841,0.01917091818651134,1256.3086105984612
0.1414991297434576,1.0,0.000251,1.0,0.0014666666666666667,1.0469238421653841,0.01917091818651134,1842.5859622110763
0.1414991297434576,1.0,0.000316,1.0,0.0017333333333333333,1.0469238421653841,0.01917091818651134,2177.601591703999
0.1414991297434576,1.0,0.000398,1.0,0.003266666666666667,1.0469238421653841,0.01917091818651134,4103.9414612883065
0.1414991297434576,1.0,0.000501,1.0,0.005033333333333333,1.0469238421653841,0.01917091818651134,6323.42000667892
0.1414991297434576,1.0,0.000631,1.0,0.006166666666666667,1.0469238421653841,0.01917091818651134,7747.236432023843
0.1414991297434576,1.0,0.000794,1.0,0.008366666666666666,1.0469238421653841,0.01917091818651134,10511.115375340458
0.1414991297434576,1.0,0.001,1.0,0.007266666666666667,1.0469238421653841,0.01917091818651134,9129.175903682151
0.1414991297434576,1.0,0.00126,1.0,0.0081,1.0469238421653841,0.01917091818651134,10176.099745847534
0.1414991297434576,1.0,0.00158,1.0,0.004066666666666666,1.0469238421653841,0.01917091818651134,5108.988349767074
0.1414991297434576,1.0,0.002,1.0,0.0021,1.0469238421653841,0.01917091818651134,2638.248082256768
0.1414991297434576,1.0,0.00251,1.0,0.0006666666666666666,1.0469238421653841,0.01917091818651134,837.5390737323073
0.1414991297434576,1.0,0.00316,1.0,6.666666666666667e-05,1.0469238421653841,0.01917091818651134,83.75390737323073
0.1414991297434576,1.0,0.00398,1.0,6.666666666666667e-05,1.0469238421653841,0.01917091818651134,83.75390737323073
0.1414991297434576,1.0,0.00501,1.0,0.0,1.0469238421653841,0.01917091818651134,0.0
0.1414991297434576,1.0,0.00631,1.0,0.0,1.0469238421653841,0.01917091818651134,0.0
0.14820207057988585,1.0,1e-06,1.0,0.0,1.1463292086415304,0.020991195909934635,0.0
0.14820207057988585,1.0,1.26e-06,1.0,0.0,1.1463292086415304,0.020991195909934635,0.0
0.14820207057988585,1.0,1.58e-06,1.0,0.0,1.1463292086415304,0.020991195909934635,0.0
0.14820207057988585,1.0,2e-06,1.0,0.0,1.1463292086415304,0.020991195909934635,0.0
0.14820207057988585,1.0,2.51e-06,1.0,0.0,1.1463292086415304,0.020991195909934635,0.0
0.14820207057988585,1.0,3.16e-06,1.0,0.0,1.1463292086415304,0.020991195909934635,0.0
0.14820207057988585,1.0,3.98e-06,1.0,0.0,1.1463292086415304,0.020991195909934635,0.0
0.14820207057988585,1.0,5.01e-06,1.0,0.0,1.1463292086415304,0.020991195909934635,0.0
0.14820207057988585,1.0,6.31e-06,1.0,0.0,1.1463292086415304,0.020991195909934635,0.0
0.14820207057988585,1.0,7.94e-06,1.0,0.0,1.1463292086415304,0.020991195909934635,0.0
0.14820207057988585,1.0,1e-05,1.0,0.0,1.1463292086415304,0.020991195909934635,0.0
0.14820207057988585,1.0,1.26e-05,1.0,0.0,1.1463292086415304,0.020991195909934635,0.0
0.14820207057988585,1.0,1.58e-05,1.0,0.0,1.1463292086415304,0.020991195909934635,0.0
0.14820207057988585,1.0,2e-05,1.0,3.3333333333333335e-05,1.1463292086415304,0.020991195909934635,45.853168345661224
0.14820207057988585,1.0,2.51e-05,1.0,0.0,1.1463292086415304,0.020991195909934635,0.0
0.14820207057988585,1.0,3.16e-05,1.0,3.3333333333333335e-05,1.1463292086415304,0.020991195909934635,45.853168345661224
0.14820207057988585,1.0,3.98e-05,1.0,0.0,1.1463292086415304,0.020991195909934635,0.0
0.14820207057988585,1.0,5.01e-05,1.0,0.0001,1.1463292086415304,0.020991195909934635,137.55950503698367
0.14820207057988585,1.0,6.31e-05,1.0,0.00016666666666666666,1.1463292086415304,0.020991195909934635,229.2658417283061
0.14820207057988585,1.0,7.94e-05,1.0,6.666666666666667e-05,1.1463292086415304,0.020991195909934635,91.70633669132245
0.14820207057988585,1.0,0.0001,1.0,0.0002666666666666667,1.1463292086415304,0.020991195909934635,366.8253467652898
0.14820207057988585,1.0,0.000126,1.0,0.00036666666666666667,1.1463292086415304,0.020991195909934635,504.3848518022735
0.14820207057988585,1.0,0.000158,1.0,0.0007,1.1463292086415304,0.020991195909934635,962.9165352588857
0.14820207057988585,1.0,0.0002,1.0,0.001,1.1463292086415304,0.020991195909934635,1375.5950503698368
0.14820207057988585,1.0,0.000251,1.0,0.0014666666666666667,1.1463292086415304,0.020991195909934635,2017.539407209094
0.14820207057988585,1.0,0.000316,1.0,0.0017333333333333333,1.1463292086415304,0.020991195909934635,2384.3647539743833
0.14820207057988585,1.0,0.000398,1.0,0.003266666666666667,1.1463292086415304,0.020991195909934635,4493.6104978748
0.14820207057988585,1.0,0.000501,1.0,0.005033333333333333,1.1463292086415304,0.020991195909934635,6923.8284201948445
0.14820207057988585,1.0,0.000631,1.0,0.006166666666666667,1.1463292086415304,0.020991195909934635,8482.836143947326
0.14820207057988585,1.0,0.000794,1.0,0.008366666666666666,1.1463292086415304,0.020991195909934635,11509.145254760966
0.14820207057988585,1.0,0.001,1.0,0.007266666666666667,1.1463292086415304,0.020991195909934635,9995.990699354146
0.14820207057988585,1.0,0.00126,1.0,0.0081,1.1463292086415304,0.020991195909934635,11142.319907995676
0.14820207057988585,1.0,0.00158,1.0,0.004066666666666666,1.1463292086415304,0.020991195909934635,5594.086538170668
0.14820207057988585,1.0,0.002,1.0,0.0021,1.1463292086415304,0.020991195909934635,2888.7496057766566
0.14820207057988585,1.0,0.00251,1.0,0.0006666666666666666,1.1463292086415304,0.020991195909934635,917.0633669132244
0.14820207057988585,1.0,0.00316,1.0,6.666666666666667e-05,1.1463292086415304,0.020991195909934635,91.70633669132245
0.14820207057988585,1.0,0.00398,1.0,6.666666666666667e-05,1.1463292086415304,0.020991195909934635,91.70633669132245
0.14820207057988585,1.0,0.00501,1.0,0.0,1.1463292086415304,0.020991195909934635,0.0
0.14820207057988585,1.0,0.00631,1.0,0.0,1.1463292086415304,0.020991195909934635,0.0
0.1552225357427048,1.0,1e-06,1.0,0.0,1.254951970275717,0.02298025948133523,0.0
0.1552225357427048,1.0,1.26e-06,1.0,0.0,1.254951970275717,0.02298025948133523,0.0
0.1552225357427048,1.0,1.58e-06,1.0,0.0,1.254951970275717,0.02298025948133523,0.0
0.1552225357427048,1.0,2e-06,1.0,0.0,1.254951970275717,0.02298025948133523,0.0
0.1552225357427048,1.0,2.51e-06,1.0,0.0,1.254951970275717,0.02298025948133523,0.0
0.1552225357427048,1.0,3.16e-06,1.0,0.0,1.254951970275717,0.02298025948133523,0.0
0.1552225357427048,1.0,3.98e-06,1.0,0.0,1.254951970275717,0.02298025948133523,0.0
0.1552225357427048,1.0,5.01e-06,1.0,0.0,1.254951970275717,0.02298025948133523,0.0
0.1552225357427048,1.0,6.31e-06,1.0,0.0,1.254951970275717,0.02298025948133523,0.0
0.1552225357427048,1.0,7.94e-06,1.0,0.0,1.254951970275717,0.02298025948133523,0.0
0.1552225357427048,1.0,1e-05,1.0,0.0,1.254951970275717,0.02298025948133523,0.0
0.1552225357427048,1.0,1.26e-05,1.0,0.0,1.254951970275717,0.02298025948133523,0.0
0.1552225357427048,1.0,1.58e-05,1.0,0.0,1.254951970275717,0.02298025948133523,0.0
0.1552225357427048,1.0,2e-05,1.0,3.3333333333333335e-05,1.254951970275717,0.02298025948133523,50.19807881102869
0.1552225357427048,1.0,2.51e-05,1.0,0.0,1.254951970275717,0.02298025948133523,0.0
0.1552225357427048,1.0,3.16e-05,1.0,3.3333333333333335e-05,1.254951970275717,0.02298025948133523,50.19807881102869
0.1552225357427048,1.0,3.98e-05,1.0,0.0,1.254951970275717,0.02298025948133523,0.0
0.1552225357427048,1.0,5.01e-05,1.0,0.0001,1.254951970275717,0.02298025948133523,150.59423643308605
0.1552225357427048,1.0,6.31e-05,1.0,0.00016666666666666666,1.254951970275717,0.02298025948133523,250.9903940551434
0.1552225357427048,1.0,7.94e-05,1.0,6.666666666666667e-05,1.254951970275717,0.02298025948133523,100.39615762205737
0.1552225357427048,1.0,0.0001,1.0,0.0002666666666666667,1.254951970275717,0.02298025948133523,401.5846304882295
0.1552225357427048,1.0,0.000126,1.0,0.00036666666666666667,1.254951970275717,0.02298025948133523,552.1788669213155
0.1552225357427048,1.0,0.000158,1.0,0.0007,1.254951970275717,0.02298025948133523,1054.1596550316024
0.1552225357427048,1.0,0.0002,1.0,0.001,1.254951970275717,0.02298025948133523,1505.9423643308605
0.1552225357427048,1.0,0.000251,1.0,0.0014666666666666667,1.254951970275717,0.02298025948133523,2208.715467685262
0.1552225357427048,1.0,0.000316,1.0,0.0017333333333333333,1.254951970275717,0.02298025948133523,2610.3000981734913
0.1552225357427048,1.0,0.000398,1.0,0.003266666666666667,1.254951970275717,0.02298025948133523,4919.411723480811
0.1552225357427048,1.0,0.000501,1.0,0.005033333333333333,1.254951970275717,0.02298025948133523,7579.909900465332
0.1552225357427048,1.0,0.000631,1.0,0.006166666666666667,1.254951970275717,0.02298025948133523,9286.644580040307
0.1552225357427048,1.0,0.000794,1.0,0.008366666666666666,1.254951970275717,0.02298025948133523,12599.717781568199
0.1552225357427048,1.0,0.001,1.0,0.007266666666666667,1.254951970275717,0.02298025948133523,10943.181180804255
0.1552225357427048,1.0,0.00126,1.0,0.0081,1.254951970275717,0.02298025948133523,12198.13315107997
0.1552225357427048,1.0,0.00158,1.0,0.004066666666666666,1.254951970275717,0.02298025948133523,6124.165614945498
0.1552225357427048,1.0,0.002,1.0,0.0021,1.254951970275717,0.02298025948133523,3162.478965094807
0.1552225357427048,1.0,0.00251,1.0,0.0006666666666666666,1.254951970275717,0.02298025948133523,1003.9615762205736
0.1552225357427048,1.0,0.00316,1.0,6.666666666666667e-05,1.254951970275717,0.02298025948133523,100.39615762205737
0.1552225357427048,1.0,0.00398,1.0,6.666666666666667e-05,1.254951970275717,0.02298025948133523,100.39615762205737
0.1552225357427048,1.0,0.00501,1.0,0.0,1.254951970275717,0.02298025948133523,0.0
0.1552225357427048,1.0,0.00631,1.0,0.0,1.254951970275717,0.02298025948133523,0.0
0.1625755666443795,1.0,1e-06,1.0,0.0,1.3736030585229781,0.02515295840547479,0.0
0.1625755666443795,1.0,1.26e-06,1.0,0.0,1.3736030585229781,0.02515295840547479,0.0
0.1625755666443795,1.0,1.58e-06,1.0,0.0,1.3736030585229781,0.02515295840547479,0.0
0.1625755666443795,1.0,2e-06,1.0,0.0,1.3736030585229781,0.02515295840547479,0.0
0.1625755666443795,1.0,2.51e-06,1.0,0.0,1.3736030585229781,0.02515295840547479,0.0
0.1625755666443795,1.0,3.16e-06,1.0,0.0,1.3736030585229781,0.02515295840547479,0.0
0.1625755666443795,1.0,3.98e-06,1.0,0.0,1.3736030585229781,0.02515295840547479,0.0
0.1625755666443795,1.0,5.01e-06,1.0,0.0,1.3736030585229781,0.02515295840547479,0.0
0.1625755666443795,1.0,6.31e-06,1.0,0.0,1.3736030585229781,0.02515295840547479,0.0
0.1625755666443795,1.0,7.94e-06,1.0,0.0,1.3736030585229781,0.02515295840547479,0.0
0.1625755666443795,1.0,1e-05,1.0,0.0,1.3736030585229781,0.02515295840547479,0.0
0.1625755666443795,1.0,1.26e-05,1.0,0.0,1.3736030585229781,0.02515295840547479,0.0
0.1625755666443795,1.0,1.58e-05,1.0,0.0,1.3736030585229781,0.02515295840547479,0.0
0.1625755666443795,1.0,2e-05,1.0,3.3333333333333335e-05,1.3736030585229781,0.02515295840547479,54.94412234091913
0.1625755666443795,1.0,2.51e-05,1.0,0.0,1.3736030585229781,0.02515295840547479,0.0
0.1625755666443795,1.0,3.16e-05,1.0,3.3333333333333335e-05,1.3736030585229781,0.02515295840547479,54.94412234091913
0.1625755666443795,1.0,3.98e-05,1.0,0.0,1.3736030585229781,0.02515295840547479,0.0
0.1625755666443795,1.0,5.01e-05,1.0,0.0001,1.3736030585229781,0.02515295840547479,164.8323670227574
0.1625755666443795,1.0,6.31e-05,1.0,0.00016666666666666666,1.3736030585229781,0.02515295840547479,274.7206117045956
0.1625755666443795,1.0,7.94e-05,1.0,6.666666666666667e-05,1.3736030585229781,0.02515295840547479,109.88824468183826
0.1625755666443795,1.0,0.0001,1.0,0.0002666666666666667,1.3736030585229781,0.02515295840547479,439.55297872735304
0.1625755666443795,1.0,0.000126,1.0,0.00036666666666666667,1.3736030585229781,0.02515295840547479,604.3853457501104
0.1625755666443795,1.0,0.000158,1.0,0.0007,1.3736030585229781,0.02515295840547479,1153.8265691593017
0.1625755666443795,1.0,0.0002,1.0,0.001,1.3736030585229781,0.02515295840547479,1648.323670227574
0.1625755666443795,1.0,0.000251,1.0,0.0014666666666666667,1.3736030585229781,0.02515295840547479,2417.541383000442
0.1625755666443795,1.0,0.000316,1.0,0.0017333333333333333,1.3736030585229781,0.02515295840547479,2857.094361727795
0.1625755666443795,1.0,0.000398,1.0,0.003266666666666667,1.3736030585229781,0.02515295840547479,5384.523989410075
0.1625755666443795,1.0,0.000501,1.0,0.005033333333333333,1.3736030585229781,0.02515295840547479,8296.562473478789
0.1625755666443795,1.0,0.000631,1.0,0.006166666666666667,1.3736030585229781,0.02515295840547479,10164.662633070038
0.1625755666443795,1.0,0.000794,1.0,0.008366666666666666,1.3736030585229781,0.02515295840547479,13790.974707570702
0.1625755666443795,1.0,0.001,1.0,0.007266666666666667,1.3736030585229781,0.02515295840547479,11977.81867032037
0.1625755666443795,1.0,0.00126,1.0,0.0081,1.3736030585229781,0.02515295840547479,13351.421728843347
0.1625755666443795,1.0,0.00158,1.0,0.004066666666666666,1.3736030585229781,0.02515295840547479,6703.182925592133
0.1625755666443795,1.0,0.002,1.0,0.0021,1.3736030585229781,0.02515295840547479,3461.479707477905
0.1625755666443795,1.0,0.00251,1.0,0.0006666666666666666,1.3736030585229781,0.02515295840547479,1098.8824468183825
0.1625755666443795,1.0,0.00316,1.0,6.666666666666667e-05,1.3736030585229781,0.02515295840547479,109.88824468183826
0.1625755666443795,1.0,0.00398,1.0,6.666666666666667e-05,1.3736030585229781,0.02515295840547479,109.88824468183826
0.1625755666443795,1.0,0.00501,1.0,0.0,1.3736030585229781,0.02515295840547479,0.0
0.1625755666443795,1.0,0.00631,1.0,0.0,1.3736030585229781,0.02515295840547479,0.0
0.17027691722258995,1.0,1e-06,1.0,0.0,1.5031561282199315,0.027525290756636723,0.0
0.17027691722258995,1.0,1.26e-06,1.0,0.0,1.5031561282199315,0.027525290756636723,0.0
0.17027691722258995,1.0,1.58e-06,1.0,0.0,1.5031561282199315,0.027525290756636723,0.0
0.17027691722258995,1.0,2e-06,1.0,0.0,1.5031561282199315,0.027525290756636723,0.0
0.17027691722258995,1.0,2.51e-06,1.0,0.0,1.5031561282199315,0.027525290756636723,0.0
0.17027691722258995,1.0,3.16e-06,1.0,0.0,1.5031561282199315,0.027525290756636723,0.0
0.17027691722258995,1.0,3.98e-06,1.0,0.0,1.5031561282199315,0.027525290756636723,0.0
0.17027691722258995,1.0,5.01e-06,1.0,0.0,1.5031561282199315,0.027525290756636723,0.0
0.17027691722258995,1.0,6.31e-06,1.0,0.0,1.5031561282199315,0.027525290756636723,0.0
0.17027691722258995,1.0,7.94e-06,1.0,0.0,1.5031561282199315,0.027525290756636723,0.0
0.17027691722258995,1.0,1e-05,1.0,0.0,1.5031561282199315,0.027525290756636723,0.0
0.17027691722258995,1.0,1.26e-05,1.0,0.0,1.5031561282199315,0.027525290756636723,0.0
0.17027691722258995,1.0,1.58e-05,1.0,0.0,1.5031561282199315,0.027525290756636723,0.0
0.17027691722258995,1.0,2e-05,1.0,3.3333333333333335e-05,1.5031561282199315,0.027525290756636723,60.12624512879726
0.17027691722258995,1.0,2.51e-05,1.0,0.0,1.5031561282199315,0.027525290756636723,0.0
0.17027691722258995,1.0,3.16e-05,1.0,3.3333333333333335e-05,1.5031561282199315,0.027525290756636723,60.12624512879726
0.17027691722258995,1.0,3.98e-05,1.0,0.0,1.5031561282199315,0.027525290756636723,0.0
0.17027691722258995,1.0,5.01e-05,1.0,0.0001,1.5031561282199315,0.027525290756636723,180.37873538639178
0.17027691722258995,1.0,6.31e-05,1.0,0.00016666666666666666,1.5031561282199315,0.027525290756636723,300.6312256439863
0.17027691722258995,1.0,7.94e-05,1.0,6.666666666666667e-05,1.5031561282199315,0.027525290756636723,120.25249025759452
0.17027691722258995,1.0,0.0001,1.0,0.0002666666666666667,1.5031561282199315,0.027525290756636723,481.00996103037807
0.17027691722258995,1.0,0.000126,1.0,0.00036666666666666667,1.5031561282199315,0.027525290756636723,661.3886964167699
0.17027691722258995,1.0,0.000158,1.0,0.0007,1.5031561282199315,0.027525290756636723,1262.6511477047425
0.17027691722258995,1.0,0.0002,1.0,0.001,1.5031561282199315,0.027525290756636723,1803.7873538639178
0.17027691722258995,1.0,0.000251,1.0,0.0014666666666666667,1.5031561282199315,0.027525290756636723,2645.5547856670796
0.17027691722258995,1.0,0.000316,1.0,0.0017333333333333333,1.5031561282199315,0.027525290756636723,3126.5647466974574
0.17027691722258995,1.0,0.000398,1.0,0.003266666666666667,1.5031561282199315,0.027525290756636723,5892.372022622131
0.17027691722258995,1.0,0.000501,1.0,0.005033333333333333,1.5031561282199315,0.027525290756636723,9079.063014448386
0.17027691722258995,1.0,0.000631,1.0,0.006166666666666667,1.5031561282199315,0.027525290756636723,11123.355348827492
0.17027691722258995,1.0,0.000794,1.0,0.008366666666666666,1.5031561282199315,0.027525290756636723,15091.687527328111
0.17027691722258995,1.0,0.001,1.0,0.007266666666666667,1.5031561282199315,0.027525290756636723,13107.521438077803
0.17027691722258995,1.0,0.00126,1.0,0.0081,1.5031561282199315,0.027525290756636723,14610.677566297734
0.17027691722258995,1.0,0.00158,1.0,0.004066666666666666,1.5031561282199315,0.027525290756636723,7335.4019057132655
0.17027691722258995,1.0,0.002,1.0,0.0021,1.5031561282199315,0.027525290756636723,3787.953443114227
0.17027691722258995,1.0,0.00251,1.0,0.0006666666666666666,1.5031561282199315,0.027525290756636723,1202.5249025759451
0.17027691722258995,1.0,0.00316,1.0,6.666666666666667e-05,1.5031561282199315,0.027525290756636723,120.25249025759452
0.17027691722258995,1.0,0.00398,1.0,6.666666666666667e-05,1.5031561282199315,0.027525290756636723,120.25249025759452
0.17027691722258995,1.0,0.00501,1.0,0.0,1.5031561282199315,0.027525290756636723,0.0
0.17027691722258995,1.0,0.00631,1.0,0.0,1.5031561282199315,0.027525290756636723,0.0
0.17834308769319093,1.0,1e-06,1.0,0.0,1.6445506941612058,0.030114460614561543,0.0
0.17834308769319093,1.0,1.26e-06,1.0,0.0,1.6445506941612058,0.030114460614561543,0.0
0.17834308769319093,1.0,1.58e-06,1.0,0.0,1.6445506941612058,0.030114460614561543,0.0
0.17834308769319093,1.0,2e-06,1.0,0.0,1.6445506941612058,0.030114460614561543,0.0
0.17834308769319093,1.0,2.51e-06,1.0,0.0,1.6445506941612058,0.030114460614561543,0.0
0.17834308769319093,1.0,3.16e-06,1.0,0.0,1.6445506941612058,0.030114460614561543,0.0
0.17834308769319093,1.0,3.98e-06,1.0,0.0,1.6445506941612058,0.030114460614561543,0.0
0.17834308769319093,1.0,5.01e-06,1.0,0.0,1.6445506941612058,0.030114460614561543,0.0
0.17834308769319093,1.0,6.31e-06,1.0,0.0,1.6445506941612058,0.030114460614561543,0.0
0.17834308769319093,1.0,7.94e-06,1.0,0.0,1.6445506941612058,0.030114460614561543,0.0
0.17834308769319093,1.0,1e-05,1.0,0.0,1.6445506941612058,0.030114460614561543,0.0
0.17834308769319093,1.0,1.26e-05,1.0,0.0,1.6445506941612058,0.030114460614561543,0.0
0.17834308769319093,1.0,1.58e-05,1.0,0.0,1.6445506941612058,0.030114460614561543,0.0
0.17834308769319093,1.0,2e-05,1.0,3.3333333333333335e-05,1.6445506941612058,0.030114460614561543,65.78202776644825
0.17834308769319093,1.0,2.51e-05,1.0,0.0,1.6445506941612058,0.030114460614561543,0.0
0.17834308769319093,1.0,3.16e-05,1.0,3.3333333333333335e-05,1.6445506941612058,0.030114460614561543,65.78202776644825
0.17834308769319093,1.0,3.98e-05,1.0,0.0,1.6445506941612058,0.030114460614561543,0.0
0.17834308769319093,1.0,5.01e-05,1.0,0.0001,1.6445506941612058,0.030114460614561543,197.34608329934474
0.17834308769319093,1.0,6.31e-05,1.0,0.00016666666666666666,1.6445506941612058,0.030114460614561543,328.9101388322412
0.17834308769319093,1.0,7.94e-05,1.0,6.666666666666667e-05,1.6445506941612058,0.030114460614561543,131.5640555328965
0.17834308769319093,1.0,0.0001,1.0,0.0002666666666666667,1.6445506941612058,0.030114460614561543,526.256222131586
0.17834308769319093,1.0,0.000126,1.0,0.00036666666666666667,1.6445506941612058,0.030114460614561543,723.6023054309306
0.17834308769319093,1.0,0.000158,1.0,0.0007,1.6445506941612058,0.030114460614561543,1381.4225830954128
0.17834308769319093,1.0,0.0002,1.0,0.001,1.6445506941612058,0.030114460614561543,1973.4608329934472
0.17834308769319093,1.0,0.000251,1.0,0.0014666666666666667,1.6445506941612058,0.030114460614561543,2894.4092217237226
0.17834308769319093,1.0,0.000316,1.0,0.0017333333333333333,1.6445506941612058,0.030114460614561543,3420.6654438553082
0.17834308769319093,1.0,0.000398,1.0,0.003266666666666667,1.6445506941612058,0.030114460614561543,6446.638721111928
0.17834308769319093,1.0,0.000501,1.0,0.005033333333333333,1.6445506941612058,0.030114460614561543,9933.086192733685
0.17834308769319093,1.0,0.000631,1.0,0.006166666666666667,1.6445506941612058,0.030114460614561543,12169.675136792925
0.17834308769319093,1.0,0.000794,1.0,0.008366666666666666,1.6445506941612058,0.030114460614561543,16511.288969378507
0.17834308769319093,1.0,0.001,1.0,0.007266666666666667,1.6445506941612058,0.030114460614561543,14340.482053085718
0.17834308769319093,1.0,0.00126,1.0,0.0081,1.6445506941612058,0.030114460614561543,15985.03274724692
0.17834308769319093,1.0,0.00158,1.0,0.004066666666666666,1.6445506941612058,0.030114460614561543,8025.407387506684
0.17834308769319093,1.0,0.002,1.0,0.0021,1.6445506941612058,0.030114460614561543,4144.2677492862385
0.17834308769319093,1.0,0.00251,1.0,0.0006666666666666666,1.6445506941612058,0.030114460614561543,1315.6405553289649
0.17834308769319093,1.0,0.00316,1.0,6.666666666666667e-05,1.6445506941612058,0.030114460614561543,131.5640555328965
0.17834308769319093,1.0,0.00398,1.0,6.666666666666667e-05,1.6445506941612058,0.030114460614561543,131.5640555328965
0.17834308769319093,1.0,0.00501,1.0,0.0,1.6445506941612058,0.030114460614561543,0.0
0.17834308769319093,1.0,0.00631,1.0,0.0,1.6445506941612058,0.030114460614561543,0.0
0.1867913599020783,1.0,1e-06,1.0,0.0,1.798795059664564,0.03293893169134891,0.0
0.1867913599020783,1.0,1.26e-06,1.0,0.0,1.798795059664564,0.03293893169134891,0.0
0.1867913599020783,1.0,1.58e-06,1.0,0.0,1.798795059664564,0.03293893169134891,0.0
0.1867913599020783,1.0,2e-06,1.0,0.0,1.798795059664564,0.03293893169134891,0.0
0.1867913599020783,1.0,2.51e-06,1.0,0.0,1.798795059664564,0.03293893169134891,0.0
0.1867913599020783,1.0,3.16e-06,1.0,0.0,1.798795059664564,0.03293893169134891,0.0
0.1867913599020783,1.0,3.98e-06,1.0,0.0,1.798795059664564,0.03293893169134891,0.0
0.1867913599020783,1.0,5.01e-06,1.0,0.0,1.798795059664564,0.03293893169134891,0.0
0.1867913599020783,1.0,6.31e-06,1.0,0.0,1.798795059664564,0.03293893169134891,0.0
0.1867913599020783,1.0,7.94e-06,1.0,0.0,1.798795059664564,0.03293893169134891,0.0
0.1867913599020783,1.0,1e-05,1.0,0.0,1.798795059664564,0.03293893169134891,0.0
0.1867913599020783,1.0,1.26e-05,1.0,0.0,1.798795059664564,0.03293893169134891,0.0
0.1867913599020783,1.0,1.58e-05,1.0,0.0,1.798795059664564,0.03293893169134891,0.0
0.1867913599020783,1.0,2e-05,1.0,3.3333333333333335e-05,1.798795059664564,0.03293893169134891,71.95180238658257
0.1867913599020783,1.0,2.51e-05,1.0,0.0,1.798795059664564,0.03293893169134891,0.0
0.1867913599020783,1.0,3.16e-05,1.0,3.3333333333333335e-05,1.798795059664564,0.03293893169134891,71.95180238658257
0.1867913599020783,1.0,3.98e-05,1.0,0.0,1.798795059664564,0.03293893169134891,0.0
0.1867913599020783,1.0,5.01e-05,1.0,0.0001,1.798795059664564,0.03293893169134891,215.85540715974773
0.1867913599020783,1.0,6.31e-05,1.0,0.00016666666666666666,1.798795059664564,0.03293893169134891,359.75901193291287
0.1867913599020783,1.0,7.94e-05,1.0,6.666666666666667e-05,1.798795059664564,0.03293893169134891,143.90360477316514
0.1867913599020783,1.0,0.0001,1.0,0.0002666666666666667,1.798795059664564,0.03293893169134891,575.6144190926606
0.1867913599020783,1.0,0.000126,1.0,0.00036666666666666667,1.798795059664564,0.03293893169134891,791.4698262524083
0.1867913599020783,1.0,0.000158,1.0,0.0007,1.798795059664564,0.03293893169134891,1510.9878501182338
0.1867913599020783,1.0,0.0002,1.0,0.001,1.798795059664564,0.03293893169134891,2158.554071597477
0.1867913599020783,1.0,0.000251,1.0,0.0014666666666666667,1.798795059664564,0.03293893169134891,3165.8793050096333
0.1867913599020783,1.0,0.000316,1.0,0.0017333333333333333,1.798795059664564,0.03293893169134891,3741.4937241022935
0.1867913599020783,1.0,0.000398,1.0,0.003266666666666667,1.798795059664564,0.03293893169134891,7051.276633885092
0.1867913599020783,1.0,0.000501,1.0,0.005033333333333333,1.798795059664564,0.03293893169134891,10864.722160373967
0.1867913599020783,1.0,0.000631,1.0,0.006166666666666667,1.798795059664564,0.03293893169134891,13311.083441517776
0.1867913599020783,1.0,0.000794,1.0,0.008366666666666666,1.798795059664564,0.03293893169134891,18059.902399032228
0.1867913599020783,1.0,0.001,1.0,0.007266666666666667,1.798795059664564,0.03293893169134891,15685.492920275
0.1867913599020783,1.0,0.00126,1.0,0.0081,1.798795059664564,0.03293893169134891,17484.287979939563
0.1867913599020783,1.0,0.00158,1.0,0.004066666666666666,1.798795059664564,0.03293893169134891,8778.119891163073
0.1867913599020783,1.0,0.002,1.0,0.0021,1.798795059664564,0.03293893169134891,4532.963550354702
0.1867913599020783,1.0,0.00251,1.0,0.0006666666666666666,1.798795059664564,0.03293893169134891,1439.0360477316515
0.1867913599020783,1.0,0.00316,1.0,6.666666666666667e-05,1.798795059664564,0.03293893169134891,143.90360477316514
0.1867913599020783,1.0,0.00398,1.0,6.666666666666667e-05,1.798795059664564,0.03293893169134891,143.90360477316514
0.1867913599020783,1.0,0.00501,1.0,0.0,1.798795059664564,0.03293893169134891,0.0
0.1867913599020783,1.0,0.00631,1.0,0.0,1.798795059664564,0.03293893169134891,0.0
0.19563983435170648,1.0,1e-06,1.0,0.0,1.9669689379413826,0.036018475333114496,0.0
0.19563983435170648,1.0,1.26e-06,1.0,0.0,1.9669689379413826,0.036018475333114496,0.0
0.19563983435170648,1.0,1.58e-06,1.0,0.0,1.9669689379413826,0.036018475333114496,0.0
0.19563983435170648,1.0,2e-06,1.0,0.0,1.9669689379413826,0.036018475333114496,0.0
0.19563983435170648,1.0,2.51e-06,1.0,0.0,1.9669689379413826,0.036018475333114496,0.0
0.19563983435170648,1.0,3.16e-06,1.0,0.0,1.9669689379413826,0.036018475333114496,0.0
0.19563983435170648,1.0,3.98e-06,1.0,0.0,1.9669689379413826,0.036018475333114496,0.0
0.19563983435170648,1.0,5.01e-06,1.0,0.0,1.9669689379413826,0.036018475333114496,0.0
0.19563983435170648,1.0,6.31e-06,1.0,0.0,1.9669689379413826,0.036018475333114496,0.0
0.19563983435170648,1.0,7.94e-06,1.0,0.0,1.9669689379413826,0.036018475333114496,0.0
0.19563983435170648,1.0,1e-05,1.0,0.0,1.9669689379413826,0.036018475333114496,0.0
0.19563983435170648,1.0,1.26e-05,1.0,0.0,1.9669689379413826,0.036018475333114496,0.0
0.19563983435170648,1.0,1.58e-05,1.0,0.0,1.9669689379413826,0.036018475333114496,0.0
0.19563983435170648,1.0,2e-05,1.0,3.3333333333333335e-05,1.9669689379413826,0.036018475333114496,78.67875751765531
0.19563983435170648,1.0,2.51e-05,1.0,0.0,1.9669689379413826,0.036018475333114496,0.0
0.19563983435170648,1.0,3.16e-05,1.0,3.3333333333333335e-05,1.9669689379413826,0.036018475333114496,78.67875751765531
0.19563983435170648,1.0,3.98e-05,1.0,0.0,1.9669689379413826,0.036018475333114496,0.0
0.19563983435170648,1.0,5.01e-05,1.0,0.0001,1.9669689379413826,0.036018475333114496,236.03627255296593
0.19563983435170648,1.0,6.31e-05,1.0,0.00016666666666666666,1.9669689379413826,0.036018475333114496,393.39378758827655
0.19563983435170648,1.0,7.94e-05,1.0,6.666666666666667e-05,1.9669689379413826,0.036018475333114496,157.35751503531063
0.19563983435170648,1.0,0.0001,1.0,0.0002666666666666667,1.9669689379413826,0.036018475333114496,629.4300601412425
0.19563983435170648,1.0,0.000126,1.0,0.00036666666666666667,1.9669689379413826,0.036018475333114496,865.4663326942084
0.19563983435170648,1.0,0.000158,1.0,0.0007,1.9669689379413826,0.036018475333114496,1652.2539078707614
0.19563983435170648,1.0,0.0002,1.0,0.001,1.9669689379413826,0.036018475333114496,2360.362725529659
0.19563983435170648,1.0,0.000251,1.0,0.0014666666666666667,1.9669689379413826,0.036018475333114496,3461.8653307768336
0.19563983435170648,1.0,0.000316,1.0,0.0017333333333333333,1.9669689379413826,0.036018475333114496,4091.295390918076
0.19563983435170648,1.0,0.000398,1.0,0.003266666666666667,1.9669689379413826,0.036018475333114496,7710.51823673022
0.19563983435170648,1.0,0.000501,1.0,0.005033333333333333,1.9669689379413826,0.036018475333114496,11880.492385165951
0.19563983435170648,1.0,0.000631,1.0,0.006166666666666667,1.9669689379413826,0.036018475333114496,14555.57014076623
0.19563983435170648,1.0,0.000794,1.0,0.008366666666666666,1.9669689379413826,0.036018475333114496,19748.368136931484
0.19563983435170648,1.0,0.001,1.0,0.007266666666666667,1.9669689379413826,0.036018475333114496,17151.969138848857
0.19563983435170648,1.0,0.00126,1.0,0.0081,1.9669689379413826,0.036018475333114496,19118.93807679024
0.19563983435170648,1.0,0.00158,1.0,0.004066666666666666,1.9669689379413826,0.036018475333114496,9598.808417153947
0.19563983435170648,1.0,0.002,1.0,0.0021,1.9669689379413826,0.036018475333114496,4956.761723612284
0.19563983435170648,1.0,0.00251,1.0,0.0006666666666666666,1.9669689379413826,0.036018475333114496,1573.5751503531062
0.19563983435170648,1.0,0.00316,1.0,6.666666666666667e-05,1.9669689379413826,0.036018475333114496,157.35751503531063
0.19563983435170648,1.0,0.00398,1.0,6.666666666666667e-05,1.9669689379413826,0.036018475333114496,157.35751503531063
0.19563983435170648,1.0,0.00501,1.0,0.0,1.9669689379413826,0.036018475333114496,0.0
0.19563983435170648,1.0,0.00631,1.0,0.0,1.9669689379413826,0.036018475333114496,0.0
0.20490746898158482,1.0,1e-06,1.0,0.0,2.1502256483407423,0.03937421073687497,0.0
0.20490746898158482,1.0,1.26e-06,1.0,0.0,2.1502256483407423,0.03937421073687497,0.0
0.20490746898158482,1.0,1.58e-06,1.0,0.0,2.1502256483407423,0.03937421073687497,0.0
0.20490746898158482,1.0,2e-06,1.0,0.0,2.1502256483407423,0.03937421073687497,0.0
0.20490746898158482,1.0,2.51e-06,1.0,0.0,2.1502256483407423,0.03937421073687497,0.0
0.20490746898158482,1.0,3.16e-06,1.0,0.0,2.1502256483407423,0.03937421073687497,0.0
0.20490746898158482,1.0,3.98e-06,1.0,0.0,2.1502256483407423,0.03937421073687497,0.0
0.20490746898158482,1.0,5.01e-06,1.0,0.0,2.1502256483407423,0.03937421073687497,0.0
0.20490746898158482,1.0,6.31e-06,1.0,0.0,2.1502256483407423,0.03937421073687497,0.0
0.20490746898158482,1.0,7.94e-06,1.0,0.0,2.1502256483407423,0.03937421073687497,0.0
0.20490746898158482,1.0,1e-05,1.0,0.0,2.1502256483407423,0.03937421073687497,0.0
0.20490746898158482,1.0,1.26e-05,1.0,0.0,2.1502256483407423,0.03937421073687497,0.0
0.20490746898158482,1.0,1.58e-05,1.0,0.0,2.1502256483407423,0.03937421073687497,0.0
0.20490746898158482,1.0,2e-05,1.0,3.3333333333333335e-05,2.1502256483407423,0.03937421073687497,86.00902593362969
0.20490746898158482,1.0,2.51e-05,1.0,0.0,2.1502256483407423,0.03937421073687497,0.0
0.20490746898158482,1.0,3.16e-05,1.0,3.3333333333333335e-05,2.1502256483407423,0.03937421073687497,86.00902593362969
0.20490746898158482,1.0,3.98e-05,1.0,0.0,2.1502256483407423,0.03937421073687497,0.0
0.20490746898158482,1.0,5.01e-05,1.0,0.0001,2.1502256483407423,0.03937421073687497,258.0270778008891
0.20490746898158482,1.0,6.31e-05,1.0,0.00016666666666666666,2.1502256483407423,0.03937421073687497,430.0451296681484
0.20490746898158482,1.0,7.94e-05,1.0,6.666666666666667e-05,2.1502256483407423,0.03937421073687497,172.01805186725937
0.20490746898158482,1.0,0.0001,1.0,0.0002666666666666667,2.1502256483407423,0.03937421073687497,688.0722074690375
0.20490746898158482,1.0,0.000126,1.0,0.00036666666666666667,2.1502256483407423,0.03937421073687497,946.0992852699267
0.20490746898158482,1.0,0.000158,1.0,0.0007,2.1502256483407423,0.03937421073687497,1806.1895446062235
0.20490746898158482,1.0,0.0002,1.0,0.001,2.1502256483407423,0.03937421073687497,2580.270778008891
0.20490746898158482,1.0,0.000251,1.0,0.0014666666666666667,2.1502256483407423,0.03937421073687497,3784.3971410797067
0.20490746898158482,1.0,0.000316,1.0,0.0017333333333333333,2.1502256483407423,0.03937421073687497,4472.469348548743
0.20490746898158482,1.0,0.000398,1.0,0.003266666666666667,2.1502256483407423,0.03937421073687497,8428.884541495709
0.20490746898158482,1.0,0.000501,1.0,0.005033333333333333,2.1502256483407423,0.03937421073687497,12987.362915978083
0.20490746898158482,1.0,0.000631,1.0,0.006166666666666667,2.1502256483407423,0.03937421073687497,15911.669797721492
0.20490746898158482,1.0,0.000794,1.0,0.008366666666666666,2.1502256483407423,0.03937421073687497,21588.26550934105
0.20490746898158482,1.0,0.001,1.0,0.007266666666666667,2.1502256483407423,0.03937421073687497,18749.967653531272
0.20490746898158482,1.0,0.00126,1.0,0.0081,2.1502256483407423,0.03937421073687497,20900.193301872016
0.20490746898158482,1.0,0.00158,1.0,0.004066666666666666,2.1502256483407423,0.03937421073687497,10493.101163902822
0.20490746898158482,1.0,0.002,1.0,0.0021,2.1502256483407423,0.03937421073687497,5418.568633818671
0.20490746898158482,1.0,0.00251,1.0,0.0006666666666666666,2.1502256483407423,0.03937421073687497,1720.1805186725935
0.20490746898158482,1.0,0.00316,1.0,6.666666666666667e-05,2.1502256483407423,0.03937421073687497,172.01805186725937
0.20490746898158482,1.0,0.00398,1.0,6.666666666666667e-05,2.1502256483407423,0.03937421073687497,172.01805186725937
0.20490746898158482,1.0,0.00501,1.0,0.0,2.1502256483407423,0.03937421073687497,0.0
0.20490746898158482,1.0,0.00631,1.0,0.0,2.1502256483407423,0.03937421073687497,0.0
0.21461411978584036,1.0,1e-06,1.0,0.0,2.349793748887907,0.04302863484504499,0.0
0.21461411978584036,1.0,1.26e-06,1.0,0.0,2.349793748887907,0.04302863484504499,0.0
0.21461411978584036,1.0,1.58e-06,1.0,0.0,2.349793748887907,0.04302863484504499,0.0
0.21461411978584036,1.0,2e-06,1.0,0.0,2.349793748887907,0.04302863484504499,0.0
0.21461411978584036,1.0,2.51e-06,1.0,0.0,2.349793748887907,0.04302863484504499,0.0
0.21461411978584036,1.0,3.16e-06,1.0,0.0,2.349793748887907,0.04302863484504499,0.0
0.21461411978584036,1.0,3.98e-06,1.0,0.0,2.349793748887907,0.04302863484504499,0.0
0.21461411978584036,1.0,5.01e-06,1.0,0.0,2.349793748887907,0.04302863484504499,0.0
0.21461411978584036,1.0,6.31e-06,1.0,0.0,2.349793748887907,0.04302863484504499,0.0
0.21461411978584036,1.0,7.94e-06,1.0,0.0,2.349793748887907,0.04302863484504499,0.0
0.21461411978584036,1.0,1e-05,1.0,0.0,2.349793748887907,0.04302863484504499,0.0
0.21461411978584036,1.0,1.26e-05,1.0,0.0,2.349793748887907,0.04302863484504499,0.0
0.21461411978584036,1.0,1.58e-05,1.0,0.0,2.349793748887907,0.04302863484504499,0.0
0.21461411978584036,1.0,2e-05,1.0,3.3333333333333335e-05,2.349793748887907,0.04302863484504499,93.99174995551628
0.21461411978584036,1.0,2.51e-05,1.0,0.0,2.349793748887907,0.04302863484504499,0.0
0.21461411978584036,1.0,3.16e-05,1.0,3.3333333333333335e-05,2.349793748887907,0.04302863484504499,93.99174995551628
0.21461411978584036,1.0,3.98e-05,1.0,0.0,2.349793748887907,0.04302863484504499,0.0
0.21461411978584036,1.0,5.01e-05,1.0,0.0001,2.349793748887907,0.04302863484504499,281.97524986654884
0.21461411978584036,1.0,6.31e-05,1.0,0.00016666666666666666,2.349793748887907,0.04302863484504499,469.9587497775813
0.21461411978584036,1.0,7.94e-05,1.0,6.666666666666667e-05,2.349793748887907,0.04302863484504499,187.98349991103257
0.21461411978584036,1.0,0.0001,1.0,0.0002666666666666667,2.349793748887907,0.04302863484504499,751.9339996441303
0.21461411978584036,1.0,0.000126,1.0,0.00036666666666666667,2.349793748887907,0.04302863484504499,1033.909249510679
0.21461411978584036,1.0,0.000158,1.0,0.0007,2.349793748887907,0.04302863484504499,1973.8267490658418
0.21461411978584036,1.0,0.0002,1.0,0.001,2.349793748887907,0.04302863484504499,2819.752498665488
0.21461411978584036,1.0,0.000251,1.0,0.0014666666666666667,2.349793748887907,0.04302863484504499,4135.636998042716
0.21461411978584036,1.0,0.000316,1.0,0.0017333333333333333,2.349793748887907,0.04302863484504499,4887.570997686846
0.21461411978584036,1.0,0.000398,1.0,0.003266666666666667,2.349793748887907,0.04302863484504499,9211.191495640594
0.21461411978584036,1.0,0.000501,1.0,0.005033333333333333,2.349793748887907,0.04302863484504499,14192.754243282958
0.21461411978584036,1.0,0.000631,1.0,0.006166666666666667,2.349793748887907,0.04302863484504499,17388.47374177051
0.21461411978584036,1.0,0.000794,1.0,0.008366666666666666,2.349793748887907,0.04302863484504499,23591.929238834586
0.21461411978584036,1.0,0.001,1.0,0.007266666666666667,2.349793748887907,0.04302863484504499,20490.20149030255
0.21461411978584036,1.0,0.00126,1.0,0.0081,2.349793748887907,0.04302863484504499,22839.99523919045
0.21461411978584036,1.0,0.00158,1.0,0.004066666666666666,2.349793748887907,0.04302863484504499,11466.993494572984
0.21461411978584036,1.0,0.002,1.0,0.0021,2.349793748887907,0.04302863484504499,5921.480247197525
0.21461411978584036,1.0,0.00251,1.0,0.0006666666666666666,2.349793748887907,0.04302863484504499,1879.8349991103253
0.21461411978584036,1.0,0.00316,1.0,6.666666666666667e-05,2.349793748887907,0.04302863484504499,187.98349991103257
0.21461411978584036,1.0,0.00398,1.0,6.666666666666667e-05,2.349793748887907,0.04302863484504499,187.98349991103257
0.21461411978584036,1.0,0.00501,1.0,0.0,2.349793748887907,0.04302863484504499,0.0
0.21461411978584036,1.0,0.00631,1.0,0.0,2.349793748887907,0.04302863484504499,0.0
0.22478058335487253,1.0,1e-06,1.0,0.0,2.566977944187908,0.047005638970663025,0.0
0.22478058335487253,1.0,1.26e-06,1.0,0.0,2.566977944187908,0.047005638970663025,0.0
0.22478058335487253,1.0,1.58e-06,1.0,0.0,2.566977944187908,0.047005638970663025,0.0
0.22478058335487253,1.0,2e-06,1.0,0.0,2.566977944187908,0.047005638970663025,0.0
0.22478058335487253,1.0,2.51e-06,1.0,0.0,2.566977944187908,0.047005638970663025,0.0
0.22478058335487253,1.0,3.16e-06,1.0,0.0,2.566977944187908,0.047005638970663025,0.0
0.22478058335487253,1.0,3.98e-06,1.0,0.0,2.566977944187908,0.047005638970663025,0.0
0.22478058335487253,1.0,5.01e-06,1.0,0.0,2.566977944187908,0.047005638970663025,0.0
0.22478058335487253,1.0,6.31e-06,1.0,0.0,2.566977944187908,0.047005638970663025,0.0
0.22478058335487253,1.0,7.94e-06,1.0,0.0,2.566977944187908,0.047005638970663025,0.0
0.22478058335487253,1.0,1e-05,1.0,0.0,2.566977944187908,0.047005638970663025,0.0
0.22478058335487253,1.0,1.26e-05,1.0,0.0,2.566977944187908,0.047005638970663025,0.0
0.22478058335487253,1.0,1.58e-05,1.0,0.0,2.566977944187908,0.047005638970663025,0.0
0.22478058335487253,1.0,2e-05,1.0,3.3333333333333335e-05,2.566977944187908,0.047005638970663025,102.67911776751633
0.22478058335487253,1.0,2.51e-05,1.0,0.0,2.566977944187908,0.047005638970663025,0.0
0.22478058335487253,1.0,3.16e-05,1.0,3.3333333333333335e-05,2.566977944187908,0.047005638970663025,102.67911776751633
0.22478058335487253,1.0,3.98e-05,1.0,0.0,2.566977944187908,0.047005638970663025,0.0
0.22478058335487253,1.0,5.01e-05,1.0,0.0001,2.566977944187908,0.047005638970663025,308.037353302549
0.22478058335487253,1.0,6.31e-05,1.0,0.00016666666666666666,2.566977944187908,0.047005638970663025,513.3955888375816
0.22478058335487253,1.0,7.94e-05,1.0,6.666666666666667e-05,2.566977944187908,0.047005638970663025,205.35823553503266
0.22478058335487253,1.0,0.0001,1.0,0.0002666666666666667,2.566977944187908,0.047005638970663025,821.4329421401306
0.22478058335487253,1.0,0.000126,1.0,0.00036666666666666667,2.566977944187908,0.047005638970663025,1129.4702954426796
0.22478058335487253,1.0,0.000158,1.0,0.0007,2.566977944187908,0.047005638970663025,2156.261473117843
0.22478058335487253,1.0,0.0002,1.0,0.001,2.566977944187908,0.047005638970663025,3080.3735330254895
0.22478058335487253,1.0,0.000251,1.0,0.0014666666666666667,2.566977944187908,0.047005638970663025,4517.881181770718
0.22478058335487253,1.0,0.000316,1.0,0.0017333333333333333,2.566977944187908,0.047005638970663025,5339.314123910848
0.22478058335487253,1.0,0.000398,1.0,0.003266666666666667,2.566977944187908,0.047005638970663025,10062.5535412166
0.22478058335487253,1.0,0.000501,1.0,0.005033333333333333,2.566977944187908,0.047005638970663025,15504.546782894962
0.22478058335487253,1.0,0.000631,1.0,0.006166666666666667,2.566977944187908,0.047005638970663025,18995.63678699052
0.22478058335487253,1.0,0.000794,1.0,0.008366666666666666,2.566977944187908,0.047005638970663025,25772.458559646595
0.22478058335487253,1.0,0.001,1.0,0.007266666666666667,2.566977944187908,0.047005638970663025,22384.04767331856
0.22478058335487253,1.0,0.00126,1.0,0.0081,2.566977944187908,0.047005638970663025,24951.025617506464
0.22478058335487253,1.0,0.00158,1.0,0.004066666666666666,2.566977944187908,0.047005638970663025,12526.85236763699
0.22478058335487253,1.0,0.002,1.0,0.0021,2.566977944187908,0.047005638970663025,6468.7844193535275
0.22478058335487253,1.0,0.00251,1.0,0.0006666666666666666,2.566977944187908,0.047005638970663025,2053.5823553503265
0.22478058335487253,1.0,0.00316,1.0,6.666666666666667e-05,2.566977944187908,0.047005638970663025,205.35823553503266
0.22478058335487253,1.0,0.00398,1.0,6.666666666666667e-05,2.566977944187908,0.047005638970663025,205.35823553503266
0.22478058335487253,1.0,0.00501,1.0,0.0,2.566977944187908,0.047005638970663025,0.0
0.22478058335487253,1.0,0.00631,1.0,0.0,2.566977944187908,0.047005638970663025,0.0
0.2354286414322418,1.0,1e-06,1.0,0.0,2.8031590840709955,0.05133050877258736,0.0
0.2354286414322418,1.0,1.26e-06,1.0,0.0,2.8031590840709955,0.05133050877258736,0.0
0.2354286414322418,1.0,1.58e-06,1.0,0.0,2.8031590840709955,0.05133050877258736,0.0
0.2354286414322418,1.0,2e-06,1.0,0.0,2.8031590840709955,0.05133050877258736,0.0
0.2354286414322418,1.0,2.51e-06,1.0,0.0,2.8031590840709955,0.05133050877258736,0.0
0.2354286414322418,1.0,3.16e-06,1.0,0.0,2.8031590840709955,0.05133050877258736,0.0
0.2354286414322418,1.0,3.98e-06,1.0,0.0,2.8031590840709955,0.05133050877258736,0.0
0.2354286414322418,1.0,5.01e-06,1.0,0.0,2.8031590840709955,0.05133050877258736,0.0
0.2354286414322418,1.0,6.31e-06,1.0,0.0,2.8031590840709955,0.05133050877258736,0.0
0.2354286414322418,1.0,7.94e-06,1.0,0.0,2.8031590840709955,0.05133050877258736,0.0
0.2354286414322418,1.0,1e-05,1.0,0.0,2.8031590840709955,0.05133050877258736,0.0
0.2354286414322418,1.0,1.26e-05,1.0,0.0,2.8031590840709955,0.05133050877258736,0.0
0.2354286414322418,1.0,1.58e-05,1.0,0.0,2.8031590840709955,0.05133050877258736,0.0
0.2354286414322418,1.0,2e-05,1.0,3.3333333333333335e-05,2.8031590840709955,0.05133050877258736,112.12636336283984
0.2354286414322418,1.0,2.51e-05,1.0,0.0,2.8031590840709955,0.05133050877258736,0.0
0.2354286414322418,1.0,3.16e-05,1.0,3.3333333333333335e-05,2.8031590840709955,0.05133050877258736,112.12636336283984
0.2354286414322418,1.0,3.98e-05,1.0,0.0,2.8031590840709955,0.05133050877258736,0.0
0.2354286414322418,1.0,5.01e-05,1.0,0.0001,2.8031590840709955,0.05133050877258736,336.3790900885195
0.2354286414322418,1.0,6.31e-05,1.0,0.00016666666666666666,2.8031590840709955,0.05133050877258736,560.6318168141992
0.2354286414322418,1.0,7.94e-05,1.0,6.666666666666667e-05,2.8031590840709955,0.05133050877258736,224.25272672567968
0.2354286414322418,1.0,0.0001,1.0,0.0002666666666666667,2.8031590840709955,0.05133050877258736,897.0109069027187
0.2354286414322418,1.0,0.000126,1.0,0.00036666666666666667,2.8031590840709955,0.05133050877258736,1233.3899969912381
0.2354286414322418,1.0,0.000158,1.0,0.0007,2.8031590840709955,0.05133050877258736,2354.6536306196363
0.2354286414322418,1.0,0.0002,1.0,0.001,2.8031590840709955,0.05133050877258736,3363.790900885195
0.2354286414322418,1.0,0.000251,1.0,0.0014666666666666667,2.8031590840709955,0.05133050877258736,4933.559987964953
0.2354286414322418,1.0,0.000316,1.0,0.0017333333333333333,2.8031590840709955,0.05133050877258736,5830.57089486767
0.2354286414322418,1.0,0.000398,1.0,0.003266666666666667,2.8031590840709955,0.05133050877258736,10988.383609558303
0.2354286414322418,1.0,0.000501,1.0,0.005033333333333333,2.8031590840709955,0.05133050877258736,16931.080867788813
0.2354286414322418,1.0,0.000631,1.0,0.006166666666666667,2.8031590840709955,0.05133050877258736,20743.377222125368
0.2354286414322418,1.0,0.000794,1.0,0.008366666666666666,2.8031590840709955,0.05133050877258736,28143.717204072793
0.2354286414322418,1.0,0.001,1.0,0.007266666666666667,2.8031590840709955,0.05133050877258736,24443.547213099082
0.2354286414322418,1.0,0.00126,1.0,0.0081,2.8031590840709955,0.05133050877258736,27246.706297170076
0.2354286414322418,1.0,0.00158,1.0,0.004066666666666666,2.8031590840709955,0.05133050877258736,13679.416330266456
0.2354286414322418,1.0,0.002,1.0,0.0021,2.8031590840709955,0.05133050877258736,7063.960891858907
0.2354286414322418,1.0,0.00251,1.0,0.0006666666666666666,2.8031590840709955,0.05133050877258736,2242.5272672567967
0.2354286414322418,1.0,0.00316,1.0,6.666666666666667e-05,2.8031590840709955,0.05133050877258736,224.25272672567968
0.2354286414322418,1.0,0.00398,1.0,6.666666666666667e-05,2.8031590840709955,0.05133050877258736,224.25272672567968
0.2354286414322418,1.0,0.00501,1.0,0.0,2.8031590840709955,0.05133050877258736,0.0
0.2354286414322418,1.0,0.00631,1.0,0.0,2.8031590840709955,0.05133050877258736,0.0
0.2465811075822604,1.0,1e-06,1.0,0.0,3.059793043885247,0.05602990375178991,0.0
0.2465811075822604,1.0,1.26e-06,1.0,0.0,3.059793043885247,0.05602990375178991,0.0
0.2465811075822604,1.0,1.58e-06,1.0,0.0,3.059793043885247,0.05602990375178991,0.0
0.2465811075822604,1.0,2e-06,1.0,0.0,3.059793043885247,0.05602990375178991,0.0
0.2465811075822604,1.0,2.51e-06,1.0,0.0,3.059793043885247,0.05602990375178991,0.0
0.2465811075822604,1.0,3.16e-06,1.0,0.0,3.059793043885247,0.05602990375178991,0.0
0.2465811075822604,1.0,3.98e-06,1.0,0.0,3.059793043885247,0.05602990375178991,0.0
0.2465811075822604,1.0,5.01e-06,1.0,0.0,3.059793043885247,0.05602990375178991,0.0
0.2465811075822604,1.0,6.31e-06,1.0,0.0,3.059793043885247,0.05602990375178991,0.0
0.2465811075822604,1.0,7.94e-06,1.0,0.0,3.059793043885247,0.05602990375178991,0.0
0.2465811075822604,1.0,1e-05,1.0,0.0,3.059793043885247,0.05602990375178991,0.0
0.2465811075822604,1.0,1.26e-05,1.0,0.0,3.059793043885247,0.05602990375178991,0.0
0.2465811075822604,1.0,1.58e-05,1.0,0.0,3.059793043885247,0.05602990375178991,0.0
0.2465811075822604,1.0,2e-05,1.0,3.3333333333333335e-05,3.059793043885247,0.05602990375178991,122.39172175540989
0.2465811075822604,1.0,2.51e-05,1.0,0.0,3.059793043885247,0.05602990375178991,0.0
0.2465811075822604,1.0,3.16e-05,1.0,3.3333333333333335e-05,3.059793043885247,0.05602990375178991,122.39172175540989
0.2465811075822604,1.0,3.98e-05,1.0,0.0,3.059793043885247,0.05602990375178991,0.0
0.2465811075822604,1.0,5.01e-05,1.0,0.0001,3.059793043885247,0.05602990375178991,367.17516526622967
0.2465811075822604,1.0,6.31e-05,1.0,0.00016666666666666666,3.059793043885247,0.05602990375178991,611.9586087770494
0.2465811075822604,1.0,7.94e-05,1.0,6.666666666666667e-05,3.059793043885247,0.05602990375178991,244.78344351081978
0.2465811075822604,1.0,0.0001,1.0,0.0002666666666666667,3.059793043885247,0.05602990375178991,979.1337740432791
0.2465811075822604,1.0,0.000126,1.0,0.00036666666666666667,3.059793043885247,0.05602990375178991,1346.3089393095088
0.2465811075822604,1.0,0.000158,1.0,0.0007,3.059793043885247,0.05602990375178991,2570.2261568636077
0.2465811075822604,1.0,0.0002,1.0,0.001,3.059793043885247,0.05602990375178991,3671.7516526622967
0.2465811075822604,1.0,0.000251,1.0,0.0014666666666666667,3.059793043885247,0.05602990375178991,5385.235757238035
0.2465811075822604,1.0,0.000316,1.0,0.0017333333333333333,3.059793043885247,0.05602990375178991,6364.369531281314
0.2465811075822604,1.0,0.000398,1.0,0.003266666666666667,3.059793043885247,0.05602990375178991,11994.388732030171
0.2465811075822604,1.0,0.000501,1.0,0.005033333333333333,3.059793043885247,0.05602990375178991,18481.14998506689
0.2465811075822604,1.0,0.000631,1.0,0.006166666666666667,3.059793043885247,0.05602990375178991,22642.46852475083
0.2465811075822604,1.0,0.000794,1.0,0.008366666666666666,3.059793043885247,0.05602990375178991,30720.32216060788
0.2465811075822604,1.0,0.001,1.0,0.007266666666666667,3.059793043885247,0.05602990375178991,26681.39534267936
0.2465811075822604,1.0,0.00126,1.0,0.0081,3.059793043885247,0.05602990375178991,29741.188386564605
0.2465811075822604,1.0,0.00158,1.0,0.004066666666666666,3.059793043885247,0.05602990375178991,14931.790054160005
0.2465811075822604,1.0,0.002,1.0,0.0021,3.059793043885247,0.05602990375178991,7710.678470590823
0.2465811075822604,1.0,0.00251,1.0,0.0006666666666666666,3.059793043885247,0.05602990375178991,2447.834435108198
0.2465811075822604,1.0,0.00316,1.0,6.666666666666667e-05,3.059793043885247,0.05602990375178991,244.78344351081978
0.2465811075822604,1.0,0.00398,1.0,6.666666666666667e-05,3.059793043885247,0.05602990375178991,244.78344351081978
0.2465811075822604,1.0,0.00501,1.0,0.0,3.059793043885247,0.05602990375178991,0.0
0.2465811075822604,1.0,0.00631,1.0,0.0,3.059793043885247,0.05602990375178991,0.0
0.2582618760682677,1.0,1e-06,1.0,0.0,3.3384082529158756,0.06113181199259981,0.0
0.2582618760682677,1.0,1.26e-06,1.0,0.0,3.3384082529158756,0.06113181199259981,0.0
0.2582618760682677,1.0,1.58e-06,1.0,0.0,3.3384082529158756,0.06113181199259981,0.0
0.2582618760682677,1.0,2e-06,1.0,0.0,3.3384082529158756,0.06113181199259981,0.0
0.2582618760682677,1.0,2.51e-06,1.0,0.0,3.3384082529158756,0.06113181199259981,0.0
0.2582618760682677,1.0,3.16e-06,1.0,0.0,3.3384082529158756,0.06113181199259981,0.0
0.2582618760682677,1.0,3.98e-06,1.0,0.0,3.3384082529158756,0.06113181199259981,0.0
0.2582618760682677,1.0,5.01e-06,1.0,0.0,3.3384082529158756,0.06113181199259981,0.0
0.2582618760682677,1.0,6.31e-06,1.0,0.0,3.3384082529158756,0.06113181199259981,0.0
0.2582618760682677,1.0,7.94e-06,1.0,0.0,3.3384082529158756,0.06113181199259981,0.0
0.2582618760682677,1.0,1e-05,1.0,0.0,3.3384082529158756,0.06113181199259981,0.0
0.2582618760682677,1.0,1.26e-05,1.0,0.0,3.3384082529158756,0.06113181199259981,0.0
0.2582618760682677,1.0,1.58e-05,1.0,0.0,3.3384082529158756,0.06113181199259981,0.0
0.2582618760682677,1.0,2e-05,1.0,3.3333333333333335e-05,3.3384082529158756,0.06113181199259981,133.53633011663504
0.2582618760682677,1.0,2.51e-05,1.0,0.0,3.3384082529158756,0.06113181199259981,0.0
0.2582618760682677,1.0,3.16e-05,1.0,3.3333333333333335e-05,3.3384082529158756,0.06113181199259981,133.53633011663504
0.2582618760682677,1.0,3.98e-05,1.0,0.0,3.3384082529158756,0.06113181199259981,0.0
0.2582618760682677,1.0,5.01e-05,1.0,0.0001,3.3384082529158756,0.06113181199259981,400.60899034990507
0.2582618760682677,1.0,6.31e-05,1.0,0.00016666666666666666,3.3384082529158756,0.06113181199259981,667.6816505831752
0.2582618760682677,1.0,7.94e-05,1.0,6.666666666666667e-05,3.3384082529158756,0.06113181199259981,267.0726602332701
0.2582618760682677,1.0,0.0001,1.0,0.0002666666666666667,3.3384082529158756,0.06113181199259981,1068.2906409330803
0.2582618760682677,1.0,0.000126,1.0,0.00036666666666666667,3.3384082529158756,0.06113181199259981,1468.8996312829852
0.2582618760682677,1.0,0.000158,1.0,0.0007,3.3384082529158756,0.06113181199259981,2804.2629324493355
0.2582618760682677,1.0,0.0002,1.0,0.001,3.3384082529158756,0.06113181199259981,4006.0899034990507
0.2582618760682677,1.0,0.000251,1.0,0.0014666666666666667,3.3384082529158756,0.06113181199259981,5875.598525131941
0.2582618760682677,1.0,0.000316,1.0,0.0017333333333333333,3.3384082529158756,0.06113181199259981,6943.889166065021
0.2582618760682677,1.0,0.000398,1.0,0.003266666666666667,3.3384082529158756,0.06113181199259981,13086.560351430233
0.2582618760682677,1.0,0.000501,1.0,0.005033333333333333,3.3384082529158756,0.06113181199259981,20163.985847611886
0.2582618760682677,1.0,0.000631,1.0,0.006166666666666667,3.3384082529158756,0.06113181199259981,24704.221071577478
0.2582618760682677,1.0,0.000794,1.0,0.008366666666666666,3.3384082529158756,0.06113181199259981,33517.61885927539
0.2582618760682677,1.0,0.001,1.0,0.007266666666666667,3.3384082529158756,0.06113181199259981,29110.919965426434
0.2582618760682677,1.0,0.00126,1.0,0.0081,3.3384082529158756,0.06113181199259981,32449.328218342307
0.2582618760682677,1.0,0.00158,1.0,0.004066666666666666,3.3384082529158756,0.06113181199259981,16291.43227422947
0.2582618760682677,1.0,0.002,1.0,0.0021,3.3384082529158756,0.06113181199259981,8412.788797348006
0.2582618760682677,1.0,0.00251,1.0,0.0006666666666666666,3.3384082529158756,0.06113181199259981,2670.7266023327006
0.2582618760682677,1.0,0.00316,1.0,6.666666666666667e-05,3.3384082529158756,0.06113181199259981,267.0726602332701
0.2582618760682677,1.0,0.00398,1.0,6.666666666666667e-05,3.3384082529158756,0.06113181199259981,267.0726602332701
0.2582618760682677,1.0,0.00501,1.0,0.0,3.3384082529158756,0.06113181199259981,0.0
0.2582618760682677,1.0,0.00631,1.0,0.0,3.3384082529158756,0.06113181199259981,0.0
0.27049597304631345,1.0,1e-06,1.0,0.0,3.6406016141663757,0.06666547544710448,0.0
0.27049597304631345,1.0,1.26e-06,1.0,0.0,3.6406016141663757,0.06666547544710448,0.0
0.27049597304631345,1.0,1.58e-06,1.0,0.0,3.6406016141663757,0.06666547544710448,0.0
0.27049597304631345,1.0,2e-06,1.0,0.0,3.6406016141663757,0.06666547544710448,0.0
0.27049597304631345,1.0,2.51e-06,1.0,0.0,3.6406016141663757,0.06666547544710448,0.0
0.27049597304631345,1.0,3.16e-06,1.0,0.0,3.6406016141663757,0.06666547544710448,0.0
0.27049597304631345,1.0,3.98e-06,1.0,0.0,3.6406016141663757,0.06666547544710448,0.0
0.27049597304631345,1.0,5.01e-06,1.0,0.0,3.6406016141663757,0.06666547544710448,0.0
0.27049597304631345,1.0,6.31e-06,1.0,0.0,3.6406016141663757,0.06666547544710448,0.0
0.27049597304631345,1.0,7.94e-06,1.0,0.0,3.6406016141663757,0.06666547544710448,0.0
0.27049597304631345,1.0,1e-05,1.0,0.0,3.6406016141663757,0.06666547544710448,0.0
0.27049597304631345,1.0,1.26e-05,1.0,0.0,3.6406016141663757,0.06666547544710448,0.0
0.27049597304631345,1.0,1.58e-05,1.0,0.0,3.6406016141663757,0.06666547544710448,0.0
0.27049597304631345,1.0,2e-05,1.0,3.3333333333333335e-05,3.6406016141663757,0.06666547544710448,145.62406456665505
0.27049597304631345,1.0,2.51e-05,1.0,0.0,3.6406016141663757,0.06666547544710448,0.0
0.27049597304631345,1.0,3.16e-05,1.0,3.3333333333333335e-05,3.6406016141663757,0.06666547544710448,145.62406456665505
0.27049597304631345,1.0,3.98e-05,1.0,0.0,3.6406016141663757,0.06666547544710448,0.0
0.27049597304631345,1.0,5.01e-05,1.0,0.0001,3.6406016141663757,0.06666547544710448,436.8721936999651
0.27049597304631345,1.0,6.31e-05,1.0,0.00016666666666666666,3.6406016141663757,0.06666547544710448,728.1203228332752
0.27049597304631345,1.0,7.94e-05,1.0,6.666666666666667e-05,3.6406016141663757,0.06666547544710448,291.2481291333101
0.27049597304631345,1.0,0.0001,1.0,0.0002666666666666667,3.6406016141663757,0.06666547544710448,1164.9925165332404
0.27049597304631345,1.0,0.000126,1.0,0.00036666666666666667,3.6406016141663757,0.06666547544710448,1601.8647102332054
0.27049597304631345,1.0,0.000158,1.0,0.0007,3.6406016141663757,0.06666547544710448,3058.1053558997555
0.27049597304631345,1.0,0.0002,1.0,0.001,3.6406016141663757,0.06666547544710448,4368.721936999652
0.27049597304631345,1.0,0.000251,1.0,0.0014666666666666667,3.6406016141663757,0.06666547544710448,6407.458840932822
0.27049597304631345,1.0,0.000316,1.0,0.0017333333333333333,3.6406016141663757,0.06666547544710448,7572.451357466061
0.27049597304631345,1.0,0.000398,1.0,0.003266666666666667,3.6406016141663757,0.06666547544710448,14271.158327532194
0.27049597304631345,1.0,0.000501,1.0,0.005033333333333333,3.6406016141663757,0.06666547544710448,21989.23374956491
0.27049597304631345,1.0,0.000631,1.0,0.006166666666666667,3.6406016141663757,0.06666547544710448,26940.451944831184
0.27049597304631345,1.0,0.000794,1.0,0.008366666666666666,3.6406016141663757,0.06666547544710448,36551.64020623042
0.27049597304631345,1.0,0.001,1.0,0.007266666666666667,3.6406016141663757,0.06666547544710448,31746.0460755308
0.27049597304631345,1.0,0.00126,1.0,0.0081,3.6406016141663757,0.06666547544710448,35386.64768969717
0.27049597304631345,1.0,0.00158,1.0,0.004066666666666666,3.6406016141663757,0.06666547544710448,17766.135877131914
0.27049597304631345,1.0,0.002,1.0,0.0021,3.6406016141663757,0.06666547544710448,9174.316067699268
0.27049597304631345,1.0,0.00251,1.0,0.0006666666666666666,3.6406016141663757,0.06666547544710448,2912.4812913331007
0.27049597304631345,1.0,0.00316,1.0,6.666666666666667e-05,3.6406016141663757,0.06666547544710448,291.2481291333101
0.27049597304631345,1.0,0.00398,1.0,6.666666666666667e-05,3.6406016141663757,0.06666547544710448,291.2481291333101
0.27049597304631345,1.0,0.00501,1.0,0.0,3.6406016141663757,0.06666547544710448,0.0
0.27049597304631345,1.0,0.00631,1.0,0.0,3.6406016141663757,0.06666547544710448,0.0
0.2833096101839324,1.0,1e-06,1.0,0.0,3.9680325381717085,0.07266128068433819,0.0
0.2833096101839324,1.0,1.26e-06,1.0,0.0,3.9680325381717085,0.07266128068433819,0.0
0.2833096101839324,1.0,1.58e-06,1.0,0.0,3.9680325381717085,0.07266128068433819,0.0
0.2833096101839324,1.0,2e-06,1.0,0.0,3.9680325381717085,0.07266128068433819,0.0
0.2833096101839324,1.0,2.51e-06,1.0,0.0,3.9680325381717085,0.07266128068433819,0.0
0.2833096101839324,1.0,3.16e-06,1.0,0.0,3.9680325381717085,0.07266128068433819,0.0
0.2833096101839324,1.0,3.98e-06,1.0,0.0,3.9680325381717085,0.07266128068433819,0.0
0.2833096101839324,1.0,5.01e-06,1.0,0.0,3.9680325381717085,0.07266128068433819,0.0
0.2833096101839324,1.0,6.31e-06,1.0,0.0,3.9680325381717085,0.07266128068433819,0.0
0.2833096101839324,1.0,7.94e-06,1.0,0.0,3.9680325381717085,0.07266128068433819,0.0
0.2833096101839324,1.0,1e-05,1.0,0.0,3.9680325381717085,0.07266128068433819,0.0
0.2833096101839324,1.0,1.26e-05,1.0,0.0,3.9680325381717085,0.07266128068433819,0.0
0.2833096101839324,1.0,1.58e-05,1.0,0.0,3.9680325381717085,0.07266128068433819,0.0
0.2833096101839324,1.0,2e-05,1.0,3.3333333333333335e-05,3.9680325381717085,0.07266128068433819,158.72130152686836
0.2833096101839324,1.0,2.51e-05,1.0,0.0,3.9680325381717085,0.07266128068433819,0.0
0.2833096101839324,1.0,3.16e-05,1.0,3.3333333333333335e-05,3.9680325381717085,0.07266128068433819,158.72130152686836
0.2833096101839324,1.0,3.98e-05,1.0,0.0,3.9680325381717085,0.07266128068433819,0.0
0.2833096101839324,1.0,5.01e-05,1.0,0.0001,3.9680325381717085,0.07266128068433819,476.16390458060505
0.2833096101839324,1.0,6.31e-05,1.0,0.00016666666666666666,3.9680325381717085,0.07266128068433819,793.6065076343417
0.2833096101839324,1.0,7.94e-05,1.0,6.666666666666667e-05,3.9680325381717085,0.07266128068433819,317.4426030537367
0.2833096101839324,1.0,0.0001,1.0,0.0002666666666666667,3.9680325381717085,0.07266128068433819,1269.7704122149469
0.2833096101839324,1.0,0.000126,1.0,0.00036666666666666667,3.9680325381717085,0.07266128068433819,1745.934316795552
0.2833096101839324,1.0,0.000158,1.0,0.0007,3.9680325381717085,0.07266128068433819,3333.147332064236
0.2833096101839324,1.0,0.0002,1.0,0.001,3.9680325381717085,0.07266128068433819,4761.6390458060505
0.2833096101839324,1.0,0.000251,1.0,0.0014666666666666667,3.9680325381717085,0.07266128068433819,6983.737267182208
0.2833096101839324,1.0,0.000316,1.0,0.0017333333333333333,3.9680325381717085,0.07266128068433819,8253.507679397153
0.2833096101839324,1.0,0.000398,1.0,0.003266666666666667,3.9680325381717085,0.07266128068433819,15554.6875496331
0.2833096101839324,1.0,0.000501,1.0,0.005033333333333333,3.9680325381717085,0.07266128068433819,23966.916530557122
0.2833096101839324,1.0,0.000631,1.0,0.006166666666666667,3.9680325381717085,0.07266128068433819,29363.440782470647
0.2833096101839324,1.0,0.000794,1.0,0.008366666666666666,3.9680325381717085,0.07266128068433819,39839.046683243956
0.2833096101839324,1.0,0.001,1.0,0.007266666666666667,3.9680325381717085,0.07266128068433819,34601.24373285731
0.2833096101839324,1.0,0.00126,1.0,0.0081,3.9680325381717085,0.07266128068433819,38569.276271029004
0.2833096101839324,1.0,0.00158,1.0,0.004066666666666666,3.9680325381717085,0.07266128068433819,19363.998786277934
0.2833096101839324,1.0,0.002,1.0,0.0021,3.9680325381717085,0.07266128068433819,9999.441996192705
0.2833096101839324,1.0,0.00251,1.0,0.0006666666666666666,3.9680325381717085,0.07266128068433819,3174.426030537367
0.2833096101839324,1.0,0.00316,1.0,6.666666666666667e-05,3.9680325381717085,0.07266128068433819,317.4426030537367
0.2833096101839324,1.0,0.00398,1.0,6.666666666666667e-05,3.9680325381717085,0.07266128068433819,317.4426030537367
0.2833096101839324,1.0,0.00501,1.0,0.0,3.9680325381717085,0.07266128068433819,0.0
0.2833096101839324,1.0,0.00631,1.0,0.0,3.9680325381717085,0.07266128068433819,0.0
0.29673024081888694,1.0,1e-06,1.0,0.0,4.322414797537058,0.0791506097333283,0.0
0.29673024081888694,1.0,1.26e-06,1.0,0.0,4.322414797537058,0.0791506097333283,0.0
0.29673024081888694,1.0,1.58e-06,1.0,0.0,4.322414797537058,0.0791506097333283,0.0
0.29673024081888694,1.0,2e-06,1.0,0.0,4.322414797537058,0.0791506097333283,0.0
0.29673024081888694,1.0,2.51e-06,1.0,0.0,4.322414797537058,0.0791506097333283,0.0
0.29673024081888694,1.0,3.16e-06,1.0,0.0,4.322414797537058,0.0791506097333283,0.0
0.29673024081888694,1.0,3.98e-06,1.0,0.0,4.322414797537058,0.0791506097333283,0.0
0.29673024081888694,1.0,5.01e-06,1.0,0.0,4.322414797537058,0.0791506097333283,0.0
0.29673024081888694,1.0,6.31e-06,1.0,0.0,4.322414797537058,0.0791506097333283,0.0
0.29673024081888694,1.0,7.94e-06,1.0,0.0,4.322414797537058,0.0791506097333283,0.0
0.29673024081888694,1.0,1e-05,1.0,0.0,4.322414797537058,0.0791506097333283,0.0
0.29673024081888694,1.0,1.26e-05,1.0,0.0,4.322414797537058,0.0791506097333283,0.0
0.29673024081888694,1.0,1.58e-05,1.0,0.0,4.322414797537058,0.0791506097333283,0.0
0.29673024081888694,1.0,2e-05,1.0,3.3333333333333335e-05,4.322414797537058,0.0791506097333283,172.89659190148234
0.29673024081888694,1.0,2.51e-05,1.0,0.0,4.322414797537058,0.0791506097333283,0.0
0.29673024081888694,1.0,3.16e-05,1.0,3.3333333333333335e-05,4.322414797537058,0.0791506097333283,172.89659190148234
0.29673024081888694,1.0,3.98e-05,1.0,0.0,4.322414797537058,0.0791506097333283,0.0
0.29673024081888694,1.0,5.01e-05,1.0,0.0001,4.322414797537058,0.0791506097333283,518.689775704447
0.29673024081888694,1.0,6.31e-05,1.0,0.00016666666666666666,4.322414797537058,0.0791506097333283,864.4829595074116
0.29673024081888694,1.0,7.94e-05,1.0,6.666666666666667e-05,4.322414797537058,0.0791506097333283,345.7931838029647
0.29673024081888694,1.0,0.0001,1.0,0.0002666666666666667,4.322414797537058,0.0791506097333283,1383.1727352118587
0.29673024081888694,1.0,0.000126,1.0,0.00036666666666666667,4.322414797537058,0.0791506097333283,1901.8625109163056
0.29673024081888694,1.0,0.000158,1.0,0.0007,4.322414797537058,0.0791506097333283,3630.828429931129
0.29673024081888694,1.0,0.0002,1.0,0.001,4.322414797537058,0.0791506097333283,5186.8977570444695
0.29673024081888694,1.0,0.000251,1.0,0.0014666666666666667,4.322414797537058,0.0791506097333283,7607.450043665222
0.29673024081888694,1.0,0.000316,1.0,0.0017333333333333333,4.322414797537058,0.0791506097333283,8990.622778877081
0.29673024081888694,1.0,0.000398,1.0,0.003266666666666667,4.322414797537058,0.0791506097333283,16943.866006345266
0.29673024081888694,1.0,0.000501,1.0,0.005033333333333333,4.322414797537058,0.0791506097333283,26107.385377123832
0.29673024081888694,1.0,0.000631,1.0,0.006166666666666667,4.322414797537058,0.0791506097333283,31985.86950177423
0.29673024081888694,1.0,0.000794,1.0,0.008366666666666666,4.322414797537058,0.0791506097333283,43397.04456727207
0.29673024081888694,1.0,0.001,1.0,0.007266666666666667,4.322414797537058,0.0791506097333283,37691.45703452315
0.29673024081888694,1.0,0.00126,1.0,0.0081,4.322414797537058,0.0791506097333283,42013.871832060206
0.29673024081888694,1.0,0.00158,1.0,0.004066666666666666,4.322414797537058,0.0791506097333283,21093.384211980843
0.29673024081888694,1.0,0.002,1.0,0.0021,4.322414797537058,0.0791506097333283,10892.485289793387
0.29673024081888694,1.0,0.00251,1.0,0.0006666666666666666,4.322414797537058,0.0791506097333283,3457.9318380296463
0.29673024081888694,1.0,0.00316,1.0,6.666666666666667e-05,4.322414797537058,0.0791506097333283,345.7931838029647
0.29673024081888694,1.0,0.00398,1.0,6.666666666666667e-05,4.322414797537058,0.0791506097333283,345.7931838029647
0.29673024081888694,1.0,0.00501,1.0,0.0,4.322414797537058,0.0791506097333283,0.0
0.29673024081888694,1.0,0.00631,1.0,0.0,4.322414797537058,0.0791506097333283,0.0
0.3107866187782014,1.0,1e-06,1.0,0.0,4.70550589985847,0.08616564548358305,0.0
0.3107866187782014,1.0,1.26e-06,1.0,0.0,4.70550589985847,0.08616564548358305,0.0
0.3107866187782014,1.0,1.58e-06,1.0,0.0,4.70550589985847,0.08616564548358305,0.0
0.3107866187782014,1.0,2e-06,1.0,0.0,4.70550589985847,0.08616564548358305,0.0
0.3107866187782014,1.0,2.51e-06,1.0,0.0,4.70550589985847,0.08616564548358305,0.0
0.3107866187782014,1.0,3.16e-06,1.0,0.0,4.70550589985847,0.08616564548358305,0.0
0.3107866187782014,1.0,3.98e-06,1.0,0.0,4.70550589985847,0.08616564548358305,0.0
0.3107866187782014,1.0,5.01e-06,1.0,0.0,4.70550589985847,0.08616564548358305,0.0
0.3107866187782014,1.0,6.31e-06,1.0,0.0,4.70550589985847,0.08616564548358305,0.0
0.3107866187782014,1.0,7.94e-06,1.0,0.0,4.70550589985847,0.08616564548358305,0.0
0.3107866187782014,1.0,1e-05,1.0,0.0,4.70550589985847,0.08616564548358305,0.0
0.3107866187782014,1.0,1.26e-05,1.0,0.0,4.70550589985847,0.08616564548358305,0.0
0.3107866187782014,1.0,1.58e-05,1.0,0.0,4.70550589985847,0.08616564548358305,0.0
0.3107866187782014,1.0,2e-05,1.0,3.3333333333333335e-05,4.70550589985847,0.08616564548358305,188.22023599433882
0.3107866187782014,1.0,2.51e-05,1.0,0.0,4.70550589985847,0.08616564548358305,0.0
0.3107866187782014,1.0,3.16e-05,1.0,3.3333333333333335e-05,4.70550589985847,0.08616564548358305,188.22023599433882
0.3107866187782014,1.0,3.98e-05,1.0,0.0,4.70550589985847,0.08616564548358305,0.0
0.3107866187782014,1.0,5.01e-05,1.0,0.0001,4.70550589985847,0.08616564548358305,564.6607079830164
0.3107866187782014,1.0,6.31e-05,1.0,0.00016666666666666666,4.70550589985847,0.08616564548358305,941.101179971694
0.3107866187782014,1.0,7.94e-05,1.0,6.666666666666667e-05,4.70550589985847,0.08616564548358305,376.44047198867764
0.3107866187782014,1.0,0.0001,1.0,0.0002666666666666667,4.70550589985847,0.08616564548358305,1505.7618879547106
0.3107866187782014,1.0,0.000126,1.0,0.00036666666666666667,4.70550589985847,0.08616564548358305,2070.422595937727
0.3107866187782014,1.0,0.000158,1.0,0.0007,4.70550589985847,0.08616564548358305,3952.624955881115
0.3107866187782014,1.0,0.0002,1.0,0.001,4.70550589985847,0.08616564548358305,5646.607079830164
0.3107866187782014,1.0,0.000251,1.0,0.0014666666666666667,4.70550589985847,0.08616564548358305,8281.690383750907
0.3107866187782014,1.0,0.000316,1.0,0.0017333333333333333,4.70550589985847,0.08616564548358305,9787.452271705617
0.3107866187782014,1.0,0.000398,1.0,0.003266666666666667,4.70550589985847,0.08616564548358305,18445.583127445203
0.3107866187782014,1.0,0.000501,1.0,0.005033333333333333,4.70550589985847,0.08616564548358305,28421.255635145157
0.3107866187782014,1.0,0.000631,1.0,0.006166666666666667,4.70550589985847,0.08616564548358305,34820.74365895268
0.3107866187782014,1.0,0.000794,1.0,0.008366666666666666,4.70550589985847,0.08616564548358305,47243.27923457904
0.3107866187782014,1.0,0.001,1.0,0.007266666666666667,4.70550589985847,0.08616564548358305,41032.01144676586
0.3107866187782014,1.0,0.00126,1.0,0.0081,4.70550589985847,0.08616564548358305,45737.51734662433
0.3107866187782014,1.0,0.00158,1.0,0.004066666666666666,4.70550589985847,0.08616564548358305,22962.86879130933
0.3107866187782014,1.0,0.002,1.0,0.0021,4.70550589985847,0.08616564548358305,11857.874867643344
0.3107866187782014,1.0,0.00251,1.0,0.0006666666666666666,4.70550589985847,0.08616564548358305,3764.404719886776
0.3107866187782014,1.0,0.00316,1.0,6.666666666666667e-05,4.70550589985847,0.08616564548358305,376.44047198867764
0.3107866187782014,1.0,0.00398,1.0,6.666666666666667e-05,4.70550589985847,0.08616564548358305,376.44047198867764
0.3107866187782014,1.0,0.00501,1.0,0.0,4.70550589985847,0.08616564548358305,0.0
0.3107866187782014,1.0,0.00631,1.0,0.0,4.70550589985847,0.08616564548358305,0.0
0.325508859983506,1.0,1e-06,1.0,0.0,5.119093677384104,0.0937391261194672,0.0
0.325508859983506,1.0,1.26e-06,1.0,0.0,5.119093677384104,0.0937391261194672,0.0
0.325508859983506,1.0,1.58e-06,1.0,0.0,5.119093677384104,0.0937391261194672,0.0
0.325508859983506,1.0,2e-06,1.0,0.0,5.119093677384104,0.0937391261194672,0.0
0.325508859983506,1.0,2.51e-06,1.0,0.0,5.119093677384104,0.0937391261194672,0.0
0.325508859983506,1.0,3.16e-06,1.0,0.0,5.119093677384104,0.0937391261194672,0.0
0.325508859983506,1.0,3.98e-06,1.0,0.0,5.119093677384104,0.0937391261194672,0.0
0.325508859983506,1.0,5.01e-06,1.0,0.0,5.119093677384104,0.0937391261194672,0.0
0.325508859983506,1.0,6.31e-06,1.0,0.0,5.119093677384104,0.0937391261194672,0.0
0.325508859983506,1.0,7.94e-06,1.0,0.0,5.119093677384104,0.0937391261194672,0.0
0.325508859983506,1.0,1e-05,1.0,0.0,5.119093677384104,0.0937391261194672,0.0
0.325508859983506,1.0,1.26e-05,1.0,0.0,5.119093677384104,0.0937391261194672,0.0
0.325508859983506,1.0,1.58e-05,1.0,0.0,5.119093677384104,0.0937391261194672,0.0
0.325508859983506,1.0,2e-05,1.0,3.3333333333333335e-05,5.119093677384104,0.0937391261194672,204.76374709536418
0.325508859983506,1.0,2.51e-05,1.0,0.0,5.119093677384104,0.0937391261194672,0.0
0.325508859983506,1.0,3.16e-05,1.0,3.3333333333333335e-05,5.119093677384104,0.0937391261194672,204.76374709536418
0.325508859983506,1.0,3.98e-05,1.0,0.0,5.119093677384104,0.0937391261194672,0.0
0.325508859983506,1.0,5.01e-05,1.0,0.0001,5.119093677384104,0.0937391261194672,614.2912412860925
0.325508859983506,1.0,6.31e-05,1.0,0.00016666666666666666,5.119093677384104,0.0937391261194672,1023.8187354768208
0.325508859983506,1.0,7.94e-05,1.0,6.666666666666667e-05,5.119093677384104,0.0937391261194672,409.52749419072836
0.325508859983506,1.0,0.0001,1.0,0.0002666666666666667,5.119093677384104,0.0937391261194672,1638.1099767629134
0.325508859983506,1.0,0.000126,1.0,0.00036666666666666667,5.119093677384104,0.0937391261194672,2252.401218049006
0.325508859983506,1.0,0.000158,1.0,0.0007,5.119093677384104,0.0937391261194672,4300.0386890026475
0.325508859983506,1.0,0.0002,1.0,0.001,5.119093677384104,0.0937391261194672,6142.9124128609255
0.325508859983506,1.0,0.000251,1.0,0.0014666666666666667,5.119093677384104,0.0937391261194672,9009.604872196023
0.325508859983506,1.0,0.000316,1.0,0.0017333333333333333,5.119093677384104,0.0937391261194672,10647.714848958936
0.325508859983506,1.0,0.000398,1.0,0.003266666666666667,5.119093677384104,0.0937391261194672,20066.84721534569
0.325508859983506,1.0,0.000501,1.0,0.005033333333333333,5.119093677384104,0.0937391261194672,30919.325811399987
0.325508859983506,1.0,0.000631,1.0,0.006166666666666667,5.119093677384104,0.0937391261194672,37881.29321264237
0.325508859983506,1.0,0.000794,1.0,0.008366666666666666,5.119093677384104,0.0937391261194672,51395.7005209364
0.325508859983506,1.0,0.001,1.0,0.007266666666666667,5.119093677384104,0.0937391261194672,44638.49686678939
0.325508859983506,1.0,0.00126,1.0,0.0081,5.119093677384104,0.0937391261194672,49757.590544173494
0.325508859983506,1.0,0.00158,1.0,0.004066666666666666,5.119093677384104,0.0937391261194672,24981.17714563443
0.325508859983506,1.0,0.002,1.0,0.0021,5.119093677384104,0.0937391261194672,12900.11606700794
0.325508859983506,1.0,0.00251,1.0,0.0006666666666666666,5.119093677384104,0.0937391261194672,4095.2749419072834
0.325508859983506,1.0,0.00316,1.0,6.666666666666667e-05,5.119093677384104,0.0937391261194672,409.52749419072836
0.325508859983506,1.0,0.00398,1.0,6.666666666666667e-05,5.119093677384104,0.0937391261194672,409.52749419072836
0.325508859983506,1.0,0.00501,1.0,0.0,5.119093677384104,0.0937391261194672,0.0
0.325508859983506,1.0,0.00631,1.0,0.0,5.119093677384104,0.0937391261194672,0.0
0.3409285069746811,1.0,1e-06,1.0,0.0,5.564979805438656,0.10190404331511914,0.0
0.3409285069746811,1.0,1.26e-06,1.0,0.0,5.564979805438656,0.10190404331511914,0.0
0.3409285069746811,1.0,1.58e-06,1.0,0.0,5.564979805438656,0.10190404331511914,0.0
0.3409285069746811,1.0,2e-06,1.0,0.0,5.564979805438656,0.10190404331511914,0.0
0.3409285069746811,1.0,2.51e-06,1.0,0.0,5.564979805438656,0.10190404331511914,0.0
0.3409285069746811,1.0,3.16e-06,1.0,0.0,5.564979805438656,0.10190404331511914,0.0
0.3409285069746811,1.0,3.98e-06,1.0,0.0,5.564979805438656,0.10190404331511914,0.0
0.3409285069746811,1.0,5.01e-06,1.0,0.0,5.564979805438656,0.10190404331511914,0.0
0.3409285069746811,1.0,6.31e-06,1.0,0.0,5.564979805438656,0.10190404331511914,0.0
0.3409285069746811,1.0,7.94e-06,1.0,0.0,5.564979805438656,0.10190404331511914,0.0
0.3409285069746811,1.0,1e-05,1.0,0.0,5.564979805438656,0.10190404331511914,0.0
0.3409285069746811,1.0,1.26e-05,1.0,0.0,5.564979805438656,0.10190404331511914,0.0
0.3409285069746811,1.0,1.58e-05,1.0,0.0,5.564979805438656,0.10190404331511914,0.0
0.3409285069746811,1.0,2e-05,1.0,3.3333333333333335e-05,5.564979805438656,0.10190404331511914,222.59919221754626
0.3409285069746811,1.0,2.51e-05,1.0,0.0,5.564979805438656,0.10190404331511914,0.0
0.3409285069746811,1.0,3.16e-05,1.0,3.3333333333333335e-05,5.564979805438656,0.10190404331511914,222.59919221754626
0.3409285069746811,1.0,3.98e-05,1.0,0.0,5.564979805438656,0.10190404331511914,0.0
0.3409285069746811,1.0,5.01e-05,1.0,0.0001,5.564979805438656,0.10190404331511914,667.7975766526388
0.3409285069746811,1.0,6.31e-05,1.0,0.00016666666666666666,5.564979805438656,0.10190404331511914,1112.9959610877313
0.3409285069746811,1.0,7.94e-05,1.0,6.666666666666667e-05,5.564979805438656,0.10190404331511914,445.1983844350925
0.3409285069746811,1.0,0.0001,1.0,0.0002666666666666667,5.564979805438656,0.10190404331511914,1780.79353774037
0.3409285069746811,1.0,0.000126,1.0,0.00036666666666666667,5.564979805438656,0.10190404331511914,2448.591114393009
0.3409285069746811,1.0,0.000158,1.0,0.0007,5.564979805438656,0.10190404331511914,4674.5830365684715
0.3409285069746811,1.0,0.0002,1.0,0.001,5.564979805438656,0.10190404331511914,6677.975766526389
0.3409285069746811,1.0,0.000251,1.0,0.0014666666666666667,5.564979805438656,0.10190404331511914,9794.364457572035
0.3409285069746811,1.0,0.000316,1.0,0.0017333333333333333,5.564979805438656,0.10190404331511914,11575.157995312406
0.3409285069746811,1.0,0.000398,1.0,0.003266666666666667,5.564979805438656,0.10190404331511914,21814.720837319535
0.3409285069746811,1.0,0.000501,1.0,0.005033333333333333,5.564979805438656,0.10190404331511914,33612.478024849486
0.3409285069746811,1.0,0.000631,1.0,0.006166666666666667,5.564979805438656,0.10190404331511914,41180.850560246065
0.3409285069746811,1.0,0.000794,1.0,0.008366666666666666,5.564979805438656,0.10190404331511914,55872.397246604116
0.3409285069746811,1.0,0.001,1.0,0.007266666666666667,5.564979805438656,0.10190404331511914,48526.62390342509
0.3409285069746811,1.0,0.00126,1.0,0.0081,5.564979805438656,0.10190404331511914,54091.60370886374
0.3409285069746811,1.0,0.00158,1.0,0.004066666666666666,5.564979805438656,0.10190404331511914,27157.101450540646
0.3409285069746811,1.0,0.002,1.0,0.0021,5.564979805438656,0.10190404331511914,14023.749109705414
0.3409285069746811,1.0,0.00251,1.0,0.0006666666666666666,5.564979805438656,0.10190404331511914,4451.983844350925
0.3409285069746811,1.0,0.00316,1.0,6.666666666666667e-05,5.564979805438656,0.10190404331511914,445.1983844350925
0.3409285069746811,1.0,0.00398,1.0,6.666666666666667e-05,5.564979805438656,0.10190404331511914,445.1983844350925
0.3409285069746811,1.0,0.00501,1.0,0.0,5.564979805438656,0.10190404331511914,0.0
0.3409285069746811,1.0,0.00631,1.0,0.0,5.564979805438656,0.10190404331511914,0.0
0.35707859649004625,1.0,1e-06,1.0,0.0,6.044959991815828,0.11069327946925157,0.0
0.35707859649004625,1.0,1.26e-06,1.0,0.0,6.044959991815828,0.11069327946925157,0.0
0.35707859649004625,1.0,1.58e-06,1.0,0.0,6.044959991815828,0.11069327946925157,0.0
0.35707859649004625,1.0,2e-06,1.0,0.0,6.044959991815828,0.11069327946925157,0.0
0.35707859649004625,1.0,2.51e-06,1.0,0.0,6.044959991815828,0.11069327946925157,0.0
0.35707859649004625,1.0,3.16e-06,1.0,0.0,6.044959991815828,0.11069327946925157,0.0
0.35707859649004625,1.0,3.98e-06,1.0,0.0,6.044959991815828,0.11069327946925157,0.0
0.35707859649004625,1.0,5.01e-06,1.0,0.0,6.044959991815828,0.11069327946925157,0.0
0.35707859649004625,1.0,6.31e-06,1.0,0.0,6.044959991815828,0.11069327946925157,0.0
0.35707859649004625,1.0,7.94e-06,1.0,0.0,6.044959991815828,0.11069327946925157,0.0
0.35707859649004625,1.0,1e-05,1.0,0.0,6.044959991815828,0.11069327946925157,0.0
0.35707859649004625,1.0,1.26e-05,1.0,0.0,6.044959991815828,0.11069327946925157,0.0
0.35707859649004625,1.0,1.58e-05,1.0,0.0,6.044959991815828,0.11069327946925157,0.0
0.35707859649004625,1.0,2e-05,1.0,3.3333333333333335e-05,6.044959991815828,0.11069327946925157,241.7983996726331
0.35707859649004625,1.0,2.51e-05,1.0,0.0,6.044959991815828,0.11069327946925157,0.0
0.35707859649004625,1.0,3.16e-05,1.0,3.3333333333333335e-05,6.044959991815828,0.11069327946925157,241.7983996726331
0.35707859649004625,1.0,3.98e-05,1.0,0.0,6.044959991815828,0.11069327946925157,0.0
0.35707859649004625,1.0,5.01e-05,1.0,0.0001,6.044959991815828,0.11069327946925157,725.3951990178994
0.35707859649004625,1.0,6.31e-05,1.0,0.00016666666666666666,6.044959991815828,0.11069327946925157,1208.9919983631655
0.35707859649004625,1.0,7.94e-05,1.0,6.666666666666667e-05,6.044959991815828,0.11069327946925157,483.5967993452662
0.35707859649004625,1.0,0.0001,1.0,0.0002666666666666667,6.044959991815828,0.11069327946925157,1934.3871973810649
0.35707859649004625,1.0,0.000126,1.0,0.00036666666666666667,6.044959991815828,0.11069327946925157,2659.7823963989645
0.35707859649004625,1.0,0.000158,1.0,0.0007,6.044959991815828,0.11069327946925157,5077.7663931252955
0.35707859649004625,1.0,0.0002,1.0,0.001,6.044959991815828,0.11069327946925157,7253.951990178994
0.35707859649004625,1.0,0.000251,1.0,0.0014666666666666667,6.044959991815828,0.11069327946925157,10639.129585595858
0.35707859649004625,1.0,0.000316,1.0,0.0017333333333333333,6.044959991815828,0.11069327946925157,12573.516782976922
0.35707859649004625,1.0,0.000398,1.0,0.003266666666666667,6.044959991815828,0.11069327946925157,23696.243167918048
0.35707859649004625,1.0,0.000501,1.0,0.005033333333333333,6.044959991815828,0.11069327946925157,36511.558350567604
0.35707859649004625,1.0,0.000631,1.0,0.006166666666666667,6.044959991815828,0.11069327946925157,44732.70393943713
0.35707859649004625,1.0,0.000794,1.0,0.008366666666666666,6.044959991815828,0.11069327946925157,60691.398317830906
0.35707859649004625,1.0,0.001,1.0,0.007266666666666667,6.044959991815828,0.11069327946925157,52712.05112863402
0.35707859649004625,1.0,0.00126,1.0,0.0081,6.044959991815828,0.11069327946925157,58757.011120449846
0.35707859649004625,1.0,0.00158,1.0,0.004066666666666666,6.044959991815828,0.11069327946925157,29499.40476006124
0.35707859649004625,1.0,0.002,1.0,0.0021,6.044959991815828,0.11069327946925157,15233.299179375885
0.35707859649004625,1.0,0.00251,1.0,0.0006666666666666666,6.044959991815828,0.11069327946925157,4835.967993452662
0.35707859649004625,1.0,0.00316,1.0,6.666666666666667e-05,6.044959991815828,0.11069327946925157,483.5967993452662
0.35707859649004625,1.0,0.00398,1.0,6.666666666666667e-05,6.044959991815828,0.11069327946925157,483.5967993452662
0.35707859649004625,1.0,0.00501,1.0,0.0,6.044959991815828,0.11069327946925157,0.0
0.35707859649004625,1.0,0.00631,1.0,0.0,6.044959991815828,0.11069327946925157,0.0
0.3739937302478798,1.0,1e-06,1.0,0.0,6.560800629786553,0.12013918018287041,0.0
0.3739937302478798,1.0,1.26e-06,1.0,0.0,6.560800629786553,0.12013918018287041,0.0
0.3739937302478798,1.0,1.58e-06,1.0,0.0,6.560800629786553,0.12013918018287041,0.0
0.3739937302478798,1.0,2e-06,1.0,0.0,6.560800629786553,0.12013918018287041,0.0
0.3739937302478798,1.0,2.51e-06,1.0,0.0,6.560800629786553,0.12013918018287041,0.0
0.3739937302478798,1.0,3.16e-06,1.0,0.0,6.560800629786553,0.12013918018287041,0.0
0.3739937302478798,1.0,3.98e-06,1.0,0.0,6.560800629786553,0.12013918018287041,0.0
0.3739937302478798,1.0,5.01e-06,1.0,0.0,6.560800629786553,0.12013918018287041,0.0
0.3739937302478798,1.0,6.31e-06,1.0,0.0,6.560800629786553,0.12013918018287041,0.0
0.3739937302478798,1.0,7.94e-06,1.0,0.0,6.560800629786553,0.12013918018287041,0.0
0.3739937302478798,1.0,1e-05,1.0,0.0,6.560800629786553,0.12013918018287041,0.0
0.3739937302478798,1.0,1.26e-05,1.0,0.0,6.560800629786553,0.12013918018287041,0.0
0.3739937302478798,1.0,1.58e-05,1.0,0.0,6.560800629786553,0.12013918018287041,0.0
0.3739937302478798,1.0,2e-05,1.0,3.3333333333333335e-05,6.560800629786553,0.12013918018287041,262.4320251914622
0.3739937302478798,1.0,2.51e-05,1.0,0.0,6.560800629786553,0.12013918018287041,0.0
0.3739937302478798,1.0,3.16e-05,1.0,3.3333333333333335e-05,6.560800629786553,0.12013918018287041,262.4320251914622
0.3739937302478798,1.0,3.98e-05,1.0,0.0,6.560800629786553,0.12013918018287041,0.0
0.3739937302478798,1.0,5.01e-05,1.0,0.0001,6.560800629786553,0.12013918018287041,787.2960755743866
0.3739937302478798,1.0,6.31e-05,1.0,0.00016666666666666666,6.560800629786553,0.12013918018287041,1312.1601259573108
0.3739937302478798,1.0,7.94e-05,1.0,6.666666666666667e-05,6.560800629786553,0.12013918018287041,524.8640503829243
0.3739937302478798,1.0,0.0001,1.0,0.0002666666666666667,6.560800629786553,0.12013918018287041,2099.4562015316974
0.3739937302478798,1.0,0.000126,1.0,0.00036666666666666667,6.560800629786553,0.12013918018287041,2886.7522771060835
0.3739937302478798,1.0,0.000158,1.0,0.0007,6.560800629786553,0.12013918018287041,5511.072529020705
0.3739937302478798,1.0,0.0002,1.0,0.001,6.560800629786553,0.12013918018287041,7872.960755743865
0.3739937302478798,1.0,0.000251,1.0,0.0014666666666666667,6.560800629786553,0.12013918018287041,11547.009108424334
0.3739937302478798,1.0,0.000316,1.0,0.0017333333333333333,6.560800629786553,0.12013918018287041,13646.465309956031
0.3739937302478798,1.0,0.000398,1.0,0.003266666666666667,6.560800629786553,0.12013918018287041,25718.338468763293
0.3739937302478798,1.0,0.000501,1.0,0.005033333333333333,6.560800629786553,0.12013918018287041,39627.235803910786
0.3739937302478798,1.0,0.000631,1.0,0.006166666666666667,6.560800629786553,0.12013918018287041,48549.9246604205
0.3739937302478798,1.0,0.000794,1.0,0.008366666666666666,6.560800629786553,0.12013918018287041,65870.438323057
0.3739937302478798,1.0,0.001,1.0,0.007266666666666667,6.560800629786553,0.12013918018287041,57210.181491738746
0.3739937302478798,1.0,0.00126,1.0,0.0081,6.560800629786553,0.12013918018287041,63770.9821215253
0.3739937302478798,1.0,0.00158,1.0,0.004066666666666666,6.560800629786553,0.12013918018287041,32016.70707335838
0.3739937302478798,1.0,0.002,1.0,0.0021,6.560800629786553,0.12013918018287041,16533.217587062114
0.3739937302478798,1.0,0.00251,1.0,0.0006666666666666666,6.560800629786553,0.12013918018287041,5248.640503829243
0.3739937302478798,1.0,0.00316,1.0,6.666666666666667e-05,6.560800629786553,0.12013918018287041,524.8640503829243
0.3739937302478798,1.0,0.00398,1.0,6.666666666666667e-05,6.560800629786553,0.12013918018287041,524.8640503829243
0.3739937302478798,1.0,0.00501,1.0,0.0,6.560800629786553,0.12013918018287041,0.0
0.3739937302478798,1.0,0.00631,1.0,0.0,6.560800629786553,0.12013918018287041,0.0
0.39171014908092605,1.0,1e-06,1.0,0.0,7.114211781760261,0.13027305954514304,0.0
0.39171014908092605,1.0,1.26e-06,1.0,0.0,7.114211781760261,0.13027305954514304,0.0
0.39171014908092605,1.0,1.58e-06,1.0,0.0,7.114211781760261,0.13027305954514304,0.0
0.39171014908092605,1.0,2e-06,1.0,0.0,7.114211781760261,0.13027305954514304,0.0
0.39171014908092605,1.0,2.51e-06,1.0,0.0,7.114211781760261,0.13027305954514304,0.0
0.39171014908092605,1.0,3.16e-06,1.0,0.0,7.114211781760261,0.13027305954514304,0.0
0.39171014908092605,1.0,3.98e-06,1.0,0.0,7.114211781760261,0.13027305954514304,0.0
0.39171014908092605,1.0,5.01e-06,1.0,0.0,7.114211781760261,0.13027305954514304,0.0
0.39171014908092605,1.0,6.31e-06,1.0,0.0,7.114211781760261,0.13027305954514304,0.0
0.39171014908092605,1.0,7.94e-06,1.0,0.0,7.114211781760261,0.13027305954514304,0.0
0.39171014908092605,1.0,1e-05,1.0,0.0,7.114211781760261,0.13027305954514304,0.0
0.39171014908092605,1.0,1.26e-05,1.0,0.0,7.114211781760261,0.13027305954514304,0.0
0.39171014908092605,1.0,1.58e-05,1.0,0.0,7.114211781760261,0.13027305954514304,0.0
0.39171014908092605,1.0,2e-05,1.0,3.3333333333333335e-05,7.114211781760261,0.13027305954514304,284.56847127041044
0.39171014908092605,1.0,2.51e-05,1.0,0.0,7.114211781760261,0.13027305954514304,0.0
0.39171014908092605,1.0,3.16e-05,1.0,3.3333333333333335e-05,7.114211781760261,0.13027305954514304,284.56847127041044
0.39171014908092605,1.0,3.98e-05,1.0,0.0,7.114211781760261,0.13027305954514304,0.0
0.39171014908092605,1.0,5.01e-05,1.0,0.0001,7.114211781760261,0.13027305954514304,853.7054138112313
0.39171014908092605,1.0,6.31e-05,1.0,0.00016666666666666666,7.114211781760261,0.13027305954514304,1422.842356352052
0.39171014908092605,1.0,7.94e-05,1.0,6.666666666666667e-05,7.114211781760261,0.13027305954514304,569.1369425408209
0.39171014908092605,1.0,0.0001,1.0,0.0002666666666666667,7.114211781760261,0.13027305954514304,2276.5477701632835
0.39171014908092605,1.0,0.000126,1.0,0.00036666666666666667,7.114211781760261,0.13027305954514304,3130.2531839745147
0.39171014908092605,1.0,0.000158,1.0,0.0007,7.114211781760261,0.13027305954514304,5975.937896678619
0.39171014908092605,1.0,0.0002,1.0,0.001,7.114211781760261,0.13027305954514304,8537.054138112313
0.39171014908092605,1.0,0.000251,1.0,0.0014666666666666667,7.114211781760261,0.13027305954514304,12521.012735898059
0.39171014908092605,1.0,0.000316,1.0,0.0017333333333333333,7.114211781760261,0.13027305954514304,14797.560506061343
0.39171014908092605,1.0,0.000398,1.0,0.003266666666666667,7.114211781760261,0.13027305954514304,27887.71018450022
0.39171014908092605,1.0,0.000501,1.0,0.005033333333333333,7.114211781760261,0.13027305954514304,42969.83916183197
0.39171014908092605,1.0,0.000631,1.0,0.006166666666666667,7.114211781760261,0.13027305954514304,52645.16718502593
0.39171014908092605,1.0,0.000794,1.0,0.008366666666666666,7.114211781760261,0.13027305954514304,71426.68628887301
0.39171014908092605,1.0,0.001,1.0,0.007266666666666667,7.114211781760261,0.13027305954514304,62035.92673694948
0.39171014908092605,1.0,0.00126,1.0,0.0081,7.114211781760261,0.13027305954514304,69150.13851870973
0.39171014908092605,1.0,0.00158,1.0,0.004066666666666666,7.114211781760261,0.13027305954514304,34717.35349499007
0.39171014908092605,1.0,0.002,1.0,0.0021,7.114211781760261,0.13027305954514304,17927.813690035855
0.39171014908092605,1.0,0.00251,1.0,0.0006666666666666666,7.114211781760261,0.13027305954514304,5691.369425408208
0.39171014908092605,1.0,0.00316,1.0,6.666666666666667e-05,7.114211781760261,0.13027305954514304,569.1369425408209
0.39171014908092605,1.0,0.00398,1.0,6.666666666666667e-05,7.114211781760261,0.13027305954514304,569.1369425408209
0.39171014908092605,1.0,0.00501,1.0,0.0,7.114211781760261,0.13027305954514304,0.0
0.39171014908092605,1.0,0.00631,1.0,0.0,7.114211781760261,0.13027305954514304,0.0
0.41026581058271944,1.0,1e-06,1.0,0.0,7.706816462262156,0.1411246376535828,0.0
0.41026581058271944,1.0,1.26e-06,1.0,0.0,7.706816462262156,0.1411246376535828,0.0
0.41026581058271944,1.0,1.58e-06,1.0,0.0,7.706816462262156,0.1411246376535828,0.0
0.41026581058271944,1.0,2e-06,1.0,0.0,7.706816462262156,0.1411246376535828,0.0
0.41026581058271944,1.0,2.51e-06,1.0,0.0,7.706816462262156,0.1411246376535828,0.0
0.41026581058271944,1.0,3.16e-06,1.0,0.0,7.706816462262156,0.1411246376535828,0.0
0.41026581058271944,1.0,3.98e-06,1.0,0.0,7.706816462262156,0.1411246376535828,0.0
0.41026581058271944,1.0,5.01e-06,1.0,0.0,7.706816462262156,0.1411246376535828,0.0
0.41026581058271944,1.0,6.31e-06,1.0,0.0,7.706816462262156,0.1411246376535828,0.0
0.41026581058271944,1.0,7.94e-06,1.0,0.0,7.706816462262156,0.1411246376535828,0.0
0.41026581058271944,1.0,1e-05,1.0,0.0,7.706816462262156,0.1411246376535828,0.0
0.41026581058271944,1.0,1.26e-05,1.0,0.0,7.706816462262156,0.1411246376535828,0.0
0.41026581058271944,1.0,1.58e-05,1.0,0.0,7.706816462262156,0.1411246376535828,0.0
0.41026581058271944,1.0,2e-05,1.0,3.3333333333333335e-05,7.706816462262156,0.1411246376535828,308.27265849048626
0.41026581058271944,1.0,2.51e-05,1.0,0.0,7.706816462262156,0.1411246376535828,0.0
0.41026581058271944,1.0,3.16e-05,1.0,3.3333333333333335e-05,7.706816462262156,0.1411246376535828,308.27265849048626
0.41026581058271944,1.0,3.98e-05,1.0,0.0,7.706816462262156,0.1411246376535828,0.0
0.41026581058271944,1.0,5.01e-05,1.0,0.0001,7.706816462262156,0.1411246376535828,924.8179754714588
0.41026581058271944,1.0,6.31e-05,1.0,0.00016666666666666666,7.706816462262156,0.1411246376535828,1541.3632924524313
0.41026581058271944,1.0,7.94e-05,1.0,6.666666666666667e-05,7.706816462262156,0.1411246376535828,616.5453169809725
0.41026581058271944,1.0,0.0001,1.0,0.0002666666666666667,7.706816462262156,0.1411246376535828,2466.18126792389
0.41026581058271944,1.0,0.000126,1.0,0.00036666666666666667,7.706816462262156,0.1411246376535828,3390.9992433953485
0.41026581058271944,1.0,0.000158,1.0,0.0007,7.706816462262156,0.1411246376535828,6473.725828300212
0.41026581058271944,1.0,0.0002,1.0,0.001,7.706816462262156,0.1411246376535828,9248.179754714589
0.41026581058271944,1.0,0.000251,1.0,0.0014666666666666667,7.706816462262156,0.1411246376535828,13563.996973581394
0.41026581058271944,1.0,0.000316,1.0,0.0017333333333333333,7.706816462262156,0.1411246376535828,16030.178241505286
0.41026581058271944,1.0,0.000398,1.0,0.003266666666666667,7.706816462262156,0.1411246376535828,30210.72053206766
0.41026581058271944,1.0,0.000501,1.0,0.005033333333333333,7.706816462262156,0.1411246376535828,46549.17143206342
0.41026581058271944,1.0,0.000631,1.0,0.006166666666666667,7.706816462262156,0.1411246376535828,57030.44182073996
0.41026581058271944,1.0,0.000794,1.0,0.008366666666666666,7.706816462262156,0.1411246376535828,77376.43728111206
0.41026581058271944,1.0,0.001,1.0,0.007266666666666667,7.706816462262156,0.1411246376535828,67203.439550926
0.41026581058271944,1.0,0.00126,1.0,0.0081,7.706816462262156,0.1411246376535828,74910.25601318815
0.41026581058271944,1.0,0.00158,1.0,0.004066666666666666,7.706816462262156,0.1411246376535828,37609.26433583932
0.41026581058271944,1.0,0.002,1.0,0.0021,7.706816462262156,0.1411246376535828,19421.177484900632
0.41026581058271944,1.0,0.00251,1.0,0.0006666666666666666,7.706816462262156,0.1411246376535828,6165.453169809725
0.41026581058271944,1.0,0.00316,1.0,6.666666666666667e-05,7.706816462262156,0.1411246376535828,616.5453169809725
0.41026581058271944,1.0,0.00398,1.0,6.666666666666667e-05,7.706816462262156,0.1411246376535828,616.5453169809725
0.41026581058271944,1.0,0.00501,1.0,0.0,7.706816462262156,0.1411246376535828,0.0
0.41026581058271944,1.0,0.00631,1.0,0.0,7.706816462262156,0.1411246376535828,0.0
0.4297004704320839,1.0,1e-06,1.0,0.0,8.34011632020047,0.15272141219923954,0.0
0.4297004704320839,1.0,1.26e-06,1.0,0.0,8.34011632020047,0.15272141219923954,0.0
0.4297004704320839,1.0,1.58e-06,1.0,0.0,8.34011632020047,0.15272141219923954,0.0
0.4297004704320839,1.0,2e-06,1.0,0.0,8.34011632020047,0.15272141219923954,0.0
0.4297004704320839,1.0,2.51e-06,1.0,0.0,8.34011632020047,0.15272141219923954,0.0
0.4297004704320839,1.0,3.16e-06,1.0,0.0,8.34011632020047,0.15272141219923954,0.0
0.4297004704320839,1.0,3.98e-06,1.0,0.0,8.34011632020047,0.15272141219923954,0.0
0.4297004704320839,1.0,5.01e-06,1.0,0.0,8.34011632020047,0.15272141219923954,0.0
0.4297004704320839,1.0,6.31e-06,1.0,0.0,8.34011632020047,0.15272141219923954,0.0
0.4297004704320839,1.0,7.94e-06,1.0,0.0,8.34011632020047,0.15272141219923954,0.0
0.4297004704320839,1.0,1e-05,1.0,0.0,8.34011632020047,0.15272141219923954,0.0
0.4297004704320839,1.0,1.26e-05,1.0,0.0,8.34011632020047,0.15272141219923954,0.0
0.4297004704320839,1.0,1.58e-05,1.0,0.0,8.34011632020047,0.15272141219923954,0.0
0.4297004704320839,1.0,2e-05,1.0,3.3333333333333335e-05,8.34011632020047,0.15272141219923954,333.60465280801884
0.4297004704320839,1.0,2.51e-05,1.0,0.0,8.34011632020047,0.15272141219923954,0.0
0.4297004704320839,1.0,3.16e-05,1.0,3.3333333333333335e-05,8.34011632020047,0.15272141219923954,333.60465280801884
0.4297004704320839,1.0,3.98e-05,1.0,0.0,8.34011632020047,0.15272141219923954,0.0
0.4297004704320839,1.0,5.01e-05,1.0,0.0001,8.34011632020047,0.15272141219923954,1000.8139584240566
0.4297004704320839,1.0,6.31e-05,1.0,0.00016666666666666666,8.34011632020047,0.15272141219923954,1668.023264040094
0.4297004704320839,1.0,7.94e-05,1.0,6.666666666666667e-05,8.34011632020047,0.15272141219923954,667.2093056160377
0.4297004704320839,1.0,0.0001,1.0,0.0002666666666666667,8.34011632020047,0.15272141219923954,2668.8372224641507
0.4297004704320839,1.0,0.000126,1.0,0.00036666666666666667,8.34011632020047,0.15272141219923954,3669.651180888208
0.4297004704320839,1.0,0.000158,1.0,0.0007,8.34011632020047,0.15272141219923954,7005.697708968395
0.4297004704320839,1.0,0.0002,1.0,0.001,8.34011632020047,0.15272141219923954,10008.139584240565
0.4297004704320839,1.0,0.000251,1.0,0.0014666666666666667,8.34011632020047,0.15272141219923954,14678.604723552831
0.4297004704320839,1.0,0.000316,1.0,0.0017333333333333333,8.34011632020047,0.15272141219923954,17347.441946016977
0.4297004704320839,1.0,0.000398,1.0,0.003266666666666667,8.34011632020047,0.15272141219923954,32693.25597518585
0.4297004704320839,1.0,0.000501,1.0,0.005033333333333333,8.34011632020047,0.15272141219923954,50374.30257401084
0.4297004704320839,1.0,0.000631,1.0,0.006166666666666667,8.34011632020047,0.15272141219923954,61716.86076948349
0.4297004704320839,1.0,0.000794,1.0,0.008366666666666666,8.34011632020047,0.15272141219923954,83734.76785481273
0.4297004704320839,1.0,0.001,1.0,0.007266666666666667,8.34011632020047,0.15272141219923954,72725.81431214811
0.4297004704320839,1.0,0.00126,1.0,0.0081,8.34011632020047,0.15272141219923954,81065.93063234858
0.4297004704320839,1.0,0.00158,1.0,0.004066666666666666,8.34011632020047,0.15272141219923954,40699.76764257829
0.4297004704320839,1.0,0.002,1.0,0.0021,8.34011632020047,0.15272141219923954,21017.093126905187
0.4297004704320839,1.0,0.00251,1.0,0.0006666666666666666,8.34011632020047,0.15272141219923954,6672.093056160376
0.4297004704320839,1.0,0.00316,1.0,6.666666666666667e-05,8.34011632020047,0.15272141219923954,667.2093056160377
0.4297004704320839,1.0,0.00398,1.0,6.666666666666667e-05,8.34011632020047,0.15272141219923954,667.2093056160377
0.4297004704320839,1.0,0.00501,1.0,0.0,8.34011632020047,0.15272141219923954,0.0
0.4297004704320839,1.0,0.00631,1.0,0.0,8.34011632020047,0.15272141219923954,0.0
0.4500557675700497,1.0,1e-06,1.0,0.0,9.015453982452662,0.16508796891508262,0.0
0.4500557675700497,1.0,1.26e-06,1.0,0.0,9.015453982452662,0.16508796891508262,0.0
0.4500557675700497,1.0,1.58e-06,1.0,0.0,9.015453982452662,0.16508796891508262,0.0
0.4500557675700497,1.0,2e-06,1.0,0.0,9.015453982452662,0.16508796891508262,0.0
0.4500557675700497,1.0,2.51e-06,1.0,0.0,9.015453982452662,0.16508796891508262,0.0
0.4500557675700497,1.0,3.16e-06,1.0,0.0,9.015453982452662,0.16508796891508262,0.0
0.4500557675700497,1.0,3.98e-06,1.0,0.0,9.015453982452662,0.16508796891508262,0.0
0.4500557675700497,1.0,5.01e-06,1.0,0.0,9.015453982452662,0.16508796891508262,0.0
0.4500557675700497,1.0,6.31e-06,1.0,0.0,9.015453982452662,0.16508796891508262,0.0
0.4500557675700497,1.0,7.94e-06,1.0,0.0,9.015453982452662,0.16508796891508262,0.0
0.4500557675700497,1.0,1e-05,1.0,0.0,9.015453982452662,0.16508796891508262,0.0
0.4500557675700497,1.0,1.26e-05,1.0,0.0,9.015453982452662,0.16508796891508262,0.0
0.4500557675700497,1.0,1.58e-05,1.0,0.0,9.015453982452662,0.16508796891508262,0.0
0.4500557675700497,1.0,2e-05,1.0,3.3333333333333335e-05,9.015453982452662,0.16508796891508262,360.61815929810655
0.4500557675700497,1.0,2.51e-05,1.0,0.0,9.015453982452662,0.16508796891508262,0.0
0.4500557675700497,1.0,3.16e-05,1.0,3.3333333333333335e-05,9.015453982452662,0.16508796891508262,360.61815929810655
0.4500557675700497,1.0,3.98e-05,1.0,0.0,9.015453982452662,0.16508796891508262,0.0
0.4500557675700497,1.0,5.01e-05,1.0,0.0001,9.015453982452662,0.16508796891508262,1081.8544778943194
0.4500557675700497,1.0,6.31e-05,1.0,0.00016666666666666666,9.015453982452662,0.16508796891508262,1803.0907964905325
0.4500557675700497,1.0,7.94e-05,1.0,6.666666666666667e-05,9.015453982452662,0.16508796891508262,721.2363185962131
0.4500557675700497,1.0,0.0001,1.0,0.0002666666666666667,9.015453982452662,0.16508796891508262,2884.9452743848524
0.4500557675700497,1.0,0.000126,1.0,0.00036666666666666667,9.015453982452662,0.16508796891508262,3966.799752279172
0.4500557675700497,1.0,0.000158,1.0,0.0007,9.015453982452662,0.16508796891508262,7572.981345260237
0.4500557675700497,1.0,0.0002,1.0,0.001,9.015453982452662,0.16508796891508262,10818.544778943195
0.4500557675700497,1.0,0.000251,1.0,0.0014666666666666667,9.015453982452662,0.16508796891508262,15867.199009116688
0.4500557675700497,1.0,0.000316,1.0,0.0017333333333333333,9.015453982452662,0.16508796891508262,18752.144283501537
0.4500557675700497,1.0,0.000398,1.0,0.003266666666666667,9.015453982452662,0.16508796891508262,35340.57961121444
0.4500557675700497,1.0,0.000501,1.0,0.005033333333333333,9.015453982452662,0.16508796891508262,54453.34205401409
0.4500557675700497,1.0,0.000631,1.0,0.006166666666666667,9.015453982452662,0.16508796891508262,66714.3594701497
0.4500557675700497,1.0,0.000794,1.0,0.008366666666666666,9.015453982452662,0.16508796891508262,90515.15798382473
0.4500557675700497,1.0,0.001,1.0,0.007266666666666667,9.015453982452662,0.16508796891508262,78614.75872698722
0.4500557675700497,1.0,0.00126,1.0,0.0081,9.015453982452662,0.16508796891508262,87630.21270943987
0.4500557675700497,1.0,0.00158,1.0,0.004066666666666666,9.015453982452662,0.16508796891508262,43995.41543436899
0.4500557675700497,1.0,0.002,1.0,0.0021,9.015453982452662,0.16508796891508262,22718.944035780707
0.4500557675700497,1.0,0.00251,1.0,0.0006666666666666666,9.015453982452662,0.16508796891508262,7212.36318596213
0.4500557675700497,1.0,0.00316,1.0,6.666666666666667e-05,9.015453982452662,0.16508796891508262,721.2363185962131
0.4500557675700497,1.0,0.00398,1.0,6.666666666666667e-05,9.015453982452662,0.16508796891508262,721.2363185962131
0.4500557675700497,1.0,0.00501,1.0,0.0,9.015453982452662,0.16508796891508262,0.0
0.4500557675700497,1.0,0.00631,1.0,0.0,9.015453982452662,0.16508796891508262,0.0
0.4713753134116724,1.0,1e-06,1.0,0.0,9.733972512642657,0.1782452391987302,0.0
0.4713753134116724,1.0,1.26e-06,1.0,0.0,9.733972512642657,0.1782452391987302,0.0
0.4713753134116724,1.0,1.58e-06,1.0,0.0,9.733972512642657,0.1782452391987302,0.0
0.4713753134116724,1.0,2e-06,1.0,0.0,9.733972512642657,0.1782452391987302,0.0
0.4713753134116724,1.0,2.51e-06,1.0,0.0,9.733972512642657,0.1782452391987302,0.0
0.4713753134116724,1.0,3.16e-06,1.0,0.0,9.733972512642657,0.1782452391987302,0.0
0.4713753134116724,1.0,3.98e-06,1.0,0.0,9.733972512642657,0.1782452391987302,0.0
0.4713753134116724,1.0,5.01e-06,1.0,0.0,9.733972512642657,0.1782452391987302,0.0
0.4713753134116724,1.0,6.31e-06,1.0,0.0,9.733972512642657,0.1782452391987302,0.0
0.4713753134116724,1.0,7.94e-06,1.0,0.0,9.733972512642657,0.1782452391987302,0.0
0.4713753134116724,1.0,1e-05,1.0,0.0,9.733972512642657,0.1782452391987302,0.0
0.4713753134116724,1.0,1.26e-05,1.0,0.0,9.733972512642657,0.1782452391987302,0.0
0.4713753134116724,1.0,1.58e-05,1.0,0.0,9.733972512642657,0.1782452391987302,0.0
0.4713753134116724,1.0,2e-05,1.0,3.3333333333333335e-05,9.733972512642657,0.1782452391987302,389.3589005057063
0.4713753134116724,1.0,2.51e-05,1.0,0.0,9.733972512642657,0.1782452391987302,0.0
0.4713753134116724,1.0,3.16e-05,1.0,3.3333333333333335e-05,9.733972512642657,0.1782452391987302,389.3589005057063
0.4713753134116724,1.0,3.98e-05,1.0,0.0,9.733972512642657,0.1782452391987302,0.0
0.4713753134116724,1.0,5.01e-05,1.0,0.0001,9.733972512642657,0.1782452391987302,1168.0767015171189
0.4713753134116724,1.0,6.31e-05,1.0,0.00016666666666666666,9.733972512642657,0.1782452391987302,1946.7945025285314
0.4713753134116724,1.0,7.94e-05,1.0,6.666666666666667e-05,9.733972512642657,0.1782452391987302,778.7178010114126
0.4713753134116724,1.0,0.0001,1.0,0.0002666666666666667,9.733972512642657,0.1782452391987302,3114.8712040456503
0.4713753134116724,1.0,0.000126,1.0,0.00036666666666666667,9.733972512642657,0.1782452391987302,4282.94790556277
0.4713753134116724,1.0,0.000158,1.0,0.0007,9.733972512642657,0.1782452391987302,8176.536910619831
0.4713753134116724,1.0,0.0002,1.0,0.001,9.733972512642657,0.1782452391987302,11680.767015171188
0.4713753134116724,1.0,0.000251,1.0,0.0014666666666666667,9.733972512642657,0.1782452391987302,17131.79162225108
0.4713753134116724,1.0,0.000316,1.0,0.0017333333333333333,9.733972512642657,0.1782452391987302,20246.662826296728
0.4713753134116724,1.0,0.000398,1.0,0.003266666666666667,9.733972512642657,0.1782452391987302,38157.17224955922
0.4713753134116724,1.0,0.000501,1.0,0.005033333333333333,9.733972512642657,0.1782452391987302,58793.19397636165
0.4713753134116724,1.0,0.000631,1.0,0.006166666666666667,9.733972512642657,0.1782452391987302,72031.39659355566
0.4713753134116724,1.0,0.000794,1.0,0.008366666666666666,9.733972512642657,0.1782452391987302,97729.08402693228
0.4713753134116724,1.0,0.001,1.0,0.007266666666666667,9.733972512642657,0.1782452391987302,84880.24031024397
0.4713753134116724,1.0,0.00126,1.0,0.0081,9.733972512642657,0.1782452391987302,94614.21282288662
0.4713753134116724,1.0,0.00158,1.0,0.004066666666666666,9.733972512642657,0.1782452391987302,47501.78586169617
0.4713753134116724,1.0,0.002,1.0,0.0021,9.733972512642657,0.1782452391987302,24529.610731859495
0.4713753134116724,1.0,0.00251,1.0,0.0006666666666666666,9.733972512642657,0.1782452391987302,7787.178010114126
0.4713753134116724,1.0,0.00316,1.0,6.666666666666667e-05,9.733972512642657,0.1782452391987302,778.7178010114126
0.4713753134116724,1.0,0.00398,1.0,6.666666666666667e-05,9.733972512642657,0.1782452391987302,778.7178010114126
0.4713753134116724,1.0,0.00501,1.0,0.0,9.733972512642657,0.1782452391987302,0.0
0.4713753134116724,1.0,0.00631,1.0,0.0,9.733972512642657,0.1782452391987302,0.0
0.4937047852839004,1.0,1e-06,1.0,0.0,10.496572656988254,0.19220971721274957,0.0
0.4937047852839004,1.0,1.26e-06,1.0,0.0,10.496572656988254,0.19220971721274957,0.0
0.4937047852839004,1.0,1.58e-06,1.0,0.0,10.496572656988254,0.19220971721274957,0.0
0.4937047852839004,1.0,2e-06,1.0,0.0,10.496572656988254,0.19220971721274957,0.0
0.4937047852839004,1.0,2.51e-06,1.0,0.0,10.496572656988254,0.19220971721274957,0.0
0.4937047852839004,1.0,3.16e-06,1.0,0.0,10.496572656988254,0.19220971721274957,0.0
0.4937047852839004,1.0,3.98e-06,1.0,0.0,10.496572656988254,0.19220971721274957,0.0
0.4937047852839004,1.0,5.01e-06,1.0,0.0,10.496572656988254,0.19220971721274957,0.0
0.4937047852839004,1.0,6.31e-06,1.0,0.0,10.496572656988254,0.19220971721274957,0.0
0.4937047852839004,1.0,7.94e-06,1.0,0.0,10.496572656988254,0.19220971721274957,0.0
0.4937047852839004,1.0,1e-05,1.0,0.0,10.496572656988254,0.19220971721274957,0.0
0.4937047852839004,1.0,1.26e-05,1.0,0.0,10.496572656988254,0.19220971721274957,0.0
0.4937047852839004,1.0,1.58e-05,1.0,0.0,10.496572656988254,0.19220971721274957,0.0
0.4937047852839004,1.0,2e-05,1.0,3.3333333333333335e-05,10.496572656988254,0.19220971721274957,419.86290627953025
0.4937047852839004,1.0,2.51e-05,1.0,0.0,10.496572656988254,0.19220971721274957,0.0
0.4937047852839004,1.0,3.16e-05,1.0,3.3333333333333335e-05,10.496572656988254,0.19220971721274957,419.86290627953025
0.4937047852839004,1.0,3.98e-05,1.0,0.0,10.496572656988254,0.19220971721274957,0.0
0.4937047852839004,1.0,5.01e-05,1.0,0.0001,10.496572656988254,0.19220971721274957,1259.5887188385907
0.4937047852839004,1.0,6.31e-05,1.0,0.00016666666666666666,10.496572656988254,0.19220971721274957,2099.3145313976506
0.4937047852839004,1.0,7.94e-05,1.0,6.666666666666667e-05,10.496572656988254,0.19220971721274957,839.7258125590605
0.4937047852839004,1.0,0.0001,1.0,0.0002666666666666667,10.496572656988254,0.19220971721274957,3358.903250236242
0.4937047852839004,1.0,0.000126,1.0,0.00036666666666666667,10.496572656988254,0.19220971721274957,4618.491969074832
0.4937047852839004,1.0,0.000158,1.0,0.0007,10.496572656988254,0.19220971721274957,8817.121031870134
0.4937047852839004,1.0,0.0002,1.0,0.001,10.496572656988254,0.19220971721274957,12595.887188385906
0.4937047852839004,1.0,0.000251,1.0,0.0014666666666666667,10.496572656988254,0.19220971721274957,18473.967876299328
0.4937047852839004,1.0,0.000316,1.0,0.0017333333333333333,10.496572656988254,0.19220971721274957,21832.871126535567
0.4937047852839004,1.0,0.000398,1.0,0.003266666666666667,10.496572656988254,0.19220971721274957,41146.56481539396
0.4937047852839004,1.0,0.000501,1.0,0.005033333333333333,10.496572656988254,0.19220971721274957,63399.29884820906
0.4937047852839004,1.0,0.000631,1.0,0.006166666666666667,10.496572656988254,0.19220971721274957,77674.63766171309
0.4937047852839004,1.0,0.000794,1.0,0.008366666666666666,10.496572656988254,0.19220971721274957,105385.58947616209
0.4937047852839004,1.0,0.001,1.0,0.007266666666666667,10.496572656988254,0.19220971721274957,91530.11356893758
0.4937047852839004,1.0,0.00126,1.0,0.0081,10.496572656988254,0.19220971721274957,102026.68622592583
0.4937047852839004,1.0,0.00158,1.0,0.004066666666666666,10.496572656988254,0.19220971721274957,51223.274566102686
0.4937047852839004,1.0,0.002,1.0,0.0021,10.496572656988254,0.19220971721274957,26451.3630956104
0.4937047852839004,1.0,0.00251,1.0,0.0006666666666666666,10.496572656988254,0.19220971721274957,8397.258125590603
0.4937047852839004,1.0,0.00316,1.0,6.666666666666667e-05,10.496572656988254,0.19220971721274957,839.7258125590605
0.4937047852839004,1.0,0.00398,1.0,6.666666666666667e-05,10.496572656988254,0.19220971721274957,839.7258125590605
0.4937047852839004,1.0,0.00501,1.0,0.0,10.496572656988254,0.19220971721274957,0.0
0.4937047852839004,1.0,0.00631,1.0,0.0,10.496572656988254,0.19220971721274957,0.0
0.517092024289676,1.0,1e-06,1.0,0.0,11.303868786356437,0.20699265311035409,0.0
0.517092024289676,1.0,1.26e-06,1.0,0.0,11.303868786356437,0.20699265311035409,0.0
0.517092024289676,1.0,1.58e-06,1.0,0.0,11.303868786356437,0.20699265311035409,0.0
0.517092024289676,1.0,2e-06,1.0,0.0,11.303868786356437,0.20699265311035409,0.0
0.517092024289676,1.0,2.51e-06,1.0,0.0,11.303868786356437,0.20699265311035409,0.0
0.517092024289676,1.0,3.16e-06,1.0,0.0,11.303868786356437,0.20699265311035409,0.0
0.517092024289676,1.0,3.98e-06,1.0,0.0,11.303868786356437,0.20699265311035409,0.0
0.517092024289676,1.0,5.01e-06,1.0,0.0,11.303868786356437,0.20699265311035409,0.0
0.517092024289676,1.0,6.31e-06,1.0,0.0,11.303868786356437,0.20699265311035409,0.0
0.517092024289676,1.0,7.94e-06,1.0,0.0,11.303868786356437,0.20699265311035409,0.0
0.517092024289676,1.0,1e-05,1.0,0.0,11.303868786356437,0.20699265311035409,0.0
0.517092024289676,1.0,1.26e-05,1.0,0.0,11.303868786356437,0.20699265311035409,0.0
0.517092024289676,1.0,1.58e-05,1.0,0.0,11.303868786356437,0.20699265311035409,0.0
0.517092024289676,1.0,2e-05,1.0,3.3333333333333335e-05,11.303868786356437,0.20699265311035409,452.15475145425756
0.517092024289676,1.0,2.51e-05,1.0,0.0,11.303868786356437,0.20699265311035409,0.0
0.517092024289676,1.0,3.16e-05,1.0,3.3333333333333335e-05,11.303868786356437,0.20699265311035409,452.15475145425756
0.517092024289676,1.0,3.98e-05,1.0,0.0,11.303868786356437,0.20699265311035409,0.0
0.517092024289676,1.0,5.01e-05,1.0,0.0001,11.303868786356437,0.20699265311035409,1356.4642543627724
0.517092024289676,1.0,6.31e-05,1.0,0.00016666666666666666,11.303868786356437,0.20699265311035409,2260.773757271287
0.517092024289676,1.0,7.94e-05,1.0,6.666666666666667e-05,11.303868786356437,0.20699265311035409,904.3095029085151
0.517092024289676,1.0,0.0001,1.0,0.0002666666666666667,11.303868786356437,0.20699265311035409,3617.2380116340605
0.517092024289676,1.0,0.000126,1.0,0.00036666666666666667,11.303868786356437,0.20699265311035409,4973.7022659968325
0.517092024289676,1.0,0.000158,1.0,0.0007,11.303868786356437,0.20699265311035409,9495.249780539407
0.517092024289676,1.0,0.0002,1.0,0.001,11.303868786356437,0.20699265311035409,13564.642543627724
0.517092024289676,1.0,0.000251,1.0,0.0014666666666666667,11.303868786356437,0.20699265311035409,19894.80906398733
0.517092024289676,1.0,0.000316,1.0,0.0017333333333333333,11.303868786356437,0.20699265311035409,23512.04707562139
0.517092024289676,1.0,0.000398,1.0,0.003266666666666667,11.303868786356437,0.20699265311035409,44311.16564251724
0.517092024289676,1.0,0.000501,1.0,0.005033333333333333,11.303868786356437,0.20699265311035409,68275.36746959288
0.517092024289676,1.0,0.000631,1.0,0.006166666666666667,11.303868786356437,0.20699265311035409,83648.62901903765
0.517092024289676,1.0,0.000794,1.0,0.008366666666666666,11.303868786356437,0.20699265311035409,113490.84261501863
0.517092024289676,1.0,0.001,1.0,0.007266666666666667,11.303868786356437,0.20699265311035409,98569.73581702814
0.517092024289676,1.0,0.00126,1.0,0.0081,11.303868786356437,0.20699265311035409,109873.60460338456
0.517092024289676,1.0,0.00158,1.0,0.004066666666666666,11.303868786356437,0.20699265311035409,55162.87967741941
0.517092024289676,1.0,0.002,1.0,0.0021,11.303868786356437,0.20699265311035409,28485.74934161822
0.517092024289676,1.0,0.00251,1.0,0.0006666666666666666,11.303868786356437,0.20699265311035409,9043.095029085149
0.517092024289676,1.0,0.00316,1.0,6.666666666666667e-05,11.303868786356437,0.20699265311035409,904.3095029085151
0.517092024289676,1.0,0.00398,1.0,6.666666666666667e-05,11.303868786356437,0.20699265311035409,904.3095029085151
0.517092024289676,1.0,0.00501,1.0,0.0,11.303868786356437,0.20699265311035409,0.0
0.517092024289676,1.0,0.00631,1.0,0.0,11.303868786356437,0.20699265311035409,0.0
0.5415871378079471,1.0,1e-06,1.0,0.0,12.15614468951381,0.22259924353623534,0.0
0.5415871378079471,1.0,1.26e-06,1.0,0.0,12.15614468951381,0.22259924353623534,0.0
0.5415871378079471,1.0,1.58e-06,1.0,0.0,12.15614468951381,0.22259924353623534,0.0
0.5415871378079471,1.0,2e-06,1.0,0.0,12.15614468951381,0.22259924353623534,0.0
0.5415871378079471,1.0,2.51e-06,1.0,0.0,12.15614468951381,0.22259924353623534,0.0
0.5415871378079471,1.0,3.16e-06,1.0,0.0,12.15614468951381,0.22259924353623534,0.0
0.5415871378079471,1.0,3.98e-06,1.0,0.0,12.15614468951381,0.22259924353623534,0.0
0.5415871378079471,1.0,5.01e-06,1.0,0.0,12.15614468951381,0.22259924353623534,0.0
0.5415871378079471,1.0,6.31e-06,1.0,0.0,12.15614468951381,0.22259924353623534,0.0
0.5415871378079471,1.0,7.94e-06,1.0,0.0,12.15614468951381,0.22259924353623534,0.0
0.5415871378079471,1.0,1e-05,1.0,0.0,12.15614468951381,0.22259924353623534,0.0
0.5415871378079471,1.0,1.26e-05,1.0,0.0,12.15614468951381,0.22259924353623534,0.0
0.5415871378079471,1.0,1.58e-05,1.0,0.0,12.15614468951381,0.22259924353623534,0.0
0.5415871378079471,1.0,2e-05,1.0,3.3333333333333335e-05,12.15614468951381,0.22259924353623534,486.2457875805524
0.5415871378079471,1.0,2.51e-05,1.0,0.0,12.15614468951381,0.22259924353623534,0.0
0.5415871378079471,1.0,3.16e-05,1.0,3.3333333333333335e-05,12.15614468951381,0.22259924353623534,486.2457875805524
0.5415871378079471,1.0,3.98e-05,1.0,0.0,12.15614468951381,0.22259924353623534,0.0
0.5415871378079471,1.0,5.01e-05,1.0,0.0001,12.15614468951381,0.22259924353623534,1458.7373627416573
0.5415871378079471,1.0,6.31e-05,1.0,0.00016666666666666666,12.15614468951381,0.22259924353623534,2431.228937902762
0.5415871378079471,1.0,7.94e-05,1.0,6.666666666666667e-05,12.15614468951381,0.22259924353623534,972.4915751611048
0.5415871378079471,1.0,0.0001,1.0,0.0002666666666666667,12.15614468951381,0.22259924353623534,3889.9663006444193
0.5415871378079471,1.0,0.000126,1.0,0.00036666666666666667,12.15614468951381,0.22259924353623534,5348.703663386077
0.5415871378079471,1.0,0.000158,1.0,0.0007,12.15614468951381,0.22259924353623534,10211.1615391916
0.5415871378079471,1.0,0.0002,1.0,0.001,12.15614468951381,0.22259924353623534,14587.373627416571
0.5415871378079471,1.0,0.000251,1.0,0.0014666666666666667,12.15614468951381,0.22259924353623534,21394.81465354431
0.5415871378079471,1.0,0.000316,1.0,0.0017333333333333333,12.15614468951381,0.22259924353623534,25284.780954188725
0.5415871378079471,1.0,0.000398,1.0,0.003266666666666667,12.15614468951381,0.22259924353623534,47652.087182894145
0.5415871378079471,1.0,0.000501,1.0,0.005033333333333333,12.15614468951381,0.22259924353623534,73423.11392466341
0.5415871378079471,1.0,0.000631,1.0,0.006166666666666667,12.15614468951381,0.22259924353623534,89955.47070240219
0.5415871378079471,1.0,0.000794,1.0,0.008366666666666666,12.15614468951381,0.22259924353623534,122047.69268271865
0.5415871378079471,1.0,0.001,1.0,0.007266666666666667,12.15614468951381,0.22259924353623534,106001.58169256044
0.5415871378079471,1.0,0.00126,1.0,0.0081,12.15614468951381,0.22259924353623534,118157.72638207424
0.5415871378079471,1.0,0.00158,1.0,0.004066666666666666,12.15614468951381,0.22259924353623534,59321.98608482739
0.5415871378079471,1.0,0.002,1.0,0.0021,12.15614468951381,0.22259924353623534,30633.4846175748
0.5415871378079471,1.0,0.00251,1.0,0.0006666666666666666,12.15614468951381,0.22259924353623534,9724.915751611048
0.5415871378079471,1.0,0.00316,1.0,6.666666666666667e-05,12.15614468951381,0.22259924353623534,972.4915751611048
0.5415871378079471,1.0,0.00398,1.0,6.666666666666667e-05,12.15614468951381,0.22259924353623534,972.4915751611048
0.5415871378079471,1.0,0.00501,1.0,0.0,12.15614468951381,0.22259924353623534,0.0
0.5415871378079471,1.0,0.00631,1.0,0.0,12.15614468951381,0.22259924353623534,0.0
0.5672426068491978,1.0,1e-06,1.0,0.0,13.053310612383815,0.23902784494385304,0.0
0.5672426068491978,1.0,1.26e-06,1.0,0.0,13.053310612383815,0.23902784494385304,0.0
0.5672426068491978,1.0,1.58e-06,1.0,0.0,13.053310612383815,0.23902784494385304,0.0
0.5672426068491978,1.0,2e-06,1.0,0.0,13.053310612383815,0.23902784494385304,0.0
0.5672426068491978,1.0,2.51e-06,1.0,0.0,13.053310612383815,0.23902784494385304,0.0
0.5672426068491978,1.0,3.16e-06,1.0,0.0,13.053310612383815,0.23902784494385304,0.0
0.5672426068491978,1.0,3.98e-06,1.0,0.0,13.053310612383815,0.23902784494385304,0.0
0.5672426068491978,1.0,5.01e-06,1.0,0.0,13.053310612383815,0.23902784494385304,0.0
0.5672426068491978,1.0,6.31e-06,1.0,0.0,13.053310612383815,0.23902784494385304,0.0
0.5672426068491978,1.0,7.94e-06,1.0,0.0,13.053310612383815,0.23902784494385304,0.0
0.5672426068491978,1.0,1e-05,1.0,0.0,13.053310612383815,0.23902784494385304,0.0
0.5672426068491978,1.0,1.26e-05,1.0,0.0,13.053310612383815,0.23902784494385304,0.0
0.5672426068491978,1.0,1.58e-05,1.0,0.0,13.053310612383815,0.23902784494385304,0.0
0.5672426068491978,1.0,2e-05,1.0,3.3333333333333335e-05,13.053310612383815,0.23902784494385304,522.1324244953527
0.5672426068491978,1.0,2.51e-05,1.0,0.0,13.053310612383815,0.23902784494385304,0.0
0.5672426068491978,1.0,3.16e-05,1.0,3.3333333333333335e-05,13.053310612383815,0.23902784494385304,522.1324244953527
0.5672426068491978,1.0,3.98e-05,1.0,0.0,13.053310612383815,0.23902784494385304,0.0
0.5672426068491978,1.0,5.01e-05,1.0,0.0001,13.053310612383815,0.23902784494385304,1566.397273486058
0.5672426068491978,1.0,6.31e-05,1.0,0.00016666666666666666,13.053310612383815,0.23902784494385304,2610.662122476763
0.5672426068491978,1.0,7.94e-05,1.0,6.666666666666667e-05,13.053310612383815,0.23902784494385304,1044.2648489907053
0.5672426068491978,1.0,0.0001,1.0,0.0002666666666666667,13.053310612383815,0.23902784494385304,4177.059395962821
0.5672426068491978,1.0,0.000126,1.0,0.00036666666666666667,13.053310612383815,0.23902784494385304,5743.4566694488785
0.5672426068491978,1.0,0.000158,1.0,0.0007,13.053310612383815,0.23902784494385304,10964.780914402407
0.5672426068491978,1.0,0.0002,1.0,0.001,13.053310612383815,0.23902784494385304,15663.97273486058
0.5672426068491978,1.0,0.000251,1.0,0.0014666666666666667,13.053310612383815,0.23902784494385304,22973.826677795514
0.5672426068491978,1.0,0.000316,1.0,0.0017333333333333333,13.053310612383815,0.23902784494385304,27150.886073758338
0.5672426068491978,1.0,0.000398,1.0,0.003266666666666667,13.053310612383815,0.23902784494385304,51168.97760054456
0.5672426068491978,1.0,0.000501,1.0,0.005033333333333333,13.053310612383815,0.23902784494385304,78841.99609879825
0.5672426068491978,1.0,0.000631,1.0,0.006166666666666667,13.053310612383815,0.23902784494385304,96594.49853164023
0.5672426068491978,1.0,0.000794,1.0,0.008366666666666666,13.053310612383815,0.23902784494385304,131055.23854833351
0.5672426068491978,1.0,0.001,1.0,0.007266666666666667,13.053310612383815,0.23902784494385304,113824.86853998688
0.5672426068491978,1.0,0.00126,1.0,0.0081,13.053310612383815,0.23902784494385304,126878.17915237069
0.5672426068491978,1.0,0.00158,1.0,0.004066666666666666,13.053310612383815,0.23902784494385304,63700.15578843302
0.5672426068491978,1.0,0.002,1.0,0.0021,13.053310612383815,0.23902784494385304,32894.34274320721
0.5672426068491978,1.0,0.00251,1.0,0.0006666666666666666,13.053310612383815,0.23902784494385304,10442.648489907053
0.5672426068491978,1.0,0.00316,1.0,6.666666666666667e-05,13.053310612383815,0.23902784494385304,1044.2648489907053
0.5672426068491978,1.0,0.00398,1.0,6.666666666666667e-05,13.053310612383815,0.23902784494385304,1044.2648489907053
0.5672426068491978,1.0,0.00501,1.0,0.0,13.053310612383815,0.23902784494385304,0.0
0.5672426068491978,1.0,0.00631,1.0,0.0,13.053310612383815,0.23902784494385304,0.0
0.5941133984965034,1.0,1e-06,1.0,0.0,13.994863153564978,0.25626923921561945,0.0
0.5941133984965034,1.0,1.26e-06,1.0,0.0,13.994863153564978,0.25626923921561945,0.0
0.5941133984965034,1.0,1.58e-06,1.0,0.0,13.994863153564978,0.25626923921561945,0.0
0.5941133984965034,1.0,2e-06,1.0,0.0,13.994863153564978,0.25626923921561945,0.0
0.5941133984965034,1.0,2.51e-06,1.0,0.0,13.994863153564978,0.25626923921561945,0.0
0.5941133984965034,1.0,3.16e-06,1.0,0.0,13.994863153564978,0.25626923921561945,0.0
0.5941133984965034,1.0,3.98e-06,1.0,0.0,13.994863153564978,0.25626923921561945,0.0
0.5941133984965034,1.0,5.01e-06,1.0,0.0,13.994863153564978,0.25626923921561945,0.0
0.5941133984965034,1.0,6.31e-06,1.0,0.0,13.994863153564978,0.25626923921561945,0.0
0.5941133984965034,1.0,7.94e-06,1.0,0.0,13.994863153564978,0.25626923921561945,0.0
0.5941133984965034,1.0,1e-05,1.0,0.0,13.994863153564978,0.25626923921561945,0.0
0.5941133984965034,1.0,1.26e-05,1.0,0.0,13.994863153564978,0.25626923921561945,0.0
0.5941133984965034,1.0,1.58e-05,1.0,0.0,13.994863153564978,0.25626923921561945,0.0
0.5941133984965034,1.0,2e-05,1.0,3.3333333333333335e-05,13.994863153564978,0.25626923921561945,559.7945261425991
0.5941133984965034,1.0,2.51e-05,1.0,0.0,13.994863153564978,0.25626923921561945,0.0
0.5941133984965034,1.0,3.16e-05,1.0,3.3333333333333335e-05,13.994863153564978,0.25626923921561945,559.7945261425991
0.5941133984965034,1.0,3.98e-05,1.0,0.0,13.994863153564978,0.25626923921561945,0.0
0.5941133984965034,1.0,5.01e-05,1.0,0.0001,13.994863153564978,0.25626923921561945,1679.3835784277974
0.5941133984965034,1.0,6.31e-05,1.0,0.00016666666666666666,13.994863153564978,0.25626923921561945,2798.9726307129954
0.5941133984965034,1.0,7.94e-05,1.0,6.666666666666667e-05,13.994863153564978,0.25626923921561945,1119.5890522851982
0.5941133984965034,1.0,0.0001,1.0,0.0002666666666666667,13.994863153564978,0.25626923921561945,4478.356209140793
0.5941133984965034,1.0,0.000126,1.0,0.00036666666666666667,13.994863153564978,0.25626923921561945,6157.73978756859
0.5941133984965034,1.0,0.000158,1.0,0.0007,13.994863153564978,0.25626923921561945,11755.685048994581
0.5941133984965034,1.0,0.0002,1.0,0.001,13.994863153564978,0.25626923921561945,16793.835784277973
0.5941133984965034,1.0,0.000251,1.0,0.0014666666666666667,13.994863153564978,0.25626923921561945,24630.95915027436
0.5941133984965034,1.0,0.000316,1.0,0.0017333333333333333,13.994863153564978,0.25626923921561945,29109.31535941515
0.5941133984965034,1.0,0.000398,1.0,0.003266666666666667,13.994863153564978,0.25626923921561945,54859.863561974715
0.5941133984965034,1.0,0.000501,1.0,0.005033333333333333,13.994863153564978,0.25626923921561945,84528.97344753247
0.5941133984965034,1.0,0.000631,1.0,0.006166666666666667,13.994863153564978,0.25626923921561945,103561.98733638083
0.5941133984965034,1.0,0.000794,1.0,0.008366666666666666,13.994863153564978,0.25626923921561945,140508.4260617924
0.5941133984965034,1.0,0.001,1.0,0.007266666666666667,13.994863153564978,0.25626923921561945,122035.20669908662
0.5941133984965034,1.0,0.00126,1.0,0.0081,13.994863153564978,0.25626923921561945,136030.06985265156
0.5941133984965034,1.0,0.00158,1.0,0.004066666666666666,13.994863153564978,0.25626923921561945,68294.93218939709
0.5941133984965034,1.0,0.002,1.0,0.0021,13.994863153564978,0.25626923921561945,35267.05514698374
0.5941133984965034,1.0,0.00251,1.0,0.0006666666666666666,13.994863153564978,0.25626923921561945,11195.890522851982
0.5941133984965034,1.0,0.00316,1.0,6.666666666666667e-05,13.994863153564978,0.25626923921561945,1119.5890522851982
0.5941133984965034,1.0,0.00398,1.0,6.666666666666667e-05,13.994863153564978,0.25626923921561945,1119.5890522851982
0.5941133984965034,1.0,0.00501,1.0,0.0,13.994863153564978,0.25626923921561945,0.0
0.5941133984965034,1.0,0.00631,1.0,0.0,13.994863153564978,0.25626923921561945,0.0
0.6222570836730231,1.0,1e-06,1.0,0.0,14.97984979607202,0.27430598418004065,0.0
0.6222570836730231,1.0,1.26e-06,1.0,0.0,14.97984979607202,0.27430598418004065,0.0
0.6222570836730231,1.0,1.58e-06,1.0,0.0,14.97984979607202,0.27430598418004065,0.0
0.6222570836730231,1.0,2e-06,1.0,0.0,14.97984979607202,0.27430598418004065,0.0
0.6222570836730231,1.0,2.51e-06,1.0,0.0,14.97984979607202,0.27430598418004065,0.0
0.6222570836730231,1.0,3.16e-06,1.0,0.0,14.97984979607202,0.27430598418004065,0.0
0.6222570836730231,1.0,3.98e-06,1.0,0.0,14.97984979607202,0.27430598418004065,0.0
0.6222570836730231,1.0,5.01e-06,1.0,0.0,14.97984979607202,0.27430598418004065,0.0
0.6222570836730231,1.0,6.31e-06,1.0,0.0,14.97984979607202,0.27430598418004065,0.0
0.6222570836730231,1.0,7.94e-06,1.0,0.0,14.97984979607202,0.27430598418004065,0.0
0.6222570836730231,1.0,1e-05,1.0,0.0,14.97984979607202,0.27430598418004065,0.0
0.6222570836730231,1.0,1.26e-05,1.0,0.0,14.97984979607202,0.27430598418004065,0.0
0.6222570836730231,1.0,1.58e-05,1.0,0.0,14.97984979607202,0.27430598418004065,0.0
0.6222570836730231,1.0,2e-05,1.0,3.3333333333333335e-05,14.97984979607202,0.27430598418004065,599.1939918428809
0.6222570836730231,1.0,2.51e-05,1.0,0.0,14.97984979607202,0.27430598418004065,0.0
0.6222570836730231,1.0,3.16e-05,1.0,3.3333333333333335e-05,14.97984979607202,0.27430598418004065,599.1939918428809
0.6222570836730231,1.0,3.98e-05,1.0,0.0,14.97984979607202,0.27430598418004065,0.0
0.6222570836730231,1.0,5.01e-05,1.0,0.0001,14.97984979607202,0.27430598418004065,1797.5819755286427
0.6222570836730231,1.0,6.31e-05,1.0,0.00016666666666666666,14.97984979607202,0.27430598418004065,2995.9699592144043
0.6222570836730231,1.0,7.94e-05,1.0,6.666666666666667e-05,14.97984979607202,0.27430598418004065,1198.3879836857618
0.6222570836730231,1.0,0.0001,1.0,0.0002666666666666667,14.97984979607202,0.27430598418004065,4793.551934743047
0.6222570836730231,1.0,0.000126,1.0,0.00036666666666666667,14.97984979607202,0.27430598418004065,6591.13391027169
0.6222570836730231,1.0,0.000158,1.0,0.0007,14.97984979607202,0.27430598418004065,12583.073828700499
0.6222570836730231,1.0,0.0002,1.0,0.001,14.97984979607202,0.27430598418004065,17975.819755286426
0.6222570836730231,1.0,0.000251,1.0,0.0014666666666666667,14.97984979607202,0.27430598418004065,26364.53564108676
0.6222570836730231,1.0,0.000316,1.0,0.0017333333333333333,14.97984979607202,0.27430598418004065,31158.087575829806
0.6222570836730231,1.0,0.000398,1.0,0.003266666666666667,14.97984979607202,0.27430598418004065,58721.011200602334
0.6222570836730231,1.0,0.000501,1.0,0.005033333333333333,14.97984979607202,0.27430598418004065,90478.29276827502
0.6222570836730231,1.0,0.000631,1.0,0.006166666666666667,14.97984979607202,0.27430598418004065,110850.88849093295
0.6222570836730231,1.0,0.000794,1.0,0.008366666666666666,14.97984979607202,0.27430598418004065,150397.6919525631
0.6222570836730231,1.0,0.001,1.0,0.007266666666666667,14.97984979607202,0.27430598418004065,130624.29022174804
0.6222570836730231,1.0,0.00126,1.0,0.0081,14.97984979607202,0.27430598418004065,145604.14001782003
0.6222570836730231,1.0,0.00158,1.0,0.004066666666666666,14.97984979607202,0.27430598418004065,73101.66700483147
0.6222570836730231,1.0,0.002,1.0,0.0021,14.97984979607202,0.27430598418004065,37749.221486101495
0.6222570836730231,1.0,0.00251,1.0,0.0006666666666666666,14.97984979607202,0.27430598418004065,11983.879836857617
0.6222570836730231,1.0,0.00316,1.0,6.666666666666667e-05,14.97984979607202,0.27430598418004065,1198.3879836857618
0.6222570836730231,1.0,0.00398,1.0,6.666666666666667e-05,14.97984979607202,0.27430598418004065,1198.3879836857618
0.6222570836730231,1.0,0.00501,1.0,0.0,14.97984979607202,0.27430598418004065,0.0
0.6222570836730231,1.0,0.00631,1.0,0.0,14.97984979607202,0.27430598418004065,0.0
0.6517339604882427,1.0,1e-06,1.0,0.0,16.006839956250683,0.29311188346915734,0.0
0.6517339604882427,1.0,1.26e-06,1.0,0.0,16.006839956250683,0.29311188346915734,0.0
0.6517339604882427,1.0,1.58e-06,1.0,0.0,16.006839956250683,0.29311188346915734,0.0
0.6517339604882427,1.0,2e-06,1.0,0.0,16.006839956250683,0.29311188346915734,0.0
0.6517339604882427,1.0,2.51e-06,1.0,0.0,16.006839956250683,0.29311188346915734,0.0
0.6517339604882427,1.0,3.16e-06,1.0,0.0,16.006839956250683,0.29311188346915734,0.0
0.6517339604882427,1.0,3.98e-06,1.0,0.0,16.006839956250683,0.29311188346915734,0.0
0.6517339604882427,1.0,5.01e-06,1.0,0.0,16.006839956250683,0.29311188346915734,0.0
0.6517339604882427,1.0,6.31e-06,1.0,0.0,16.006839956250683,0.29311188346915734,0.0
0.6517339604882427,1.0,7.94e-06,1.0,0.0,16.006839956250683,0.29311188346915734,0.0
0.6517339604882427,1.0,1e-05,1.0,0.0,16.006839956250683,0.29311188346915734,0.0
0.6517339604882427,1.0,1.26e-05,1.0,0.0,16.006839956250683,0.29311188346915734,0.0
0.6517339604882427,1.0,1.58e-05,1.0,0.0,16.006839956250683,0.29311188346915734,0.0
0.6517339604882427,1.0,2e-05,1.0,3.3333333333333335e-05,16.006839956250683,0.29311188346915734,640.2735982500274
0.6517339604882427,1.0,2.51e-05,1.0,0.0,16.006839956250683,0.29311188346915734,0.0
0.6517339604882427,1.0,3.16e-05,1.0,3.3333333333333335e-05,16.006839956250683,0.29311188346915734,640.2735982500274
0.6517339604882427,1.0,3.98e-05,1.0,0.0,16.006839956250683,0.29311188346915734,0.0
0.6517339604882427,1.0,5.01e-05,1.0,0.0001,16.006839956250683,0.29311188346915734,1920.8207947500823
0.6517339604882427,1.0,6.31e-05,1.0,0.00016666666666666666,16.006839956250683,0.29311188346915734,3201.3679912501366
0.6517339604882427,1.0,7.94e-05,1.0,6.666666666666667e-05,16.006839956250683,0.29311188346915734,1280.5471965000547
0.6517339604882427,1.0,0.0001,1.0,0.0002666666666666667,16.006839956250683,0.29311188346915734,5122.188786000219
0.6517339604882427,1.0,0.000126,1.0,0.00036666666666666667,16.006839956250683,0.29311188346915734,7043.009580750301
0.6517339604882427,1.0,0.000158,1.0,0.0007,16.006839956250683,0.29311188346915734,13445.745563250573
0.6517339604882427,1.0,0.0002,1.0,0.001,16.006839956250683,0.29311188346915734,19208.207947500818
0.6517339604882427,1.0,0.000251,1.0,0.0014666666666666667,16.006839956250683,0.29311188346915734,28172.038323001205
0.6517339604882427,1.0,0.000316,1.0,0.0017333333333333333,16.006839956250683,0.29311188346915734,33294.22710900142
0.6517339604882427,1.0,0.000398,1.0,0.003266666666666667,16.006839956250683,0.29311188346915734,62746.81262850268
0.6517339604882427,1.0,0.000501,1.0,0.005033333333333333,16.006839956250683,0.29311188346915734,96681.31333575412
0.6517339604882427,1.0,0.000631,1.0,0.006166666666666667,16.006839956250683,0.29311188346915734,118450.61567625507
0.6517339604882427,1.0,0.000794,1.0,0.008366666666666666,16.006839956250683,0.29311188346915734,160708.67316075685
0.6517339604882427,1.0,0.001,1.0,0.007266666666666667,16.006839956250683,0.29311188346915734,139579.64441850595
0.6517339604882427,1.0,0.00126,1.0,0.0081,16.006839956250683,0.29311188346915734,155586.48437475663
0.6517339604882427,1.0,0.00158,1.0,0.004066666666666666,16.006839956250683,0.29311188346915734,78113.37898650333
0.6517339604882427,1.0,0.002,1.0,0.0021,16.006839956250683,0.29311188346915734,40337.23668975172
0.6517339604882427,1.0,0.00251,1.0,0.0006666666666666666,16.006839956250683,0.29311188346915734,12805.471965000546
0.6517339604882427,1.0,0.00316,1.0,6.666666666666667e-05,16.006839956250683,0.29311188346915734,1280.5471965000547
0.6517339604882427,1.0,0.00398,1.0,6.666666666666667e-05,16.006839956250683,0.29311188346915734,1280.5471965000547
0.6517339604882427,1.0,0.00501,1.0,0.0,16.006839956250683,0.29311188346915734,0.0
0.6517339604882427,1.0,0.00631,1.0,0.0,16.006839956250683,0.29311188346915734,0.0
0.6826071834272386,1.0,1e-06,1.0,0.0,17.07390444049744,0.31265161033688776,0.0
0.6826071834272386,1.0,1.26e-06,1.0,0.0,17.07390444049744,0.31265161033688776,0.0
0.6826071834272386,1.0,1.58e-06,1.0,0.0,17.07390444049744,0.31265161033688776,0.0
0.6826071834272386,1.0,2e-06,1.0,0.0,17.07390444049744,0.31265161033688776,0.0
0.6826071834272386,1.0,2.51e-06,1.0,0.0,17.07390444049744,0.31265161033688776,0.0
0.6826071834272386,1.0,3.16e-06,1.0,0.0,17.07390444049744,0.31265161033688776,0.0
0.6826071834272386,1.0,3.98e-06,1.0,0.0,17.07390444049744,0.31265161033688776,0.0
0.6826071834272386,1.0,5.01e-06,1.0,0.0,17.07390444049744,0.31265161033688776,0.0
0.6826071834272386,1.0,6.31e-06,1.0,0.0,17.07390444049744,0.31265161033688776,0.0
0.6826071834272386,1.0,7.94e-06,1.0,0.0,17.07390444049744,0.31265161033688776,0.0
0.6826071834272386,1.0,1e-05,1.0,0.0,17.07390444049744,0.31265161033688776,0.0
0.6826071834272386,1.0,1.26e-05,1.0,0.0,17.07390444049744,0.31265161033688776,0.0
0.6826071834272386,1.0,1.58e-05,1.0,0.0,17.07390444049744,0.31265161033688776,0.0
0.6826071834272386,1.0,2e-05,1.0,3.3333333333333335e-05,17.07390444049744,0.31265161033688776,682.9561776198977
0.6826071834272386,1.0,2.51e-05,1.0,0.0,17.07390444049744,0.31265161033688776,0.0
0.6826071834272386,1.0,3.16e-05,1.0,3.3333333333333335e-05,17.07390444049744,0.31265161033688776,682.9561776198977
0.6826071834272386,1.0,3.98e-05,1.0,0.0,17.07390444049744,0.31265161033688776,0.0
0.6826071834272386,1.0,5.01e-05,1.0,0.0001,17.07390444049744,0.31265161033688776,2048.868532859693
0.6826071834272386,1.0,6.31e-05,1.0,0.00016666666666666666,17.07390444049744,0.31265161033688776,3414.7808880994885
0.6826071834272386,1.0,7.94e-05,1.0,6.666666666666667e-05,17.07390444049744,0.31265161033688776,1365.9123552397955
0.6826071834272386,1.0,0.0001,1.0,0.0002666666666666667,17.07390444049744,0.31265161033688776,5463.649420959182
0.6826071834272386,1.0,0.000126,1.0,0.00036666666666666667,17.07390444049744,0.31265161033688776,7512.517953818874
0.6826071834272386,1.0,0.000158,1.0,0.0007,17.07390444049744,0.31265161033688776,14342.079730017851
0.6826071834272386,1.0,0.0002,1.0,0.001,17.07390444049744,0.31265161033688776,20488.68532859693
0.6826071834272386,1.0,0.000251,1.0,0.0014666666666666667,17.07390444049744,0.31265161033688776,30050.071815275496
0.6826071834272386,1.0,0.000316,1.0,0.0017333333333333333,17.07390444049744,0.31265161033688776,35513.721236234676
0.6826071834272386,1.0,0.000398,1.0,0.003266666666666667,17.07390444049744,0.31265161033688776,66929.70540674997
0.6826071834272386,1.0,0.000501,1.0,0.005033333333333333,17.07390444049744,0.31265161033688776,103126.38282060454
0.6826071834272386,1.0,0.000631,1.0,0.006166666666666667,17.07390444049744,0.31265161033688776,126346.89285968107
0.6826071834272386,1.0,0.000794,1.0,0.008366666666666666,17.07390444049744,0.31265161033688776,171422.0005825943
0.6826071834272386,1.0,0.001,1.0,0.007266666666666667,17.07390444049744,0.31265161033688776,148884.4467211377
0.6826071834272386,1.0,0.00126,1.0,0.0081,17.07390444049744,0.31265161033688776,165958.35116163513
0.6826071834272386,1.0,0.00158,1.0,0.004066666666666666,17.07390444049744,0.31265161033688776,83320.6536696275
0.6826071834272386,1.0,0.002,1.0,0.0021,17.07390444049744,0.31265161033688776,43026.23919005355
0.6826071834272386,1.0,0.00251,1.0,0.0006666666666666666,17.07390444049744,0.31265161033688776,13659.123552397954
0.6826071834272386,1.0,0.00316,1.0,6.666666666666667e-05,17.07390444049744,0.31265161033688776,1365.9123552397955
0.6826071834272386,1.0,0.00398,1.0,6.666666666666667e-05,17.07390444049744,0.31265161033688776,1365.9123552397955
0.6826071834272386,1.0,0.00501,1.0,0.0,17.07390444049744,0.31265161033688776,0.0
0.6826071834272386,1.0,0.00631,1.0,0.0,17.07390444049744,0.31265161033688776,0.0
0.7149428986597577,1.0,1e-06,1.0,0.0,18.178605099153348,0.3328805182046026,0.0
0.7149428986597577,1.0,1.26e-06,1.0,0.0,18.178605099153348,0.3328805182046026,0.0
0.7149428986597577,1.0,1.58e-06,1.0,0.0,18.178605099153348,0.3328805182046026,0.0
0.7149428986597577,1.0,2e-06,1.0,0.0,18.178605099153348,0.3328805182046026,0.0
0.7149428986597577,1.0,2.51e-06,1.0,0.0,18.178605099153348,0.3328805182046026,0.0
0.7149428986597577,1.0,3.16e-06,1.0,0.0,18.178605099153348,0.3328805182046026,0.0
0.7149428986597577,1.0,3.98e-06,1.0,0.0,18.178605099153348,0.3328805182046026,0.0
0.7149428986597577,1.0,5.01e-06,1.0,0.0,18.178605099153348,0.3328805182046026,0.0
0.7149428986597577,1.0,6.31e-06,1.0,0.0,18.178605099153348,0.3328805182046026,0.0
0.7149428986597577,1.0,7.94e-06,1.0,0.0,18.178605099153348,0.3328805182046026,0.0
0.7149428986597577,1.0,1e-05,1.0,0.0,18.178605099153348,0.3328805182046026,0.0
0.7149428986597577,1.0,1.26e-05,1.0,0.0,18.178605099153348,0.3328805182046026,0.0
0.7149428986597577,1.0,1.58e-05,1.0,0.0,18.178605099153348,0.3328805182046026,0.0
0.7149428986597577,1.0,2e-05,1.0,3.3333333333333335e-05,18.178605099153348,0.3328805182046026,727.144203966134
0.7149428986597577,1.0,2.51e-05,1.0,0.0,18.178605099153348,0.3328805182046026,0.0
0.7149428986597577,1.0,3.16e-05,1.0,3.3333333333333335e-05,18.178605099153348,0.3328805182046026,727.144203966134
0.7149428986597577,1.0,3.98e-05,1.0,0.0,18.178605099153348,0.3328805182046026,0.0
0.7149428986597577,1.0,5.01e-05,1.0,0.0001,18.178605099153348,0.3328805182046026,2181.4326118984022
0.7149428986597577,1.0,6.31e-05,1.0,0.00016666666666666666,18.178605099153348,0.3328805182046026,3635.72101983067
0.7149428986597577,1.0,7.94e-05,1.0,6.666666666666667e-05,18.178605099153348,0.3328805182046026,1454.288407932268
0.7149428986597577,1.0,0.0001,1.0,0.0002666666666666667,18.178605099153348,0.3328805182046026,5817.153631729072
0.7149428986597577,1.0,0.000126,1.0,0.00036666666666666667,18.178605099153348,0.3328805182046026,7998.586243627474
0.7149428986597577,1.0,0.000158,1.0,0.0007,18.178605099153348,0.3328805182046026,15270.028283288813
0.7149428986597577,1.0,0.0002,1.0,0.001,18.178605099153348,0.3328805182046026,21814.32611898402
0.7149428986597577,1.0,0.000251,1.0,0.0014666666666666667,18.178605099153348,0.3328805182046026,31994.344974509895
0.7149428986597577,1.0,0.000316,1.0,0.0017333333333333333,18.178605099153348,0.3328805182046026,37811.498606238965
0.7149428986597577,1.0,0.000398,1.0,0.003266666666666667,18.178605099153348,0.3328805182046026,71260.13198868114
0.7149428986597577,1.0,0.000501,1.0,0.005033333333333333,18.178605099153348,0.3328805182046026,109798.77479888622
0.7149428986597577,1.0,0.000631,1.0,0.006166666666666667,18.178605099153348,0.3328805182046026,134521.67773373477
0.7149428986597577,1.0,0.000794,1.0,0.008366666666666666,18.178605099153348,0.3328805182046026,182513.1951954996
0.7149428986597577,1.0,0.001,1.0,0.007266666666666667,18.178605099153348,0.3328805182046026,158517.4364646172
0.7149428986597577,1.0,0.00126,1.0,0.0081,18.178605099153348,0.3328805182046026,176696.04156377053
0.7149428986597577,1.0,0.00158,1.0,0.004066666666666666,18.178605099153348,0.3328805182046026,88711.59288386833
0.7149428986597577,1.0,0.002,1.0,0.0021,18.178605099153348,0.3328805182046026,45810.084849866435
0.7149428986597577,1.0,0.00251,1.0,0.0006666666666666666,18.178605099153348,0.3328805182046026,14542.88407932268
0.7149428986597577,1.0,0.00316,1.0,6.666666666666667e-05,18.178605099153348,0.3328805182046026,1454.288407932268
0.7149428986597577,1.0,0.00398,1.0,6.666666666666667e-05,18.178605099153348,0.3328805182046026,1454.288407932268
0.7149428986597577,1.0,0.00501,1.0,0.0,18.178605099153348,0.3328805182046026,0.0
0.7149428986597577,1.0,0.00631,1.0,0.0,18.178605099153348,0.3328805182046026,0.0
0.7488103857590023,1.0,1e-06,1.0,0.0,19.317996240980705,0.35374466656254727,0.0
0.7488103857590023,1.0,1.26e-06,1.0,0.0,19.317996240980705,0.35374466656254727,0.0
0.7488103857590023,1.0,1.58e-06,1.0,0.0,19.317996240980705,0.35374466656254727,0.0
0.7488103857590023,1.0,2e-06,1.0,0.0,19.317996240980705,0.35374466656254727,0.0
0.7488103857590023,1.0,2.51e-06,1.0,0.0,19.317996240980705,0.35374466656254727,0.0
0.7488103857590023,1.0,3.16e-06,1.0,0.0,19.317996240980705,0.35374466656254727,0.0
0.7488103857590023,1.0,3.98e-06,1.0,0.0,19.317996240980705,0.35374466656254727,0.0
0.7488103857590023,1.0,5.01e-06,1.0,0.0,19.317996240980705,0.35374466656254727,0.0
0.7488103857590023,1.0,6.31e-06,1.0,0.0,19.317996240980705,0.35374466656254727,0.0
0.7488103857590023,1.0,7.94e-06,1.0,0.0,19.317996240980705,0.35374466656254727,0.0
0.7488103857590023,1.0,1e-05,1.0,0.0,19.317996240980705,0.35374466656254727,0.0
0.7488103857590023,1.0,1.26e-05,1.0,0.0,19.317996240980705,0.35374466656254727,0.0
0.7488103857590023,1.0,1.58e-05,1.0,0.0,19.317996240980705,0.35374466656254727,0.0
0.7488103857590023,1.0,2e-05,1.0,3.3333333333333335e-05,19.317996240980705,0.35374466656254727,772.7198496392283
0.7488103857590023,1.0,2.51e-05,1.0,0.0,19.317996240980705,0.35374466656254727,0.0
0.7488103857590023,1.0,3.16e-05,1.0,3.3333333333333335e-05,19.317996240980705,0.35374466656254727,772.7198496392283
0.7488103857590023,1.0,3.98e-05,1.0,0.0,19.317996240980705,0.35374466656254727,0.0
0.7488103857590023,1.0,5.01e-05,1.0,0.0001,19.317996240980705,0.35374466656254727,2318.159548917685
0.7488103857590023,1.0,6.31e-05,1.0,0.00016666666666666666,19.317996240980705,0.35374466656254727,3863.599248196141
0.7488103857590023,1.0,7.94e-05,1.0,6.666666666666667e-05,19.317996240980705,0.35374466656254727,1545.4396992784566
0.7488103857590023,1.0,0.0001,1.0,0.0002666666666666667,19.317996240980705,0.35374466656254727,6181.758797113826
0.7488103857590023,1.0,0.000126,1.0,0.00036666666666666667,19.317996240980705,0.35374466656254727,8499.91834603151
0.7488103857590023,1.0,0.000158,1.0,0.0007,19.317996240980705,0.35374466656254727,16227.116842423793
0.7488103857590023,1.0,0.0002,1.0,0.001,19.317996240980705,0.35374466656254727,23181.59548917685
0.7488103857590023,1.0,0.000251,1.0,0.0014666666666666667,19.317996240980705,0.35374466656254727,33999.67338412604
0.7488103857590023,1.0,0.000316,1.0,0.0017333333333333333,19.317996240980705,0.35374466656254727,40181.43218123986
0.7488103857590023,1.0,0.000398,1.0,0.003266666666666667,19.317996240980705,0.35374466656254727,75726.54526464436
0.7488103857590023,1.0,0.000501,1.0,0.005033333333333333,19.317996240980705,0.35374466656254727,116680.69729552347
0.7488103857590023,1.0,0.000631,1.0,0.006166666666666667,19.317996240980705,0.35374466656254727,142953.17218325724
0.7488103857590023,1.0,0.000794,1.0,0.008366666666666666,19.317996240980705,0.35374466656254727,193952.68225944627
0.7488103857590023,1.0,0.001,1.0,0.007266666666666667,19.317996240980705,0.35374466656254727,168452.92722135177
0.7488103857590023,1.0,0.00126,1.0,0.0081,19.317996240980705,0.35374466656254727,187770.92346233246
0.7488103857590023,1.0,0.00158,1.0,0.004066666666666666,19.317996240980705,0.35374466656254727,94271.82165598584
0.7488103857590023,1.0,0.002,1.0,0.0021,19.317996240980705,0.35374466656254727,48681.350527271374
0.7488103857590023,1.0,0.00251,1.0,0.0006666666666666666,19.317996240980705,0.35374466656254727,15454.396992784565
0.7488103857590023,1.0,0.00316,1.0,6.666666666666667e-05,19.317996240980705,0.35374466656254727,1545.4396992784566
0.7488103857590023,1.0,0.00398,1.0,6.666666666666667e-05,19.317996240980705,0.35374466656254727,1545.4396992784566
0.7488103857590023,1.0,0.00501,1.0,0.0,19.317996240980705,0.35374466656254727,0.0
0.7488103857590023,1.0,0.00631,1.0,0.0,19.317996240980705,0.35374466656254727,0.0
0.7842822061337682,1.0,1e-06,1.0,0.0,20.488639016001528,0.3751810843435548,0.0
0.7842822061337682,1.0,1.26e-06,1.0,0.0,20.488639016001528,0.3751810843435548,0.0
0.7842822061337682,1.0,1.58e-06,1.0,0.0,20.488639016001528,0.3751810843435548,0.0
0.7842822061337682,1.0,2e-06,1.0,0.0,20.488639016001528,0.3751810843435548,0.0
0.7842822061337682,1.0,2.51e-06,1.0,0.0,20.488639016001528,0.3751810843435548,0.0
0.7842822061337682,1.0,3.16e-06,1.0,0.0,20.488639016001528,0.3751810843435548,0.0
0.7842822061337682,1.0,3.98e-06,1.0,0.0,20.488639016001528,0.3751810843435548,0.0
0.7842822061337682,1.0,5.01e-06,1.0,0.0,20.488639016001528,0.3751810843435548,0.0
0.7842822061337682,1.0,6.31e-06,1.0,0.0,20.488639016001528,0.3751810843435548,0.0
0.7842822061337682,1.0,7.94e-06,1.0,0.0,20.488639016001528,0.3751810843435548,0.0
0.7842822061337682,1.0,1e-05,1.0,0.0,20.488639016001528,0.3751810843435548,0.0
0.7842822061337682,1.0,1.26e-05,1.0,0.0,20.488639016001528,0.3751810843435548,0.0
0.7842822061337682,1.0,1.58e-05,1.0,0.0,20.488639016001528,0.3751810843435548,0.0
0.7842822061337682,1.0,2e-05,1.0,3.3333333333333335e-05,20.488639016001528,0.3751810843435548,819.5455606400612
0.7842822061337682,1.0,2.51e-05,1.0,0.0,20.488639016001528,0.3751810843435548,0.0
0.7842822061337682,1.0,3.16e-05,1.0,3.3333333333333335e-05,20.488639016001528,0.3751810843435548,819.5455606400612
0.7842822061337682,1.0,3.98e-05,1.0,0.0,20.488639016001528,0.3751810843435548,0.0
0.7842822061337682,1.0,5.01e-05,1.0,0.0001,20.488639016001528,0.3751810843435548,2458.6366819201835
0.7842822061337682,1.0,6.31e-05,1.0,0.00016666666666666666,20.488639016001528,0.3751810843435548,4097.727803200305
0.7842822061337682,1.0,7.94e-05,1.0,6.666666666666667e-05,20.488639016001528,0.3751810843435548,1639.0911212801225
0.7842822061337682,1.0,0.0001,1.0,0.0002666666666666667,20.488639016001528,0.3751810843435548,6556.36448512049
0.7842822061337682,1.0,0.000126,1.0,0.00036666666666666667,20.488639016001528,0.3751810843435548,9015.001167040673
0.7842822061337682,1.0,0.000158,1.0,0.0007,20.488639016001528,0.3751810843435548,17210.45677344128
0.7842822061337682,1.0,0.0002,1.0,0.001,20.488639016001528,0.3751810843435548,24586.366819201838
0.7842822061337682,1.0,0.000251,1.0,0.0014666666666666667,20.488639016001528,0.3751810843435548,36060.00466816269
0.7842822061337682,1.0,0.000316,1.0,0.0017333333333333333,20.488639016001528,0.3751810843435548,42616.36915328318
0.7842822061337682,1.0,0.000398,1.0,0.003266666666666667,20.488639016001528,0.3751810843435548,80315.464942726
0.7842822061337682,1.0,0.000501,1.0,0.005033333333333333,20.488639016001528,0.3751810843435548,123751.37965664922
0.7842822061337682,1.0,0.000631,1.0,0.006166666666666667,20.488639016001528,0.3751810843435548,151615.9287184113
0.7842822061337682,1.0,0.000794,1.0,0.008366666666666666,20.488639016001528,0.3751810843435548,205705.93572065534
0.7842822061337682,1.0,0.001,1.0,0.007266666666666667,20.488639016001528,0.3751810843435548,178660.93221953334
0.7842822061337682,1.0,0.00126,1.0,0.0081,20.488639016001528,0.3751810843435548,199149.57123553485
0.7842822061337682,1.0,0.00158,1.0,0.004066666666666666,20.488639016001528,0.3751810843435548,99984.55839808745
0.7842822061337682,1.0,0.002,1.0,0.0021,20.488639016001528,0.3751810843435548,51631.370320323855
0.7842822061337682,1.0,0.00251,1.0,0.0006666666666666666,20.488639016001528,0.3751810843435548,16390.91121280122
0.7842822061337682,1.0,0.00316,1.0,6.666666666666667e-05,20.488639016001528,0.3751810843435548,1639.0911212801225
0.7842822061337682,1.0,0.00398,1.0,6.666666666666667e-05,20.488639016001528,0.3751810843435548,1639.0911212801225
0.7842822061337682,1.0,0.00501,1.0,0.0,20.488639016001528,0.3751810843435548,0.0
0.7842822061337682,1.0,0.00631,1.0,0.0,20.488639016001528,0.3751810843435548,0.0
0.821434358491943,1.0,1e-06,1.0,0.0,21.686629495436968,0.3971182841134768,0.0
0.821434358491943,1.0,1.26e-06,1.0,0.0,21.686629495436968,0.3971182841134768,0.0
0.821434358491943,1.0,1.58e-06,1.0,0.0,21.686629495436968,0.3971182841134768,0.0
0.821434358491943,1.0,2e-06,1.0,0.0,21.686629495436968,0.3971182841134768,0.0
0.821434358491943,1.0,2.51e-06,1.0,0.0,21.686629495436968,0.3971182841134768,0.0
0.821434358491943,1.0,3.16e-06,1.0,0.0,21.686629495436968,0.3971182841134768,0.0
0.821434358491943,1.0,3.98e-06,1.0,0.0,21.686629495436968,0.3971182841134768,0.0
0.821434358491943,1.0,5.01e-06,1.0,0.0,21.686629495436968,0.3971182841134768,0.0
0.821434358491943,1.0,6.31e-06,1.0,0.0,21.686629495436968,0.3971182841134768,0.0
0.821434358491943,1.0,7.94e-06,1.0,0.0,21.686629495436968,0.3971182841134768,0.0
0.821434358491943,1.0,1e-05,1.0,0.0,21.686629495436968,0.3971182841134768,0.0
0.821434358491943,1.0,1.26e-05,1.0,0.0,21.686629495436968,0.3971182841134768,0.0
0.821434358491943,1.0,1.58e-05,1.0,0.0,21.686629495436968,0.3971182841134768,0.0
0.821434358491943,1.0,2e-05,1.0,3.3333333333333335e-05,21.686629495436968,0.3971182841134768,867.4651798174788
0.821434358491943,1.0,2.51e-05,1.0,0.0,21.686629495436968,0.3971182841134768,0.0
0.821434358491943,1.0,3.16e-05,1.0,3.3333333333333335e-05,21.686629495436968,0.3971182841134768,867.4651798174788
0.821434358491943,1.0,3.98e-05,1.0,0.0,21.686629495436968,0.3971182841134768,0.0
0.821434358491943,1.0,5.01e-05,1.0,0.0001,21.686629495436968,0.3971182841134768,2602.3955394524364
0.821434358491943,1.0,6.31e-05,1.0,0.00016666666666666666,21.686629495436968,0.3971182841134768,4337.325899087394
0.821434358491943,1.0,7.94e-05,1.0,6.666666666666667e-05,21.686629495436968,0.3971182841134768,1734.9303596349575
0.821434358491943,1.0,0.0001,1.0,0.0002666666666666667,21.686629495436968,0.3971182841134768,6939.72143853983
0.821434358491943,1.0,0.000126,1.0,0.00036666666666666667,21.686629495436968,0.3971182841134768,9542.116977992267
0.821434358491943,1.0,0.000158,1.0,0.0007,21.686629495436968,0.3971182841134768,18216.768776167053
0.821434358491943,1.0,0.0002,1.0,0.001,21.686629495436968,0.3971182841134768,26023.955394524364
0.821434358491943,1.0,0.000251,1.0,0.0014666666666666667,21.686629495436968,0.3971182841134768,38168.46791196907
0.821434358491943,1.0,0.000316,1.0,0.0017333333333333333,21.686629495436968,0.3971182841134768,45108.189350508896
0.821434358491943,1.0,0.000398,1.0,0.003266666666666667,21.686629495436968,0.3971182841134768,85011.58762211293
0.821434358491943,1.0,0.000501,1.0,0.005033333333333333,21.686629495436968,0.3971182841134768,130987.2421524393
0.821434358491943,1.0,0.000631,1.0,0.006166666666666667,21.686629495436968,0.3971182841134768,160481.05826623357
0.821434358491943,1.0,0.000794,1.0,0.008366666666666666,21.686629495436968,0.3971182841134768,217733.76013418718
0.821434358491943,1.0,0.001,1.0,0.007266666666666667,21.686629495436968,0.3971182841134768,189107.4092002104
0.821434358491943,1.0,0.00126,1.0,0.0081,21.686629495436968,0.3971182841134768,210794.03869564735
0.821434358491943,1.0,0.00158,1.0,0.004066666666666666,21.686629495436968,0.3971182841134768,105830.7519377324
0.821434358491943,1.0,0.002,1.0,0.0021,21.686629495436968,0.3971182841134768,54650.30632850116
0.821434358491943,1.0,0.00251,1.0,0.0006666666666666666,21.686629495436968,0.3971182841134768,17349.303596349575
0.821434358491943,1.0,0.00316,1.0,6.666666666666667e-05,21.686629495436968,0.3971182841134768,1734.9303596349575
0.821434358491943,1.0,0.00398,1.0,6.666666666666667e-05,21.686629495436968,0.3971182841134768,1734.9303596349575
0.821434358491943,1.0,0.00501,1.0,0.0,21.686629495436968,0.3971182841134768,0.0
0.821434358491943,1.0,0.00631,1.0,0.0,21.686629495436968,0.3971182841134768,0.0
0.8603464416684501,1.0,1e-06,1.0,0.0,22.90764059402948,0.41947702973868306,0.0
0.8603464416684501,1.0,1.26e-06,1.0,0.0,22.90764059402948,0.41947702973868306,0.0
0.8603464416684501,1.0,1.58e-06,1.0,0.0,22.90764059402948,0.41947702973868306,0.0
0.8603464416684501,1.0,2e-06,1.0,0.0,22.90764059402948,0.41947702973868306,0.0
0.8603464416684501,1.0,2.51e-06,1.0,0.0,22.90764059402948,0.41947702973868306,0.0
0.8603464416684501,1.0,3.16e-06,1.0,0.0,22.90764059402948,0.41947702973868306,0.0
0.8603464416684501,1.0,3.98e-06,1.0,0.0,22.90764059402948,0.41947702973868306,0.0
0.8603464416684501,1.0,5.01e-06,1.0,0.0,22.90764059402948,0.41947702973868306,0.0
0.8603464416684501,1.0,6.31e-06,1.0,0.0,22.90764059402948,0.41947702973868306,0.0
0.8603464416684501,1.0,7.94e-06,1.0,0.0,22.90764059402948,0.41947702973868306,0.0
0.8603464416684501,1.0,1e-05,1.0,0.0,22.90764059402948,0.41947702973868306,0.0
0.8603464416684501,1.0,1.26e-05,1.0,0.0,22.90764059402948,0.41947702973868306,0.0
0.8603464416684501,1.0,1.58e-05,1.0,0.0,22.90764059402948,0.41947702973868306,0.0
0.8603464416684501,1.0,2e-05,1.0,3.3333333333333335e-05,22.90764059402948,0.41947702973868306,916.3056237611793
0.8603464416684501,1.0,2.51e-05,1.0,0.0,22.90764059402948,0.41947702973868306,0.0
0.8603464416684501,1.0,3.16e-05,1.0,3.3333333333333335e-05,22.90764059402948,0.41947702973868306,916.3056237611793
0.8603464416684501,1.0,3.98e-05,1.0,0.0,22.90764059402948,0.41947702973868306,0.0
0.8603464416684501,1.0,5.01e-05,1.0,0.0001,22.90764059402948,0.41947702973868306,2748.916871283538
0.8603464416684501,1.0,6.31e-05,1.0,0.00016666666666666666,22.90764059402948,0.41947702973868306,4581.528118805896
0.8603464416684501,1.0,7.94e-05,1.0,6.666666666666667e-05,22.90764059402948,0.41947702973868306,1832.6112475223586
0.8603464416684501,1.0,0.0001,1.0,0.0002666666666666667,22.90764059402948,0.41947702973868306,7330.444990089434
0.8603464416684501,1.0,0.000126,1.0,0.00036666666666666667,22.90764059402948,0.41947702973868306,10079.361861372972
0.8603464416684501,1.0,0.000158,1.0,0.0007,22.90764059402948,0.41947702973868306,19242.418098984763
0.8603464416684501,1.0,0.0002,1.0,0.001,22.90764059402948,0.41947702973868306,27489.16871283538
0.8603464416684501,1.0,0.000251,1.0,0.0014666666666666667,22.90764059402948,0.41947702973868306,40317.44744549189
0.8603464416684501,1.0,0.000316,1.0,0.0017333333333333333,22.90764059402948,0.41947702973868306,47647.89243558132
0.8603464416684501,1.0,0.000398,1.0,0.003266666666666667,22.90764059402948,0.41947702973868306,89797.95112859557
0.8603464416684501,1.0,0.000501,1.0,0.005033333333333333,22.90764059402948,0.41947702973868306,138362.14918793805
0.8603464416684501,1.0,0.000631,1.0,0.006166666666666667,22.90764059402948,0.41947702973868306,169516.54039581819
0.8603464416684501,1.0,0.000794,1.0,0.008366666666666666,22.90764059402948,0.41947702973868306,229992.711564056
0.8603464416684501,1.0,0.001,1.0,0.007266666666666667,22.90764059402948,0.41947702973868306,199754.6259799371
0.8603464416684501,1.0,0.00126,1.0,0.0081,22.90764059402948,0.41947702973868306,222662.26657396654
0.8603464416684501,1.0,0.00158,1.0,0.004066666666666666,22.90764059402948,0.41947702973868306,111789.28609886387
0.8603464416684501,1.0,0.002,1.0,0.0021,22.90764059402948,0.41947702973868306,57727.25429695429
0.8603464416684501,1.0,0.00251,1.0,0.0006666666666666666,22.90764059402948,0.41947702973868306,18326.112475223585
0.8603464416684501,1.0,0.00316,1.0,6.666666666666667e-05,22.90764059402948,0.41947702973868306,1832.6112475223586
0.8603464416684501,1.0,0.00398,1.0,6.666666666666667e-05,22.90764059402948,0.41947702973868306,1832.6112475223586
0.8603464416684501,1.0,0.00501,1.0,0.0,22.90764059402948,0.41947702973868306,0.0
0.8603464416684501,1.0,0.00631,1.0,0.0,22.90764059402948,0.41947702973868306,0.0
0.9011018251665018,1.0,1e-06,1.0,0.0,24.146977323948008,0.44217134817703735,0.0
0.9011018251665018,1.0,1.26e-06,1.0,0.0,24.146977323948008,0.44217134817703735,0.0
0.9011018251665018,1.0,1.58e-06,1.0,0.0,24.146977323948008,0.44217134817703735,0.0
0.9011018251665018,1.0,2e-06,1.0,0.0,24.146977323948008,0.44217134817703735,0.0
0.9011018251665018,1.0,2.51e-06,1.0,0.0,24.146977323948008,0.44217134817703735,0.0
0.9011018251665018,1.0,3.16e-06,1.0,0.0,24.146977323948008,0.44217134817703735,0.0
0.9011018251665018,1.0,3.98e-06,1.0,0.0,24.146977323948008,0.44217134817703735,0.0
0.9011018251665018,1.0,5.01e-06,1.0,0.0,24.146977323948008,0.44217134817703735,0.0
0.9011018251665018,1.0,6.31e-06,1.0,0.0,24.146977323948008,0.44217134817703735,0.0
0.9011018251665018,1.0,7.94e-06,1.0,0.0,24.146977323948008,0.44217134817703735,0.0
0.9011018251665018,1.0,1e-05,1.0,0.0,24.146977323948008,0.44217134817703735,0.0
0.9011018251665018,1.0,1.26e-05,1.0,0.0,24.146977323948008,0.44217134817703735,0.0
0.9011018251665018,1.0,1.58e-05,1.0,0.0,24.146977323948008,0.44217134817703735,0.0
0.9011018251665018,1.0,2e-05,1.0,3.3333333333333335e-05,24.146977323948008,0.44217134817703735,965.8790929579204
0.9011018251665018,1.0,2.51e-05,1.0,0.0,24.146977323948008,0.44217134817703735,0.0
0.9011018251665018,1.0,3.16e-05,1.0,3.3333333333333335e-05,24.146977323948008,0.44217134817703735,965.8790929579204
0.9011018251665018,1.0,3.98e-05,1.0,0.0,24.146977323948008,0.44217134817703735,0.0
0.9011018251665018,1.0,5.01e-05,1.0,0.0001,24.146977323948008,0.44217134817703735,2897.637278873761
0.9011018251665018,1.0,6.31e-05,1.0,0.00016666666666666666,24.146977323948008,0.44217134817703735,4829.395464789602
0.9011018251665018,1.0,7.94e-05,1.0,6.666666666666667e-05,24.146977323948008,0.44217134817703735,1931.7581859158408
0.9011018251665018,1.0,0.0001,1.0,0.0002666666666666667,24.146977323948008,0.44217134817703735,7727.032743663363
0.9011018251665018,1.0,0.000126,1.0,0.00036666666666666667,24.146977323948008,0.44217134817703735,10624.670022537124
0.9011018251665018,1.0,0.000158,1.0,0.0007,24.146977323948008,0.44217134817703735,20283.460952116326
0.9011018251665018,1.0,0.0002,1.0,0.001,24.146977323948008,0.44217134817703735,28976.37278873761
0.9011018251665018,1.0,0.000251,1.0,0.0014666666666666667,24.146977323948008,0.44217134817703735,42498.6800901485
0.9011018251665018,1.0,0.000316,1.0,0.0017333333333333333,24.146977323948008,0.44217134817703735,50225.71283381185
0.9011018251665018,1.0,0.000398,1.0,0.003266666666666667,24.146977323948008,0.44217134817703735,94656.1511098762
0.9011018251665018,1.0,0.000501,1.0,0.005033333333333333,24.146977323948008,0.44217134817703735,145847.74303664596
0.9011018251665018,1.0,0.000631,1.0,0.006166666666666667,24.146977323948008,0.44217134817703735,178687.63219721525
0.9011018251665018,1.0,0.000794,1.0,0.008366666666666666,24.146977323948008,0.44217134817703735,242435.65233243798
0.9011018251665018,1.0,0.001,1.0,0.007266666666666667,24.146977323948008,0.44217134817703735,210561.6422648266
0.9011018251665018,1.0,0.00126,1.0,0.0081,24.146977323948008,0.44217134817703735,234708.6195887746
0.9011018251665018,1.0,0.00158,1.0,0.004066666666666666,24.146977323948008,0.44217134817703735,117837.24934086626
0.9011018251665018,1.0,0.002,1.0,0.0021,24.146977323948008,0.44217134817703735,60850.38285634897
0.9011018251665018,1.0,0.00251,1.0,0.0006666666666666666,24.146977323948008,0.44217134817703735,19317.581859158407
0.9011018251665018,1.0,0.00316,1.0,6.666666666666667e-05,24.146977323948008,0.44217134817703735,1931.7581859158408
0.9011018251665018,1.0,0.00398,1.0,6.666666666666667e-05,24.146977323948008,0.44217134817703735,1931.7581859158408
0.9011018251665018,1.0,0.00501,1.0,0.0,24.146977323948008,0.44217134817703735,0.0
0.9011018251665018,1.0,0.00631,1.0,0.0,24.146977323948008,0.44217134817703735,0.0
0.9437878277775381,1.0,1e-06,1.0,0.0,25.399644183740456,0.46510976348178823,0.0
0.9437878277775381,1.0,1.26e-06,1.0,0.0,25.399644183740456,0.46510976348178823,0.0
0.9437878277775381,1.0,1.58e-06,1.0,0.0,25.399644183740456,0.46510976348178823,0.0
0.9437878277775381,1.0,2e-06,1.0,0.0,25.399644183740456,0.46510976348178823,0.0
0.9437878277775381,1.0,2.51e-06,1.0,0.0,25.399644183740456,0.46510976348178823,0.0
0.9437878277775381,1.0,3.16e-06,1.0,0.0,25.399644183740456,0.46510976348178823,0.0
0.9437878277775381,1.0,3.98e-06,1.0,0.0,25.399644183740456,0.46510976348178823,0.0
0.9437878277775381,1.0,5.01e-06,1.0,0.0,25.399644183740456,0.46510976348178823,0.0
0.9437878277775381,1.0,6.31e-06,1.0,0.0,25.399644183740456,0.46510976348178823,0.0
0.9437878277775381,1.0,7.94e-06,1.0,0.0,25.399644183740456,0.46510976348178823,0.0
0.9437878277775381,1.0,1e-05,1.0,0.0,25.399644183740456,0.46510976348178823,0.0
0.9437878277775381,1.0,1.26e-05,1.0,0.0,25.399644183740456,0.46510976348178823,0.0
0.9437878277775381,1.0,1.58e-05,1.0,0.0,25.399644183740456,0.46510976348178823,0.0
0.9437878277775381,1.0,2e-05,1.0,3.3333333333333335e-05,25.399644183740456,0.46510976348178823,1015.9857673496183
0.9437878277775381,1.0,2.51e-05,1.0,0.0,25.399644183740456,0.46510976348178823,0.0
0.9437878277775381,1.0,3.16e-05,1.0,3.3333333333333335e-05,25.399644183740456,0.46510976348178823,1015.9857673496183
0.9437878277775381,1.0,3.98e-05,1.0,0.0,25.399644183740456,0.46510976348178823,0.0
0.9437878277775381,1.0,5.01e-05,1.0,0.0001,25.399644183740456,0.46510976348178823,3047.957302048855
0.9437878277775381,1.0,6.31e-05,1.0,0.00016666666666666666,25.399644183740456,0.46510976348178823,5079.928836748091
0.9437878277775381,1.0,7.94e-05,1.0,6.666666666666667e-05,25.399644183740456,0.46510976348178823,2031.9715346992366
0.9437878277775381,1.0,0.0001,1.0,0.0002666666666666667,25.399644183740456,0.46510976348178823,8127.886138796946
0.9437878277775381,1.0,0.000126,1.0,0.00036666666666666667,25.399644183740456,0.46510976348178823,11175.843440845802
0.9437878277775381,1.0,0.000158,1.0,0.0007,25.399644183740456,0.46510976348178823,21335.701114341984
0.9437878277775381,1.0,0.0002,1.0,0.001,25.399644183740456,0.46510976348178823,30479.573020488548
0.9437878277775381,1.0,0.000251,1.0,0.0014666666666666667,25.399644183740456,0.46510976348178823,44703.373763383206
0.9437878277775381,1.0,0.000316,1.0,0.0017333333333333333,25.399644183740456,0.46510976348178823,52831.25990218015
0.9437878277775381,1.0,0.000398,1.0,0.003266666666666667,25.399644183740456,0.46510976348178823,99566.60520026261
0.9437878277775381,1.0,0.000501,1.0,0.005033333333333333,25.399644183740456,0.46510976348178823,153413.85086979237
0.9437878277775381,1.0,0.000631,1.0,0.006166666666666667,25.399644183740456,0.46510976348178823,187957.3669596794
0.9437878277775381,1.0,0.000794,1.0,0.008366666666666666,25.399644183740456,0.46510976348178823,255012.4276047542
0.9437878277775381,1.0,0.001,1.0,0.007266666666666667,25.399644183740456,0.46510976348178823,221484.8972822168
0.9437878277775381,1.0,0.00126,1.0,0.0081,25.399644183740456,0.46510976348178823,246884.54146595724
0.9437878277775381,1.0,0.00158,1.0,0.004066666666666666,25.399644183740456,0.46510976348178823,123950.26361665342
0.9437878277775381,1.0,0.002,1.0,0.0021,25.399644183740456,0.46510976348178823,64007.10334302595
0.9437878277775381,1.0,0.00251,1.0,0.0006666666666666666,25.399644183740456,0.46510976348178823,20319.715346992365
0.9437878277775381,1.0,0.00316,1.0,6.666666666666667e-05,25.399644183740456,0.46510976348178823,2031.9715346992366
0.9437878277775381,1.0,0.00398,1.0,6.666666666666667e-05,25.399644183740456,0.46510976348178823,2031.9715346992366
0.9437878277775381,1.0,0.00501,1.0,0.0,25.399644183740456,0.46510976348178823,0.0
0.9437878277775381,1.0,0.00631,1.0,0.0,25.399644183740456,0.46510976348178823,0.0
0.9884959046625587,1.0,1e-06,1.0,0.0,26.660422821135302,0.48819671893673877,0.0
0.9884959046625587,1.0,1.26e-06,1.0,0.0,26.660422821135302,0.48819671893673877,0.0
0.9884959046625587,1.0,1.58e-06,1.0,0.0,26.660422821135302,0.48819671893673877,0.0
0.9884959046625587,1.0,2e-06,1.0,0.0,26.660422821135302,0.48819671893673877,0.0
0.9884959046625587,1.0,2.51e-06,1.0,0.0,26.660422821135302,0.48819671893673877,0.0
0.9884959046625587,1.0,3.16e-06,1.0,0.0,26.660422821135302,0.48819671893673877,0.0
0.9884959046625587,1.0,3.98e-06,1.0,0.0,26.660422821135302,0.48819671893673877,0.0
0.9884959046625587,1.0,5.01e-06,1.0,0.0,26.660422821135302,0.48819671893673877,0.0
0.9884959046625587,1.0,6.31e-06,1.0,0.0,26.660422821135302,0.48819671893673877,0.0
0.9884959046625587,1.0,7.94e-06,1.0,0.0,26.660422821135302,0.48819671893673877,0.0
0.9884959046625587,1.0,1e-05,1.0,0.0,26.660422821135302,0.48819671893673877,0.0
0.9884959046625587,1.0,1.26e-05,1.0,0.0,26.660422821135302,0.48819671893673877,0.0
0.9884959046625587,1.0,1.58e-05,1.0,0.0,26.660422821135302,0.48819671893673877,0.0
0.9884959046625587,1.0,2e-05,1.0,3.3333333333333335e-05,26.660422821135302,0.48819671893673877,1066.416912845412
0.9884959046625587,1.0,2.51e-05,1.0,0.0,26.660422821135302,0.48819671893673877,0.0
0.9884959046625587,1.0,3.16e-05,1.0,3.3333333333333335e-05,26.660422821135302,0.48819671893673877,1066.416912845412
0.9884959046625587,1.0,3.98e-05,1.0,0.0,26.660422821135302,0.48819671893673877,0.0
0.9884959046625587,1.0,5.01e-05,1.0,0.0001,26.660422821135302,0.48819671893673877,3199.250738536237
0.9884959046625587,1.0,6.31e-05,1.0,0.00016666666666666666,26.660422821135302,0.48819671893673877,5332.084564227061
0.9884959046625587,1.0,7.94e-05,1.0,6.666666666666667e-05,26.660422821135302,0.48819671893673877,2132.833825690824
0.9884959046625587,1.0,0.0001,1.0,0.0002666666666666667,26.660422821135302,0.48819671893673877,8531.335302763297
0.9884959046625587,1.0,0.000126,1.0,0.00036666666666666667,26.660422821135302,0.48819671893673877,11730.586041299533
0.9884959046625587,1.0,0.000158,1.0,0.0007,26.660422821135302,0.48819671893673877,22394.755169753655
0.9884959046625587,1.0,0.0002,1.0,0.001,26.660422821135302,0.48819671893673877,31992.507385362365
0.9884959046625587,1.0,0.000251,1.0,0.0014666666666666667,26.660422821135302,0.48819671893673877,46922.344165198134
0.9884959046625587,1.0,0.000316,1.0,0.0017333333333333333,26.660422821135302,0.48819671893673877,55453.679467961425
0.9884959046625587,1.0,0.000398,1.0,0.003266666666666667,26.660422821135302,0.48819671893673877,104508.8574588504
0.9884959046625587,1.0,0.000501,1.0,0.005033333333333333,26.660422821135302,0.48819671893673877,161028.95383965725
0.9884959046625587,1.0,0.000631,1.0,0.006166666666666667,26.660422821135302,0.48819671893673877,197287.12887640123
0.9884959046625587,1.0,0.000794,1.0,0.008366666666666666,26.660422821135302,0.48819671893673877,267670.6451241984
0.9884959046625587,1.0,0.001,1.0,0.007266666666666667,26.660422821135302,0.48819671893673877,232478.88700029987
0.9884959046625587,1.0,0.00126,1.0,0.0081,26.660422821135302,0.48819671893673877,259139.30982143513
0.9884959046625587,1.0,0.00158,1.0,0.004066666666666666,26.660422821135302,0.48819671893673877,130102.86336714028
0.9884959046625587,1.0,0.002,1.0,0.0021,26.660422821135302,0.48819671893673877,67184.26550926096
0.9884959046625587,1.0,0.00251,1.0,0.0006666666666666666,26.660422821135302,0.48819671893673877,21328.338256908242
0.9884959046625587,1.0,0.00316,1.0,6.666666666666667e-05,26.660422821135302,0.48819671893673877,2132.833825690824
0.9884959046625587,1.0,0.00398,1.0,6.666666666666667e-05,26.660422821135302,0.48819671893673877,2132.833825690824
0.9884959046625587,1.0,0.00501,1.0,0.0,26.660422821135302,0.48819671893673877,0.0
0.9884959046625587,1.0,0.00631,1.0,0.0,26.660422821135302,0.48819671893673877,0.0
1.0353218432956626,1.0,1e-06,1.0,0.0,27.923957518478083,0.5113341424368812,0.0
1.0353218432956626,1.0,1.26e-06,1.0,0.0,27.923957518478083,0.5113341424368812,0.0
1.0353218432956626,1.0,1.58e-06,1.0,0.0,27.923957518478083,0.5113341424368812,0.0
1.0353218432956626,1.0,2e-06,1.0,0.0,27.923957518478083,0.5113341424368812,0.0
1.0353218432956626,1.0,2.51e-06,1.0,0.0,27.923957518478083,0.5113341424368812,0.0
1.0353218432956626,1.0,3.16e-06,1.0,0.0,27.923957518478083,0.5113341424368812,0.0
1.0353218432956626,1.0,3.98e-06,1.0,0.0,27.923957518478083,0.5113341424368812,0.0
1.0353218432956626,1.0,5.01e-06,1.0,0.0,27.923957518478083,0.5113341424368812,0.0
1.0353218432956626,1.0,6.31e-06,1.0,0.0,27.923957518478083,0.5113341424368812,0.0
1.0353218432956626,1.0,7.94e-06,1.0,0.0,27.923957518478083,0.5113341424368812,0.0
1.0353218432956626,1.0,1e-05,1.0,0.0,27.923957518478083,0.5113341424368812,0.0
1.0353218432956626,1.0,1.26e-05,1.0,0.0,27.923957518478083,0.5113341424368812,0.0
1.0353218432956626,1.0,1.58e-05,1.0,0.0,27.923957518478083,0.5113341424368812,0.0
1.0353218432956626,1.0,2e-05,1.0,3.3333333333333335e-05,27.923957518478083,0.5113341424368812,1116.9583007391236
1.0353218432956626,1.0,2.51e-05,1.0,0.0,27.923957518478083,0.5113341424368812,0.0
1.0353218432956626,1.0,3.16e-05,1.0,3.3333333333333335e-05,27.923957518478083,0.5113341424368812,1116.9583007391236
1.0353218432956626,1.0,3.98e-05,1.0,0.0,27.923957518478083,0.5113341424368812,0.0
1.0353218432956626,1.0,5.01e-05,1.0,0.0001,27.923957518478083,0.5113341424368812,3350.8749022173706
1.0353218432956626,1.0,6.31e-05,1.0,0.00016666666666666666,27.923957518478083,0.5113341424368812,5584.791503695617
1.0353218432956626,1.0,7.94e-05,1.0,6.666666666666667e-05,27.923957518478083,0.5113341424368812,2233.9166014782472
1.0353218432956626,1.0,0.0001,1.0,0.0002666666666666667,27.923957518478083,0.5113341424368812,8935.666405912989
1.0353218432956626,1.0,0.000126,1.0,0.00036666666666666667,27.923957518478083,0.5113341424368812,12286.541308130358
1.0353218432956626,1.0,0.000158,1.0,0.0007,27.923957518478083,0.5113341424368812,23456.124315521593
1.0353218432956626,1.0,0.0002,1.0,0.001,27.923957518478083,0.5113341424368812,33508.7490221737
1.0353218432956626,1.0,0.000251,1.0,0.0014666666666666667,27.923957518478083,0.5113341424368812,49146.16523252143
1.0353218432956626,1.0,0.000316,1.0,0.0017333333333333333,27.923957518478083,0.5113341424368812,58081.831638434414
1.0353218432956626,1.0,0.000398,1.0,0.003266666666666667,27.923957518478083,0.5113341424368812,109461.91347243411
1.0353218432956626,1.0,0.000501,1.0,0.005033333333333333,27.923957518478083,0.5113341424368812,168660.70341160765
1.0353218432956626,1.0,0.000631,1.0,0.006166666666666667,27.923957518478083,0.5113341424368812,206637.28563673783
1.0353218432956626,1.0,0.000794,1.0,0.008366666666666666,27.923957518478083,0.5113341424368812,280356.53348552
1.0353218432956626,1.0,0.001,1.0,0.007266666666666667,27.923957518478083,0.5113341424368812,243496.90956112894
1.0353218432956626,1.0,0.00126,1.0,0.0081,27.923957518478083,0.5113341424368812,271420.867079607
1.0353218432956626,1.0,0.00158,1.0,0.004066666666666666,27.923957518478083,0.5113341424368812,136268.91269017305
1.0353218432956626,1.0,0.002,1.0,0.0021,27.923957518478083,0.5113341424368812,70368.37294656478
1.0353218432956626,1.0,0.00251,1.0,0.0006666666666666666,27.923957518478083,0.5113341424368812,22339.16601478247
1.0353218432956626,1.0,0.00316,1.0,6.666666666666667e-05,27.923957518478083,0.5113341424368812,2233.9166014782472
1.0353218432956626,1.0,0.00398,1.0,6.666666666666667e-05,27.923957518478083,0.5113341424368812,2233.9166014782472
1.0353218432956626,1.0,0.00501,1.0,0.0,27.923957518478083,0.5113341424368812,0.0
1.0353218432956626,1.0,0.00631,1.0,0.0,27.923957518478083,0.5113341424368812,0.0
1.0843659686896108,1.0,1e-06,1.0,0.0,29.184845584770148,0.5344231017170875,0.0
1.0843659686896108,1.0,1.26e-06,1.0,0.0,29.184845584770148,0.5344231017170875,0.0
1.0843659686896108,1.0,1.58e-06,1.0,0.0,29.184845584770148,0.5344231017170875,0.0
1.0843659686896108,1.0,2e-06,1.0,0.0,29.184845584770148,0.5344231017170875,0.0
1.0843659686896108,1.0,2.51e-06,1.0,0.0,29.184845584770148,0.5344231017170875,0.0
1.0843659686896108,1.0,3.16e-06,1.0,0.0,29.184845584770148,0.5344231017170875,0.0
1.0843659686896108,1.0,3.98e-06,1.0,0.0,29.184845584770148,0.5344231017170875,0.0
1.0843659686896108,1.0,5.01e-06,1.0,0.0,29.184845584770148,0.5344231017170875,0.0
1.0843659686896108,1.0,6.31e-06,1.0,0.0,29.184845584770148,0.5344231017170875,0.0
1.0843659686896108,1.0,7.94e-06,1.0,0.0,29.184845584770148,0.5344231017170875,0.0
1.0843659686896108,1.0,1e-05,1.0,0.0,29.184845584770148,0.5344231017170875,0.0
1.0843659686896108,1.0,1.26e-05,1.0,0.0,29.184845584770148,0.5344231017170875,0.0
1.0843659686896108,1.0,1.58e-05,1.0,0.0,29.184845584770148,0.5344231017170875,0.0
1.0843659686896108,1.0,2e-05,1.0,3.3333333333333335e-05,29.184845584770148,0.5344231017170875,1167.3938233908061
1.0843659686896108,1.0,2.51e-05,1.0,0.0,29.184845584770148,0.5344231017170875,0.0
1.0843659686896108,1.0,3.16e-05,1.0,3.3333333333333335e-05,29.184845584770148,0.5344231017170875,1167.3938233908061
1.0843659686896108,1.0,3.98e-05,1.0,0.0,29.184845584770148,0.5344231017170875,0.0
1.0843659686896108,1.0,5.01e-05,1.0,0.0001,29.184845584770148,0.5344231017170875,3502.181470172418
1.0843659686896108,1.0,6.31e-05,1.0,0.00016666666666666666,29.184845584770148,0.5344231017170875,5836.96911695403
1.0843659686896108,1.0,7.94e-05,1.0,6.666666666666667e-05,29.184845584770148,0.5344231017170875,2334.7876467816122
1.0843659686896108,1.0,0.0001,1.0,0.0002666666666666667,29.184845584770148,0.5344231017170875,9339.150587126449
1.0843659686896108,1.0,0.000126,1.0,0.00036666666666666667,29.184845584770148,0.5344231017170875,12841.332057298867
1.0843659686896108,1.0,0.000158,1.0,0.0007,29.184845584770148,0.5344231017170875,24515.270291206925
1.0843659686896108,1.0,0.0002,1.0,0.001,29.184845584770148,0.5344231017170875,35021.81470172418
1.0843659686896108,1.0,0.000251,1.0,0.0014666666666666667,29.184845584770148,0.5344231017170875,51365.32822919547
1.0843659686896108,1.0,0.000316,1.0,0.0017333333333333333,29.184845584770148,0.5344231017170875,60704.478816321905
1.0843659686896108,1.0,0.000398,1.0,0.003266666666666667,29.184845584770148,0.5344231017170875,114404.59469229898
1.0843659686896108,1.0,0.000501,1.0,0.005033333333333333,29.184845584770148,0.5344231017170875,176276.4673320117
1.0843659686896108,1.0,0.000631,1.0,0.006166666666666667,29.184845584770148,0.5344231017170875,215967.8573272991
1.0843659686896108,1.0,0.000794,1.0,0.008366666666666666,29.184845584770148,0.5344231017170875,293015.8496710923
1.0843659686896108,1.0,0.001,1.0,0.007266666666666667,29.184845584770148,0.5344231017170875,254491.85349919568
1.0843659686896108,1.0,0.00126,1.0,0.0081,29.184845584770148,0.5344231017170875,283676.69908396585
1.0843659686896108,1.0,0.00158,1.0,0.004066666666666666,29.184845584770148,0.5344231017170875,142422.0464536783
1.0843659686896108,1.0,0.002,1.0,0.0021,29.184845584770148,0.5344231017170875,73545.81087362078
1.0843659686896108,1.0,0.00251,1.0,0.0006666666666666666,29.184845584770148,0.5344231017170875,23347.87646781612
1.0843659686896108,1.0,0.00316,1.0,6.666666666666667e-05,29.184845584770148,0.5344231017170875,2334.7876467816122
1.0843659686896108,1.0,0.00398,1.0,6.666666666666667e-05,29.184845584770148,0.5344231017170875,2334.7876467816122
1.0843659686896108,1.0,0.00501,1.0,0.0,29.184845584770148,0.5344231017170875,0.0
1.0843659686896108,1.0,0.00631,1.0,0.0,29.184845584770148,0.5344231017170875,0.0
1.135733358343105,1.0,1e-06,1.0,0.0,30.437729440208713,0.5573654905733146,0.0
1.135733358343105,1.0,1.26e-06,1.0,0.0,30.437729440208713,0.5573654905733146,0.0
1.135733358343105,1.0,1.58e-06,1.0,0.0,30.437729440208713,0.5573654905733146,0.0
1.135733358343105,1.0,2e-06,1.0,0.0,30.437729440208713,0.5573654905733146,0.0
1.135733358343105,1.0,2.51e-06,1.0,0.0,30.437729440208713,0.5573654905733146,0.0
1.135733358343105,1.0,3.16e-06,1.0,0.0,30.437729440208713,0.5573654905733146,0.0
1.135733358343105,1.0,3.98e-06,1.0,0.0,30.437729440208713,0.5573654905733146,0.0
1.135733358343105,1.0,5.01e-06,1.0,0.0,30.437729440208713,0.5573654905733146,0.0
1.135733358343105,1.0,6.31e-06,1.0,0.0,30.437729440208713,0.5573654905733146,0.0
1.135733358343105,1.0,7.94e-06,1.0,0.0,30.437729440208713,0.5573654905733146,0.0
1.135733358343105,1.0,1e-05,1.0,0.0,30.437729440208713,0.5573654905733146,0.0
1.135733358343105,1.0,1.26e-05,1.0,0.0,30.437729440208713,0.5573654905733146,0.0
1.135733358343105,1.0,1.58e-05,1.0,0.0,30.437729440208713,0.5573654905733146,0.0
1.135733358343105,1.0,2e-05,1.0,3.3333333333333335e-05,30.437729440208713,0.5573654905733146,1217.5091776083486
1.135733358343105,1.0,2.51e-05,1.0,0.0,30.437729440208713,0.5573654905733146,0.0
1.135733358343105,1.0,3.16e-05,1.0,3.3333333333333335e-05,30.437729440208713,0.5573654905733146,1217.5091776083486
1.135733358343105,1.0,3.98e-05,1.0,0.0,30.437729440208713,0.5573654905733146,0.0
1.135733358343105,1.0,5.01e-05,1.0,0.0001,30.437729440208713,0.5573654905733146,3652.527532825046
1.135733358343105,1.0,6.31e-05,1.0,0.00016666666666666666,30.437729440208713,0.5573654905733146,6087.545888041743
1.135733358343105,1.0,7.94e-05,1.0,6.666666666666667e-05,30.437729440208713,0.5573654905733146,2435.0183552166973
1.135733358343105,1.0,0.0001,1.0,0.0002666666666666667,30.437729440208713,0.5573654905733146,9740.07342086679
1.135733358343105,1.0,0.000126,1.0,0.00036666666666666667,30.437729440208713,0.5573654905733146,13392.600953691835
1.135733358343105,1.0,0.000158,1.0,0.0007,30.437729440208713,0.5573654905733146,25567.69272977532
1.135733358343105,1.0,0.0002,1.0,0.001,30.437729440208713,0.5573654905733146,36525.27532825046
1.135733358343105,1.0,0.000251,1.0,0.0014666666666666667,30.437729440208713,0.5573654905733146,53570.40381476734
1.135733358343105,1.0,0.000316,1.0,0.0017333333333333333,30.437729440208713,0.5573654905733146,63310.47723563413
1.135733358343105,1.0,0.000398,1.0,0.003266666666666667,30.437729440208713,0.5573654905733146,119315.89940561815
1.135733358343105,1.0,0.000501,1.0,0.005033333333333333,30.437729440208713,0.5573654905733146,183843.88581886064
1.135733358343105,1.0,0.000631,1.0,0.006166666666666667,30.437729440208713,0.5573654905733146,225239.1978575445
1.135733358343105,1.0,0.000794,1.0,0.008366666666666666,30.437729440208713,0.5573654905733146,305594.80357969546
1.135733358343105,1.0,0.001,1.0,0.007266666666666667,30.437729440208713,0.5573654905733146,265417.00071862
1.135733358343105,1.0,0.00126,1.0,0.0081,30.437729440208713,0.5573654905733146,295854.73015882866
1.135733358343105,1.0,0.00158,1.0,0.004066666666666666,30.437729440208713,0.5573654905733146,148536.1196682185
1.135733358343105,1.0,0.002,1.0,0.0021,30.437729440208713,0.5573654905733146,76703.07818932596
1.135733358343105,1.0,0.00251,1.0,0.0006666666666666666,30.437729440208713,0.5573654905733146,24350.18355216697
1.135733358343105,1.0,0.00316,1.0,6.666666666666667e-05,30.437729440208713,0.5573654905733146,2435.0183552166973
1.135733358343105,1.0,0.00398,1.0,6.666666666666667e-05,30.437729440208713,0.5573654905733146,2435.0183552166973
1.135733358343105,1.0,0.00501,1.0,0.0,30.437729440208713,0.5573654905733146,0.0
1.135733358343105,1.0,0.00631,1.0,0.0,30.437729440208713,0.5573654905733146,0.0
1.1895340673703196,1.0,1e-06,1.0,0.0,31.677387075179478,0.5800656853173316,0.0
1.1895340673703196,1.0,1.26e-06,1.0,0.0,31.677387075179478,0.5800656853173316,0.0
1.1895340673703196,1.0,1.58e-06,1.0,0.0,31.677387075179478,0.5800656853173316,0.0
1.1895340673703196,1.0,2e-06,1.0,0.0,31.677387075179478,0.5800656853173316,0.0
1.1895340673703196,1.0,2.51e-06,1.0,0.0,31.677387075179478,0.5800656853173316,0.0
1.1895340673703196,1.0,3.16e-06,1.0,0.0,31.677387075179478,0.5800656853173316,0.0
1.1895340673703196,1.0,3.98e-06,1.0,0.0,31.677387075179478,0.5800656853173316,0.0
1.1895340673703196,1.0,5.01e-06,1.0,0.0,31.677387075179478,0.5800656853173316,0.0
1.1895340673703196,1.0,6.31e-06,1.0,0.0,31.677387075179478,0.5800656853173316,0.0
1.1895340673703196,1.0,7.94e-06,1.0,0.0,31.677387075179478,0.5800656853173316,0.0
1.1895340673703196,1.0,1e-05,1.0,0.0,31.677387075179478,0.5800656853173316,0.0
1.1895340673703196,1.0,1.26e-05,1.0,0.0,31.677387075179478,0.5800656853173316,0.0
1.1895340673703196,1.0,1.58e-05,1.0,0.0,31.677387075179478,0.5800656853173316,0.0
1.1895340673703196,1.0,2e-05,1.0,3.3333333333333335e-05,31.677387075179478,0.5800656853173316,1267.0954830071794
1.1895340673703196,1.0,2.51e-05,1.0,0.0,31.677387075179478,0.5800656853173316,0.0
1.1895340673703196,1.0,3.16e-05,1.0,3.3333333333333335e-05,31.677387075179478,0.5800656853173316,1267.0954830071794
1.1895340673703196,1.0,3.98e-05,1.0,0.0,31.677387075179478,0.5800656853173316,0.0
1.1895340673703196,1.0,5.01e-05,1.0,0.0001,31.677387075179478,0.5800656853173316,3801.286449021538
1.1895340673703196,1.0,6.31e-05,1.0,0.00016666666666666666,31.677387075179478,0.5800656853173316,6335.477415035895
1.1895340673703196,1.0,7.94e-05,1.0,6.666666666666667e-05,31.677387075179478,0.5800656853173316,2534.1909660143588
1.1895340673703196,1.0,0.0001,1.0,0.0002666666666666667,31.677387075179478,0.5800656853173316,10136.763864057435
1.1895340673703196,1.0,0.000126,1.0,0.00036666666666666667,31.677387075179478,0.5800656853173316,13938.050313078971
1.1895340673703196,1.0,0.000158,1.0,0.0007,31.677387075179478,0.5800656853173316,26609.005143150764
1.1895340673703196,1.0,0.0002,1.0,0.001,31.677387075179478,0.5800656853173316,38012.864490215376
1.1895340673703196,1.0,0.000251,1.0,0.0014666666666666667,31.677387075179478,0.5800656853173316,55752.201252315885
1.1895340673703196,1.0,0.000316,1.0,0.0017333333333333333,31.677387075179478,0.5800656853173316,65888.9651163733
1.1895340673703196,1.0,0.000398,1.0,0.003266666666666667,31.677387075179478,0.5800656853173316,124175.35733470356
1.1895340673703196,1.0,0.000501,1.0,0.005033333333333333,31.677387075179478,0.5800656853173316,191331.41793408405
1.1895340673703196,1.0,0.000631,1.0,0.006166666666666667,31.677387075179478,0.5800656853173316,234412.66435632814
1.1895340673703196,1.0,0.000794,1.0,0.008366666666666666,31.677387075179478,0.5800656853173316,318040.966234802
1.1895340673703196,1.0,0.001,1.0,0.007266666666666667,31.677387075179478,0.5800656853173316,276226.81529556506
1.1895340673703196,1.0,0.00126,1.0,0.0081,31.677387075179478,0.5800656853173316,307904.20237074455
1.1895340673703196,1.0,0.00158,1.0,0.004066666666666666,31.677387075179478,0.5800656853173316,154585.64892687585
1.1895340673703196,1.0,0.002,1.0,0.0021,31.677387075179478,0.5800656853173316,79827.0154294523
1.1895340673703196,1.0,0.00251,1.0,0.0006666666666666666,31.677387075179478,0.5800656853173316,25341.90966014358
1.1895340673703196,1.0,0.00316,1.0,6.666666666666667e-05,31.677387075179478,0.5800656853173316,2534.1909660143588
1.1895340673703196,1.0,0.00398,1.0,6.666666666666667e-05,31.677387075179478,0.5800656853173316,2534.1909660143588
1.1895340673703196,1.0,0.00501,1.0,0.0,31.677387075179478,0.5800656853173316,0.0
1.1895340673703196,1.0,0.00631,1.0,0.0,31.677387075179478,0.5800656853173316,0.0
1.2458833642950082,1.0,1e-06,1.0,0.0,32.89881766549937,0.6024321125343228,0.0
1.2458833642950082,1.0,1.26e-06,1.0,0.0,32.89881766549937,0.6024321125343228,0.0
1.2458833642950082,1.0,1.58e-06,1.0,0.0,32.89881766549937,0.6024321125343228,0.0
1.2458833642950082,1.0,2e-06,1.0,0.0,32.89881766549937,0.6024321125343228,0.0
1.2458833642950082,1.0,2.51e-06,1.0,0.0,32.89881766549937,0.6024321125343228,0.0
1.2458833642950082,1.0,3.16e-06,1.0,0.0,32.89881766549937,0.6024321125343228,0.0
1.2458833642950082,1.0,3.98e-06,1.0,0.0,32.89881766549937,0.6024321125343228,0.0
1.2458833642950082,1.0,5.01e-06,1.0,0.0,32.89881766549937,0.6024321125343228,0.0
1.2458833642950082,1.0,6.31e-06,1.0,0.0,32.89881766549937,0.6024321125343228,0.0
1.2458833642950082,1.0,7.94e-06,1.0,0.0,32.89881766549937,0.6024321125343228,0.0
1.2458833642950082,1.0,1e-05,1.0,0.0,32.89881766549937,0.6024321125343228,0.0
1.2458833642950082,1.0,1.26e-05,1.0,0.0,32.89881766549937,0.6024321125343228,0.0
1.2458833642950082,1.0,1.58e-05,1.0,0.0,32.89881766549937,0.6024321125343228,0.0
1.2458833642950082,1.0,2e-05,1.0,3.3333333333333335e-05,32.89881766549937,0.6024321125343228,1315.9527066199753
1.2458833642950082,1.0,2.51e-05,1.0,0.0,32.89881766549937,0.6024321125343228,0.0
1.2458833642950082,1.0,3.16e-05,1.0,3.3333333333333335e-05,32.89881766549937,0.6024321125343228,1315.9527066199753
1.2458833642950082,1.0,3.98e-05,1.0,0.0,32.89881766549937,0.6024321125343228,0.0
1.2458833642950082,1.0,5.01e-05,1.0,0.0001,32.89881766549937,0.6024321125343228,3947.858119859925
1.2458833642950082,1.0,6.31e-05,1.0,0.00016666666666666666,32.89881766549937,0.6024321125343228,6579.763533099875
1.2458833642950082,1.0,7.94e-05,1.0,6.666666666666667e-05,32.89881766549937,0.6024321125343228,2631.9054132399506
1.2458833642950082,1.0,0.0001,1.0,0.0002666666666666667,32.89881766549937,0.6024321125343228,10527.621652959802
1.2458833642950082,1.0,0.000126,1.0,0.00036666666666666667,32.89881766549937,0.6024321125343228,14475.479772819725
1.2458833642950082,1.0,0.000158,1.0,0.0007,32.89881766549937,0.6024321125343228,27635.006839019476
1.2458833642950082,1.0,0.0002,1.0,0.001,32.89881766549937,0.6024321125343228,39478.58119859925
1.2458833642950082,1.0,0.000251,1.0,0.0014666666666666667,32.89881766549937,0.6024321125343228,57901.9190912789
1.2458833642950082,1.0,0.000316,1.0,0.0017333333333333333,32.89881766549937,0.6024321125343228,68429.5407442387
1.2458833642950082,1.0,0.000398,1.0,0.003266666666666667,32.89881766549937,0.6024321125343228,128963.36524875756
1.2458833642950082,1.0,0.000501,1.0,0.005033333333333333,32.89881766549937,0.6024321125343228,198708.85869961622
1.2458833642950082,1.0,0.000631,1.0,0.006166666666666667,32.89881766549937,0.6024321125343228,243451.2507246954
1.2458833642950082,1.0,0.000794,1.0,0.008366666666666666,32.89881766549937,0.6024321125343228,330304.1293616137
1.2458833642950082,1.0,0.001,1.0,0.007266666666666667,32.89881766549937,0.6024321125343228,286877.6900431546
1.2458833642950082,1.0,0.00126,1.0,0.0081,32.89881766549937,0.6024321125343228,319776.5077086539
1.2458833642950082,1.0,0.00158,1.0,0.004066666666666666,32.89881766549937,0.6024321125343228,160546.23020763695
1.2458833642950082,1.0,0.002,1.0,0.0021,32.89881766549937,0.6024321125343228,82905.02051705842
1.2458833642950082,1.0,0.00251,1.0,0.0006666666666666666,32.89881766549937,0.6024321125343228,26319.0541323995
1.2458833642950082,1.0,0.00316,1.0,6.666666666666667e-05,32.89881766549937,0.6024321125343228,2631.9054132399506
1.2458833642950082,1.0,0.00398,1.0,6.666666666666667e-05,32.89881766549937,0.6024321125343228,2631.9054132399506
1.2458833642950082,1.0,0.00501,1.0,0.0,32.89881766549937,0.6024321125343228,0.0
1.2458833642950082,1.0,0.00631,1.0,0.0,32.89881766549937,0.6024321125343228,0.0
1.3049019780144029,1.0,1e-06,1.0,0.0,34.09731942005531,0.624378674602734,0.0
1.3049019780144029,1.0,1.26e-06,1.0,0.0,34.09731942005531,0.624378674602734,0.0
1.3049019780144029,1.0,1.58e-06,1.0,0.0,34.09731942005531,0.624378674602734,0.0
1.3049019780144029,1.0,2e-06,1.0,0.0,34.09731942005531,0.624378674602734,0.0
1.3049019780144029,1.0,2.51e-06,1.0,0.0,34.09731942005531,0.624378674602734,0.0
1.3049019780144029,1.0,3.16e-06,1.0,0.0,34.09731942005531,0.624378674602734,0.0
1.3049019780144029,1.0,3.98e-06,1.0,0.0,34.09731942005531,0.624378674602734,0.0
1.3049019780144029,1.0,5.01e-06,1.0,0.0,34.09731942005531,0.624378674602734,0.0
1.3049019780144029,1.0,6.31e-06,1.0,0.0,34.09731942005531,0.624378674602734,0.0
1.3049019780144029,1.0,7.94e-06,1.0,0.0,34.09731942005531,0.624378674602734,0.0
1.3049019780144029,1.0,1e-05,1.0,0.0,34.09731942005531,0.624378674602734,0.0
1.3049019780144029,1.0,1.26e-05,1.0,0.0,34.09731942005531,0.624378674602734,0.0
1.3049019780144029,1.0,1.58e-05,1.0,0.0,34.09731942005531,0.624378674602734,0.0
1.3049019780144029,1.0,2e-05,1.0,3.3333333333333335e-05,34.09731942005531,0.624378674602734,1363.8927768022122
1.3049019780144029,1.0,2.51e-05,1.0,0.0,34.09731942005531,0.624378674602734,0.0
1.3049019780144029,1.0,3.16e-05,1.0,3.3333333333333335e-05,34.09731942005531,0.624378674602734,1363.8927768022122
1.3049019780144029,1.0,3.98e-05,1.0,0.0,34.09731942005531,0.624378674602734,0.0
1.3049019780144029,1.0,5.01e-05,1.0,0.0001,34.09731942005531,0.624378674602734,4091.678330406637
1.3049019780144029,1.0,6.31e-05,1.0,0.00016666666666666666,34.09731942005531,0.624378674602734,6819.463884011061
1.3049019780144029,1.0,7.94e-05,1.0,6.666666666666667e-05,34.09731942005531,0.624378674602734,2727.7855536044244
1.3049019780144029,1.0,0.0001,1.0,0.0002666666666666667,34.09731942005531,0.624378674602734,10911.142214417698
1.3049019780144029,1.0,0.000126,1.0,0.00036666666666666667,34.09731942005531,0.624378674602734,15002.820544824333
1.3049019780144029,1.0,0.000158,1.0,0.0007,34.09731942005531,0.624378674602734,28641.748312846456
1.3049019780144029,1.0,0.0002,1.0,0.001,34.09731942005531,0.624378674602734,40916.78330406637
1.3049019780144029,1.0,0.000251,1.0,0.0014666666666666667,34.09731942005531,0.624378674602734,60011.282179297334
1.3049019780144029,1.0,0.000316,1.0,0.0017333333333333333,34.09731942005531,0.624378674602734,70922.42439371503
1.3049019780144029,1.0,0.000398,1.0,0.003266666666666667,34.09731942005531,0.624378674602734,133661.49212661682
1.3049019780144029,1.0,0.000501,1.0,0.005033333333333333,34.09731942005531,0.624378674602734,205947.80929713405
1.3049019780144029,1.0,0.000631,1.0,0.006166666666666667,34.09731942005531,0.624378674602734,252320.16370840927
1.3049019780144029,1.0,0.000794,1.0,0.008366666666666666,34.09731942005531,0.624378674602734,342337.08697735524
1.3049019780144029,1.0,0.001,1.0,0.007266666666666667,34.09731942005531,0.624378674602734,297328.6253428823
1.3049019780144029,1.0,0.00126,1.0,0.0081,34.09731942005531,0.624378674602734,331425.94476293755
1.3049019780144029,1.0,0.00158,1.0,0.004066666666666666,34.09731942005531,0.624378674602734,166394.9187698699
1.3049019780144029,1.0,0.002,1.0,0.0021,34.09731942005531,0.624378674602734,85925.24493853937
1.3049019780144029,1.0,0.00251,1.0,0.0006666666666666666,34.09731942005531,0.624378674602734,27277.855536044244
1.3049019780144029,1.0,0.00316,1.0,6.666666666666667e-05,34.09731942005531,0.624378674602734,2727.7855536044244
1.3049019780144029,1.0,0.00398,1.0,6.666666666666667e-05,34.09731942005531,0.624378674602734,2727.7855536044244
1.3049019780144029,1.0,0.00501,1.0,0.0,34.09731942005531,0.624378674602734,0.0
1.3049019780144029,1.0,0.00631,1.0,0.0,34.09731942005531,0.624378674602734,0.0
1.3667163564620073,1.0,1e-06,1.0,0.0,35.268557198793,0.6458259878921991,0.0
1.3667163564620073,1.0,1.26e-06,1.0,0.0,35.268557198793,0.6458259878921991,0.0
1.3667163564620073,1.0,1.58e-06,1.0,0.0,35.268557198793,0.6458259878921991,0.0
1.3667163564620073,1.0,2e-06,1.0,0.0,35.268557198793,0.6458259878921991,0.0
1.3667163564620073,1.0,2.51e-06,1.0,0.0,35.268557198793,0.6458259878921991,0.0
1.3667163564620073,1.0,3.16e-06,1.0,0.0,35.268557198793,0.6458259878921991,0.0
1.3667163564620073,1.0,3.98e-06,1.0,0.0,35.268557198793,0.6458259878921991,0.0
1.3667163564620073,1.0,5.01e-06,1.0,0.0,35.268557198793,0.6458259878921991,0.0
1.3667163564620073,1.0,6.31e-06,1.0,0.0,35.268557198793,0.6458259878921991,0.0
1.3667163564620073,1.0,7.94e-06,1.0,0.0,35.268557198793,0.6458259878921991,0.0
1.3667163564620073,1.0,1e-05,1.0,0.0,35.268557198793,0.6458259878921991,0.0
1.3667163564620073,1.0,1.26e-05,1.0,0.0,35.268557198793,0.6458259878921991,0.0
1.3667163564620073,1.0,1.58e-05,1.0,0.0,35.268557198793,0.6458259878921991,0.0
1.3667163564620073,1.0,2e-05,1.0,3.3333333333333335e-05,35.268557198793,0.6458259878921991,1410.74228795172
1.3667163564620073,1.0,2.51e-05,1.0,0.0,35.268557198793,0.6458259878921991,0.0
1.3667163564620073,1.0,3.16e-05,1.0,3.3333333333333335e-05,35.268557198793,0.6458259878921991,1410.74228795172
1.3667163564620073,1.0,3.98e-05,1.0,0.0,35.268557198793,0.6458259878921991,0.0
1.3667163564620073,1.0,5.01e-05,1.0,0.0001,35.268557198793,0.6458259878921991,4232.22686385516
1.3667163564620073,1.0,6.31e-05,1.0,0.00016666666666666666,35.268557198793,0.6458259878921991,7053.711439758599
1.3667163564620073,1.0,7.94e-05,1.0,6.666666666666667e-05,35.268557198793,0.6458259878921991,2821.48457590344
1.3667163564620073,1.0,0.0001,1.0,0.0002666666666666667,35.268557198793,0.6458259878921991,11285.93830361376
1.3667163564620073,1.0,0.000126,1.0,0.00036666666666666667,35.268557198793,0.6458259878921991,15518.16516746892
1.3667163564620073,1.0,0.000158,1.0,0.0007,35.268557198793,0.6458259878921991,29625.588046986122
1.3667163564620073,1.0,0.0002,1.0,0.001,35.268557198793,0.6458259878921991,42322.268638551606
1.3667163564620073,1.0,0.000251,1.0,0.0014666666666666667,35.268557198793,0.6458259878921991,62072.66066987568
1.3667163564620073,1.0,0.000316,1.0,0.0017333333333333333,35.268557198793,0.6458259878921991,73358.59897348944
1.3667163564620073,1.0,0.000398,1.0,0.003266666666666667,35.268557198793,0.6458259878921991,138252.74421926856
1.3667163564620073,1.0,0.000501,1.0,0.005033333333333333,35.268557198793,0.6458259878921991,213022.0854807097
1.3667163564620073,1.0,0.000631,1.0,0.006166666666666667,35.268557198793,0.6458259878921991,260987.3232710682
1.3667163564620073,1.0,0.000794,1.0,0.008366666666666666,35.268557198793,0.6458259878921991,354096.31427588174
1.3667163564620073,1.0,0.001,1.0,0.007266666666666667,35.268557198793,0.6458259878921991,307541.81877347495
1.3667163564620073,1.0,0.00126,1.0,0.0081,35.268557198793,0.6458259878921991,342810.37597226794
1.3667163564620073,1.0,0.00158,1.0,0.004066666666666666,35.268557198793,0.6458259878921991,172110.55913010985
1.3667163564620073,1.0,0.002,1.0,0.0021,35.268557198793,0.6458259878921991,88876.76414095836
1.3667163564620073,1.0,0.00251,1.0,0.0006666666666666666,35.268557198793,0.6458259878921991,28214.845759034397
1.3667163564620073,1.0,0.00316,1.0,6.666666666666667e-05,35.268557198793,0.6458259878921991,2821.48457590344
1.3667163564620073,1.0,0.00398,1.0,6.666666666666667e-05,35.268557198793,0.6458259878921991,2821.48457590344
1.3667163564620073,1.0,0.00501,1.0,0.0,35.268557198793,0.6458259878921991,0.0
1.3667163564620073,1.0,0.00631,1.0,0.0,35.268557198793,0.6458259878921991,0.0
1.4314589375234785,1.0,1e-06,1.0,0.0,36.40861802696851,0.6667023993218918,0.0
1.4314589375234785,1.0,1.26e-06,1.0,0.0,36.40861802696851,0.6667023993218918,0.0
1.4314589375234785,1.0,1.58e-06,1.0,0.0,36.40861802696851,0.6667023993218918,0.0
1.4314589375234785,1.0,2e-06,1.0,0.0,36.40861802696851,0.6667023993218918,0.0
1.4314589375234785,1.0,2.51e-06,1.0,0.0,36.40861802696851,0.6667023993218918,0.0
1.4314589375234785,1.0,3.16e-06,1.0,0.0,36.40861802696851,0.6667023993218918,0.0
1.4314589375234785,1.0,3.98e-06,1.0,0.0,36.40861802696851,0.6667023993218918,0.0
1.4314589375234785,1.0,5.01e-06,1.0,0.0,36.40861802696851,0.6667023993218918,0.0
1.4314589375234785,1.0,6.31e-06,1.0,0.0,36.40861802696851,0.6667023993218918,0.0
1.4314589375234785,1.0,7.94e-06,1.0,0.0,36.40861802696851,0.6667023993218918,0.0
1.4314589375234785,1.0,1e-05,1.0,0.0,36.40861802696851,0.6667023993218918,0.0
1.4314589375234785,1.0,1.26e-05,1.0,0.0,36.40861802696851,0.6667023993218918,0.0
1.4314589375234785,1.0,1.58e-05,1.0,0.0,36.40861802696851,0.6667023993218918,0.0
1.4314589375234785,1.0,2e-05,1.0,3.3333333333333335e-05,36.40861802696851,0.6667023993218918,1456.3447210787408
1.4314589375234785,1.0,2.51e-05,1.0,0.0,36.40861802696851,0.6667023993218918,0.0
1.4314589375234785,1.0,3.16e-05,1.0,3.3333333333333335e-05,36.40861802696851,0.6667023993218918,1456.3447210787408
1.4314589375234785,1.0,3.98e-05,1.0,0.0,36.40861802696851,0.6667023993218918,0.0
1.4314589375234785,1.0,5.01e-05,1.0,0.0001,36.40861802696851,0.6667023993218918,4369.034163236222
1.4314589375234785,1.0,6.31e-05,1.0,0.00016666666666666666,36.40861802696851,0.6667023993218918,7281.723605393703
1.4314589375234785,1.0,7.94e-05,1.0,6.666666666666667e-05,36.40861802696851,0.6667023993218918,2912.6894421574816
1.4314589375234785,1.0,0.0001,1.0,0.0002666666666666667,36.40861802696851,0.6667023993218918,11650.757768629926
1.4314589375234785,1.0,0.000126,1.0,0.00036666666666666667,36.40861802696851,0.6667023993218918,16019.791931866148
1.4314589375234785,1.0,0.000158,1.0,0.0007,36.40861802696851,0.6667023993218918,30583.23914265355
1.4314589375234785,1.0,0.0002,1.0,0.001,36.40861802696851,0.6667023993218918,43690.34163236222
1.4314589375234785,1.0,0.000251,1.0,0.0014666666666666667,36.40861802696851,0.6667023993218918,64079.16772746459
1.4314589375234785,1.0,0.000316,1.0,0.0017333333333333333,36.40861802696851,0.6667023993218918,75729.92549609451
1.4314589375234785,1.0,0.000398,1.0,0.003266666666666667,36.40861802696851,0.6667023993218918,142721.78266571657
1.4314589375234785,1.0,0.000501,1.0,0.005033333333333333,36.40861802696851,0.6667023993218918,219908.0528828898
1.4314589375234785,1.0,0.000631,1.0,0.006166666666666667,36.40861802696851,0.6667023993218918,269423.773399567
1.4314589375234785,1.0,0.000794,1.0,0.008366666666666666,36.40861802696851,0.6667023993218918,365542.5249907639
1.4314589375234785,1.0,0.001,1.0,0.007266666666666667,36.40861802696851,0.6667023993218918,317483.1491951655
1.4314589375234785,1.0,0.00126,1.0,0.0081,36.40861802696851,0.6667023993218918,353891.76722213393
1.4314589375234785,1.0,0.00158,1.0,0.004066666666666666,36.40861802696851,0.6667023993218918,177674.05597160634
1.4314589375234785,1.0,0.002,1.0,0.0021,36.40861802696851,0.6667023993218918,91749.71742796066
1.4314589375234785,1.0,0.00251,1.0,0.0006666666666666666,36.40861802696851,0.6667023993218918,29126.894421574812
1.4314589375234785,1.0,0.00316,1.0,6.666666666666667e-05,36.40861802696851,0.6667023993218918,2912.6894421574816
1.4314589375234785,1.0,0.00398,1.0,6.666666666666667e-05,36.40861802696851,0.6667023993218918,2912.6894421574816
1.4314589375234785,1.0,0.00501,1.0,0.0,36.40861802696851,0.6667023993218918,0.0
1.4314589375234785,1.0,0.00631,1.0,0.0,36.40861802696851,0.6667023993218918,0.0
1.4992684327860455,1.0,1e-06,1.0,0.0,37.51405329525576,0.6869447591147366,0.0
1.4992684327860455,1.0,1.26e-06,1.0,0.0,37.51405329525576,0.6869447591147366,0.0
1.4992684327860455,1.0,1.58e-06,1.0,0.0,37.51405329525576,0.6869447591147366,0.0
1.4992684327860455,1.0,2e-06,1.0,0.0,37.51405329525576,0.6869447591147366,0.0
1.4992684327860455,1.0,2.51e-06,1.0,0.0,37.51405329525576,0.6869447591147366,0.0
1.4992684327860455,1.0,3.16e-06,1.0,0.0,37.51405329525576,0.6869447591147366,0.0
1.4992684327860455,1.0,3.98e-06,1.0,0.0,37.51405329525576,0.6869447591147366,0.0
1.4992684327860455,1.0,5.01e-06,1.0,0.0,37.51405329525576,0.6869447591147366,0.0
1.4992684327860455,1.0,6.31e-06,1.0,0.0,37.51405329525576,0.6869447591147366,0.0
1.4992684327860455,1.0,7.94e-06,1.0,0.0,37.51405329525576,0.6869447591147366,0.0
1.4992684327860455,1.0,1e-05,1.0,0.0,37.51405329525576,0.6869447591147366,0.0
1.4992684327860455,1.0,1.26e-05,1.0,0.0,37.51405329525576,0.6869447591147366,0.0
1.4992684327860455,1.0,1.58e-05,1.0,0.0,37.51405329525576,0.6869447591147366,0.0
1.4992684327860455,1.0,2e-05,1.0,3.3333333333333335e-05,37.51405329525576,0.6869447591147366,1500.5621318102308
1.4992684327860455,1.0,2.51e-05,1.0,0.0,37.51405329525576,0.6869447591147366,0.0
1.4992684327860455,1.0,3.16e-05,1.0,3.3333333333333335e-05,37.51405329525576,0.6869447591147366,1500.5621318102308
1.4992684327860455,1.0,3.98e-05,1.0,0.0,37.51405329525576,0.6869447591147366,0.0
1.4992684327860455,1.0,5.01e-05,1.0,0.0001,37.51405329525576,0.6869447591147366,4501.686395430693
1.4992684327860455,1.0,6.31e-05,1.0,0.00016666666666666666,37.51405329525576,0.6869447591147366,7502.8106590511525
1.4992684327860455,1.0,7.94e-05,1.0,6.666666666666667e-05,37.51405329525576,0.6869447591147366,3001.1242636204615
1.4992684327860455,1.0,0.0001,1.0,0.0002666666666666667,37.51405329525576,0.6869447591147366,12004.497054481846
1.4992684327860455,1.0,0.000126,1.0,0.00036666666666666667,37.51405329525576,0.6869447591147366,16506.183449912536
1.4992684327860455,1.0,0.000158,1.0,0.0007,37.51405329525576,0.6869447591147366,31511.804768014845
1.4992684327860455,1.0,0.0002,1.0,0.001,37.51405329525576,0.6869447591147366,45016.86395430692
1.4992684327860455,1.0,0.000251,1.0,0.0014666666666666667,37.51405329525576,0.6869447591147366,66024.73379965014
1.4992684327860455,1.0,0.000316,1.0,0.0017333333333333333,37.51405329525576,0.6869447591147366,78029.230854132
1.4992684327860455,1.0,0.000398,1.0,0.003266666666666667,37.51405329525576,0.6869447591147366,147055.0889174026
1.4992684327860455,1.0,0.000501,1.0,0.005033333333333333,37.51405329525576,0.6869447591147366,226584.88190334482
1.4992684327860455,1.0,0.000631,1.0,0.006166666666666667,37.51405329525576,0.6869447591147366,277603.9943848927
1.4992684327860455,1.0,0.000794,1.0,0.008366666666666666,37.51405329525576,0.6869447591147366,376641.0950843679
1.4992684327860455,1.0,0.001,1.0,0.007266666666666667,37.51405329525576,0.6869447591147366,327122.54473463027
1.4992684327860455,1.0,0.00126,1.0,0.0081,37.51405329525576,0.6869447591147366,364636.598029886
1.4992684327860455,1.0,0.00158,1.0,0.004066666666666666,37.51405329525576,0.6869447591147366,183068.58008084813
1.4992684327860455,1.0,0.002,1.0,0.0021,37.51405329525576,0.6869447591147366,94535.41430404453
1.4992684327860455,1.0,0.00251,1.0,0.0006666666666666666,37.51405329525576,0.6869447591147366,30011.24263620461
1.4992684327860455,1.0,0.00316,1.0,6.666666666666667e-05,37.51405329525576,0.6869447591147366,3001.1242636204615
1.4992684327860455,1.0,0.00398,1.0,6.666666666666667e-05,37.51405329525576,0.6869447591147366,3001.1242636204615
1.4992684327860455,1.0,0.00501,1.0,0.0,37.51405329525576,0.6869447591147366,0.0
1.4992684327860455,1.0,0.00631,1.0,0.0,37.51405329525576,0.6869447591147366,0.0
1.5702901247293775,1.0,1e-06,1.0,0.0,38.581907121134414,0.70649894014163,0.0
1.5702901247293775,1.0,1.26e-06,1.0,0.0,38.581907121134414,0.70649894014163,0.0
1.5702901247293775,1.0,1.58e-06,1.0,0.0,38.581907121134414,0.70649894014163,0.0
1.5702901247293775,1.0,2e-06,1.0,0.0,38.581907121134414,0.70649894014163,0.0
1.5702901247293775,1.0,2.51e-06,1.0,0.0,38.581907121134414,0.70649894014163,0.0
1.5702901247293775,1.0,3.16e-06,1.0,0.0,38.581907121134414,0.70649894014163,0.0
1.5702901247293775,1.0,3.98e-06,1.0,0.0,38.581907121134414,0.70649894014163,0.0
1.5702901247293775,1.0,5.01e-06,1.0,0.0,38.581907121134414,0.70649894014163,0.0
1.5702901247293775,1.0,6.31e-06,1.0,0.0,38.581907121134414,0.70649894014163,0.0
1.5702901247293775,1.0,7.94e-06,1.0,0.0,38.581907121134414,0.70649894014163,0.0
1.5702901247293775,1.0,1e-05,1.0,0.0,38.581907121134414,0.70649894014163,0.0
1.5702901247293775,1.0,1.26e-05,1.0,0.0,38.581907121134414,0.70649894014163,0.0
1.5702901247293775,1.0,1.58e-05,1.0,0.0,38.581907121134414,0.70649894014163,0.0
1.5702901247293775,1.0,2e-05,1.0,3.3333333333333335e-05,38.581907121134414,0.70649894014163,1543.2762848453767
1.5702901247293775,1.0,2.51e-05,1.0,0.0,38.581907121134414,0.70649894014163,0.0
1.5702901247293775,1.0,3.16e-05,1.0,3.3333333333333335e-05,38.581907121134414,0.70649894014163,1543.2762848453767
1.5702901247293775,1.0,3.98e-05,1.0,0.0,38.581907121134414,0.70649894014163,0.0
1.5702901247293775,1.0,5.01e-05,1.0,0.0001,38.581907121134414,0.70649894014163,4629.82885453613
1.5702901247293775,1.0,6.31e-05,1.0,0.00016666666666666666,38.581907121134414,0.70649894014163,7716.381424226883
1.5702901247293775,1.0,7.94e-05,1.0,6.666666666666667e-05,38.581907121134414,0.70649894014163,3086.5525696907534
1.5702901247293775,1.0,0.0001,1.0,0.0002666666666666667,38.581907121134414,0.70649894014163,12346.210278763014
1.5702901247293775,1.0,0.000126,1.0,0.00036666666666666667,38.581907121134414,0.70649894014163,16976.039133299142
1.5702901247293775,1.0,0.000158,1.0,0.0007,38.581907121134414,0.70649894014163,32408.80198175291
1.5702901247293775,1.0,0.0002,1.0,0.001,38.581907121134414,0.70649894014163,46298.288545361305
1.5702901247293775,1.0,0.000251,1.0,0.0014666666666666667,38.581907121134414,0.70649894014163,67904.15653319657
1.5702901247293775,1.0,0.000316,1.0,0.0017333333333333333,38.581907121134414,0.70649894014163,80250.3668119596
1.5702901247293775,1.0,0.000398,1.0,0.003266666666666667,38.581907121134414,0.70649894014163,151241.07591484694
1.5702901247293775,1.0,0.000501,1.0,0.005033333333333333,38.581907121134414,0.70649894014163,233034.71901165188
1.5702901247293775,1.0,0.000631,1.0,0.006166666666666667,38.581907121134414,0.70649894014163,285506.1126963947
1.5702901247293775,1.0,0.000794,1.0,0.008366666666666666,38.581907121134414,0.70649894014163,387362.3474961895
1.5702901247293775,1.0,0.001,1.0,0.007266666666666667,38.581907121134414,0.70649894014163,336434.23009629216
1.5702901247293775,1.0,0.00126,1.0,0.0081,38.581907121134414,0.70649894014163,375016.1372174265
1.5702901247293775,1.0,0.00158,1.0,0.004066666666666666,38.581907121134414,0.70649894014163,188279.70675113593
1.5702901247293775,1.0,0.002,1.0,0.0021,38.581907121134414,0.70649894014163,97226.40594525872
1.5702901247293775,1.0,0.00251,1.0,0.0006666666666666666,38.581907121134414,0.70649894014163,30865.52569690753
1.5702901247293775,1.0,0.00316,1.0,6.666666666666667e-05,38.581907121134414,0.70649894014163,3086.5525696907534
1.5702901247293775,1.0,0.00398,1.0,6.666666666666667e-05,38.581907121134414,0.70649894014163,3086.5525696907534
1.5702901247293775,1.0,0.00501,1.0,0.0,38.581907121134414,0.70649894014163,0.0
1.5702901247293775,1.0,0.00631,1.0,0.0,38.581907121134414,0.70649894014163,0.0
1.6446761779946644,1.0,1e-06,1.0,0.0,39.60973100412586,0.7253201062832056,0.0
1.6446761779946644,1.0,1.26e-06,1.0,0.0,39.60973100412586,0.7253201062832056,0.0
1.6446761779946644,1.0,1.58e-06,1.0,0.0,39.60973100412586,0.7253201062832056,0.0
1.6446761779946644,1.0,2e-06,1.0,0.0,39.60973100412586,0.7253201062832056,0.0
1.6446761779946644,1.0,2.51e-06,1.0,0.0,39.60973100412586,0.7253201062832056,0.0
1.6446761779946644,1.0,3.16e-06,1.0,0.0,39.60973100412586,0.7253201062832056,0.0
1.6446761779946644,1.0,3.98e-06,1.0,0.0,39.60973100412586,0.7253201062832056,0.0
1.6446761779946644,1.0,5.01e-06,1.0,0.0,39.60973100412586,0.7253201062832056,0.0
1.6446761779946644,1.0,6.31e-06,1.0,0.0,39.60973100412586,0.7253201062832056,0.0
1.6446761779946644,1.0,7.94e-06,1.0,0.0,39.60973100412586,0.7253201062832056,0.0
1.6446761779946644,1.0,1e-05,1.0,0.0,39.60973100412586,0.7253201062832056,0.0
1.6446761779946644,1.0,1.26e-05,1.0,0.0,39.60973100412586,0.7253201062832056,0.0
1.6446761779946644,1.0,1.58e-05,1.0,0.0,39.60973100412586,0.7253201062832056,0.0
1.6446761779946644,1.0,2e-05,1.0,3.3333333333333335e-05,39.60973100412586,0.7253201062832056,1584.3892401650346
1.6446761779946644,1.0,2.51e-05,1.0,0.0,39.60973100412586,0.7253201062832056,0.0
1.6446761779946644,1.0,3.16e-05,1.0,3.3333333333333335e-05,39.60973100412586,0.7253201062832056,1584.3892401650346
1.6446761779946644,1.0,3.98e-05,1.0,0.0,39.60973100412586,0.7253201062832056,0.0
1.6446761779946644,1.0,5.01e-05,1.0,0.0001,39.60973100412586,0.7253201062832056,4753.167720495104
1.6446761779946644,1.0,6.31e-05,1.0,0.00016666666666666666,39.60973100412586,0.7253201062832056,7921.946200825172
1.6446761779946644,1.0,7.94e-05,1.0,6.666666666666667e-05,39.60973100412586,0.7253201062832056,3168.778480330069
1.6446761779946644,1.0,0.0001,1.0,0.0002666666666666667,39.60973100412586,0.7253201062832056,12675.113921320277
1.6446761779946644,1.0,0.000126,1.0,0.00036666666666666667,39.60973100412586,0.7253201062832056,17428.281641815378
1.6446761779946644,1.0,0.000158,1.0,0.0007,39.60973100412586,0.7253201062832056,33272.174043465726
1.6446761779946644,1.0,0.0002,1.0,0.001,39.60973100412586,0.7253201062832056,47531.67720495104
1.6446761779946644,1.0,0.000251,1.0,0.0014666666666666667,39.60973100412586,0.7253201062832056,69713.12656726151
1.6446761779946644,1.0,0.000316,1.0,0.0017333333333333333,39.60973100412586,0.7253201062832056,82388.2404885818
1.6446761779946644,1.0,0.000398,1.0,0.003266666666666667,39.60973100412586,0.7253201062832056,155270.1455361734
1.6446761779946644,1.0,0.000501,1.0,0.005033333333333333,39.60973100412586,0.7253201062832056,239242.7752649202
1.6446761779946644,1.0,0.000631,1.0,0.006166666666666667,39.60973100412586,0.7253201062832056,293112.00943053135
1.6446761779946644,1.0,0.000794,1.0,0.008366666666666666,39.60973100412586,0.7253201062832056,397681.69928142364
1.6446761779946644,1.0,0.001,1.0,0.007266666666666667,39.60973100412586,0.7253201062832056,345396.85435597756
1.6446761779946644,1.0,0.00126,1.0,0.0081,39.60973100412586,0.7253201062832056,385006.5853601034
1.6446761779946644,1.0,0.00158,1.0,0.004066666666666666,39.60973100412586,0.7253201062832056,193295.4873001342
1.6446761779946644,1.0,0.002,1.0,0.0021,39.60973100412586,0.7253201062832056,99816.52213039718
1.6446761779946644,1.0,0.00251,1.0,0.0006666666666666666,39.60973100412586,0.7253201062832056,31687.78480330069
1.6446761779946644,1.0,0.00316,1.0,6.666666666666667e-05,39.60973100412586,0.7253201062832056,3168.778480330069
1.6446761779946644,1.0,0.00398,1.0,6.666666666666667e-05,39.60973100412586,0.7253201062832056,3168.778480330069
1.6446761779946644,1.0,0.00501,1.0,0.0,39.60973100412586,0.7253201062832056,0.0
1.6446761779946644,1.0,0.00631,1.0,0.0,39.60973100412586,0.7253201062832056,0.0
1.7225859653987874,1.0,1e-06,1.0,0.0,40.59558549273312,0.743372742954278,0.0
1.7225859653987874,1.0,1.26e-06,1.0,0.0,40.59558549273312,0.743372742954278,0.0
1.7225859653987874,1.0,1.58e-06,1.0,0.0,40.59558549273312,0.743372742954278,0.0
1.7225859653987874,1.0,2e-06,1.0,0.0,40.59558549273312,0.743372742954278,0.0
1.7225859653987874,1.0,2.51e-06,1.0,0.0,40.59558549273312,0.743372742954278,0.0
1.7225859653987874,1.0,3.16e-06,1.0,0.0,40.59558549273312,0.743372742954278,0.0
1.7225859653987874,1.0,3.98e-06,1.0,0.0,40.59558549273312,0.743372742954278,0.0
1.7225859653987874,1.0,5.01e-06,1.0,0.0,40.59558549273312,0.743372742954278,0.0
1.7225859653987874,1.0,6.31e-06,1.0,0.0,40.59558549273312,0.743372742954278,0.0
1.7225859653987874,1.0,7.94e-06,1.0,0.0,40.59558549273312,0.743372742954278,0.0
1.7225859653987874,1.0,1e-05,1.0,0.0,40.59558549273312,0.743372742954278,0.0
1.7225859653987874,1.0,1.26e-05,1.0,0.0,40.59558549273312,0.743372742954278,0.0
1.7225859653987874,1.0,1.58e-05,1.0,0.0,40.59558549273312,0.743372742954278,0.0
1.7225859653987874,1.0,2e-05,1.0,3.3333333333333335e-05,40.59558549273312,0.743372742954278,1623.823419709325
1.7225859653987874,1.0,2.51e-05,1.0,0.0,40.59558549273312,0.743372742954278,0.0
1.7225859653987874,1.0,3.16e-05,1.0,3.3333333333333335e-05,40.59558549273312,0.743372742954278,1623.823419709325
1.7225859653987874,1.0,3.98e-05,1.0,0.0,40.59558549273312,0.743372742954278,0.0
1.7225859653987874,1.0,5.01e-05,1.0,0.0001,40.59558549273312,0.743372742954278,4871.470259127975
1.7225859653987874,1.0,6.31e-05,1.0,0.00016666666666666666,40.59558549273312,0.743372742954278,8119.117098546623
1.7225859653987874,1.0,7.94e-05,1.0,6.666666666666667e-05,40.59558549273312,0.743372742954278,3247.64683941865
1.7225859653987874,1.0,0.0001,1.0,0.0002666666666666667,40.59558549273312,0.743372742954278,12990.5873576746
1.7225859653987874,1.0,0.000126,1.0,0.00036666666666666667,40.59558549273312,0.743372742954278,17862.057616802573
1.7225859653987874,1.0,0.000158,1.0,0.0007,40.59558549273312,0.743372742954278,34100.29181389583
1.7225859653987874,1.0,0.0002,1.0,0.001,40.59558549273312,0.743372742954278,48714.702591279754
1.7225859653987874,1.0,0.000251,1.0,0.0014666666666666667,40.59558549273312,0.743372742954278,71448.23046721029
1.7225859653987874,1.0,0.000316,1.0,0.0017333333333333333,40.59558549273312,0.743372742954278,84438.8178248849
1.7225859653987874,1.0,0.000398,1.0,0.003266666666666667,40.59558549273312,0.743372742954278,159134.69513151387
1.7225859653987874,1.0,0.000501,1.0,0.005033333333333333,40.59558549273312,0.743372742954278,245197.33637610805
1.7225859653987874,1.0,0.000631,1.0,0.006166666666666667,40.59558549273312,0.743372742954278,300407.3326462251
1.7225859653987874,1.0,0.000794,1.0,0.008366666666666666,40.59558549273312,0.743372742954278,407579.67834704055
1.7225859653987874,1.0,0.001,1.0,0.007266666666666667,40.59558549273312,0.743372742954278,353993.50549663283
1.7225859653987874,1.0,0.00126,1.0,0.0081,40.59558549273312,0.743372742954278,394589.09098936594
1.7225859653987874,1.0,0.00158,1.0,0.004066666666666666,40.59558549273312,0.743372742954278,198106.4572045376
1.7225859653987874,1.0,0.002,1.0,0.0021,40.59558549273312,0.743372742954278,102300.87544168747
1.7225859653987874,1.0,0.00251,1.0,0.0006666666666666666,40.59558549273312,0.743372742954278,32476.468394186493
1.7225859653987874,1.0,0.00316,1.0,6.666666666666667e-05,40.59558549273312,0.743372742954278,3247.64683941865
1.7225859653987874,1.0,0.00398,1.0,6.666666666666667e-05,40.59558549273312,0.743372742954278,3247.64683941865
1.7225859653987874,1.0,0.00501,1.0,0.0,40.59558549273312,0.743372742954278,0.0
1.7225859653987874,1.0,0.00631,1.0,0.0,40.59558549273312,0.743372742954278,0.0
1.8041864093920719,1.0,1e-06,1.0,0.0,41.53803006233035,0.760630471751151,0.0
1.8041864093920719,1.0,1.26e-06,1.0,0.0,41.53803006233035,0.760630471751151,0.0
1.8041864093920719,1.0,1.58e-06,1.0,0.0,41.53803006233035,0.760630471751151,0.0
1.8041864093920719,1.0,2e-06,1.0,0.0,41.53803006233035,0.760630471751151,0.0
1.8041864093920719,1.0,2.51e-06,1.0,0.0,41.53803006233035,0.760630471751151,0.0
1.8041864093920719,1.0,3.16e-06,1.0,0.0,41.53803006233035,0.760630471751151,0.0
1.8041864093920719,1.0,3.98e-06,1.0,0.0,41.53803006233035,0.760630471751151,0.0
1.8041864093920719,1.0,5.01e-06,1.0,0.0,41.53803006233035,0.760630471751151,0.0
1.8041864093920719,1.0,6.31e-06,1.0,0.0,41.53803006233035,0.760630471751151,0.0
1.8041864093920719,1.0,7.94e-06,1.0,0.0,41.53803006233035,0.760630471751151,0.0
1.8041864093920719,1.0,1e-05,1.0,0.0,41.53803006233035,0.760630471751151,0.0
1.8041864093920719,1.0,1.26e-05,1.0,0.0,41.53803006233035,0.760630471751151,0.0
1.8041864093920719,1.0,1.58e-05,1.0,0.0,41.53803006233035,0.760630471751151,0.0
1.8041864093920719,1.0,2e-05,1.0,3.3333333333333335e-05,41.53803006233035,0.760630471751151,1661.5212024932143
1.8041864093920719,1.0,2.51e-05,1.0,0.0,41.53803006233035,0.760630471751151,0.0
1.8041864093920719,1.0,3.16e-05,1.0,3.3333333333333335e-05,41.53803006233035,0.760630471751151,1661.5212024932143
1.8041864093920719,1.0,3.98e-05,1.0,0.0,41.53803006233035,0.760630471751151,0.0
1.8041864093920719,1.0,5.01e-05,1.0,0.0001,41.53803006233035,0.760630471751151,4984.563607479642
1.8041864093920719,1.0,6.31e-05,1.0,0.00016666666666666666,41.53803006233035,0.760630471751151,8307.60601246607
1.8041864093920719,1.0,7.94e-05,1.0,6.666666666666667e-05,41.53803006233035,0.760630471751151,3323.0424049864287
1.8041864093920719,1.0,0.0001,1.0,0.0002666666666666667,41.53803006233035,0.760630471751151,13292.169619945715
1.8041864093920719,1.0,0.000126,1.0,0.00036666666666666667,41.53803006233035,0.760630471751151,18276.733227425353
1.8041864093920719,1.0,0.000158,1.0,0.0007,41.53803006233035,0.760630471751151,34891.945252357495
1.8041864093920719,1.0,0.0002,1.0,0.001,41.53803006233035,0.760630471751151,49845.63607479643
1.8041864093920719,1.0,0.000251,1.0,0.0014666666666666667,41.53803006233035,0.760630471751151,73106.93290970141
1.8041864093920719,1.0,0.000316,1.0,0.0017333333333333333,41.53803006233035,0.760630471751151,86399.10252964712
1.8041864093920719,1.0,0.000398,1.0,0.003266666666666667,41.53803006233035,0.760630471751151,162829.077844335
1.8041864093920719,1.0,0.000501,1.0,0.005033333333333333,41.53803006233035,0.760630471751151,250889.70157647535
1.8041864093920719,1.0,0.000631,1.0,0.006166666666666667,41.53803006233035,0.760630471751151,307381.4224612446
1.8041864093920719,1.0,0.000794,1.0,0.008366666666666666,41.53803006233035,0.760630471751151,417041.82182579674
1.8041864093920719,1.0,0.001,1.0,0.007266666666666667,41.53803006233035,0.760630471751151,362211.6221435207
1.8041864093920719,1.0,0.00126,1.0,0.0081,41.53803006233035,0.760630471751151,403749.652205851
1.8041864093920719,1.0,0.00158,1.0,0.004066666666666666,41.53803006233035,0.760630471751151,202705.5867041721
1.8041864093920719,1.0,0.002,1.0,0.0021,41.53803006233035,0.760630471751151,104675.83575707249
1.8041864093920719,1.0,0.00251,1.0,0.0006666666666666666,41.53803006233035,0.760630471751151,33230.42404986428
1.8041864093920719,1.0,0.00316,1.0,6.666666666666667e-05,41.53803006233035,0.760630471751151,3323.0424049864287
1.8041864093920719,1.0,0.00398,1.0,6.666666666666667e-05,41.53803006233035,0.760630471751151,3323.0424049864287
1.8041864093920719,1.0,0.00501,1.0,0.0,41.53803006233035,0.760630471751151,0.0
1.8041864093920719,1.0,0.00631,1.0,0.0,41.53803006233035,0.760630471751151,0.0
1.8896523396912097,1.0,1e-06,1.0,0.0,42.436102761485344,0.7770756777419033,0.0
1.8896523396912097,1.0,1.26e-06,1.0,0.0,42.436102761485344,0.7770756777419033,0.0
1.8896523396912097,1.0,1.58e-06,1.0,0.0,42.436102761485344,0.7770756777419033,0.0
1.8896523396912097,1.0,2e-06,1.0,0.0,42.436102761485344,0.7770756777419033,0.0
1.8896523396912097,1.0,2.51e-06,1.0,0.0,42.436102761485344,0.7770756777419033,0.0
1.8896523396912097,1.0,3.16e-06,1.0,0.0,42.436102761485344,0.7770756777419033,0.0
1.8896523396912097,1.0,3.98e-06,1.0,0.0,42.436102761485344,0.7770756777419033,0.0
1.8896523396912097,1.0,5.01e-06,1.0,0.0,42.436102761485344,0.7770756777419033,0.0
1.8896523396912097,1.0,6.31e-06,1.0,0.0,42.436102761485344,0.7770756777419033,0.0
1.8896523396912097,1.0,7.94e-06,1.0,0.0,42.436102761485344,0.7770756777419033,0.0
1.8896523396912097,1.0,1e-05,1.0,0.0,42.436102761485344,0.7770756777419033,0.0
1.8896523396912097,1.0,1.26e-05,1.0,0.0,42.436102761485344,0.7770756777419033,0.0
1.8896523396912097,1.0,1.58e-05,1.0,0.0,42.436102761485344,0.7770756777419033,0.0
1.8896523396912097,1.0,2e-05,1.0,3.3333333333333335e-05,42.436102761485344,0.7770756777419033,1697.4441104594139
1.8896523396912097,1.0,2.51e-05,1.0,0.0,42.436102761485344,0.7770756777419033,0.0
1.8896523396912097,1.0,3.16e-05,1.0,3.3333333333333335e-05,42.436102761485344,0.7770756777419033,1697.4441104594139
1.8896523396912097,1.0,3.98e-05,1.0,0.0,42.436102761485344,0.7770756777419033,0.0
1.8896523396912097,1.0,5.01e-05,1.0,0.0001,42.436102761485344,0.7770756777419033,5092.332331378242
1.8896523396912097,1.0,6.31e-05,1.0,0.00016666666666666666,42.436102761485344,0.7770756777419033,8487.220552297069
1.8896523396912097,1.0,7.94e-05,1.0,6.666666666666667e-05,42.436102761485344,0.7770756777419033,3394.8882209188278
1.8896523396912097,1.0,0.0001,1.0,0.0002666666666666667,42.436102761485344,0.7770756777419033,13579.552883675311
1.8896523396912097,1.0,0.000126,1.0,0.00036666666666666667,42.436102761485344,0.7770756777419033,18671.88521505355
1.8896523396912097,1.0,0.000158,1.0,0.0007,42.436102761485344,0.7770756777419033,35646.326319647684
1.8896523396912097,1.0,0.0002,1.0,0.001,42.436102761485344,0.7770756777419033,50923.32331378241
1.8896523396912097,1.0,0.000251,1.0,0.0014666666666666667,42.436102761485344,0.7770756777419033,74687.5408602142
1.8896523396912097,1.0,0.000316,1.0,0.0017333333333333333,42.436102761485344,0.7770756777419033,88267.09374388952
1.8896523396912097,1.0,0.000398,1.0,0.003266666666666667,42.436102761485344,0.7770756777419033,166349.52282502258
1.8896523396912097,1.0,0.000501,1.0,0.005033333333333333,42.436102761485344,0.7770756777419033,256314.06067937147
1.8896523396912097,1.0,0.000631,1.0,0.006166666666666667,42.436102761485344,0.7770756777419033,314027.1604349915
1.8896523396912097,1.0,0.000794,1.0,0.008366666666666666,42.436102761485344,0.7770756777419033,426058.4717253128
1.8896523396912097,1.0,0.001,1.0,0.007266666666666667,42.436102761485344,0.7770756777419033,370042.81608015223
1.8896523396912097,1.0,0.00126,1.0,0.0081,42.436102761485344,0.7770756777419033,412478.91884163755
1.8896523396912097,1.0,0.00158,1.0,0.004066666666666666,42.436102761485344,0.7770756777419033,207088.18147604846
1.8896523396912097,1.0,0.002,1.0,0.0021,42.436102761485344,0.7770756777419033,106938.97895894307
1.8896523396912097,1.0,0.00251,1.0,0.0006666666666666666,42.436102761485344,0.7770756777419033,33948.882209188276
1.8896523396912097,1.0,0.00316,1.0,6.666666666666667e-05,42.436102761485344,0.7770756777419033,3394.8882209188278
1.8896523396912097,1.0,0.00398,1.0,6.666666666666667e-05,42.436102761485344,0.7770756777419033,3394.8882209188278
1.8896523396912097,1.0,0.00501,1.0,0.0,42.436102761485344,0.7770756777419033,0.0
1.8896523396912097,1.0,0.00631,1.0,0.0,42.436102761485344,0.7770756777419033,0.0
1.9791668678535574,1.0,1e-06,1.0,0.0,43.289291412772904,0.7926989821053453,0.0
1.9791668678535574,1.0,1.26e-06,1.0,0.0,43.289291412772904,0.7926989821053453,0.0
1.9791668678535574,1.0,1.58e-06,1.0,0.0,43.289291412772904,0.7926989821053453,0.0
1.9791668678535574,1.0,2e-06,1.0,0.0,43.289291412772904,0.7926989821053453,0.0
1.9791668678535574,1.0,2.51e-06,1.0,0.0,43.289291412772904,0.7926989821053453,0.0
1.9791668678535574,1.0,3.16e-06,1.0,0.0,43.289291412772904,0.7926989821053453,0.0
1.9791668678535574,1.0,3.98e-06,1.0,0.0,43.289291412772904,0.7926989821053453,0.0
1.9791668678535574,1.0,5.01e-06,1.0,0.0,43.289291412772904,0.7926989821053453,0.0
1.9791668678535574,1.0,6.31e-06,1.0,0.0,43.289291412772904,0.7926989821053453,0.0
1.9791668678535574,1.0,7.94e-06,1.0,0.0,43.289291412772904,0.7926989821053453,0.0
1.9791668678535574,1.0,1e-05,1.0,0.0,43.289291412772904,0.7926989821053453,0.0
1.9791668678535574,1.0,1.26e-05,1.0,0.0,43.289291412772904,0.7926989821053453,0.0
1.9791668678535574,1.0,1.58e-05,1.0,0.0,43.289291412772904,0.7926989821053453,0.0
1.9791668678535574,1.0,2e-05,1.0,3.3333333333333335e-05,43.289291412772904,0.7926989821053453,1731.5716565109165
1.9791668678535574,1.0,2.51e-05,1.0,0.0,43.289291412772904,0.7926989821053453,0.0
1.9791668678535574,1.0,3.16e-05,1.0,3.3333333333333335e-05,43.289291412772904,0.7926989821053453,1731.5716565109165
1.9791668678535574,1.0,3.98e-05,1.0,0.0,43.289291412772904,0.7926989821053453,0.0
1.9791668678535574,1.0,5.01e-05,1.0,0.0001,43.289291412772904,0.7926989821053453,5194.714969532749
1.9791668678535574,1.0,6.31e-05,1.0,0.00016666666666666666,43.289291412772904,0.7926989821053453,8657.85828255458
1.9791668678535574,1.0,7.94e-05,1.0,6.666666666666667e-05,43.289291412772904,0.7926989821053453,3463.143313021833
1.9791668678535574,1.0,0.0001,1.0,0.0002666666666666667,43.289291412772904,0.7926989821053453,13852.573252087332
1.9791668678535574,1.0,0.000126,1.0,0.00036666666666666667,43.289291412772904,0.7926989821053453,19047.288221620078
1.9791668678535574,1.0,0.000158,1.0,0.0007,43.289291412772904,0.7926989821053453,36363.00478672924
1.9791668678535574,1.0,0.0002,1.0,0.001,43.289291412772904,0.7926989821053453,51947.14969532749
1.9791668678535574,1.0,0.000251,1.0,0.0014666666666666667,43.289291412772904,0.7926989821053453,76189.15288648031
1.9791668678535574,1.0,0.000316,1.0,0.0017333333333333333,43.289291412772904,0.7926989821053453,90041.72613856764
1.9791668678535574,1.0,0.000398,1.0,0.003266666666666667,43.289291412772904,0.7926989821053453,169694.0223380698
1.9791668678535574,1.0,0.000501,1.0,0.005033333333333333,43.289291412772904,0.7926989821053453,261467.32013314834
1.9791668678535574,1.0,0.000631,1.0,0.006166666666666667,43.289291412772904,0.7926989821053453,320340.7564545195
1.9791668678535574,1.0,0.000794,1.0,0.008366666666666666,43.289291412772904,0.7926989821053453,434624.48578424
1.9791668678535574,1.0,0.001,1.0,0.007266666666666667,43.289291412772904,0.7926989821053453,377482.62111937976
1.9791668678535574,1.0,0.00126,1.0,0.0081,43.289291412772904,0.7926989821053453,420771.9125321526
1.9791668678535574,1.0,0.00158,1.0,0.004066666666666666,43.289291412772904,0.7926989821053453,211251.74209433177
1.9791668678535574,1.0,0.002,1.0,0.0021,43.289291412772904,0.7926989821053453,109089.01436018772
1.9791668678535574,1.0,0.00251,1.0,0.0006666666666666666,43.289291412772904,0.7926989821053453,34631.43313021832
1.9791668678535574,1.0,0.00316,1.0,6.666666666666667e-05,43.289291412772904,0.7926989821053453,3463.143313021833
1.9791668678535574,1.0,0.00398,1.0,6.666666666666667e-05,43.289291412772904,0.7926989821053453,3463.143313021833
1.9791668678535574,1.0,0.00501,1.0,0.0,43.289291412772904,0.7926989821053453,0.0
1.9791668678535574,1.0,0.00631,1.0,0.0,43.289291412772904,0.7926989821053453,0.0
2.072921779595372,1.0,1e-06,1.0,0.0,44.097498257817364,0.8074985947228962,0.0
2.072921779595372,1.0,1.26e-06,1.0,0.0,44.097498257817364,0.8074985947228962,0.0
2.072921779595372,1.0,1.58e-06,1.0,0.0,44.097498257817364,0.8074985947228962,0.0
2.072921779595372,1.0,2e-06,1.0,0.0,44.097498257817364,0.8074985947228962,0.0
2.072921779595372,1.0,2.51e-06,1.0,0.0,44.097498257817364,0.8074985947228962,0.0
2.072921779595372,1.0,3.16e-06,1.0,0.0,44.097498257817364,0.8074985947228962,0.0
2.072921779595372,1.0,3.98e-06,1.0,0.0,44.097498257817364,0.8074985947228962,0.0
2.072921779595372,1.0,5.01e-06,1.0,0.0,44.097498257817364,0.8074985947228962,0.0
2.072921779595372,1.0,6.31e-06,1.0,0.0,44.097498257817364,0.8074985947228962,0.0
2.072921779595372,1.0,7.94e-06,1.0,0.0,44.097498257817364,0.8074985947228962,0.0
2.072921779595372,1.0,1e-05,1.0,0.0,44.097498257817364,0.8074985947228962,0.0
2.072921779595372,1.0,1.26e-05,1.0,0.0,44.097498257817364,0.8074985947228962,0.0
2.072921779595372,1.0,1.58e-05,1.0,0.0,44.097498257817364,0.8074985947228962,0.0
2.072921779595372,1.0,2e-05,1.0,3.3333333333333335e-05,44.097498257817364,0.8074985947228962,1763.8999303126946
2.072921779595372,1.0,2.51e-05,1.0,0.0,44.097498257817364,0.8074985947228962,0.0
2.072921779595372,1.0,3.16e-05,1.0,3.3333333333333335e-05,44.097498257817364,0.8074985947228962,1763.8999303126946
2.072921779595372,1.0,3.98e-05,1.0,0.0,44.097498257817364,0.8074985947228962,0.0
2.072921779595372,1.0,5.01e-05,1.0,0.0001,44.097498257817364,0.8074985947228962,5291.699790938084
2.072921779595372,1.0,6.31e-05,1.0,0.00016666666666666666,44.097498257817364,0.8074985947228962,8819.499651563472
2.072921779595372,1.0,7.94e-05,1.0,6.666666666666667e-05,44.097498257817364,0.8074985947228962,3527.799860625389
2.072921779595372,1.0,0.0001,1.0,0.0002666666666666667,44.097498257817364,0.8074985947228962,14111.199442501556
2.072921779595372,1.0,0.000126,1.0,0.00036666666666666667,44.097498257817364,0.8074985947228962,19402.899233439643
2.072921779595372,1.0,0.000158,1.0,0.0007,44.097498257817364,0.8074985947228962,37041.89853656659
2.072921779595372,1.0,0.0002,1.0,0.001,44.097498257817364,0.8074985947228962,52916.997909380836
2.072921779595372,1.0,0.000251,1.0,0.0014666666666666667,44.097498257817364,0.8074985947228962,77611.59693375857
2.072921779595372,1.0,0.000316,1.0,0.0017333333333333333,44.097498257817364,0.8074985947228962,91722.79637626011
2.072921779595372,1.0,0.000398,1.0,0.003266666666666667,44.097498257817364,0.8074985947228962,172862.19317064408
2.072921779595372,1.0,0.000501,1.0,0.005033333333333333,44.097498257817364,0.8074985947228962,266348.8894772169
2.072921779595372,1.0,0.000631,1.0,0.006166666666666667,44.097498257817364,0.8074985947228962,326321.4871078485
2.072921779595372,1.0,0.000794,1.0,0.008366666666666666,44.097498257817364,0.8074985947228962,442738.88250848633
2.072921779595372,1.0,0.001,1.0,0.007266666666666667,44.097498257817364,0.8074985947228962,384530.1848081674
2.072921779595372,1.0,0.00126,1.0,0.0081,44.097498257817364,0.8074985947228962,428627.6830659848
2.072921779595372,1.0,0.00158,1.0,0.004066666666666666,44.097498257817364,0.8074985947228962,215195.79149814873
2.072921779595372,1.0,0.002,1.0,0.0021,44.097498257817364,0.8074985947228962,111125.69560969976
2.072921779595372,1.0,0.00251,1.0,0.0006666666666666666,44.097498257817364,0.8074985947228962,35277.99860625389
2.072921779595372,1.0,0.00316,1.0,6.666666666666667e-05,44.097498257817364,0.8074985947228962,3527.799860625389
2.072921779595372,1.0,0.00398,1.0,6.666666666666667e-05,44.097498257817364,0.8074985947228962,3527.799860625389
2.072921779595372,1.0,0.00501,1.0,0.0,44.097498257817364,0.8074985947228962,0.0
2.072921779595372,1.0,0.00631,1.0,0.0,44.097498257817364,0.8074985947228962,0.0
2.171117945694505,1.0,1e-06,1.0,0.0,44.860999928691676,0.8214795811882746,0.0
2.171117945694505,1.0,1.26e-06,1.0,0.0,44.860999928691676,0.8214795811882746,0.0
2.171117945694505,1.0,1.58e-06,1.0,0.0,44.860999928691676,0.8214795811882746,0.0
2.171117945694505,1.0,2e-06,1.0,0.0,44.860999928691676,0.8214795811882746,0.0
2.171117945694505,1.0,2.51e-06,1.0,0.0,44.860999928691676,0.8214795811882746,0.0
2.171117945694505,1.0,3.16e-06,1.0,0.0,44.860999928691676,0.8214795811882746,0.0
2.171117945694505,1.0,3.98e-06,1.0,0.0,44.860999928691676,0.8214795811882746,0.0
2.171117945694505,1.0,5.01e-06,1.0,0.0,44.860999928691676,0.8214795811882746,0.0
2.171117945694505,1.0,6.31e-06,1.0,0.0,44.860999928691676,0.8214795811882746,0.0
2.171117945694505,1.0,7.94e-06,1.0,0.0,44.860999928691676,0.8214795811882746,0.0
2.171117945694505,1.0,1e-05,1.0,0.0,44.860999928691676,0.8214795811882746,0.0
2.171117945694505,1.0,1.26e-05,1.0,0.0,44.860999928691676,0.8214795811882746,0.0
2.171117945694505,1.0,1.58e-05,1.0,0.0,44.860999928691676,0.8214795811882746,0.0
2.171117945694505,1.0,2e-05,1.0,3.3333333333333335e-05,44.860999928691676,0.8214795811882746,1794.4399971476673
2.171117945694505,1.0,2.51e-05,1.0,0.0,44.860999928691676,0.8214795811882746,0.0
2.171117945694505,1.0,3.16e-05,1.0,3.3333333333333335e-05,44.860999928691676,0.8214795811882746,1794.4399971476673
2.171117945694505,1.0,3.98e-05,1.0,0.0,44.860999928691676,0.8214795811882746,0.0
2.171117945694505,1.0,5.01e-05,1.0,0.0001,44.860999928691676,0.8214795811882746,5383.3199914430015
2.171117945694505,1.0,6.31e-05,1.0,0.00016666666666666666,44.860999928691676,0.8214795811882746,8972.199985738334
2.171117945694505,1.0,7.94e-05,1.0,6.666666666666667e-05,44.860999928691676,0.8214795811882746,3588.8799942953347
2.171117945694505,1.0,0.0001,1.0,0.0002666666666666667,44.860999928691676,0.8214795811882746,14355.519977181339
2.171117945694505,1.0,0.000126,1.0,0.00036666666666666667,44.860999928691676,0.8214795811882746,19738.83996862434
2.171117945694505,1.0,0.000158,1.0,0.0007,44.860999928691676,0.8214795811882746,37683.23994010101
2.171117945694505,1.0,0.0002,1.0,0.001,44.860999928691676,0.8214795811882746,53833.19991443001
2.171117945694505,1.0,0.000251,1.0,0.0014666666666666667,44.860999928691676,0.8214795811882746,78955.35987449736
2.171117945694505,1.0,0.000316,1.0,0.0017333333333333333,44.860999928691676,0.8214795811882746,93310.87985167868
2.171117945694505,1.0,0.000398,1.0,0.003266666666666667,44.860999928691676,0.8214795811882746,175855.11972047138
2.171117945694505,1.0,0.000501,1.0,0.005033333333333333,44.860999928691676,0.8214795811882746,270960.4395692977
2.171117945694505,1.0,0.000631,1.0,0.006166666666666667,44.860999928691676,0.8214795811882746,331971.3994723184
2.171117945694505,1.0,0.000794,1.0,0.008366666666666666,44.860999928691676,0.8214795811882746,450404.43928406446
2.171117945694505,1.0,0.001,1.0,0.007266666666666667,44.860999928691676,0.8214795811882746,391187.91937819147
2.171117945694505,1.0,0.00126,1.0,0.0081,44.860999928691676,0.8214795811882746,436048.91930688306
2.171117945694505,1.0,0.00158,1.0,0.004066666666666666,44.860999928691676,0.8214795811882746,218921.67965201536
2.171117945694505,1.0,0.002,1.0,0.0021,44.860999928691676,0.8214795811882746,113049.71982030301
2.171117945694505,1.0,0.00251,1.0,0.0006666666666666666,44.860999928691676,0.8214795811882746,35888.79994295334
2.171117945694505,1.0,0.00316,1.0,6.666666666666667e-05,44.860999928691676,0.8214795811882746,3588.8799942953347
2.171117945694505,1.0,0.00398,1.0,6.666666666666667e-05,44.860999928691676,0.8214795811882746,3588.8799942953347
2.171117945694505,1.0,0.00501,1.0,0.0,44.860999928691676,0.8214795811882746,0.0
2.171117945694505,1.0,0.00631,1.0,0.0,44.860999928691676,0.8214795811882746,0.0
2.2739657523579275,1.0,1e-06,1.0,0.0,45.58040452844466,0.8346530768805102,0.0
2.2739657523579275,1.0,1.26e-06,1.0,0.0,45.58040452844466,0.8346530768805102,0.0
2.2739657523579275,1.0,1.58e-06,1.0,0.0,45.58040452844466,0.8346530768805102,0.0
2.2739657523579275,1.0,2e-06,1.0,0.0,45.58040452844466,0.8346530768805102,0.0
2.2739657523579275,1.0,2.51e-06,1.0,0.0,45.58040452844466,0.8346530768805102,0.0
2.2739657523579275,1.0,3.16e-06,1.0,0.0,45.58040452844466,0.8346530768805102,0.0
2.2739657523579275,1.0,3.98e-06,1.0,0.0,45.58040452844466,0.8346530768805102,0.0
2.2739657523579275,1.0,5.01e-06,1.0,0.0,45.58040452844466,0.8346530768805102,0.0
2.2739657523579275,1.0,6.31e-06,1.0,0.0,45.58040452844466,0.8346530768805102,0.0
2.2739657523579275,1.0,7.94e-06,1.0,0.0,45.58040452844466,0.8346530768805102,0.0
2.2739657523579275,1.0,1e-05,1.0,0.0,45.58040452844466,0.8346530768805102,0.0
2.2739657523579275,1.0,1.26e-05,1.0,0.0,45.58040452844466,0.8346530768805102,0.0
2.2739657523579275,1.0,1.58e-05,1.0,0.0,45.58040452844466,0.8346530768805102,0.0
2.2739657523579275,1.0,2e-05,1.0,3.3333333333333335e-05,45.58040452844466,0.8346530768805102,1823.2161811377864
2.2739657523579275,1.0,2.51e-05,1.0,0.0,45.58040452844466,0.8346530768805102,0.0
2.2739657523579275,1.0,3.16e-05,1.0,3.3333333333333335e-05,45.58040452844466,0.8346530768805102,1823.2161811377864
2.2739657523579275,1.0,3.98e-05,1.0,0.0,45.58040452844466,0.8346530768805102,0.0
2.2739657523579275,1.0,5.01e-05,1.0,0.0001,45.58040452844466,0.8346530768805102,5469.648543413359
2.2739657523579275,1.0,6.31e-05,1.0,0.00016666666666666666,45.58040452844466,0.8346530768805102,9116.080905688932
2.2739657523579275,1.0,7.94e-05,1.0,6.666666666666667e-05,45.58040452844466,0.8346530768805102,3646.432362275573
2.2739657523579275,1.0,0.0001,1.0,0.0002666666666666667,45.58040452844466,0.8346530768805102,14585.729449102291
2.2739657523579275,1.0,0.000126,1.0,0.00036666666666666667,45.58040452844466,0.8346530768805102,20055.377992515652
2.2739657523579275,1.0,0.000158,1.0,0.0007,45.58040452844466,0.8346530768805102,38287.53980389352
2.2739657523579275,1.0,0.0002,1.0,0.001,45.58040452844466,0.8346530768805102,54696.485434133596
2.2739657523579275,1.0,0.000251,1.0,0.0014666666666666667,45.58040452844466,0.8346530768805102,80221.51197006261
2.2739657523579275,1.0,0.000316,1.0,0.0017333333333333333,45.58040452844466,0.8346530768805102,94807.24141916489
2.2739657523579275,1.0,0.000398,1.0,0.003266666666666667,45.58040452844466,0.8346530768805102,178675.1857515031
2.2739657523579275,1.0,0.000501,1.0,0.005033333333333333,45.58040452844466,0.8346530768805102,275305.64335180575
2.2739657523579275,1.0,0.000631,1.0,0.006166666666666667,45.58040452844466,0.8346530768805102,337294.9935104905
2.2739657523579275,1.0,0.000794,1.0,0.008366666666666666,45.58040452844466,0.8346530768805102,457627.26146558434
2.2739657523579275,1.0,0.001,1.0,0.007266666666666667,45.58040452844466,0.8346530768805102,397461.12748803745
2.2739657523579275,1.0,0.00126,1.0,0.0081,45.58040452844466,0.8346530768805102,443041.53201648203
2.2739657523579275,1.0,0.00158,1.0,0.004066666666666666,45.58040452844466,0.8346530768805102,222432.3740988099
2.2739657523579275,1.0,0.002,1.0,0.0021,45.58040452844466,0.8346530768805102,114862.61941168053
2.2739657523579275,1.0,0.00251,1.0,0.0006666666666666666,45.58040452844466,0.8346530768805102,36464.32362275573
2.2739657523579275,1.0,0.00316,1.0,6.666666666666667e-05,45.58040452844466,0.8346530768805102,3646.432362275573
2.2739657523579275,1.0,0.00398,1.0,6.666666666666667e-05,45.58040452844466,0.8346530768805102,3646.432362275573
2.2739657523579275,1.0,0.00501,1.0,0.0,45.58040452844466,0.8346530768805102,0.0
2.2739657523579275,1.0,0.00631,1.0,0.0,45.58040452844466,0.8346530768805102,0.0
2.381685551976158,1.0,1e-06,1.0,0.0,46.25660743498354,0.847035477659468,0.0
2.381685551976158,1.0,1.26e-06,1.0,0.0,46.25660743498354,0.847035477659468,0.0
2.381685551976158,1.0,1.58e-06,1.0,0.0,46.25660743498354,0.847035477659468,0.0
2.381685551976158,1.0,2e-06,1.0,0.0,46.25660743498354,0.847035477659468,0.0
2.381685551976158,1.0,2.51e-06,1.0,0.0,46.25660743498354,0.847035477659468,0.0
2.381685551976158,1.0,3.16e-06,1.0,0.0,46.25660743498354,0.847035477659468,0.0
2.381685551976158,1.0,3.98e-06,1.0,0.0,46.25660743498354,0.847035477659468,0.0
2.381685551976158,1.0,5.01e-06,1.0,0.0,46.25660743498354,0.847035477659468,0.0
2.381685551976158,1.0,6.31e-06,1.0,0.0,46.25660743498354,0.847035477659468,0.0
2.381685551976158,1.0,7.94e-06,1.0,0.0,46.25660743498354,0.847035477659468,0.0
2.381685551976158,1.0,1e-05,1.0,0.0,46.25660743498354,0.847035477659468,0.0
2.381685551976158,1.0,1.26e-05,1.0,0.0,46.25660743498354,0.847035477659468,0.0
2.381685551976158,1.0,1.58e-05,1.0,0.0,46.25660743498354,0.847035477659468,0.0
2.381685551976158,1.0,2e-05,1.0,3.3333333333333335e-05,46.25660743498354,0.847035477659468,1850.2642973993418
2.381685551976158,1.0,2.51e-05,1.0,0.0,46.25660743498354,0.847035477659468,0.0
2.381685551976158,1.0,3.16e-05,1.0,3.3333333333333335e-05,46.25660743498354,0.847035477659468,1850.2642973993418
2.381685551976158,1.0,3.98e-05,1.0,0.0,46.25660743498354,0.847035477659468,0.0
2.381685551976158,1.0,5.01e-05,1.0,0.0001,46.25660743498354,0.847035477659468,5550.792892198026
2.381685551976158,1.0,6.31e-05,1.0,0.00016666666666666666,46.25660743498354,0.847035477659468,9251.321486996709
2.381685551976158,1.0,7.94e-05,1.0,6.666666666666667e-05,46.25660743498354,0.847035477659468,3700.5285947986836
2.381685551976158,1.0,0.0001,1.0,0.0002666666666666667,46.25660743498354,0.847035477659468,14802.114379194734
2.381685551976158,1.0,0.000126,1.0,0.00036666666666666667,46.25660743498354,0.847035477659468,20352.90727139276
2.381685551976158,1.0,0.000158,1.0,0.0007,46.25660743498354,0.847035477659468,38855.55024538618
2.381685551976158,1.0,0.0002,1.0,0.001,46.25660743498354,0.847035477659468,55507.92892198025
2.381685551976158,1.0,0.000251,1.0,0.0014666666666666667,46.25660743498354,0.847035477659468,81411.62908557104
2.381685551976158,1.0,0.000316,1.0,0.0017333333333333333,46.25660743498354,0.847035477659468,96213.74346476578
2.381685551976158,1.0,0.000398,1.0,0.003266666666666667,46.25660743498354,0.847035477659468,181325.90114513552
2.381685551976158,1.0,0.000501,1.0,0.005033333333333333,46.25660743498354,0.847035477659468,279389.9089073006
2.381685551976158,1.0,0.000631,1.0,0.006166666666666667,46.25660743498354,0.847035477659468,342298.8950188782
2.381685551976158,1.0,0.000794,1.0,0.008366666666666666,46.25660743498354,0.847035477659468,464416.3386472347
2.381685551976158,1.0,0.001,1.0,0.007266666666666667,46.25660743498354,0.847035477659468,403357.61683305656
2.381685551976158,1.0,0.00126,1.0,0.0081,46.25660743498354,0.847035477659468,449614.22426804
2.381685551976158,1.0,0.00158,1.0,0.004066666666666666,46.25660743498354,0.847035477659468,225732.24428271968
2.381685551976158,1.0,0.002,1.0,0.0021,46.25660743498354,0.847035477659468,116566.65073615854
2.381685551976158,1.0,0.00251,1.0,0.0006666666666666666,46.25660743498354,0.847035477659468,37005.285947986835
2.381685551976158,1.0,0.00316,1.0,6.666666666666667e-05,46.25660743498354,0.847035477659468,3700.5285947986836
2.381685551976158,1.0,0.00398,1.0,6.666666666666667e-05,46.25660743498354,0.847035477659468,3700.5285947986836
2.381685551976158,1.0,0.00501,1.0,0.0,46.25660743498354,0.847035477659468,0.0
2.381685551976158,1.0,0.00631,1.0,0.0,46.25660743498354,0.847035477659468,0.0
2.4945081352303164,1.0,1e-06,1.0,0.0,46.89074722780329,0.8586476328109007,0.0
2.4945081352303164,1.0,1.26e-06,1.0,0.0,46.89074722780329,0.8586476328109007,0.0
2.4945081352303164,1.0,1.58e-06,1.0,0.0,46.89074722780329,0.8586476328109007,0.0
2.4945081352303164,1.0,2e-06,1.0,0.0,46.89074722780329,0.8586476328109007,0.0
2.4945081352303164,1.0,2.51e-06,1.0,0.0,46.89074722780329,0.8586476328109007,0.0
2.4945081352303164,1.0,3.16e-06,1.0,0.0,46.89074722780329,0.8586476328109007,0.0
2.4945081352303164,1.0,3.98e-06,1.0,0.0,46.89074722780329,0.8586476328109007,0.0
2.4945081352303164,1.0,5.01e-06,1.0,0.0,46.89074722780329,0.8586476328109007,0.0
2.4945081352303164,1.0,6.31e-06,1.0,0.0,46.89074722780329,0.8586476328109007,0.0
2.4945081352303164,1.0,7.94e-06,1.0,0.0,46.89074722780329,0.8586476328109007,0.0
2.4945081352303164,1.0,1e-05,1.0,0.0,46.89074722780329,0.8586476328109007,0.0
2.4945081352303164,1.0,1.26e-05,1.0,0.0,46.89074722780329,0.8586476328109007,0.0
2.4945081352303164,1.0,1.58e-05,1.0,0.0,46.89074722780329,0.8586476328109007,0.0
2.4945081352303164,1.0,2e-05,1.0,3.3333333333333335e-05,46.89074722780329,0.8586476328109007,1875.6298891121319
2.4945081352303164,1.0,2.51e-05,1.0,0.0,46.89074722780329,0.8586476328109007,0.0
2.4945081352303164,1.0,3.16e-05,1.0,3.3333333333333335e-05,46.89074722780329,0.8586476328109007,1875.6298891121319
2.4945081352303164,1.0,3.98e-05,1.0,0.0,46.89074722780329,0.8586476328109007,0.0
2.4945081352303164,1.0,5.01e-05,1.0,0.0001,46.89074722780329,0.8586476328109007,5626.889667336396
2.4945081352303164,1.0,6.31e-05,1.0,0.00016666666666666666,46.89074722780329,0.8586476328109007,9378.149445560657
2.4945081352303164,1.0,7.94e-05,1.0,6.666666666666667e-05,46.89074722780329,0.8586476328109007,3751.2597782242638
2.4945081352303164,1.0,0.0001,1.0,0.0002666666666666667,46.89074722780329,0.8586476328109007,15005.039112897055
2.4945081352303164,1.0,0.000126,1.0,0.00036666666666666667,46.89074722780329,0.8586476328109007,20631.928780233447
2.4945081352303164,1.0,0.000158,1.0,0.0007,46.89074722780329,0.8586476328109007,39388.22767135477
2.4945081352303164,1.0,0.0002,1.0,0.001,46.89074722780329,0.8586476328109007,56268.89667336395
2.4945081352303164,1.0,0.000251,1.0,0.0014666666666666667,46.89074722780329,0.8586476328109007,82527.71512093379
2.4945081352303164,1.0,0.000316,1.0,0.0017333333333333333,46.89074722780329,0.8586476328109007,97532.75423383084
2.4945081352303164,1.0,0.000398,1.0,0.003266666666666667,46.89074722780329,0.8586476328109007,183811.72913298893
2.4945081352303164,1.0,0.000501,1.0,0.005033333333333333,46.89074722780329,0.8586476328109007,283220.1132559319
2.4945081352303164,1.0,0.000631,1.0,0.006166666666666667,46.89074722780329,0.8586476328109007,346991.52948574437
2.4945081352303164,1.0,0.000794,1.0,0.008366666666666666,46.89074722780329,0.8586476328109007,470783.102167145
2.4945081352303164,1.0,0.001,1.0,0.007266666666666667,46.89074722780329,0.8586476328109007,408887.3158264447
2.4945081352303164,1.0,0.00126,1.0,0.0081,46.89074722780329,0.8586476328109007,455778.063054248
2.4945081352303164,1.0,0.00158,1.0,0.004066666666666666,46.89074722780329,0.8586476328109007,228826.84647168007
2.4945081352303164,1.0,0.002,1.0,0.0021,46.89074722780329,0.8586476328109007,118164.68301406429
2.4945081352303164,1.0,0.00251,1.0,0.0006666666666666666,46.89074722780329,0.8586476328109007,37512.59778224263
2.4945081352303164,1.0,0.00316,1.0,6.666666666666667e-05,46.89074722780329,0.8586476328109007,3751.2597782242638
2.4945081352303164,1.0,0.00398,1.0,6.666666666666667e-05,46.89074722780329,0.8586476328109007,3751.2597782242638
2.4945081352303164,1.0,0.00501,1.0,0.0,46.89074722780329,0.8586476328109007,0.0
2.4945081352303164,1.0,0.00631,1.0,0.0,46.89074722780329,0.8586476328109007,0.0
2.612675225563329,1.0,1e-06,1.0,0.0,47.48416289753046,0.8695140614819714,0.0
2.612675225563329,1.0,1.26e-06,1.0,0.0,47.48416289753046,0.8695140614819714,0.0
2.612675225563329,1.0,1.58e-06,1.0,0.0,47.48416289753046,0.8695140614819714,0.0
2.612675225563329,1.0,2e-06,1.0,0.0,47.48416289753046,0.8695140614819714,0.0
2.612675225563329,1.0,2.51e-06,1.0,0.0,47.48416289753046,0.8695140614819714,0.0
2.612675225563329,1.0,3.16e-06,1.0,0.0,47.48416289753046,0.8695140614819714,0.0
2.612675225563329,1.0,3.98e-06,1.0,0.0,47.48416289753046,0.8695140614819714,0.0
2.612675225563329,1.0,5.01e-06,1.0,0.0,47.48416289753046,0.8695140614819714,0.0
2.612675225563329,1.0,6.31e-06,1.0,0.0,47.48416289753046,0.8695140614819714,0.0
2.612675225563329,1.0,7.94e-06,1.0,0.0,47.48416289753046,0.8695140614819714,0.0
2.612675225563329,1.0,1e-05,1.0,0.0,47.48416289753046,0.8695140614819714,0.0
2.612675225563329,1.0,1.26e-05,1.0,0.0,47.48416289753046,0.8695140614819714,0.0
2.612675225563329,1.0,1.58e-05,1.0,0.0,47.48416289753046,0.8695140614819714,0.0
2.612675225563329,1.0,2e-05,1.0,3.3333333333333335e-05,47.48416289753046,0.8695140614819714,1899.3665159012185
2.612675225563329,1.0,2.51e-05,1.0,0.0,47.48416289753046,0.8695140614819714,0.0
2.612675225563329,1.0,3.16e-05,1.0,3.3333333333333335e-05,47.48416289753046,0.8695140614819714,1899.3665159012185
2.612675225563329,1.0,3.98e-05,1.0,0.0,47.48416289753046,0.8695140614819714,0.0
2.612675225563329,1.0,5.01e-05,1.0,0.0001,47.48416289753046,0.8695140614819714,5698.099547703656
2.612675225563329,1.0,6.31e-05,1.0,0.00016666666666666666,47.48416289753046,0.8695140614819714,9496.832579506092
2.612675225563329,1.0,7.94e-05,1.0,6.666666666666667e-05,47.48416289753046,0.8695140614819714,3798.733031802437
2.612675225563329,1.0,0.0001,1.0,0.0002666666666666667,47.48416289753046,0.8695140614819714,15194.932127209748
2.612675225563329,1.0,0.000126,1.0,0.00036666666666666667,47.48416289753046,0.8695140614819714,20893.031674913404
2.612675225563329,1.0,0.000158,1.0,0.0007,47.48416289753046,0.8695140614819714,39886.69683392558
2.612675225563329,1.0,0.0002,1.0,0.001,47.48416289753046,0.8695140614819714,56980.99547703655
2.612675225563329,1.0,0.000251,1.0,0.0014666666666666667,47.48416289753046,0.8695140614819714,83572.12669965361
2.612675225563329,1.0,0.000316,1.0,0.0017333333333333333,47.48416289753046,0.8695140614819714,98767.05882686336
2.612675225563329,1.0,0.000398,1.0,0.003266666666666667,47.48416289753046,0.8695140614819714,186137.91855831942
2.612675225563329,1.0,0.000501,1.0,0.005033333333333333,47.48416289753046,0.8695140614819714,286804.343901084
2.612675225563329,1.0,0.000631,1.0,0.006166666666666667,47.48416289753046,0.8695140614819714,351382.8054417254
2.612675225563329,1.0,0.000794,1.0,0.008366666666666666,47.48416289753046,0.8695140614819714,476740.99549120583
2.612675225563329,1.0,0.001,1.0,0.007266666666666667,47.48416289753046,0.8695140614819714,414061.9004664656
2.612675225563329,1.0,0.00126,1.0,0.0081,47.48416289753046,0.8695140614819714,461546.0633639961
2.612675225563329,1.0,0.00158,1.0,0.004066666666666666,47.48416289753046,0.8695140614819714,231722.7149399486
2.612675225563329,1.0,0.002,1.0,0.0021,47.48416289753046,0.8695140614819714,119660.09050177674
2.612675225563329,1.0,0.00251,1.0,0.0006666666666666666,47.48416289753046,0.8695140614819714,37987.33031802437
2.612675225563329,1.0,0.00316,1.0,6.666666666666667e-05,47.48416289753046,0.8695140614819714,3798.733031802437
2.612675225563329,1.0,0.00398,1.0,6.666666666666667e-05,47.48416289753046,0.8695140614819714,3798.733031802437
2.612675225563329,1.0,0.00501,1.0,0.0,47.48416289753046,0.8695140614819714,0.0
2.612675225563329,1.0,0.00631,1.0,0.0,47.48416289753046,0.8695140614819714,0.0
2.736439997074672,1.0,1e-06,1.0,0.0,48.03835325236357,0.8796622093456065,0.0
2.736439997074672,1.0,1.26e-06,1.0,0.0,48.03835325236357,0.8796622093456065,0.0
2.736439997074672,1.0,1.58e-06,1.0,0.0,48.03835325236357,0.8796622093456065,0.0
2.736439997074672,1.0,2e-06,1.0,0.0,48.03835325236357,0.8796622093456065,0.0
2.736439997074672,1.0,2.51e-06,1.0,0.0,48.03835325236357,0.8796622093456065,0.0
2.736439997074672,1.0,3.16e-06,1.0,0.0,48.03835325236357,0.8796622093456065,0.0
2.736439997074672,1.0,3.98e-06,1.0,0.0,48.03835325236357,0.8796622093456065,0.0
2.736439997074672,1.0,5.01e-06,1.0,0.0,48.03835325236357,0.8796622093456065,0.0
2.736439997074672,1.0,6.31e-06,1.0,0.0,48.03835325236357,0.8796622093456065,0.0
2.736439997074672,1.0,7.94e-06,1.0,0.0,48.03835325236357,0.8796622093456065,0.0
2.736439997074672,1.0,1e-05,1.0,0.0,48.03835325236357,0.8796622093456065,0.0
2.736439997074672,1.0,1.26e-05,1.0,0.0,48.03835325236357,0.8796622093456065,0.0
2.736439997074672,1.0,1.58e-05,1.0,0.0,48.03835325236357,0.8796622093456065,0.0
2.736439997074672,1.0,2e-05,1.0,3.3333333333333335e-05,48.03835325236357,0.8796622093456065,1921.5341300945431
2.736439997074672,1.0,2.51e-05,1.0,0.0,48.03835325236357,0.8796622093456065,0.0
2.736439997074672,1.0,3.16e-05,1.0,3.3333333333333335e-05,48.03835325236357,0.8796622093456065,1921.5341300945431
2.736439997074672,1.0,3.98e-05,1.0,0.0,48.03835325236357,0.8796622093456065,0.0
2.736439997074672,1.0,5.01e-05,1.0,0.0001,48.03835325236357,0.8796622093456065,5764.60239028363
2.736439997074672,1.0,6.31e-05,1.0,0.00016666666666666666,48.03835325236357,0.8796622093456065,9607.670650472715
2.736439997074672,1.0,7.94e-05,1.0,6.666666666666667e-05,48.03835325236357,0.8796622093456065,3843.0682601890862
2.736439997074672,1.0,0.0001,1.0,0.0002666666666666667,48.03835325236357,0.8796622093456065,15372.273040756345
2.736439997074672,1.0,0.000126,1.0,0.00036666666666666667,48.03835325236357,0.8796622093456065,21136.875431039975
2.736439997074672,1.0,0.000158,1.0,0.0007,48.03835325236357,0.8796622093456065,40352.216731985405
2.736439997074672,1.0,0.0002,1.0,0.001,48.03835325236357,0.8796622093456065,57646.02390283629
2.736439997074672,1.0,0.000251,1.0,0.0014666666666666667,48.03835325236357,0.8796622093456065,84547.5017241599
2.736439997074672,1.0,0.000316,1.0,0.0017333333333333333,48.03835325236357,0.8796622093456065,99919.77476491623
2.736439997074672,1.0,0.000398,1.0,0.003266666666666667,48.03835325236357,0.8796622093456065,188310.34474926523
2.736439997074672,1.0,0.000501,1.0,0.005033333333333333,48.03835325236357,0.8796622093456065,290151.653644276
2.736439997074672,1.0,0.000631,1.0,0.006166666666666667,48.03835325236357,0.8796622093456065,355483.81406749046
2.736439997074672,1.0,0.000794,1.0,0.008366666666666666,48.03835325236357,0.8796622093456065,482305.0666537303
2.736439997074672,1.0,0.001,1.0,0.007266666666666667,48.03835325236357,0.8796622093456065,418894.4403606104
2.736439997074672,1.0,0.00126,1.0,0.0081,48.03835325236357,0.8796622093456065,466932.7936129739
2.736439997074672,1.0,0.00158,1.0,0.004066666666666666,48.03835325236357,0.8796622093456065,234427.16387153423
2.736439997074672,1.0,0.002,1.0,0.0021,48.03835325236357,0.8796622093456065,121056.65019595622
2.736439997074672,1.0,0.00251,1.0,0.0006666666666666666,48.03835325236357,0.8796622093456065,38430.68260189086
2.736439997074672,1.0,0.00316,1.0,6.666666666666667e-05,48.03835325236357,0.8796622093456065,3843.0682601890862
2.736439997074672,1.0,0.00398,1.0,6.666666666666667e-05,48.03835325236357,0.8796622093456065,3843.0682601890862
2.736439997074672,1.0,0.00501,1.0,0.0,48.03835325236357,0.8796622093456065,0.0
2.736439997074672,1.0,0.00631,1.0,0.0,48.03835325236357,0.8796622093456065,0.0
2.8660676169482504,1.0,1e-06,1.0,0.0,48.554939197939305,0.8891217578820602,0.0
2.8660676169482504,1.0,1.26e-06,1.0,0.0,48.554939197939305,0.8891217578820602,0.0
2.8660676169482504,1.0,1.58e-06,1.0,0.0,48.554939197939305,0.8891217578820602,0.0
2.8660676169482504,1.0,2e-06,1.0,0.0,48.554939197939305,0.8891217578820602,0.0
2.8660676169482504,1.0,2.51e-06,1.0,0.0,48.554939197939305,0.8891217578820602,0.0
2.8660676169482504,1.0,3.16e-06,1.0,0.0,48.554939197939305,0.8891217578820602,0.0
2.8660676169482504,1.0,3.98e-06,1.0,0.0,48.554939197939305,0.8891217578820602,0.0
2.8660676169482504,1.0,5.01e-06,1.0,0.0,48.554939197939305,0.8891217578820602,0.0
2.8660676169482504,1.0,6.31e-06,1.0,0.0,48.554939197939305,0.8891217578820602,0.0
2.8660676169482504,1.0,7.94e-06,1.0,0.0,48.554939197939305,0.8891217578820602,0.0
2.8660676169482504,1.0,1e-05,1.0,0.0,48.554939197939305,0.8891217578820602,0.0
2.8660676169482504,1.0,1.26e-05,1.0,0.0,48.554939197939305,0.8891217578820602,0.0
2.8660676169482504,1.0,1.58e-05,1.0,0.0,48.554939197939305,0.8891217578820602,0.0
2.8660676169482504,1.0,2e-05,1.0,3.3333333333333335e-05,48.554939197939305,0.8891217578820602,1942.1975679175725
2.8660676169482504,1.0,2.51e-05,1.0,0.0,48.554939197939305,0.8891217578820602,0.0
2.8660676169482504,1.0,3.16e-05,1.0,3.3333333333333335e-05,48.554939197939305,0.8891217578820602,1942.1975679175725
2.8660676169482504,1.0,3.98e-05,1.0,0.0,48.554939197939305,0.8891217578820602,0.0
2.8660676169482504,1.0,5.01e-05,1.0,0.0001,48.554939197939305,0.8891217578820602,5826.592703752718
2.8660676169482504,1.0,6.31e-05,1.0,0.00016666666666666666,48.554939197939305,0.8891217578820602,9710.98783958786
2.8660676169482504,1.0,7.94e-05,1.0,6.666666666666667e-05,48.554939197939305,0.8891217578820602,3884.395135835145
2.8660676169482504,1.0,0.0001,1.0,0.0002666666666666667,48.554939197939305,0.8891217578820602,15537.58054334058
2.8660676169482504,1.0,0.000126,1.0,0.00036666666666666667,48.554939197939305,0.8891217578820602,21364.173247093295
2.8660676169482504,1.0,0.000158,1.0,0.0007,48.554939197939305,0.8891217578820602,40786.14892626902
2.8660676169482504,1.0,0.0002,1.0,0.001,48.554939197939305,0.8891217578820602,58265.92703752717
2.8660676169482504,1.0,0.000251,1.0,0.0014666666666666667,48.554939197939305,0.8891217578820602,85456.69298837318
2.8660676169482504,1.0,0.000316,1.0,0.0017333333333333333,48.554939197939305,0.8891217578820602,100994.27353171376
2.8660676169482504,1.0,0.000398,1.0,0.003266666666666667,48.554939197939305,0.8891217578820602,190335.3616559221
2.8660676169482504,1.0,0.000501,1.0,0.005033333333333333,48.554939197939305,0.8891217578820602,293271.8327555534
2.8660676169482504,1.0,0.000631,1.0,0.006166666666666667,48.554939197939305,0.8891217578820602,359306.5500647509
2.8660676169482504,1.0,0.000794,1.0,0.008366666666666666,48.554939197939305,0.8891217578820602,487491.5895473106
2.8660676169482504,1.0,0.001,1.0,0.007266666666666667,48.554939197939305,0.8891217578820602,423399.0698060308
2.8660676169482504,1.0,0.00126,1.0,0.0081,48.554939197939305,0.8891217578820602,471954.0090039701
2.8660676169482504,1.0,0.00158,1.0,0.004066666666666666,48.554939197939305,0.8891217578820602,236948.10328594383
2.8660676169482504,1.0,0.002,1.0,0.0021,48.554939197939305,0.8891217578820602,122358.44677880705
2.8660676169482504,1.0,0.00251,1.0,0.0006666666666666666,48.554939197939305,0.8891217578820602,38843.95135835144
2.8660676169482504,1.0,0.00316,1.0,6.666666666666667e-05,48.554939197939305,0.8891217578820602,3884.395135835145
2.8660676169482504,1.0,0.00398,1.0,6.666666666666667e-05,48.554939197939305,0.8891217578820602,3884.395135835145
2.8660676169482504,1.0,0.00501,1.0,0.0,48.554939197939305,0.8891217578820602,0.0
2.8660676169482504,1.0,0.00631,1.0,0.0,48.554939197939305,0.8891217578820602,0.0
3.001835813575589,1.0,1e-06,1.0,0.0,49.03562934867655,0.8979239946653828,0.0
3.001835813575589,1.0,1.26e-06,1.0,0.0,49.03562934867655,0.8979239946653828,0.0
3.001835813575589,1.0,1.58e-06,1.0,0.0,49.03562934867655,0.8979239946653828,0.0
3.001835813575589,1.0,2e-06,1.0,0.0,49.03562934867655,0.8979239946653828,0.0
3.001835813575589,1.0,2.51e-06,1.0,0.0,49.03562934867655,0.8979239946653828,0.0
3.001835813575589,1.0,3.16e-06,1.0,0.0,49.03562934867655,0.8979239946653828,0.0
3.001835813575589,1.0,3.98e-06,1.0,0.0,49.03562934867655,0.8979239946653828,0.0
3.001835813575589,1.0,5.01e-06,1.0,0.0,49.03562934867655,0.8979239946653828,0.0
3.001835813575589,1.0,6.31e-06,1.0,0.0,49.03562934867655,0.8979239946653828,0.0
3.001835813575589,1.0,7.94e-06,1.0,0.0,49.03562934867655,0.8979239946653828,0.0
3.001835813575589,1.0,1e-05,1.0,0.0,49.03562934867655,0.8979239946653828,0.0
3.001835813575589,1.0,1.26e-05,1.0,0.0,49.03562934867655,0.8979239946653828,0.0
3.001835813575589,1.0,1.58e-05,1.0,0.0,49.03562934867655,0.8979239946653828,0.0
3.001835813575589,1.0,2e-05,1.0,3.3333333333333335e-05,49.03562934867655,0.8979239946653828,1961.4251739470624
3.001835813575589,1.0,2.51e-05,1.0,0.0,49.03562934867655,0.8979239946653828,0.0
3.001835813575589,1.0,3.16e-05,1.0,3.3333333333333335e-05,49.03562934867655,0.8979239946653828,1961.4251739470624
3.001835813575589,1.0,3.98e-05,1.0,0.0,49.03562934867655,0.8979239946653828,0.0
3.001835813575589,1.0,5.01e-05,1.0,0.0001,49.03562934867655,0.8979239946653828,5884.275521841188
3.001835813575589,1.0,6.31e-05,1.0,0.00016666666666666666,49.03562934867655,0.8979239946653828,9807.12586973531
3.001835813575589,1.0,7.94e-05,1.0,6.666666666666667e-05,49.03562934867655,0.8979239946653828,3922.8503478941248
3.001835813575589,1.0,0.0001,1.0,0.0002666666666666667,49.03562934867655,0.8979239946653828,15691.401391576499
3.001835813575589,1.0,0.000126,1.0,0.00036666666666666667,49.03562934867655,0.8979239946653828,21575.676913417687
3.001835813575589,1.0,0.000158,1.0,0.0007,49.03562934867655,0.8979239946653828,41189.92865288831
3.001835813575589,1.0,0.0002,1.0,0.001,49.03562934867655,0.8979239946653828,58842.75521841187
3.001835813575589,1.0,0.000251,1.0,0.0014666666666666667,49.03562934867655,0.8979239946653828,86302.70765367075
3.001835813575589,1.0,0.000316,1.0,0.0017333333333333333,49.03562934867655,0.8979239946653828,101994.10904524723
3.001835813575589,1.0,0.000398,1.0,0.003266666666666667,49.03562934867655,0.8979239946653828,192219.66704681213
3.001835813575589,1.0,0.000501,1.0,0.005033333333333333,49.03562934867655,0.8979239946653828,296175.2012660064
3.001835813575589,1.0,0.000631,1.0,0.006166666666666667,49.03562934867655,0.8979239946653828,362863.6571802065
3.001835813575589,1.0,0.000794,1.0,0.008366666666666666,49.03562934867655,0.8979239946653828,492317.71866071253
3.001835813575589,1.0,0.001,1.0,0.007266666666666667,49.03562934867655,0.8979239946653828,427590.68792045955
3.001835813575589,1.0,0.00126,1.0,0.0081,49.03562934867655,0.8979239946653828,476626.31726913614
3.001835813575589,1.0,0.00158,1.0,0.004066666666666666,49.03562934867655,0.8979239946653828,239293.87122154157
3.001835813575589,1.0,0.002,1.0,0.0021,49.03562934867655,0.8979239946653828,123569.78595866491
3.001835813575589,1.0,0.00251,1.0,0.0006666666666666666,49.03562934867655,0.8979239946653828,39228.50347894124
3.001835813575589,1.0,0.00316,1.0,6.666666666666667e-05,49.03562934867655,0.8979239946653828,3922.8503478941248
3.001835813575589,1.0,0.00398,1.0,6.666666666666667e-05,49.03562934867655,0.8979239946653828,3922.8503478941248
3.001835813575589,1.0,0.00501,1.0,0.0,49.03562934867655,0.8979239946653828,0.0
3.001835813575589,1.0,0.00631,1.0,0.0,49.03562934867655,0.8979239946653828,0.0
3.1440354715915,1.0,1e-06,1.0,0.0,49.48218923622948,0.9061012495189431,0.0
3.1440354715915,1.0,1.26e-06,1.0,0.0,49.48218923622948,0.9061012495189431,0.0
3.1440354715915,1.0,1.58e-06,1.0,0.0,49.48218923622948,0.9061012495189431,0.0
3.1440354715915,1.0,2e-06,1.0,0.0,49.48218923622948,0.9061012495189431,0.0
3.1440354715915,1.0,2.51e-06,1.0,0.0,49.48218923622948,0.9061012495189431,0.0
3.1440354715915,1.0,3.16e-06,1.0,0.0,49.48218923622948,0.9061012495189431,0.0
3.1440354715915,1.0,3.98e-06,1.0,0.0,49.48218923622948,0.9061012495189431,0.0
3.1440354715915,1.0,5.01e-06,1.0,0.0,49.48218923622948,0.9061012495189431,0.0
3.1440354715915,1.0,6.31e-06,1.0,0.0,49.48218923622948,0.9061012495189431,0.0
3.1440354715915,1.0,7.94e-06,1.0,0.0,49.48218923622948,0.9061012495189431,0.0
3.1440354715915,1.0,1e-05,1.0,0.0,49.48218923622948,0.9061012495189431,0.0
3.1440354715915,1.0,1.26e-05,1.0,0.0,49.48218923622948,0.9061012495189431,0.0
3.1440354715915,1.0,1.58e-05,1.0,0.0,49.48218923622948,0.9061012495189431,0.0
3.1440354715915,1.0,2e-05,1.0,3.3333333333333335e-05,49.48218923622948,0.9061012495189431,1979.2875694491793
3.1440354715915,1.0,2.51e-05,1.0,0.0,49.48218923622948,0.9061012495189431,0.0
3.1440354715915,1.0,3.16e-05,1.0,3.3333333333333335e-05,49.48218923622948,0.9061012495189431,1979.2875694491793
3.1440354715915,1.0,3.98e-05,1.0,0.0,49.48218923622948,0.9061012495189431,0.0
3.1440354715915,1.0,5.01e-05,1.0,0.0001,49.48218923622948,0.9061012495189431,5937.8627083475385
3.1440354715915,1.0,6.31e-05,1.0,0.00016666666666666666,49.48218923622948,0.9061012495189431,9896.437847245896
3.1440354715915,1.0,7.94e-05,1.0,6.666666666666667e-05,49.48218923622948,0.9061012495189431,3958.5751388983585
3.1440354715915,1.0,0.0001,1.0,0.0002666666666666667,49.48218923622948,0.9061012495189431,15834.300555593434
3.1440354715915,1.0,0.000126,1.0,0.00036666666666666667,49.48218923622948,0.9061012495189431,21772.163263940973
3.1440354715915,1.0,0.000158,1.0,0.0007,49.48218923622948,0.9061012495189431,41565.038958432764
3.1440354715915,1.0,0.0002,1.0,0.001,49.48218923622948,0.9061012495189431,59378.62708347538
3.1440354715915,1.0,0.000251,1.0,0.0014666666666666667,49.48218923622948,0.9061012495189431,87088.65305576389
3.1440354715915,1.0,0.000316,1.0,0.0017333333333333333,49.48218923622948,0.9061012495189431,102922.95361135731
3.1440354715915,1.0,0.000398,1.0,0.003266666666666667,49.48218923622948,0.9061012495189431,193970.1818060196
3.1440354715915,1.0,0.000501,1.0,0.005033333333333333,49.48218923622948,0.9061012495189431,298872.4229868261
3.1440354715915,1.0,0.000631,1.0,0.006166666666666667,49.48218923622948,0.9061012495189431,366168.2003480982
3.1440354715915,1.0,0.000794,1.0,0.008366666666666666,49.48218923622948,0.9061012495189431,496801.17993174394
3.1440354715915,1.0,0.001,1.0,0.007266666666666667,49.48218923622948,0.9061012495189431,431484.69013992115
3.1440354715915,1.0,0.00126,1.0,0.0081,49.48218923622948,0.9061012495189431,480966.8793761505
3.1440354715915,1.0,0.00158,1.0,0.004066666666666666,49.48218923622948,0.9061012495189431,241473.08347279986
3.1440354715915,1.0,0.002,1.0,0.0021,49.48218923622948,0.9061012495189431,124695.11687529828
3.1440354715915,1.0,0.00251,1.0,0.0006666666666666666,49.48218923622948,0.9061012495189431,39585.75138898358
3.1440354715915,1.0,0.00316,1.0,6.666666666666667e-05,49.48218923622948,0.9061012495189431,3958.5751388983585
3.1440354715915,1.0,0.00398,1.0,6.666666666666667e-05,49.48218923622948,0.9061012495189431,3958.5751388983585
3.1440354715915,1.0,0.00501,1.0,0.0,49.48218923622948,0.9061012495189431,0.0
3.1440354715915,1.0,0.00631,1.0,0.0,49.48218923622948,0.9061012495189431,0.0
3.2929712550971515,1.0,1e-06,1.0,0.0,49.896414218004864,0.913686398425286,0.0
3.2929712550971515,1.0,1.26e-06,1.0,0.0,49.896414218004864,0.913686398425286,0.0
3.2929712550971515,1.0,1.58e-06,1.0,0.0,49.896414218004864,0.913686398425286,0.0
3.2929712550971515,1.0,2e-06,1.0,0.0,49.896414218004864,0.913686398425286,0.0
3.2929712550971515,1.0,2.51e-06,1.0,0.0,49.896414218004864,0.913686398425286,0.0
3.2929712550971515,1.0,3.16e-06,1.0,0.0,49.896414218004864,0.913686398425286,0.0
3.2929712550971515,1.0,3.98e-06,1.0,0.0,49.896414218004864,0.913686398425286,0.0
3.2929712550971515,1.0,5.01e-06,1.0,0.0,49.896414218004864,0.913686398425286,0.0
3.2929712550971515,1.0,6.31e-06,1.0,0.0,49.896414218004864,0.913686398425286,0.0
3.2929712550971515,1.0,7.94e-06,1.0,0.0,49.896414218004864,0.913686398425286,0.0
3.2929712550971515,1.0,1e-05,1.0,0.0,49.896414218004864,0.913686398425286,0.0
3.2929712550971515,1.0,1.26e-05,1.0,0.0,49.896414218004864,0.913686398425286,0.0
3.2929712550971515,1.0,1.58e-05,1.0,0.0,49.896414218004864,0.913686398425286,0.0
3.2929712550971515,1.0,2e-05,1.0,3.3333333333333335e-05,49.896414218004864,0.913686398425286,1995.8565687201947
3.2929712550971515,1.0,2.51e-05,1.0,0.0,49.896414218004864,0.913686398425286,0.0
3.2929712550971515,1.0,3.16e-05,1.0,3.3333333333333335e-05,49.896414218004864,0.913686398425286,1995.8565687201947
3.2929712550971515,1.0,3.98e-05,1.0,0.0,49.896414218004864,0.913686398425286,0.0
3.2929712550971515,1.0,5.01e-05,1.0,0.0001,49.896414218004864,0.913686398425286,5987.569706160584
3.2929712550971515,1.0,6.31e-05,1.0,0.00016666666666666666,49.896414218004864,0.913686398425286,9979.282843600973
3.2929712550971515,1.0,7.94e-05,1.0,6.666666666666667e-05,49.896414218004864,0.913686398425286,3991.7131374403893
3.2929712550971515,1.0,0.0001,1.0,0.0002666666666666667,49.896414218004864,0.913686398425286,15966.852549761557
3.2929712550971515,1.0,0.000126,1.0,0.00036666666666666667,49.896414218004864,0.913686398425286,21954.42225592214
3.2929712550971515,1.0,0.000158,1.0,0.0007,49.896414218004864,0.913686398425286,41912.987943124084
3.2929712550971515,1.0,0.0002,1.0,0.001,49.896414218004864,0.913686398425286,59875.69706160584
3.2929712550971515,1.0,0.000251,1.0,0.0014666666666666667,49.896414218004864,0.913686398425286,87817.68902368857
3.2929712550971515,1.0,0.000316,1.0,0.0017333333333333333,49.896414218004864,0.913686398425286,103784.54157345011
3.2929712550971515,1.0,0.000398,1.0,0.003266666666666667,49.896414218004864,0.913686398425286,195593.94373457908
3.2929712550971515,1.0,0.000501,1.0,0.005033333333333333,49.896414218004864,0.913686398425286,301374.34187674936
3.2929712550971515,1.0,0.000631,1.0,0.006166666666666667,49.896414218004864,0.913686398425286,369233.465213236
3.2929712550971515,1.0,0.000794,1.0,0.008366666666666666,49.896414218004864,0.913686398425286,500959.9987487688
3.2929712550971515,1.0,0.001,1.0,0.007266666666666667,49.896414218004864,0.913686398425286,435096.7319810025
3.2929712550971515,1.0,0.00126,1.0,0.0081,49.896414218004864,0.913686398425286,484993.1461990073
3.2929712550971515,1.0,0.00158,1.0,0.004066666666666666,49.896414218004864,0.913686398425286,243494.50138386374
3.2929712550971515,1.0,0.002,1.0,0.0021,49.896414218004864,0.913686398425286,125738.96382937225
3.2929712550971515,1.0,0.00251,1.0,0.0006666666666666666,49.896414218004864,0.913686398425286,39917.13137440389
3.2929712550971515,1.0,0.00316,1.0,6.666666666666667e-05,49.896414218004864,0.913686398425286,3991.7131374403893
3.2929712550971515,1.0,0.00398,1.0,6.666666666666667e-05,49.896414218004864,0.913686398425286,3991.7131374403893
3.2929712550971515,1.0,0.00501,1.0,0.0,49.896414218004864,0.913686398425286,0.0
3.2929712550971515,1.0,0.00631,1.0,0.0,49.896414218004864,0.913686398425286,0.0
3.44896226040576,1.0,1e-06,1.0,0.0,50.280106056768695,0.9207124346597454,0.0
3.44896226040576,1.0,1.26e-06,1.0,0.0,50.280106056768695,0.9207124346597454,0.0
3.44896226040576,1.0,1.58e-06,1.0,0.0,50.280106056768695,0.9207124346597454,0.0
3.44896226040576,1.0,2e-06,1.0,0.0,50.280106056768695,0.9207124346597454,0.0
3.44896226040576,1.0,2.51e-06,1.0,0.0,50.280106056768695,0.9207124346597454,0.0
3.44896226040576,1.0,3.16e-06,1.0,0.0,50.280106056768695,0.9207124346597454,0.0
3.44896226040576,1.0,3.98e-06,1.0,0.0,50.280106056768695,0.9207124346597454,0.0
3.44896226040576,1.0,5.01e-06,1.0,0.0,50.280106056768695,0.9207124346597454,0.0
3.44896226040576,1.0,6.31e-06,1.0,0.0,50.280106056768695,0.9207124346597454,0.0
3.44896226040576,1.0,7.94e-06,1.0,0.0,50.280106056768695,0.9207124346597454,0.0
3.44896226040576,1.0,1e-05,1.0,0.0,50.280106056768695,0.9207124346597454,0.0
3.44896226040576,1.0,1.26e-05,1.0,0.0,50.280106056768695,0.9207124346597454,0.0
3.44896226040576,1.0,1.58e-05,1.0,0.0,50.280106056768695,0.9207124346597454,0.0
3.44896226040576,1.0,2e-05,1.0,3.3333333333333335e-05,50.280106056768695,0.9207124346597454,2011.2042422707482
3.44896226040576,1.0,2.51e-05,1.0,0.0,50.280106056768695,0.9207124346597454,0.0
3.44896226040576,1.0,3.16e-05,1.0,3.3333333333333335e-05,50.280106056768695,0.9207124346597454,2011.2042422707482
3.44896226040576,1.0,3.98e-05,1.0,0.0,50.280106056768695,0.9207124346597454,0.0
3.44896226040576,1.0,5.01e-05,1.0,0.0001,50.280106056768695,0.9207124346597454,6033.612726812244
3.44896226040576,1.0,6.31e-05,1.0,0.00016666666666666666,50.280106056768695,0.9207124346597454,10056.02121135374
3.44896226040576,1.0,7.94e-05,1.0,6.666666666666667e-05,50.280106056768695,0.9207124346597454,4022.4084845414964
3.44896226040576,1.0,0.0001,1.0,0.0002666666666666667,50.280106056768695,0.9207124346597454,16089.633938165985
3.44896226040576,1.0,0.000126,1.0,0.00036666666666666667,50.280106056768695,0.9207124346597454,22123.24666497823
3.44896226040576,1.0,0.000158,1.0,0.0007,50.280106056768695,0.9207124346597454,42235.289087685705
3.44896226040576,1.0,0.0002,1.0,0.001,50.280106056768695,0.9207124346597454,60336.127268122444
3.44896226040576,1.0,0.000251,1.0,0.0014666666666666667,50.280106056768695,0.9207124346597454,88492.98665991292
3.44896226040576,1.0,0.000316,1.0,0.0017333333333333333,50.280106056768695,0.9207124346597454,104582.62059807888
3.44896226040576,1.0,0.000398,1.0,0.003266666666666667,50.280106056768695,0.9207124346597454,197098.01574253332
3.44896226040576,1.0,0.000501,1.0,0.005033333333333333,50.280106056768695,0.9207124346597454,303691.8405828829
3.44896226040576,1.0,0.000631,1.0,0.006166666666666667,50.280106056768695,0.9207124346597454,372072.78482008836
3.44896226040576,1.0,0.000794,1.0,0.008366666666666666,50.280106056768695,0.9207124346597454,504812.2648099577
3.44896226040576,1.0,0.001,1.0,0.007266666666666667,50.280106056768695,0.9207124346597454,438442.52481502306
3.44896226040576,1.0,0.00126,1.0,0.0081,50.280106056768695,0.9207124346597454,488722.6308717917
3.44896226040576,1.0,0.00158,1.0,0.004066666666666666,50.280106056768695,0.9207124346597454,245366.9175570312
3.44896226040576,1.0,0.002,1.0,0.0021,50.280106056768695,0.9207124346597454,126705.86726305711
3.44896226040576,1.0,0.00251,1.0,0.0006666666666666666,50.280106056768695,0.9207124346597454,40224.08484541496
3.44896226040576,1.0,0.00316,1.0,6.666666666666667e-05,50.280106056768695,0.9207124346597454,4022.4084845414964
3.44896226040576,1.0,0.00398,1.0,6.666666666666667e-05,50.280106056768695,0.9207124346597454,4022.4084845414964
3.44896226040576,1.0,0.00501,1.0,0.0,50.280106056768695,0.9207124346597454,0.0
3.44896226040576,1.0,0.00631,1.0,0.0,50.280106056768695,0.9207124346597454,0.0
3.6123426997094303,1.0,1e-06,1.0,0.0,50.635053040159995,0.927212104745651,0.0
3.6123426997094303,1.0,1.26e-06,1.0,0.0,50.635053040159995,0.927212104745651,0.0
3.6123426997094303,1.0,1.58e-06,1.0,0.0,50.635053040159995,0.927212104745651,0.0
3.6123426997094303,1.0,2e-06,1.0,0.0,50.635053040159995,0.927212104745651,0.0
3.6123426997094303,1.0,2.51e-06,1.0,0.0,50.635053040159995,0.927212104745651,0.0
3.6123426997094303,1.0,3.16e-06,1.0,0.0,50.635053040159995,0.927212104745651,0.0
3.6123426997094303,1.0,3.98e-06,1.0,0.0,50.635053040159995,0.927212104745651,0.0
3.6123426997094303,1.0,5.01e-06,1.0,0.0,50.635053040159995,0.927212104745651,0.0
3.6123426997094303,1.0,6.31e-06,1.0,0.0,50.635053040159995,0.927212104745651,0.0
3.6123426997094303,1.0,7.94e-06,1.0,0.0,50.635053040159995,0.927212104745651,0.0
3.6123426997094303,1.0,1e-05,1.0,0.0,50.635053040159995,0.927212104745651,0.0
3.6123426997094303,1.0,1.26e-05,1.0,0.0,50.635053040159995,0.927212104745651,0.0
3.6123426997094303,1.0,1.58e-05,1.0,0.0,50.635053040159995,0.927212104745651,0.0
3.6123426997094303,1.0,2e-05,1.0,3.3333333333333335e-05,50.635053040159995,0.927212104745651,2025.4021216064002
3.6123426997094303,1.0,2.51e-05,1.0,0.0,50.635053040159995,0.927212104745651,0.0
3.6123426997094303,1.0,3.16e-05,1.0,3.3333333333333335e-05,50.635053040159995,0.927212104745651,2025.4021216064002
3.6123426997094303,1.0,3.98e-05,1.0,0.0,50.635053040159995,0.927212104745651,0.0
3.6123426997094303,1.0,5.01e-05,1.0,0.0001,50.635053040159995,0.927212104745651,6076.206364819201
3.6123426997094303,1.0,6.31e-05,1.0,0.00016666666666666666,50.635053040159995,0.927212104745651,10127.010608032
3.6123426997094303,1.0,7.94e-05,1.0,6.666666666666667e-05,50.635053040159995,0.927212104745651,4050.8042432128004
3.6123426997094303,1.0,0.0001,1.0,0.0002666666666666667,50.635053040159995,0.927212104745651,16203.216972851202
3.6123426997094303,1.0,0.000126,1.0,0.00036666666666666667,50.635053040159995,0.927212104745651,22279.423337670403
3.6123426997094303,1.0,0.000158,1.0,0.0007,50.635053040159995,0.927212104745651,42533.4445537344
3.6123426997094303,1.0,0.0002,1.0,0.001,50.635053040159995,0.927212104745651,60762.06364819201
3.6123426997094303,1.0,0.000251,1.0,0.0014666666666666667,50.635053040159995,0.927212104745651,89117.69335068161
3.6123426997094303,1.0,0.000316,1.0,0.0017333333333333333,50.635053040159995,0.927212104745651,105320.9103235328
3.6123426997094303,1.0,0.000398,1.0,0.003266666666666667,50.635053040159995,0.927212104745651,198489.40791742722
3.6123426997094303,1.0,0.000501,1.0,0.005033333333333333,50.635053040159995,0.927212104745651,305835.7203625664
3.6123426997094303,1.0,0.000631,1.0,0.006166666666666667,50.635053040159995,0.927212104745651,374699.392497184
3.6123426997094303,1.0,0.000794,1.0,0.008366666666666666,50.635053040159995,0.927212104745651,508375.93252320634
3.6123426997094303,1.0,0.001,1.0,0.007266666666666667,50.635053040159995,0.927212104745651,441537.6625101952
3.6123426997094303,1.0,0.00126,1.0,0.0081,50.635053040159995,0.927212104745651,492172.71555035515
3.6123426997094303,1.0,0.00158,1.0,0.004066666666666666,50.635053040159995,0.927212104745651,247099.05883598077
3.6123426997094303,1.0,0.002,1.0,0.0021,50.635053040159995,0.927212104745651,127600.33366120321
3.6123426997094303,1.0,0.00251,1.0,0.0006666666666666666,50.635053040159995,0.927212104745651,40508.042432128
3.6123426997094303,1.0,0.00316,1.0,6.666666666666667e-05,50.635053040159995,0.927212104745651,4050.8042432128004
3.6123426997094303,1.0,0.00398,1.0,6.666666666666667e-05,50.635053040159995,0.927212104745651,4050.8042432128004
3.6123426997094303,1.0,0.00501,1.0,0.0,50.635053040159995,0.927212104745651,0.0
3.6123426997094303,1.0,0.00631,1.0,0.0,50.635053040159995,0.927212104745651,0.0
3.7834626171319288,1.0,1e-06,1.0,0.0,50.96301343401856,0.933217605457216,0.0
3.7834626171319288,1.0,1.26e-06,1.0,0.0,50.96301343401856,0.933217605457216,0.0
3.7834626171319288,1.0,1.58e-06,1.0,0.0,50.96301343401856,0.933217605457216,0.0
3.7834626171319288,1.0,2e-06,1.0,0.0,50.96301343401856,0.933217605457216,0.0
3.7834626171319288,1.0,2.51e-06,1.0,0.0,50.96301343401856,0.933217605457216,0.0
3.7834626171319288,1.0,3.16e-06,1.0,0.0,50.96301343401856,0.933217605457216,0.0
3.7834626171319288,1.0,3.98e-06,1.0,0.0,50.96301343401856,0.933217605457216,0.0
3.7834626171319288,1.0,5.01e-06,1.0,0.0,50.96301343401856,0.933217605457216,0.0
3.7834626171319288,1.0,6.31e-06,1.0,0.0,50.96301343401856,0.933217605457216,0.0
3.7834626171319288,1.0,7.94e-06,1.0,0.0,50.96301343401856,0.933217605457216,0.0
3.7834626171319288,1.0,1e-05,1.0,0.0,50.96301343401856,0.933217605457216,0.0
3.7834626171319288,1.0,1.26e-05,1.0,0.0,50.96301343401856,0.933217605457216,0.0
3.7834626171319288,1.0,1.58e-05,1.0,0.0,50.96301343401856,0.933217605457216,0.0
3.7834626171319288,1.0,2e-05,1.0,3.3333333333333335e-05,50.96301343401856,0.933217605457216,2038.5205373607428
3.7834626171319288,1.0,2.51e-05,1.0,0.0,50.96301343401856,0.933217605457216,0.0
3.7834626171319288,1.0,3.16e-05,1.0,3.3333333333333335e-05,50.96301343401856,0.933217605457216,2038.5205373607428
3.7834626171319288,1.0,3.98e-05,1.0,0.0,50.96301343401856,0.933217605457216,0.0
3.7834626171319288,1.0,5.01e-05,1.0,0.0001,50.96301343401856,0.933217605457216,6115.561612082228
3.7834626171319288,1.0,6.31e-05,1.0,0.00016666666666666666,50.96301343401856,0.933217605457216,10192.602686803713
3.7834626171319288,1.0,7.94e-05,1.0,6.666666666666667e-05,50.96301343401856,0.933217605457216,4077.0410747214855
3.7834626171319288,1.0,0.0001,1.0,0.0002666666666666667,50.96301343401856,0.933217605457216,16308.164298885942
3.7834626171319288,1.0,0.000126,1.0,0.00036666666666666667,50.96301343401856,0.933217605457216,22423.72591096817
3.7834626171319288,1.0,0.000158,1.0,0.0007,50.96301343401856,0.933217605457216,42808.93128457559
3.7834626171319288,1.0,0.0002,1.0,0.001,50.96301343401856,0.933217605457216,61155.61612082228
3.7834626171319288,1.0,0.000251,1.0,0.0014666666666666667,50.96301343401856,0.933217605457216,89694.90364387268
3.7834626171319288,1.0,0.000316,1.0,0.0017333333333333333,50.96301343401856,0.933217605457216,106003.06794275861
3.7834626171319288,1.0,0.000398,1.0,0.003266666666666667,50.96301343401856,0.933217605457216,199775.01266135278
3.7834626171319288,1.0,0.000501,1.0,0.005033333333333333,50.96301343401856,0.933217605457216,307816.6011414721
3.7834626171319288,1.0,0.000631,1.0,0.006166666666666667,50.96301343401856,0.933217605457216,377126.29941173736
3.7834626171319288,1.0,0.000794,1.0,0.008366666666666666,50.96301343401856,0.933217605457216,511668.65487754636
3.7834626171319288,1.0,0.001,1.0,0.007266666666666667,50.96301343401856,0.933217605457216,444397.4771446419
3.7834626171319288,1.0,0.00126,1.0,0.0081,50.96301343401856,0.933217605457216,495360.4905786604
3.7834626171319288,1.0,0.00158,1.0,0.004066666666666666,50.96301343401856,0.933217605457216,248699.50555801057
3.7834626171319288,1.0,0.002,1.0,0.0021,50.96301343401856,0.933217605457216,128426.79385372678
3.7834626171319288,1.0,0.00251,1.0,0.0006666666666666666,50.96301343401856,0.933217605457216,40770.41074721485
3.7834626171319288,1.0,0.00316,1.0,6.666666666666667e-05,50.96301343401856,0.933217605457216,4077.0410747214855
3.7834626171319288,1.0,0.00398,1.0,6.666666666666667e-05,50.96301343401856,0.933217605457216,4077.0410747214855
3.7834626171319288,1.0,0.00501,1.0,0.0,50.96301343401856,0.933217605457216,0.0
3.7834626171319288,1.0,0.00631,1.0,0.0,50.96301343401856,0.933217605457216,0.0
3.9626886387014784,1.0,1e-06,1.0,0.0,51.26570201254045,0.9387603371642639,0.0
3.9626886387014784,1.0,1.26e-06,1.0,0.0,51.26570201254045,0.9387603371642639,0.0
3.9626886387014784,1.0,1.58e-06,1.0,0.0,51.26570201254045,0.9387603371642639,0.0
3.9626886387014784,1.0,2e-06,1.0,0.0,51.26570201254045,0.9387603371642639,0.0
3.9626886387014784,1.0,2.51e-06,1.0,0.0,51.26570201254045,0.9387603371642639,0.0
3.9626886387014784,1.0,3.16e-06,1.0,0.0,51.26570201254045,0.9387603371642639,0.0
3.9626886387014784,1.0,3.98e-06,1.0,0.0,51.26570201254045,0.9387603371642639,0.0
3.9626886387014784,1.0,5.01e-06,1.0,0.0,51.26570201254045,0.9387603371642639,0.0
3.9626886387014784,1.0,6.31e-06,1.0,0.0,51.26570201254045,0.9387603371642639,0.0
3.9626886387014784,1.0,7.94e-06,1.0,0.0,51.26570201254045,0.9387603371642639,0.0
3.9626886387014784,1.0,1e-05,1.0,0.0,51.26570201254045,0.9387603371642639,0.0
3.9626886387014784,1.0,1.26e-05,1.0,0.0,51.26570201254045,0.9387603371642639,0.0
3.9626886387014784,1.0,1.58e-05,1.0,0.0,51.26570201254045,0.9387603371642639,0.0
3.9626886387014784,1.0,2e-05,1.0,3.3333333333333335e-05,51.26570201254045,0.9387603371642639,2050.628080501618
3.9626886387014784,1.0,2.51e-05,1.0,0.0,51.26570201254045,0.9387603371642639,0.0
3.9626886387014784,1.0,3.16e-05,1.0,3.3333333333333335e-05,51.26570201254045,0.9387603371642639,2050.628080501618
3.9626886387014784,1.0,3.98e-05,1.0,0.0,51.26570201254045,0.9387603371642639,0.0
3.9626886387014784,1.0,5.01e-05,1.0,0.0001,51.26570201254045,0.9387603371642639,6151.884241504855
3.9626886387014784,1.0,6.31e-05,1.0,0.00016666666666666666,51.26570201254045,0.9387603371642639,10253.14040250809
3.9626886387014784,1.0,7.94e-05,1.0,6.666666666666667e-05,51.26570201254045,0.9387603371642639,4101.256161003236
3.9626886387014784,1.0,0.0001,1.0,0.0002666666666666667,51.26570201254045,0.9387603371642639,16405.024644012945
3.9626886387014784,1.0,0.000126,1.0,0.00036666666666666667,51.26570201254045,0.9387603371642639,22556.908885517798
3.9626886387014784,1.0,0.000158,1.0,0.0007,51.26570201254045,0.9387603371642639,43063.18969053398
3.9626886387014784,1.0,0.0002,1.0,0.001,51.26570201254045,0.9387603371642639,61518.842415048544
3.9626886387014784,1.0,0.000251,1.0,0.0014666666666666667,51.26570201254045,0.9387603371642639,90227.63554207119
3.9626886387014784,1.0,0.000316,1.0,0.0017333333333333333,51.26570201254045,0.9387603371642639,106632.66018608413
3.9626886387014784,1.0,0.000398,1.0,0.003266666666666667,51.26570201254045,0.9387603371642639,200961.55188915858
3.9626886387014784,1.0,0.000501,1.0,0.005033333333333333,51.26570201254045,0.9387603371642639,309644.84015574434
3.9626886387014784,1.0,0.000631,1.0,0.006166666666666667,51.26570201254045,0.9387603371642639,379366.19489279937
3.9626886387014784,1.0,0.000794,1.0,0.008366666666666666,51.26570201254045,0.9387603371642639,514707.6482059061
3.9626886387014784,1.0,0.001,1.0,0.007266666666666667,51.26570201254045,0.9387603371642639,447036.92154935276
3.9626886387014784,1.0,0.00126,1.0,0.0081,51.26570201254045,0.9387603371642639,498302.6235618931
3.9626886387014784,1.0,0.00158,1.0,0.004066666666666666,51.26570201254045,0.9387603371642639,250176.62582119738
3.9626886387014784,1.0,0.002,1.0,0.0021,51.26570201254045,0.9387603371642639,129189.56907160195
3.9626886387014784,1.0,0.00251,1.0,0.0006666666666666666,51.26570201254045,0.9387603371642639,41012.56161003236
3.9626886387014784,1.0,0.00316,1.0,6.666666666666667e-05,51.26570201254045,0.9387603371642639,4101.256161003236
3.9626886387014784,1.0,0.00398,1.0,6.666666666666667e-05,51.26570201254045,0.9387603371642639,4101.256161003236
3.9626886387014784,1.0,0.00501,1.0,0.0,51.26570201254045,0.9387603371642639,0.0
3.9626886387014784,1.0,0.00631,1.0,0.0,51.26570201254045,0.9387603371642639,0.0
4.150404757850477,1.0,1e-06,1.0,0.0,51.54477937771955,0.9438707082534252,0.0
4.150404757850477,1.0,1.26e-06,1.0,0.0,51.54477937771955,0.9438707082534252,0.0
4.150404757850477,1.0,1.58e-06,1.0,0.0,51.54477937771955,0.9438707082534252,0.0
4.150404757850477,1.0,2e-06,1.0,0.0,51.54477937771955,0.9438707082534252,0.0
4.150404757850477,1.0,2.51e-06,1.0,0.0,51.54477937771955,0.9438707082534252,0.0
4.150404757850477,1.0,3.16e-06,1.0,0.0,51.54477937771955,0.9438707082534252,0.0
4.150404757850477,1.0,3.98e-06,1.0,0.0,51.54477937771955,0.9438707082534252,0.0
4.150404757850477,1.0,5.01e-06,1.0,0.0,51.54477937771955,0.9438707082534252,0.0
4.150404757850477,1.0,6.31e-06,1.0,0.0,51.54477937771955,0.9438707082534252,0.0
4.150404757850477,1.0,7.94e-06,1.0,0.0,51.54477937771955,0.9438707082534252,0.0
4.150404757850477,1.0,1e-05,1.0,0.0,51.54477937771955,0.9438707082534252,0.0
4.150404757850477,1.0,1.26e-05,1.0,0.0,51.54477937771955,0.9438707082534252,0.0
4.150404757850477,1.0,1.58e-05,1.0,0.0,51.54477937771955,0.9438707082534252,0.0
4.150404757850477,1.0,2e-05,1.0,3.3333333333333335e-05,51.54477937771955,0.9438707082534252,2061.791175108782
4.150404757850477,1.0,2.51e-05,1.0,0.0,51.54477937771955,0.9438707082534252,0.0
4.150404757850477,1.0,3.16e-05,1.0,3.3333333333333335e-05,51.54477937771955,0.9438707082534252,2061.791175108782
4.150404757850477,1.0,3.98e-05,1.0,0.0,51.54477937771955,0.9438707082534252,0.0
4.150404757850477,1.0,5.01e-05,1.0,0.0001,51.54477937771955,0.9438707082534252,6185.373525326347
4.150404757850477,1.0,6.31e-05,1.0,0.00016666666666666666,51.54477937771955,0.9438707082534252,10308.95587554391
4.150404757850477,1.0,7.94e-05,1.0,6.666666666666667e-05,51.54477937771955,0.9438707082534252,4123.582350217564
4.150404757850477,1.0,0.0001,1.0,0.0002666666666666667,51.54477937771955,0.9438707082534252,16494.329400870258
4.150404757850477,1.0,0.000126,1.0,0.00036666666666666667,51.54477937771955,0.9438707082534252,22679.702926196605
4.150404757850477,1.0,0.000158,1.0,0.0007,51.54477937771955,0.9438707082534252,43297.61467728443
4.150404757850477,1.0,0.0002,1.0,0.001,51.54477937771955,0.9438707082534252,61853.73525326347
4.150404757850477,1.0,0.000251,1.0,0.0014666666666666667,51.54477937771955,0.9438707082534252,90718.81170478642
4.150404757850477,1.0,0.000316,1.0,0.0017333333333333333,51.54477937771955,0.9438707082534252,107213.14110565666
4.150404757850477,1.0,0.000398,1.0,0.003266666666666667,51.54477937771955,0.9438707082534252,202055.53516066066
4.150404757850477,1.0,0.000501,1.0,0.005033333333333333,51.54477937771955,0.9438707082534252,311330.46744142607
4.150404757850477,1.0,0.000631,1.0,0.006166666666666667,51.54477937771955,0.9438707082534252,381431.3673951247
4.150404757850477,1.0,0.000794,1.0,0.008366666666666666,51.54477937771955,0.9438707082534252,517509.58495230426
4.150404757850477,1.0,0.001,1.0,0.007266666666666667,51.54477937771955,0.9438707082534252,449470.47617371456
4.150404757850477,1.0,0.00126,1.0,0.0081,51.54477937771955,0.9438707082534252,501015.25555143406
4.150404757850477,1.0,0.00158,1.0,0.004066666666666666,51.54477937771955,0.9438707082534252,251538.5233632714
4.150404757850477,1.0,0.002,1.0,0.0021,51.54477937771955,0.9438707082534252,129892.84403185325
4.150404757850477,1.0,0.00251,1.0,0.0006666666666666666,51.54477937771955,0.9438707082534252,41235.82350217564
4.150404757850477,1.0,0.00316,1.0,6.666666666666667e-05,51.54477937771955,0.9438707082534252,4123.582350217564
4.150404757850477,1.0,0.00398,1.0,6.666666666666667e-05,51.54477937771955,0.9438707082534252,4123.582350217564
4.150404757850477,1.0,0.00501,1.0,0.0,51.54477937771955,0.9438707082534252,0.0
4.150404757850477,1.0,0.00631,1.0,0.0,51.54477937771955,0.9438707082534252,0.0
4.347013158125026,1.0,1e-06,1.0,0.0,51.80184376657069,0.9485779851047554,0.0
4.347013158125026,1.0,1.26e-06,1.0,0.0,51.80184376657069,0.9485779851047554,0.0
4.347013158125026,1.0,1.58e-06,1.0,0.0,51.80184376657069,0.9485779851047554,0.0
4.347013158125026,1.0,2e-06,1.0,0.0,51.80184376657069,0.9485779851047554,0.0
4.347013158125026,1.0,2.51e-06,1.0,0.0,51.80184376657069,0.9485779851047554,0.0
4.347013158125026,1.0,3.16e-06,1.0,0.0,51.80184376657069,0.9485779851047554,0.0
4.347013158125026,1.0,3.98e-06,1.0,0.0,51.80184376657069,0.9485779851047554,0.0
4.347013158125026,1.0,5.01e-06,1.0,0.0,51.80184376657069,0.9485779851047554,0.0
4.347013158125026,1.0,6.31e-06,1.0,0.0,51.80184376657069,0.9485779851047554,0.0
4.347013158125026,1.0,7.94e-06,1.0,0.0,51.80184376657069,0.9485779851047554,0.0
4.347013158125026,1.0,1e-05,1.0,0.0,51.80184376657069,0.9485779851047554,0.0
4.347013158125026,1.0,1.26e-05,1.0,0.0,51.80184376657069,0.9485779851047554,0.0
4.347013158125026,1.0,1.58e-05,1.0,0.0,51.80184376657069,0.9485779851047554,0.0
4.347013158125026,1.0,2e-05,1.0,3.3333333333333335e-05,51.80184376657069,0.9485779851047554,2072.073750662828
4.347013158125026,1.0,2.51e-05,1.0,0.0,51.80184376657069,0.9485779851047554,0.0
4.347013158125026,1.0,3.16e-05,1.0,3.3333333333333335e-05,51.80184376657069,0.9485779851047554,2072.073750662828
4.347013158125026,1.0,3.98e-05,1.0,0.0,51.80184376657069,0.9485779851047554,0.0
4.347013158125026,1.0,5.01e-05,1.0,0.0001,51.80184376657069,0.9485779851047554,6216.221251988483
4.347013158125026,1.0,6.31e-05,1.0,0.00016666666666666666,51.80184376657069,0.9485779851047554,10360.368753314138
4.347013158125026,1.0,7.94e-05,1.0,6.666666666666667e-05,51.80184376657069,0.9485779851047554,4144.147501325656
4.347013158125026,1.0,0.0001,1.0,0.0002666666666666667,51.80184376657069,0.9485779851047554,16576.590005302623
4.347013158125026,1.0,0.000126,1.0,0.00036666666666666667,51.80184376657069,0.9485779851047554,22792.811257291105
4.347013158125026,1.0,0.000158,1.0,0.0007,51.80184376657069,0.9485779851047554,43513.54876391938
4.347013158125026,1.0,0.0002,1.0,0.001,51.80184376657069,0.9485779851047554,62162.21251988484
4.347013158125026,1.0,0.000251,1.0,0.0014666666666666667,51.80184376657069,0.9485779851047554,91171.24502916442
4.347013158125026,1.0,0.000316,1.0,0.0017333333333333333,51.80184376657069,0.9485779851047554,107747.83503446703
4.347013158125026,1.0,0.000398,1.0,0.003266666666666667,51.80184376657069,0.9485779851047554,203063.2275649571
4.347013158125026,1.0,0.000501,1.0,0.005033333333333333,51.80184376657069,0.9485779851047554,312883.13635008695
4.347013158125026,1.0,0.000631,1.0,0.006166666666666667,51.80184376657069,0.9485779851047554,383333.6438726231
4.347013158125026,1.0,0.000794,1.0,0.008366666666666666,51.80184376657069,0.9485779851047554,520090.5114163697
4.347013158125026,1.0,0.001,1.0,0.007266666666666667,51.80184376657069,0.9485779851047554,451712.07764449646
4.347013158125026,1.0,0.00126,1.0,0.0081,51.80184376657069,0.9485779851047554,503513.9214110671
4.347013158125026,1.0,0.00158,1.0,0.004066666666666666,51.80184376657069,0.9485779851047554,252792.99758086493
4.347013158125026,1.0,0.002,1.0,0.0021,51.80184376657069,0.9485779851047554,130540.64629175812
4.347013158125026,1.0,0.00251,1.0,0.0006666666666666666,51.80184376657069,0.9485779851047554,41441.47501325655
4.347013158125026,1.0,0.00316,1.0,6.666666666666667e-05,51.80184376657069,0.9485779851047554,4144.147501325656
4.347013158125026,1.0,0.00398,1.0,6.666666666666667e-05,51.80184376657069,0.9485779851047554,4144.147501325656
4.347013158125026,1.0,0.00501,1.0,0.0,51.80184376657069,0.9485779851047554,0.0
4.347013158125026,1.0,0.00631,1.0,0.0,51.80184376657069,0.9485779851047554,0.0
4.552935074866948,1.0,1e-06,1.0,0.0,52.03842504369786,0.9529101820856595,0.0
4.552935074866948,1.0,1.26e-06,1.0,0.0,52.03842504369786,0.9529101820856595,0.0
4.552935074866948,1.0,1.58e-06,1.0,0.0,52.03842504369786,0.9529101820856595,0.0
4.552935074866948,1.0,2e-06,1.0,0.0,52.03842504369786,0.9529101820856595,0.0
4.552935074866948,1.0,2.51e-06,1.0,0.0,52.03842504369786,0.9529101820856595,0.0
4.552935074866948,1.0,3.16e-06,1.0,0.0,52.03842504369786,0.9529101820856595,0.0
4.552935074866948,1.0,3.98e-06,1.0,0.0,52.03842504369786,0.9529101820856595,0.0
4.552935074866948,1.0,5.01e-06,1.0,0.0,52.03842504369786,0.9529101820856595,0.0
4.552935074866948,1.0,6.31e-06,1.0,0.0,52.03842504369786,0.9529101820856595,0.0
4.552935074866948,1.0,7.94e-06,1.0,0.0,52.03842504369786,0.9529101820856595,0.0
4.552935074866948,1.0,1e-05,1.0,0.0,52.03842504369786,0.9529101820856595,0.0
4.552935074866948,1.0,1.26e-05,1.0,0.0,52.03842504369786,0.9529101820856595,0.0
4.552935074866948,1.0,1.58e-05,1.0,0.0,52.03842504369786,0.9529101820856595,0.0
4.552935074866948,1.0,2e-05,1.0,3.3333333333333335e-05,52.03842504369786,0.9529101820856595,2081.5370017479145
4.552935074866948,1.0,2.51e-05,1.0,0.0,52.03842504369786,0.9529101820856595,0.0
4.552935074866948,1.0,3.16e-05,1.0,3.3333333333333335e-05,52.03842504369786,0.9529101820856595,2081.5370017479145
4.552935074866948,1.0,3.98e-05,1.0,0.0,52.03842504369786,0.9529101820856595,0.0
4.552935074866948,1.0,5.01e-05,1.0,0.0001,52.03842504369786,0.9529101820856595,6244.611005243744
4.552935074866948,1.0,6.31e-05,1.0,0.00016666666666666666,52.03842504369786,0.9529101820856595,10407.685008739572
4.552935074866948,1.0,7.94e-05,1.0,6.666666666666667e-05,52.03842504369786,0.9529101820856595,4163.074003495829
4.552935074866948,1.0,0.0001,1.0,0.0002666666666666667,52.03842504369786,0.9529101820856595,16652.296013983316
4.552935074866948,1.0,0.000126,1.0,0.00036666666666666667,52.03842504369786,0.9529101820856595,22896.90701922706
4.552935074866948,1.0,0.000158,1.0,0.0007,52.03842504369786,0.9529101820856595,43712.27703670621
4.552935074866948,1.0,0.0002,1.0,0.001,52.03842504369786,0.9529101820856595,62446.11005243744
4.552935074866948,1.0,0.000251,1.0,0.0014666666666666667,52.03842504369786,0.9529101820856595,91587.62807690824
4.552935074866948,1.0,0.000316,1.0,0.0017333333333333333,52.03842504369786,0.9529101820856595,108239.92409089155
4.552935074866948,1.0,0.000398,1.0,0.003266666666666667,52.03842504369786,0.9529101820856595,203990.62617129565
4.552935074866948,1.0,0.000501,1.0,0.005033333333333333,52.03842504369786,0.9529101820856595,314312.08726393513
4.552935074866948,1.0,0.000631,1.0,0.006166666666666667,52.03842504369786,0.9529101820856595,385084.34532336425
4.552935074866948,1.0,0.000794,1.0,0.008366666666666666,52.03842504369786,0.9529101820856595,522465.7874387265
4.552935074866948,1.0,0.001,1.0,0.007266666666666667,52.03842504369786,0.9529101820856595,453775.06638104544
4.552935074866948,1.0,0.00126,1.0,0.0081,52.03842504369786,0.9529101820856595,505813.4914247432
4.552935074866948,1.0,0.00158,1.0,0.004066666666666666,52.03842504369786,0.9529101820856595,253947.51421324557
4.552935074866948,1.0,0.002,1.0,0.0021,52.03842504369786,0.9529101820856595,131136.83111011863
4.552935074866948,1.0,0.00251,1.0,0.0006666666666666666,52.03842504369786,0.9529101820856595,41630.74003495829
4.552935074866948,1.0,0.00316,1.0,6.666666666666667e-05,52.03842504369786,0.9529101820856595,4163.074003495829
4.552935074866948,1.0,0.00398,1.0,6.666666666666667e-05,52.03842504369786,0.9529101820856595,4163.074003495829
4.552935074866948,1.0,0.00501,1.0,0.0,52.03842504369786,0.9529101820856595,0.0
4.552935074866948,1.0,0.00631,1.0,0.0,52.03842504369786,0.9529101820856595,0.0
4.768611697714469,1.0,1e-06,1.0,0.0,52.255980585640124,0.956893986186415,0.0
4.768611697714469,1.0,1.26e-06,1.0,0.0,52.255980585640124,0.956893986186415,0.0
4.768611697714469,1.0,1.58e-06,1.0,0.0,52.255980585640124,0.956893986186415,0.0
4.768611697714469,1.0,2e-06,1.0,0.0,52.255980585640124,0.956893986186415,0.0
4.768611697714469,1.0,2.51e-06,1.0,0.0,52.255980585640124,0.956893986186415,0.0
4.768611697714469,1.0,3.16e-06,1.0,0.0,52.255980585640124,0.956893986186415,0.0
4.768611697714469,1.0,3.98e-06,1.0,0.0,52.255980585640124,0.956893986186415,0.0
4.768611697714469,1.0,5.01e-06,1.0,0.0,52.255980585640124,0.956893986186415,0.0
4.768611697714469,1.0,6.31e-06,1.0,0.0,52.255980585640124,0.956893986186415,0.0
4.768611697714469,1.0,7.94e-06,1.0,0.0,52.255980585640124,0.956893986186415,0.0
4.768611697714469,1.0,1e-05,1.0,0.0,52.255980585640124,0.956893986186415,0.0
4.768611697714469,1.0,1.26e-05,1.0,0.0,52.255980585640124,0.956893986186415,0.0
4.768611697714469,1.0,1.58e-05,1.0,0.0,52.255980585640124,0.956893986186415,0.0
4.768611697714469,1.0,2e-05,1.0,3.3333333333333335e-05,52.255980585640124,0.956893986186415,2090.2392234256054
4.768611697714469,1.0,2.51e-05,1.0,0.0,52.255980585640124,0.956893986186415,0.0
4.768611697714469,1.0,3.16e-05,1.0,3.3333333333333335e-05,52.255980585640124,0.956893986186415,2090.2392234256054
4.768611697714469,1.0,3.98e-05,1.0,0.0,52.255980585640124,0.956893986186415,0.0
4.768611697714469,1.0,5.01e-05,1.0,0.0001,52.255980585640124,0.956893986186415,6270.717670276816
4.768611697714469,1.0,6.31e-05,1.0,0.00016666666666666666,52.255980585640124,0.956893986186415,10451.196117128025
4.768611697714469,1.0,7.94e-05,1.0,6.666666666666667e-05,52.255980585640124,0.956893986186415,4180.478446851211
4.768611697714469,1.0,0.0001,1.0,0.0002666666666666667,52.255980585640124,0.956893986186415,16721.913787404843
4.768611697714469,1.0,0.000126,1.0,0.00036666666666666667,52.255980585640124,0.956893986186415,22992.631457681655
4.768611697714469,1.0,0.000158,1.0,0.0007,52.255980585640124,0.956893986186415,43895.023691937706
4.768611697714469,1.0,0.0002,1.0,0.001,52.255980585640124,0.956893986186415,62707.17670276815
4.768611697714469,1.0,0.000251,1.0,0.0014666666666666667,52.255980585640124,0.956893986186415,91970.52583072662
4.768611697714469,1.0,0.000316,1.0,0.0017333333333333333,52.255980585640124,0.956893986186415,108692.43961813145
4.768611697714469,1.0,0.000398,1.0,0.003266666666666667,52.255980585640124,0.956893986186415,204843.4438957093
4.768611697714469,1.0,0.000501,1.0,0.005033333333333333,52.255980585640124,0.956893986186415,315626.12273726636
4.768611697714469,1.0,0.000631,1.0,0.006166666666666667,52.255980585640124,0.956893986186415,386694.25633373694
4.768611697714469,1.0,0.000794,1.0,0.008366666666666666,52.255980585640124,0.956893986186415,524650.0450798268
4.768611697714469,1.0,0.001,1.0,0.007266666666666667,52.255980585640124,0.956893986186415,455672.15070678195
4.768611697714469,1.0,0.00126,1.0,0.0081,52.255980585640124,0.956893986186415,507928.13129242195
4.768611697714469,1.0,0.00158,1.0,0.004066666666666666,52.255980585640124,0.956893986186415,255009.1852579238
4.768611697714469,1.0,0.002,1.0,0.0021,52.255980585640124,0.956893986186415,131685.07107581312
4.768611697714469,1.0,0.00251,1.0,0.0006666666666666666,52.255980585640124,0.956893986186415,41804.7844685121
4.768611697714469,1.0,0.00316,1.0,6.666666666666667e-05,52.255980585640124,0.956893986186415,4180.478446851211
4.768611697714469,1.0,0.00398,1.0,6.666666666666667e-05,52.255980585640124,0.956893986186415,4180.478446851211
4.768611697714469,1.0,0.00501,1.0,0.0,52.255980585640124,0.956893986186415,0.0
4.768611697714469,1.0,0.00631,1.0,0.0,52.255980585640124,0.956893986186415,0.0
4.99450511585514,1.0,1e-06,1.0,0.0,52.45589277928856,0.9605547112120227,0.0
4.99450511585514,1.0,1.26e-06,1.0,0.0,52.45589277928856,0.9605547112120227,0.0
4.99450511585514,1.0,1.58e-06,1.0,0.0,52.45589277928856,0.9605547112120227,0.0
4.99450511585514,1.0,2e-06,1.0,0.0,52.45589277928856,0.9605547112120227,0.0
4.99450511585514,1.0,2.51e-06,1.0,0.0,52.45589277928856,0.9605547112120227,0.0
4.99450511585514,1.0,3.16e-06,1.0,0.0,52.45589277928856,0.9605547112120227,0.0
4.99450511585514,1.0,3.98e-06,1.0,0.0,52.45589277928856,0.9605547112120227,0.0
4.99450511585514,1.0,5.01e-06,1.0,0.0,52.45589277928856,0.9605547112120227,0.0
4.99450511585514,1.0,6.31e-06,1.0,0.0,52.45589277928856,0.9605547112120227,0.0
4.99450511585514,1.0,7.94e-06,1.0,0.0,52.45589277928856,0.9605547112120227,0.0
4.99450511585514,1.0,1e-05,1.0,0.0,52.45589277928856,0.9605547112120227,0.0
4.99450511585514,1.0,1.26e-05,1.0,0.0,52.45589277928856,0.9605547112120227,0.0
4.99450511585514,1.0,1.58e-05,1.0,0.0,52.45589277928856,0.9605547112120227,0.0
4.99450511585514,1.0,2e-05,1.0,3.3333333333333335e-05,52.45589277928856,0.9605547112120227,2098.2357111715423
4.99450511585514,1.0,2.51e-05,1.0,0.0,52.45589277928856,0.9605547112120227,0.0
4.99450511585514,1.0,3.16e-05,1.0,3.3333333333333335e-05,52.45589277928856,0.9605547112120227,2098.2357111715423
4.99450511585514,1.0,3.98e-05,1.0,0.0,52.45589277928856,0.9605547112120227,0.0
4.99450511585514,1.0,5.01e-05,1.0,0.0001,52.45589277928856,0.9605547112120227,6294.707133514628
4.99450511585514,1.0,6.31e-05,1.0,0.00016666666666666666,52.45589277928856,0.9605547112120227,10491.178555857712
4.99450511585514,1.0,7.94e-05,1.0,6.666666666666667e-05,52.45589277928856,0.9605547112120227,4196.471422343085
4.99450511585514,1.0,0.0001,1.0,0.0002666666666666667,52.45589277928856,0.9605547112120227,16785.88568937234
4.99450511585514,1.0,0.000126,1.0,0.00036666666666666667,52.45589277928856,0.9605547112120227,23080.592822886967
4.99450511585514,1.0,0.000158,1.0,0.0007,52.45589277928856,0.9605547112120227,44062.949934602395
4.99450511585514,1.0,0.0002,1.0,0.001,52.45589277928856,0.9605547112120227,62947.07133514628
4.99450511585514,1.0,0.000251,1.0,0.0014666666666666667,52.45589277928856,0.9605547112120227,92322.37129154787
4.99450511585514,1.0,0.000316,1.0,0.0017333333333333333,52.45589277928856,0.9605547112120227,109108.25698092021
4.99450511585514,1.0,0.000398,1.0,0.003266666666666667,52.45589277928856,0.9605547112120227,205627.09969481116
4.99450511585514,1.0,0.000501,1.0,0.005033333333333333,52.45589277928856,0.9605547112120227,316833.59238690295
4.99450511585514,1.0,0.000631,1.0,0.006166666666666667,52.45589277928856,0.9605547112120227,388173.60656673537
4.99450511585514,1.0,0.000794,1.0,0.008366666666666666,52.45589277928856,0.9605547112120227,526657.1635040571
4.99450511585514,1.0,0.001,1.0,0.007266666666666667,52.45589277928856,0.9605547112120227,457415.3850353963
4.99450511585514,1.0,0.00126,1.0,0.0081,52.45589277928856,0.9605547112120227,509871.27781468484
4.99450511585514,1.0,0.00158,1.0,0.004066666666666666,52.45589277928856,0.9605547112120227,255984.75676292815
4.99450511585514,1.0,0.002,1.0,0.0021,52.45589277928856,0.9605547112120227,132188.84980380718
4.99450511585514,1.0,0.00251,1.0,0.0006666666666666666,52.45589277928856,0.9605547112120227,41964.71422343085
4.99450511585514,1.0,0.00316,1.0,6.666666666666667e-05,52.45589277928856,0.9605547112120227,4196.471422343085
4.99450511585514,1.0,0.00398,1.0,6.666666666666667e-05,52.45589277928856,0.9605547112120227,4196.471422343085
4.99450511585514,1.0,0.00501,1.0,0.0,52.45589277928856,0.9605547112120227,0.0
4.99450511585514,1.0,0.00631,1.0,0.0,52.45589277928856,0.9605547112120227,0.0
5.2310993080562636,1.0,1e-06,1.0,0.0,52.63946787715997,0.9639162768203621,0.0
5.2310993080562636,1.0,1.26e-06,1.0,0.0,52.63946787715997,0.9639162768203621,0.0
5.2310993080562636,1.0,1.58e-06,1.0,0.0,52.63946787715997,0.9639162768203621,0.0
5.2310993080562636,1.0,2e-06,1.0,0.0,52.63946787715997,0.9639162768203621,0.0
5.2310993080562636,1.0,2.51e-06,1.0,0.0,52.63946787715997,0.9639162768203621,0.0
5.2310993080562636,1.0,3.16e-06,1.0,0.0,52.63946787715997,0.9639162768203621,0.0
5.2310993080562636,1.0,3.98e-06,1.0,0.0,52.63946787715997,0.9639162768203621,0.0
5.2310993080562636,1.0,5.01e-06,1.0,0.0,52.63946787715997,0.9639162768203621,0.0
5.2310993080562636,1.0,6.31e-06,1.0,0.0,52.63946787715997,0.9639162768203621,0.0
5.2310993080562636,1.0,7.94e-06,1.0,0.0,52.63946787715997,0.9639162768203621,0.0
5.2310993080562636,1.0,1e-05,1.0,0.0,52.63946787715997,0.9639162768203621,0.0
5.2310993080562636,1.0,1.26e-05,1.0,0.0,52.63946787715997,0.9639162768203621,0.0
5.2310993080562636,1.0,1.58e-05,1.0,0.0,52.63946787715997,0.9639162768203621,0.0
5.2310993080562636,1.0,2e-05,1.0,3.3333333333333335e-05,52.63946787715997,0.9639162768203621,2105.5787150863994
5.2310993080562636,1.0,2.51e-05,1.0,0.0,52.63946787715997,0.9639162768203621,0.0
5.2310993080562636,1.0,3.16e-05,1.0,3.3333333333333335e-05,52.63946787715997,0.9639162768203621,2105.5787150863994
5.2310993080562636,1.0,3.98e-05,1.0,0.0,52.63946787715997,0.9639162768203621,0.0
5.2310993080562636,1.0,5.01e-05,1.0,0.0001,52.63946787715997,0.9639162768203621,6316.736145259198
5.2310993080562636,1.0,6.31e-05,1.0,0.00016666666666666666,52.63946787715997,0.9639162768203621,10527.893575431995
5.2310993080562636,1.0,7.94e-05,1.0,6.666666666666667e-05,52.63946787715997,0.9639162768203621,4211.157430172799
5.2310993080562636,1.0,0.0001,1.0,0.0002666666666666667,52.63946787715997,0.9639162768203621,16844.629720691195
5.2310993080562636,1.0,0.000126,1.0,0.00036666666666666667,52.63946787715997,0.9639162768203621,23161.36586595039
5.2310993080562636,1.0,0.000158,1.0,0.0007,52.63946787715997,0.9639162768203621,44217.15301681438
5.2310993080562636,1.0,0.0002,1.0,0.001,52.63946787715997,0.9639162768203621,63167.36145259197
5.2310993080562636,1.0,0.000251,1.0,0.0014666666666666667,52.63946787715997,0.9639162768203621,92645.46346380156
5.2310993080562636,1.0,0.000316,1.0,0.0017333333333333333,52.63946787715997,0.9639162768203621,109490.09318449274
5.2310993080562636,1.0,0.000398,1.0,0.003266666666666667,52.63946787715997,0.9639162768203621,206346.7140784671
5.2310993080562636,1.0,0.000501,1.0,0.005033333333333333,52.63946787715997,0.9639162768203621,317942.3859780463
5.2310993080562636,1.0,0.000631,1.0,0.006166666666666667,52.63946787715997,0.9639162768203621,389532.0622909838
5.2310993080562636,1.0,0.000794,1.0,0.008366666666666666,52.63946787715997,0.9639162768203621,528500.2574866861
5.2310993080562636,1.0,0.001,1.0,0.007266666666666667,52.63946787715997,0.9639162768203621,459016.159888835
5.2310993080562636,1.0,0.00126,1.0,0.0081,52.63946787715997,0.9639162768203621,511655.6277659949
5.2310993080562636,1.0,0.00158,1.0,0.004066666666666666,52.63946787715997,0.9639162768203621,256880.6032405407
5.2310993080562636,1.0,0.002,1.0,0.0021,52.63946787715997,0.9639162768203621,132651.4590504431
5.2310993080562636,1.0,0.00251,1.0,0.0006666666666666666,52.63946787715997,0.9639162768203621,42111.57430172798
5.2310993080562636,1.0,0.00316,1.0,6.666666666666667e-05,52.63946787715997,0.9639162768203621,4211.157430172799
5.2310993080562636,1.0,0.00398,1.0,6.666666666666667e-05,52.63946787715997,0.9639162768203621,4211.157430172799
5.2310993080562636,1.0,0.00501,1.0,0.0,52.63946787715997,0.9639162768203621,0.0
5.2310993080562636,1.0,0.00631,1.0,0.0,52.63946787715997,0.9639162768203621,0.0
5.478901179593945,1.0,1e-06,1.0,0.0,52.80793597551911,0.9670012081215731,0.0
5.478901179593945,1.0,1.26e-06,1.0,0.0,52.80793597551911,0.9670012081215731,0.0
5.478901179593945,1.0,1.58e-06,1.0,0.0,52.80793597551911,0.9670012081215731,0.0
5.478901179593945,1.0,2e-06,1.0,0.0,52.80793597551911,0.9670012081215731,0.0
5.478901179593945,1.0,2.51e-06,1.0,0.0,52.80793597551911,0.9670012081215731,0.0
5.478901179593945,1.0,3.16e-06,1.0,0.0,52.80793597551911,0.9670012081215731,0.0
5.478901179593945,1.0,3.98e-06,1.0,0.0,52.80793597551911,0.9670012081215731,0.0
5.478901179593945,1.0,5.01e-06,1.0,0.0,52.80793597551911,0.9670012081215731,0.0
5.478901179593945,1.0,6.31e-06,1.0,0.0,52.80793597551911,0.9670012081215731,0.0
5.478901179593945,1.0,7.94e-06,1.0,0.0,52.80793597551911,0.9670012081215731,0.0
5.478901179593945,1.0,1e-05,1.0,0.0,52.80793597551911,0.9670012081215731,0.0
5.478901179593945,1.0,1.26e-05,1.0,0.0,52.80793597551911,0.9670012081215731,0.0
5.478901179593945,1.0,1.58e-05,1.0,0.0,52.80793597551911,0.9670012081215731,0.0
5.478901179593945,1.0,2e-05,1.0,3.3333333333333335e-05,52.80793597551911,0.9670012081215731,2112.3174390207646
5.478901179593945,1.0,2.51e-05,1.0,0.0,52.80793597551911,0.9670012081215731,0.0
5.478901179593945,1.0,3.16e-05,1.0,3.3333333333333335e-05,52.80793597551911,0.9670012081215731,2112.3174390207646
5.478901179593945,1.0,3.98e-05,1.0,0.0,52.80793597551911,0.9670012081215731,0.0
5.478901179593945,1.0,5.01e-05,1.0,0.0001,52.80793597551911,0.9670012081215731,6336.952317062294
5.478901179593945,1.0,6.31e-05,1.0,0.00016666666666666666,52.80793597551911,0.9670012081215731,10561.587195103823
5.478901179593945,1.0,7.94e-05,1.0,6.666666666666667e-05,52.80793597551911,0.9670012081215731,4224.634878041529
5.478901179593945,1.0,0.0001,1.0,0.0002666666666666667,52.80793597551911,0.9670012081215731,16898.539512166117
5.478901179593945,1.0,0.000126,1.0,0.00036666666666666667,52.80793597551911,0.9670012081215731,23235.491829228413
5.478901179593945,1.0,0.000158,1.0,0.0007,52.80793597551911,0.9670012081215731,44358.666219436054
5.478901179593945,1.0,0.0002,1.0,0.001,52.80793597551911,0.9670012081215731,63369.52317062294
5.478901179593945,1.0,0.000251,1.0,0.0014666666666666667,52.80793597551911,0.9670012081215731,92941.96731691365
5.478901179593945,1.0,0.000316,1.0,0.0017333333333333333,52.80793597551911,0.9670012081215731,109840.50682907976
5.478901179593945,1.0,0.000398,1.0,0.003266666666666667,52.80793597551911,0.9670012081215731,207007.10902403493
5.478901179593945,1.0,0.000501,1.0,0.005033333333333333,52.80793597551911,0.9670012081215731,318959.9332921354
5.478901179593945,1.0,0.000631,1.0,0.006166666666666667,52.80793597551911,0.9670012081215731,390778.72621884145
5.478901179593945,1.0,0.000794,1.0,0.008366666666666666,52.80793597551911,0.9670012081215731,530191.6771942119
5.478901179593945,1.0,0.001,1.0,0.007266666666666667,52.80793597551911,0.9670012081215731,460485.20170652674
5.478901179593945,1.0,0.00126,1.0,0.0081,52.80793597551911,0.9670012081215731,513293.13768204575
5.478901179593945,1.0,0.00158,1.0,0.004066666666666666,52.80793597551911,0.9670012081215731,257702.72756053327
5.478901179593945,1.0,0.002,1.0,0.0021,52.80793597551911,0.9670012081215731,133075.99865830815
5.478901179593945,1.0,0.00251,1.0,0.0006666666666666666,52.80793597551911,0.9670012081215731,42246.34878041529
5.478901179593945,1.0,0.00316,1.0,6.666666666666667e-05,52.80793597551911,0.9670012081215731,4224.634878041529
5.478901179593945,1.0,0.00398,1.0,6.666666666666667e-05,52.80793597551911,0.9670012081215731,4224.634878041529
5.478901179593945,1.0,0.00501,1.0,0.0,52.80793597551911,0.9670012081215731,0.0
5.478901179593945,1.0,0.00631,1.0,0.0,52.80793597551911,0.9670012081215731,0.0
5.738441648302393,1.0,1e-06,1.0,0.0,52.96245190575568,0.9698306520006533,0.0
5.738441648302393,1.0,1.26e-06,1.0,0.0,52.96245190575568,0.9698306520006533,0.0
5.738441648302393,1.0,1.58e-06,1.0,0.0,52.96245190575568,0.9698306520006533,0.0
5.738441648302393,1.0,2e-06,1.0,0.0,52.96245190575568,0.9698306520006533,0.0
5.738441648302393,1.0,2.51e-06,1.0,0.0,52.96245190575568,0.9698306520006533,0.0
5.738441648302393,1.0,3.16e-06,1.0,0.0,52.96245190575568,0.9698306520006533,0.0
5.738441648302393,1.0,3.98e-06,1.0,0.0,52.96245190575568,0.9698306520006533,0.0
5.738441648302393,1.0,5.01e-06,1.0,0.0,52.96245190575568,0.9698306520006533,0.0
5.738441648302393,1.0,6.31e-06,1.0,0.0,52.96245190575568,0.9698306520006533,0.0
5.738441648302393,1.0,7.94e-06,1.0,0.0,52.96245190575568,0.9698306520006533,0.0
5.738441648302393,1.0,1e-05,1.0,0.0,52.96245190575568,0.9698306520006533,0.0
5.738441648302393,1.0,1.26e-05,1.0,0.0,52.96245190575568,0.9698306520006533,0.0
5.738441648302393,1.0,1.58e-05,1.0,0.0,52.96245190575568,0.9698306520006533,0.0
5.738441648302393,1.0,2e-05,1.0,3.3333333333333335e-05,52.96245190575568,0.9698306520006533,2118.498076230227
5.738441648302393,1.0,2.51e-05,1.0,0.0,52.96245190575568,0.9698306520006533,0.0
5.738441648302393,1.0,3.16e-05,1.0,3.3333333333333335e-05,52.96245190575568,0.9698306520006533,2118.498076230227
5.738441648302393,1.0,3.98e-05,1.0,0.0,52.96245190575568,0.9698306520006533,0.0
5.738441648302393,1.0,5.01e-05,1.0,0.0001,52.96245190575568,0.9698306520006533,6355.494228690682
5.738441648302393,1.0,6.31e-05,1.0,0.00016666666666666666,52.96245190575568,0.9698306520006533,10592.490381151136
5.738441648302393,1.0,7.94e-05,1.0,6.666666666666667e-05,52.96245190575568,0.9698306520006533,4236.996152460454
5.738441648302393,1.0,0.0001,1.0,0.0002666666666666667,52.96245190575568,0.9698306520006533,16947.984609841817
5.738441648302393,1.0,0.000126,1.0,0.00036666666666666667,52.96245190575568,0.9698306520006533,23303.4788385325
5.738441648302393,1.0,0.000158,1.0,0.0007,52.96245190575568,0.9698306520006533,44488.45960083477
5.738441648302393,1.0,0.0002,1.0,0.001,52.96245190575568,0.9698306520006533,63554.942286906815
5.738441648302393,1.0,0.000251,1.0,0.0014666666666666667,52.96245190575568,0.9698306520006533,93213.91535413
5.738441648302393,1.0,0.000316,1.0,0.0017333333333333333,52.96245190575568,0.9698306520006533,110161.89996397181
5.738441648302393,1.0,0.000398,1.0,0.003266666666666667,52.96245190575568,0.9698306520006533,207612.81147056227
5.738441648302393,1.0,0.000501,1.0,0.005033333333333333,52.96245190575568,0.9698306520006533,319893.20951076434
5.738441648302393,1.0,0.000631,1.0,0.006166666666666667,52.96245190575568,0.9698306520006533,391922.144102592
5.738441648302393,1.0,0.000794,1.0,0.008366666666666666,52.96245190575568,0.9698306520006533,531743.017133787
5.738441648302393,1.0,0.001,1.0,0.007266666666666667,52.96245190575568,0.9698306520006533,461832.5806181896
5.738441648302393,1.0,0.00126,1.0,0.0081,52.96245190575568,0.9698306520006533,514795.0325239452
5.738441648302393,1.0,0.00158,1.0,0.004066666666666666,52.96245190575568,0.9698306520006533,258456.7653000877
5.738441648302393,1.0,0.002,1.0,0.0021,52.96245190575568,0.9698306520006533,133465.3788025043
5.738441648302393,1.0,0.00251,1.0,0.0006666666666666666,52.96245190575568,0.9698306520006533,42369.96152460454
5.738441648302393,1.0,0.00316,1.0,6.666666666666667e-05,52.96245190575568,0.9698306520006533,4236.996152460454
5.738441648302393,1.0,0.00398,1.0,6.666666666666667e-05,52.96245190575568,0.9698306520006533,4236.996152460454
5.738441648302393,1.0,0.00501,1.0,0.0,52.96245190575568,0.9698306520006533,0.0
5.738441648302393,1.0,0.00631,1.0,0.0,52.96245190575568,0.9698306520006533,0.0
6.010276782070382,1.0,1e-06,1.0,0.0,53.104096853901865,0.9724244067735189,0.0
6.010276782070382,1.0,1.26e-06,1.0,0.0,53.104096853901865,0.9724244067735189,0.0
6.010276782070382,1.0,1.58e-06,1.0,0.0,53.104096853901865,0.9724244067735189,0.0
6.010276782070382,1.0,2e-06,1.0,0.0,53.104096853901865,0.9724244067735189,0.0
6.010276782070382,1.0,2.51e-06,1.0,0.0,53.104096853901865,0.9724244067735189,0.0
6.010276782070382,1.0,3.16e-06,1.0,0.0,53.104096853901865,0.9724244067735189,0.0
6.010276782070382,1.0,3.98e-06,1.0,0.0,53.104096853901865,0.9724244067735189,0.0
6.010276782070382,1.0,5.01e-06,1.0,0.0,53.104096853901865,0.9724244067735189,0.0
6.010276782070382,1.0,6.31e-06,1.0,0.0,53.104096853901865,0.9724244067735189,0.0
6.010276782070382,1.0,7.94e-06,1.0,0.0,53.104096853901865,0.9724244067735189,0.0
6.010276782070382,1.0,1e-05,1.0,0.0,53.104096853901865,0.9724244067735189,0.0
6.010276782070382,1.0,1.26e-05,1.0,0.0,53.104096853901865,0.9724244067735189,0.0
6.010276782070382,1.0,1.58e-05,1.0,0.0,53.104096853901865,0.9724244067735189,0.0
6.010276782070382,1.0,2e-05,1.0,3.3333333333333335e-05,53.104096853901865,0.9724244067735189,2124.1638741560746
6.010276782070382,1.0,2.51e-05,1.0,0.0,53.104096853901865,0.9724244067735189,0.0
6.010276782070382,1.0,3.16e-05,1.0,3.3333333333333335e-05,53.104096853901865,0.9724244067735189,2124.1638741560746
6.010276782070382,1.0,3.98e-05,1.0,0.0,53.104096853901865,0.9724244067735189,0.0
6.010276782070382,1.0,5.01e-05,1.0,0.0001,53.104096853901865,0.9724244067735189,6372.491622468224
6.010276782070382,1.0,6.31e-05,1.0,0.00016666666666666666,53.104096853901865,0.9724244067735189,10620.819370780373
6.010276782070382,1.0,7.94e-05,1.0,6.666666666666667e-05,53.104096853901865,0.9724244067735189,4248.327748312149
6.010276782070382,1.0,0.0001,1.0,0.0002666666666666667,53.104096853901865,0.9724244067735189,16993.310993248597
6.010276782070382,1.0,0.000126,1.0,0.00036666666666666667,53.104096853901865,0.9724244067735189,23365.80261571682
6.010276782070382,1.0,0.000158,1.0,0.0007,53.104096853901865,0.9724244067735189,44607.44135727757
6.010276782070382,1.0,0.0002,1.0,0.001,53.104096853901865,0.9724244067735189,63724.91622468224
6.010276782070382,1.0,0.000251,1.0,0.0014666666666666667,53.104096853901865,0.9724244067735189,93463.21046286728
6.010276782070382,1.0,0.000316,1.0,0.0017333333333333333,53.104096853901865,0.9724244067735189,110456.52145611588
6.010276782070382,1.0,0.000398,1.0,0.003266666666666667,53.104096853901865,0.9724244067735189,208168.0596672953
6.010276782070382,1.0,0.000501,1.0,0.005033333333333333,53.104096853901865,0.9724244067735189,320748.74499756726
6.010276782070382,1.0,0.000631,1.0,0.006166666666666667,53.104096853901865,0.9724244067735189,392970.3167188738
6.010276782070382,1.0,0.000794,1.0,0.008366666666666666,53.104096853901865,0.9724244067735189,533165.1324131747
6.010276782070382,1.0,0.001,1.0,0.007266666666666667,53.104096853901865,0.9724244067735189,463067.72456602426
6.010276782070382,1.0,0.00126,1.0,0.0081,53.104096853901865,0.9724244067735189,516171.8214199261
6.010276782070382,1.0,0.00158,1.0,0.004066666666666666,53.104096853901865,0.9724244067735189,259147.99264704107
6.010276782070382,1.0,0.002,1.0,0.0021,53.104096853901865,0.9724244067735189,133822.32407183267
6.010276782070382,1.0,0.00251,1.0,0.0006666666666666666,53.104096853901865,0.9724244067735189,42483.27748312149
6.010276782070382,1.0,0.00316,1.0,6.666666666666667e-05,53.104096853901865,0.9724244067735189,4248.327748312149
6.010276782070382,1.0,0.00398,1.0,6.666666666666667e-05,53.104096853901865,0.9724244067735189,4248.327748312149
6.010276782070382,1.0,0.00501,1.0,0.0,53.104096853901865,0.9724244067735189,0.0
6.010276782070382,1.0,0.00631,1.0,0.0,53.104096853901865,0.9724244067735189,0.0
6.294988990221888,1.0,1e-06,1.0,0.0,53.233880546892344,0.9748009622210647,0.0
6.294988990221888,1.0,1.26e-06,1.0,0.0,53.233880546892344,0.9748009622210647,0.0
6.294988990221888,1.0,1.58e-06,1.0,0.0,53.233880546892344,0.9748009622210647,0.0
6.294988990221888,1.0,2e-06,1.0,0.0,53.233880546892344,0.9748009622210647,0.0
6.294988990221888,1.0,2.51e-06,1.0,0.0,53.233880546892344,0.9748009622210647,0.0
6.294988990221888,1.0,3.16e-06,1.0,0.0,53.233880546892344,0.9748009622210647,0.0
6.294988990221888,1.0,3.98e-06,1.0,0.0,53.233880546892344,0.9748009622210647,0.0
6.294988990221888,1.0,5.01e-06,1.0,0.0,53.233880546892344,0.9748009622210647,0.0
6.294988990221888,1.0,6.31e-06,1.0,0.0,53.233880546892344,0.9748009622210647,0.0
6.294988990221888,1.0,7.94e-06,1.0,0.0,53.233880546892344,0.9748009622210647,0.0
6.294988990221888,1.0,1e-05,1.0,0.0,53.233880546892344,0.9748009622210647,0.0
6.294988990221888,1.0,1.26e-05,1.0,0.0,53.233880546892344,0.9748009622210647,0.0
6.294988990221888,1.0,1.58e-05,1.0,0.0,53.233880546892344,0.9748009622210647,0.0
6.294988990221888,1.0,2e-05,1.0,3.3333333333333335e-05,53.233880546892344,0.9748009622210647,2129.355221875694
6.294988990221888,1.0,2.51e-05,1.0,0.0,53.233880546892344,0.9748009622210647,0.0
6.294988990221888,1.0,3.16e-05,1.0,3.3333333333333335e-05,53.233880546892344,0.9748009622210647,2129.355221875694
6.294988990221888,1.0,3.98e-05,1.0,0.0,53.233880546892344,0.9748009622210647,0.0
6.294988990221888,1.0,5.01e-05,1.0,0.0001,53.233880546892344,0.9748009622210647,6388.065665627082
6.294988990221888,1.0,6.31e-05,1.0,0.00016666666666666666,53.233880546892344,0.9748009622210647,10646.77610937847
6.294988990221888,1.0,7.94e-05,1.0,6.666666666666667e-05,53.233880546892344,0.9748009622210647,4258.710443751388
6.294988990221888,1.0,0.0001,1.0,0.0002666666666666667,53.233880546892344,0.9748009622210647,17034.841775005552
6.294988990221888,1.0,0.000126,1.0,0.00036666666666666667,53.233880546892344,0.9748009622210647,23422.907440632633
6.294988990221888,1.0,0.000158,1.0,0.0007,53.233880546892344,0.9748009622210647,44716.45965938957
6.294988990221888,1.0,0.0002,1.0,0.001,53.233880546892344,0.9748009622210647,63880.65665627082
6.294988990221888,1.0,0.000251,1.0,0.0014666666666666667,53.233880546892344,0.9748009622210647,93691.62976253053
6.294988990221888,1.0,0.000316,1.0,0.0017333333333333333,53.233880546892344,0.9748009622210647,110726.47153753608
6.294988990221888,1.0,0.000398,1.0,0.003266666666666667,53.233880546892344,0.9748009622210647,208676.81174381802
6.294988990221888,1.0,0.000501,1.0,0.005033333333333333,53.233880546892344,0.9748009622210647,321532.63850322977
6.294988990221888,1.0,0.000631,1.0,0.006166666666666667,53.233880546892344,0.9748009622210647,393930.7160470034
6.294988990221888,1.0,0.000794,1.0,0.008366666666666666,53.233880546892344,0.9748009622210647,534468.1606907992
6.294988990221888,1.0,0.001,1.0,0.007266666666666667,53.233880546892344,0.9748009622210647,464199.43836890126
6.294988990221888,1.0,0.00126,1.0,0.0081,53.233880546892344,0.9748009622210647,517433.3189157936
6.294988990221888,1.0,0.00158,1.0,0.004066666666666666,53.233880546892344,0.9748009622210647,259781.33706883463
6.294988990221888,1.0,0.002,1.0,0.0021,53.233880546892344,0.9748009622210647,134149.3789781687
6.294988990221888,1.0,0.00251,1.0,0.0006666666666666666,53.233880546892344,0.9748009622210647,42587.10443751388
6.294988990221888,1.0,0.00316,1.0,6.666666666666667e-05,53.233880546892344,0.9748009622210647,4258.710443751388
6.294988990221888,1.0,0.00398,1.0,6.666666666666667e-05,53.233880546892344,0.9748009622210647,4258.710443751388
6.294988990221888,1.0,0.00501,1.0,0.0,53.233880546892344,0.9748009622210647,0.0
6.294988990221888,1.0,0.00631,1.0,0.0,53.233880546892344,0.9748009622210647,0.0
6.593188271333548,1.0,1e-06,1.0,0.0,53.352743866550156,0.9769775474555971,0.0
6.593188271333548,1.0,1.26e-06,1.0,0.0,53.352743866550156,0.9769775474555971,0.0
6.593188271333548,1.0,1.58e-06,1.0,0.0,53.352743866550156,0.9769775474555971,0.0
6.593188271333548,1.0,2e-06,1.0,0.0,53.352743866550156,0.9769775474555971,0.0
6.593188271333548,1.0,2.51e-06,1.0,0.0,53.352743866550156,0.9769775474555971,0.0
6.593188271333548,1.0,3.16e-06,1.0,0.0,53.352743866550156,0.9769775474555971,0.0
6.593188271333548,1.0,3.98e-06,1.0,0.0,53.352743866550156,0.9769775474555971,0.0
6.593188271333548,1.0,5.01e-06,1.0,0.0,53.352743866550156,0.9769775474555971,0.0
6.593188271333548,1.0,6.31e-06,1.0,0.0,53.352743866550156,0.9769775474555971,0.0
6.593188271333548,1.0,7.94e-06,1.0,0.0,53.352743866550156,0.9769775474555971,0.0
6.593188271333548,1.0,1e-05,1.0,0.0,53.352743866550156,0.9769775474555971,0.0
6.593188271333548,1.0,1.26e-05,1.0,0.0,53.352743866550156,0.9769775474555971,0.0
6.593188271333548,1.0,1.58e-05,1.0,0.0,53.352743866550156,0.9769775474555971,0.0
6.593188271333548,1.0,2e-05,1.0,3.3333333333333335e-05,53.352743866550156,0.9769775474555971,2134.1097546620067
6.593188271333548,1.0,2.51e-05,1.0,0.0,53.352743866550156,0.9769775474555971,0.0
6.593188271333548,1.0,3.16e-05,1.0,3.3333333333333335e-05,53.352743866550156,0.9769775474555971,2134.1097546620067
6.593188271333548,1.0,3.98e-05,1.0,0.0,53.352743866550156,0.9769775474555971,0.0
6.593188271333548,1.0,5.01e-05,1.0,0.0001,53.352743866550156,0.9769775474555971,6402.329263986019
6.593188271333548,1.0,6.31e-05,1.0,0.00016666666666666666,53.352743866550156,0.9769775474555971,10670.54877331003
6.593188271333548,1.0,7.94e-05,1.0,6.666666666666667e-05,53.352743866550156,0.9769775474555971,4268.219509324013
6.593188271333548,1.0,0.0001,1.0,0.0002666666666666667,53.352743866550156,0.9769775474555971,17072.878037296054
6.593188271333548,1.0,0.000126,1.0,0.00036666666666666667,53.352743866550156,0.9769775474555971,23475.207301282073
6.593188271333548,1.0,0.000158,1.0,0.0007,53.352743866550156,0.9769775474555971,44816.30484790213
6.593188271333548,1.0,0.0002,1.0,0.001,53.352743866550156,0.9769775474555971,64023.292639860185
6.593188271333548,1.0,0.000251,1.0,0.0014666666666666667,53.352743866550156,0.9769775474555971,93900.82920512829
6.593188271333548,1.0,0.000316,1.0,0.0017333333333333333,53.352743866550156,0.9769775474555971,110973.70724242432
6.593188271333548,1.0,0.000398,1.0,0.003266666666666667,53.352743866550156,0.9769775474555971,209142.75595687664
6.593188271333548,1.0,0.000501,1.0,0.005033333333333333,53.352743866550156,0.9769775474555971,322250.57295396295
6.593188271333548,1.0,0.000631,1.0,0.006166666666666667,53.352743866550156,0.9769775474555971,394810.3046124712
6.593188271333548,1.0,0.000794,1.0,0.008366666666666666,53.352743866550156,0.9769775474555971,535661.5484201636
6.593188271333548,1.0,0.001,1.0,0.007266666666666667,53.352743866550156,0.9769775474555971,465235.9265163174
6.593188271333548,1.0,0.00126,1.0,0.0081,53.352743866550156,0.9769775474555971,518588.6703828675
6.593188271333548,1.0,0.00158,1.0,0.004066666666666666,53.352743866550156,0.9769775474555971,260361.39006876477
6.593188271333548,1.0,0.002,1.0,0.0021,53.352743866550156,0.9769775474555971,134448.9145437064
6.593188271333548,1.0,0.00251,1.0,0.0006666666666666666,53.352743866550156,0.9769775474555971,42682.19509324012
6.593188271333548,1.0,0.00316,1.0,6.666666666666667e-05,53.352743866550156,0.9769775474555971,4268.219509324013
6.593188271333548,1.0,0.00398,1.0,6.666666666666667e-05,53.352743866550156,0.9769775474555971,4268.219509324013
6.593188271333548,1.0,0.00501,1.0,0.0,53.352743866550156,0.9769775474555971,0.0
6.593188271333548,1.0,0.00631,1.0,0.0,53.352743866550156,0.9769775474555971,0.0
6.905513520162331,1.0,1e-06,1.0,0.0,53.461561772966455,0.9789701844527826,0.0
6.905513520162331,1.0,1.26e-06,1.0,0.0,53.461561772966455,0.9789701844527826,0.0
6.905513520162331,1.0,1.58e-06,1.0,0.0,53.461561772966455,0.9789701844527826,0.0
6.905513520162331,1.0,2e-06,1.0,0.0,53.461561772966455,0.9789701844527826,0.0
6.905513520162331,1.0,2.51e-06,1.0,0.0,53.461561772966455,0.9789701844527826,0.0
6.905513520162331,1.0,3.16e-06,1.0,0.0,53.461561772966455,0.9789701844527826,0.0
6.905513520162331,1.0,3.98e-06,1.0,0.0,53.461561772966455,0.9789701844527826,0.0
6.905513520162331,1.0,5.01e-06,1.0,0.0,53.461561772966455,0.9789701844527826,0.0
6.905513520162331,1.0,6.31e-06,1.0,0.0,53.461561772966455,0.9789701844527826,0.0
6.905513520162331,1.0,7.94e-06,1.0,0.0,53.461561772966455,0.9789701844527826,0.0
6.905513520162331,1.0,1e-05,1.0,0.0,53.461561772966455,0.9789701844527826,0.0
6.905513520162331,1.0,1.26e-05,1.0,0.0,53.461561772966455,0.9789701844527826,0.0
6.905513520162331,1.0,1.58e-05,1.0,0.0,53.461561772966455,0.9789701844527826,0.0
6.905513520162331,1.0,2e-05,1.0,3.3333333333333335e-05,53.461561772966455,0.9789701844527826,2138.4624709186587
6.905513520162331,1.0,2.51e-05,1.0,0.0,53.461561772966455,0.9789701844527826,0.0
6.905513520162331,1.0,3.16e-05,1.0,3.3333333333333335e-05,53.461561772966455,0.9789701844527826,2138.4624709186587
6.905513520162331,1.0,3.98e-05,1.0,0.0,53.461561772966455,0.9789701844527826,0.0
6.905513520162331,1.0,5.01e-05,1.0,0.0001,53.461561772966455,0.9789701844527826,6415.387412755976
6.905513520162331,1.0,6.31e-05,1.0,0.00016666666666666666,53.461561772966455,0.9789701844527826,10692.31235459329
6.905513520162331,1.0,7.94e-05,1.0,6.666666666666667e-05,53.461561772966455,0.9789701844527826,4276.924941837317
6.905513520162331,1.0,0.0001,1.0,0.0002666666666666667,53.461561772966455,0.9789701844527826,17107.69976734927
6.905513520162331,1.0,0.000126,1.0,0.00036666666666666667,53.461561772966455,0.9789701844527826,23523.08718010524
6.905513520162331,1.0,0.000158,1.0,0.0007,53.461561772966455,0.9789701844527826,44907.71188929182
6.905513520162331,1.0,0.0002,1.0,0.001,53.461561772966455,0.9789701844527826,64153.87412755975
6.905513520162331,1.0,0.000251,1.0,0.0014666666666666667,53.461561772966455,0.9789701844527826,94092.34872042097
6.905513520162331,1.0,0.000316,1.0,0.0017333333333333333,53.461561772966455,0.9789701844527826,111200.04848777024
6.905513520162331,1.0,0.000398,1.0,0.003266666666666667,53.461561772966455,0.9789701844527826,209569.32215002854
6.905513520162331,1.0,0.000501,1.0,0.005033333333333333,53.461561772966455,0.9789701844527826,322907.8331087174
6.905513520162331,1.0,0.000631,1.0,0.006166666666666667,53.461561772966455,0.9789701844527826,395615.5571199518
6.905513520162331,1.0,0.000794,1.0,0.008366666666666666,53.461561772966455,0.9789701844527826,536754.0802005832
6.905513520162331,1.0,0.001,1.0,0.007266666666666667,53.461561772966455,0.9789701844527826,466184.81866026757
6.905513520162331,1.0,0.00126,1.0,0.0081,53.461561772966455,0.9789701844527826,519646.3804332339
6.905513520162331,1.0,0.00158,1.0,0.004066666666666666,53.461561772966455,0.9789701844527826,260892.4214520763
6.905513520162331,1.0,0.002,1.0,0.0021,53.461561772966455,0.9789701844527826,134723.13566787547
6.905513520162331,1.0,0.00251,1.0,0.0006666666666666666,53.461561772966455,0.9789701844527826,42769.24941837316
6.905513520162331,1.0,0.00316,1.0,6.666666666666667e-05,53.461561772966455,0.9789701844527826,4276.924941837317
6.905513520162331,1.0,0.00398,1.0,6.666666666666667e-05,53.461561772966455,0.9789701844527826,4276.924941837317
6.905513520162331,1.0,0.00501,1.0,0.0,53.461561772966455,0.9789701844527826,0.0
6.905513520162331,1.0,0.00631,1.0,0.0,53.461561772966455,0.9789701844527826,0.0
7.2326338964835335,1.0,1e-06,1.0,0.0,53.56114643772997,0.9807937454262949,0.0
7.2326338964835335,1.0,1.26e-06,1.0,0.0,53.56114643772997,0.9807937454262949,0.0
7.2326338964835335,1.0,1.58e-06,1.0,0.0,53.56114643772997,0.9807937454262949,0.0
7.2326338964835335,1.0,2e-06,1.0,0.0,53.56114643772997,0.9807937454262949,0.0
7.2326338964835335,1.0,2.51e-06,1.0,0.0,53.56114643772997,0.9807937454262949,0.0
7.2326338964835335,1.0,3.16e-06,1.0,0.0,53.56114643772997,0.9807937454262949,0.0
7.2326338964835335,1.0,3.98e-06,1.0,0.0,53.56114643772997,0.9807937454262949,0.0
7.2326338964835335,1.0,5.01e-06,1.0,0.0,53.56114643772997,0.9807937454262949,0.0
7.2326338964835335,1.0,6.31e-06,1.0,0.0,53.56114643772997,0.9807937454262949,0.0
7.2326338964835335,1.0,7.94e-06,1.0,0.0,53.56114643772997,0.9807937454262949,0.0
7.2326338964835335,1.0,1e-05,1.0,0.0,53.56114643772997,0.9807937454262949,0.0
7.2326338964835335,1.0,1.26e-05,1.0,0.0,53.56114643772997,0.9807937454262949,0.0
7.2326338964835335,1.0,1.58e-05,1.0,0.0,53.56114643772997,0.9807937454262949,0.0
7.2326338964835335,1.0,2e-05,1.0,3.3333333333333335e-05,53.56114643772997,0.9807937454262949,2142.445857509199
7.2326338964835335,1.0,2.51e-05,1.0,0.0,53.56114643772997,0.9807937454262949,0.0
7.2326338964835335,1.0,3.16e-05,1.0,3.3333333333333335e-05,53.56114643772997,0.9807937454262949,2142.445857509199
7.2326338964835335,1.0,3.98e-05,1.0,0.0,53.56114643772997,0.9807937454262949,0.0
7.2326338964835335,1.0,5.01e-05,1.0,0.0001,53.56114643772997,0.9807937454262949,6427.337572527596
7.2326338964835335,1.0,6.31e-05,1.0,0.00016666666666666666,53.56114643772997,0.9807937454262949,10712.229287545993
7.2326338964835335,1.0,7.94e-05,1.0,6.666666666666667e-05,53.56114643772997,0.9807937454262949,4284.891715018398
7.2326338964835335,1.0,0.0001,1.0,0.0002666666666666667,53.56114643772997,0.9807937454262949,17139.56686007359
7.2326338964835335,1.0,0.000126,1.0,0.00036666666666666667,53.56114643772997,0.9807937454262949,23566.904432601186
7.2326338964835335,1.0,0.000158,1.0,0.0007,53.56114643772997,0.9807937454262949,44991.36300769317
7.2326338964835335,1.0,0.0002,1.0,0.001,53.56114643772997,0.9807937454262949,64273.37572527595
7.2326338964835335,1.0,0.000251,1.0,0.0014666666666666667,53.56114643772997,0.9807937454262949,94267.61773040475
7.2326338964835335,1.0,0.000316,1.0,0.0017333333333333333,53.56114643772997,0.9807937454262949,111407.18459047831
7.2326338964835335,1.0,0.000398,1.0,0.003266666666666667,53.56114643772997,0.9807937454262949,209959.69403590146
7.2326338964835335,1.0,0.000501,1.0,0.005033333333333333,53.56114643772997,0.9807937454262949,323509.324483889
7.2326338964835335,1.0,0.000631,1.0,0.006166666666666667,53.56114643772997,0.9807937454262949,396352.4836392018
7.2326338964835335,1.0,0.000794,1.0,0.008366666666666666,53.56114643772997,0.9807937454262949,537753.9102348088
7.2326338964835335,1.0,0.001,1.0,0.007266666666666667,53.56114643772997,0.9807937454262949,467053.1969370053
7.2326338964835335,1.0,0.00126,1.0,0.0081,53.56114643772997,0.9807937454262949,520614.3433747352
7.2326338964835335,1.0,0.00158,1.0,0.004066666666666666,53.56114643772997,0.9807937454262949,261378.39461612224
7.2326338964835335,1.0,0.002,1.0,0.0021,53.56114643772997,0.9807937454262949,134974.08902307952
7.2326338964835335,1.0,0.00251,1.0,0.0006666666666666666,53.56114643772997,0.9807937454262949,42848.917150183974
7.2326338964835335,1.0,0.00316,1.0,6.666666666666667e-05,53.56114643772997,0.9807937454262949,4284.891715018398
7.2326338964835335,1.0,0.00398,1.0,6.666666666666667e-05,53.56114643772997,0.9807937454262949,4284.891715018398
7.2326338964835335,1.0,0.00501,1.0,0.0,53.56114643772997,0.9807937454262949,0.0
7.2326338964835335,1.0,0.00631,1.0,0.0,53.56114643772997,0.9807937454262949,0.0
7.575250258771913,1.0,1e-06,1.0,0.0,53.65225050427698,0.9824620125302505,0.0
7.575250258771913,1.0,1.26e-06,1.0,0.0,53.65225050427698,0.9824620125302505,0.0
7.575250258771913,1.0,1.58e-06,1.0,0.0,53.65225050427698,0.9824620125302505,0.0
7.575250258771913,1.0,2e-06,1.0,0.0,53.65225050427698,0.9824620125302505,0.0
7.575250258771913,1.0,2.51e-06,1.0,0.0,53.65225050427698,0.9824620125302505,0.0
7.575250258771913,1.0,3.16e-06,1.0,0.0,53.65225050427698,0.9824620125302505,0.0
7.575250258771913,1.0,3.98e-06,1.0,0.0,53.65225050427698,0.9824620125302505,0.0
7.575250258771913,1.0,5.01e-06,1.0,0.0,53.65225050427698,0.9824620125302505,0.0
7.575250258771913,1.0,6.31e-06,1.0,0.0,53.65225050427698,0.9824620125302505,0.0
7.575250258771913,1.0,7.94e-06,1.0,0.0,53.65225050427698,0.9824620125302505,0.0
7.575250258771913,1.0,1e-05,1.0,0.0,53.65225050427698,0.9824620125302505,0.0
7.575250258771913,1.0,1.26e-05,1.0,0.0,53.65225050427698,0.9824620125302505,0.0
7.575250258771913,1.0,1.58e-05,1.0,0.0,53.65225050427698,0.9824620125302505,0.0
7.575250258771913,1.0,2e-05,1.0,3.3333333333333335e-05,53.65225050427698,0.9824620125302505,2146.0900201710792
7.575250258771913,1.0,2.51e-05,1.0,0.0,53.65225050427698,0.9824620125302505,0.0
7.575250258771913,1.0,3.16e-05,1.0,3.3333333333333335e-05,53.65225050427698,0.9824620125302505,2146.0900201710792
7.575250258771913,1.0,3.98e-05,1.0,0.0,53.65225050427698,0.9824620125302505,0.0
7.575250258771913,1.0,5.01e-05,1.0,0.0001,53.65225050427698,0.9824620125302505,6438.270060513238
7.575250258771913,1.0,6.31e-05,1.0,0.00016666666666666666,53.65225050427698,0.9824620125302505,10730.450100855396
7.575250258771913,1.0,7.94e-05,1.0,6.666666666666667e-05,53.65225050427698,0.9824620125302505,4292.1800403421585
7.575250258771913,1.0,0.0001,1.0,0.0002666666666666667,53.65225050427698,0.9824620125302505,17168.720161368634
7.575250258771913,1.0,0.000126,1.0,0.00036666666666666667,53.65225050427698,0.9824620125302505,23606.990221881875
7.575250258771913,1.0,0.000158,1.0,0.0007,53.65225050427698,0.9824620125302505,45067.89042359267
7.575250258771913,1.0,0.0002,1.0,0.001,53.65225050427698,0.9824620125302505,64382.700605132384
7.575250258771913,1.0,0.000251,1.0,0.0014666666666666667,53.65225050427698,0.9824620125302505,94427.9608875275
7.575250258771913,1.0,0.000316,1.0,0.0017333333333333333,53.65225050427698,0.9824620125302505,111596.68104889612
7.575250258771913,1.0,0.000398,1.0,0.003266666666666667,53.65225050427698,0.9824620125302505,210316.82197676576
7.575250258771913,1.0,0.000501,1.0,0.005033333333333333,53.65225050427698,0.9824620125302505,324059.593045833
7.575250258771913,1.0,0.000631,1.0,0.006166666666666667,53.65225050427698,0.9824620125302505,397026.6537316497
7.575250258771913,1.0,0.000794,1.0,0.008366666666666666,53.65225050427698,0.9824620125302505,538668.5950629408
7.575250258771913,1.0,0.001,1.0,0.007266666666666667,53.65225050427698,0.9824620125302505,467847.6243972953
7.575250258771913,1.0,0.00126,1.0,0.0081,53.65225050427698,0.9824620125302505,521499.87490157224
7.575250258771913,1.0,0.00158,1.0,0.004066666666666666,53.65225050427698,0.9824620125302505,261822.9824608717
7.575250258771913,1.0,0.002,1.0,0.0021,53.65225050427698,0.9824620125302505,135203.671270778
7.575250258771913,1.0,0.00251,1.0,0.0006666666666666666,53.65225050427698,0.9824620125302505,42921.800403421585
7.575250258771913,1.0,0.00316,1.0,6.666666666666667e-05,53.65225050427698,0.9824620125302505,4292.1800403421585
7.575250258771913,1.0,0.00398,1.0,6.666666666666667e-05,53.65225050427698,0.9824620125302505,4292.1800403421585
7.575250258771913,1.0,0.00501,1.0,0.0,53.65225050427698,0.9824620125302505,0.0
7.575250258771913,1.0,0.00631,1.0,0.0,53.65225050427698,0.9824620125302505,0.0
7.934096665797492,1.0,1e-06,1.0,0.0,53.735570407489156,0.9839877386465694,0.0
7.934096665797492,1.0,1.26e-06,1.0,0.0,53.735570407489156,0.9839877386465694,0.0
7.934096665797492,1.0,1.58e-06,1.0,0.0,53.735570407489156,0.9839877386465694,0.0
7.934096665797492,1.0,2e-06,1.0,0.0,53.735570407489156,0.9839877386465694,0.0
7.934096665797492,1.0,2.51e-06,1.0,0.0,53.735570407489156,0.9839877386465694,0.0
7.934096665797492,1.0,3.16e-06,1.0,0.0,53.735570407489156,0.9839877386465694,0.0
7.934096665797492,1.0,3.98e-06,1.0,0.0,53.735570407489156,0.9839877386465694,0.0
7.934096665797492,1.0,5.01e-06,1.0,0.0,53.735570407489156,0.9839877386465694,0.0
7.934096665797492,1.0,6.31e-06,1.0,0.0,53.735570407489156,0.9839877386465694,0.0
7.934096665797492,1.0,7.94e-06,1.0,0.0,53.735570407489156,0.9839877386465694,0.0
7.934096665797492,1.0,1e-05,1.0,0.0,53.735570407489156,0.9839877386465694,0.0
7.934096665797492,1.0,1.26e-05,1.0,0.0,53.735570407489156,0.9839877386465694,0.0
7.934096665797492,1.0,1.58e-05,1.0,0.0,53.735570407489156,0.9839877386465694,0.0
7.934096665797492,1.0,2e-05,1.0,3.3333333333333335e-05,53.735570407489156,0.9839877386465694,2149.422816299567
7.934096665797492,1.0,2.51e-05,1.0,0.0,53.735570407489156,0.9839877386465694,0.0
7.934096665797492,1.0,3.16e-05,1.0,3.3333333333333335e-05,53.735570407489156,0.9839877386465694,2149.422816299567
7.934096665797492,1.0,3.98e-05,1.0,0.0,53.735570407489156,0.9839877386465694,0.0
7.934096665797492,1.0,5.01e-05,1.0,0.0001,53.735570407489156,0.9839877386465694,6448.2684488987
7.934096665797492,1.0,6.31e-05,1.0,0.00016666666666666666,53.735570407489156,0.9839877386465694,10747.114081497833
7.934096665797492,1.0,7.94e-05,1.0,6.666666666666667e-05,53.735570407489156,0.9839877386465694,4298.845632599134
7.934096665797492,1.0,0.0001,1.0,0.0002666666666666667,53.735570407489156,0.9839877386465694,17195.382530396535
7.934096665797492,1.0,0.000126,1.0,0.00036666666666666667,53.735570407489156,0.9839877386465694,23643.65097929523
7.934096665797492,1.0,0.000158,1.0,0.0007,53.735570407489156,0.9839877386465694,45137.8791422909
7.934096665797492,1.0,0.0002,1.0,0.001,53.735570407489156,0.9839877386465694,64482.684488987
7.934096665797492,1.0,0.000251,1.0,0.0014666666666666667,53.735570407489156,0.9839877386465694,94574.60391718092
7.934096665797492,1.0,0.000316,1.0,0.0017333333333333333,53.735570407489156,0.9839877386465694,111769.98644757747
7.934096665797492,1.0,0.000398,1.0,0.003266666666666667,53.735570407489156,0.9839877386465694,210643.4359973575
7.934096665797492,1.0,0.000501,1.0,0.005033333333333333,53.735570407489156,0.9839877386465694,324562.84526123456
7.934096665797492,1.0,0.000631,1.0,0.006166666666666667,53.735570407489156,0.9839877386465694,397643.2210154198
7.934096665797492,1.0,0.000794,1.0,0.008366666666666666,53.735570407489156,0.9839877386465694,539505.1268911911
7.934096665797492,1.0,0.001,1.0,0.007266666666666667,53.735570407489156,0.9839877386465694,468574.17395330546
7.934096665797492,1.0,0.00126,1.0,0.0081,53.735570407489156,0.9839877386465694,522309.7443607946
7.934096665797492,1.0,0.00158,1.0,0.004066666666666666,53.735570407489156,0.9839877386465694,262229.5835885471
7.934096665797492,1.0,0.002,1.0,0.0021,53.735570407489156,0.9839877386465694,135413.63742687268
7.934096665797492,1.0,0.00251,1.0,0.0006666666666666666,53.735570407489156,0.9839877386465694,42988.456325991334
7.934096665797492,1.0,0.00316,1.0,6.666666666666667e-05,53.735570407489156,0.9839877386465694,4298.845632599134
7.934096665797492,1.0,0.00398,1.0,6.666666666666667e-05,53.735570407489156,0.9839877386465694,4298.845632599134
7.934096665797492,1.0,0.00501,1.0,0.0,53.735570407489156,0.9839877386465694,0.0
7.934096665797492,1.0,0.00631,1.0,0.0,53.735570407489156,0.9839877386465694,0.0
8.309941949353396,1.0,1e-06,1.0,0.0,53.811749697640444,0.9853827082519766,0.0
8.309941949353396,1.0,1.26e-06,1.0,0.0,53.811749697640444,0.9853827082519766,0.0
8.309941949353396,1.0,1.58e-06,1.0,0.0,53.811749697640444,0.9853827082519766,0.0
8.309941949353396,1.0,2e-06,1.0,0.0,53.811749697640444,0.9853827082519766,0.0
8.309941949353396,1.0,2.51e-06,1.0,0.0,53.811749697640444,0.9853827082519766,0.0
8.309941949353396,1.0,3.16e-06,1.0,0.0,53.811749697640444,0.9853827082519766,0.0
8.309941949353396,1.0,3.98e-06,1.0,0.0,53.811749697640444,0.9853827082519766,0.0
8.309941949353396,1.0,5.01e-06,1.0,0.0,53.811749697640444,0.9853827082519766,0.0
8.309941949353396,1.0,6.31e-06,1.0,0.0,53.811749697640444,0.9853827082519766,0.0
8.309941949353396,1.0,7.94e-06,1.0,0.0,53.811749697640444,0.9853827082519766,0.0
8.309941949353396,1.0,1e-05,1.0,0.0,53.811749697640444,0.9853827082519766,0.0
8.309941949353396,1.0,1.26e-05,1.0,0.0,53.811749697640444,0.9853827082519766,0.0
8.309941949353396,1.0,1.58e-05,1.0,0.0,53.811749697640444,0.9853827082519766,0.0
8.309941949353396,1.0,2e-05,1.0,3.3333333333333335e-05,53.811749697640444,0.9853827082519766,2152.4699879056184
8.309941949353396,1.0,2.51e-05,1.0,0.0,53.811749697640444,0.9853827082519766,0.0
8.309941949353396,1.0,3.16e-05,1.0,3.3333333333333335e-05,53.811749697640444,0.9853827082519766,2152.4699879056184
8.309941949353396,1.0,3.98e-05,1.0,0.0,53.811749697640444,0.9853827082519766,0.0
8.309941949353396,1.0,5.01e-05,1.0,0.0001,53.811749697640444,0.9853827082519766,6457.409963716855
8.309941949353396,1.0,6.31e-05,1.0,0.00016666666666666666,53.811749697640444,0.9853827082519766,10762.349939528089
8.309941949353396,1.0,7.94e-05,1.0,6.666666666666667e-05,53.811749697640444,0.9853827082519766,4304.939975811237
8.309941949353396,1.0,0.0001,1.0,0.0002666666666666667,53.811749697640444,0.9853827082519766,17219.759903244947
8.309941949353396,1.0,0.000126,1.0,0.00036666666666666667,53.811749697640444,0.9853827082519766,23677.169866961798
8.309941949353396,1.0,0.000158,1.0,0.0007,53.811749697640444,0.9853827082519766,45201.869746017976
8.309941949353396,1.0,0.0002,1.0,0.001,53.811749697640444,0.9853827082519766,64574.09963716855
8.309941949353396,1.0,0.000251,1.0,0.0014666666666666667,53.811749697640444,0.9853827082519766,94708.67946784719
8.309941949353396,1.0,0.000316,1.0,0.0017333333333333333,53.811749697640444,0.9853827082519766,111928.43937109213
8.309941949353396,1.0,0.000398,1.0,0.003266666666666667,53.811749697640444,0.9853827082519766,210942.05881475058
8.309941949353396,1.0,0.000501,1.0,0.005033333333333333,53.811749697640444,0.9853827082519766,325022.96817374835
8.309941949353396,1.0,0.000631,1.0,0.006166666666666667,53.811749697640444,0.9853827082519766,398206.9477625394
8.309941949353396,1.0,0.000794,1.0,0.008366666666666666,53.811749697640444,0.9853827082519766,540269.9669643102
8.309941949353396,1.0,0.001,1.0,0.007266666666666667,53.811749697640444,0.9853827082519766,469238.45736342476
8.309941949353396,1.0,0.00126,1.0,0.0081,53.811749697640444,0.9853827082519766,523050.2070610652
8.309941949353396,1.0,0.00158,1.0,0.004066666666666666,53.811749697640444,0.9853827082519766,262601.3385244854
8.309941949353396,1.0,0.002,1.0,0.0021,53.811749697640444,0.9853827082519766,135605.60923805393
8.309941949353396,1.0,0.00251,1.0,0.0006666666666666666,53.811749697640444,0.9853827082519766,43049.399758112355
8.309941949353396,1.0,0.00316,1.0,6.666666666666667e-05,53.811749697640444,0.9853827082519766,4304.939975811237
8.309941949353396,1.0,0.00398,1.0,6.666666666666667e-05,53.811749697640444,0.9853827082519766,4304.939975811237
8.309941949353396,1.0,0.00501,1.0,0.0,53.811749697640444,0.9853827082519766,0.0
8.309941949353396,1.0,0.00631,1.0,0.0,53.811749697640444,0.9853827082519766,0.0
8.703591361485167,1.0,1e-06,1.0,0.0,53.88138232500524,0.9866577975646446,0.0
8.703591361485167,1.0,1.26e-06,1.0,0.0,53.88138232500524,0.9866577975646446,0.0
8.703591361485167,1.0,1.58e-06,1.0,0.0,53.88138232500524,0.9866577975646446,0.0
8.703591361485167,1.0,2e-06,1.0,0.0,53.88138232500524,0.9866577975646446,0.0
8.703591361485167,1.0,2.51e-06,1.0,0.0,53.88138232500524,0.9866577975646446,0.0
8.703591361485167,1.0,3.16e-06,1.0,0.0,53.88138232500524,0.9866577975646446,0.0
8.703591361485167,1.0,3.98e-06,1.0,0.0,53.88138232500524,0.9866577975646446,0.0
8.703591361485167,1.0,5.01e-06,1.0,0.0,53.88138232500524,0.9866577975646446,0.0
8.703591361485167,1.0,6.31e-06,1.0,0.0,53.88138232500524,0.9866577975646446,0.0
8.703591361485167,1.0,7.94e-06,1.0,0.0,53.88138232500524,0.9866577975646446,0.0
8.703591361485167,1.0,1e-05,1.0,0.0,53.88138232500524,0.9866577975646446,0.0
8.703591361485167,1.0,1.26e-05,1.0,0.0,53.88138232500524,0.9866577975646446,0.0
8.703591361485167,1.0,1.58e-05,1.0,0.0,53.88138232500524,0.9866577975646446,0.0
8.703591361485167,1.0,2e-05,1.0,3.3333333333333335e-05,53.88138232500524,0.9866577975646446,2155.25529300021
8.703591361485167,1.0,2.51e-05,1.0,0.0,53.88138232500524,0.9866577975646446,0.0
8.703591361485167,1.0,3.16e-05,1.0,3.3333333333333335e-05,53.88138232500524,0.9866577975646446,2155.25529300021
8.703591361485167,1.0,3.98e-05,1.0,0.0,53.88138232500524,0.9866577975646446,0.0
8.703591361485167,1.0,5.01e-05,1.0,0.0001,53.88138232500524,0.9866577975646446,6465.76587900063
8.703591361485167,1.0,6.31e-05,1.0,0.00016666666666666666,53.88138232500524,0.9866577975646446,10776.27646500105
8.703591361485167,1.0,7.94e-05,1.0,6.666666666666667e-05,53.88138232500524,0.9866577975646446,4310.51058600042
8.703591361485167,1.0,0.0001,1.0,0.0002666666666666667,53.88138232500524,0.9866577975646446,17242.04234400168
8.703591361485167,1.0,0.000126,1.0,0.00036666666666666667,53.88138232500524,0.9866577975646446,23707.80822300231
8.703591361485167,1.0,0.000158,1.0,0.0007,53.88138232500524,0.9866577975646446,45260.36115300441
8.703591361485167,1.0,0.0002,1.0,0.001,53.88138232500524,0.9866577975646446,64657.658790006295
8.703591361485167,1.0,0.000251,1.0,0.0014666666666666667,53.88138232500524,0.9866577975646446,94831.23289200924
8.703591361485167,1.0,0.000316,1.0,0.0017333333333333333,53.88138232500524,0.9866577975646446,112073.2752360109
8.703591361485167,1.0,0.000398,1.0,0.003266666666666667,53.88138232500524,0.9866577975646446,211215.0187140206
8.703591361485167,1.0,0.000501,1.0,0.005033333333333333,53.88138232500524,0.9866577975646446,325443.5492430317
8.703591361485167,1.0,0.000631,1.0,0.006166666666666667,53.88138232500524,0.9866577975646446,398722.22920503886
8.703591361485167,1.0,0.000794,1.0,0.008366666666666666,53.88138232500524,0.9866577975646446,540969.0785430527
8.703591361485167,1.0,0.001,1.0,0.007266666666666667,53.88138232500524,0.9866577975646446,469845.6538740457
8.703591361485167,1.0,0.00126,1.0,0.0081,53.88138232500524,0.9866577975646446,523727.03619905096
8.703591361485167,1.0,0.00158,1.0,0.004066666666666666,53.88138232500524,0.9866577975646446,262941.1457460256
8.703591361485167,1.0,0.002,1.0,0.0021,53.88138232500524,0.9866577975646446,135781.08345901323
8.703591361485167,1.0,0.00251,1.0,0.0006666666666666666,53.88138232500524,0.9866577975646446,43105.1058600042
8.703591361485167,1.0,0.00316,1.0,6.666666666666667e-05,53.88138232500524,0.9866577975646446,4310.51058600042
8.703591361485167,1.0,0.00398,1.0,6.666666666666667e-05,53.88138232500524,0.9866577975646446,4310.51058600042
8.703591361485167,1.0,0.00501,1.0,0.0,53.88138232500524,0.9866577975646446,0.0
8.703591361485167,1.0,0.00631,1.0,0.0,53.88138232500524,0.9866577975646446,0.0
9.115888299750829,1.0,1e-06,1.0,0.0,53.9450158510311,0.9878230333461107,0.0
9.115888299750829,1.0,1.26e-06,1.0,0.0,53.9450158510311,0.9878230333461107,0.0
9.115888299750829,1.0,1.58e-06,1.0,0.0,53.9450158510311,0.9878230333461107,0.0
9.115888299750829,1.0,2e-06,1.0,0.0,53.9450158510311,0.9878230333461107,0.0
9.115888299750829,1.0,2.51e-06,1.0,0.0,53.9450158510311,0.9878230333461107,0.0
9.115888299750829,1.0,3.16e-06,1.0,0.0,53.9450158510311,0.9878230333461107,0.0
9.115888299750829,1.0,3.98e-06,1.0,0.0,53.9450158510311,0.9878230333461107,0.0
9.115888299750829,1.0,5.01e-06,1.0,0.0,53.9450158510311,0.9878230333461107,0.0
9.115888299750829,1.0,6.31e-06,1.0,0.0,53.9450158510311,0.9878230333461107,0.0
9.115888299750829,1.0,7.94e-06,1.0,0.0,53.9450158510311,0.9878230333461107,0.0
9.115888299750829,1.0,1e-05,1.0,0.0,53.9450158510311,0.9878230333461107,0.0
9.115888299750829,1.0,1.26e-05,1.0,0.0,53.9450158510311,0.9878230333461107,0.0
9.115888299750829,1.0,1.58e-05,1.0,0.0,53.9450158510311,0.9878230333461107,0.0
9.115888299750829,1.0,2e-05,1.0,3.3333333333333335e-05,53.9450158510311,0.9878230333461107,2157.8006340412444
9.115888299750829,1.0,2.51e-05,1.0,0.0,53.9450158510311,0.9878230333461107,0.0
9.115888299750829,1.0,3.16e-05,1.0,3.3333333333333335e-05,53.9450158510311,0.9878230333461107,2157.8006340412444
9.115888299750829,1.0,3.98e-05,1.0,0.0,53.9450158510311,0.9878230333461107,0.0
9.115888299750829,1.0,5.01e-05,1.0,0.0001,53.9450158510311,0.9878230333461107,6473.401902123733
9.115888299750829,1.0,6.31e-05,1.0,0.00016666666666666666,53.9450158510311,0.9878230333461107,10789.00317020622
9.115888299750829,1.0,7.94e-05,1.0,6.666666666666667e-05,53.9450158510311,0.9878230333461107,4315.601268082489
9.115888299750829,1.0,0.0001,1.0,0.0002666666666666667,53.9450158510311,0.9878230333461107,17262.405072329955
9.115888299750829,1.0,0.000126,1.0,0.00036666666666666667,53.9450158510311,0.9878230333461107,23735.806974453688
9.115888299750829,1.0,0.000158,1.0,0.0007,53.9450158510311,0.9878230333461107,45313.81331486613
9.115888299750829,1.0,0.0002,1.0,0.001,53.9450158510311,0.9878230333461107,64734.01902123733
9.115888299750829,1.0,0.000251,1.0,0.0014666666666666667,53.9450158510311,0.9878230333461107,94943.22789781475
9.115888299750829,1.0,0.000316,1.0,0.0017333333333333333,53.9450158510311,0.9878230333461107,112205.6329701447
9.115888299750829,1.0,0.000398,1.0,0.003266666666666667,53.9450158510311,0.9878230333461107,211464.46213604196
9.115888299750829,1.0,0.000501,1.0,0.005033333333333333,53.9450158510311,0.9878230333461107,325827.8957402279
9.115888299750829,1.0,0.000631,1.0,0.006166666666666667,53.9450158510311,0.9878230333461107,399193.1172976302
9.115888299750829,1.0,0.000794,1.0,0.008366666666666666,53.9450158510311,0.9878230333461107,541607.9591443524
9.115888299750829,1.0,0.001,1.0,0.007266666666666667,53.9450158510311,0.9878230333461107,470400.5382209913
9.115888299750829,1.0,0.00126,1.0,0.0081,53.9450158510311,0.9878230333461107,524345.5540720223
9.115888299750829,1.0,0.00158,1.0,0.004066666666666666,53.9450158510311,0.9878230333461107,263251.6773530318
9.115888299750829,1.0,0.002,1.0,0.0021,53.9450158510311,0.9878230333461107,135941.4399445984
9.115888299750829,1.0,0.00251,1.0,0.0006666666666666666,53.9450158510311,0.9878230333461107,43156.01268082488
9.115888299750829,1.0,0.00316,1.0,6.666666666666667e-05,53.9450158510311,0.9878230333461107,4315.601268082489
9.115888299750829,1.0,0.00398,1.0,6.666666666666667e-05,53.9450158510311,0.9878230333461107,4315.601268082489
9.115888299750829,1.0,0.00501,1.0,0.0,53.9450158510311,0.9878230333461107,0.0
9.115888299750829,1.0,0.00631,1.0,0.0,53.9450158510311,0.9878230333461107,0.0
9.547716114208056,1.0,1e-06,1.0,0.0,54.003154560105145,0.9888876498828996,0.0
9.547716114208056,1.0,1.26e-06,1.0,0.0,54.003154560105145,0.9888876498828996,0.0
9.547716114208056,1.0,1.58e-06,1.0,0.0,54.003154560105145,0.9888876498828996,0.0
9.547716114208056,1.0,2e-06,1.0,0.0,54.003154560105145,0.9888876498828996,0.0
9.547716114208056,1.0,2.51e-06,1.0,0.0,54.003154560105145,0.9888876498828996,0.0
9.547716114208056,1.0,3.16e-06,1.0,0.0,54.003154560105145,0.9888876498828996,0.0
9.547716114208056,1.0,3.98e-06,1.0,0.0,54.003154560105145,0.9888876498828996,0.0
9.547716114208056,1.0,5.01e-06,1.0,0.0,54.003154560105145,0.9888876498828996,0.0
9.547716114208056,1.0,6.31e-06,1.0,0.0,54.003154560105145,0.9888876498828996,0.0
9.547716114208056,1.0,7.94e-06,1.0,0.0,54.003154560105145,0.9888876498828996,0.0
9.547716114208056,1.0,1e-05,1.0,0.0,54.003154560105145,0.9888876498828996,0.0
9.547716114208056,1.0,1.26e-05,1.0,0.0,54.003154560105145,0.9888876498828996,0.0
9.547716114208056,1.0,1.58e-05,1.0,0.0,54.003154560105145,0.9888876498828996,0.0
9.547716114208056,1.0,2e-05,1.0,3.3333333333333335e-05,54.003154560105145,0.9888876498828996,2160.1261824042062
9.547716114208056,1.0,2.51e-05,1.0,0.0,54.003154560105145,0.9888876498828996,0.0
9.547716114208056,1.0,3.16e-05,1.0,3.3333333333333335e-05,54.003154560105145,0.9888876498828996,2160.1261824042062
9.547716114208056,1.0,3.98e-05,1.0,0.0,54.003154560105145,0.9888876498828996,0.0
9.547716114208056,1.0,5.01e-05,1.0,0.0001,54.003154560105145,0.9888876498828996,6480.378547212618
9.547716114208056,1.0,6.31e-05,1.0,0.00016666666666666666,54.003154560105145,0.9888876498828996,10800.630912021028
9.547716114208056,1.0,7.94e-05,1.0,6.666666666666667e-05,54.003154560105145,0.9888876498828996,4320.2523648084125
9.547716114208056,1.0,0.0001,1.0,0.0002666666666666667,54.003154560105145,0.9888876498828996,17281.00945923365
9.547716114208056,1.0,0.000126,1.0,0.00036666666666666667,54.003154560105145,0.9888876498828996,23761.388006446265
9.547716114208056,1.0,0.000158,1.0,0.0007,54.003154560105145,0.9888876498828996,45362.64983048832
9.547716114208056,1.0,0.0002,1.0,0.001,54.003154560105145,0.9888876498828996,64803.78547212618
9.547716114208056,1.0,0.000251,1.0,0.0014666666666666667,54.003154560105145,0.9888876498828996,95045.55202578506
9.547716114208056,1.0,0.000316,1.0,0.0017333333333333333,54.003154560105145,0.9888876498828996,112326.5614850187
9.547716114208056,1.0,0.000398,1.0,0.003266666666666667,54.003154560105145,0.9888876498828996,211692.36587561222
9.547716114208056,1.0,0.000501,1.0,0.005033333333333333,54.003154560105145,0.9888876498828996,326179.0535430351
9.547716114208056,1.0,0.000631,1.0,0.006166666666666667,54.003154560105145,0.9888876498828996,399623.3437447781
9.547716114208056,1.0,0.000794,1.0,0.008366666666666666,54.003154560105145,0.9888876498828996,542191.6717834556
9.547716114208056,1.0,0.001,1.0,0.007266666666666667,54.003154560105145,0.9888876498828996,470907.50776411686
9.547716114208056,1.0,0.00126,1.0,0.0081,54.003154560105145,0.9888876498828996,524910.662324222
9.547716114208056,1.0,0.00158,1.0,0.004066666666666666,54.003154560105145,0.9888876498828996,263535.3942533131
9.547716114208056,1.0,0.002,1.0,0.0021,54.003154560105145,0.9888876498828996,136087.94949146497
9.547716114208056,1.0,0.00251,1.0,0.0006666666666666666,54.003154560105145,0.9888876498828996,43202.52364808411
9.547716114208056,1.0,0.00316,1.0,6.666666666666667e-05,54.003154560105145,0.9888876498828996,4320.2523648084125
9.547716114208056,1.0,0.00398,1.0,6.666666666666667e-05,54.003154560105145,0.9888876498828996,4320.2523648084125
9.547716114208056,1.0,0.00501,1.0,0.0,54.003154560105145,0.9888876498828996,0.0
9.547716114208056,1.0,0.00631,1.0,0.0,54.003154560105145,0.9888876498828996,0.0
10.0,1.0,1e-06,1.0,0.0,54.05626245276372,0.9898601437971749,0.0
10.0,1.0,1.26e-06,1.0,0.0,54.05626245276372,0.9898601437971749,0.0
10.0,1.0,1.58e-06,1.0,0.0,54.05626245276372,0.9898601437971749,0.0
10.0,1.0,2e-06,1.0,0.0,54.05626245276372,0.9898601437971749,0.0
10.0,1.0,2.51e-06,1.0,0.0,54.05626245276372,0.9898601437971749,0.0
10.0,1.0,3.16e-06,1.0,0.0,54.05626245276372,0.9898601437971749,0.0
10.0,1.0,3.98e-06,1.0,0.0,54.05626245276372,0.9898601437971749,0.0
10.0,1.0,5.01e-06,1.0,0.0,54.05626245276372,0.9898601437971749,0.0
10.0,1.0,6.31e-06,1.0,0.0,54.05626245276372,0.9898601437971749,0.0
10.0,1.0,7.94e-06,1.0,0.0,54.05626245276372,0.9898601437971749,0.0
10.0,1.0,1e-05,1.0,0.0,54.05626245276372,0.9898601437971749,0.0
10.0,1.0,1.26e-05,1.0,0.0,54.05626245276372,0.9898601437971749,0.0
10.0,1.0,1.58e-05,1.0,0.0,54.05626245276372,0.9898601437971749,0.0
10.0,1.0,2e-05,1.0,3.3333333333333335e-05,54.05626245276372,0.9898601437971749,2162.250498110549
10.0,1.0,2.51e-05,1.0,0.0,54.05626245276372,0.9898601437971749,0.0
10.0,1.0,3.16e-05,1.0,3.3333333333333335e-05,54.05626245276372,0.9898601437971749,2162.250498110549
10.0,1.0,3.98e-05,1.0,0.0,54.05626245276372,0.9898601437971749,0.0
10.0,1.0,5.01e-05,1.0,0.0001,54.05626245276372,0.9898601437971749,6486.751494331646
10.0,1.0,6.31e-05,1.0,0.00016666666666666666,54.05626245276372,0.9898601437971749,10811.252490552744
10.0,1.0,7.94e-05,1.0,6.666666666666667e-05,54.05626245276372,0.9898601437971749,4324.500996221098
10.0,1.0,0.0001,1.0,0.0002666666666666667,54.05626245276372,0.9898601437971749,17298.00398488439
10.0,1.0,0.000126,1.0,0.00036666666666666667,54.05626245276372,0.9898601437971749,23784.755479216037
10.0,1.0,0.000158,1.0,0.0007,54.05626245276372,0.9898601437971749,45407.26046032153
10.0,1.0,0.0002,1.0,0.001,54.05626245276372,0.9898601437971749,64867.51494331646
10.0,1.0,0.000251,1.0,0.0014666666666666667,54.05626245276372,0.9898601437971749,95139.02191686415
10.0,1.0,0.000316,1.0,0.0017333333333333333,54.05626245276372,0.9898601437971749,112437.02590174852
10.0,1.0,0.000398,1.0,0.003266666666666667,54.05626245276372,0.9898601437971749,211900.54881483378
10.0,1.0,0.000501,1.0,0.005033333333333333,54.05626245276372,0.9898601437971749,326499.82521469286
10.0,1.0,0.000631,1.0,0.006166666666666667,54.05626245276372,0.9898601437971749,400016.34215045156
10.0,1.0,0.000794,1.0,0.008366666666666666,54.05626245276372,0.9898601437971749,542724.8750257477
10.0,1.0,0.001,1.0,0.007266666666666667,54.05626245276372,0.9898601437971749,471370.6085880997
10.0,1.0,0.00126,1.0,0.0081,54.05626245276372,0.9898601437971749,525426.8710408633
10.0,1.0,0.00158,1.0,0.004066666666666666,54.05626245276372,0.9898601437971749,263794.5607694869
10.0,1.0,0.002,1.0,0.0021,54.05626245276372,0.9898601437971749,136221.78138096456
10.0,1.0,0.00251,1.0,0.0006666666666666666,54.05626245276372,0.9898601437971749,43245.00996221098
10.0,1.0,0.00316,1.0,6.666666666666667e-05,54.05626245276372,0.9898601437971749,4324.500996221098
10.0,1.0,0.00398,1.0,6.666666666666667e-05,54.05626245276372,0.9898601437971749,4324.500996221098
10.0,1.0,0.00501,1.0,0.0,54.05626245276372,0.9898601437971749,0.0
10.0,1.0,0.00631,1.0,0.0,54.05626245276372,0.9898601437971749,0.0
