C_Zh,mass,CaPhi,BR_mu,acceptance,cross_section_pb,BR_h_to_Za,N_signal
0.001,1.0,1e-06,0.01,0.0,5.331062748960671e-05,9.762063264897768e-07,0.0
0.001,1.0,1.26e-06,0.01,0.0,5.331062748960671e-05,9.762063264897768e-07,0.0
0.001,1.0,1.58e-06,0.01,0.0,5.331062748960671e-05,9.762063264897768e-07,0.0
0.001,1.0,2e-06,0.01,0.0,5.331062748960671e-05,9.762063264897768e-07,0.0
0.001,1.0,2.51e-06,0.01,0.0,5.331062748960671e-05,9.762063264897768e-07,0.0
0.001,1.0,3.16e-06,0.01,0.0,5.331062748960671e-05,9.762063264897768e-07,0.0
0.001,1.0,3.98e-06,0.01,0.0,5.331062748960671e-05,9.762063264897768e-07,0.0
0.001,1.0,5.01e-06,0.01,6.666666666666667e-05,5.331062748960671e-05,9.762063264897768e-07,4.264850199168537e-05
0.001,1.0,7.94e-06,0.01,3.3333333333333335e-05,5.331062748960671e-05,9.762063264897768e-07,2.1324250995842685e-05
0.001,1.0,1e-05,0.01,3.3333333333333335e-05,5.331062748960671e-05,9.762063264897768e-07,2.1324250995842685e-05
0.001,1.0,1.26e-05,0.01,6.666666666666667e-05,5.331062748960671e-05,9.762063264897768e-07,4.264850199168537e-05
0.001,1.0,1.58e-05,0.01,3.3333333333333335e-05,5.331062748960671e-05,9.762063264897768e-07,2.1324250995842685e-05
0.001,1.0,2e-05,0.01,0.00016666666666666666,5.331062748960671e-05,9.762063264897768e-07,0.00010662125497921341
0.001,1.0,2.51e-05,0.01,0.00016666666666666666,5.331062748960671e-05,9.762063264897768e-07,0.00010662125497921341
0.001,1.0,3.16e-05,0.01,0.0002,5.331062748960671e-05,9.762063264897768e-07,0.00012794550597505612
0.001,1.0,3.98e-05,0.01,0.0003333333333333333,5.331062748960671e-05,9.762063264897768e-07,0.00021324250995842682
0.001,1.0,6.31e-05,0.01,0.0001,5.331062748960671e-05,9.762063264897768e-07,6.397275298752806e-05
0.001,1.0,7.94e-05,0.01,6.666666666666667e-05,5.331062748960671e-05,9.762063264897768e-07,4.264850199168537e-05
0.001,1.0,0.0001,0.01,0.0,5.331062748960671e-05,9.762063264897768e-07,0.0
0.001,1.0,0.000126,0.01,0.0,5.331062748960671e-05,9.762063264897768e-07,0.0
0.001,1.0,0.000158,0.01,0.0,5.331062748960671e-05,9.762063264897768e-07,0.0
0.001,1.0,0.0002,0.01,0.0,5.331062748960671e-05,9.762063264897768e-07,0.0
0.001,1.0,0.000251,0.01,0.0,5.331062748960671e-05,9.762063264897768e-07,0.0
0.001,1.0,0.000316,0.01,0.0,5.331062748960671e-05,9.762063264897768e-07,0.0
0.001,1.0,0.000398,0.01,0.0,5.331062748960671e-05,9.762063264897768e-07,0.0
0.001,1.0,0.000501,0.01,0.0,5.331062748960671e-05,9.762063264897768e-07,0.0
0.001,1.0,0.000631,0.01,0.0,5.331062748960671e-05,9.762063264897768e-07,0.0
0.001,1.0,0.000794,0.01,0.0,5.331062748960671e-05,9.762063264897768e-07,0.0
0.001,1.0,0.001,0.01,0.0,5.331062748960671e-05,9.762063264897768e-07,0.0
0.001,1.0,0.00126,0.01,0.0,5.331062748960671e-05,9.762063264897768e-07,0.0
0.001,1.0,0.00158,0.01,0.0,5.331062748960671e-05,9.762063264897768e-07,0.0
0.001,1.0,0.002,0.01,0.0,5.331062748960671e-05,9.762063264897768e-07,0.0
0.001,1.0,0.00251,0.01,0.0,5.331062748960671e-05,9.762063264897768e-07,0.0
0.001,1.0,0.00316,0.01,0.0,5.331062748960671e-05,9.762063264897768e-07,0.0
0.001,1.0,0.00398,0.01,0.0,5.331062748960671e-05,9.762063264897768e-07,0.0
0.001,1.0,0.00501,0.01,0.0,5.331062748960671e-05,9.762063264897768e-07,0.0
0.001,1.0,0.00631,0.01,0.0,5.331062748960671e-05,9.762063264897768e-07,0.0
0.0010473708979594498,1.0,1e-06,0.01,0.0,5.848099569595742e-05,1.07088437458263e-06,0.0
0.0010473708979594498,1.0,1.26e-06,0.01,0.0,5.848099569595742e-05,1.07088437458263e-06,0.0
0.0010473708979594498,1.0,1.58e-06,0.01,0.0,5.848099569595742e-05,1.07088437458263e-06,0.0
0.0010473708979594498,1.0,2e-06,0.01,0.0,5.848099569595742e-05,1.07088437458263e-06,0.0
0.0010473708979594498,1.0,2.51e-06,0.01,0.0,5.848099569595742e-05,1.07088437458263e-06,0.0
0.0010473708979594498,1.0,3.16e-06,0.01,0.0,5.848099569595742e-05,1.07088437458263e-06,0.0
0.0010473708979594498,1.0,3.98e-06,0.01,0.0,5.848099569595742e-05,1.07088437458263e-06,0.0
0.0010473708979594498,1.0,5.01e-06,0.01,6.666666666666667e-05,5.848099569595742e-05,1.07088437458263e-06,4.6784796556765946e-05
0.0010473708979594498,1.0,7.94e-06,0.01,3.3333333333333335e-05,5.848099569595742e-05,1.07088437458263e-06,2.3392398278382973e-05
0.0010473708979594498,1.0,1e-05,0.01,3.3333333333333335e-05,5.848099569595742e-05,1.07088437458263e-06,2.3392398278382973e-05
0.0010473708979594498,1.0,1.26e-05,0.01,6.666666666666667e-05,5.848099569595742e-05,1.07088437458263e-06,4.6784796556765946e-05
0.0010473708979594498,1.0,1.58e-05,0.01,3.3333333333333335e-05,5.848099569595742e-05,1.07088437458263e-06,2.3392398278382973e-05
0.0010473708979594498,1.0,2e-05,0.01,0.00016666666666666666,5.848099569595742e-05,1.07088437458263e-06,0.00011696199139191486
0.0010473708979594498,1.0,2.51e-05,0.01,0.00016666666666666666,5.848099569595742e-05,1.07088437458263e-06,0.00011696199139191486
0.0010473708979594498,1.0,3.16e-05,0.01,0.0002,5.848099569595742e-05,1.07088437458263e-06,0.00014035438967029782
0.0010473708979594498,1.0,3.98e-05,0.01,0.0003333333333333333,5.848099569595742e-05,1.07088437458263e-06,0.00023392398278382972
0.0010473708979594498,1.0,6.31e-05,0.01,0.0001,5.848099569595742e-05,1.07088437458263e-06,7.017719483514891e-05
0.0010473708979594498,1.0,7.94e-05,0.01,6.666666666666667e-05,5.848099569595742e-05,1.07088437458263e-06,4.6784796556765946e-05
0.0010473708979594498,1.0,0.0001,0.01,0.0,5.848099569595742e-05,1.07088437458263e-06,0.0
0.0010473708979594498,1.0,0.000126,0.01,0.0,5.848099569595742e-05,1.07088437458263e-06,0.0
0.0010473708979594498,1.0,0.000158,0.01,0.0,5.848099569595742e-05,1.07088437458263e-06,0.0
0.0010473708979594498,1.0,0.0002,0.01,0.0,5.848099569595742e-05,1.07088437458263e-06,0.0
0.0010473708979594498,1.0,0.000251,0.01,0.0,5.848099569595742e-05,1.07088437458263e-06,0.0
0.0010473708979594498,1.0,0.000316,0.01,0.0,5.848099569595742e-05,1.07088437458263e-06,0.0
0.0010473708979594498,1.0,0.000398,0.01,0.0,5.848099569595742e-05,1.07088437458263e-06,0.0
0.0010473708979594498,1.0,0.000501,0.01,0.0,5.848099569595742e-05,1.07088437458263e-06,0.0
0.0010473708979594498,1.0,0.000631,0.01,0.0,5.848099569595742e-05,1.07088437458263e-06,0.0
0.0010473708979594498,1.0,0.000794,0.01,0.0,5.848099569595742e-05,1.07088437458263e-06,0.0
0.0010473708979594498,1.0,0.001,0.01,0.0,5.848099569595742e-05,1.07088437458263e-06,0.0
0.0010473708979594498,1.0,0.00126,0.01,0.0,5.848099569595742e-05,1.07088437458263e-06,0.0
0.0010473708979594498,1.0,0.00158,0.01,0.0,5.848099569595742e-05,1.07088437458263e-06,0.0
0.0010473708979594498,1.0,0.002,0.01,0.0,5.848099569595742e-05,1.07088437458263e-06,0.0
0.0010473708979594498,1.0,0.00251,0.01,0.0,5.848099569595742e-05,1.07088437458263e-06,0.0
0.0010473708979594498,1.0,0.00316,0.01,0.0,5.848099569595742e-05,1.07088437458263e-06,0.0
0.0010473708979594498,1.0,0.00398,0.01,0.0,5.848099569595742e-05,1.07088437458263e-06,0.0
0.0010473708979594498,1.0,0.00501,0.01,0.0,5.848099569595742e-05,1.07088437458263e-06,0.0
0.0010473708979594498,1.0,0.00631,0.01,0.0,5.848099569595742e-05,1.07088437458263e-06,0.0
0.001096985797892384,1.0,1e-06,0.01,0.0,6.415281506212264e-05,1.1747448280923392e-06,0.0
0.001096985797892384,1.0,1.26e-06,0.01,0.0,6.415281506212264e-05,1.1747448280923392e-06,0.0
0.001096985797892384,1.0,1.58e-06,0.01,0.0,6.415281506212264e-05,1.1747448280923392e-06,0.0
0.001096985797892384,1.0,2e-06,0.01,0.0,6.415281506212264e-05,1.1747448280923392e-06,0.0
0.001096985797892384,1.0,2.51e-06,0.01,0.0,6.415281506212264e-05,1.1747448280923392e-06,0.0
0.001096985797892384,1.0,3.16e-06,0.01,0.0,6.415281506212264e-05,1.1747448280923392e-06,0.0
0.001096985797892384,1.0,3.98e-06,0.01,0.0,6.415281506212264e-05,1.1747448280923392e-06,0.0
0.001096985797892384,1.0,5.01e-06,0.01,6.666666666666667e-05,6.415281506212264e-05,1.1747448280923392e-06,5.132225204969812e-05
0.001096985797892384,1.0,7.94e-06,0.01,3.3333333333333335e-05,6.415281506212264e-05,1.1747448280923392e-06,2.566112602484906e-05
0.001096985797892384,1.0,1e-05,0.01,3.3333333333333335e-05,6.415281506212264e-05,1.1747448280923392e-06,2.566112602484906e-05
0.001096985797892384,1.0,1.26e-05,0.01,6.666666666666667e-05,6.415281506212264e-05,1.1747448280923392e-06,5.132225204969812e-05
0.001096985797892384,1.0,1.58e-05,0.01,3.3333333333333335e-05,6.415281506212264e-05,1.1747448280923392e-06,2.566112602484906e-05
0.001096985797892384,1.0,2e-05,0.01,0.00016666666666666666,6.415281506212264e-05,1.1747448280923392e-06,0.0001283056301242453
0.001096985797892384,1.0,2.51e-05,0.01,0.00016666666666666666,6.415281506212264e-05,1.1747448280923392e-06,0.0001283056301242453
0.001096985797892384,1.0,3.16e-05,0.01,0.0002,6.415281506212264e-05,1.1747448280923392e-06,0.00015396675614909436
0.001096985797892384,1.0,3.98e-05,0.01,0.0003333333333333333,6.415281506212264e-05,1.1747448280923392e-06,0.0002566112602484906
0.001096985797892384,1.0,6.31e-05,0.01,0.0001,6.415281506212264e-05,1.1747448280923392e-06,7.698337807454718e-05
0.001096985797892384,1.0,7.94e-05,0.01,6.666666666666667e-05,6.415281506212264e-05,1.1747448280923392e-06,5.132225204969812e-05
0.001096985797892384,1.0,0.0001,0.01,0.0,6.415281506212264e-05,1.1747448280923392e-06,0.0
0.001096985797892384,1.0,0.000126,0.01,0.0,6.415281506212264e-05,1.1747448280923392e-06,0.0
0.001096985797892384,1.0,0.000158,0.01,0.0,6.415281506212264e-05,1.1747448280923392e-06,0.0
0.001096985797892384,1.0,0.0002,0.01,0.0,6.415281506212264e-05,1.1747448280923392e-06,0.0
0.001096985797892384,1.0,0.000251,0.01,0.0,6.415281506212264e-05,1.1747448280923392e-06,0.0
0.001096985797892384,1.0,0.000316,0.01,0.0,6.415281506212264e-05,1.1747448280923392e-06,0.0
0.001096985797892384,1.0,0.000398,0.01,0.0,6.415281506212264e-05,1.1747448280923392e-06,0.0
0.001096985797892384,1.0,0.000501,0.01,0.0,6.415281506212264e-05,1.1747448280923392e-06,0.0
0.001096985797892384,1.0,0.000631,0.01,0.0,6.415281506212264e-05,1.1747448280923392e-06,0.0
0.001096985797892384,1.0,0.000794,0.01,0.0,6.415281506212264e-05,1.1747448280923392e-06,0.0
0.001096985797892384,1.0,0.001,0.01,0.0,6.415281506212264e-05,1.1747448280923392e-06,0.0
0.001096985797892384,1.0,0.00126,0.01,0.0,6.415281506212264e-05,1.1747448280923392e-06,0.0
0.001096985797892384,1.0,0.00158,0.01,0.0,6.415281506212264e-05,1.1747448280923392e-06,0.0
0.001096985797892384,1.0,0.002,0.01,0.0,6.415281506212264e-05,1.1747448280923392e-06,0.0
0.001096985797892384,1.0,0.00251,0.01,0.0,6.415281506212264e-05,1.1747448280923392e-06,0.0
0.001096985797892384,1.0,0.00316,0.01,0.0,6.415281506212264e-05,1.1747448280923392e-06,0.0
0.001096985797892384,1.0,0.00398,0.01,0.0,6.415281506212264e-05,1.1747448280923392e-06,0.0
0.001096985797892384,1.0,0.00501,0.01,0.0,6.415281506212264e-05,1.1747448280923392e-06,0.0
0.001096985797892384,1.0,0.00631,0.01,0.0,6.415281506212264e-05,1.1747448280923392e-06,0.0
0.0011489510001873086,1.0,1e-06,0.01,0.0,7.037471899992243e-05,1.2886782457411176e-06,0.0
0.0011489510001873086,1.0,1.26e-06,0.01,0.0,7.037471899992243e-05,1.2886782457411176e-06,0.0
0.0011489510001873086,1.0,1.58e-06,0.01,0.0,7.037471899992243e-05,1.2886782457411176e-06,0.0
0.0011489510001873086,1.0,2e-06,0.01,0.0,7.037471899992243e-05,1.2886782457411176e-06,0.0
0.0011489510001873086,1.0,2.51e-06,0.01,0.0,7.037471899992243e-05,1.2886782457411176e-06,0.0
0.0011489510001873086,1.0,3.16e-06,0.01,0.0,7.037471899992243e-05,1.2886782457411176e-06,0.0
0.0011489510001873086,1.0,3.98e-06,0.01,0.0,7.037471899992243e-05,1.2886782457411176e-06,0.0
0.0011489510001873086,1.0,5.01e-06,0.01,6.666666666666667e-05,7.037471899992243e-05,1.2886782457411176e-06,5.6299775199937944e-05
0.0011489510001873086,1.0,7.94e-06,0.01,3.3333333333333335e-05,7.037471899992243e-05,1.2886782457411176e-06,2.8149887599968972e-05
0.0011489510001873086,1.0,1e-05,0.01,3.3333333333333335e-05,7.037471899992243e-05,1.2886782457411176e-06,2.8149887599968972e-05
0.0011489510001873086,1.0,1.26e-05,0.01,6.666666666666667e-05,7.037471899992243e-05,1.2886782457411176e-06,5.6299775199937944e-05
0.0011489510001873086,1.0,1.58e-05,0.01,3.3333333333333335e-05,7.037471899992243e-05,1.2886782457411176e-06,2.8149887599968972e-05
0.0011489510001873086,1.0,2e-05,0.01,0.00016666666666666666,7.037471899992243e-05,1.2886782457411176e-06,0.00014074943799984485
0.0011489510001873086,1.0,2.51e-05,0.01,0.00016666666666666666,7.037471899992243e-05,1.2886782457411176e-06,0.00014074943799984485
0.0011489510001873086,1.0,3.16e-05,0.01,0.0002,7.037471899992243e-05,1.2886782457411176e-06,0.00016889932559981384
0.0011489510001873086,1.0,3.98e-05,0.01,0.0003333333333333333,7.037471899992243e-05,1.2886782457411176e-06,0.0002814988759996897
0.0011489510001873086,1.0,6.31e-05,0.01,0.0001,7.037471899992243e-05,1.2886782457411176e-06,8.444966279990692e-05
0.0011489510001873086,1.0,7.94e-05,0.01,6.666666666666667e-05,7.037471899992243e-05,1.2886782457411176e-06,5.6299775199937944e-05
0.0011489510001873086,1.0,0.0001,0.01,0.0,7.037471899992243e-05,1.2886782457411176e-06,0.0
0.0011489510001873086,1.0,0.000126,0.01,0.0,7.037471899992243e-05,1.2886782457411176e-06,0.0
0.0011489510001873086,1.0,0.000158,0.01,0.0,7.037471899992243e-05,1.2886782457411176e-06,0.0
0.0011489510001873086,1.0,0.0002,0.01,0.0,7.037471899992243e-05,1.2886782457411176e-06,0.0
0.0011489510001873086,1.0,0.000251,0.01,0.0,7.037471899992243e-05,1.2886782457411176e-06,0.0
0.0011489510001873086,1.0,0.000316,0.01,0.0,7.037471899992243e-05,1.2886782457411176e-06,0.0
0.0011489510001873086,1.0,0.000398,0.01,0.0,7.037471899992243e-05,1.2886782457411176e-06,0.0
0.0011489510001873086,1.0,0.000501,0.01,0.0,7.037471899992243e-05,1.2886782457411176e-06,0.0
0.0011489510001873086,1.0,0.000631,0.01,0.0,7.037471899992243e-05,1.2886782457411176e-06,0.0
0.0011489510001873086,1.0,0.000794,0.01,0.0,7.037471899992243e-05,1.2886782457411176e-06,0.0
0.0011489510001873086,1.0,0.001,0.01,0.0,7.037471899992243e-05,1.2886782457411176e-06,0.0
0.0011489510001873086,1.0,0.00126,0.01,0.0,7.037471899992243e-05,1.2886782457411176e-06,0.0
0.0011489510001873086,1.0,0.00158,0.01,0.0,7.037471899992243e-05,1.2886782457411176e-06,0.0
0.0011489510001873086,1.0,0.002,0.01,0.0,7.037471899992243e-05,1.2886782457411176e-06,0.0
0.0011489510001873086,1.0,0.00251,0.01,0.0,7.037471899992243e-05,1.2886782457411176e-06,0.0
0.0011489510001873086,1.0,0.00316,0.01,0.0,7.037471899992243e-05,1.2886782457411176e-06,0.0
0.0011489510001873086,1.0,0.00398,0.01,0.0,7.037471899992243e-05,1.2886782457411176e-06,0.0
0.0011489510001873086,1.0,0.00501,0.01,0.0,7.037471899992243e-05,1.2886782457411176e-06,0.0
0.0011489510001873086,1.0,0.00631,0.01,0.0,7.037471899992243e-05,1.2886782457411176e-06,0.0
0.0012033778407775893,1.0,1e-06,0.01,0.0,7.720005762484978e-05,1.4136615569465259e-06,0.0
0.0012033778407775893,1.0,1.26e-06,0.01,0.0,7.720005762484978e-05,1.4136615569465259e-06,0.0
0.0012033778407775893,1.0,1.58e-06,0.01,0.0,7.720005762484978e-05,1.4136615569465259e-06,0.0
0.0012033778407775893,1.0,2e-06,0.01,0.0,7.720005762484978e-05,1.4136615569465259e-06,0.0
0.0012033778407775893,1.0,2.51e-06,0.01,0.0,7.720005762484978e-05,1.4136615569465259e-06,0.0
0.0012033778407775893,1.0,3.16e-06,0.01,0.0,7.720005762484978e-05,1.4136615569465259e-06,0.0
0.0012033778407775893,1.0,3.98e-06,0.01,0.0,7.720005762484978e-05,1.4136615569465259e-06,0.0
0.0012033778407775893,1.0,5.01e-06,0.01,6.666666666666667e-05,7.720005762484978e-05,1.4136615569465259e-06,6.176004609987983e-05
0.0012033778407775893,1.0,7.94e-06,0.01,3.3333333333333335e-05,7.720005762484978e-05,1.4136615569465259e-06,3.0880023049939916e-05
0.0012033778407775893,1.0,1e-05,0.01,3.3333333333333335e-05,7.720005762484978e-05,1.4136615569465259e-06,3.0880023049939916e-05
0.0012033778407775893,1.0,1.26e-05,0.01,6.666666666666667e-05,7.720005762484978e-05,1.4136615569465259e-06,6.176004609987983e-05
0.0012033778407775893,1.0,1.58e-05,0.01,3.3333333333333335e-05,7.720005762484978e-05,1.4136615569465259e-06,3.0880023049939916e-05
0.0012033778407775893,1.0,2e-05,0.01,0.00016666666666666666,7.720005762484978e-05,1.4136615569465259e-06,0.0001544001152496996
0.0012033778407775893,1.0,2.51e-05,0.01,0.00016666666666666666,7.720005762484978e-05,1.4136615569465259e-06,0.0001544001152496996
0.0012033778407775893,1.0,3.16e-05,0.01,0.0002,7.720005762484978e-05,1.4136615569465259e-06,0.00018528013829963952
0.0012033778407775893,1.0,3.98e-05,0.01,0.0003333333333333333,7.720005762484978e-05,1.4136615569465259e-06,0.0003088002304993992
0.0012033778407775893,1.0,6.31e-05,0.01,0.0001,7.720005762484978e-05,1.4136615569465259e-06,9.264006914981976e-05
0.0012033778407775893,1.0,7.94e-05,0.01,6.666666666666667e-05,7.720005762484978e-05,1.4136615569465259e-06,6.176004609987983e-05
0.0012033778407775893,1.0,0.0001,0.01,0.0,7.720005762484978e-05,1.4136615569465259e-06,0.0
0.0012033778407775893,1.0,0.000126,0.01,0.0,7.720005762484978e-05,1.4136615569465259e-06,0.0
0.0012033778407775893,1.0,0.000158,0.01,0.0,7.720005762484978e-05,1.4136615569465259e-06,0.0
0.0012033778407775893,1.0,0.0002,0.01,0.0,7.720005762484978e-05,1.4136615569465259e-06,0.0
0.0012033778407775893,1.0,0.000251,0.01,0.0,7.720005762484978e-05,1.4136615569465259e-06,0.0
0.0012033778407775893,1.0,0.000316,0.01,0.0,7.720005762484978e-05,1.4136615569465259e-06,0.0
0.0012033778407775893,1.0,0.000398,0.01,0.0,7.720005762484978e-05,1.4136615569465259e-06,0.0
0.0012033778407775893,1.0,0.000501,0.01,0.0,7.720005762484978e-05,1.4136615569465259e-06,0.0
0.0012033778407775893,1.0,0.000631,0.01,0.0,7.720005762484978e-05,1.4136615569465259e-06,0.0
0.0012033778407775893,1.0,0.000794,0.01,0.0,7.720005762484978e-05,1.4136615569465259e-06,0.0
0.0012033778407775893,1.0,0.001,0.01,0.0,7.720005762484978e-05,1.4136615569465259e-06,0.0
0.0012033778407775893,1.0,0.00126,0.01,0.0,7.720005762484978e-05,1.4136615569465259e-06,0.0
0.0012033778407775893,1.0,0.00158,0.01,0.0,7.720005762484978e-05,1.4136615569465259e-06,0.0
0.0012033778407775893,1.0,0.002,0.01,0.0,7.720005762484978e-05,1.4136615569465259e-06,0.0
0.0012033778407775893,1.0,0.00251,0.01,0.0,7.720005762484978e-05,1.4136615569465259e-06,0.0
0.0012033778407775893,1.0,0.00316,0.01,0.0,7.720005762484978e-05,1.4136615569465259e-06,0.0
0.0012033778407775893,1.0,0.00398,0.01,0.0,7.720005762484978e-05,1.4136615569465259e-06,0.0
0.0012033778407775893,1.0,0.00501,0.01,0.0,7.720005762484978e-05,1.4136615569465259e-06,0.0
0.0012033778407775893,1.0,0.00631,0.01,0.0,7.720005762484978e-05,1.4136615569465259e-06,0.0
0.0012603829296797275,1.0,1e-06,0.01,0.0,8.468735519986606e-05,1.5507664383787962e-06,0.0
0.0012603829296797275,1.0,1.26e-06,0.01,0.0,8.468735519986606e-05,1.5507664383787962e-06,0.0
0.0012603829296797275,1.0,1.58e-06,0.01,0.0,8.468735519986606e-05,1.5507664383787962e-06,0.0
0.0012603829296797275,1.0,2e-06,0.01,0.0,8.468735519986606e-05,1.5507664383787962e-06,0.0
0.0012603829296797275,1.0,2.51e-06,0.01,0.0,8.468735519986606e-05,1.5507664383787962e-06,0.0
0.0012603829296797275,1.0,3.16e-06,0.01,0.0,8.468735519986606e-05,1.5507664383787962e-06,0.0
0.0012603829296797275,1.0,3.98e-06,0.01,0.0,8.468735519986606e-05,1.5507664383787962e-06,0.0
0.0012603829296797275,1.0,5.01e-06,0.01,6.666666666666667e-05,8.468735519986606e-05,1.5507664383787962e-06,6.774988415989286e-05
0.0012603829296797275,1.0,7.94e-06,0.01,3.3333333333333335e-05,8.468735519986606e-05,1.5507664383787962e-06,3.387494207994643e-05
0.0012603829296797275,1.0,1e-05,0.01,3.3333333333333335e-05,8.468735519986606e-05,1.5507664383787962e-06,3.387494207994643e-05
0.0012603829296797275,1.0,1.26e-05,0.01,6.666666666666667e-05,8.468735519986606e-05,1.5507664383787962e-06,6.774988415989286e-05
0.0012603829296797275,1.0,1.58e-05,0.01,3.3333333333333335e-05,8.468735519986606e-05,1.5507664383787962e-06,3.387494207994643e-05
0.0012603829296797275,1.0,2e-05,0.01,0.00016666666666666666,8.468735519986606e-05,1.5507664383787962e-06,0.00016937471039973214
0.0012603829296797275,1.0,2.51e-05,0.01,0.00016666666666666666,8.468735519986606e-05,1.5507664383787962e-06,0.00016937471039973214
0.0012603829296797275,1.0,3.16e-05,0.01,0.0002,8.468735519986606e-05,1.5507664383787962e-06,0.0002032496524796786
0.0012603829296797275,1.0,3.98e-05,0.01,0.0003333333333333333,8.468735519986606e-05,1.5507664383787962e-06,0.0003387494207994643
0.0012603829296797275,1.0,6.31e-05,0.01,0.0001,8.468735519986606e-05,1.5507664383787962e-06,0.0001016248262398393
0.0012603829296797275,1.0,7.94e-05,0.01,6.666666666666667e-05,8.468735519986606e-05,1.5507664383787962e-06,6.774988415989286e-05
0.0012603829296797275,1.0,0.0001,0.01,0.0,8.468735519986606e-05,1.5507664383787962e-06,0.0
0.0012603829296797275,1.0,0.000126,0.01,0.0,8.468735519986606e-05,1.5507664383787962e-06,0.0
0.0012603829296797275,1.0,0.000158,0.01,0.0,8.468735519986606e-05,1.5507664383787962e-06,0.0
0.0012603829296797275,1.0,0.0002,0.01,0.0,8.468735519986606e-05,1.5507664383787962e-06,0.0
0.0012603829296797275,1.0,0.000251,0.01,0.0,8.468735519986606e-05,1.5507664383787962e-06,0.0
0.0012603829296797275,1.0,0.000316,0.01,0.0,8.468735519986606e-05,1.5507664383787962e-06,0.0
0.0012603829296797275,1.0,0.000398,0.01,0.0,8.468735519986606e-05,1.5507664383787962e-06,0.0
0.0012603829296797275,1.0,0.000501,0.01,0.0,8.468735519986606e-05,1.5507664383787962e-06,0.0
0.0012603829296797275,1.0,0.000631,0.01,0.0,8.468735519986606e-05,1.5507664383787962e-06,0.0
0.0012603829296797275,1.0,0.000794,0.01,0.0,8.468735519986606e-05,1.5507664383787962e-06,0.0
0.0012603829296797275,1.0,0.001,0.01,0.0,8.468735519986606e-05,1.5507664383787962e-06,0.0
0.0012603829296797275,1.0,0.00126,0.01,0.0,8.468735519986606e-05,1.5507664383787962e-06,0.0
0.0012603829296797275,1.0,0.00158,0.01,0.0,8.468735519986606e-05,1.5507664383787962e-06,0.0
0.0012603829296797275,1.0,0.002,0.01,0.0,8.468735519986606e-05,1.5507664383787962e-06,0.0
0.0012603829296797275,1.0,0.00251,0.01,0.0,8.468735519986606e-05,1.5507664383787962e-06,0.0
0.0012603829296797275,1.0,0.00316,0.01,0.0,8.468735519986606e-05,1.5507664383787962e-06,0.0
0.0012603829296797275,1.0,0.00398,0.01,0.0,8.468735519986606e-05,1.5507664383787962e-06,0.0
0.0012603829296797275,1.0,0.00501,0.01,0.0,8.468735519986606e-05,1.5507664383787962e-06,0.0
0.0012603829296797275,1.0,0.00631,0.01,0.0,8.468735519986606e-05,1.5507664383787962e-06,0.0
0.001320088400831418,1.0,1e-06,0.01,0.0,9.290081194282311e-05,1.701168502890004e-06,0.0
0.001320088400831418,1.0,1.26e-06,0.01,0.0,9.290081194282311e-05,1.701168502890004e-06,0.0
0.001320088400831418,1.0,1.58e-06,0.01,0.0,9.290081194282311e-05,1.701168502890004e-06,0.0
0.001320088400831418,1.0,2e-06,0.01,0.0,9.290081194282311e-05,1.701168502890004e-06,0.0
0.001320088400831418,1.0,2.51e-06,0.01,0.0,9.290081194282311e-05,1.701168502890004e-06,0.0
0.001320088400831418,1.0,3.16e-06,0.01,0.0,9.290081194282311e-05,1.701168502890004e-06,0.0
0.001320088400831418,1.0,3.98e-06,0.01,0.0,9.290081194282311e-05,1.701168502890004e-06,0.0
0.001320088400831418,1.0,5.01e-06,0.01,6.666666666666667e-05,9.290081194282311e-05,1.701168502890004e-06,7.432064955425849e-05
0.001320088400831418,1.0,7.94e-06,0.01,3.3333333333333335e-05,9.290081194282311e-05,1.701168502890004e-06,3.7160324777129246e-05
0.001320088400831418,1.0,1e-05,0.01,3.3333333333333335e-05,9.290081194282311e-05,1.701168502890004e-06,3.7160324777129246e-05
0.001320088400831418,1.0,1.26e-05,0.01,6.666666666666667e-05,9.290081194282311e-05,1.701168502890004e-06,7.432064955425849e-05
0.001320088400831418,1.0,1.58e-05,0.01,3.3333333333333335e-05,9.290081194282311e-05,1.701168502890004e-06,3.7160324777129246e-05
0.001320088400831418,1.0,2e-05,0.01,0.00016666666666666666,9.290081194282311e-05,1.701168502890004e-06,0.00018580162388564622
0.001320088400831418,1.0,2.51e-05,0.01,0.00016666666666666666,9.290081194282311e-05,1.701168502890004e-06,0.00018580162388564622
0.001320088400831418,1.0,3.16e-05,0.01,0.0002,9.290081194282311e-05,1.701168502890004e-06,0.00022296194866277546
0.001320088400831418,1.0,3.98e-05,0.01,0.0003333333333333333,9.290081194282311e-05,1.701168502890004e-06,0.00037160324777129244
0.001320088400831418,1.0,6.31e-05,0.01,0.0001,9.290081194282311e-05,1.701168502890004e-06,0.00011148097433138773
0.001320088400831418,1.0,7.94e-05,0.01,6.666666666666667e-05,9.290081194282311e-05,1.701168502890004e-06,7.432064955425849e-05
0.001320088400831418,1.0,0.0001,0.01,0.0,9.290081194282311e-05,1.701168502890004e-06,0.0
0.001320088400831418,1.0,0.000126,0.01,0.0,9.290081194282311e-05,1.701168502890004e-06,0.0
0.001320088400831418,1.0,0.000158,0.01,0.0,9.290081194282311e-05,1.701168502890004e-06,0.0
0.001320088400831418,1.0,0.0002,0.01,0.0,9.290081194282311e-05,1.701168502890004e-06,0.0
0.001320088400831418,1.0,0.000251,0.01,0.0,9.290081194282311e-05,1.701168502890004e-06,0.0
0.001320088400831418,1.0,0.000316,0.01,0.0,9.290081194282311e-05,1.701168502890004e-06,0.0
0.001320088400831418,1.0,0.000398,0.01,0.0,9.290081194282311e-05,1.701168502890004e-06,0.0
0.001320088400831418,1.0,0.000501,0.01,0.0,9.290081194282311e-05,1.701168502890004e-06,0.0
0.001320088400831418,1.0,0.000631,0.01,0.0,9.290081194282311e-05,1.701168502890004e-06,0.0
0.001320088400831418,1.0,0.000794,0.01,0.0,9.290081194282311e-05,1.701168502890004e-06,0.0
0.001320088400831418,1.0,0.001,0.01,0.0,9.290081194282311e-05,1.701168502890004e-06,0.0
0.001320088400831418,1.0,0.00126,0.01,0.0,9.290081194282311e-05,1.701168502890004e-06,0.0
0.001320088400831418,1.0,0.00158,0.01,0.0,9.290081194282311e-05,1.701168502890004e-06,0.0
0.001320088400831418,1.0,0.002,0.01,0.0,9.290081194282311e-05,1.701168502890004e-06,0.0
0.001320088400831418,1.0,0.00251,0.01,0.0,9.290081194282311e-05,1.701168502890004e-06,0.0
0.001320088400831418,1.0,0.00316,0.01,0.0,9.290081194282311e-05,1.701168502890004e-06,0.0
0.001320088400831418,1.0,0.00398,0.01,0.0,9.290081194282311e-05,1.701168502890004e-06,0.0
0.001320088400831418,1.0,0.00501,0.01,0.0,9.290081194282311e-05,1.701168502890004e-06,0.0
0.001320088400831418,1.0,0.00631,0.01,0.0,9.290081194282311e-05,1.701168502890004e-06,0.0
0.0013826221737646563,1.0,1e-06,0.01,0.0,0.00010191085449975935,1.8661573795963992e-06,0.0
0.0013826221737646563,1.0,1.26e-06,0.01,0.0,0.00010191085449975935,1.8661573795963992e-06,0.0
0.0013826221737646563,1.0,1.58e-06,0.01,0.0,0.00010191085449975935,1.8661573795963992e-06,0.0
0.0013826221737646563,1.0,2e-06,0.01,0.0,0.00010191085449975935,1.8661573795963992e-06,0.0
0.0013826221737646563,1.0,2.51e-06,0.01,0.0,0.00010191085449975935,1.8661573795963992e-06,0.0
0.0013826221737646563,1.0,3.16e-06,0.01,0.0,0.00010191085449975935,1.8661573795963992e-06,0.0
0.0013826221737646563,1.0,3.98e-06,0.01,0.0,0.00010191085449975935,1.8661573795963992e-06,0.0
0.0013826221737646563,1.0,5.01e-06,0.01,6.666666666666667e-05,0.00010191085449975935,1.8661573795963992e-06,8.15286835998075e-05
0.0013826221737646563,1.0,7.94e-06,0.01,3.3333333333333335e-05,0.00010191085449975935,1.8661573795963992e-06,4.076434179990375e-05
0.0013826221737646563,1.0,1e-05,0.01,3.3333333333333335e-05,0.00010191085449975935,1.8661573795963992e-06,4.076434179990375e-05
0.0013826221737646563,1.0,1.26e-05,0.01,6.666666666666667e-05,0.00010191085449975935,1.8661573795963992e-06,8.15286835998075e-05
0.0013826221737646563,1.0,1.58e-05,0.01,3.3333333333333335e-05,0.00010191085449975935,1.8661573795963992e-06,4.076434179990375e-05
0.0013826221737646563,1.0,2e-05,0.01,0.00016666666666666666,0.00010191085449975935,1.8661573795963992e-06,0.00020382170899951873
0.0013826221737646563,1.0,2.51e-05,0.01,0.00016666666666666666,0.00010191085449975935,1.8661573795963992e-06,0.00020382170899951873
0.0013826221737646563,1.0,3.16e-05,0.01,0.0002,0.00010191085449975935,1.8661573795963992e-06,0.0002445860507994225
0.0013826221737646563,1.0,3.98e-05,0.01,0.0003333333333333333,0.00010191085449975935,1.8661573795963992e-06,0.00040764341799903747
0.0013826221737646563,1.0,6.31e-05,0.01,0.0001,0.00010191085449975935,1.8661573795963992e-06,0.00012229302539971124
0.0013826221737646563,1.0,7.94e-05,0.01,6.666666666666667e-05,0.00010191085449975935,1.8661573795963992e-06,8.15286835998075e-05
0.0013826221737646563,1.0,0.0001,0.01,0.0,0.00010191085449975935,1.8661573795963992e-06,0.0
0.0013826221737646563,1.0,0.000126,0.01,0.0,0.00010191085449975935,1.8661573795963992e-06,0.0
0.0013826221737646563,1.0,0.000158,0.01,0.0,0.00010191085449975935,1.8661573795963992e-06,0.0
0.0013826221737646563,1.0,0.0002,0.01,0.0,0.00010191085449975935,1.8661573795963992e-06,0.0
0.0013826221737646563,1.0,0.000251,0.01,0.0,0.00010191085449975935,1.8661573795963992e-06,0.0
0.0013826221737646563,1.0,0.000316,0.01,0.0,0.00010191085449975935,1.8661573795963992e-06,0.0
0.0013826221737646563,1.0,0.000398,0.01,0.0,0.00010191085449975935,1.8661573795963992e-06,0.0
0.0013826221737646563,1.0,0.000501,0.01,0.0,0.00010191085449975935,1.8661573795963992e-06,0.0
0.0013826221737646563,1.0,0.000631,0.01,0.0,0.00010191085449975935,1.8661573795963992e-06,0.0
0.0013826221737646563,1.0,0.000794,0.01,0.0,0.00010191085449975935,1.8661573795963992e-06,0.0
0.0013826221737646563,1.0,0.001,0.01,0.0,0.00010191085449975935,1.8661573795963992e-06,0.0
0.0013826221737646563,1.0,0.00126,0.01,0.0,0.00010191085449975935,1.8661573795963992e-06,0.0
0.0013826221737646563,1.0,0.00158,0.01,0.0,0.00010191085449975935,1.8661573795963992e-06,0.0
0.0013826221737646563,1.0,0.002,0.01,0.0,0.00010191085449975935,1.8661573795963992e-06,0.0
0.0013826221737646563,1.0,0.00251,0.01,0.0,0.00010191085449975935,1.8661573795963992e-06,0.0
0.0013826221737646563,1.0,0.00316,0.01,0.0,0.00010191085449975935,1.8661573795963992e-06,0.0
0.0013826221737646563,1.0,0.00398,0.01,0.0,0.00010191085449975935,1.8661573795963992e-06,0.0
0.0013826221737646563,1.0,0.00501,0.01,0.0,0.00010191085449975935,1.8661573795963992e-06,0.0
0.0013826221737646563,1.0,0.00631,0.01,0.0,0.00010191085449975935,1.8661573795963992e-06,0.0
0.001448118227674533,1.0,1e-06,0.01,0.0,0.00011179473980349774,2.047147771534476e-06,0.0
0.001448118227674533,1.0,1.26e-06,0.01,0.0,0.00011179473980349774,2.047147771534476e-06,0.0
0.001448118227674533,1.0,1.58e-06,0.01,0.0,0.00011179473980349774,2.047147771534476e-06,0.0
0.001448118227674533,1.0,2e-06,0.01,0.0,0.00011179473980349774,2.047147771534476e-06,0.0
0.001448118227674533,1.0,2.51e-06,0.01,0.0,0.00011179473980349774,2.047147771534476e-06,0.0
0.001448118227674533,1.0,3.16e-06,0.01,0.0,0.00011179473980349774,2.047147771534476e-06,0.0
0.001448118227674533,1.0,3.98e-06,0.01,0.0,0.00011179473980349774,2.047147771534476e-06,0.0
0.001448118227674533,1.0,5.01e-06,0.01,6.666666666666667e-05,0.00011179473980349774,2.047147771534476e-06,8.943579184279821e-05
0.001448118227674533,1.0,7.94e-06,0.01,3.3333333333333335e-05,0.00011179473980349774,2.047147771534476e-06,4.471789592139911e-05
0.001448118227674533,1.0,1e-05,0.01,3.3333333333333335e-05,0.00011179473980349774,2.047147771534476e-06,4.471789592139911e-05
0.001448118227674533,1.0,1.26e-05,0.01,6.666666666666667e-05,0.00011179473980349774,2.047147771534476e-06,8.943579184279821e-05
0.001448118227674533,1.0,1.58e-05,0.01,3.3333333333333335e-05,0.00011179473980349774,2.047147771534476e-06,4.471789592139911e-05
0.001448118227674533,1.0,2e-05,0.01,0.00016666666666666666,0.00011179473980349774,2.047147771534476e-06,0.00022358947960699548
0.001448118227674533,1.0,2.51e-05,0.01,0.00016666666666666666,0.00011179473980349774,2.047147771534476e-06,0.00022358947960699548
0.001448118227674533,1.0,3.16e-05,0.01,0.0002,0.00011179473980349774,2.047147771534476e-06,0.0002683073755283946
0.001448118227674533,1.0,3.98e-05,0.01,0.0003333333333333333,0.00011179473980349774,2.047147771534476e-06,0.00044717895921399096
0.001448118227674533,1.0,6.31e-05,0.01,0.0001,0.00011179473980349774,2.047147771534476e-06,0.0001341536877641973
0.001448118227674533,1.0,7.94e-05,0.01,6.666666666666667e-05,0.00011179473980349774,2.047147771534476e-06,8.943579184279821e-05
0.001448118227674533,1.0,0.0001,0.01,0.0,0.00011179473980349774,2.047147771534476e-06,0.0
0.001448118227674533,1.0,0.000126,0.01,0.0,0.00011179473980349774,2.047147771534476e-06,0.0
0.001448118227674533,1.0,0.000158,0.01,0.0,0.00011179473980349774,2.047147771534476e-06,0.0
0.001448118227674533,1.0,0.0002,0.01,0.0,0.00011179473980349774,2.047147771534476e-06,0.0
0.001448118227674533,1.0,0.000251,0.01,0.0,0.00011179473980349774,2.047147771534476e-06,0.0
0.001448118227674533,1.0,0.000316,0.01,0.0,0.00011179473980349774,2.047147771534476e-06,0.0
0.001448118227674533,1.0,0.000398,0.01,0.0,0.00011179473980349774,2.047147771534476e-06,0.0
0.001448118227674533,1.0,0.000501,0.01,0.0,0.00011179473980349774,2.047147771534476e-06,0.0
0.001448118227674533,1.0,0.000631,0.01,0.0,0.00011179473980349774,2.047147771534476e-06,0.0
0.001448118227674533,1.0,0.000794,0.01,0.0,0.00011179473980349774,2.047147771534476e-06,0.0
0.001448118227674533,1.0,0.001,0.01,0.0,0.00011179473980349774,2.047147771534476e-06,0.0
0.001448118227674533,1.0,0.00126,0.01,0.0,0.00011179473980349774,2.047147771534476e-06,0.0
0.001448118227674533,1.0,0.00158,0.01,0.0,0.00011179473980349774,2.047147771534476e-06,0.0
0.001448118227674533,1.0,0.002,0.01,0.0,0.00011179473980349774,2.047147771534476e-06,0.0
0.001448118227674533,1.0,0.00251,0.01,0.0,0.00011179473980349774,2.047147771534476e-06,0.0
0.001448118227674533,1.0,0.00316,0.01,0.0,0.00011179473980349774,2.047147771534476e-06,0.0
0.001448118227674533,1.0,0.00398,0.01,0.0,0.00011179473980349774,2.047147771534476e-06,0.0
0.001448118227674533,1.0,0.00501,0.01,0.0,0.00011179473980349774,2.047147771534476e-06,0.0
0.001448118227674533,1.0,0.00631,0.01,0.0,0.00011179473980349774,2.047147771534476e-06,0.0
0.0015167168884709225,1.0,1e-06,0.01,0.0,0.00012263721749459586,2.2456915856911893e-06,0.0
0.0015167168884709225,1.0,1.26e-06,0.01,0.0,0.00012263721749459586,2.2456915856911893e-06,0.0
0.0015167168884709225,1.0,1.58e-06,0.01,0.0,0.00012263721749459586,2.2456915856911893e-06,0.0
0.0015167168884709225,1.0,2e-06,0.01,0.0,0.00012263721749459586,2.2456915856911893e-06,0.0
0.0015167168884709225,1.0,2.51e-06,0.01,0.0,0.00012263721749459586,2.2456915856911893e-06,0.0
0.0015167168884709225,1.0,3.16e-06,0.01,0.0,0.00012263721749459586,2.2456915856911893e-06,0.0
0.0015167168884709225,1.0,3.98e-06,0.01,0.0,0.00012263721749459586,2.2456915856911893e-06,0.0
0.0015167168884709225,1.0,5.01e-06,0.01,6.666666666666667e-05,0.00012263721749459586,2.2456915856911893e-06,9.810977399567669e-05
0.0015167168884709225,1.0,7.94e-06,0.01,3.3333333333333335e-05,0.00012263721749459586,2.2456915856911893e-06,4.9054886997838346e-05
0.0015167168884709225,1.0,1e-05,0.01,3.3333333333333335e-05,0.00012263721749459586,2.2456915856911893e-06,4.9054886997838346e-05
0.0015167168884709225,1.0,1.26e-05,0.01,6.666666666666667e-05,0.00012263721749459586,2.2456915856911893e-06,9.810977399567669e-05
0.0015167168884709225,1.0,1.58e-05,0.01,3.3333333333333335e-05,0.00012263721749459586,2.2456915856911893e-06,4.9054886997838346e-05
0.0015167168884709225,1.0,2e-05,0.01,0.00016666666666666666,0.00012263721749459586,2.2456915856911893e-06,0.0002452744349891917
0.0015167168884709225,1.0,2.51e-05,0.01,0.00016666666666666666,0.00012263721749459586,2.2456915856911893e-06,0.0002452744349891917
0.0015167168884709225,1.0,3.16e-05,0.01,0.0002,0.00012263721749459586,2.2456915856911893e-06,0.0002943293219870301
0.0015167168884709225,1.0,3.98e-05,0.01,0.0003333333333333333,0.00012263721749459586,2.2456915856911893e-06,0.0004905488699783834
0.0015167168884709225,1.0,6.31e-05,0.01,0.0001,0.00012263721749459586,2.2456915856911893e-06,0.00014716466099351505
0.0015167168884709225,1.0,7.94e-05,0.01,6.666666666666667e-05,0.00012263721749459586,2.2456915856911893e-06,9.810977399567669e-05
0.0015167168884709225,1.0,0.0001,0.01,0.0,0.00012263721749459586,2.2456915856911893e-06,0.0
0.0015167168884709225,1.0,0.000126,0.01,0.0,0.00012263721749459586,2.2456915856911893e-06,0.0
0.0015167168884709225,1.0,0.000158,0.01,0.0,0.00012263721749459586,2.2456915856911893e-06,0.0
0.0015167168884709225,1.0,0.0002,0.01,0.0,0.00012263721749459586,2.2456915856911893e-06,0.0
0.0015167168884709225,1.0,0.000251,0.01,0.0,0.00012263721749459586,2.2456915856911893e-06,0.0
0.0015167168884709225,1.0,0.000316,0.01,0.0,0.00012263721749459586,2.2456915856911893e-06,0.0
0.0015167168884709225,1.0,0.000398,0.01,0.0,0.00012263721749459586,2.2456915856911893e-06,0.0
0.0015167168884709225,1.0,0.000501,0.01,0.0,0.00012263721749459586,2.2456915856911893e-06,0.0
0.0015167168884709225,1.0,0.000631,0.01,0.0,0.00012263721749459586,2.2456915856911893e-06,0.0
0.0015167168884709225,1.0,0.000794,0.01,0.0,0.00012263721749459586,2.2456915856911893e-06,0.0
0.0015167168884709225,1.0,0.001,0.01,0.0,0.00012263721749459586,2.2456915856911893e-06,0.0
0.0015167168884709225,1.0,0.00126,0.01,0.0,0.00012263721749459586,2.2456915856911893e-06,0.0
0.0015167168884709225,1.0,0.00158,0.01,0.0,0.00012263721749459586,2.2456915856911893e-06,0.0
0.0015167168884709225,1.0,0.002,0.01,0.0,0.00012263721749459586,2.2456915856911893e-06,0.0
0.0015167168884709225,1.0,0.00251,0.01,0.0,0.00012263721749459586,2.2456915856911893e-06,0.0
0.0015167168884709225,1.0,0.00316,0.01,0.0,0.00012263721749459586,2.2456915856911893e-06,0.0
0.0015167168884709225,1.0,0.00398,0.01,0.0,0.00012263721749459586,2.2456915856911893e-06,0.0
0.0015167168884709225,1.0,0.00501,0.01,0.0,0.00012263721749459586,2.2456915856911893e-06,0.0
0.0015167168884709225,1.0,0.00631,0.01,0.0,0.00012263721749459586,2.2456915856911893e-06,0.0
0.0015885651294280528,1.0,1e-06,0.01,0.0,0.0001345312565836778,2.463491239400802e-06,0.0
0.0015885651294280528,1.0,1.26e-06,0.01,0.0,0.0001345312565836778,2.463491239400802e-06,0.0
0.0015885651294280528,1.0,1.58e-06,0.01,0.0,0.0001345312565836778,2.463491239400802e-06,0.0
0.0015885651294280528,1.0,2e-06,0.01,0.0,0.0001345312565836778,2.463491239400802e-06,0.0
0.0015885651294280528,1.0,2.51e-06,0.01,0.0,0.0001345312565836778,2.463491239400802e-06,0.0
0.0015885651294280528,1.0,3.16e-06,0.01,0.0,0.0001345312565836778,2.463491239400802e-06,0.0
0.0015885651294280528,1.0,3.98e-06,0.01,0.0,0.0001345312565836778,2.463491239400802e-06,0.0
0.0015885651294280528,1.0,5.01e-06,0.01,6.666666666666667e-05,0.0001345312565836778,2.463491239400802e-06,0.00010762500526694224
0.0015885651294280528,1.0,7.94e-06,0.01,3.3333333333333335e-05,0.0001345312565836778,2.463491239400802e-06,5.381250263347112e-05
0.0015885651294280528,1.0,1e-05,0.01,3.3333333333333335e-05,0.0001345312565836778,2.463491239400802e-06,5.381250263347112e-05
0.0015885651294280528,1.0,1.26e-05,0.01,6.666666666666667e-05,0.0001345312565836778,2.463491239400802e-06,0.00010762500526694224
0.0015885651294280528,1.0,1.58e-05,0.01,3.3333333333333335e-05,0.0001345312565836778,2.463491239400802e-06,5.381250263347112e-05
0.0015885651294280528,1.0,2e-05,0.01,0.00016666666666666666,0.0001345312565836778,2.463491239400802e-06,0.0002690625131673556
0.0015885651294280528,1.0,2.51e-05,0.01,0.00016666666666666666,0.0001345312565836778,2.463491239400802e-06,0.0002690625131673556
0.0015885651294280528,1.0,3.16e-05,0.01,0.0002,0.0001345312565836778,2.463491239400802e-06,0.0003228750158008267
0.0015885651294280528,1.0,3.98e-05,0.01,0.0003333333333333333,0.0001345312565836778,2.463491239400802e-06,0.0005381250263347112
0.0015885651294280528,1.0,6.31e-05,0.01,0.0001,0.0001345312565836778,2.463491239400802e-06,0.00016143750790041336
0.0015885651294280528,1.0,7.94e-05,0.01,6.666666666666667e-05,0.0001345312565836778,2.463491239400802e-06,0.00010762500526694224
0.0015885651294280528,1.0,0.0001,0.01,0.0,0.0001345312565836778,2.463491239400802e-06,0.0
0.0015885651294280528,1.0,0.000126,0.01,0.0,0.0001345312565836778,2.463491239400802e-06,0.0
0.0015885651294280528,1.0,0.000158,0.01,0.0,0.0001345312565836778,2.463491239400802e-06,0.0
0.0015885651294280528,1.0,0.0002,0.01,0.0,0.0001345312565836778,2.463491239400802e-06,0.0
0.0015885651294280528,1.0,0.000251,0.01,0.0,0.0001345312565836778,2.463491239400802e-06,0.0
0.0015885651294280528,1.0,0.000316,0.01,0.0,0.0001345312565836778,2.463491239400802e-06,0.0
0.0015885651294280528,1.0,0.000398,0.01,0.0,0.0001345312565836778,2.463491239400802e-06,0.0
0.0015885651294280528,1.0,0.000501,0.01,0.0,0.0001345312565836778,2.463491239400802e-06,0.0
0.0015885651294280528,1.0,0.000631,0.01,0.0,0.0001345312565836778,2.463491239400802e-06,0.0
0.0015885651294280528,1.0,0.000794,0.01,0.0,0.0001345312565836778,2.463491239400802e-06,0.0
0.0015885651294280528,1.0,0.001,0.01,0.0,0.0001345312565836778,2.463491239400802e-06,0.0
0.0015885651294280528,1.0,0.00126,0.01,0.0,0.0001345312565836778,2.463491239400802e-06,0.0
0.0015885651294280528,1.0,0.00158,0.01,0.0,0.0001345312565836778,2.463491239400802e-06,0.0
0.0015885651294280528,1.0,0.002,0.01,0.0,0.0001345312565836778,2.463491239400802e-06,0.0
0.0015885651294280528,1.0,0.00251,0.01,0.0,0.0001345312565836778,2.463491239400802e-06,0.0
0.0015885651294280528,1.0,0.00316,0.01,0.0,0.0001345312565836778,2.463491239400802e-06,0.0
0.0015885651294280528,1.0,0.00398,0.01,0.0,0.0001345312565836778,2.463491239400802e-06,0.0
0.0015885651294280528,1.0,0.00501,0.01,0.0,0.0001345312565836778,2.463491239400802e-06,0.0
0.0015885651294280528,1.0,0.00631,0.01,0.0,0.0001345312565836778,2.463491239400802e-06,0.0
0.001663816886076129,1.0,1e-06,0.01,0.0,0.0001475788425848331,2.702414257184272e-06,0.0
0.001663816886076129,1.0,1.26e-06,0.01,0.0,0.0001475788425848331,2.702414257184272e-06,0.0
0.001663816886076129,1.0,1.58e-06,0.01,0.0,0.0001475788425848331,2.702414257184272e-06,0.0
0.001663816886076129,1.0,2e-06,0.01,0.0,0.0001475788425848331,2.702414257184272e-06,0.0
0.001663816886076129,1.0,2.51e-06,0.01,0.0,0.0001475788425848331,2.702414257184272e-06,0.0
0.001663816886076129,1.0,3.16e-06,0.01,0.0,0.0001475788425848331,2.702414257184272e-06,0.0
0.001663816886076129,1.0,3.98e-06,0.01,0.0,0.0001475788425848331,2.702414257184272e-06,0.0
0.001663816886076129,1.0,5.01e-06,0.01,6.666666666666667e-05,0.0001475788425848331,2.702414257184272e-06,0.00011806307406786649
0.001663816886076129,1.0,7.94e-06,0.01,3.3333333333333335e-05,0.0001475788425848331,2.702414257184272e-06,5.9031537033933244e-05
0.001663816886076129,1.0,1e-05,0.01,3.3333333333333335e-05,0.0001475788425848331,2.702414257184272e-06,5.9031537033933244e-05
0.001663816886076129,1.0,1.26e-05,0.01,6.666666666666667e-05,0.0001475788425848331,2.702414257184272e-06,0.00011806307406786649
0.001663816886076129,1.0,1.58e-05,0.01,3.3333333333333335e-05,0.0001475788425848331,2.702414257184272e-06,5.9031537033933244e-05
0.001663816886076129,1.0,2e-05,0.01,0.00016666666666666666,0.0001475788425848331,2.702414257184272e-06,0.0002951576851696662
0.001663816886076129,1.0,2.51e-05,0.01,0.00016666666666666666,0.0001475788425848331,2.702414257184272e-06,0.0002951576851696662
0.001663816886076129,1.0,3.16e-05,0.01,0.0002,0.0001475788425848331,2.702414257184272e-06,0.00035418922220359947
0.001663816886076129,1.0,3.98e-05,0.01,0.0003333333333333333,0.0001475788425848331,2.702414257184272e-06,0.0005903153703393324
0.001663816886076129,1.0,6.31e-05,0.01,0.0001,0.0001475788425848331,2.702414257184272e-06,0.00017709461110179973
0.001663816886076129,1.0,7.94e-05,0.01,6.666666666666667e-05,0.0001475788425848331,2.702414257184272e-06,0.00011806307406786649
0.001663816886076129,1.0,0.0001,0.01,0.0,0.0001475788425848331,2.702414257184272e-06,0.0
0.001663816886076129,1.0,0.000126,0.01,0.0,0.0001475788425848331,2.702414257184272e-06,0.0
0.001663816886076129,1.0,0.000158,0.01,0.0,0.0001475788425848331,2.702414257184272e-06,0.0
0.001663816886076129,1.0,0.0002,0.01,0.0,0.0001475788425848331,2.702414257184272e-06,0.0
0.001663816886076129,1.0,0.000251,0.01,0.0,0.0001475788425848331,2.702414257184272e-06,0.0
0.001663816886076129,1.0,0.000316,0.01,0.0,0.0001475788425848331,2.702414257184272e-06,0.0
0.001663816886076129,1.0,0.000398,0.01,0.0,0.0001475788425848331,2.702414257184272e-06,0.0
0.001663816886076129,1.0,0.000501,0.01,0.0,0.0001475788425848331,2.702414257184272e-06,0.0
0.001663816886076129,1.0,0.000631,0.01,0.0,0.0001475788425848331,2.702414257184272e-06,0.0
0.001663816886076129,1.0,0.000794,0.01,0.0,0.0001475788425848331,2.702414257184272e-06,0.0
0.001663816886076129,1.0,0.001,0.01,0.0,0.0001475788425848331,2.702414257184272e-06,0.0
0.001663816886076129,1.0,0.00126,0.01,0.0,0.0001475788425848331,2.702414257184272e-06,0.0
0.001663816886076129,1.0,0.00158,0.01,0.0,0.0001475788425848331,2.702414257184272e-06,0.0
0.001663816886076129,1.0,0.002,0.01,0.0,0.0001475788425848331,2.702414257184272e-06,0.0
0.001663816886076129,1.0,0.00251,0.01,0.0,0.0001475788425848331,2.702414257184272e-06,0.0
0.001663816886076129,1.0,0.00316,0.01,0.0,0.0001475788425848331,2.702414257184272e-06,0.0
0.001663816886076129,1.0,0.00398,0.01,0.0,0.0001475788425848331,2.702414257184272e-06,0.0
0.001663816886076129,1.0,0.00501,0.01,0.0,0.0001475788425848331,2.702414257184272e-06,0.0
0.001663816886076129,1.0,0.00631,0.01,0.0,0.0001475788425848331,2.702414257184272e-06,0.0
0.0017426333860096508,1.0,1e-06,0.01,0.0,0.00016189185195378278,2.9645092831676025e-06,0.0
0.0017426333860096508,1.0,1.26e-06,0.01,0.0,0.00016189185195378278,2.9645092831676025e-06,0.0
0.0017426333860096508,1.0,1.58e-06,0.01,0.0,0.00016189185195378278,2.9645092831676025e-06,0.0
0.0017426333860096508,1.0,2e-06,0.01,0.0,0.00016189185195378278,2.9645092831676025e-06,0.0
0.0017426333860096508,1.0,2.51e-06,0.01,0.0,0.00016189185195378278,2.9645092831676025e-06,0.0
0.0017426333860096508,1.0,3.16e-06,0.01,0.0,0.00016189185195378278,2.9645092831676025e-06,0.0
0.0017426333860096508,1.0,3.98e-06,0.01,0.0,0.00016189185195378278,2.9645092831676025e-06,0.0
0.0017426333860096508,1.0,5.01e-06,0.01,6.666666666666667e-05,0.00016189185195378278,2.9645092831676025e-06,0.00012951348156302624
0.0017426333860096508,1.0,7.94e-06,0.01,3.3333333333333335e-05,0.00016189185195378278,2.9645092831676025e-06,6.475674078151312e-05
0.0017426333860096508,1.0,1e-05,0.01,3.3333333333333335e-05,0.00016189185195378278,2.9645092831676025e-06,6.475674078151312e-05
0.0017426333860096508,1.0,1.26e-05,0.01,6.666666666666667e-05,0.00016189185195378278,2.9645092831676025e-06,0.00012951348156302624
0.0017426333860096508,1.0,1.58e-05,0.01,3.3333333333333335e-05,0.00016189185195378278,2.9645092831676025e-06,6.475674078151312e-05
0.0017426333860096508,1.0,2e-05,0.01,0.00016666666666666666,0.00016189185195378278,2.9645092831676025e-06,0.00032378370390756555
0.0017426333860096508,1.0,2.51e-05,0.01,0.00016666666666666666,0.00016189185195378278,2.9645092831676025e-06,0.00032378370390756555
0.0017426333860096508,1.0,3.16e-05,0.01,0.0002,0.00016189185195378278,2.9645092831676025e-06,0.0003885404446890787
0.0017426333860096508,1.0,3.98e-05,0.01,0.0003333333333333333,0.00016189185195378278,2.9645092831676025e-06,0.0006475674078151311
0.0017426333860096508,1.0,6.31e-05,0.01,0.0001,0.00016189185195378278,2.9645092831676025e-06,0.00019427022234453934
0.0017426333860096508,1.0,7.94e-05,0.01,6.666666666666667e-05,0.00016189185195378278,2.9645092831676025e-06,0.00012951348156302624
0.0017426333860096508,1.0,0.0001,0.01,0.0,0.00016189185195378278,2.9645092831676025e-06,0.0
0.0017426333860096508,1.0,0.000126,0.01,0.0,0.00016189185195378278,2.9645092831676025e-06,0.0
0.0017426333860096508,1.0,0.000158,0.01,0.0,0.00016189185195378278,2.9645092831676025e-06,0.0
0.0017426333860096508,1.0,0.0002,0.01,0.0,0.00016189185195378278,2.9645092831676025e-06,0.0
0.0017426333860096508,1.0,0.000251,0.01,0.0,0.00016189185195378278,2.9645092831676025e-06,0.0
0.0017426333860096508,1.0,0.000316,0.01,0.0,0.00016189185195378278,2.9645092831676025e-06,0.0
0.0017426333860096508,1.0,0.000398,0.01,0.0,0.00016189185195378278,2.9645092831676025e-06,0.0
0.0017426333860096508,1.0,0.000501,0.01,0.0,0.00016189185195378278,2.9645092831676025e-06,0.0
0.0017426333860096508,1.0,0.000631,0.01,0.0,0.00016189185195378278,2.9645092831676025e-06,0.0
0.0017426333860096508,1.0,0.000794,0.01,0.0,0.00016189185195378278,2.9645092831676025e-06,0.0
0.0017426333860096508,1.0,0.001,0.01,0.0,0.00016189185195378278,2.9645092831676025e-06,0.0
0.0017426333860096508,1.0,0.00126,0.01,0.0,0.00016189185195378278,2.9645092831676025e-06,0.0
0.0017426333860096508,1.0,0.00158,0.01,0.0,0.00016189185195378278,2.9645092831676025e-06,0.0
0.0017426333860096508,1.0,0.002,0.01,0.0,0.00016189185195378278,2.9645092831676025e-06,0.0
0.0017426333860096508,1.0,0.00251,0.01,0.0,0.00016189185195378278,2.9645092831676025e-06,0.0
0.0017426333860096508,1.0,0.00316,0.01,0.0,0.00016189185195378278,2.9645092831676025e-06,0.0
0.0017426333860096508,1.0,0.00398,0.01,0.0,0.00016189185195378278,2.9645092831676025e-06,0.0
0.0017426333860096508,1.0,0.00501,0.01,0.0,0.00016189185195378278,2.9645092831676025e-06,0.0
0.0017426333860096508,1.0,0.00631,0.01,0.0,0.00016189185195378278,2.9645092831676025e-06,0.0
0.0018251834943190425,1.0,1e-06,0.01,0.0,0.00017759301132708814,3.252023646348437e-06,0.0
0.0018251834943190425,1.0,1.26e-06,0.01,0.0,0.00017759301132708814,3.252023646348437e-06,0.0
0.0018251834943190425,1.0,1.58e-06,0.01,0.0,0.00017759301132708814,3.252023646348437e-06,0.0
0.0018251834943190425,1.0,2e-06,0.01,0.0,0.00017759301132708814,3.252023646348437e-06,0.0
0.0018251834943190425,1.0,2.51e-06,0.01,0.0,0.00017759301132708814,3.252023646348437e-06,0.0
0.0018251834943190425,1.0,3.16e-06,0.01,0.0,0.00017759301132708814,3.252023646348437e-06,0.0
0.0018251834943190425,1.0,3.98e-06,0.01,0.0,0.00017759301132708814,3.252023646348437e-06,0.0
0.0018251834943190425,1.0,5.01e-06,0.01,6.666666666666667e-05,0.00017759301132708814,3.252023646348437e-06,0.00014207440906167053
0.0018251834943190425,1.0,7.94e-06,0.01,3.3333333333333335e-05,0.00017759301132708814,3.252023646348437e-06,7.103720453083527e-05
0.0018251834943190425,1.0,1e-05,0.01,3.3333333333333335e-05,0.00017759301132708814,3.252023646348437e-06,7.103720453083527e-05
0.0018251834943190425,1.0,1.26e-05,0.01,6.666666666666667e-05,0.00017759301132708814,3.252023646348437e-06,0.00014207440906167053
0.0018251834943190425,1.0,1.58e-05,0.01,3.3333333333333335e-05,0.00017759301132708814,3.252023646348437e-06,7.103720453083527e-05
0.0018251834943190425,1.0,2e-05,0.01,0.00016666666666666666,0.00017759301132708814,3.252023646348437e-06,0.0003551860226541763
0.0018251834943190425,1.0,2.51e-05,0.01,0.00016666666666666666,0.00017759301132708814,3.252023646348437e-06,0.0003551860226541763
0.0018251834943190425,1.0,3.16e-05,0.01,0.0002,0.00017759301132708814,3.252023646348437e-06,0.00042622322718501157
0.0018251834943190425,1.0,3.98e-05,0.01,0.0003333333333333333,0.00017759301132708814,3.252023646348437e-06,0.0007103720453083526
0.0018251834943190425,1.0,6.31e-05,0.01,0.0001,0.00017759301132708814,3.252023646348437e-06,0.00021311161359250578
0.0018251834943190425,1.0,7.94e-05,0.01,6.666666666666667e-05,0.00017759301132708814,3.252023646348437e-06,0.00014207440906167053
0.0018251834943190425,1.0,0.0001,0.01,0.0,0.00017759301132708814,3.252023646348437e-06,0.0
0.0018251834943190425,1.0,0.000126,0.01,0.0,0.00017759301132708814,3.252023646348437e-06,0.0
0.0018251834943190425,1.0,0.000158,0.01,0.0,0.00017759301132708814,3.252023646348437e-06,0.0
0.0018251834943190425,1.0,0.0002,0.01,0.0,0.00017759301132708814,3.252023646348437e-06,0.0
0.0018251834943190425,1.0,0.000251,0.01,0.0,0.00017759301132708814,3.252023646348437e-06,0.0
0.0018251834943190425,1.0,0.000316,0.01,0.0,0.00017759301132708814,3.252023646348437e-06,0.0
0.0018251834943190425,1.0,0.000398,0.01,0.0,0.00017759301132708814,3.252023646348437e-06,0.0
0.0018251834943190425,1.0,0.000501,0.01,0.0,0.00017759301132708814,3.252023646348437e-06,0.0
0.0018251834943190425,1.0,0.000631,0.01,0.0,0.00017759301132708814,3.252023646348437e-06,0.0
0.0018251834943190425,1.0,0.000794,0.01,0.0,0.00017759301132708814,3.252023646348437e-06,0.0
0.0018251834943190425,1.0,0.001,0.01,0.0,0.00017759301132708814,3.252023646348437e-06,0.0
0.0018251834943190425,1.0,0.00126,0.01,0.0,0.00017759301132708814,3.252023646348437e-06,0.0
0.0018251834943190425,1.0,0.00158,0.01,0.0,0.00017759301132708814,3.252023646348437e-06,0.0
0.0018251834943190425,1.0,0.002,0.01,0.0,0.00017759301132708814,3.252023646348437e-06,0.0
0.0018251834943190425,1.0,0.00251,0.01,0.0,0.00017759301132708814,3.252023646348437e-06,0.0
0.0018251834943190425,1.0,0.00316,0.01,0.0,0.00017759301132708814,3.252023646348437e-06,0.0
0.0018251834943190425,1.0,0.00398,0.01,0.0,0.00017759301132708814,3.252023646348437e-06,0.0
0.0018251834943190425,1.0,0.00501,0.01,0.0,0.00017759301132708814,3.252023646348437e-06,0.0
0.0018251834943190425,1.0,0.00631,0.01,0.0,0.00017759301132708814,3.252023646348437e-06,0.0
0.0019116440753857017,1.0,1e-06,0.01,0.0,0.00019481694978546992,3.5674226292889566e-06,0.0
0.0019116440753857017,1.0,1.26e-06,0.01,0.0,0.00019481694978546992,3.5674226292889566e-06,0.0
0.0019116440753857017,1.0,1.58e-06,0.01,0.0,0.00019481694978546992,3.5674226292889566e-06,0.0
0.0019116440753857017,1.0,2e-06,0.01,0.0,0.00019481694978546992,3.5674226292889566e-06,0.0
0.0019116440753857017,1.0,2.51e-06,0.01,0.0,0.00019481694978546992,3.5674226292889566e-06,0.0
0.0019116440753857017,1.0,3.16e-06,0.01,0.0,0.00019481694978546992,3.5674226292889566e-06,0.0
0.0019116440753857017,1.0,3.98e-06,0.01,0.0,0.00019481694978546992,3.5674226292889566e-06,0.0
0.0019116440753857017,1.0,5.01e-06,0.01,6.666666666666667e-05,0.00019481694978546992,3.5674226292889566e-06,0.00015585355982837597
0.0019116440753857017,1.0,7.94e-06,0.01,3.3333333333333335e-05,0.00019481694978546992,3.5674226292889566e-06,7.792677991418799e-05
0.0019116440753857017,1.0,1e-05,0.01,3.3333333333333335e-05,0.00019481694978546992,3.5674226292889566e-06,7.792677991418799e-05
0.0019116440753857017,1.0,1.26e-05,0.01,6.666666666666667e-05,0.00019481694978546992,3.5674226292889566e-06,0.00015585355982837597
0.0019116440753857017,1.0,1.58e-05,0.01,3.3333333333333335e-05,0.00019481694978546992,3.5674226292889566e-06,7.792677991418799e-05
0.0019116440753857017,1.0,2e-05,0.01,0.00016666666666666666,0.00019481694978546992,3.5674226292889566e-06,0.0003896338995709399
0.0019116440753857017,1.0,2.51e-05,0.01,0.00016666666666666666,0.00019481694978546992,3.5674226292889566e-06,0.0003896338995709399
0.0019116440753857017,1.0,3.16e-05,0.01,0.0002,0.00019481694978546992,3.5674226292889566e-06,0.00046756067948512794
0.0019116440753857017,1.0,3.98e-05,0.01,0.0003333333333333333,0.00019481694978546992,3.5674226292889566e-06,0.0007792677991418798
0.0019116440753857017,1.0,6.31e-05,0.01,0.0001,0.00019481694978546992,3.5674226292889566e-06,0.00023378033974256397
0.0019116440753857017,1.0,7.94e-05,0.01,6.666666666666667e-05,0.00019481694978546992,3.5674226292889566e-06,0.00015585355982837597
0.0019116440753857017,1.0,0.0001,0.01,0.0,0.00019481694978546992,3.5674226292889566e-06,0.0
0.0019116440753857017,1.0,0.000126,0.01,0.0,0.00019481694978546992,3.5674226292889566e-06,0.0
0.0019116440753857017,1.0,0.000158,0.01,0.0,0.00019481694978546992,3.5674226292889566e-06,0.0
0.0019116440753857017,1.0,0.0002,0.01,0.0,0.00019481694978546992,3.5674226292889566e-06,0.0
0.0019116440753857017,1.0,0.000251,0.01,0.0,0.00019481694978546992,3.5674226292889566e-06,0.0
0.0019116440753857017,1.0,0.000316,0.01,0.0,0.00019481694978546992,3.5674226292889566e-06,0.0
0.0019116440753857017,1.0,0.000398,0.01,0.0,0.00019481694978546992,3.5674226292889566e-06,0.0
0.0019116440753857017,1.0,0.000501,0.01,0.0,0.00019481694978546992,3.5674226292889566e-06,0.0
0.0019116440753857017,1.0,0.000631,0.01,0.0,0.00019481694978546992,3.5674226292889566e-06,0.0
0.0019116440753857017,1.0,0.000794,0.01,0.0,0.00019481694978546992,3.5674226292889566e-06,0.0
0.0019116440753857017,1.0,0.001,0.01,0.0,0.00019481694978546992,3.5674226292889566e-06,0.0
0.0019116440753857017,1.0,0.00126,0.01,0.0,0.00019481694978546992,3.5674226292889566e-06,0.0
0.0019116440753857017,1.0,0.00158,0.01,0.0,0.00019481694978546992,3.5674226292889566e-06,0.0
0.0019116440753857017,1.0,0.002,0.01,0.0,0.00019481694978546992,3.5674226292889566e-06,0.0
0.0019116440753857017,1.0,0.00251,0.01,0.0,0.00019481694978546992,3.5674226292889566e-06,0.0
0.0019116440753857017,1.0,0.00316,0.01,0.0,0.00019481694978546992,3.5674226292889566e-06,0.0
0.0019116440753857017,1.0,0.00398,0.01,0.0,0.00019481694978546992,3.5674226292889566e-06,0.0
0.0019116440753857017,1.0,0.00501,0.01,0.0,0.00019481694978546992,3.5674226292889566e-06,0.0
0.0019116440753857017,1.0,0.00631,0.01,0.0,0.00019481694978546992,3.5674226292889566e-06,0.0
0.0020022003718155844,1.0,1e-06,0.01,0.0,0.00021371135316152634,3.913410605411579e-06,0.0
0.0020022003718155844,1.0,1.26e-06,0.01,0.0,0.00021371135316152634,3.913410605411579e-06,0.0
0.0020022003718155844,1.0,1.58e-06,0.01,0.0,0.00021371135316152634,3.913410605411579e-06,0.0
0.0020022003718155844,1.0,2e-06,0.01,0.0,0.00021371135316152634,3.913410605411579e-06,0.0
0.0020022003718155844,1.0,2.51e-06,0.01,0.0,0.00021371135316152634,3.913410605411579e-06,0.0
0.0020022003718155844,1.0,3.16e-06,0.01,0.0,0.00021371135316152634,3.913410605411579e-06,0.0
0.0020022003718155844,1.0,3.98e-06,0.01,0.0,0.00021371135316152634,3.913410605411579e-06,0.0
0.0020022003718155844,1.0,5.01e-06,0.01,6.666666666666667e-05,0.00021371135316152634,3.913410605411579e-06,0.00017096908252922107
0.0020022003718155844,1.0,7.94e-06,0.01,3.3333333333333335e-05,0.00021371135316152634,3.913410605411579e-06,8.548454126461053e-05
0.0020022003718155844,1.0,1e-05,0.01,3.3333333333333335e-05,0.00021371135316152634,3.913410605411579e-06,8.548454126461053e-05
0.0020022003718155844,1.0,1.26e-05,0.01,6.666666666666667e-05,0.00021371135316152634,3.913410605411579e-06,0.00017096908252922107
0.0020022003718155844,1.0,1.58e-05,0.01,3.3333333333333335e-05,0.00021371135316152634,3.913410605411579e-06,8.548454126461053e-05
0.0020022003718155844,1.0,2e-05,0.01,0.00016666666666666666,0.00021371135316152634,3.913410605411579e-06,0.0004274227063230526
0.0020022003718155844,1.0,2.51e-05,0.01,0.00016666666666666666,0.00021371135316152634,3.913410605411579e-06,0.0004274227063230526
0.0020022003718155844,1.0,3.16e-05,0.01,0.0002,0.00021371135316152634,3.913410605411579e-06,0.0005129072475876632
0.0020022003718155844,1.0,3.98e-05,0.01,0.0003333333333333333,0.00021371135316152634,3.913410605411579e-06,0.0008548454126461052
0.0020022003718155844,1.0,6.31e-05,0.01,0.0001,0.00021371135316152634,3.913410605411579e-06,0.0002564536237938316
0.0020022003718155844,1.0,7.94e-05,0.01,6.666666666666667e-05,0.00021371135316152634,3.913410605411579e-06,0.00017096908252922107
0.0020022003718155844,1.0,0.0001,0.01,0.0,0.00021371135316152634,3.913410605411579e-06,0.0
0.0020022003718155844,1.0,0.000126,0.01,0.0,0.00021371135316152634,3.913410605411579e-06,0.0
0.0020022003718155844,1.0,0.000158,0.01,0.0,0.00021371135316152634,3.913410605411579e-06,0.0
0.0020022003718155844,1.0,0.0002,0.01,0.0,0.00021371135316152634,3.913410605411579e-06,0.0
0.0020022003718155844,1.0,0.000251,0.01,0.0,0.00021371135316152634,3.913410605411579e-06,0.0
0.0020022003718155844,1.0,0.000316,0.01,0.0,0.00021371135316152634,3.913410605411579e-06,0.0
0.0020022003718155844,1.0,0.000398,0.01,0.0,0.00021371135316152634,3.913410605411579e-06,0.0
0.0020022003718155844,1.0,0.000501,0.01,0.0,0.00021371135316152634,3.913410605411579e-06,0.0
0.0020022003718155844,1.0,0.000631,0.01,0.0,0.00021371135316152634,3.913410605411579e-06,0.0
0.0020022003718155844,1.0,0.000794,0.01,0.0,0.00021371135316152634,3.913410605411579e-06,0.0
0.0020022003718155844,1.0,0.001,0.01,0.0,0.00021371135316152634,3.913410605411579e-06,0.0
0.0020022003718155844,1.0,0.00126,0.01,0.0,0.00021371135316152634,3.913410605411579e-06,0.0
0.0020022003718155844,1.0,0.00158,0.01,0.0,0.00021371135316152634,3.913410605411579e-06,0.0
0.0020022003718155844,1.0,0.002,0.01,0.0,0.00021371135316152634,3.913410605411579e-06,0.0
0.0020022003718155844,1.0,0.00251,0.01,0.0,0.00021371135316152634,3.913410605411579e-06,0.0
0.0020022003718155844,1.0,0.00316,0.01,0.0,0.00021371135316152634,3.913410605411579e-06,0.0
0.0020022003718155844,1.0,0.00398,0.01,0.0,0.00021371135316152634,3.913410605411579e-06,0.0
0.0020022003718155844,1.0,0.00501,0.01,0.0,0.00021371135316152634,3.913410605411579e-06,0.0
0.0020022003718155844,1.0,0.00631,0.01,0.0,0.00021371135316152634,3.913410605411579e-06,0.0
0.002097046401323233,1.0,1e-06,0.01,0.0,0.00023443823028664135,4.292954226087554e-06,0.0
0.002097046401323233,1.0,1.26e-06,0.01,0.0,0.00023443823028664135,4.292954226087554e-06,0.0
0.002097046401323233,1.0,1.58e-06,0.01,0.0,0.00023443823028664135,4.292954226087554e-06,0.0
0.002097046401323233,1.0,2e-06,0.01,0.0,0.00023443823028664135,4.292954226087554e-06,0.0
0.002097046401323233,1.0,2.51e-06,0.01,0.0,0.00023443823028664135,4.292954226087554e-06,0.0
0.002097046401323233,1.0,3.16e-06,0.01,0.0,0.00023443823028664135,4.292954226087554e-06,0.0
0.002097046401323233,1.0,3.98e-06,0.01,0.0,0.00023443823028664135,4.292954226087554e-06,0.0
0.002097046401323233,1.0,5.01e-06,0.01,6.666666666666667e-05,0.00023443823028664135,4.292954226087554e-06,0.00018755058422931313
0.002097046401323233,1.0,7.94e-06,0.01,3.3333333333333335e-05,0.00023443823028664135,4.292954226087554e-06,9.377529211465656e-05
0.002097046401323233,1.0,1e-05,0.01,3.3333333333333335e-05,0.00023443823028664135,4.292954226087554e-06,9.377529211465656e-05
0.002097046401323233,1.0,1.26e-05,0.01,6.666666666666667e-05,0.00023443823028664135,4.292954226087554e-06,0.00018755058422931313
0.002097046401323233,1.0,1.58e-05,0.01,3.3333333333333335e-05,0.00023443823028664135,4.292954226087554e-06,9.377529211465656e-05
0.002097046401323233,1.0,2e-05,0.01,0.00016666666666666666,0.00023443823028664135,4.292954226087554e-06,0.00046887646057328276
0.002097046401323233,1.0,2.51e-05,0.01,0.00016666666666666666,0.00023443823028664135,4.292954226087554e-06,0.00046887646057328276
0.002097046401323233,1.0,3.16e-05,0.01,0.0002,0.00023443823028664135,4.292954226087554e-06,0.0005626517526879394
0.002097046401323233,1.0,3.98e-05,0.01,0.0003333333333333333,0.00023443823028664135,4.292954226087554e-06,0.0009377529211465655
0.002097046401323233,1.0,6.31e-05,0.01,0.0001,0.00023443823028664135,4.292954226087554e-06,0.0002813258763439697
0.002097046401323233,1.0,7.94e-05,0.01,6.666666666666667e-05,0.00023443823028664135,4.292954226087554e-06,0.00018755058422931313
0.002097046401323233,1.0,0.0001,0.01,0.0,0.00023443823028664135,4.292954226087554e-06,0.0
0.002097046401323233,1.0,0.000126,0.01,0.0,0.00023443823028664135,4.292954226087554e-06,0.0
0.002097046401323233,1.0,0.000158,0.01,0.0,0.00023443823028664135,4.292954226087554e-06,0.0
0.002097046401323233,1.0,0.0002,0.01,0.0,0.00023443823028664135,4.292954226087554e-06,0.0
0.002097046401323233,1.0,0.000251,0.01,0.0,0.00023443823028664135,4.292954226087554e-06,0.0
0.002097046401323233,1.0,0.000316,0.01,0.0,0.00023443823028664135,4.292954226087554e-06,0.0
0.002097046401323233,1.0,0.000398,0.01,0.0,0.00023443823028664135,4.292954226087554e-06,0.0
0.002097046401323233,1.0,0.000501,0.01,0.0,0.00023443823028664135,4.292954226087554e-06,0.0
0.002097046401323233,1.0,0.000631,0.01,0.0,0.00023443823028664135,4.292954226087554e-06,0.0
0.002097046401323233,1.0,0.000794,0.01,0.0,0.00023443823028664135,4.292954226087554e-06,0.0
0.002097046401323233,1.0,0.001,0.01,0.0,0.00023443823028664135,4.292954226087554e-06,0.0
0.002097046401323233,1.0,0.00126,0.01,0.0,0.00023443823028664135,4.292954226087554e-06,0.0
0.002097046401323233,1.0,0.00158,0.01,0.0,0.00023443823028664135,4.292954226087554e-06,0.0
0.002097046401323233,1.0,0.002,0.01,0.0,0.00023443823028664135,4.292954226087554e-06,0.0
0.002097046401323233,1.0,0.00251,0.01,0.0,0.00023443823028664135,4.292954226087554e-06,0.0
0.002097046401323233,1.0,0.00316,0.01,0.0,0.00023443823028664135,4.292954226087554e-06,0.0
0.002097046401323233,1.0,0.00398,0.01,0.0,0.00023443823028664135,4.292954226087554e-06,0.0
0.002097046401323233,1.0,0.00501,0.01,0.0,0.00023443823028664135,4.292954226087554e-06,0.0
0.002097046401323233,1.0,0.00631,0.01,0.0,0.00023443823028664135,4.292954226087554e-06,0.0
0.002196385372416547,1.0,1e-06,0.01,0.0,0.0002571753020310949,4.709307856273483e-06,0.0
0.002196385372416547,1.0,1.26e-06,0.01,0.0,0.0002571753020310949,4.709307856273483e-06,0.0
0.002196385372416547,1.0,1.58e-06,0.01,0.0,0.0002571753020310949,4.709307856273483e-06,0.0
0.002196385372416547,1.0,2e-06,0.01,0.0,0.0002571753020310949,4.709307856273483e-06,0.0
0.002196385372416547,1.0,2.51e-06,0.01,0.0,0.0002571753020310949,4.709307856273483e-06,0.0
0.002196385372416547,1.0,3.16e-06,0.01,0.0,0.0002571753020310949,4.709307856273483e-06,0.0
0.002196385372416547,1.0,3.98e-06,0.01,0.0,0.0002571753020310949,4.709307856273483e-06,0.0
0.002196385372416547,1.0,5.01e-06,0.01,6.666666666666667e-05,0.0002571753020310949,4.709307856273483e-06,0.00020574024162487594
0.002196385372416547,1.0,7.94e-06,0.01,3.3333333333333335e-05,0.0002571753020310949,4.709307856273483e-06,0.00010287012081243797
0.002196385372416547,1.0,1e-05,0.01,3.3333333333333335e-05,0.0002571753020310949,4.709307856273483e-06,0.00010287012081243797
0.002196385372416547,1.0,1.26e-05,0.01,6.666666666666667e-05,0.0002571753020310949,4.709307856273483e-06,0.00020574024162487594
0.002196385372416547,1.0,1.58e-05,0.01,3.3333333333333335e-05,0.0002571753020310949,4.709307856273483e-06,0.00010287012081243797
0.002196385372416547,1.0,2e-05,0.01,0.00016666666666666666,0.0002571753020310949,4.709307856273483e-06,0.0005143506040621898
0.002196385372416547,1.0,2.51e-05,0.01,0.00016666666666666666,0.0002571753020310949,4.709307856273483e-06,0.0005143506040621898
0.002196385372416547,1.0,3.16e-05,0.01,0.0002,0.0002571753020310949,4.709307856273483e-06,0.0006172207248746278
0.002196385372416547,1.0,3.98e-05,0.01,0.0003333333333333333,0.0002571753020310949,4.709307856273483e-06,0.0010287012081243796
0.002196385372416547,1.0,6.31e-05,0.01,0.0001,0.0002571753020310949,4.709307856273483e-06,0.0003086103624373139
0.002196385372416547,1.0,7.94e-05,0.01,6.666666666666667e-05,0.0002571753020310949,4.709307856273483e-06,0.00020574024162487594
0.002196385372416547,1.0,0.0001,0.01,0.0,0.0002571753020310949,4.709307856273483e-06,0.0
0.002196385372416547,1.0,0.000126,0.01,0.0,0.0002571753020310949,4.709307856273483e-06,0.0
0.002196385372416547,1.0,0.000158,0.01,0.0,0.0002571753020310949,4.709307856273483e-06,0.0
0.002196385372416547,1.0,0.0002,0.01,0.0,0.0002571753020310949,4.709307856273483e-06,0.0
0.002196385372416547,1.0,0.000251,0.01,0.0,0.0002571753020310949,4.709307856273483e-06,0.0
0.002196385372416547,1.0,0.000316,0.01,0.0,0.0002571753020310949,4.709307856273483e-06,0.0
0.002196385372416547,1.0,0.000398,0.01,0.0,0.0002571753020310949,4.709307856273483e-06,0.0
0.002196385372416547,1.0,0.000501,0.01,0.0,0.0002571753020310949,4.709307856273483e-06,0.0
0.002196385372416547,1.0,0.000631,0.01,0.0,0.0002571753020310949,4.709307856273483e-06,0.0
0.002196385372416547,1.0,0.000794,0.01,0.0,0.0002571753020310949,4.709307856273483e-06,0.0
0.002196385372416547,1.0,0.001,0.01,0.0,0.0002571753020310949,4.709307856273483e-06,0.0
0.002196385372416547,1.0,0.00126,0.01,0.0,0.0002571753020310949,4.709307856273483e-06,0.0
0.002196385372416547,1.0,0.00158,0.01,0.0,0.0002571753020310949,4.709307856273483e-06,0.0
0.002196385372416547,1.0,0.002,0.01,0.0,0.0002571753020310949,4.709307856273483e-06,0.0
0.002196385372416547,1.0,0.00251,0.01,0.0,0.0002571753020310949,4.709307856273483e-06,0.0
0.002196385372416547,1.0,0.00316,0.01,0.0,0.0002571753020310949,4.709307856273483e-06,0.0
0.002196385372416547,1.0,0.00398,0.01,0.0,0.0002571753020310949,4.709307856273483e-06,0.0
0.002196385372416547,1.0,0.00501,0.01,0.0,0.0002571753020310949,4.709307856273483e-06,0.0
0.002196385372416547,1.0,0.00631,0.01,0.0,0.0002571753020310949,4.709307856273483e-06,0.0
0.002300430119772917,1.0,1e-06,0.01,0.0,0.00028211752504357066,5.166041476718012e-06,0.0
0.002300430119772917,1.0,1.26e-06,0.01,0.0,0.00028211752504357066,5.166041476718012e-06,0.0
0.002300430119772917,1.0,1.58e-06,0.01,0.0,0.00028211752504357066,5.166041476718012e-06,0.0
0.002300430119772917,1.0,2e-06,0.01,0.0,0.00028211752504357066,5.166041476718012e-06,0.0
0.002300430119772917,1.0,2.51e-06,0.01,0.0,0.00028211752504357066,5.166041476718012e-06,0.0
0.002300430119772917,1.0,3.16e-06,0.01,0.0,0.00028211752504357066,5.166041476718012e-06,0.0
0.002300430119772917,1.0,3.98e-06,0.01,0.0,0.00028211752504357066,5.166041476718012e-06,0.0
0.002300430119772917,1.0,5.01e-06,0.01,6.666666666666667e-05,0.00028211752504357066,5.166041476718012e-06,0.00022569402003485658
0.002300430119772917,1.0,7.94e-06,0.01,3.3333333333333335e-05,0.00028211752504357066,5.166041476718012e-06,0.00011284701001742829
0.002300430119772917,1.0,1e-05,0.01,3.3333333333333335e-05,0.00028211752504357066,5.166041476718012e-06,0.00011284701001742829
0.002300430119772917,1.0,1.26e-05,0.01,6.666666666666667e-05,0.00028211752504357066,5.166041476718012e-06,0.00022569402003485658
0.002300430119772917,1.0,1.58e-05,0.01,3.3333333333333335e-05,0.00028211752504357066,5.166041476718012e-06,0.00011284701001742829
0.002300430119772917,1.0,2e-05,0.01,0.00016666666666666666,0.00028211752504357066,5.166041476718012e-06,0.0005642350500871413
0.002300430119772917,1.0,2.51e-05,0.01,0.00016666666666666666,0.00028211752504357066,5.166041476718012e-06,0.0005642350500871413
0.002300430119772917,1.0,3.16e-05,0.01,0.0002,0.00028211752504357066,5.166041476718012e-06,0.0006770820601045696
0.002300430119772917,1.0,3.98e-05,0.01,0.0003333333333333333,0.00028211752504357066,5.166041476718012e-06,0.0011284701001742826
0.002300430119772917,1.0,6.31e-05,0.01,0.0001,0.00028211752504357066,5.166041476718012e-06,0.0003385410300522848
0.002300430119772917,1.0,7.94e-05,0.01,6.666666666666667e-05,0.00028211752504357066,5.166041476718012e-06,0.00022569402003485658
0.002300430119772917,1.0,0.0001,0.01,0.0,0.00028211752504357066,5.166041476718012e-06,0.0
0.002300430119772917,1.0,0.000126,0.01,0.0,0.00028211752504357066,5.166041476718012e-06,0.0
0.002300430119772917,1.0,0.000158,0.01,0.0,0.00028211752504357066,5.166041476718012e-06,0.0
0.002300430119772917,1.0,0.0002,0.01,0.0,0.00028211752504357066,5.166041476718012e-06,0.0
0.002300430119772917,1.0,0.000251,0.01,0.0,0.00028211752504357066,5.166041476718012e-06,0.0
0.002300430119772917,1.0,0.000316,0.01,0.0,0.00028211752504357066,5.166041476718012e-06,0.0
0.002300430119772917,1.0,0.000398,0.01,0.0,0.00028211752504357066,5.166041476718012e-06,0.0
0.002300430119772917,1.0,0.000501,0.01,0.0,0.00028211752504357066,5.166041476718012e-06,0.0
0.002300430119772917,1.0,0.000631,0.01,0.0,0.00028211752504357066,5.166041476718012e-06,0.0
0.002300430119772917,1.0,0.000794,0.01,0.0,0.00028211752504357066,5.166041476718012e-06,0.0
0.002300430119772917,1.0,0.001,0.01,0.0,0.00028211752504357066,5.166041476718012e-06,0.0
0.002300430119772917,1.0,0.00126,0.01,0.0,0.00028211752504357066,5.166041476718012e-06,0.0
0.002300430119772917,1.0,0.00158,0.01,0.0,0.00028211752504357066,5.166041476718012e-06,0.0
0.002300430119772917,1.0,0.002,0.01,0.0,0.00028211752504357066,5.166041476718012e-06,0.0
0.002300430119772917,1.0,0.00251,0.01,0.0,0.00028211752504357066,5.166041476718012e-06,0.0
0.002300430119772917,1.0,0.00316,0.01,0.0,0.00028211752504357066,5.166041476718012e-06,0.0
0.002300430119772917,1.0,0.00398,0.01,0.0,0.00028211752504357066,5.166041476718012e-06,0.0
0.002300430119772917,1.0,0.00501,0.01,0.0,0.00028211752504357066,5.166041476718012e-06,0.0
0.002300430119772917,1.0,0.00631,0.01,0.0,0.00028211752504357066,5.166041476718012e-06,0.0
0.0024094035602395245,1.0,1e-06,0.01,0.0,0.00030947876325037964,5.667071291894885e-06,0.0
0.0024094035602395245,1.0,1.26e-06,0.01,0.0,0.00030947876325037964,5.667071291894885e-06,0.0
0.0024094035602395245,1.0,1.58e-06,0.01,0.0,0.00030947876325037964,5.667071291894885e-06,0.0
0.0024094035602395245,1.0,2e-06,0.01,0.0,0.00030947876325037964,5.667071291894885e-06,0.0
0.0024094035602395245,1.0,2.51e-06,0.01,0.0,0.00030947876325037964,5.667071291894885e-06,0.0
0.0024094035602395245,1.0,3.16e-06,0.01,0.0,0.00030947876325037964,5.667071291894885e-06,0.0
0.0024094035602395245,1.0,3.98e-06,0.01,0.0,0.00030947876325037964,5.667071291894885e-06,0.0
0.0024094035602395245,1.0,5.01e-06,0.01,6.666666666666667e-05,0.00030947876325037964,5.667071291894885e-06,0.00024758301060030373
0.0024094035602395245,1.0,7.94e-06,0.01,3.3333333333333335e-05,0.00030947876325037964,5.667071291894885e-06,0.00012379150530015187
0.0024094035602395245,1.0,1e-05,0.01,3.3333333333333335e-05,0.00030947876325037964,5.667071291894885e-06,0.00012379150530015187
0.0024094035602395245,1.0,1.26e-05,0.01,6.666666666666667e-05,0.00030947876325037964,5.667071291894885e-06,0.00024758301060030373
0.0024094035602395245,1.0,1.58e-05,0.01,3.3333333333333335e-05,0.00030947876325037964,5.667071291894885e-06,0.00012379150530015187
0.0024094035602395245,1.0,2e-05,0.01,0.00016666666666666666,0.00030947876325037964,5.667071291894885e-06,0.0006189575265007593
0.0024094035602395245,1.0,2.51e-05,0.01,0.00016666666666666666,0.00030947876325037964,5.667071291894885e-06,0.0006189575265007593
0.0024094035602395245,1.0,3.16e-05,0.01,0.0002,0.00030947876325037964,5.667071291894885e-06,0.0007427490318009113
0.0024094035602395245,1.0,3.98e-05,0.01,0.0003333333333333333,0.00030947876325037964,5.667071291894885e-06,0.0012379150530015186
0.0024094035602395245,1.0,6.31e-05,0.01,0.0001,0.00030947876325037964,5.667071291894885e-06,0.00037137451590045566
0.0024094035602395245,1.0,7.94e-05,0.01,6.666666666666667e-05,0.00030947876325037964,5.667071291894885e-06,0.00024758301060030373
0.0024094035602395245,1.0,0.0001,0.01,0.0,0.00030947876325037964,5.667071291894885e-06,0.0
0.0024094035602395245,1.0,0.000126,0.01,0.0,0.00030947876325037964,5.667071291894885e-06,0.0
0.0024094035602395245,1.0,0.000158,0.01,0.0,0.00030947876325037964,5.667071291894885e-06,0.0
0.0024094035602395245,1.0,0.0002,0.01,0.0,0.00030947876325037964,5.667071291894885e-06,0.0
0.0024094035602395245,1.0,0.000251,0.01,0.0,0.00030947876325037964,5.667071291894885e-06,0.0
0.0024094035602395245,1.0,0.000316,0.01,0.0,0.00030947876325037964,5.667071291894885e-06,0.0
0.0024094035602395245,1.0,0.000398,0.01,0.0,0.00030947876325037964,5.667071291894885e-06,0.0
0.0024094035602395245,1.0,0.000501,0.01,0.0,0.00030947876325037964,5.667071291894885e-06,0.0
0.0024094035602395245,1.0,0.000631,0.01,0.0,0.00030947876325037964,5.667071291894885e-06,0.0
0.0024094035602395245,1.0,0.000794,0.01,0.0,0.00030947876325037964,5.667071291894885e-06,0.0
0.0024094035602395245,1.0,0.001,0.01,0.0,0.00030947876325037964,5.667071291894885e-06,0.0
0.0024094035602395245,1.0,0.00126,0.01,0.0,0.00030947876325037964,5.667071291894885e-06,0.0
0.0024094035602395245,1.0,0.00158,0.01,0.0,0.00030947876325037964,5.667071291894885e-06,0.0
0.0024094035602395245,1.0,0.002,0.01,0.0,0.00030947876325037964,5.667071291894885e-06,0.0
0.0024094035602395245,1.0,0.00251,0.01,0.0,0.00030947876325037964,5.667071291894885e-06,0.0
0.0024094035602395245,1.0,0.00316,0.01,0.0,0.00030947876325037964,5.667071291894885e-06,0.0
0.0024094035602395245,1.0,0.00398,0.01,0.0,0.00030947876325037964,5.667071291894885e-06,0.0
0.0024094035602395245,1.0,0.00501,0.01,0.0,0.00030947876325037964,5.667071291894885e-06,0.0
0.0024094035602395245,1.0,0.00631,0.01,0.0,0.00030947876325037964,5.667071291894885e-06,0.0
0.0025235391704347657,1.0,1e-06,0.01,0.0,0.000339493621440638,6.216693305999597e-06,0.0
0.0025235391704347657,1.0,1.26e-06,0.01,0.0,0.000339493621440638,6.216693305999597e-06,0.0
0.0025235391704347657,1.0,1.58e-06,0.01,0.0,0.000339493621440638,6.216693305999597e-06,0.0
0.0025235391704347657,1.0,2e-06,0.01,0.0,0.000339493621440638,6.216693305999597e-06,0.0
0.0025235391704347657,1.0,2.51e-06,0.01,0.0,0.000339493621440638,6.216693305999597e-06,0.0
0.0025235391704347657,1.0,3.16e-06,0.01,0.0,0.000339493621440638,6.216693305999597e-06,0.0
0.0025235391704347657,1.0,3.98e-06,0.01,0.0,0.000339493621440638,6.216693305999597e-06,0.0
0.0025235391704347657,1.0,5.01e-06,0.01,6.666666666666667e-05,0.000339493621440638,6.216693305999597e-06,0.00027159489715251043
0.0025235391704347657,1.0,7.94e-06,0.01,3.3333333333333335e-05,0.000339493621440638,6.216693305999597e-06,0.00013579744857625522
0.0025235391704347657,1.0,1e-05,0.01,3.3333333333333335e-05,0.000339493621440638,6.216693305999597e-06,0.00013579744857625522
0.0025235391704347657,1.0,1.26e-05,0.01,6.666666666666667e-05,0.000339493621440638,6.216693305999597e-06,0.00027159489715251043
0.0025235391704347657,1.0,1.58e-05,0.01,3.3333333333333335e-05,0.000339493621440638,6.216693305999597e-06,0.00013579744857625522
0.0025235391704347657,1.0,2e-05,0.01,0.00016666666666666666,0.000339493621440638,6.216693305999597e-06,0.0006789872428812761
0.0025235391704347657,1.0,2.51e-05,0.01,0.00016666666666666666,0.000339493621440638,6.216693305999597e-06,0.0006789872428812761
0.0025235391704347657,1.0,3.16e-05,0.01,0.0002,0.000339493621440638,6.216693305999597e-06,0.0008147846914575314
0.0025235391704347657,1.0,3.98e-05,0.01,0.0003333333333333333,0.000339493621440638,6.216693305999597e-06,0.0013579744857625522
0.0025235391704347657,1.0,6.31e-05,0.01,0.0001,0.000339493621440638,6.216693305999597e-06,0.0004073923457287657
0.0025235391704347657,1.0,7.94e-05,0.01,6.666666666666667e-05,0.000339493621440638,6.216693305999597e-06,0.00027159489715251043
0.0025235391704347657,1.0,0.0001,0.01,0.0,0.000339493621440638,6.216693305999597e-06,0.0
0.0025235391704347657,1.0,0.000126,0.01,0.0,0.000339493621440638,6.216693305999597e-06,0.0
0.0025235391704347657,1.0,0.000158,0.01,0.0,0.000339493621440638,6.216693305999597e-06,0.0
0.0025235391704347657,1.0,0.0002,0.01,0.0,0.000339493621440638,6.216693305999597e-06,0.0
0.0025235391704347657,1.0,0.000251,0.01,0.0,0.000339493621440638,6.216693305999597e-06,0.0
0.0025235391704347657,1.0,0.000316,0.01,0.0,0.000339493621440638,6.216693305999597e-06,0.0
0.0025235391704347657,1.0,0.000398,0.01,0.0,0.000339493621440638,6.216693305999597e-06,0.0
0.0025235391704347657,1.0,0.000501,0.01,0.0,0.000339493621440638,6.216693305999597e-06,0.0
0.0025235391704347657,1.0,0.000631,0.01,0.0,0.000339493621440638,6.216693305999597e-06,0.0
0.0025235391704347657,1.0,0.000794,0.01,0.0,0.000339493621440638,6.216693305999597e-06,0.0
0.0025235391704347657,1.0,0.001,0.01,0.0,0.000339493621440638,6.216693305999597e-06,0.0
0.0025235391704347657,1.0,0.00126,0.01,0.0,0.000339493621440638,6.216693305999597e-06,0.0
0.0025235391704347657,1.0,0.00158,0.01,0.0,0.000339493621440638,6.216693305999597e-06,0.0
0.0025235391704347657,1.0,0.002,0.01,0.0,0.000339493621440638,6.216693305999597e-06,0.0
0.0025235391704347657,1.0,0.00251,0.01,0.0,0.000339493621440638,6.216693305999597e-06,0.0
0.0025235391704347657,1.0,0.00316,0.01,0.0,0.000339493621440638,6.216693305999597e-06,0.0
0.0025235391704347657,1.0,0.00398,0.01,0.0,0.000339493621440638,6.216693305999597e-06,0.0
0.0025235391704347657,1.0,0.00501,0.01,0.0,0.000339493621440638,6.216693305999597e-06,0.0
0.0025235391704347657,1.0,0.00631,0.01,0.0,0.000339493621440638,6.216693305999597e-06,0.0
0.0026430814869741054,1.0,1e-06,0.01,0.0,0.00037241945665221254,6.8196201547740805e-06,0.0
0.0026430814869741054,1.0,1.26e-06,0.01,0.0,0.00037241945665221254,6.8196201547740805e-06,0.0
0.0026430814869741054,1.0,1.58e-06,0.01,0.0,0.00037241945665221254,6.8196201547740805e-06,0.0
0.0026430814869741054,1.0,2e-06,0.01,0.0,0.00037241945665221254,6.8196201547740805e-06,0.0
0.0026430814869741054,1.0,2.51e-06,0.01,0.0,0.00037241945665221254,6.8196201547740805e-06,0.0
0.0026430814869741054,1.0,3.16e-06,0.01,0.0,0.00037241945665221254,6.8196201547740805e-06,0.0
0.0026430814869741054,1.0,3.98e-06,0.01,0.0,0.00037241945665221254,6.8196201547740805e-06,0.0
0.0026430814869741054,1.0,5.01e-06,0.01,6.666666666666667e-05,0.00037241945665221254,6.8196201547740805e-06,0.00029793556532177007
0.0026430814869741054,1.0,7.94e-06,0.01,3.3333333333333335e-05,0.00037241945665221254,6.8196201547740805e-06,0.00014896778266088503
0.0026430814869741054,1.0,1e-05,0.01,3.3333333333333335e-05,0.00037241945665221254,6.8196201547740805e-06,0.00014896778266088503
0.0026430814869741054,1.0,1.26e-05,0.01,6.666666666666667e-05,0.00037241945665221254,6.8196201547740805e-06,0.00029793556532177007
0.0026430814869741054,1.0,1.58e-05,0.01,3.3333333333333335e-05,0.00037241945665221254,6.8196201547740805e-06,0.00014896778266088503
0.0026430814869741054,1.0,2e-05,0.01,0.00016666666666666666,0.00037241945665221254,6.8196201547740805e-06,0.0007448389133044251
0.0026430814869741054,1.0,2.51e-05,0.01,0.00016666666666666666,0.00037241945665221254,6.8196201547740805e-06,0.0007448389133044251
0.0026430814869741054,1.0,3.16e-05,0.01,0.0002,0.00037241945665221254,6.8196201547740805e-06,0.0008938066959653101
0.0026430814869741054,1.0,3.98e-05,0.01,0.0003333333333333333,0.00037241945665221254,6.8196201547740805e-06,0.0014896778266088502
0.0026430814869741054,1.0,6.31e-05,0.01,0.0001,0.00037241945665221254,6.8196201547740805e-06,0.0004469033479826551
0.0026430814869741054,1.0,7.94e-05,0.01,6.666666666666667e-05,0.00037241945665221254,6.8196201547740805e-06,0.00029793556532177007
0.0026430814869741054,1.0,0.0001,0.01,0.0,0.00037241945665221254,6.8196201547740805e-06,0.0
0.0026430814869741054,1.0,0.000126,0.01,0.0,0.00037241945665221254,6.8196201547740805e-06,0.0
0.0026430814869741054,1.0,0.000158,0.01,0.0,0.00037241945665221254,6.8196201547740805e-06,0.0
0.0026430814869741054,1.0,0.0002,0.01,0.0,0.00037241945665221254,6.8196201547740805e-06,0.0
0.0026430814869741054,1.0,0.000251,0.01,0.0,0.00037241945665221254,6.8196201547740805e-06,0.0
0.0026430814869741054,1.0,0.000316,0.01,0.0,0.00037241945665221254,6.8196201547740805e-06,0.0
0.0026430814869741054,1.0,0.000398,0.01,0.0,0.00037241945665221254,6.8196201547740805e-06,0.0
0.0026430814869741054,1.0,0.000501,0.01,0.0,0.00037241945665221254,6.8196201547740805e-06,0.0
0.0026430814869741054,1.0,0.000631,0.01,0.0,0.00037241945665221254,6.8196201547740805e-06,0.0
0.0026430814869741054,1.0,0.000794,0.01,0.0,0.00037241945665221254,6.8196201547740805e-06,0.0
0.0026430814869741054,1.0,0.001,0.01,0.0,0.00037241945665221254,6.8196201547740805e-06,0.0
0.0026430814869741054,1.0,0.00126,0.01,0.0,0.00037241945665221254,6.8196201547740805e-06,0.0
0.0026430814869741054,1.0,0.00158,0.01,0.0,0.00037241945665221254,6.8196201547740805e-06,0.0
0.0026430814869741054,1.0,0.002,0.01,0.0,0.00037241945665221254,6.8196201547740805e-06,0.0
0.0026430814869741054,1.0,0.00251,0.01,0.0,0.00037241945665221254,6.8196201547740805e-06,0.0
0.0026430814869741054,1.0,0.00316,0.01,0.0,0.00037241945665221254,6.8196201547740805e-06,0.0
0.0026430814869741054,1.0,0.00398,0.01,0.0,0.00037241945665221254,6.8196201547740805e-06,0.0
0.0026430814869741054,1.0,0.00501,0.01,0.0,0.00037241945665221254,6.8196201547740805e-06,0.0
0.0026430814869741054,1.0,0.00631,0.01,0.0,0.00037241945665221254,6.8196201547740805e-06,0.0
0.0027682866303920667,1.0,1e-06,0.01,0.0,0.000408538584596281,7.4810215088130565e-06,0.0
0.0027682866303920667,1.0,1.26e-06,0.01,0.0,0.000408538584596281,7.4810215088130565e-06,0.0
0.0027682866303920667,1.0,1.58e-06,0.01,0.0,0.000408538584596281,7.4810215088130565e-06,0.0
0.0027682866303920667,1.0,2e-06,0.01,0.0,0.000408538584596281,7.4810215088130565e-06,0.0
0.0027682866303920667,1.0,2.51e-06,0.01,0.0,0.000408538584596281,7.4810215088130565e-06,0.0
0.0027682866303920667,1.0,3.16e-06,0.01,0.0,0.000408538584596281,7.4810215088130565e-06,0.0
0.0027682866303920667,1.0,3.98e-06,0.01,0.0,0.000408538584596281,7.4810215088130565e-06,0.0
0.0027682866303920667,1.0,5.01e-06,0.01,6.666666666666667e-05,0.000408538584596281,7.4810215088130565e-06,0.00032683086767702486
0.0027682866303920667,1.0,7.94e-06,0.01,3.3333333333333335e-05,0.000408538584596281,7.4810215088130565e-06,0.00016341543383851243
0.0027682866303920667,1.0,1e-05,0.01,3.3333333333333335e-05,0.000408538584596281,7.4810215088130565e-06,0.00016341543383851243
0.0027682866303920667,1.0,1.26e-05,0.01,6.666666666666667e-05,0.000408538584596281,7.4810215088130565e-06,0.00032683086767702486
0.0027682866303920667,1.0,1.58e-05,0.01,3.3333333333333335e-05,0.000408538584596281,7.4810215088130565e-06,0.00016341543383851243
0.0027682866303920667,1.0,2e-05,0.01,0.00016666666666666666,0.000408538584596281,7.4810215088130565e-06,0.000817077169192562
0.0027682866303920667,1.0,2.51e-05,0.01,0.00016666666666666666,0.000408538584596281,7.4810215088130565e-06,0.000817077169192562
0.0027682866303920667,1.0,3.16e-05,0.01,0.0002,0.000408538584596281,7.4810215088130565e-06,0.0009804926030310746
0.0027682866303920667,1.0,3.98e-05,0.01,0.0003333333333333333,0.000408538584596281,7.4810215088130565e-06,0.001634154338385124
0.0027682866303920667,1.0,6.31e-05,0.01,0.0001,0.000408538584596281,7.4810215088130565e-06,0.0004902463015155373
0.0027682866303920667,1.0,7.94e-05,0.01,6.666666666666667e-05,0.000408538584596281,7.4810215088130565e-06,0.00032683086767702486
0.0027682866303920667,1.0,0.0001,0.01,0.0,0.000408538584596281,7.4810215088130565e-06,0.0
0.0027682866303920667,1.0,0.000126,0.01,0.0,0.000408538584596281,7.4810215088130565e-06,0.0
0.0027682866303920667,1.0,0.000158,0.01,0.0,0.000408538584596281,7.4810215088130565e-06,0.0
0.0027682866303920667,1.0,0.0002,0.01,0.0,0.000408538584596281,7.4810215088130565e-06,0.0
0.0027682866303920667,1.0,0.000251,0.01,0.0,0.000408538584596281,7.4810215088130565e-06,0.0
0.0027682866303920667,1.0,0.000316,0.01,0.0,0.000408538584596281,7.4810215088130565e-06,0.0
0.0027682866303920667,1.0,0.000398,0.01,0.0,0.000408538584596281,7.4810215088130565e-06,0.0
0.0027682866303920667,1.0,0.000501,0.01,0.0,0.000408538584596281,7.4810215088130565e-06,0.0
0.0027682866303920667,1.0,0.000631,0.01,0.0,0.000408538584596281,7.4810215088130565e-06,0.0
0.0027682866303920667,1.0,0.000794,0.01,0.0,0.000408538584596281,7.4810215088130565e-06,0.0
0.0027682866303920667,1.0,0.001,0.01,0.0,0.000408538584596281,7.4810215088130565e-06,0.0
0.0027682866303920667,1.0,0.00126,0.01,0.0,0.000408538584596281,7.4810215088130565e-06,0.0
0.0027682866303920667,1.0,0.00158,0.01,0.0,0.000408538584596281,7.4810215088130565e-06,0.0
0.0027682866303920667,1.0,0.002,0.01,0.0,0.000408538584596281,7.4810215088130565e-06,0.0
0.0027682866303920667,1.0,0.00251,0.01,0.0,0.000408538584596281,7.4810215088130565e-06,0.0
0.0027682866303920667,1.0,0.00316,0.01,0.0,0.000408538584596281,7.4810215088130565e-06,0.0
0.0027682866303920667,1.0,0.00398,0.01,0.0,0.000408538584596281,7.4810215088130565e-06,0.0
0.0027682866303920667,1.0,0.00501,0.01,0.0,0.000408538584596281,7.4810215088130565e-06,0.0
0.0027682866303920667,1.0,0.00631,0.01,0.0,0.000408538584596281,7.4810215088130565e-06,0.0
0.002899422853882875,1.0,1e-06,0.01,0.0,0.0004481607000289069,8.206568394596354e-06,0.0
0.002899422853882875,1.0,1.26e-06,0.01,0.0,0.0004481607000289069,8.206568394596354e-06,0.0
0.002899422853882875,1.0,1.58e-06,0.01,0.0,0.0004481607000289069,8.206568394596354e-06,0.0
0.002899422853882875,1.0,2e-06,0.01,0.0,0.0004481607000289069,8.206568394596354e-06,0.0
0.002899422853882875,1.0,2.51e-06,0.01,0.0,0.0004481607000289069,8.206568394596354e-06,0.0
0.002899422853882875,1.0,3.16e-06,0.01,0.0,0.0004481607000289069,8.206568394596354e-06,0.0
0.002899422853882875,1.0,3.98e-06,0.01,0.0,0.0004481607000289069,8.206568394596354e-06,0.0
0.002899422853882875,1.0,5.01e-06,0.01,6.666666666666667e-05,0.0004481607000289069,8.206568394596354e-06,0.0003585285600231256
0.002899422853882875,1.0,7.94e-06,0.01,3.3333333333333335e-05,0.0004481607000289069,8.206568394596354e-06,0.0001792642800115628
0.002899422853882875,1.0,1e-05,0.01,3.3333333333333335e-05,0.0004481607000289069,8.206568394596354e-06,0.0001792642800115628
0.002899422853882875,1.0,1.26e-05,0.01,6.666666666666667e-05,0.0004481607000289069,8.206568394596354e-06,0.0003585285600231256
0.002899422853882875,1.0,1.58e-05,0.01,3.3333333333333335e-05,0.0004481607000289069,8.206568394596354e-06,0.0001792642800115628
0.002899422853882875,1.0,2e-05,0.01,0.00016666666666666666,0.0004481607000289069,8.206568394596354e-06,0.000896321400057814
0.002899422853882875,1.0,2.51e-05,0.01,0.00016666666666666666,0.0004481607000289069,8.206568394596354e-06,0.000896321400057814
0.002899422853882875,1.0,3.16e-05,0.01,0.0002,0.0004481607000289069,8.206568394596354e-06,0.0010755856800693767
0.002899422853882875,1.0,3.98e-05,0.01,0.0003333333333333333,0.0004481607000289069,8.206568394596354e-06,0.001792642800115628
0.002899422853882875,1.0,6.31e-05,0.01,0.0001,0.0004481607000289069,8.206568394596354e-06,0.0005377928400346883
0.002899422853882875,1.0,7.94e-05,0.01,6.666666666666667e-05,0.0004481607000289069,8.206568394596354e-06,0.0003585285600231256
0.002899422853882875,1.0,0.0001,0.01,0.0,0.0004481607000289069,8.206568394596354e-06,0.0
0.002899422853882875,1.0,0.000126,0.01,0.0,0.0004481607000289069,8.206568394596354e-06,0.0
0.002899422853882875,1.0,0.000158,0.01,0.0,0.0004481607000289069,8.206568394596354e-06,0.0
0.002899422853882875,1.0,0.0002,0.01,0.0,0.0004481607000289069,8.206568394596354e-06,0.0
0.002899422853882875,1.0,0.000251,0.01,0.0,0.0004481607000289069,8.206568394596354e-06,0.0
0.002899422853882875,1.0,0.000316,0.01,0.0,0.0004481607000289069,8.206568394596354e-06,0.0
0.002899422853882875,1.0,0.000398,0.01,0.0,0.0004481607000289069,8.206568394596354e-06,0.0
0.002899422853882875,1.0,0.000501,0.01,0.0,0.0004481607000289069,8.206568394596354e-06,0.0
0.002899422853882875,1.0,0.000631,0.01,0.0,0.0004481607000289069,8.206568394596354e-06,0.0
0.002899422853882875,1.0,0.000794,0.01,0.0,0.0004481607000289069,8.206568394596354e-06,0.0
0.002899422853882875,1.0,0.001,0.01,0.0,0.0004481607000289069,8.206568394596354e-06,0.0
0.002899422853882875,1.0,0.00126,0.01,0.0,0.0004481607000289069,8.206568394596354e-06,0.0
0.002899422853882875,1.0,0.00158,0.01,0.0,0.0004481607000289069,8.206568394596354e-06,0.0
0.002899422853882875,1.0,0.002,0.01,0.0,0.0004481607000289069,8.206568394596354e-06,0.0
0.002899422853882875,1.0,0.00251,0.01,0.0,0.0004481607000289069,8.206568394596354e-06,0.0
0.002899422853882875,1.0,0.00316,0.01,0.0,0.0004481607000289069,8.206568394596354e-06,0.0
0.002899422853882875,1.0,0.00398,0.01,0.0,0.0004481607000289069,8.206568394596354e-06,0.0
0.002899422853882875,1.0,0.00501,0.01,0.0,0.0004481607000289069,8.206568394596354e-06,0.0
0.002899422853882875,1.0,0.00631,0.01,0.0,0.0004481607000289069,8.206568394596354e-06,0.0
0.0030367711180354575,1.0,1e-06,0.01,0.0,0.0004916255318103397,9.002481813044126e-06,0.0
0.0030367711180354575,1.0,1.26e-06,0.01,0.0,0.0004916255318103397,9.002481813044126e-06,0.0
0.0030367711180354575,1.0,1.58e-06,0.01,0.0,0.0004916255318103397,9.002481813044126e-06,0.0
0.0030367711180354575,1.0,2e-06,0.01,0.0,0.0004916255318103397,9.002481813044126e-06,0.0
0.0030367711180354575,1.0,2.51e-06,0.01,0.0,0.0004916255318103397,9.002481813044126e-06,0.0
0.0030367711180354575,1.0,3.16e-06,0.01,0.0,0.0004916255318103397,9.002481813044126e-06,0.0
0.0030367711180354575,1.0,3.98e-06,0.01,0.0,0.0004916255318103397,9.002481813044126e-06,0.0
0.0030367711180354575,1.0,5.01e-06,0.01,6.666666666666667e-05,0.0004916255318103397,9.002481813044126e-06,0.00039330042544827174
0.0030367711180354575,1.0,7.94e-06,0.01,3.3333333333333335e-05,0.0004916255318103397,9.002481813044126e-06,0.00019665021272413587
0.0030367711180354575,1.0,1e-05,0.01,3.3333333333333335e-05,0.0004916255318103397,9.002481813044126e-06,0.00019665021272413587
0.0030367711180354575,1.0,1.26e-05,0.01,6.666666666666667e-05,0.0004916255318103397,9.002481813044126e-06,0.00039330042544827174
0.0030367711180354575,1.0,1.58e-05,0.01,3.3333333333333335e-05,0.0004916255318103397,9.002481813044126e-06,0.00019665021272413587
0.0030367711180354575,1.0,2e-05,0.01,0.00016666666666666666,0.0004916255318103397,9.002481813044126e-06,0.0009832510636206793
0.0030367711180354575,1.0,2.51e-05,0.01,0.00016666666666666666,0.0004916255318103397,9.002481813044126e-06,0.0009832510636206793
0.0030367711180354575,1.0,3.16e-05,0.01,0.0002,0.0004916255318103397,9.002481813044126e-06,0.0011799012763448154
0.0030367711180354575,1.0,3.98e-05,0.01,0.0003333333333333333,0.0004916255318103397,9.002481813044126e-06,0.0019665021272413587
0.0030367711180354575,1.0,6.31e-05,0.01,0.0001,0.0004916255318103397,9.002481813044126e-06,0.0005899506381724077
0.0030367711180354575,1.0,7.94e-05,0.01,6.666666666666667e-05,0.0004916255318103397,9.002481813044126e-06,0.00039330042544827174
0.0030367711180354575,1.0,0.0001,0.01,0.0,0.0004916255318103397,9.002481813044126e-06,0.0
0.0030367711180354575,1.0,0.000126,0.01,0.0,0.0004916255318103397,9.002481813044126e-06,0.0
0.0030367711180354575,1.0,0.000158,0.01,0.0,0.0004916255318103397,9.002481813044126e-06,0.0
0.0030367711180354575,1.0,0.0002,0.01,0.0,0.0004916255318103397,9.002481813044126e-06,0.0
0.0030367711180354575,1.0,0.000251,0.01,0.0,0.0004916255318103397,9.002481813044126e-06,0.0
0.0030367711180354575,1.0,0.000316,0.01,0.0,0.0004916255318103397,9.002481813044126e-06,0.0
0.0030367711180354575,1.0,0.000398,0.01,0.0,0.0004916255318103397,9.002481813044126e-06,0.0
0.0030367711180354575,1.0,0.000501,0.01,0.0,0.0004916255318103397,9.002481813044126e-06,0.0
0.0030367711180354575,1.0,0.000631,0.01,0.0,0.0004916255318103397,9.002481813044126e-06,0.0
0.0030367711180354575,1.0,0.000794,0.01,0.0,0.0004916255318103397,9.002481813044126e-06,0.0
0.0030367711180354575,1.0,0.001,0.01,0.0,0.0004916255318103397,9.002481813044126e-06,0.0
0.0030367711180354575,1.0,0.00126,0.01,0.0,0.0004916255318103397,9.002481813044126e-06,0.0
0.0030367711180354575,1.0,0.00158,0.01,0.0,0.0004916255318103397,9.002481813044126e-06,0.0
0.0030367711180354575,1.0,0.002,0.01,0.0,0.0004916255318103397,9.002481813044126e-06,0.0
0.0030367711180354575,1.0,0.00251,0.01,0.0,0.0004916255318103397,9.002481813044126e-06,0.0
0.0030367711180354575,1.0,0.00316,0.01,0.0,0.0004916255318103397,9.002481813044126e-06,0.0
0.0030367711180354575,1.0,0.00398,0.01,0.0,0.0004916255318103397,9.002481813044126e-06,0.0
0.0030367711180354575,1.0,0.00501,0.01,0.0,0.0004916255318103397,9.002481813044126e-06,0.0
0.0030367711180354575,1.0,0.00631,0.01,0.0,0.0004916255318103397,9.002481813044126e-06,0.0
0.0031806256927941192,1.0,1e-06,0.01,0.0,0.000539305755402431,9.875586072192475e-06,0.0
0.0031806256927941192,1.0,1.26e-06,0.01,0.0,0.000539305755402431,9.875586072192475e-06,0.0
0.0031806256927941192,1.0,1.58e-06,0.01,0.0,0.000539305755402431,9.875586072192475e-06,0.0
0.0031806256927941192,1.0,2e-06,0.01,0.0,0.000539305755402431,9.875586072192475e-06,0.0
0.0031806256927941192,1.0,2.51e-06,0.01,0.0,0.000539305755402431,9.875586072192475e-06,0.0
0.0031806256927941192,1.0,3.16e-06,0.01,0.0,0.000539305755402431,9.875586072192475e-06,0.0
0.0031806256927941192,1.0,3.98e-06,0.01,0.0,0.000539305755402431,9.875586072192475e-06,0.0
0.0031806256927941192,1.0,5.01e-06,0.01,6.666666666666667e-05,0.000539305755402431,9.875586072192475e-06,0.00043144460432194493
0.0031806256927941192,1.0,7.94e-06,0.01,3.3333333333333335e-05,0.000539305755402431,9.875586072192475e-06,0.00021572230216097246
0.0031806256927941192,1.0,1e-05,0.01,3.3333333333333335e-05,0.000539305755402431,9.875586072192475e-06,0.00021572230216097246
0.0031806256927941192,1.0,1.26e-05,0.01,6.666666666666667e-05,0.000539305755402431,9.875586072192475e-06,0.00043144460432194493
0.0031806256927941192,1.0,1.58e-05,0.01,3.3333333333333335e-05,0.000539305755402431,9.875586072192475e-06,0.00021572230216097246
0.0031806256927941192,1.0,2e-05,0.01,0.00016666666666666666,0.000539305755402431,9.875586072192475e-06,0.001078611510804862
0.0031806256927941192,1.0,2.51e-05,0.01,0.00016666666666666666,0.000539305755402431,9.875586072192475e-06,0.001078611510804862
0.0031806256927941192,1.0,3.16e-05,0.01,0.0002,0.000539305755402431,9.875586072192475e-06,0.0012943338129658348
0.0031806256927941192,1.0,3.98e-05,0.01,0.0003333333333333333,0.000539305755402431,9.875586072192475e-06,0.002157223021609724
0.0031806256927941192,1.0,6.31e-05,0.01,0.0001,0.000539305755402431,9.875586072192475e-06,0.0006471669064829174
0.0031806256927941192,1.0,7.94e-05,0.01,6.666666666666667e-05,0.000539305755402431,9.875586072192475e-06,0.00043144460432194493
0.0031806256927941192,1.0,0.0001,0.01,0.0,0.000539305755402431,9.875586072192475e-06,0.0
0.0031806256927941192,1.0,0.000126,0.01,0.0,0.000539305755402431,9.875586072192475e-06,0.0
0.0031806256927941192,1.0,0.000158,0.01,0.0,0.000539305755402431,9.875586072192475e-06,0.0
0.0031806256927941192,1.0,0.0002,0.01,0.0,0.000539305755402431,9.875586072192475e-06,0.0
0.0031806256927941192,1.0,0.000251,0.01,0.0,0.000539305755402431,9.875586072192475e-06,0.0
0.0031806256927941192,1.0,0.000316,0.01,0.0,0.000539305755402431,9.875586072192475e-06,0.0
0.0031806256927941192,1.0,0.000398,0.01,0.0,0.000539305755402431,9.875586072192475e-06,0.0
0.0031806256927941192,1.0,0.000501,0.01,0.0,0.000539305755402431,9.875586072192475e-06,0.0
0.0031806256927941192,1.0,0.000631,0.01,0.0,0.000539305755402431,9.875586072192475e-06,0.0
0.0031806256927941192,1.0,0.000794,0.01,0.0,0.000539305755402431,9.875586072192475e-06,0.0
0.0031806256927941192,1.0,0.001,0.01,0.0,0.000539305755402431,9.875586072192475e-06,0.0
0.0031806256927941192,1.0,0.00126,0.01,0.0,0.000539305755402431,9.875586072192475e-06,0.0
0.0031806256927941192,1.0,0.00158,0.01,0.0,0.000539305755402431,9.875586072192475e-06,0.0
0.0031806256927941192,1.0,0.002,0.01,0.0,0.000539305755402431,9.875586072192475e-06,0.0
0.0031806256927941192,1.0,0.00251,0.01,0.0,0.000539305755402431,9.875586072192475e-06,0.0
0.0031806256927941192,1.0,0.00316,0.01,0.0,0.000539305755402431,9.875586072192475e-06,0.0
0.0031806256927941192,1.0,0.00398,0.01,0.0,0.000539305755402431,9.875586072192475e-06,0.0
0.0031806256927941192,1.0,0.00501,0.01,0.0,0.000539305755402431,9.875586072192475e-06,0.0
0.0031806256927941192,1.0,0.00631,0.01,0.0,0.000539305755402431,9.875586072192475e-06,0.0
0.0033312947879346735,1.0,1e-06,0.01,0.0,0.0005916101877588253,1.0833367290950839e-05,0.0
0.0033312947879346735,1.0,1.26e-06,0.01,0.0,0.0005916101877588253,1.0833367290950839e-05,0.0
0.0033312947879346735,1.0,1.58e-06,0.01,0.0,0.0005916101877588253,1.0833367290950839e-05,0.0
0.0033312947879346735,1.0,2e-06,0.01,0.0,0.0005916101877588253,1.0833367290950839e-05,0.0
0.0033312947879346735,1.0,2.51e-06,0.01,0.0,0.0005916101877588253,1.0833367290950839e-05,0.0
0.0033312947879346735,1.0,3.16e-06,0.01,0.0,0.0005916101877588253,1.0833367290950839e-05,0.0
0.0033312947879346735,1.0,3.98e-06,0.01,0.0,0.0005916101877588253,1.0833367290950839e-05,0.0
0.0033312947879346735,1.0,5.01e-06,0.01,6.666666666666667e-05,0.0005916101877588253,1.0833367290950839e-05,0.00047328815020706026
0.0033312947879346735,1.0,7.94e-06,0.01,3.3333333333333335e-05,0.0005916101877588253,1.0833367290950839e-05,0.00023664407510353013
0.0033312947879346735,1.0,1e-05,0.01,3.3333333333333335e-05,0.0005916101877588253,1.0833367290950839e-05,0.00023664407510353013
0.0033312947879346735,1.0,1.26e-05,0.01,6.666666666666667e-05,0.0005916101877588253,1.0833367290950839e-05,0.00047328815020706026
0.0033312947879346735,1.0,1.58e-05,0.01,3.3333333333333335e-05,0.0005916101877588253,1.0833367290950839e-05,0.00023664407510353013
0.0033312947879346735,1.0,2e-05,0.01,0.00016666666666666666,0.0005916101877588253,1.0833367290950839e-05,0.0011832203755176506
0.0033312947879346735,1.0,2.51e-05,0.01,0.00016666666666666666,0.0005916101877588253,1.0833367290950839e-05,0.0011832203755176506
0.0033312947879346735,1.0,3.16e-05,0.01,0.0002,0.0005916101877588253,1.0833367290950839e-05,0.0014198644506211808
0.0033312947879346735,1.0,3.98e-05,0.01,0.0003333333333333333,0.0005916101877588253,1.0833367290950839e-05,0.0023664407510353013
0.0033312947879346735,1.0,6.31e-05,0.01,0.0001,0.0005916101877588253,1.0833367290950839e-05,0.0007099322253105904
0.0033312947879346735,1.0,7.94e-05,0.01,6.666666666666667e-05,0.0005916101877588253,1.0833367290950839e-05,0.00047328815020706026
0.0033312947879346735,1.0,0.0001,0.01,0.0,0.0005916101877588253,1.0833367290950839e-05,0.0
0.0033312947879346735,1.0,0.000126,0.01,0.0,0.0005916101877588253,1.0833367290950839e-05,0.0
0.0033312947879346735,1.0,0.000158,0.01,0.0,0.0005916101877588253,1.0833367290950839e-05,0.0
0.0033312947879346735,1.0,0.0002,0.01,0.0,0.0005916101877588253,1.0833367290950839e-05,0.0
0.0033312947879346735,1.0,0.000251,0.01,0.0,0.0005916101877588253,1.0833367290950839e-05,0.0
0.0033312947879346735,1.0,0.000316,0.01,0.0,0.0005916101877588253,1.0833367290950839e-05,0.0
0.0033312947879346735,1.0,0.000398,0.01,0.0,0.0005916101877588253,1.0833367290950839e-05,0.0
0.0033312947879346735,1.0,0.000501,0.01,0.0,0.0005916101877588253,1.0833367290950839e-05,0.0
0.0033312947879346735,1.0,0.000631,0.01,0.0,0.0005916101877588253,1.0833367290950839e-05,0.0
0.0033312947879346735,1.0,0.000794,0.01,0.0,0.0005916101877588253,1.0833367290950839e-05,0.0
0.0033312947879346735,1.0,0.001,0.01,0.0,0.0005916101877588253,1.0833367290950839e-05,0.0
0.0033312947879346735,1.0,0.00126,0.01,0.0,0.0005916101877588253,1.0833367290950839e-05,0.0
0.0033312947879346735,1.0,0.00158,0.01,0.0,0.0005916101877588253,1.0833367290950839e-05,0.0
0.0033312947879346735,1.0,0.002,0.01,0.0,0.0005916101877588253,1.0833367290950839e-05,0.0
0.0033312947879346735,1.0,0.00251,0.01,0.0,0.0005916101877588253,1.0833367290950839e-05,0.0
0.0033312947879346735,1.0,0.00316,0.01,0.0,0.0005916101877588253,1.0833367290950839e-05,0.0
0.0033312947879346735,1.0,0.00398,0.01,0.0,0.0005916101877588253,1.0833367290950839e-05,0.0
0.0033312947879346735,1.0,0.00501,0.01,0.0,0.0005916101877588253,1.0833367290950839e-05,0.0
0.0033312947879346735,1.0,0.00631,0.01,0.0,0.0005916101877588253,1.0833367290950839e-05,0.0
0.0034891012134067737,1.0,1e-06,0.01,0.0,0.0006489872919801121,1.1884037575171436e-05,0.0
0.0034891012134067737,1.0,1.26e-06,0.01,0.0,0.0006489872919801121,1.1884037575171436e-05,0.0
0.0034891012134067737,1.0,1.58e-06,0.01,0.0,0.0006489872919801121,1.1884037575171436e-05,0.0
0.0034891012134067737,1.0,2e-06,0.01,0.0,0.0006489872919801121,1.1884037575171436e-05,0.0
0.0034891012134067737,1.0,2.51e-06,0.01,0.0,0.0006489872919801121,1.1884037575171436e-05,0.0
0.0034891012134067737,1.0,3.16e-06,0.01,0.0,0.0006489872919801121,1.1884037575171436e-05,0.0
0.0034891012134067737,1.0,3.98e-06,0.01,0.0,0.0006489872919801121,1.1884037575171436e-05,0.0
0.0034891012134067737,1.0,5.01e-06,0.01,6.666666666666667e-05,0.0006489872919801121,1.1884037575171436e-05,0.0005191898335840898
0.0034891012134067737,1.0,7.94e-06,0.01,3.3333333333333335e-05,0.0006489872919801121,1.1884037575171436e-05,0.0002595949167920449
0.0034891012134067737,1.0,1e-05,0.01,3.3333333333333335e-05,0.0006489872919801121,1.1884037575171436e-05,0.0002595949167920449
0.0034891012134067737,1.0,1.26e-05,0.01,6.666666666666667e-05,0.0006489872919801121,1.1884037575171436e-05,0.0005191898335840898
0.0034891012134067737,1.0,1.58e-05,0.01,3.3333333333333335e-05,0.0006489872919801121,1.1884037575171436e-05,0.0002595949167920449
0.0034891012134067737,1.0,2e-05,0.01,0.00016666666666666666,0.0006489872919801121,1.1884037575171436e-05,0.0012979745839602243
0.0034891012134067737,1.0,2.51e-05,0.01,0.00016666666666666666,0.0006489872919801121,1.1884037575171436e-05,0.0012979745839602243
0.0034891012134067737,1.0,3.16e-05,0.01,0.0002,0.0006489872919801121,1.1884037575171436e-05,0.0015575695007522693
0.0034891012134067737,1.0,3.98e-05,0.01,0.0003333333333333333,0.0006489872919801121,1.1884037575171436e-05,0.0025959491679204486
0.0034891012134067737,1.0,6.31e-05,0.01,0.0001,0.0006489872919801121,1.1884037575171436e-05,0.0007787847503761346
0.0034891012134067737,1.0,7.94e-05,0.01,6.666666666666667e-05,0.0006489872919801121,1.1884037575171436e-05,0.0005191898335840898
0.0034891012134067737,1.0,0.0001,0.01,0.0,0.0006489872919801121,1.1884037575171436e-05,0.0
0.0034891012134067737,1.0,0.000126,0.01,0.0,0.0006489872919801121,1.1884037575171436e-05,0.0
0.0034891012134067737,1.0,0.000158,0.01,0.0,0.0006489872919801121,1.1884037575171436e-05,0.0
0.0034891012134067737,1.0,0.0002,0.01,0.0,0.0006489872919801121,1.1884037575171436e-05,0.0
0.0034891012134067737,1.0,0.000251,0.01,0.0,0.0006489872919801121,1.1884037575171436e-05,0.0
0.0034891012134067737,1.0,0.000316,0.01,0.0,0.0006489872919801121,1.1884037575171436e-05,0.0
0.0034891012134067737,1.0,0.000398,0.01,0.0,0.0006489872919801121,1.1884037575171436e-05,0.0
0.0034891012134067737,1.0,0.000501,0.01,0.0,0.0006489872919801121,1.1884037575171436e-05,0.0
0.0034891012134067737,1.0,0.000631,0.01,0.0,0.0006489872919801121,1.1884037575171436e-05,0.0
0.0034891012134067737,1.0,0.000794,0.01,0.0,0.0006489872919801121,1.1884037575171436e-05,0.0
0.0034891012134067737,1.0,0.001,0.01,0.0,0.0006489872919801121,1.1884037575171436e-05,0.0
0.0034891012134067737,1.0,0.00126,0.01,0.0,0.0006489872919801121,1.1884037575171436e-05,0.0
0.0034891012134067737,1.0,0.00158,0.01,0.0,0.0006489872919801121,1.1884037575171436e-05,0.0
0.0034891012134067737,1.0,0.002,0.01,0.0,0.0006489872919801121,1.1884037575171436e-05,0.0
0.0034891012134067737,1.0,0.00251,0.01,0.0,0.0006489872919801121,1.1884037575171436e-05,0.0
0.0034891012134067737,1.0,0.00316,0.01,0.0,0.0006489872919801121,1.1884037575171436e-05,0.0
0.0034891012134067737,1.0,0.00398,0.01,0.0,0.0006489872919801121,1.1884037575171436e-05,0.0
0.0034891012134067737,1.0,0.00501,0.01,0.0,0.0006489872919801121,1.1884037575171436e-05,0.0
0.0034891012134067737,1.0,0.00631,0.01,0.0,0.0006489872919801121,1.1884037575171436e-05,0.0
0.0036543830709572546,1.0,1e-06,0.01,0.0,0.000711929021757627,1.3036605415814447e-05,0.0
0.0036543830709572546,1.0,1.26e-06,0.01,0.0,0.000711929021757627,1.3036605415814447e-05,0.0
0.0036543830709572546,1.0,1.58e-06,0.01,0.0,0.000711929021757627,1.3036605415814447e-05,0.0
0.0036543830709572546,1.0,2e-06,0.01,0.0,0.000711929021757627,1.3036605415814447e-05,0.0
0.0036543830709572546,1.0,2.51e-06,0.01,0.0,0.000711929021757627,1.3036605415814447e-05,0.0
0.0036543830709572546,1.0,3.16e-06,0.01,0.0,0.000711929021757627,1.3036605415814447e-05,0.0
0.0036543830709572546,1.0,3.98e-06,0.01,0.0,0.000711929021757627,1.3036605415814447e-05,0.0
0.0036543830709572546,1.0,5.01e-06,0.01,6.666666666666667e-05,0.000711929021757627,1.3036605415814447e-05,0.0005695432174061017
0.0036543830709572546,1.0,7.94e-06,0.01,3.3333333333333335e-05,0.000711929021757627,1.3036605415814447e-05,0.00028477160870305087
0.0036543830709572546,1.0,1e-05,0.01,3.3333333333333335e-05,0.000711929021757627,1.3036605415814447e-05,0.00028477160870305087
0.0036543830709572546,1.0,1.26e-05,0.01,6.666666666666667e-05,0.000711929021757627,1.3036605415814447e-05,0.0005695432174061017
0.0036543830709572546,1.0,1.58e-05,0.01,3.3333333333333335e-05,0.000711929021757627,1.3036605415814447e-05,0.00028477160870305087
0.0036543830709572546,1.0,2e-05,0.01,0.00016666666666666666,0.000711929021757627,1.3036605415814447e-05,0.0014238580435152542
0.0036543830709572546,1.0,2.51e-05,0.01,0.00016666666666666666,0.000711929021757627,1.3036605415814447e-05,0.0014238580435152542
0.0036543830709572546,1.0,3.16e-05,0.01,0.0002,0.000711929021757627,1.3036605415814447e-05,0.0017086296522183051
0.0036543830709572546,1.0,3.98e-05,0.01,0.0003333333333333333,0.000711929021757627,1.3036605415814447e-05,0.0028477160870305084
0.0036543830709572546,1.0,6.31e-05,0.01,0.0001,0.000711929021757627,1.3036605415814447e-05,0.0008543148261091526
0.0036543830709572546,1.0,7.94e-05,0.01,6.666666666666667e-05,0.000711929021757627,1.3036605415814447e-05,0.0005695432174061017
0.0036543830709572546,1.0,0.0001,0.01,0.0,0.000711929021757627,1.3036605415814447e-05,0.0
0.0036543830709572546,1.0,0.000126,0.01,0.0,0.000711929021757627,1.3036605415814447e-05,0.0
0.0036543830709572546,1.0,0.000158,0.01,0.0,0.000711929021757627,1.3036605415814447e-05,0.0
0.0036543830709572546,1.0,0.0002,0.01,0.0,0.000711929021757627,1.3036605415814447e-05,0.0
0.0036543830709572546,1.0,0.000251,0.01,0.0,0.000711929021757627,1.3036605415814447e-05,0.0
0.0036543830709572546,1.0,0.000316,0.01,0.0,0.000711929021757627,1.3036605415814447e-05,0.0
0.0036543830709572546,1.0,0.000398,0.01,0.0,0.000711929021757627,1.3036605415814447e-05,0.0
0.0036543830709572546,1.0,0.000501,0.01,0.0,0.000711929021757627,1.3036605415814447e-05,0.0
0.0036543830709572546,1.0,0.000631,0.01,0.0,0.000711929021757627,1.3036605415814447e-05,0.0
0.0036543830709572546,1.0,0.000794,0.01,0.0,0.000711929021757627,1.3036605415814447e-05,0.0
0.0036543830709572546,1.0,0.001,0.01,0.0,0.000711929021757627,1.3036605415814447e-05,0.0
0.0036543830709572546,1.0,0.00126,0.01,0.0,0.000711929021757627,1.3036605415814447e-05,0.0
0.0036543830709572546,1.0,0.00158,0.01,0.0,0.000711929021757627,1.3036605415814447e-05,0.0
0.0036543830709572546,1.0,0.002,0.01,0.0,0.000711929021757627,1.3036605415814447e-05,0.0
0.0036543830709572546,1.0,0.00251,0.01,0.0,0.000711929021757627,1.3036605415814447e-05,0.0
0.0036543830709572546,1.0,0.00316,0.01,0.0,0.000711929021757627,1.3036605415814447e-05,0.0
0.0036543830709572546,1.0,0.00398,0.01,0.0,0.000711929021757627,1.3036605415814447e-05,0.0
0.0036543830709572546,1.0,0.00501,0.01,0.0,0.000711929021757627,1.3036605415814447e-05,0.0
0.0036543830709572546,1.0,0.00631,0.01,0.0,0.000711929021757627,1.3036605415814447e-05,0.0
0.003827494478516311,1.0,1e-06,0.01,0.0,0.0007809750385375787,1.4300952912242788e-05,0.0
0.003827494478516311,1.0,1.26e-06,0.01,0.0,0.0007809750385375787,1.4300952912242788e-05,0.0
0.003827494478516311,1.0,1.58e-06,0.01,0.0,0.0007809750385375787,1.4300952912242788e-05,0.0
0.003827494478516311,1.0,2e-06,0.01,0.0,0.0007809750385375787,1.4300952912242788e-05,0.0
0.003827494478516311,1.0,2.51e-06,0.01,0.0,0.0007809750385375787,1.4300952912242788e-05,0.0
0.003827494478516311,1.0,3.16e-06,0.01,0.0,0.0007809750385375787,1.4300952912242788e-05,0.0
0.003827494478516311,1.0,3.98e-06,0.01,0.0,0.0007809750385375787,1.4300952912242788e-05,0.0
0.003827494478516311,1.0,5.01e-06,0.01,6.666666666666667e-05,0.0007809750385375787,1.4300952912242788e-05,0.000624780030830063
0.003827494478516311,1.0,7.94e-06,0.01,3.3333333333333335e-05,0.0007809750385375787,1.4300952912242788e-05,0.0003123900154150315
0.003827494478516311,1.0,1e-05,0.01,3.3333333333333335e-05,0.0007809750385375787,1.4300952912242788e-05,0.0003123900154150315
0.003827494478516311,1.0,1.26e-05,0.01,6.666666666666667e-05,0.0007809750385375787,1.4300952912242788e-05,0.000624780030830063
0.003827494478516311,1.0,1.58e-05,0.01,3.3333333333333335e-05,0.0007809750385375787,1.4300952912242788e-05,0.0003123900154150315
0.003827494478516311,1.0,2e-05,0.01,0.00016666666666666666,0.0007809750385375787,1.4300952912242788e-05,0.0015619500770751573
0.003827494478516311,1.0,2.51e-05,0.01,0.00016666666666666666,0.0007809750385375787,1.4300952912242788e-05,0.0015619500770751573
0.003827494478516311,1.0,3.16e-05,0.01,0.0002,0.0007809750385375787,1.4300952912242788e-05,0.0018743400924901888
0.003827494478516311,1.0,3.98e-05,0.01,0.0003333333333333333,0.0007809750385375787,1.4300952912242788e-05,0.0031239001541503147
0.003827494478516311,1.0,6.31e-05,0.01,0.0001,0.0007809750385375787,1.4300952912242788e-05,0.0009371700462450944
0.003827494478516311,1.0,7.94e-05,0.01,6.666666666666667e-05,0.0007809750385375787,1.4300952912242788e-05,0.000624780030830063
0.003827494478516311,1.0,0.0001,0.01,0.0,0.0007809750385375787,1.4300952912242788e-05,0.0
0.003827494478516311,1.0,0.000126,0.01,0.0,0.0007809750385375787,1.4300952912242788e-05,0.0
0.003827494478516311,1.0,0.000158,0.01,0.0,0.0007809750385375787,1.4300952912242788e-05,0.0
0.003827494478516311,1.0,0.0002,0.01,0.0,0.0007809750385375787,1.4300952912242788e-05,0.0
0.003827494478516311,1.0,0.000251,0.01,0.0,0.0007809750385375787,1.4300952912242788e-05,0.0
0.003827494478516311,1.0,0.000316,0.01,0.0,0.0007809750385375787,1.4300952912242788e-05,0.0
0.003827494478516311,1.0,0.000398,0.01,0.0,0.0007809750385375787,1.4300952912242788e-05,0.0
0.003827494478516311,1.0,0.000501,0.01,0.0,0.0007809750385375787,1.4300952912242788e-05,0.0
0.003827494478516311,1.0,0.000631,0.01,0.0,0.0007809750385375787,1.4300952912242788e-05,0.0
0.003827494478516311,1.0,0.000794,0.01,0.0,0.0007809750385375787,1.4300952912242788e-05,0.0
0.003827494478516311,1.0,0.001,0.01,0.0,0.0007809750385375787,1.4300952912242788e-05,0.0
0.003827494478516311,1.0,0.00126,0.01,0.0,0.0007809750385375787,1.4300952912242788e-05,0.0
0.003827494478516311,1.0,0.00158,0.01,0.0,0.0007809750385375787,1.4300952912242788e-05,0.0
0.003827494478516311,1.0,0.002,0.01,0.0,0.0007809750385375787,1.4300952912242788e-05,0.0
0.003827494478516311,1.0,0.00251,0.01,0.0,0.0007809750385375787,1.4300952912242788e-05,0.0
0.003827494478516311,1.0,0.00316,0.01,0.0,0.0007809750385375787,1.4300952912242788e-05,0.0
0.003827494478516311,1.0,0.00398,0.01,0.0,0.0007809750385375787,1.4300952912242788e-05,0.0
0.003827494478516311,1.0,0.00501,0.01,0.0,0.0007809750385375787,1.4300952912242788e-05,0.0
0.003827494478516311,1.0,0.00631,0.01,0.0,0.0007809750385375787,1.4300952912242788e-05,0.0
0.004008806328898464,1.0,1e-06,0.01,0.0,0.0008567173375263762,1.568792048207977e-05,0.0
0.004008806328898464,1.0,1.26e-06,0.01,0.0,0.0008567173375263762,1.568792048207977e-05,0.0
0.004008806328898464,1.0,1.58e-06,0.01,0.0,0.0008567173375263762,1.568792048207977e-05,0.0
0.004008806328898464,1.0,2e-06,0.01,0.0,0.0008567173375263762,1.568792048207977e-05,0.0
0.004008806328898464,1.0,2.51e-06,0.01,0.0,0.0008567173375263762,1.568792048207977e-05,0.0
0.004008806328898464,1.0,3.16e-06,0.01,0.0,0.0008567173375263762,1.568792048207977e-05,0.0
0.004008806328898464,1.0,3.98e-06,0.01,0.0,0.0008567173375263762,1.568792048207977e-05,0.0
0.004008806328898464,1.0,5.01e-06,0.01,6.666666666666667e-05,0.0008567173375263762,1.568792048207977e-05,0.0006853738700211011
0.004008806328898464,1.0,7.94e-06,0.01,3.3333333333333335e-05,0.0008567173375263762,1.568792048207977e-05,0.00034268693501055057
0.004008806328898464,1.0,1e-05,0.01,3.3333333333333335e-05,0.0008567173375263762,1.568792048207977e-05,0.00034268693501055057
0.004008806328898464,1.0,1.26e-05,0.01,6.666666666666667e-05,0.0008567173375263762,1.568792048207977e-05,0.0006853738700211011
0.004008806328898464,1.0,1.58e-05,0.01,3.3333333333333335e-05,0.0008567173375263762,1.568792048207977e-05,0.00034268693501055057
0.004008806328898464,1.0,2e-05,0.01,0.00016666666666666666,0.0008567173375263762,1.568792048207977e-05,0.0017134346750527524
0.004008806328898464,1.0,2.51e-05,0.01,0.00016666666666666666,0.0008567173375263762,1.568792048207977e-05,0.0017134346750527524
0.004008806328898464,1.0,3.16e-05,0.01,0.0002,0.0008567173375263762,1.568792048207977e-05,0.002056121610063303
0.004008806328898464,1.0,3.98e-05,0.01,0.0003333333333333333,0.0008567173375263762,1.568792048207977e-05,0.003426869350105505
0.004008806328898464,1.0,6.31e-05,0.01,0.0001,0.0008567173375263762,1.568792048207977e-05,0.0010280608050316515
0.004008806328898464,1.0,7.94e-05,0.01,6.666666666666667e-05,0.0008567173375263762,1.568792048207977e-05,0.0006853738700211011
0.004008806328898464,1.0,0.0001,0.01,0.0,0.0008567173375263762,1.568792048207977e-05,0.0
0.004008806328898464,1.0,0.000126,0.01,0.0,0.0008567173375263762,1.568792048207977e-05,0.0
0.004008806328898464,1.0,0.000158,0.01,0.0,0.0008567173375263762,1.568792048207977e-05,0.0
0.004008806328898464,1.0,0.0002,0.01,0.0,0.0008567173375263762,1.568792048207977e-05,0.0
0.004008806328898464,1.0,0.000251,0.01,0.0,0.0008567173375263762,1.568792048207977e-05,0.0
0.004008806328898464,1.0,0.000316,0.01,0.0,0.0008567173375263762,1.568792048207977e-05,0.0
0.004008806328898464,1.0,0.000398,0.01,0.0,0.0008567173375263762,1.568792048207977e-05,0.0
0.004008806328898464,1.0,0.000501,0.01,0.0,0.0008567173375263762,1.568792048207977e-05,0.0
0.004008806328898464,1.0,0.000631,0.01,0.0,0.0008567173375263762,1.568792048207977e-05,0.0
0.004008806328898464,1.0,0.000794,0.01,0.0,0.0008567173375263762,1.568792048207977e-05,0.0
0.004008806328898464,1.0,0.001,0.01,0.0,0.0008567173375263762,1.568792048207977e-05,0.0
0.004008806328898464,1.0,0.00126,0.01,0.0,0.0008567173375263762,1.568792048207977e-05,0.0
0.004008806328898464,1.0,0.00158,0.01,0.0,0.0008567173375263762,1.568792048207977e-05,0.0
0.004008806328898464,1.0,0.002,0.01,0.0,0.0008567173375263762,1.568792048207977e-05,0.0
0.004008806328898464,1.0,0.00251,0.01,0.0,0.0008567173375263762,1.568792048207977e-05,0.0
0.004008806328898464,1.0,0.00316,0.01,0.0,0.0008567173375263762,1.568792048207977e-05,0.0
0.004008806328898464,1.0,0.00398,0.01,0.0,0.0008567173375263762,1.568792048207977e-05,0.0
0.004008806328898464,1.0,0.00501,0.01,0.0,0.0008567173375263762,1.568792048207977e-05,0.0
0.004008806328898464,1.0,0.00631,0.01,0.0,0.0008567173375263762,1.568792048207977e-05,0.0
0.00419870708444391,1.0,1e-06,0.01,0.0,0.0009398053221556583,1.720939978311039e-05,0.0
0.00419870708444391,1.0,1.26e-06,0.01,0.0,0.0009398053221556583,1.720939978311039e-05,0.0
0.00419870708444391,1.0,1.58e-06,0.01,0.0,0.0009398053221556583,1.720939978311039e-05,0.0
0.00419870708444391,1.0,2e-06,0.01,0.0,0.0009398053221556583,1.720939978311039e-05,0.0
0.00419870708444391,1.0,2.51e-06,0.01,0.0,0.0009398053221556583,1.720939978311039e-05,0.0
0.00419870708444391,1.0,3.16e-06,0.01,0.0,0.0009398053221556583,1.720939978311039e-05,0.0
0.00419870708444391,1.0,3.98e-06,0.01,0.0,0.0009398053221556583,1.720939978311039e-05,0.0
0.00419870708444391,1.0,5.01e-06,0.01,6.666666666666667e-05,0.0009398053221556583,1.720939978311039e-05,0.0007518442577245268
0.00419870708444391,1.0,7.94e-06,0.01,3.3333333333333335e-05,0.0009398053221556583,1.720939978311039e-05,0.0003759221288622634
0.00419870708444391,1.0,1e-05,0.01,3.3333333333333335e-05,0.0009398053221556583,1.720939978311039e-05,0.0003759221288622634
0.00419870708444391,1.0,1.26e-05,0.01,6.666666666666667e-05,0.0009398053221556583,1.720939978311039e-05,0.0007518442577245268
0.00419870708444391,1.0,1.58e-05,0.01,3.3333333333333335e-05,0.0009398053221556583,1.720939978311039e-05,0.0003759221288622634
0.00419870708444391,1.0,2e-05,0.01,0.00016666666666666666,0.0009398053221556583,1.720939978311039e-05,0.0018796106443113168
0.00419870708444391,1.0,2.51e-05,0.01,0.00016666666666666666,0.0009398053221556583,1.720939978311039e-05,0.0018796106443113168
0.00419870708444391,1.0,3.16e-05,0.01,0.0002,0.0009398053221556583,1.720939978311039e-05,0.00225553277317358
0.00419870708444391,1.0,3.98e-05,0.01,0.0003333333333333333,0.0009398053221556583,1.720939978311039e-05,0.0037592212886226337
0.00419870708444391,1.0,6.31e-05,0.01,0.0001,0.0009398053221556583,1.720939978311039e-05,0.00112776638658679
0.00419870708444391,1.0,7.94e-05,0.01,6.666666666666667e-05,0.0009398053221556583,1.720939978311039e-05,0.0007518442577245268
0.00419870708444391,1.0,0.0001,0.01,0.0,0.0009398053221556583,1.720939978311039e-05,0.0
0.00419870708444391,1.0,0.000126,0.01,0.0,0.0009398053221556583,1.720939978311039e-05,0.0
0.00419870708444391,1.0,0.000158,0.01,0.0,0.0009398053221556583,1.720939978311039e-05,0.0
0.00419870708444391,1.0,0.0002,0.01,0.0,0.0009398053221556583,1.720939978311039e-05,0.0
0.00419870708444391,1.0,0.000251,0.01,0.0,0.0009398053221556583,1.720939978311039e-05,0.0
0.00419870708444391,1.0,0.000316,0.01,0.0,0.0009398053221556583,1.720939978311039e-05,0.0
0.00419870708444391,1.0,0.000398,0.01,0.0,0.0009398053221556583,1.720939978311039e-05,0.0
0.00419870708444391,1.0,0.000501,0.01,0.0,0.0009398053221556583,1.720939978311039e-05,0.0
0.00419870708444391,1.0,0.000631,0.01,0.0,0.0009398053221556583,1.720939978311039e-05,0.0
0.00419870708444391,1.0,0.000794,0.01,0.0,0.0009398053221556583,1.720939978311039e-05,0.0
0.00419870708444391,1.0,0.001,0.01,0.0,0.0009398053221556583,1.720939978311039e-05,0.0
0.00419870708444391,1.0,0.00126,0.01,0.0,0.0009398053221556583,1.720939978311039e-05,0.0
0.00419870708444391,1.0,0.00158,0.01,0.0,0.0009398053221556583,1.720939978311039e-05,0.0
0.00419870708444391,1.0,0.002,0.01,0.0,0.0009398053221556583,1.720939978311039e-05,0.0
0.00419870708444391,1.0,0.00251,0.01,0.0,0.0009398053221556583,1.720939978311039e-05,0.0
0.00419870708444391,1.0,0.00316,0.01,0.0,0.0009398053221556583,1.720939978311039e-05,0.0
0.00419870708444391,1.0,0.00398,0.01,0.0,0.0009398053221556583,1.720939978311039e-05,0.0
0.00419870708444391,1.0,0.00501,0.01,0.0,0.0009398053221556583,1.720939978311039e-05,0.0
0.00419870708444391,1.0,0.00631,0.01,0.0,0.0009398053221556583,1.720939978311039e-05,0.0
0.004397603609302721,1.0,1e-06,0.01,0.0,0.001030951370461142,1.8878435642943453e-05,0.0
0.004397603609302721,1.0,1.26e-06,0.01,0.0,0.001030951370461142,1.8878435642943453e-05,0.0
0.004397603609302721,1.0,1.58e-06,0.01,0.0,0.001030951370461142,1.8878435642943453e-05,0.0
0.004397603609302721,1.0,2e-06,0.01,0.0,0.001030951370461142,1.8878435642943453e-05,0.0
0.004397603609302721,1.0,2.51e-06,0.01,0.0,0.001030951370461142,1.8878435642943453e-05,0.0
0.004397603609302721,1.0,3.16e-06,0.01,0.0,0.001030951370461142,1.8878435642943453e-05,0.0
0.004397603609302721,1.0,3.98e-06,0.01,0.0,0.001030951370461142,1.8878435642943453e-05,0.0
0.004397603609302721,1.0,5.01e-06,0.01,6.666666666666667e-05,0.001030951370461142,1.8878435642943453e-05,0.0008247610963689139
0.004397603609302721,1.0,7.94e-06,0.01,3.3333333333333335e-05,0.001030951370461142,1.8878435642943453e-05,0.0004123805481844569
0.004397603609302721,1.0,1e-05,0.01,3.3333333333333335e-05,0.001030951370461142,1.8878435642943453e-05,0.0004123805481844569
0.004397603609302721,1.0,1.26e-05,0.01,6.666666666666667e-05,0.001030951370461142,1.8878435642943453e-05,0.0008247610963689139
0.004397603609302721,1.0,1.58e-05,0.01,3.3333333333333335e-05,0.001030951370461142,1.8878435642943453e-05,0.0004123805481844569
0.004397603609302721,1.0,2e-05,0.01,0.00016666666666666666,0.001030951370461142,1.8878435642943453e-05,0.002061902740922284
0.004397603609302721,1.0,2.51e-05,0.01,0.00016666666666666666,0.001030951370461142,1.8878435642943453e-05,0.002061902740922284
0.004397603609302721,1.0,3.16e-05,0.01,0.0002,0.001030951370461142,1.8878435642943453e-05,0.0024742832891067414
0.004397603609302721,1.0,3.98e-05,0.01,0.0003333333333333333,0.001030951370461142,1.8878435642943453e-05,0.004123805481844568
0.004397603609302721,1.0,6.31e-05,0.01,0.0001,0.001030951370461142,1.8878435642943453e-05,0.0012371416445533707
0.004397603609302721,1.0,7.94e-05,0.01,6.666666666666667e-05,0.001030951370461142,1.8878435642943453e-05,0.0008247610963689139
0.004397603609302721,1.0,0.0001,0.01,0.0,0.001030951370461142,1.8878435642943453e-05,0.0
0.004397603609302721,1.0,0.000126,0.01,0.0,0.001030951370461142,1.8878435642943453e-05,0.0
0.004397603609302721,1.0,0.000158,0.01,0.0,0.001030951370461142,1.8878435642943453e-05,0.0
0.004397603609302721,1.0,0.0002,0.01,0.0,0.001030951370461142,1.8878435642943453e-05,0.0
0.004397603609302721,1.0,0.000251,0.01,0.0,0.001030951370461142,1.8878435642943453e-05,0.0
0.004397603609302721,1.0,0.000316,0.01,0.0,0.001030951370461142,1.8878435642943453e-05,0.0
0.004397603609302721,1.0,0.000398,0.01,0.0,0.001030951370461142,1.8878435642943453e-05,0.0
0.004397603609302721,1.0,0.000501,0.01,0.0,0.001030951370461142,1.8878435642943453e-05,0.0
0.004397603609302721,1.0,0.000631,0.01,0.0,0.001030951370461142,1.8878435642943453e-05,0.0
0.004397603609302721,1.0,0.000794,0.01,0.0,0.001030951370461142,1.8878435642943453e-05,0.0
0.004397603609302721,1.0,0.001,0.01,0.0,0.001030951370461142,1.8878435642943453e-05,0.0
0.004397603609302721,1.0,0.00126,0.01,0.0,0.001030951370461142,1.8878435642943453e-05,0.0
0.004397603609302721,1.0,0.00158,0.01,0.0,0.001030951370461142,1.8878435642943453e-05,0.0
0.004397603609302721,1.0,0.002,0.01,0.0,0.001030951370461142,1.8878435642943453e-05,0.0
0.004397603609302721,1.0,0.00251,0.01,0.0,0.001030951370461142,1.8878435642943453e-05,0.0
0.004397603609302721,1.0,0.00316,0.01,0.0,0.001030951370461142,1.8878435642943453e-05,0.0
0.004397603609302721,1.0,0.00398,0.01,0.0,0.001030951370461142,1.8878435642943453e-05,0.0
0.004397603609302721,1.0,0.00501,0.01,0.0,0.001030951370461142,1.8878435642943453e-05,0.0
0.004397603609302721,1.0,0.00631,0.01,0.0,0.001030951370461142,1.8878435642943453e-05,0.0
0.004605922041145104,1.0,1e-06,0.01,0.0,0.0011309369410357152,2.0709337869176255e-05,0.0
0.004605922041145104,1.0,1.26e-06,0.01,0.0,0.0011309369410357152,2.0709337869176255e-05,0.0
0.004605922041145104,1.0,1.58e-06,0.01,0.0,0.0011309369410357152,2.0709337869176255e-05,0.0
0.004605922041145104,1.0,2e-06,0.01,0.0,0.0011309369410357152,2.0709337869176255e-05,0.0
0.004605922041145104,1.0,2.51e-06,0.01,0.0,0.0011309369410357152,2.0709337869176255e-05,0.0
0.004605922041145104,1.0,3.16e-06,0.01,0.0,0.0011309369410357152,2.0709337869176255e-05,0.0
0.004605922041145104,1.0,3.98e-06,0.01,0.0,0.0011309369410357152,2.0709337869176255e-05,0.0
0.004605922041145104,1.0,5.01e-06,0.01,6.666666666666667e-05,0.0011309369410357152,2.0709337869176255e-05,0.0009047495528285722
0.004605922041145104,1.0,7.94e-06,0.01,3.3333333333333335e-05,0.0011309369410357152,2.0709337869176255e-05,0.0004523747764142861
0.004605922041145104,1.0,1e-05,0.01,3.3333333333333335e-05,0.0011309369410357152,2.0709337869176255e-05,0.0004523747764142861
0.004605922041145104,1.0,1.26e-05,0.01,6.666666666666667e-05,0.0011309369410357152,2.0709337869176255e-05,0.0009047495528285722
0.004605922041145104,1.0,1.58e-05,0.01,3.3333333333333335e-05,0.0011309369410357152,2.0709337869176255e-05,0.0004523747764142861
0.004605922041145104,1.0,2e-05,0.01,0.00016666666666666666,0.0011309369410357152,2.0709337869176255e-05,0.0022618738820714304
0.004605922041145104,1.0,2.51e-05,0.01,0.00016666666666666666,0.0011309369410357152,2.0709337869176255e-05,0.0022618738820714304
0.004605922041145104,1.0,3.16e-05,0.01,0.0002,0.0011309369410357152,2.0709337869176255e-05,0.0027142486584857167
0.004605922041145104,1.0,3.98e-05,0.01,0.0003333333333333333,0.0011309369410357152,2.0709337869176255e-05,0.004523747764142861
0.004605922041145104,1.0,6.31e-05,0.01,0.0001,0.0011309369410357152,2.0709337869176255e-05,0.0013571243292428584
0.004605922041145104,1.0,7.94e-05,0.01,6.666666666666667e-05,0.0011309369410357152,2.0709337869176255e-05,0.0009047495528285722
0.004605922041145104,1.0,0.0001,0.01,0.0,0.0011309369410357152,2.0709337869176255e-05,0.0
0.004605922041145104,1.0,0.000126,0.01,0.0,0.0011309369410357152,2.0709337869176255e-05,0.0
0.004605922041145104,1.0,0.000158,0.01,0.0,0.0011309369410357152,2.0709337869176255e-05,0.0
0.004605922041145104,1.0,0.0002,0.01,0.0,0.0011309369410357152,2.0709337869176255e-05,0.0
0.004605922041145104,1.0,0.000251,0.01,0.0,0.0011309369410357152,2.0709337869176255e-05,0.0
0.004605922041145104,1.0,0.000316,0.01,0.0,0.0011309369410357152,2.0709337869176255e-05,0.0
0.004605922041145104,1.0,0.000398,0.01,0.0,0.0011309369410357152,2.0709337869176255e-05,0.0
0.004605922041145104,1.0,0.000501,0.01,0.0,0.0011309369410357152,2.0709337869176255e-05,0.0
0.004605922041145104,1.0,0.000631,0.01,0.0,0.0011309369410357152,2.0709337869176255e-05,0.0
0.004605922041145104,1.0,0.000794,0.01,0.0,0.0011309369410357152,2.0709337869176255e-05,0.0
0.004605922041145104,1.0,0.001,0.01,0.0,0.0011309369410357152,2.0709337869176255e-05,0.0
0.004605922041145104,1.0,0.00126,0.01,0.0,0.0011309369410357152,2.0709337869176255e-05,0.0
0.004605922041145104,1.0,0.00158,0.01,0.0,0.0011309369410357152,2.0709337869176255e-05,0.0
0.004605922041145104,1.0,0.002,0.01,0.0,0.0011309369410357152,2.0709337869176255e-05,0.0
0.004605922041145104,1.0,0.00251,0.01,0.0,0.0011309369410357152,2.0709337869176255e-05,0.0
0.004605922041145104,1.0,0.00316,0.01,0.0,0.0011309369410357152,2.0709337869176255e-05,0.0
0.004605922041145104,1.0,0.00398,0.01,0.0,0.0011309369410357152,2.0709337869176255e-05,0.0
0.004605922041145104,1.0,0.00501,0.01,0.0,0.0011309369410357152,2.0709337869176255e-05,0.0
0.004605922041145104,1.0,0.00631,0.01,0.0,0.0011309369410357152,2.0709337869176255e-05,0.0
0.004824108704165369,1.0,1e-06,0.01,0.0,0.0012406192708297686,2.2717803897267327e-05,0.0
0.004824108704165369,1.0,1.26e-06,0.01,0.0,0.0012406192708297686,2.2717803897267327e-05,0.0
0.004824108704165369,1.0,1.58e-06,0.01,0.0,0.0012406192708297686,2.2717803897267327e-05,0.0
0.004824108704165369,1.0,2e-06,0.01,0.0,0.0012406192708297686,2.2717803897267327e-05,0.0
0.004824108704165369,1.0,2.51e-06,0.01,0.0,0.0012406192708297686,2.2717803897267327e-05,0.0
0.004824108704165369,1.0,3.16e-06,0.01,0.0,0.0012406192708297686,2.2717803897267327e-05,0.0
0.004824108704165369,1.0,3.98e-06,0.01,0.0,0.0012406192708297686,2.2717803897267327e-05,0.0
0.004824108704165369,1.0,5.01e-06,0.01,6.666666666666667e-05,0.0012406192708297686,2.2717803897267327e-05,0.0009924954166638151
0.004824108704165369,1.0,7.94e-06,0.01,3.3333333333333335e-05,0.0012406192708297686,2.2717803897267327e-05,0.0004962477083319076
0.004824108704165369,1.0,1e-05,0.01,3.3333333333333335e-05,0.0012406192708297686,2.2717803897267327e-05,0.0004962477083319076
0.004824108704165369,1.0,1.26e-05,0.01,6.666666666666667e-05,0.0012406192708297686,2.2717803897267327e-05,0.0009924954166638151
0.004824108704165369,1.0,1.58e-05,0.01,3.3333333333333335e-05,0.0012406192708297686,2.2717803897267327e-05,0.0004962477083319076
0.004824108704165369,1.0,2e-05,0.01,0.00016666666666666666,0.0012406192708297686,2.2717803897267327e-05,0.0024812385416595377
0.004824108704165369,1.0,2.51e-05,0.01,0.00016666666666666666,0.0012406192708297686,2.2717803897267327e-05,0.0024812385416595377
0.004824108704165369,1.0,3.16e-05,0.01,0.0002,0.0012406192708297686,2.2717803897267327e-05,0.0029774862499914456
0.004824108704165369,1.0,3.98e-05,0.01,0.0003333333333333333,0.0012406192708297686,2.2717803897267327e-05,0.0049624770833190755
0.004824108704165369,1.0,6.31e-05,0.01,0.0001,0.0012406192708297686,2.2717803897267327e-05,0.0014887431249957228
0.004824108704165369,1.0,7.94e-05,0.01,6.666666666666667e-05,0.0012406192708297686,2.2717803897267327e-05,0.0009924954166638151
0.004824108704165369,1.0,0.0001,0.01,0.0,0.0012406192708297686,2.2717803897267327e-05,0.0
0.004824108704165369,1.0,0.000126,0.01,0.0,0.0012406192708297686,2.2717803897267327e-05,0.0
0.004824108704165369,1.0,0.000158,0.01,0.0,0.0012406192708297686,2.2717803897267327e-05,0.0
0.004824108704165369,1.0,0.0002,0.01,0.0,0.0012406192708297686,2.2717803897267327e-05,0.0
0.004824108704165369,1.0,0.000251,0.01,0.0,0.0012406192708297686,2.2717803897267327e-05,0.0
0.004824108704165369,1.0,0.000316,0.01,0.0,0.0012406192708297686,2.2717803897267327e-05,0.0
0.004824108704165369,1.0,0.000398,0.01,0.0,0.0012406192708297686,2.2717803897267327e-05,0.0
0.004824108704165369,1.0,0.000501,0.01,0.0,0.0012406192708297686,2.2717803897267327e-05,0.0
0.004824108704165369,1.0,0.000631,0.01,0.0,0.0012406192708297686,2.2717803897267327e-05,0.0
0.004824108704165369,1.0,0.000794,0.01,0.0,0.0012406192708297686,2.2717803897267327e-05,0.0
0.004824108704165369,1.0,0.001,0.01,0.0,0.0012406192708297686,2.2717803897267327e-05,0.0
0.004824108704165369,1.0,0.00126,0.01,0.0,0.0012406192708297686,2.2717803897267327e-05,0.0
0.004824108704165369,1.0,0.00158,0.01,0.0,0.0012406192708297686,2.2717803897267327e-05,0.0
0.004824108704165369,1.0,0.002,0.01,0.0,0.0012406192708297686,2.2717803897267327e-05,0.0
0.004824108704165369,1.0,0.00251,0.01,0.0,0.0012406192708297686,2.2717803897267327e-05,0.0
0.004824108704165369,1.0,0.00316,0.01,0.0,0.0012406192708297686,2.2717803897267327e-05,0.0
0.004824108704165369,1.0,0.00398,0.01,0.0,0.0012406192708297686,2.2717803897267327e-05,0.0
0.004824108704165369,1.0,0.00501,0.01,0.0,0.0012406192708297686,2.2717803897267327e-05,0.0
0.004824108704165369,1.0,0.00631,0.01,0.0,0.0012406192708297686,2.2717803897267327e-05,0.0
0.00505263106533568,1.0,1e-06,0.01,0.0,0.0013609387221296717,2.4921053325941618e-05,0.0
0.00505263106533568,1.0,1.26e-06,0.01,0.0,0.0013609387221296717,2.4921053325941618e-05,0.0
0.00505263106533568,1.0,1.58e-06,0.01,0.0,0.0013609387221296717,2.4921053325941618e-05,0.0
0.00505263106533568,1.0,2e-06,0.01,0.0,0.0013609387221296717,2.4921053325941618e-05,0.0
0.00505263106533568,1.0,2.51e-06,0.01,0.0,0.0013609387221296717,2.4921053325941618e-05,0.0
0.00505263106533568,1.0,3.16e-06,0.01,0.0,0.0013609387221296717,2.4921053325941618e-05,0.0
0.00505263106533568,1.0,3.98e-06,0.01,0.0,0.0013609387221296717,2.4921053325941618e-05,0.0
0.00505263106533568,1.0,5.01e-06,0.01,6.666666666666667e-05,0.0013609387221296717,2.4921053325941618e-05,0.0010887509777037375
0.00505263106533568,1.0,7.94e-06,0.01,3.3333333333333335e-05,0.0013609387221296717,2.4921053325941618e-05,0.0005443754888518688
0.00505263106533568,1.0,1e-05,0.01,3.3333333333333335e-05,0.0013609387221296717,2.4921053325941618e-05,0.0005443754888518688
0.00505263106533568,1.0,1.26e-05,0.01,6.666666666666667e-05,0.0013609387221296717,2.4921053325941618e-05,0.0010887509777037375
0.00505263106533568,1.0,1.58e-05,0.01,3.3333333333333335e-05,0.0013609387221296717,2.4921053325941618e-05,0.0005443754888518688
0.00505263106533568,1.0,2e-05,0.01,0.00016666666666666666,0.0013609387221296717,2.4921053325941618e-05,0.0027218774442593434
0.00505263106533568,1.0,2.51e-05,0.01,0.00016666666666666666,0.0013609387221296717,2.4921053325941618e-05,0.0027218774442593434
0.00505263106533568,1.0,3.16e-05,0.01,0.0002,0.0013609387221296717,2.4921053325941618e-05,0.0032662529331112123
0.00505263106533568,1.0,3.98e-05,0.01,0.0003333333333333333,0.0013609387221296717,2.4921053325941618e-05,0.005443754888518687
0.00505263106533568,1.0,6.31e-05,0.01,0.0001,0.0013609387221296717,2.4921053325941618e-05,0.0016331264665556062
0.00505263106533568,1.0,7.94e-05,0.01,6.666666666666667e-05,0.0013609387221296717,2.4921053325941618e-05,0.0010887509777037375
0.00505263106533568,1.0,0.0001,0.01,0.0,0.0013609387221296717,2.4921053325941618e-05,0.0
0.00505263106533568,1.0,0.000126,0.01,0.0,0.0013609387221296717,2.4921053325941618e-05,0.0
0.00505263106533568,1.0,0.000158,0.01,0.0,0.0013609387221296717,2.4921053325941618e-05,0.0
0.00505263106533568,1.0,0.0002,0.01,0.0,0.0013609387221296717,2.4921053325941618e-05,0.0
0.00505263106533568,1.0,0.000251,0.01,0.0,0.0013609387221296717,2.4921053325941618e-05,0.0
0.00505263106533568,1.0,0.000316,0.01,0.0,0.0013609387221296717,2.4921053325941618e-05,0.0
0.00505263106533568,1.0,0.000398,0.01,0.0,0.0013609387221296717,2.4921053325941618e-05,0.0
0.00505263106533568,1.0,0.000501,0.01,0.0,0.0013609387221296717,2.4921053325941618e-05,0.0
0.00505263106533568,1.0,0.000631,0.01,0.0,0.0013609387221296717,2.4921053325941618e-05,0.0
0.00505263106533568,1.0,0.000794,0.01,0.0,0.0013609387221296717,2.4921053325941618e-05,0.0
0.00505263106533568,1.0,0.001,0.01,0.0,0.0013609387221296717,2.4921053325941618e-05,0.0
0.00505263106533568,1.0,0.00126,0.01,0.0,0.0013609387221296717,2.4921053325941618e-05,0.0
0.00505263106533568,1.0,0.00158,0.01,0.0,0.0013609387221296717,2.4921053325941618e-05,0.0
0.00505263106533568,1.0,0.002,0.01,0.0,0.0013609387221296717,2.4921053325941618e-05,0.0
0.00505263106533568,1.0,0.00251,0.01,0.0,0.0013609387221296717,2.4921053325941618e-05,0.0
0.00505263106533568,1.0,0.00316,0.01,0.0,0.0013609387221296717,2.4921053325941618e-05,0.0
0.00505263106533568,1.0,0.00398,0.01,0.0,0.0013609387221296717,2.4921053325941618e-05,0.0
0.00505263106533568,1.0,0.00501,0.01,0.0,0.0013609387221296717,2.4921053325941618e-05,0.0
0.00505263106533568,1.0,0.00631,0.01,0.0,0.0013609387221296717,2.4921053325941618e-05,0.0
0.005291978735958442,1.0,1e-06,0.01,0.0,0.0014929268415914386,2.733797549151142e-05,0.0
0.005291978735958442,1.0,1.26e-06,0.01,0.0,0.0014929268415914386,2.733797549151142e-05,0.0
0.005291978735958442,1.0,1.58e-06,0.01,0.0,0.0014929268415914386,2.733797549151142e-05,0.0
0.005291978735958442,1.0,2e-06,0.01,0.0,0.0014929268415914386,2.733797549151142e-05,0.0
0.005291978735958442,1.0,2.51e-06,0.01,0.0,0.0014929268415914386,2.733797549151142e-05,0.0
0.005291978735958442,1.0,3.16e-06,0.01,0.0,0.0014929268415914386,2.733797549151142e-05,0.0
0.005291978735958442,1.0,3.98e-06,0.01,0.0,0.0014929268415914386,2.733797549151142e-05,0.0
0.005291978735958442,1.0,5.01e-06,0.01,6.666666666666667e-05,0.0014929268415914386,2.733797549151142e-05,0.001194341473273151
0.005291978735958442,1.0,7.94e-06,0.01,3.3333333333333335e-05,0.0014929268415914386,2.733797549151142e-05,0.0005971707366365755
0.005291978735958442,1.0,1e-05,0.01,3.3333333333333335e-05,0.0014929268415914386,2.733797549151142e-05,0.0005971707366365755
0.005291978735958442,1.0,1.26e-05,0.01,6.666666666666667e-05,0.0014929268415914386,2.733797549151142e-05,0.001194341473273151
0.005291978735958442,1.0,1.58e-05,0.01,3.3333333333333335e-05,0.0014929268415914386,2.733797549151142e-05,0.0005971707366365755
0.005291978735958442,1.0,2e-05,0.01,0.00016666666666666666,0.0014929268415914386,2.733797549151142e-05,0.002985853683182877
0.005291978735958442,1.0,2.51e-05,0.01,0.00016666666666666666,0.0014929268415914386,2.733797549151142e-05,0.002985853683182877
0.005291978735958442,1.0,3.16e-05,0.01,0.0002,0.0014929268415914386,2.733797549151142e-05,0.003583024419819453
0.005291978735958442,1.0,3.98e-05,0.01,0.0003333333333333333,0.0014929268415914386,2.733797549151142e-05,0.005971707366365754
0.005291978735958442,1.0,6.31e-05,0.01,0.0001,0.0014929268415914386,2.733797549151142e-05,0.0017915122099097264
0.005291978735958442,1.0,7.94e-05,0.01,6.666666666666667e-05,0.0014929268415914386,2.733797549151142e-05,0.001194341473273151
0.005291978735958442,1.0,0.0001,0.01,0.0,0.0014929268415914386,2.733797549151142e-05,0.0
0.005291978735958442,1.0,0.000126,0.01,0.0,0.0014929268415914386,2.733797549151142e-05,0.0
0.005291978735958442,1.0,0.000158,0.01,0.0,0.0014929268415914386,2.733797549151142e-05,0.0
0.005291978735958442,1.0,0.0002,0.01,0.0,0.0014929268415914386,2.733797549151142e-05,0.0
0.005291978735958442,1.0,0.000251,0.01,0.0,0.0014929268415914386,2.733797549151142e-05,0.0
0.005291978735958442,1.0,0.000316,0.01,0.0,0.0014929268415914386,2.733797549151142e-05,0.0
0.005291978735958442,1.0,0.000398,0.01,0.0,0.0014929268415914386,2.733797549151142e-05,0.0
0.005291978735958442,1.0,0.000501,0.01,0.0,0.0014929268415914386,2.733797549151142e-05,0.0
0.005291978735958442,1.0,0.000631,0.01,0.0,0.0014929268415914386,2.733797549151142e-05,0.0
0.005291978735958442,1.0,0.000794,0.01,0.0,0.0014929268415914386,2.733797549151142e-05,0.0
0.005291978735958442,1.0,0.001,0.01,0.0,0.0014929268415914386,2.733797549151142e-05,0.0
0.005291978735958442,1.0,0.00126,0.01,0.0,0.0014929268415914386,2.733797549151142e-05,0.0
0.005291978735958442,1.0,0.00158,0.01,0.0,0.0014929268415914386,2.733797549151142e-05,0.0
0.005291978735958442,1.0,0.002,0.01,0.0,0.0014929268415914386,2.733797549151142e-05,0.0
0.005291978735958442,1.0,0.00251,0.01,0.0,0.0014929268415914386,2.733797549151142e-05,0.0
0.005291978735958442,1.0,0.00316,0.01,0.0,0.0014929268415914386,2.733797549151142e-05,0.0
0.005291978735958442,1.0,0.00398,0.01,0.0,0.0014929268415914386,2.733797549151142e-05,0.0
0.005291978735958442,1.0,0.00501,0.01,0.0,0.0014929268415914386,2.733797549151142e-05,0.0
0.005291978735958442,1.0,0.00631,0.01,0.0,0.0014929268415914386,2.733797549151142e-05,0.0
0.005542664520663107,1.0,1e-06,0.01,0.0,0.0016377152002876494,2.9989291343850016e-05,0.0
0.005542664520663107,1.0,1.26e-06,0.01,0.0,0.0016377152002876494,2.9989291343850016e-05,0.0
0.005542664520663107,1.0,1.58e-06,0.01,0.0,0.0016377152002876494,2.9989291343850016e-05,0.0
0.005542664520663107,1.0,2e-06,0.01,0.0,0.0016377152002876494,2.9989291343850016e-05,0.0
0.005542664520663107,1.0,2.51e-06,0.01,0.0,0.0016377152002876494,2.9989291343850016e-05,0.0
0.005542664520663107,1.0,3.16e-06,0.01,0.0,0.0016377152002876494,2.9989291343850016e-05,0.0
0.005542664520663107,1.0,3.98e-06,0.01,0.0,0.0016377152002876494,2.9989291343850016e-05,0.0
0.005542664520663107,1.0,5.01e-06,0.01,6.666666666666667e-05,0.0016377152002876494,2.9989291343850016e-05,0.0013101721602301198
0.005542664520663107,1.0,7.94e-06,0.01,3.3333333333333335e-05,0.0016377152002876494,2.9989291343850016e-05,0.0006550860801150599
0.005542664520663107,1.0,1e-05,0.01,3.3333333333333335e-05,0.0016377152002876494,2.9989291343850016e-05,0.0006550860801150599
0.005542664520663107,1.0,1.26e-05,0.01,6.666666666666667e-05,0.0016377152002876494,2.9989291343850016e-05,0.0013101721602301198
0.005542664520663107,1.0,1.58e-05,0.01,3.3333333333333335e-05,0.0016377152002876494,2.9989291343850016e-05,0.0006550860801150599
0.005542664520663107,1.0,2e-05,0.01,0.00016666666666666666,0.0016377152002876494,2.9989291343850016e-05,0.003275430400575299
0.005542664520663107,1.0,2.51e-05,0.01,0.00016666666666666666,0.0016377152002876494,2.9989291343850016e-05,0.003275430400575299
0.005542664520663107,1.0,3.16e-05,0.01,0.0002,0.0016377152002876494,2.9989291343850016e-05,0.003930516480690359
0.005542664520663107,1.0,3.98e-05,0.01,0.0003333333333333333,0.0016377152002876494,2.9989291343850016e-05,0.006550860801150598
0.005542664520663107,1.0,6.31e-05,0.01,0.0001,0.0016377152002876494,2.9989291343850016e-05,0.0019652582403451796
0.005542664520663107,1.0,7.94e-05,0.01,6.666666666666667e-05,0.0016377152002876494,2.9989291343850016e-05,0.0013101721602301198
0.005542664520663107,1.0,0.0001,0.01,0.0,0.0016377152002876494,2.9989291343850016e-05,0.0
0.005542664520663107,1.0,0.000126,0.01,0.0,0.0016377152002876494,2.9989291343850016e-05,0.0
0.005542664520663107,1.0,0.000158,0.01,0.0,0.0016377152002876494,2.9989291343850016e-05,0.0
0.005542664520663107,1.0,0.0002,0.01,0.0,0.0016377152002876494,2.9989291343850016e-05,0.0
0.005542664520663107,1.0,0.000251,0.01,0.0,0.0016377152002876494,2.9989291343850016e-05,0.0
0.005542664520663107,1.0,0.000316,0.01,0.0,0.0016377152002876494,2.9989291343850016e-05,0.0
0.005542664520663107,1.0,0.000398,0.01,0.0,0.0016377152002876494,2.9989291343850016e-05,0.0
0.005542664520663107,1.0,0.000501,0.01,0.0,0.0016377152002876494,2.9989291343850016e-05,0.0
0.005542664520663107,1.0,0.000631,0.01,0.0,0.0016377152002876494,2.9989291343850016e-05,0.0
0.005542664520663107,1.0,0.000794,0.01,0.0,0.0016377152002876494,2.9989291343850016e-05,0.0
0.005542664520663107,1.0,0.001,0.01,0.0,0.0016377152002876494,2.9989291343850016e-05,0.0
0.005542664520663107,1.0,0.00126,0.01,0.0,0.0016377152002876494,2.9989291343850016e-05,0.0
0.005542664520663107,1.0,0.00158,0.01,0.0,0.0016377152002876494,2.9989291343850016e-05,0.0
0.005542664520663107,1.0,0.002,0.01,0.0,0.0016377152002876494,2.9989291343850016e-05,0.0
0.005542664520663107,1.0,0.00251,0.01,0.0,0.0016377152002876494,2.9989291343850016e-05,0.0
0.005542664520663107,1.0,0.00316,0.01,0.0,0.0016377152002876494,2.9989291343850016e-05,0.0
0.005542664520663107,1.0,0.00398,0.01,0.0,0.0016377152002876494,2.9989291343850016e-05,0.0
0.005542664520663107,1.0,0.00501,0.01,0.0,0.0016377152002876494,2.9989291343850016e-05,0.0
0.005542664520663107,1.0,0.00631,0.01,0.0,0.0016377152002876494,2.9989291343850016e-05,0.0
0.005805225516094896,1.0,1e-06,0.01,0.0,0.0017965450903931262,3.2897731008846846e-05,0.0
0.005805225516094896,1.0,1.26e-06,0.01,0.0,0.0017965450903931262,3.2897731008846846e-05,0.0
0.005805225516094896,1.0,1.58e-06,0.01,0.0,0.0017965450903931262,3.2897731008846846e-05,0.0
0.005805225516094896,1.0,2e-06,0.01,0.0,0.0017965450903931262,3.2897731008846846e-05,0.0
0.005805225516094896,1.0,2.51e-06,0.01,0.0,0.0017965450903931262,3.2897731008846846e-05,0.0
0.005805225516094896,1.0,3.16e-06,0.01,0.0,0.0017965450903931262,3.2897731008846846e-05,0.0
0.005805225516094896,1.0,3.98e-06,0.01,0.0,0.0017965450903931262,3.2897731008846846e-05,0.0
0.005805225516094896,1.0,5.01e-06,0.01,6.666666666666667e-05,0.0017965450903931262,3.2897731008846846e-05,0.0014372360723145013
0.005805225516094896,1.0,7.94e-06,0.01,3.3333333333333335e-05,0.0017965450903931262,3.2897731008846846e-05,0.0007186180361572507
0.005805225516094896,1.0,1e-05,0.01,3.3333333333333335e-05,0.0017965450903931262,3.2897731008846846e-05,0.0007186180361572507
0.005805225516094896,1.0,1.26e-05,0.01,6.666666666666667e-05,0.0017965450903931262,3.2897731008846846e-05,0.0014372360723145013
0.005805225516094896,1.0,1.58e-05,0.01,3.3333333333333335e-05,0.0017965450903931262,3.2897731008846846e-05,0.0007186180361572507
0.005805225516094896,1.0,2e-05,0.01,0.00016666666666666666,0.0017965450903931262,3.2897731008846846e-05,0.0035930901807862525
0.005805225516094896,1.0,2.51e-05,0.01,0.00016666666666666666,0.0017965450903931262,3.2897731008846846e-05,0.0035930901807862525
0.005805225516094896,1.0,3.16e-05,0.01,0.0002,0.0017965450903931262,3.2897731008846846e-05,0.004311708216943503
0.005805225516094896,1.0,3.98e-05,0.01,0.0003333333333333333,0.0017965450903931262,3.2897731008846846e-05,0.007186180361572505
0.005805225516094896,1.0,6.31e-05,0.01,0.0001,0.0017965450903931262,3.2897731008846846e-05,0.0021558541084717516
0.005805225516094896,1.0,7.94e-05,0.01,6.666666666666667e-05,0.0017965450903931262,3.2897731008846846e-05,0.0014372360723145013
0.005805225516094896,1.0,0.0001,0.01,0.0,0.0017965450903931262,3.2897731008846846e-05,0.0
0.005805225516094896,1.0,0.000126,0.01,0.0,0.0017965450903931262,3.2897731008846846e-05,0.0
0.005805225516094896,1.0,0.000158,0.01,0.0,0.0017965450903931262,3.2897731008846846e-05,0.0
0.005805225516094896,1.0,0.0002,0.01,0.0,0.0017965450903931262,3.2897731008846846e-05,0.0
0.005805225516094896,1.0,0.000251,0.01,0.0,0.0017965450903931262,3.2897731008846846e-05,0.0
0.005805225516094896,1.0,0.000316,0.01,0.0,0.0017965450903931262,3.2897731008846846e-05,0.0
0.005805225516094896,1.0,0.000398,0.01,0.0,0.0017965450903931262,3.2897731008846846e-05,0.0
0.005805225516094896,1.0,0.000501,0.01,0.0,0.0017965450903931262,3.2897731008846846e-05,0.0
0.005805225516094896,1.0,0.000631,0.01,0.0,0.0017965450903931262,3.2897731008846846e-05,0.0
0.005805225516094896,1.0,0.000794,0.01,0.0,0.0017965450903931262,3.2897731008846846e-05,0.0
0.005805225516094896,1.0,0.001,0.01,0.0,0.0017965450903931262,3.2897731008846846e-05,0.0
0.005805225516094896,1.0,0.00126,0.01,0.0,0.0017965450903931262,3.2897731008846846e-05,0.0
0.005805225516094896,1.0,0.00158,0.01,0.0,0.0017965450903931262,3.2897731008846846e-05,0.0
0.005805225516094896,1.0,0.002,0.01,0.0,0.0017965450903931262,3.2897731008846846e-05,0.0
0.005805225516094896,1.0,0.00251,0.01,0.0,0.0017965450903931262,3.2897731008846846e-05,0.0
0.005805225516094896,1.0,0.00316,0.01,0.0,0.0017965450903931262,3.2897731008846846e-05,0.0
0.005805225516094896,1.0,0.00398,0.01,0.0,0.0017965450903931262,3.2897731008846846e-05,0.0
0.005805225516094896,1.0,0.00501,0.01,0.0,0.0017965450903931262,3.2897731008846846e-05,0.0
0.005805225516094896,1.0,0.00631,0.01,0.0,0.0017965450903931262,3.2897731008846846e-05,0.0
0.006080224261649427,1.0,1e-06,0.01,0.0,0.0019707781614447402,3.608822855602894e-05,0.0
0.006080224261649427,1.0,1.26e-06,0.01,0.0,0.0019707781614447402,3.608822855602894e-05,0.0
0.006080224261649427,1.0,1.58e-06,0.01,0.0,0.0019707781614447402,3.608822855602894e-05,0.0
0.006080224261649427,1.0,2e-06,0.01,0.0,0.0019707781614447402,3.608822855602894e-05,0.0
0.006080224261649427,1.0,2.51e-06,0.01,0.0,0.0019707781614447402,3.608822855602894e-05,0.0
0.006080224261649427,1.0,3.16e-06,0.01,0.0,0.0019707781614447402,3.608822855602894e-05,0.0
0.006080224261649427,1.0,3.98e-06,0.01,0.0,0.0019707781614447402,3.608822855602894e-05,0.0
0.006080224261649427,1.0,5.01e-06,0.01,6.666666666666667e-05,0.0019707781614447402,3.608822855602894e-05,0.0015766225291557923
0.006080224261649427,1.0,7.94e-06,0.01,3.3333333333333335e-05,0.0019707781614447402,3.608822855602894e-05,0.0007883112645778961
0.006080224261649427,1.0,1e-05,0.01,3.3333333333333335e-05,0.0019707781614447402,3.608822855602894e-05,0.0007883112645778961
0.006080224261649427,1.0,1.26e-05,0.01,6.666666666666667e-05,0.0019707781614447402,3.608822855602894e-05,0.0015766225291557923
0.006080224261649427,1.0,1.58e-05,0.01,3.3333333333333335e-05,0.0019707781614447402,3.608822855602894e-05,0.0007883112645778961
0.006080224261649427,1.0,2e-05,0.01,0.00016666666666666666,0.0019707781614447402,3.608822855602894e-05,0.0039415563228894805
0.006080224261649427,1.0,2.51e-05,0.01,0.00016666666666666666,0.0019707781614447402,3.608822855602894e-05,0.0039415563228894805
0.006080224261649427,1.0,3.16e-05,0.01,0.0002,0.0019707781614447402,3.608822855602894e-05,0.004729867587467377
0.006080224261649427,1.0,3.98e-05,0.01,0.0003333333333333333,0.0019707781614447402,3.608822855602894e-05,0.007883112645778961
0.006080224261649427,1.0,6.31e-05,0.01,0.0001,0.0019707781614447402,3.608822855602894e-05,0.0023649337937336886
0.006080224261649427,1.0,7.94e-05,0.01,6.666666666666667e-05,0.0019707781614447402,3.608822855602894e-05,0.0015766225291557923
0.006080224261649427,1.0,0.0001,0.01,0.0,0.0019707781614447402,3.608822855602894e-05,0.0
0.006080224261649427,1.0,0.000126,0.01,0.0,0.0019707781614447402,3.608822855602894e-05,0.0
0.006080224261649427,1.0,0.000158,0.01,0.0,0.0019707781614447402,3.608822855602894e-05,0.0
0.006080224261649427,1.0,0.0002,0.01,0.0,0.0019707781614447402,3.608822855602894e-05,0.0
0.006080224261649427,1.0,0.000251,0.01,0.0,0.0019707781614447402,3.608822855602894e-05,0.0
0.006080224261649427,1.0,0.000316,0.01,0.0,0.0019707781614447402,3.608822855602894e-05,0.0
0.006080224261649427,1.0,0.000398,0.01,0.0,0.0019707781614447402,3.608822855602894e-05,0.0
0.006080224261649427,1.0,0.000501,0.01,0.0,0.0019707781614447402,3.608822855602894e-05,0.0
0.006080224261649427,1.0,0.000631,0.01,0.0,0.0019707781614447402,3.608822855602894e-05,0.0
0.006080224261649427,1.0,0.000794,0.01,0.0,0.0019707781614447402,3.608822855602894e-05,0.0
0.006080224261649427,1.0,0.001,0.01,0.0,0.0019707781614447402,3.608822855602894e-05,0.0
0.006080224261649427,1.0,0.00126,0.01,0.0,0.0019707781614447402,3.608822855602894e-05,0.0
0.006080224261649427,1.0,0.00158,0.01,0.0,0.0019707781614447402,3.608822855602894e-05,0.0
0.006080224261649427,1.0,0.002,0.01,0.0,0.0019707781614447402,3.608822855602894e-05,0.0
0.006080224261649427,1.0,0.00251,0.01,0.0,0.0019707781614447402,3.608822855602894e-05,0.0
0.006080224261649427,1.0,0.00316,0.01,0.0,0.0019707781614447402,3.608822855602894e-05,0.0
0.006080224261649427,1.0,0.00398,0.01,0.0,0.0019707781614447402,3.608822855602894e-05,0.0
0.006080224261649427,1.0,0.00501,0.01,0.0,0.0019707781614447402,3.608822855602894e-05,0.0
0.006080224261649427,1.0,0.00631,0.01,0.0,0.0019707781614447402,3.608822855602894e-05,0.0
0.006368249944718587,1.0,1e-06,0.01,0.0,0.0021619080871243634,3.9588135636776477e-05,0.0
0.006368249944718587,1.0,1.26e-06,0.01,0.0,0.0021619080871243634,3.9588135636776477e-05,0.0
0.006368249944718587,1.0,1.58e-06,0.01,0.0,0.0021619080871243634,3.9588135636776477e-05,0.0
0.006368249944718587,1.0,2e-06,0.01,0.0,0.0021619080871243634,3.9588135636776477e-05,0.0
0.006368249944718587,1.0,2.51e-06,0.01,0.0,0.0021619080871243634,3.9588135636776477e-05,0.0
0.006368249944718587,1.0,3.16e-06,0.01,0.0,0.0021619080871243634,3.9588135636776477e-05,0.0
0.006368249944718587,1.0,3.98e-06,0.01,0.0,0.0021619080871243634,3.9588135636776477e-05,0.0
0.006368249944718587,1.0,5.01e-06,0.01,6.666666666666667e-05,0.0021619080871243634,3.9588135636776477e-05,0.0017295264696994908
0.006368249944718587,1.0,7.94e-06,0.01,3.3333333333333335e-05,0.0021619080871243634,3.9588135636776477e-05,0.0008647632348497454
0.006368249944718587,1.0,1e-05,0.01,3.3333333333333335e-05,0.0021619080871243634,3.9588135636776477e-05,0.0008647632348497454
0.006368249944718587,1.0,1.26e-05,0.01,6.666666666666667e-05,0.0021619080871243634,3.9588135636776477e-05,0.0017295264696994908
0.006368249944718587,1.0,1.58e-05,0.01,3.3333333333333335e-05,0.0021619080871243634,3.9588135636776477e-05,0.0008647632348497454
0.006368249944718587,1.0,2e-05,0.01,0.00016666666666666666,0.0021619080871243634,3.9588135636776477e-05,0.004323816174248727
0.006368249944718587,1.0,2.51e-05,0.01,0.00016666666666666666,0.0021619080871243634,3.9588135636776477e-05,0.004323816174248727
0.006368249944718587,1.0,3.16e-05,0.01,0.0002,0.0021619080871243634,3.9588135636776477e-05,0.005188579409098473
0.006368249944718587,1.0,3.98e-05,0.01,0.0003333333333333333,0.0021619080871243634,3.9588135636776477e-05,0.008647632348497454
0.006368249944718587,1.0,6.31e-05,0.01,0.0001,0.0021619080871243634,3.9588135636776477e-05,0.0025942897045492363
0.006368249944718587,1.0,7.94e-05,0.01,6.666666666666667e-05,0.0021619080871243634,3.9588135636776477e-05,0.0017295264696994908
0.006368249944718587,1.0,0.0001,0.01,0.0,0.0021619080871243634,3.9588135636776477e-05,0.0
0.006368249944718587,1.0,0.000126,0.01,0.0,0.0021619080871243634,3.9588135636776477e-05,0.0
0.006368249944718587,1.0,0.000158,0.01,0.0,0.0021619080871243634,3.9588135636776477e-05,0.0
0.006368249944718587,1.0,0.0002,0.01,0.0,0.0021619080871243634,3.9588135636776477e-05,0.0
0.006368249944718587,1.0,0.000251,0.01,0.0,0.0021619080871243634,3.9588135636776477e-05,0.0
0.006368249944718587,1.0,0.000316,0.01,0.0,0.0021619080871243634,3.9588135636776477e-05,0.0
0.006368249944718587,1.0,0.000398,0.01,0.0,0.0021619080871243634,3.9588135636776477e-05,0.0
0.006368249944718587,1.0,0.000501,0.01,0.0,0.0021619080871243634,3.9588135636776477e-05,0.0
0.006368249944718587,1.0,0.000631,0.01,0.0,0.0021619080871243634,3.9588135636776477e-05,0.0
0.006368249944718587,1.0,0.000794,0.01,0.0,0.0021619080871243634,3.9588135636776477e-05,0.0
0.006368249944718587,1.0,0.001,0.01,0.0,0.0021619080871243634,3.9588135636776477e-05,0.0
0.006368249944718587,1.0,0.00126,0.01,0.0,0.0021619080871243634,3.9588135636776477e-05,0.0
0.006368249944718587,1.0,0.00158,0.01,0.0,0.0021619080871243634,3.9588135636776477e-05,0.0
0.006368249944718587,1.0,0.002,0.01,0.0,0.0021619080871243634,3.9588135636776477e-05,0.0
0.006368249944718587,1.0,0.00251,0.01,0.0,0.0021619080871243634,3.9588135636776477e-05,0.0
0.006368249944718587,1.0,0.00316,0.01,0.0,0.0021619080871243634,3.9588135636776477e-05,0.0
0.006368249944718587,1.0,0.00398,0.01,0.0,0.0021619080871243634,3.9588135636776477e-05,0.0
0.006368249944718587,1.0,0.00501,0.01,0.0,0.0021619080871243634,3.9588135636776477e-05,0.0
0.006368249944718587,1.0,0.00631,0.01,0.0,0.0021619080871243634,3.9588135636776477e-05,0.0
0.006669919663030122,1.0,1e-06,0.01,0.0,0.002371573362299209,4.34274558194325e-05,0.0
0.006669919663030122,1.0,1.26e-06,0.01,0.0,0.002371573362299209,4.34274558194325e-05,0.0
0.006669919663030122,1.0,1.58e-06,0.01,0.0,0.002371573362299209,4.34274558194325e-05,0.0
0.006669919663030122,1.0,2e-06,0.01,0.0,0.002371573362299209,4.34274558194325e-05,0.0
0.006669919663030122,1.0,2.51e-06,0.01,0.0,0.002371573362299209,4.34274558194325e-05,0.0
0.006669919663030122,1.0,3.16e-06,0.01,0.0,0.002371573362299209,4.34274558194325e-05,0.0
0.006669919663030122,1.0,3.98e-06,0.01,0.0,0.002371573362299209,4.34274558194325e-05,0.0
0.006669919663030122,1.0,5.01e-06,0.01,6.666666666666667e-05,0.002371573362299209,4.34274558194325e-05,0.0018972586898393672
0.006669919663030122,1.0,7.94e-06,0.01,3.3333333333333335e-05,0.002371573362299209,4.34274558194325e-05,0.0009486293449196836
0.006669919663030122,1.0,1e-05,0.01,3.3333333333333335e-05,0.002371573362299209,4.34274558194325e-05,0.0009486293449196836
0.006669919663030122,1.0,1.26e-05,0.01,6.666666666666667e-05,0.002371573362299209,4.34274558194325e-05,0.0018972586898393672
0.006669919663030122,1.0,1.58e-05,0.01,3.3333333333333335e-05,0.002371573362299209,4.34274558194325e-05,0.0009486293449196836
0.006669919663030122,1.0,2e-05,0.01,0.00016666666666666666,0.002371573362299209,4.34274558194325e-05,0.004743146724598418
0.006669919663030122,1.0,2.51e-05,0.01,0.00016666666666666666,0.002371573362299209,4.34274558194325e-05,0.004743146724598418
0.006669919663030122,1.0,3.16e-05,0.01,0.0002,0.002371573362299209,4.34274558194325e-05,0.005691776069518102
0.006669919663030122,1.0,3.98e-05,0.01,0.0003333333333333333,0.002371573362299209,4.34274558194325e-05,0.009486293449196836
0.006669919663030122,1.0,6.31e-05,0.01,0.0001,0.002371573362299209,4.34274558194325e-05,0.002845888034759051
0.006669919663030122,1.0,7.94e-05,0.01,6.666666666666667e-05,0.002371573362299209,4.34274558194325e-05,0.0018972586898393672
0.006669919663030122,1.0,0.0001,0.01,0.0,0.002371573362299209,4.34274558194325e-05,0.0
0.006669919663030122,1.0,0.000126,0.01,0.0,0.002371573362299209,4.34274558194325e-05,0.0
0.006669919663030122,1.0,0.000158,0.01,0.0,0.002371573362299209,4.34274558194325e-05,0.0
0.006669919663030122,1.0,0.0002,0.01,0.0,0.002371573362299209,4.34274558194325e-05,0.0
0.006669919663030122,1.0,0.000251,0.01,0.0,0.002371573362299209,4.34274558194325e-05,0.0
0.006669919663030122,1.0,0.000316,0.01,0.0,0.002371573362299209,4.34274558194325e-05,0.0
0.006669919663030122,1.0,0.000398,0.01,0.0,0.002371573362299209,4.34274558194325e-05,0.0
0.006669919663030122,1.0,0.000501,0.01,0.0,0.002371573362299209,4.34274558194325e-05,0.0
0.006669919663030122,1.0,0.000631,0.01,0.0,0.002371573362299209,4.34274558194325e-05,0.0
0.006669919663030122,1.0,0.000794,0.01,0.0,0.002371573362299209,4.34274558194325e-05,0.0
0.006669919663030122,1.0,0.001,0.01,0.0,0.002371573362299209,4.34274558194325e-05,0.0
0.006669919663030122,1.0,0.00126,0.01,0.0,0.002371573362299209,4.34274558194325e-05,0.0
0.006669919663030122,1.0,0.00158,0.01,0.0,0.002371573362299209,4.34274558194325e-05,0.0
0.006669919663030122,1.0,0.002,0.01,0.0,0.002371573362299209,4.34274558194325e-05,0.0
0.006669919663030122,1.0,0.00251,0.01,0.0,0.002371573362299209,4.34274558194325e-05,0.0
0.006669919663030122,1.0,0.00316,0.01,0.0,0.002371573362299209,4.34274558194325e-05,0.0
0.006669919663030122,1.0,0.00398,0.01,0.0,0.002371573362299209,4.34274558194325e-05,0.0
0.006669919663030122,1.0,0.00501,0.01,0.0,0.002371573362299209,4.34274558194325e-05,0.0
0.006669919663030122,1.0,0.00631,0.01,0.0,0.002371573362299209,4.34274558194325e-05,0.0
0.0069858797467852495,1.0,1e-06,0.01,0.0,0.0026015713396831024,4.763910162393522e-05,0.0
0.0069858797467852495,1.0,1.26e-06,0.01,0.0,0.0026015713396831024,4.763910162393522e-05,0.0
0.0069858797467852495,1.0,1.58e-06,0.01,0.0,0.0026015713396831024,4.763910162393522e-05,0.0
0.0069858797467852495,1.0,2e-06,0.01,0.0,0.0026015713396831024,4.763910162393522e-05,0.0
0.0069858797467852495,1.0,2.51e-06,0.01,0.0,0.0026015713396831024,4.763910162393522e-05,0.0
0.0069858797467852495,1.0,3.16e-06,0.01,0.0,0.0026015713396831024,4.763910162393522e-05,0.0
0.0069858797467852495,1.0,3.98e-06,0.01,0.0,0.0026015713396831024,4.763910162393522e-05,0.0
0.0069858797467852495,1.0,5.01e-06,0.01,6.666666666666667e-05,0.0026015713396831024,4.763910162393522e-05,0.0020812570717464824
0.0069858797467852495,1.0,7.94e-06,0.01,3.3333333333333335e-05,0.0026015713396831024,4.763910162393522e-05,0.0010406285358732412
0.0069858797467852495,1.0,1e-05,0.01,3.3333333333333335e-05,0.0026015713396831024,4.763910162393522e-05,0.0010406285358732412
0.0069858797467852495,1.0,1.26e-05,0.01,6.666666666666667e-05,0.0026015713396831024,4.763910162393522e-05,0.0020812570717464824
0.0069858797467852495,1.0,1.58e-05,0.01,3.3333333333333335e-05,0.0026015713396831024,4.763910162393522e-05,0.0010406285358732412
0.0069858797467852495,1.0,2e-05,0.01,0.00016666666666666666,0.0026015713396831024,4.763910162393522e-05,0.005203142679366206
0.0069858797467852495,1.0,2.51e-05,0.01,0.00016666666666666666,0.0026015713396831024,4.763910162393522e-05,0.005203142679366206
0.0069858797467852495,1.0,3.16e-05,0.01,0.0002,0.0026015713396831024,4.763910162393522e-05,0.006243771215239447
0.0069858797467852495,1.0,3.98e-05,0.01,0.0003333333333333333,0.0026015713396831024,4.763910162393522e-05,0.010406285358732411
0.0069858797467852495,1.0,6.31e-05,0.01,0.0001,0.0026015713396831024,4.763910162393522e-05,0.0031218856076197237
0.0069858797467852495,1.0,7.94e-05,0.01,6.666666666666667e-05,0.0026015713396831024,4.763910162393522e-05,0.0020812570717464824
0.0069858797467852495,1.0,0.0001,0.01,0.0,0.0026015713396831024,4.763910162393522e-05,0.0
0.0069858797467852495,1.0,0.000126,0.01,0.0,0.0026015713396831024,4.763910162393522e-05,0.0
0.0069858797467852495,1.0,0.000158,0.01,0.0,0.0026015713396831024,4.763910162393522e-05,0.0
0.0069858797467852495,1.0,0.0002,0.01,0.0,0.0026015713396831024,4.763910162393522e-05,0.0
0.0069858797467852495,1.0,0.000251,0.01,0.0,0.0026015713396831024,4.763910162393522e-05,0.0
0.0069858797467852495,1.0,0.000316,0.01,0.0,0.0026015713396831024,4.763910162393522e-05,0.0
0.0069858797467852495,1.0,0.000398,0.01,0.0,0.0026015713396831024,4.763910162393522e-05,0.0
0.0069858797467852495,1.0,0.000501,0.01,0.0,0.0026015713396831024,4.763910162393522e-05,0.0
0.0069858797467852495,1.0,0.000631,0.01,0.0,0.0026015713396831024,4.763910162393522e-05,0.0
0.0069858797467852495,1.0,0.000794,0.01,0.0,0.0026015713396831024,4.763910162393522e-05,0.0
0.0069858797467852495,1.0,0.001,0.01,0.0,0.0026015713396831024,4.763910162393522e-05,0.0
0.0069858797467852495,1.0,0.00126,0.01,0.0,0.0026015713396831024,4.763910162393522e-05,0.0
0.0069858797467852495,1.0,0.00158,0.01,0.0,0.0026015713396831024,4.763910162393522e-05,0.0
0.0069858797467852495,1.0,0.002,0.01,0.0,0.0026015713396831024,4.763910162393522e-05,0.0
0.0069858797467852495,1.0,0.00251,0.01,0.0,0.0026015713396831024,4.763910162393522e-05,0.0
0.0069858797467852495,1.0,0.00316,0.01,0.0,0.0026015713396831024,4.763910162393522e-05,0.0
0.0069858797467852495,1.0,0.00398,0.01,0.0,0.0026015713396831024,4.763910162393522e-05,0.0
0.0069858797467852495,1.0,0.00501,0.01,0.0,0.0026015713396831024,4.763910162393522e-05,0.0
0.0069858797467852495,1.0,0.00631,0.01,0.0,0.0026015713396831024,4.763910162393522e-05,0.0
0.007316807143427192,1.0,1e-06,0.01,0.0,0.0028538736260374396,5.225917645188499e-05,0.0
0.007316807143427192,1.0,1.26e-06,0.01,0.0,0.0028538736260374396,5.225917645188499e-05,0.0
0.007316807143427192,1.0,1.58e-06,0.01,0.0,0.0028538736260374396,5.225917645188499e-05,0.0
0.007316807143427192,1.0,2e-06,0.01,0.0,0.0028538736260374396,5.225917645188499e-05,0.0
0.007316807143427192,1.0,2.51e-06,0.01,0.0,0.0028538736260374396,5.225917645188499e-05,0.0
0.007316807143427192,1.0,3.16e-06,0.01,0.0,0.0028538736260374396,5.225917645188499e-05,0.0
0.007316807143427192,1.0,3.98e-06,0.01,0.0,0.0028538736260374396,5.225917645188499e-05,0.0
0.007316807143427192,1.0,5.01e-06,0.01,6.666666666666667e-05,0.0028538736260374396,5.225917645188499e-05,0.002283098900829952
0.007316807143427192,1.0,7.94e-06,0.01,3.3333333333333335e-05,0.0028538736260374396,5.225917645188499e-05,0.001141549450414976
0.007316807143427192,1.0,1e-05,0.01,3.3333333333333335e-05,0.0028538736260374396,5.225917645188499e-05,0.001141549450414976
0.007316807143427192,1.0,1.26e-05,0.01,6.666666666666667e-05,0.0028538736260374396,5.225917645188499e-05,0.002283098900829952
0.007316807143427192,1.0,1.58e-05,0.01,3.3333333333333335e-05,0.0028538736260374396,5.225917645188499e-05,0.001141549450414976
0.007316807143427192,1.0,2e-05,0.01,0.00016666666666666666,0.0028538736260374396,5.225917645188499e-05,0.00570774725207488
0.007316807143427192,1.0,2.51e-05,0.01,0.00016666666666666666,0.0028538736260374396,5.225917645188499e-05,0.00570774725207488
0.007316807143427192,1.0,3.16e-05,0.01,0.0002,0.0028538736260374396,5.225917645188499e-05,0.006849296702489856
0.007316807143427192,1.0,3.98e-05,0.01,0.0003333333333333333,0.0028538736260374396,5.225917645188499e-05,0.01141549450414976
0.007316807143427192,1.0,6.31e-05,0.01,0.0001,0.0028538736260374396,5.225917645188499e-05,0.003424648351244928
0.007316807143427192,1.0,7.94e-05,0.01,6.666666666666667e-05,0.0028538736260374396,5.225917645188499e-05,0.002283098900829952
0.007316807143427192,1.0,0.0001,0.01,0.0,0.0028538736260374396,5.225917645188499e-05,0.0
0.007316807143427192,1.0,0.000126,0.01,0.0,0.0028538736260374396,5.225917645188499e-05,0.0
0.007316807143427192,1.0,0.000158,0.01,0.0,0.0028538736260374396,5.225917645188499e-05,0.0
0.007316807143427192,1.0,0.0002,0.01,0.0,0.0028538736260374396,5.225917645188499e-05,0.0
0.007316807143427192,1.0,0.000251,0.01,0.0,0.0028538736260374396,5.225917645188499e-05,0.0
0.007316807143427192,1.0,0.000316,0.01,0.0,0.0028538736260374396,5.225917645188499e-05,0.0
0.007316807143427192,1.0,0.000398,0.01,0.0,0.0028538736260374396,5.225917645188499e-05,0.0
0.007316807143427192,1.0,0.000501,0.01,0.0,0.0028538736260374396,5.225917645188499e-05,0.0
0.007316807143427192,1.0,0.000631,0.01,0.0,0.0028538736260374396,5.225917645188499e-05,0.0
0.007316807143427192,1.0,0.000794,0.01,0.0,0.0028538736260374396,5.225917645188499e-05,0.0
0.007316807143427192,1.0,0.001,0.01,0.0,0.0028538736260374396,5.225917645188499e-05,0.0
0.007316807143427192,1.0,0.00126,0.01,0.0,0.0028538736260374396,5.225917645188499e-05,0.0
0.007316807143427192,1.0,0.00158,0.01,0.0,0.0028538736260374396,5.225917645188499e-05,0.0
0.007316807143427192,1.0,0.002,0.01,0.0,0.0028538736260374396,5.225917645188499e-05,0.0
0.007316807143427192,1.0,0.00251,0.01,0.0,0.0028538736260374396,5.225917645188499e-05,0.0
0.007316807143427192,1.0,0.00316,0.01,0.0,0.0028538736260374396,5.225917645188499e-05,0.0
0.007316807143427192,1.0,0.00398,0.01,0.0,0.0028538736260374396,5.225917645188499e-05,0.0
0.007316807143427192,1.0,0.00501,0.01,0.0,0.0028538736260374396,5.225917645188499e-05,0.0
0.007316807143427192,1.0,0.00631,0.01,0.0,0.0028538736260374396,5.225917645188499e-05,0.0
0.007663410868007463,1.0,1e-06,0.01,0.0,0.0031306429693983874,5.732728381978369e-05,0.0
0.007663410868007463,1.0,1.26e-06,0.01,0.0,0.0031306429693983874,5.732728381978369e-05,0.0
0.007663410868007463,1.0,1.58e-06,0.01,0.0,0.0031306429693983874,5.732728381978369e-05,0.0
0.007663410868007463,1.0,2e-06,0.01,0.0,0.0031306429693983874,5.732728381978369e-05,0.0
0.007663410868007463,1.0,2.51e-06,0.01,0.0,0.0031306429693983874,5.732728381978369e-05,0.0
0.007663410868007463,1.0,3.16e-06,0.01,0.0,0.0031306429693983874,5.732728381978369e-05,0.0
0.007663410868007463,1.0,3.98e-06,0.01,0.0,0.0031306429693983874,5.732728381978369e-05,0.0
0.007663410868007463,1.0,5.01e-06,0.01,6.666666666666667e-05,0.0031306429693983874,5.732728381978369e-05,0.0025045143755187105
0.007663410868007463,1.0,7.94e-06,0.01,3.3333333333333335e-05,0.0031306429693983874,5.732728381978369e-05,0.0012522571877593553
0.007663410868007463,1.0,1e-05,0.01,3.3333333333333335e-05,0.0031306429693983874,5.732728381978369e-05,0.0012522571877593553
0.007663410868007463,1.0,1.26e-05,0.01,6.666666666666667e-05,0.0031306429693983874,5.732728381978369e-05,0.0025045143755187105
0.007663410868007463,1.0,1.58e-05,0.01,3.3333333333333335e-05,0.0031306429693983874,5.732728381978369e-05,0.0012522571877593553
0.007663410868007463,1.0,2e-05,0.01,0.00016666666666666666,0.0031306429693983874,5.732728381978369e-05,0.006261285938796775
0.007663410868007463,1.0,2.51e-05,0.01,0.00016666666666666666,0.0031306429693983874,5.732728381978369e-05,0.006261285938796775
0.007663410868007463,1.0,3.16e-05,0.01,0.0002,0.0031306429693983874,5.732728381978369e-05,0.007513543126556131
0.007663410868007463,1.0,3.98e-05,0.01,0.0003333333333333333,0.0031306429693983874,5.732728381978369e-05,0.01252257187759355
0.007663410868007463,1.0,6.31e-05,0.01,0.0001,0.0031306429693983874,5.732728381978369e-05,0.0037567715632780656
0.007663410868007463,1.0,7.94e-05,0.01,6.666666666666667e-05,0.0031306429693983874,5.732728381978369e-05,0.0025045143755187105
0.007663410868007463,1.0,0.0001,0.01,0.0,0.0031306429693983874,5.732728381978369e-05,0.0
0.007663410868007463,1.0,0.000126,0.01,0.0,0.0031306429693983874,5.732728381978369e-05,0.0
0.007663410868007463,1.0,0.000158,0.01,0.0,0.0031306429693983874,5.732728381978369e-05,0.0
0.007663410868007463,1.0,0.0002,0.01,0.0,0.0031306429693983874,5.732728381978369e-05,0.0
0.007663410868007463,1.0,0.000251,0.01,0.0,0.0031306429693983874,5.732728381978369e-05,0.0
0.007663410868007463,1.0,0.000316,0.01,0.0,0.0031306429693983874,5.732728381978369e-05,0.0
0.007663410868007463,1.0,0.000398,0.01,0.0,0.0031306429693983874,5.732728381978369e-05,0.0
0.007663410868007463,1.0,0.000501,0.01,0.0,0.0031306429693983874,5.732728381978369e-05,0.0
0.007663410868007463,1.0,0.000631,0.01,0.0,0.0031306429693983874,5.732728381978369e-05,0.0
0.007663410868007463,1.0,0.000794,0.01,0.0,0.0031306429693983874,5.732728381978369e-05,0.0
0.007663410868007463,1.0,0.001,0.01,0.0,0.0031306429693983874,5.732728381978369e-05,0.0
0.007663410868007463,1.0,0.00126,0.01,0.0,0.0031306429693983874,5.732728381978369e-05,0.0
0.007663410868007463,1.0,0.00158,0.01,0.0,0.0031306429693983874,5.732728381978369e-05,0.0
0.007663410868007463,1.0,0.002,0.01,0.0,0.0031306429693983874,5.732728381978369e-05,0.0
0.007663410868007463,1.0,0.00251,0.01,0.0,0.0031306429693983874,5.732728381978369e-05,0.0
0.007663410868007463,1.0,0.00316,0.01,0.0,0.0031306429693983874,5.732728381978369e-05,0.0
0.007663410868007463,1.0,0.00398,0.01,0.0,0.0031306429693983874,5.732728381978369e-05,0.0
0.007663410868007463,1.0,0.00501,0.01,0.0,0.0031306429693983874,5.732728381978369e-05,0.0
0.007663410868007463,1.0,0.00631,0.01,0.0,0.0031306429693983874,5.732728381978369e-05,0.0
0.008026433522257174,1.0,1e-06,0.01,0.0,0.003434251781494045,6.288686653532403e-05,0.0
0.008026433522257174,1.0,1.26e-06,0.01,0.0,0.003434251781494045,6.288686653532403e-05,0.0
0.008026433522257174,1.0,1.58e-06,0.01,0.0,0.003434251781494045,6.288686653532403e-05,0.0
0.008026433522257174,1.0,2e-06,0.01,0.0,0.003434251781494045,6.288686653532403e-05,0.0
0.008026433522257174,1.0,2.51e-06,0.01,0.0,0.003434251781494045,6.288686653532403e-05,0.0
0.008026433522257174,1.0,3.16e-06,0.01,0.0,0.003434251781494045,6.288686653532403e-05,0.0
0.008026433522257174,1.0,3.98e-06,0.01,0.0,0.003434251781494045,6.288686653532403e-05,0.0
0.008026433522257174,1.0,5.01e-06,0.01,6.666666666666667e-05,0.003434251781494045,6.288686653532403e-05,0.0027474014251952362
0.008026433522257174,1.0,7.94e-06,0.01,3.3333333333333335e-05,0.003434251781494045,6.288686653532403e-05,0.0013737007125976181
0.008026433522257174,1.0,1e-05,0.01,3.3333333333333335e-05,0.003434251781494045,6.288686653532403e-05,0.0013737007125976181
0.008026433522257174,1.0,1.26e-05,0.01,6.666666666666667e-05,0.003434251781494045,6.288686653532403e-05,0.0027474014251952362
0.008026433522257174,1.0,1.58e-05,0.01,3.3333333333333335e-05,0.003434251781494045,6.288686653532403e-05,0.0013737007125976181
0.008026433522257174,1.0,2e-05,0.01,0.00016666666666666666,0.003434251781494045,6.288686653532403e-05,0.006868503562988091
0.008026433522257174,1.0,2.51e-05,0.01,0.00016666666666666666,0.003434251781494045,6.288686653532403e-05,0.006868503562988091
0.008026433522257174,1.0,3.16e-05,0.01,0.0002,0.003434251781494045,6.288686653532403e-05,0.008242204275585708
0.008026433522257174,1.0,3.98e-05,0.01,0.0003333333333333333,0.003434251781494045,6.288686653532403e-05,0.013737007125976182
0.008026433522257174,1.0,6.31e-05,0.01,0.0001,0.003434251781494045,6.288686653532403e-05,0.004121102137792854
0.008026433522257174,1.0,7.94e-05,0.01,6.666666666666667e-05,0.003434251781494045,6.288686653532403e-05,0.0027474014251952362
0.008026433522257174,1.0,0.0001,0.01,0.0,0.003434251781494045,6.288686653532403e-05,0.0
0.008026433522257174,1.0,0.000126,0.01,0.0,0.003434251781494045,6.288686653532403e-05,0.0
0.008026433522257174,1.0,0.000158,0.01,0.0,0.003434251781494045,6.288686653532403e-05,0.0
0.008026433522257174,1.0,0.0002,0.01,0.0,0.003434251781494045,6.288686653532403e-05,0.0
0.008026433522257174,1.0,0.000251,0.01,0.0,0.003434251781494045,6.288686653532403e-05,0.0
0.008026433522257174,1.0,0.000316,0.01,0.0,0.003434251781494045,6.288686653532403e-05,0.0
0.008026433522257174,1.0,0.000398,0.01,0.0,0.003434251781494045,6.288686653532403e-05,0.0
0.008026433522257174,1.0,0.000501,0.01,0.0,0.003434251781494045,6.288686653532403e-05,0.0
0.008026433522257174,1.0,0.000631,0.01,0.0,0.003434251781494045,6.288686653532403e-05,0.0
0.008026433522257174,1.0,0.000794,0.01,0.0,0.003434251781494045,6.288686653532403e-05,0.0
0.008026433522257174,1.0,0.001,0.01,0.0,0.003434251781494045,6.288686653532403e-05,0.0
0.008026433522257174,1.0,0.00126,0.01,0.0,0.003434251781494045,6.288686653532403e-05,0.0
0.008026433522257174,1.0,0.00158,0.01,0.0,0.003434251781494045,6.288686653532403e-05,0.0
0.008026433522257174,1.0,0.002,0.01,0.0,0.003434251781494045,6.288686653532403e-05,0.0
0.008026433522257174,1.0,0.00251,0.01,0.0,0.003434251781494045,6.288686653532403e-05,0.0
0.008026433522257174,1.0,0.00316,0.01,0.0,0.003434251781494045,6.288686653532403e-05,0.0
0.008026433522257174,1.0,0.00398,0.01,0.0,0.003434251781494045,6.288686653532403e-05,0.0
0.008026433522257174,1.0,0.00501,0.01,0.0,0.003434251781494045,6.288686653532403e-05,0.0
0.008026433522257174,1.0,0.00631,0.01,0.0,0.003434251781494045,6.288686653532403e-05,0.0
0.008406652885618326,1.0,1e-06,0.01,0.0,0.0037673024534071444,6.898557871098964e-05,0.0
0.008406652885618326,1.0,1.26e-06,0.01,0.0,0.0037673024534071444,6.898557871098964e-05,0.0
0.008406652885618326,1.0,1.58e-06,0.01,0.0,0.0037673024534071444,6.898557871098964e-05,0.0
0.008406652885618326,1.0,2e-06,0.01,0.0,0.0037673024534071444,6.898557871098964e-05,0.0
0.008406652885618326,1.0,2.51e-06,0.01,0.0,0.0037673024534071444,6.898557871098964e-05,0.0
0.008406652885618326,1.0,3.16e-06,0.01,0.0,0.0037673024534071444,6.898557871098964e-05,0.0
0.008406652885618326,1.0,3.98e-06,0.01,0.0,0.0037673024534071444,6.898557871098964e-05,0.0
0.008406652885618326,1.0,5.01e-06,0.01,6.666666666666667e-05,0.0037673024534071444,6.898557871098964e-05,0.0030138419627257166
0.008406652885618326,1.0,7.94e-06,0.01,3.3333333333333335e-05,0.0037673024534071444,6.898557871098964e-05,0.0015069209813628583
0.008406652885618326,1.0,1e-05,0.01,3.3333333333333335e-05,0.0037673024534071444,6.898557871098964e-05,0.0015069209813628583
0.008406652885618326,1.0,1.26e-05,0.01,6.666666666666667e-05,0.0037673024534071444,6.898557871098964e-05,0.0030138419627257166
0.008406652885618326,1.0,1.58e-05,0.01,3.3333333333333335e-05,0.0037673024534071444,6.898557871098964e-05,0.0015069209813628583
0.008406652885618326,1.0,2e-05,0.01,0.00016666666666666666,0.0037673024534071444,6.898557871098964e-05,0.00753460490681429
0.008406652885618326,1.0,2.51e-05,0.01,0.00016666666666666666,0.0037673024534071444,6.898557871098964e-05,0.00753460490681429
0.008406652885618326,1.0,3.16e-05,0.01,0.0002,0.0037673024534071444,6.898557871098964e-05,0.00904152588817715
0.008406652885618326,1.0,3.98e-05,0.01,0.0003333333333333333,0.0037673024534071444,6.898557871098964e-05,0.01506920981362858
0.008406652885618326,1.0,6.31e-05,0.01,0.0001,0.0037673024534071444,6.898557871098964e-05,0.004520762944088575
0.008406652885618326,1.0,7.94e-05,0.01,6.666666666666667e-05,0.0037673024534071444,6.898557871098964e-05,0.0030138419627257166
0.008406652885618326,1.0,0.0001,0.01,0.0,0.0037673024534071444,6.898557871098964e-05,0.0
0.008406652885618326,1.0,0.000126,0.01,0.0,0.0037673024534071444,6.898557871098964e-05,0.0
0.008406652885618326,1.0,0.000158,0.01,0.0,0.0037673024534071444,6.898557871098964e-05,0.0
0.008406652885618326,1.0,0.0002,0.01,0.0,0.0037673024534071444,6.898557871098964e-05,0.0
0.008406652885618326,1.0,0.000251,0.01,0.0,0.0037673024534071444,6.898557871098964e-05,0.0
0.008406652885618326,1.0,0.000316,0.01,0.0,0.0037673024534071444,6.898557871098964e-05,0.0
0.008406652885618326,1.0,0.000398,0.01,0.0,0.0037673024534071444,6.898557871098964e-05,0.0
0.008406652885618326,1.0,0.000501,0.01,0.0,0.0037673024534071444,6.898557871098964e-05,0.0
0.008406652885618326,1.0,0.000631,0.01,0.0,0.0037673024534071444,6.898557871098964e-05,0.0
0.008406652885618326,1.0,0.000794,0.01,0.0,0.0037673024534071444,6.898557871098964e-05,0.0
0.008406652885618326,1.0,0.001,0.01,0.0,0.0037673024534071444,6.898557871098964e-05,0.0
0.008406652885618326,1.0,0.00126,0.01,0.0,0.0037673024534071444,6.898557871098964e-05,0.0
0.008406652885618326,1.0,0.00158,0.01,0.0,0.0037673024534071444,6.898557871098964e-05,0.0
0.008406652885618326,1.0,0.002,0.01,0.0,0.0037673024534071444,6.898557871098964e-05,0.0
0.008406652885618326,1.0,0.00251,0.01,0.0,0.0037673024534071444,6.898557871098964e-05,0.0
0.008406652885618326,1.0,0.00316,0.01,0.0,0.0037673024534071444,6.898557871098964e-05,0.0
0.008406652885618326,1.0,0.00398,0.01,0.0,0.0037673024534071444,6.898557871098964e-05,0.0
0.008406652885618326,1.0,0.00501,0.01,0.0,0.0037673024534071444,6.898557871098964e-05,0.0
0.008406652885618326,1.0,0.00631,0.01,0.0,0.0037673024534071444,6.898557871098964e-05,0.0
0.008804883581643464,1.0,1e-06,0.01,0.0,0.004132649637758689,7.567569378792693e-05,0.0
0.008804883581643464,1.0,1.26e-06,0.01,0.0,0.004132649637758689,7.567569378792693e-05,0.0
0.008804883581643464,1.0,1.58e-06,0.01,0.0,0.004132649637758689,7.567569378792693e-05,0.0
0.008804883581643464,1.0,2e-06,0.01,0.0,0.004132649637758689,7.567569378792693e-05,0.0
0.008804883581643464,1.0,2.51e-06,0.01,0.0,0.004132649637758689,7.567569378792693e-05,0.0
0.008804883581643464,1.0,3.16e-06,0.01,0.0,0.004132649637758689,7.567569378792693e-05,0.0
0.008804883581643464,1.0,3.98e-06,0.01,0.0,0.004132649637758689,7.567569378792693e-05,0.0
0.008804883581643464,1.0,5.01e-06,0.01,6.666666666666667e-05,0.004132649637758689,7.567569378792693e-05,0.003306119710206952
0.008804883581643464,1.0,7.94e-06,0.01,3.3333333333333335e-05,0.004132649637758689,7.567569378792693e-05,0.001653059855103476
0.008804883581643464,1.0,1e-05,0.01,3.3333333333333335e-05,0.004132649637758689,7.567569378792693e-05,0.001653059855103476
0.008804883581643464,1.0,1.26e-05,0.01,6.666666666666667e-05,0.004132649637758689,7.567569378792693e-05,0.003306119710206952
0.008804883581643464,1.0,1.58e-05,0.01,3.3333333333333335e-05,0.004132649637758689,7.567569378792693e-05,0.001653059855103476
0.008804883581643464,1.0,2e-05,0.01,0.00016666666666666666,0.004132649637758689,7.567569378792693e-05,0.00826529927551738
0.008804883581643464,1.0,2.51e-05,0.01,0.00016666666666666666,0.004132649637758689,7.567569378792693e-05,0.00826529927551738
0.008804883581643464,1.0,3.16e-05,0.01,0.0002,0.004132649637758689,7.567569378792693e-05,0.009918359130620856
0.008804883581643464,1.0,3.98e-05,0.01,0.0003333333333333333,0.004132649637758689,7.567569378792693e-05,0.01653059855103476
0.008804883581643464,1.0,6.31e-05,0.01,0.0001,0.004132649637758689,7.567569378792693e-05,0.004959179565310428
0.008804883581643464,1.0,7.94e-05,0.01,6.666666666666667e-05,0.004132649637758689,7.567569378792693e-05,0.003306119710206952
0.008804883581643464,1.0,0.0001,0.01,0.0,0.004132649637758689,7.567569378792693e-05,0.0
0.008804883581643464,1.0,0.000126,0.01,0.0,0.004132649637758689,7.567569378792693e-05,0.0
0.008804883581643464,1.0,0.000158,0.01,0.0,0.004132649637758689,7.567569378792693e-05,0.0
0.008804883581643464,1.0,0.0002,0.01,0.0,0.004132649637758689,7.567569378792693e-05,0.0
0.008804883581643464,1.0,0.000251,0.01,0.0,0.004132649637758689,7.567569378792693e-05,0.0
0.008804883581643464,1.0,0.000316,0.01,0.0,0.004132649637758689,7.567569378792693e-05,0.0
0.008804883581643464,1.0,0.000398,0.01,0.0,0.004132649637758689,7.567569378792693e-05,0.0
0.008804883581643464,1.0,0.000501,0.01,0.0,0.004132649637758689,7.567569378792693e-05,0.0
0.008804883581643464,1.0,0.000631,0.01,0.0,0.004132649637758689,7.567569378792693e-05,0.0
0.008804883581643464,1.0,0.000794,0.01,0.0,0.004132649637758689,7.567569378792693e-05,0.0
0.008804883581643464,1.0,0.001,0.01,0.0,0.004132649637758689,7.567569378792693e-05,0.0
0.008804883581643464,1.0,0.00126,0.01,0.0,0.004132649637758689,7.567569378792693e-05,0.0
0.008804883581643464,1.0,0.00158,0.01,0.0,0.004132649637758689,7.567569378792693e-05,0.0
0.008804883581643464,1.0,0.002,0.01,0.0,0.004132649637758689,7.567569378792693e-05,0.0
0.008804883581643464,1.0,0.00251,0.01,0.0,0.004132649637758689,7.567569378792693e-05,0.0
0.008804883581643464,1.0,0.00316,0.01,0.0,0.004132649637758689,7.567569378792693e-05,0.0
0.008804883581643464,1.0,0.00398,0.01,0.0,0.004132649637758689,7.567569378792693e-05,0.0
0.008804883581643464,1.0,0.00501,0.01,0.0,0.004132649637758689,7.567569378792693e-05,0.0
0.008804883581643464,1.0,0.00631,0.01,0.0,0.004132649637758689,7.567569378792693e-05,0.0
0.009221978823334321,1.0,1e-06,0.01,0.0,0.004533424687363028,8.301455204839823e-05,0.0
0.009221978823334321,1.0,1.26e-06,0.01,0.0,0.004533424687363028,8.301455204839823e-05,0.0
0.009221978823334321,1.0,1.58e-06,0.01,0.0,0.004533424687363028,8.301455204839823e-05,0.0
0.009221978823334321,1.0,2e-06,0.01,0.0,0.004533424687363028,8.301455204839823e-05,0.0
0.009221978823334321,1.0,2.51e-06,0.01,0.0,0.004533424687363028,8.301455204839823e-05,0.0
0.009221978823334321,1.0,3.16e-06,0.01,0.0,0.004533424687363028,8.301455204839823e-05,0.0
0.009221978823334321,1.0,3.98e-06,0.01,0.0,0.004533424687363028,8.301455204839823e-05,0.0
0.009221978823334321,1.0,5.01e-06,0.01,6.666666666666667e-05,0.004533424687363028,8.301455204839823e-05,0.003626739749890423
0.009221978823334321,1.0,7.94e-06,0.01,3.3333333333333335e-05,0.004533424687363028,8.301455204839823e-05,0.0018133698749452116
0.009221978823334321,1.0,1e-05,0.01,3.3333333333333335e-05,0.004533424687363028,8.301455204839823e-05,0.0018133698749452116
0.009221978823334321,1.0,1.26e-05,0.01,6.666666666666667e-05,0.004533424687363028,8.301455204839823e-05,0.003626739749890423
0.009221978823334321,1.0,1.58e-05,0.01,3.3333333333333335e-05,0.004533424687363028,8.301455204839823e-05,0.0018133698749452116
0.009221978823334321,1.0,2e-05,0.01,0.00016666666666666666,0.004533424687363028,8.301455204839823e-05,0.009066849374726056
0.009221978823334321,1.0,2.51e-05,0.01,0.00016666666666666666,0.004533424687363028,8.301455204839823e-05,0.009066849374726056
0.009221978823334321,1.0,3.16e-05,0.01,0.0002,0.004533424687363028,8.301455204839823e-05,0.010880219249671268
0.009221978823334321,1.0,3.98e-05,0.01,0.0003333333333333333,0.004533424687363028,8.301455204839823e-05,0.01813369874945211
0.009221978823334321,1.0,6.31e-05,0.01,0.0001,0.004533424687363028,8.301455204839823e-05,0.005440109624835634
0.009221978823334321,1.0,7.94e-05,0.01,6.666666666666667e-05,0.004533424687363028,8.301455204839823e-05,0.003626739749890423
0.009221978823334321,1.0,0.0001,0.01,0.0,0.004533424687363028,8.301455204839823e-05,0.0
0.009221978823334321,1.0,0.000126,0.01,0.0,0.004533424687363028,8.301455204839823e-05,0.0
0.009221978823334321,1.0,0.000158,0.01,0.0,0.004533424687363028,8.301455204839823e-05,0.0
0.009221978823334321,1.0,0.0002,0.01,0.0,0.004533424687363028,8.301455204839823e-05,0.0
0.009221978823334321,1.0,0.000251,0.01,0.0,0.004533424687363028,8.301455204839823e-05,0.0
0.009221978823334321,1.0,0.000316,0.01,0.0,0.004533424687363028,8.301455204839823e-05,0.0
0.009221978823334321,1.0,0.000398,0.01,0.0,0.004533424687363028,8.301455204839823e-05,0.0
0.009221978823334321,1.0,0.000501,0.01,0.0,0.004533424687363028,8.301455204839823e-05,0.0
0.009221978823334321,1.0,0.000631,0.01,0.0,0.004533424687363028,8.301455204839823e-05,0.0
0.009221978823334321,1.0,0.000794,0.01,0.0,0.004533424687363028,8.301455204839823e-05,0.0
0.009221978823334321,1.0,0.001,0.01,0.0,0.004533424687363028,8.301455204839823e-05,0.0
0.009221978823334321,1.0,0.00126,0.01,0.0,0.004533424687363028,8.301455204839823e-05,0.0
0.009221978823334321,1.0,0.00158,0.01,0.0,0.004533424687363028,8.301455204839823e-05,0.0
0.009221978823334321,1.0,0.002,0.01,0.0,0.004533424687363028,8.301455204839823e-05,0.0
0.009221978823334321,1.0,0.00251,0.01,0.0,0.004533424687363028,8.301455204839823e-05,0.0
0.009221978823334321,1.0,0.00316,0.01,0.0,0.004533424687363028,8.301455204839823e-05,0.0
0.009221978823334321,1.0,0.00398,0.01,0.0,0.004533424687363028,8.301455204839823e-05,0.0
0.009221978823334321,1.0,0.00501,0.01,0.0,0.004533424687363028,8.301455204839823e-05,0.0
0.009221978823334321,1.0,0.00631,0.01,0.0,0.004533424687363028,8.301455204839823e-05,0.0
0.009658832241158708,1.0,1e-06,0.01,0.0,0.004973062458569547,9.106505142958337e-05,0.0
0.009658832241158708,1.0,1.26e-06,0.01,0.0,0.004973062458569547,9.106505142958337e-05,0.0
0.009658832241158708,1.0,1.58e-06,0.01,0.0,0.004973062458569547,9.106505142958337e-05,0.0
0.009658832241158708,1.0,2e-06,0.01,0.0,0.004973062458569547,9.106505142958337e-05,0.0
0.009658832241158708,1.0,2.51e-06,0.01,0.0,0.004973062458569547,9.106505142958337e-05,0.0
0.009658832241158708,1.0,3.16e-06,0.01,0.0,0.004973062458569547,9.106505142958337e-05,0.0
0.009658832241158708,1.0,3.98e-06,0.01,0.0,0.004973062458569547,9.106505142958337e-05,0.0
0.009658832241158708,1.0,5.01e-06,0.01,6.666666666666667e-05,0.004973062458569547,9.106505142958337e-05,0.003978449966855638
0.009658832241158708,1.0,7.94e-06,0.01,3.3333333333333335e-05,0.004973062458569547,9.106505142958337e-05,0.001989224983427819
0.009658832241158708,1.0,1e-05,0.01,3.3333333333333335e-05,0.004973062458569547,9.106505142958337e-05,0.001989224983427819
0.009658832241158708,1.0,1.26e-05,0.01,6.666666666666667e-05,0.004973062458569547,9.106505142958337e-05,0.003978449966855638
0.009658832241158708,1.0,1.58e-05,0.01,3.3333333333333335e-05,0.004973062458569547,9.106505142958337e-05,0.001989224983427819
0.009658832241158708,1.0,2e-05,0.01,0.00016666666666666666,0.004973062458569547,9.106505142958337e-05,0.009946124917139094
0.009658832241158708,1.0,2.51e-05,0.01,0.00016666666666666666,0.004973062458569547,9.106505142958337e-05,0.009946124917139094
0.009658832241158708,1.0,3.16e-05,0.01,0.0002,0.004973062458569547,9.106505142958337e-05,0.011935349900566916
0.009658832241158708,1.0,3.98e-05,0.01,0.0003333333333333333,0.004973062458569547,9.106505142958337e-05,0.01989224983427819
0.009658832241158708,1.0,6.31e-05,0.01,0.0001,0.004973062458569547,9.106505142958337e-05,0.005967674950283458
0.009658832241158708,1.0,7.94e-05,0.01,6.666666666666667e-05,0.004973062458569547,9.106505142958337e-05,0.003978449966855638
0.009658832241158708,1.0,0.0001,0.01,0.0,0.004973062458569547,9.106505142958337e-05,0.0
0.009658832241158708,1.0,0.000126,0.01,0.0,0.004973062458569547,9.106505142958337e-05,0.0
0.009658832241158708,1.0,0.000158,0.01,0.0,0.004973062458569547,9.106505142958337e-05,0.0
0.009658832241158708,1.0,0.0002,0.01,0.0,0.004973062458569547,9.106505142958337e-05,0.0
0.009658832241158708,1.0,0.000251,0.01,0.0,0.004973062458569547,9.106505142958337e-05,0.0
0.009658832241158708,1.0,0.000316,0.01,0.0,0.004973062458569547,9.106505142958337e-05,0.0
0.009658832241158708,1.0,0.000398,0.01,0.0,0.004973062458569547,9.106505142958337e-05,0.0
0.009658832241158708,1.0,0.000501,0.01,0.0,0.004973062458569547,9.106505142958337e-05,0.0
0.009658832241158708,1.0,0.000631,0.01,0.0,0.004973062458569547,9.106505142958337e-05,0.0
0.009658832241158708,1.0,0.000794,0.01,0.0,0.004973062458569547,9.106505142958337e-05,0.0
0.009658832241158708,1.0,0.001,0.01,0.0,0.004973062458569547,9.106505142958337e-05,0.0
0.009658832241158708,1.0,0.00126,0.01,0.0,0.004973062458569547,9.106505142958337e-05,0.0
0.009658832241158708,1.0,0.00158,0.01,0.0,0.004973062458569547,9.106505142958337e-05,0.0
0.009658832241158708,1.0,0.002,0.01,0.0,0.004973062458569547,9.106505142958337e-05,0.0
0.009658832241158708,1.0,0.00251,0.01,0.0,0.004973062458569547,9.106505142958337e-05,0.0
0.009658832241158708,1.0,0.00316,0.01,0.0,0.004973062458569547,9.106505142958337e-05,0.0
0.009658832241158708,1.0,0.00398,0.01,0.0,0.004973062458569547,9.106505142958337e-05,0.0
0.009658832241158708,1.0,0.00501,0.01,0.0,0.004973062458569547,9.106505142958337e-05,0.0
0.009658832241158708,1.0,0.00631,0.01,0.0,0.004973062458569547,9.106505142958337e-05,0.0
0.01011637979766207,1.0,1e-06,0.01,0.0,0.0054553307075108,9.989618581781359e-05,0.0
0.01011637979766207,1.0,1.26e-06,0.01,0.0,0.0054553307075108,9.989618581781359e-05,0.0
0.01011637979766207,1.0,1.58e-06,0.01,0.0,0.0054553307075108,9.989618581781359e-05,0.0
0.01011637979766207,1.0,2e-06,0.01,0.0,0.0054553307075108,9.989618581781359e-05,0.0
0.01011637979766207,1.0,2.51e-06,0.01,0.0,0.0054553307075108,9.989618581781359e-05,0.0
0.01011637979766207,1.0,3.16e-06,0.01,0.0,0.0054553307075108,9.989618581781359e-05,0.0
0.01011637979766207,1.0,3.98e-06,0.01,0.0,0.0054553307075108,9.989618581781359e-05,0.0
0.01011637979766207,1.0,5.01e-06,0.01,6.666666666666667e-05,0.0054553307075108,9.989618581781359e-05,0.004364264566008641
0.01011637979766207,1.0,7.94e-06,0.01,3.3333333333333335e-05,0.0054553307075108,9.989618581781359e-05,0.0021821322830043203
0.01011637979766207,1.0,1e-05,0.01,3.3333333333333335e-05,0.0054553307075108,9.989618581781359e-05,0.0021821322830043203
0.01011637979766207,1.0,1.26e-05,0.01,6.666666666666667e-05,0.0054553307075108,9.989618581781359e-05,0.004364264566008641
0.01011637979766207,1.0,1.58e-05,0.01,3.3333333333333335e-05,0.0054553307075108,9.989618581781359e-05,0.0021821322830043203
0.01011637979766207,1.0,2e-05,0.01,0.00016666666666666666,0.0054553307075108,9.989618581781359e-05,0.010910661415021602
0.01011637979766207,1.0,2.51e-05,0.01,0.00016666666666666666,0.0054553307075108,9.989618581781359e-05,0.010910661415021602
0.01011637979766207,1.0,3.16e-05,0.01,0.0002,0.0054553307075108,9.989618581781359e-05,0.013092793698025924
0.01011637979766207,1.0,3.98e-05,0.01,0.0003333333333333333,0.0054553307075108,9.989618581781359e-05,0.021821322830043205
0.01011637979766207,1.0,6.31e-05,0.01,0.0001,0.0054553307075108,9.989618581781359e-05,0.006546396849012962
0.01011637979766207,1.0,7.94e-05,0.01,6.666666666666667e-05,0.0054553307075108,9.989618581781359e-05,0.004364264566008641
0.01011637979766207,1.0,0.0001,0.01,0.0,0.0054553307075108,9.989618581781359e-05,0.0
0.01011637979766207,1.0,0.000126,0.01,0.0,0.0054553307075108,9.989618581781359e-05,0.0
0.01011637979766207,1.0,0.000158,0.01,0.0,0.0054553307075108,9.989618581781359e-05,0.0
0.01011637979766207,1.0,0.0002,0.01,0.0,0.0054553307075108,9.989618581781359e-05,0.0
0.01011637979766207,1.0,0.000251,0.01,0.0,0.0054553307075108,9.989618581781359e-05,0.0
0.01011637979766207,1.0,0.000316,0.01,0.0,0.0054553307075108,9.989618581781359e-05,0.0
0.01011637979766207,1.0,0.000398,0.01,0.0,0.0054553307075108,9.989618581781359e-05,0.0
0.01011637979766207,1.0,0.000501,0.01,0.0,0.0054553307075108,9.989618581781359e-05,0.0
0.01011637979766207,1.0,0.000631,0.01,0.0,0.0054553307075108,9.989618581781359e-05,0.0
0.01011637979766207,1.0,0.000794,0.01,0.0,0.0054553307075108,9.989618581781359e-05,0.0
0.01011637979766207,1.0,0.001,0.01,0.0,0.0054553307075108,9.989618581781359e-05,0.0
0.01011637979766207,1.0,0.00126,0.01,0.0,0.0054553307075108,9.989618581781359e-05,0.0
0.01011637979766207,1.0,0.00158,0.01,0.0,0.0054553307075108,9.989618581781359e-05,0.0
0.01011637979766207,1.0,0.002,0.01,0.0,0.0054553307075108,9.989618581781359e-05,0.0
0.01011637979766207,1.0,0.00251,0.01,0.0,0.0054553307075108,9.989618581781359e-05,0.0
0.01011637979766207,1.0,0.00316,0.01,0.0,0.0054553307075108,9.989618581781359e-05,0.0
0.01011637979766207,1.0,0.00398,0.01,0.0,0.0054553307075108,9.989618581781359e-05,0.0
0.01011637979766207,1.0,0.00501,0.01,0.0,0.0054553307075108,9.989618581781359e-05,0.0
0.01011637979766207,1.0,0.00631,0.01,0.0,0.0054553307075108,9.989618581781359e-05,0.0
0.010595601792776159,1.0,1e-06,0.01,0.0,0.005984362329383579,0.00010958363540347151,0.0
0.010595601792776159,1.0,1.26e-06,0.01,0.0,0.005984362329383579,0.00010958363540347151,0.0
0.010595601792776159,1.0,1.58e-06,0.01,0.0,0.005984362329383579,0.00010958363540347151,0.0
0.010595601792776159,1.0,2e-06,0.01,0.0,0.005984362329383579,0.00010958363540347151,0.0
0.010595601792776159,1.0,2.51e-06,0.01,0.0,0.005984362329383579,0.00010958363540347151,0.0
0.010595601792776159,1.0,3.16e-06,0.01,0.0,0.005984362329383579,0.00010958363540347151,0.0
0.010595601792776159,1.0,3.98e-06,0.01,0.0,0.005984362329383579,0.00010958363540347151,0.0
0.010595601792776159,1.0,5.01e-06,0.01,6.666666666666667e-05,0.005984362329383579,0.00010958363540347151,0.004787489863506863
0.010595601792776159,1.0,7.94e-06,0.01,3.3333333333333335e-05,0.005984362329383579,0.00010958363540347151,0.0023937449317534315
0.010595601792776159,1.0,1e-05,0.01,3.3333333333333335e-05,0.005984362329383579,0.00010958363540347151,0.0023937449317534315
0.010595601792776159,1.0,1.26e-05,0.01,6.666666666666667e-05,0.005984362329383579,0.00010958363540347151,0.004787489863506863
0.010595601792776159,1.0,1.58e-05,0.01,3.3333333333333335e-05,0.005984362329383579,0.00010958363540347151,0.0023937449317534315
0.010595601792776159,1.0,2e-05,0.01,0.00016666666666666666,0.005984362329383579,0.00010958363540347151,0.011968724658767157
0.010595601792776159,1.0,2.51e-05,0.01,0.00016666666666666666,0.005984362329383579,0.00010958363540347151,0.011968724658767157
0.010595601792776159,1.0,3.16e-05,0.01,0.0002,0.005984362329383579,0.00010958363540347151,0.014362469590520588
0.010595601792776159,1.0,3.98e-05,0.01,0.0003333333333333333,0.005984362329383579,0.00010958363540347151,0.023937449317534314
0.010595601792776159,1.0,6.31e-05,0.01,0.0001,0.005984362329383579,0.00010958363540347151,0.007181234795260294
0.010595601792776159,1.0,7.94e-05,0.01,6.666666666666667e-05,0.005984362329383579,0.00010958363540347151,0.004787489863506863
0.010595601792776159,1.0,0.0001,0.01,0.0,0.005984362329383579,0.00010958363540347151,0.0
0.010595601792776159,1.0,0.000126,0.01,0.0,0.005984362329383579,0.00010958363540347151,0.0
0.010595601792776159,1.0,0.000158,0.01,0.0,0.005984362329383579,0.00010958363540347151,0.0
0.010595601792776159,1.0,0.0002,0.01,0.0,0.005984362329383579,0.00010958363540347151,0.0
0.010595601792776159,1.0,0.000251,0.01,0.0,0.005984362329383579,0.00010958363540347151,0.0
0.010595601792776159,1.0,0.000316,0.01,0.0,0.005984362329383579,0.00010958363540347151,0.0
0.010595601792776159,1.0,0.000398,0.01,0.0,0.005984362329383579,0.00010958363540347151,0.0
0.010595601792776159,1.0,0.000501,0.01,0.0,0.005984362329383579,0.00010958363540347151,0.0
0.010595601792776159,1.0,0.000631,0.01,0.0,0.005984362329383579,0.00010958363540347151,0.0
0.010595601792776159,1.0,0.000794,0.01,0.0,0.005984362329383579,0.00010958363540347151,0.0
0.010595601792776159,1.0,0.001,0.01,0.0,0.005984362329383579,0.00010958363540347151,0.0
0.010595601792776159,1.0,0.00126,0.01,0.0,0.005984362329383579,0.00010958363540347151,0.0
0.010595601792776159,1.0,0.00158,0.01,0.0,0.005984362329383579,0.00010958363540347151,0.0
0.010595601792776159,1.0,0.002,0.01,0.0,0.005984362329383579,0.00010958363540347151,0.0
0.010595601792776159,1.0,0.00251,0.01,0.0,0.005984362329383579,0.00010958363540347151,0.0
0.010595601792776159,1.0,0.00316,0.01,0.0,0.005984362329383579,0.00010958363540347151,0.0
0.010595601792776159,1.0,0.00398,0.01,0.0,0.005984362329383579,0.00010958363540347151,0.0
0.010595601792776159,1.0,0.00501,0.01,0.0,0.005984362329383579,0.00010958363540347151,0.0
0.010595601792776159,1.0,0.00631,0.01,0.0,0.005984362329383579,0.00010958363540347151,0.0
0.011097524964120722,1.0,1e-06,0.01,0.0,0.006564690714873362,0.0001202104141159744,0.0
0.011097524964120722,1.0,1.26e-06,0.01,0.0,0.006564690714873362,0.0001202104141159744,0.0
0.011097524964120722,1.0,1.58e-06,0.01,0.0,0.006564690714873362,0.0001202104141159744,0.0
0.011097524964120722,1.0,2e-06,0.01,0.0,0.006564690714873362,0.0001202104141159744,0.0
0.011097524964120722,1.0,2.51e-06,0.01,0.0,0.006564690714873362,0.0001202104141159744,0.0
0.011097524964120722,1.0,3.16e-06,0.01,0.0,0.006564690714873362,0.0001202104141159744,0.0
0.011097524964120722,1.0,3.98e-06,0.01,0.0,0.006564690714873362,0.0001202104141159744,0.0
0.011097524964120722,1.0,5.01e-06,0.01,6.666666666666667e-05,0.006564690714873362,0.0001202104141159744,0.00525175257189869
0.011097524964120722,1.0,7.94e-06,0.01,3.3333333333333335e-05,0.006564690714873362,0.0001202104141159744,0.002625876285949345
0.011097524964120722,1.0,1e-05,0.01,3.3333333333333335e-05,0.006564690714873362,0.0001202104141159744,0.002625876285949345
0.011097524964120722,1.0,1.26e-05,0.01,6.666666666666667e-05,0.006564690714873362,0.0001202104141159744,0.00525175257189869
0.011097524964120722,1.0,1.58e-05,0.01,3.3333333333333335e-05,0.006564690714873362,0.0001202104141159744,0.002625876285949345
0.011097524964120722,1.0,2e-05,0.01,0.00016666666666666666,0.006564690714873362,0.0001202104141159744,0.013129381429746723
0.011097524964120722,1.0,2.51e-05,0.01,0.00016666666666666666,0.006564690714873362,0.0001202104141159744,0.013129381429746723
0.011097524964120722,1.0,3.16e-05,0.01,0.0002,0.006564690714873362,0.0001202104141159744,0.01575525771569607
0.011097524964120722,1.0,3.98e-05,0.01,0.0003333333333333333,0.006564690714873362,0.0001202104141159744,0.026258762859493447
0.011097524964120722,1.0,6.31e-05,0.01,0.0001,0.006564690714873362,0.0001202104141159744,0.007877628857848035
0.011097524964120722,1.0,7.94e-05,0.01,6.666666666666667e-05,0.006564690714873362,0.0001202104141159744,0.00525175257189869
0.011097524964120722,1.0,0.0001,0.01,0.0,0.006564690714873362,0.0001202104141159744,0.0
0.011097524964120722,1.0,0.000126,0.01,0.0,0.006564690714873362,0.0001202104141159744,0.0
0.011097524964120722,1.0,0.000158,0.01,0.0,0.006564690714873362,0.0001202104141159744,0.0
0.011097524964120722,1.0,0.0002,0.01,0.0,0.006564690714873362,0.0001202104141159744,0.0
0.011097524964120722,1.0,0.000251,0.01,0.0,0.006564690714873362,0.0001202104141159744,0.0
0.011097524964120722,1.0,0.000316,0.01,0.0,0.006564690714873362,0.0001202104141159744,0.0
0.011097524964120722,1.0,0.000398,0.01,0.0,0.006564690714873362,0.0001202104141159744,0.0
0.011097524964120722,1.0,0.000501,0.01,0.0,0.006564690714873362,0.0001202104141159744,0.0
0.011097524964120722,1.0,0.000631,0.01,0.0,0.006564690714873362,0.0001202104141159744,0.0
0.011097524964120722,1.0,0.000794,0.01,0.0,0.006564690714873362,0.0001202104141159744,0.0
0.011097524964120722,1.0,0.001,0.01,0.0,0.006564690714873362,0.0001202104141159744,0.0
0.011097524964120722,1.0,0.00126,0.01,0.0,0.006564690714873362,0.0001202104141159744,0.0
0.011097524964120722,1.0,0.00158,0.01,0.0,0.006564690714873362,0.0001202104141159744,0.0
0.011097524964120722,1.0,0.002,0.01,0.0,0.006564690714873362,0.0001202104141159744,0.0
0.011097524964120722,1.0,0.00251,0.01,0.0,0.006564690714873362,0.0001202104141159744,0.0
0.011097524964120722,1.0,0.00316,0.01,0.0,0.006564690714873362,0.0001202104141159744,0.0
0.011097524964120722,1.0,0.00398,0.01,0.0,0.006564690714873362,0.0001202104141159744,0.0
0.011097524964120722,1.0,0.00501,0.01,0.0,0.006564690714873362,0.0001202104141159744,0.0
0.011097524964120722,1.0,0.00631,0.01,0.0,0.006564690714873362,0.0001202104141159744,0.0
0.011623224686798524,1.0,1e-06,0.01,0.0,0.007201288524088469,0.00013186757963904906,0.0
0.011623224686798524,1.0,1.26e-06,0.01,0.0,0.007201288524088469,0.00013186757963904906,0.0
0.011623224686798524,1.0,1.58e-06,0.01,0.0,0.007201288524088469,0.00013186757963904906,0.0
0.011623224686798524,1.0,2e-06,0.01,0.0,0.007201288524088469,0.00013186757963904906,0.0
0.011623224686798524,1.0,2.51e-06,0.01,0.0,0.007201288524088469,0.00013186757963904906,0.0
0.011623224686798524,1.0,3.16e-06,0.01,0.0,0.007201288524088469,0.00013186757963904906,0.0
0.011623224686798524,1.0,3.98e-06,0.01,0.0,0.007201288524088469,0.00013186757963904906,0.0
0.011623224686798524,1.0,5.01e-06,0.01,6.666666666666667e-05,0.007201288524088469,0.00013186757963904906,0.0057610308192707765
0.011623224686798524,1.0,7.94e-06,0.01,3.3333333333333335e-05,0.007201288524088469,0.00013186757963904906,0.0028805154096353883
0.011623224686798524,1.0,1e-05,0.01,3.3333333333333335e-05,0.007201288524088469,0.00013186757963904906,0.0028805154096353883
0.011623224686798524,1.0,1.26e-05,0.01,6.666666666666667e-05,0.007201288524088469,0.00013186757963904906,0.0057610308192707765
0.011623224686798524,1.0,1.58e-05,0.01,3.3333333333333335e-05,0.007201288524088469,0.00013186757963904906,0.0028805154096353883
0.011623224686798524,1.0,2e-05,0.01,0.00016666666666666666,0.007201288524088469,0.00013186757963904906,0.014402577048176938
0.011623224686798524,1.0,2.51e-05,0.01,0.00016666666666666666,0.007201288524088469,0.00013186757963904906,0.014402577048176938
0.011623224686798524,1.0,3.16e-05,0.01,0.0002,0.007201288524088469,0.00013186757963904906,0.017283092457812326
0.011623224686798524,1.0,3.98e-05,0.01,0.0003333333333333333,0.007201288524088469,0.00013186757963904906,0.028805154096353876
0.011623224686798524,1.0,6.31e-05,0.01,0.0001,0.007201288524088469,0.00013186757963904906,0.008641546228906163
0.011623224686798524,1.0,7.94e-05,0.01,6.666666666666667e-05,0.007201288524088469,0.00013186757963904906,0.0057610308192707765
0.011623224686798524,1.0,0.0001,0.01,0.0,0.007201288524088469,0.00013186757963904906,0.0
0.011623224686798524,1.0,0.000126,0.01,0.0,0.007201288524088469,0.00013186757963904906,0.0
0.011623224686798524,1.0,0.000158,0.01,0.0,0.007201288524088469,0.00013186757963904906,0.0
0.011623224686798524,1.0,0.0002,0.01,0.0,0.007201288524088469,0.00013186757963904906,0.0
0.011623224686798524,1.0,0.000251,0.01,0.0,0.007201288524088469,0.00013186757963904906,0.0
0.011623224686798524,1.0,0.000316,0.01,0.0,0.007201288524088469,0.00013186757963904906,0.0
0.011623224686798524,1.0,0.000398,0.01,0.0,0.007201288524088469,0.00013186757963904906,0.0
0.011623224686798524,1.0,0.000501,0.01,0.0,0.007201288524088469,0.00013186757963904906,0.0
0.011623224686798524,1.0,0.000631,0.01,0.0,0.007201288524088469,0.00013186757963904906,0.0
0.011623224686798524,1.0,0.000794,0.01,0.0,0.007201288524088469,0.00013186757963904906,0.0
0.011623224686798524,1.0,0.001,0.01,0.0,0.007201288524088469,0.00013186757963904906,0.0
0.011623224686798524,1.0,0.00126,0.01,0.0,0.007201288524088469,0.00013186757963904906,0.0
0.011623224686798524,1.0,0.00158,0.01,0.0,0.007201288524088469,0.00013186757963904906,0.0
0.011623224686798524,1.0,0.002,0.01,0.0,0.007201288524088469,0.00013186757963904906,0.0
0.011623224686798524,1.0,0.00251,0.01,0.0,0.007201288524088469,0.00013186757963904906,0.0
0.011623224686798524,1.0,0.00316,0.01,0.0,0.007201288524088469,0.00013186757963904906,0.0
0.011623224686798524,1.0,0.00398,0.01,0.0,0.007201288524088469,0.00013186757963904906,0.0
0.011623224686798524,1.0,0.00501,0.01,0.0,0.007201288524088469,0.00013186757963904906,0.0
0.011623224686798524,1.0,0.00631,0.01,0.0,0.007201288524088469,0.00013186757963904906,0.0
0.012173827277396614,1.0,1e-06,0.01,0.0,0.007899610207104453,0.0001446550120326763,0.0
0.012173827277396614,1.0,1.26e-06,0.01,0.0,0.007899610207104453,0.0001446550120326763,0.0
0.012173827277396614,1.0,1.58e-06,0.01,0.0,0.007899610207104453,0.0001446550120326763,0.0
0.012173827277396614,1.0,2e-06,0.01,0.0,0.007899610207104453,0.0001446550120326763,0.0
0.012173827277396614,1.0,2.51e-06,0.01,0.0,0.007899610207104453,0.0001446550120326763,0.0
0.012173827277396614,1.0,3.16e-06,0.01,0.0,0.007899610207104453,0.0001446550120326763,0.0
0.012173827277396614,1.0,3.98e-06,0.01,0.0,0.007899610207104453,0.0001446550120326763,0.0
0.012173827277396614,1.0,5.01e-06,0.01,6.666666666666667e-05,0.007899610207104453,0.0001446550120326763,0.006319688165683563
0.012173827277396614,1.0,7.94e-06,0.01,3.3333333333333335e-05,0.007899610207104453,0.0001446550120326763,0.0031598440828417814
0.012173827277396614,1.0,1e-05,0.01,3.3333333333333335e-05,0.007899610207104453,0.0001446550120326763,0.0031598440828417814
0.012173827277396614,1.0,1.26e-05,0.01,6.666666666666667e-05,0.007899610207104453,0.0001446550120326763,0.006319688165683563
0.012173827277396614,1.0,1.58e-05,0.01,3.3333333333333335e-05,0.007899610207104453,0.0001446550120326763,0.0031598440828417814
0.012173827277396614,1.0,2e-05,0.01,0.00016666666666666666,0.007899610207104453,0.0001446550120326763,0.015799220414208906
0.012173827277396614,1.0,2.51e-05,0.01,0.00016666666666666666,0.007899610207104453,0.0001446550120326763,0.015799220414208906
0.012173827277396614,1.0,3.16e-05,0.01,0.0002,0.007899610207104453,0.0001446550120326763,0.01895906449705069
0.012173827277396614,1.0,3.98e-05,0.01,0.0003333333333333333,0.007899610207104453,0.0001446550120326763,0.03159844082841781
0.012173827277396614,1.0,6.31e-05,0.01,0.0001,0.007899610207104453,0.0001446550120326763,0.009479532248525345
0.012173827277396614,1.0,7.94e-05,0.01,6.666666666666667e-05,0.007899610207104453,0.0001446550120326763,0.006319688165683563
0.012173827277396614,1.0,0.0001,0.01,0.0,0.007899610207104453,0.0001446550120326763,0.0
0.012173827277396614,1.0,0.000126,0.01,0.0,0.007899610207104453,0.0001446550120326763,0.0
0.012173827277396614,1.0,0.000158,0.01,0.0,0.007899610207104453,0.0001446550120326763,0.0
0.012173827277396614,1.0,0.0002,0.01,0.0,0.007899610207104453,0.0001446550120326763,0.0
0.012173827277396614,1.0,0.000251,0.01,0.0,0.007899610207104453,0.0001446550120326763,0.0
0.012173827277396614,1.0,0.000316,0.01,0.0,0.007899610207104453,0.0001446550120326763,0.0
0.012173827277396614,1.0,0.000398,0.01,0.0,0.007899610207104453,0.0001446550120326763,0.0
0.012173827277396614,1.0,0.000501,0.01,0.0,0.007899610207104453,0.0001446550120326763,0.0
0.012173827277396614,1.0,0.000631,0.01,0.0,0.007899610207104453,0.0001446550120326763,0.0
0.012173827277396614,1.0,0.000794,0.01,0.0,0.007899610207104453,0.0001446550120326763,0.0
0.012173827277396614,1.0,0.001,0.01,0.0,0.007899610207104453,0.0001446550120326763,0.0
0.012173827277396614,1.0,0.00126,0.01,0.0,0.007899610207104453,0.0001446550120326763,0.0
0.012173827277396614,1.0,0.00158,0.01,0.0,0.007899610207104453,0.0001446550120326763,0.0
0.012173827277396614,1.0,0.002,0.01,0.0,0.007899610207104453,0.0001446550120326763,0.0
0.012173827277396614,1.0,0.00251,0.01,0.0,0.007899610207104453,0.0001446550120326763,0.0
0.012173827277396614,1.0,0.00316,0.01,0.0,0.007899610207104453,0.0001446550120326763,0.0
0.012173827277396614,1.0,0.00398,0.01,0.0,0.007899610207104453,0.0001446550120326763,0.0
0.012173827277396614,1.0,0.00501,0.01,0.0,0.007899610207104453,0.0001446550120326763,0.0
0.012173827277396614,1.0,0.00631,0.01,0.0,0.007899610207104453,0.0001446550120326763,0.0
0.012750512407130135,1.0,1e-06,0.01,0.0,0.00866563863166017,0.00015868226756381927,0.0
0.012750512407130135,1.0,1.26e-06,0.01,0.0,0.00866563863166017,0.00015868226756381927,0.0
0.012750512407130135,1.0,1.58e-06,0.01,0.0,0.00866563863166017,0.00015868226756381927,0.0
0.012750512407130135,1.0,2e-06,0.01,0.0,0.00866563863166017,0.00015868226756381927,0.0
0.012750512407130135,1.0,2.51e-06,0.01,0.0,0.00866563863166017,0.00015868226756381927,0.0
0.012750512407130135,1.0,3.16e-06,0.01,0.0,0.00866563863166017,0.00015868226756381927,0.0
0.012750512407130135,1.0,3.98e-06,0.01,0.0,0.00866563863166017,0.00015868226756381927,0.0
0.012750512407130135,1.0,5.01e-06,0.01,6.666666666666667e-05,0.00866563863166017,0.00015868226756381927,0.0069325109053281365
0.012750512407130135,1.0,7.94e-06,0.01,3.3333333333333335e-05,0.00866563863166017,0.00015868226756381927,0.0034662554526640682
0.012750512407130135,1.0,1e-05,0.01,3.3333333333333335e-05,0.00866563863166017,0.00015868226756381927,0.0034662554526640682
0.012750512407130135,1.0,1.26e-05,0.01,6.666666666666667e-05,0.00866563863166017,0.00015868226756381927,0.0069325109053281365
0.012750512407130135,1.0,1.58e-05,0.01,3.3333333333333335e-05,0.00866563863166017,0.00015868226756381927,0.0034662554526640682
0.012750512407130135,1.0,2e-05,0.01,0.00016666666666666666,0.00866563863166017,0.00015868226756381927,0.01733127726332034
0.012750512407130135,1.0,2.51e-05,0.01,0.00016666666666666666,0.00866563863166017,0.00015868226756381927,0.01733127726332034
0.012750512407130135,1.0,3.16e-05,0.01,0.0002,0.00866563863166017,0.00015868226756381927,0.020797532715984408
0.012750512407130135,1.0,3.98e-05,0.01,0.0003333333333333333,0.00866563863166017,0.00015868226756381927,0.03466255452664068
0.012750512407130135,1.0,6.31e-05,0.01,0.0001,0.00866563863166017,0.00015868226756381927,0.010398766357992204
0.012750512407130135,1.0,7.94e-05,0.01,6.666666666666667e-05,0.00866563863166017,0.00015868226756381927,0.0069325109053281365
0.012750512407130135,1.0,0.0001,0.01,0.0,0.00866563863166017,0.00015868226756381927,0.0
0.012750512407130135,1.0,0.000126,0.01,0.0,0.00866563863166017,0.00015868226756381927,0.0
0.012750512407130135,1.0,0.000158,0.01,0.0,0.00866563863166017,0.00015868226756381927,0.0
0.012750512407130135,1.0,0.0002,0.01,0.0,0.00866563863166017,0.00015868226756381927,0.0
0.012750512407130135,1.0,0.000251,0.01,0.0,0.00866563863166017,0.00015868226756381927,0.0
0.012750512407130135,1.0,0.000316,0.01,0.0,0.00866563863166017,0.00015868226756381927,0.0
0.012750512407130135,1.0,0.000398,0.01,0.0,0.00866563863166017,0.00015868226756381927,0.0
0.012750512407130135,1.0,0.000501,0.01,0.0,0.00866563863166017,0.00015868226756381927,0.0
0.012750512407130135,1.0,0.000631,0.01,0.0,0.00866563863166017,0.00015868226756381927,0.0
0.012750512407130135,1.0,0.000794,0.01,0.0,0.00866563863166017,0.00015868226756381927,0.0
0.012750512407130135,1.0,0.001,0.01,0.0,0.00866563863166017,0.00015868226756381927,0.0
0.012750512407130135,1.0,0.00126,0.01,0.0,0.00866563863166017,0.00015868226756381927,0.0
0.012750512407130135,1.0,0.00158,0.01,0.0,0.00866563863166017,0.00015868226756381927,0.0
0.012750512407130135,1.0,0.002,0.01,0.0,0.00866563863166017,0.00015868226756381927,0.0
0.012750512407130135,1.0,0.00251,0.01,0.0,0.00866563863166017,0.00015868226756381927,0.0
0.012750512407130135,1.0,0.00316,0.01,0.0,0.00866563863166017,0.00015868226756381927,0.0
0.012750512407130135,1.0,0.00398,0.01,0.0,0.00866563863166017,0.00015868226756381927,0.0
0.012750512407130135,1.0,0.00501,0.01,0.0,0.00866563863166017,0.00015868226756381927,0.0
0.012750512407130135,1.0,0.00631,0.01,0.0,0.00866563863166017,0.00015868226756381927,0.0
0.013354515629298987,1.0,1e-06,0.01,0.0,0.009505936212940764,0.00017406951497785686,0.0
0.013354515629298987,1.0,1.26e-06,0.01,0.0,0.009505936212940764,0.00017406951497785686,0.0
0.013354515629298987,1.0,1.58e-06,0.01,0.0,0.009505936212940764,0.00017406951497785686,0.0
0.013354515629298987,1.0,2e-06,0.01,0.0,0.009505936212940764,0.00017406951497785686,0.0
0.013354515629298987,1.0,2.51e-06,0.01,0.0,0.009505936212940764,0.00017406951497785686,0.0
0.013354515629298987,1.0,3.16e-06,0.01,0.0,0.009505936212940764,0.00017406951497785686,0.0
0.013354515629298987,1.0,3.98e-06,0.01,0.0,0.009505936212940764,0.00017406951497785686,0.0
0.013354515629298987,1.0,5.01e-06,0.01,6.666666666666667e-05,0.009505936212940764,0.00017406951497785686,0.007604748970352612
0.013354515629298987,1.0,7.94e-06,0.01,3.3333333333333335e-05,0.009505936212940764,0.00017406951497785686,0.003802374485176306
0.013354515629298987,1.0,1e-05,0.01,3.3333333333333335e-05,0.009505936212940764,0.00017406951497785686,0.003802374485176306
0.013354515629298987,1.0,1.26e-05,0.01,6.666666666666667e-05,0.009505936212940764,0.00017406951497785686,0.007604748970352612
0.013354515629298987,1.0,1.58e-05,0.01,3.3333333333333335e-05,0.009505936212940764,0.00017406951497785686,0.003802374485176306
0.013354515629298987,1.0,2e-05,0.01,0.00016666666666666666,0.009505936212940764,0.00017406951497785686,0.01901187242588153
0.013354515629298987,1.0,2.51e-05,0.01,0.00016666666666666666,0.009505936212940764,0.00017406951497785686,0.01901187242588153
0.013354515629298987,1.0,3.16e-05,0.01,0.0002,0.009505936212940764,0.00017406951497785686,0.022814246911057837
0.013354515629298987,1.0,3.98e-05,0.01,0.0003333333333333333,0.009505936212940764,0.00017406951497785686,0.03802374485176306
0.013354515629298987,1.0,6.31e-05,0.01,0.0001,0.009505936212940764,0.00017406951497785686,0.011407123455528918
0.013354515629298987,1.0,7.94e-05,0.01,6.666666666666667e-05,0.009505936212940764,0.00017406951497785686,0.007604748970352612
0.013354515629298987,1.0,0.0001,0.01,0.0,0.009505936212940764,0.00017406951497785686,0.0
0.013354515629298987,1.0,0.000126,0.01,0.0,0.009505936212940764,0.00017406951497785686,0.0
0.013354515629298987,1.0,0.000158,0.01,0.0,0.009505936212940764,0.00017406951497785686,0.0
0.013354515629298987,1.0,0.0002,0.01,0.0,0.009505936212940764,0.00017406951497785686,0.0
0.013354515629298987,1.0,0.000251,0.01,0.0,0.009505936212940764,0.00017406951497785686,0.0
0.013354515629298987,1.0,0.000316,0.01,0.0,0.009505936212940764,0.00017406951497785686,0.0
0.013354515629298987,1.0,0.000398,0.01,0.0,0.009505936212940764,0.00017406951497785686,0.0
0.013354515629298987,1.0,0.000501,0.01,0.0,0.009505936212940764,0.00017406951497785686,0.0
0.013354515629298987,1.0,0.000631,0.01,0.0,0.009505936212940764,0.00017406951497785686,0.0
0.013354515629298987,1.0,0.000794,0.01,0.0,0.009505936212940764,0.00017406951497785686,0.0
0.013354515629298987,1.0,0.001,0.01,0.0,0.009505936212940764,0.00017406951497785686,0.0
0.013354515629298987,1.0,0.00126,0.01,0.0,0.009505936212940764,0.00017406951497785686,0.0
0.013354515629298987,1.0,0.00158,0.01,0.0,0.009505936212940764,0.00017406951497785686,0.0
0.013354515629298987,1.0,0.002,0.01,0.0,0.009505936212940764,0.00017406951497785686,0.0
0.013354515629298987,1.0,0.00251,0.01,0.0,0.009505936212940764,0.00017406951497785686,0.0
0.013354515629298987,1.0,0.00316,0.01,0.0,0.009505936212940764,0.00017406951497785686,0.0
0.013354515629298987,1.0,0.00398,0.01,0.0,0.009505936212940764,0.00017406951497785686,0.0
0.013354515629298987,1.0,0.00501,0.01,0.0,0.009505936212940764,0.00017406951497785686,0.0
0.013354515629298987,1.0,0.00631,0.01,0.0,0.009505936212940764,0.00017406951497785686,0.0
0.013987131026472387,1.0,1e-06,0.01,0.0,0.010427700977995212,0.00019094856213139008,0.0
0.013987131026472387,1.0,1.26e-06,0.01,0.0,0.010427700977995212,0.00019094856213139008,0.0
0.013987131026472387,1.0,1.58e-06,0.01,0.0,0.010427700977995212,0.00019094856213139008,0.0
0.013987131026472387,1.0,2e-06,0.01,0.0,0.010427700977995212,0.00019094856213139008,0.0
0.013987131026472387,1.0,2.51e-06,0.01,0.0,0.010427700977995212,0.00019094856213139008,0.0
0.013987131026472387,1.0,3.16e-06,0.01,0.0,0.010427700977995212,0.00019094856213139008,0.0
0.013987131026472387,1.0,3.98e-06,0.01,0.0,0.010427700977995212,0.00019094856213139008,0.0
0.013987131026472387,1.0,5.01e-06,0.01,6.666666666666667e-05,0.010427700977995212,0.00019094856213139008,0.00834216078239617
0.013987131026472387,1.0,7.94e-06,0.01,3.3333333333333335e-05,0.010427700977995212,0.00019094856213139008,0.004171080391198085
0.013987131026472387,1.0,1e-05,0.01,3.3333333333333335e-05,0.010427700977995212,0.00019094856213139008,0.004171080391198085
0.013987131026472387,1.0,1.26e-05,0.01,6.666666666666667e-05,0.010427700977995212,0.00019094856213139008,0.00834216078239617
0.013987131026472387,1.0,1.58e-05,0.01,3.3333333333333335e-05,0.010427700977995212,0.00019094856213139008,0.004171080391198085
0.013987131026472387,1.0,2e-05,0.01,0.00016666666666666666,0.010427700977995212,0.00019094856213139008,0.02085540195599042
0.013987131026472387,1.0,2.51e-05,0.01,0.00016666666666666666,0.010427700977995212,0.00019094856213139008,0.02085540195599042
0.013987131026472387,1.0,3.16e-05,0.01,0.0002,0.010427700977995212,0.00019094856213139008,0.025026482347188513
0.013987131026472387,1.0,3.98e-05,0.01,0.0003333333333333333,0.010427700977995212,0.00019094856213139008,0.04171080391198084
0.013987131026472387,1.0,6.31e-05,0.01,0.0001,0.010427700977995212,0.00019094856213139008,0.012513241173594257
0.013987131026472387,1.0,7.94e-05,0.01,6.666666666666667e-05,0.010427700977995212,0.00019094856213139008,0.00834216078239617
0.013987131026472387,1.0,0.0001,0.01,0.0,0.010427700977995212,0.00019094856213139008,0.0
0.013987131026472387,1.0,0.000126,0.01,0.0,0.010427700977995212,0.00019094856213139008,0.0
0.013987131026472387,1.0,0.000158,0.01,0.0,0.010427700977995212,0.00019094856213139008,0.0
0.013987131026472387,1.0,0.0002,0.01,0.0,0.010427700977995212,0.00019094856213139008,0.0
0.013987131026472387,1.0,0.000251,0.01,0.0,0.010427700977995212,0.00019094856213139008,0.0
0.013987131026472387,1.0,0.000316,0.01,0.0,0.010427700977995212,0.00019094856213139008,0.0
0.013987131026472387,1.0,0.000398,0.01,0.0,0.010427700977995212,0.00019094856213139008,0.0
0.013987131026472387,1.0,0.000501,0.01,0.0,0.010427700977995212,0.00019094856213139008,0.0
0.013987131026472387,1.0,0.000631,0.01,0.0,0.010427700977995212,0.00019094856213139008,0.0
0.013987131026472387,1.0,0.000794,0.01,0.0,0.010427700977995212,0.00019094856213139008,0.0
0.013987131026472387,1.0,0.001,0.01,0.0,0.010427700977995212,0.00019094856213139008,0.0
0.013987131026472387,1.0,0.00126,0.01,0.0,0.010427700977995212,0.00019094856213139008,0.0
0.013987131026472387,1.0,0.00158,0.01,0.0,0.010427700977995212,0.00019094856213139008,0.0
0.013987131026472387,1.0,0.002,0.01,0.0,0.010427700977995212,0.00019094856213139008,0.0
0.013987131026472387,1.0,0.00251,0.01,0.0,0.010427700977995212,0.00019094856213139008,0.0
0.013987131026472387,1.0,0.00316,0.01,0.0,0.010427700977995212,0.00019094856213139008,0.0
0.013987131026472387,1.0,0.00398,0.01,0.0,0.010427700977995212,0.00019094856213139008,0.0
0.013987131026472387,1.0,0.00501,0.01,0.0,0.010427700977995212,0.00019094856213139008,0.0
0.013987131026472387,1.0,0.00631,0.01,0.0,0.010427700977995212,0.00019094856213139008,0.0
0.014649713983072856,1.0,1e-06,0.01,0.0,0.011438828038456557,0.00020946398166007247,0.0
0.014649713983072856,1.0,1.26e-06,0.01,0.0,0.011438828038456557,0.00020946398166007247,0.0
0.014649713983072856,1.0,1.58e-06,0.01,0.0,0.011438828038456557,0.00020946398166007247,0.0
0.014649713983072856,1.0,2e-06,0.01,0.0,0.011438828038456557,0.00020946398166007247,0.0
0.014649713983072856,1.0,2.51e-06,0.01,0.0,0.011438828038456557,0.00020946398166007247,0.0
0.014649713983072856,1.0,3.16e-06,0.01,0.0,0.011438828038456557,0.00020946398166007247,0.0
0.014649713983072856,1.0,3.98e-06,0.01,0.0,0.011438828038456557,0.00020946398166007247,0.0
0.014649713983072856,1.0,5.01e-06,0.01,6.666666666666667e-05,0.011438828038456557,0.00020946398166007247,0.009151062430765244
0.014649713983072856,1.0,7.94e-06,0.01,3.3333333333333335e-05,0.011438828038456557,0.00020946398166007247,0.004575531215382622
0.014649713983072856,1.0,1e-05,0.01,3.3333333333333335e-05,0.011438828038456557,0.00020946398166007247,0.004575531215382622
0.014649713983072856,1.0,1.26e-05,0.01,6.666666666666667e-05,0.011438828038456557,0.00020946398166007247,0.009151062430765244
0.014649713983072856,1.0,1.58e-05,0.01,3.3333333333333335e-05,0.011438828038456557,0.00020946398166007247,0.004575531215382622
0.014649713983072856,1.0,2e-05,0.01,0.00016666666666666666,0.011438828038456557,0.00020946398166007247,0.02287765607691311
0.014649713983072856,1.0,2.51e-05,0.01,0.00016666666666666666,0.011438828038456557,0.00020946398166007247,0.02287765607691311
0.014649713983072856,1.0,3.16e-05,0.01,0.0002,0.011438828038456557,0.00020946398166007247,0.027453187292295733
0.014649713983072856,1.0,3.98e-05,0.01,0.0003333333333333333,0.011438828038456557,0.00020946398166007247,0.04575531215382622
0.014649713983072856,1.0,6.31e-05,0.01,0.0001,0.011438828038456557,0.00020946398166007247,0.013726593646147867
0.014649713983072856,1.0,7.94e-05,0.01,6.666666666666667e-05,0.011438828038456557,0.00020946398166007247,0.009151062430765244
0.014649713983072856,1.0,0.0001,0.01,0.0,0.011438828038456557,0.00020946398166007247,0.0
0.014649713983072856,1.0,0.000126,0.01,0.0,0.011438828038456557,0.00020946398166007247,0.0
0.014649713983072856,1.0,0.000158,0.01,0.0,0.011438828038456557,0.00020946398166007247,0.0
0.014649713983072856,1.0,0.0002,0.01,0.0,0.011438828038456557,0.00020946398166007247,0.0
0.014649713983072856,1.0,0.000251,0.01,0.0,0.011438828038456557,0.00020946398166007247,0.0
0.014649713983072856,1.0,0.000316,0.01,0.0,0.011438828038456557,0.00020946398166007247,0.0
0.014649713983072856,1.0,0.000398,0.01,0.0,0.011438828038456557,0.00020946398166007247,0.0
0.014649713983072856,1.0,0.000501,0.01,0.0,0.011438828038456557,0.00020946398166007247,0.0
0.014649713983072856,1.0,0.000631,0.01,0.0,0.011438828038456557,0.00020946398166007247,0.0
0.014649713983072856,1.0,0.000794,0.01,0.0,0.011438828038456557,0.00020946398166007247,0.0
0.014649713983072856,1.0,0.001,0.01,0.0,0.011438828038456557,0.00020946398166007247,0.0
0.014649713983072856,1.0,0.00126,0.01,0.0,0.011438828038456557,0.00020946398166007247,0.0
0.014649713983072856,1.0,0.00158,0.01,0.0,0.011438828038456557,0.00020946398166007247,0.0
0.014649713983072856,1.0,0.002,0.01,0.0,0.011438828038456557,0.00020946398166007247,0.0
0.014649713983072856,1.0,0.00251,0.01,0.0,0.011438828038456557,0.00020946398166007247,0.0
0.014649713983072856,1.0,0.00316,0.01,0.0,0.011438828038456557,0.00020946398166007247,0.0
0.014649713983072856,1.0,0.00398,0.01,0.0,0.011438828038456557,0.00020946398166007247,0.0
0.014649713983072856,1.0,0.00501,0.01,0.0,0.011438828038456557,0.00020946398166007247,0.0
0.014649713983072856,1.0,0.00631,0.01,0.0,0.011438828038456557,0.00020946398166007247,0.0
0.015343684089300124,1.0,1e-06,0.01,0.0,0.012547976990173588,0.00022977434517805508,0.0
0.015343684089300124,1.0,1.26e-06,0.01,0.0,0.012547976990173588,0.00022977434517805508,0.0
0.015343684089300124,1.0,1.58e-06,0.01,0.0,0.012547976990173588,0.00022977434517805508,0.0
0.015343684089300124,1.0,2e-06,0.01,0.0,0.012547976990173588,0.00022977434517805508,0.0
0.015343684089300124,1.0,2.51e-06,0.01,0.0,0.012547976990173588,0.00022977434517805508,0.0
0.015343684089300124,1.0,3.16e-06,0.01,0.0,0.012547976990173588,0.00022977434517805508,0.0
0.015343684089300124,1.0,3.98e-06,0.01,0.0,0.012547976990173588,0.00022977434517805508,0.0
0.015343684089300124,1.0,5.01e-06,0.01,6.666666666666667e-05,0.012547976990173588,0.00022977434517805508,0.010038381592138872
0.015343684089300124,1.0,7.94e-06,0.01,3.3333333333333335e-05,0.012547976990173588,0.00022977434517805508,0.005019190796069436
0.015343684089300124,1.0,1e-05,0.01,3.3333333333333335e-05,0.012547976990173588,0.00022977434517805508,0.005019190796069436
0.015343684089300124,1.0,1.26e-05,0.01,6.666666666666667e-05,0.012547976990173588,0.00022977434517805508,0.010038381592138872
0.015343684089300124,1.0,1.58e-05,0.01,3.3333333333333335e-05,0.012547976990173588,0.00022977434517805508,0.005019190796069436
0.015343684089300124,1.0,2e-05,0.01,0.00016666666666666666,0.012547976990173588,0.00022977434517805508,0.025095953980347176
0.015343684089300124,1.0,2.51e-05,0.01,0.00016666666666666666,0.012547976990173588,0.00022977434517805508,0.025095953980347176
0.015343684089300124,1.0,3.16e-05,0.01,0.0002,0.012547976990173588,0.00022977434517805508,0.030115144776416615
0.015343684089300124,1.0,3.98e-05,0.01,0.0003333333333333333,0.012547976990173588,0.00022977434517805508,0.05019190796069435
0.015343684089300124,1.0,6.31e-05,0.01,0.0001,0.012547976990173588,0.00022977434517805508,0.015057572388208307
0.015343684089300124,1.0,7.94e-05,0.01,6.666666666666667e-05,0.012547976990173588,0.00022977434517805508,0.010038381592138872
0.015343684089300124,1.0,0.0001,0.01,0.0,0.012547976990173588,0.00022977434517805508,0.0
0.015343684089300124,1.0,0.000126,0.01,0.0,0.012547976990173588,0.00022977434517805508,0.0
0.015343684089300124,1.0,0.000158,0.01,0.0,0.012547976990173588,0.00022977434517805508,0.0
0.015343684089300124,1.0,0.0002,0.01,0.0,0.012547976990173588,0.00022977434517805508,0.0
0.015343684089300124,1.0,0.000251,0.01,0.0,0.012547976990173588,0.00022977434517805508,0.0
0.015343684089300124,1.0,0.000316,0.01,0.0,0.012547976990173588,0.00022977434517805508,0.0
0.015343684089300124,1.0,0.000398,0.01,0.0,0.012547976990173588,0.00022977434517805508,0.0
0.015343684089300124,1.0,0.000501,0.01,0.0,0.012547976990173588,0.00022977434517805508,0.0
0.015343684089300124,1.0,0.000631,0.01,0.0,0.012547976990173588,0.00022977434517805508,0.0
0.015343684089300124,1.0,0.000794,0.01,0.0,0.012547976990173588,0.00022977434517805508,0.0
0.015343684089300124,1.0,0.001,0.01,0.0,0.012547976990173588,0.00022977434517805508,0.0
0.015343684089300124,1.0,0.00126,0.01,0.0,0.012547976990173588,0.00022977434517805508,0.0
0.015343684089300124,1.0,0.00158,0.01,0.0,0.012547976990173588,0.00022977434517805508,0.0
0.015343684089300124,1.0,0.002,0.01,0.0,0.012547976990173588,0.00022977434517805508,0.0
0.015343684089300124,1.0,0.00251,0.01,0.0,0.012547976990173588,0.00022977434517805508,0.0
0.015343684089300124,1.0,0.00316,0.01,0.0,0.012547976990173588,0.00022977434517805508,0.0
0.015343684089300124,1.0,0.00398,0.01,0.0,0.012547976990173588,0.00022977434517805508,0.0
0.015343684089300124,1.0,0.00501,0.01,0.0,0.012547976990173588,0.00022977434517805508,0.0
0.015343684089300124,1.0,0.00631,0.01,0.0,0.012547976990173588,0.00022977434517805508,0.0
0.01607052818261639,1.0,1e-06,0.01,0.0,0.013764645807458472,0.0002520535764046598,0.0
0.01607052818261639,1.0,1.26e-06,0.01,0.0,0.013764645807458472,0.0002520535764046598,0.0
0.01607052818261639,1.0,1.58e-06,0.01,0.0,0.013764645807458472,0.0002520535764046598,0.0
0.01607052818261639,1.0,2e-06,0.01,0.0,0.013764645807458472,0.0002520535764046598,0.0
0.01607052818261639,1.0,2.51e-06,0.01,0.0,0.013764645807458472,0.0002520535764046598,0.0
0.01607052818261639,1.0,3.16e-06,0.01,0.0,0.013764645807458472,0.0002520535764046598,0.0
0.01607052818261639,1.0,3.98e-06,0.01,0.0,0.013764645807458472,0.0002520535764046598,0.0
0.01607052818261639,1.0,5.01e-06,0.01,6.666666666666667e-05,0.013764645807458472,0.0002520535764046598,0.01101171664596678
0.01607052818261639,1.0,7.94e-06,0.01,3.3333333333333335e-05,0.013764645807458472,0.0002520535764046598,0.00550585832298339
0.01607052818261639,1.0,1e-05,0.01,3.3333333333333335e-05,0.013764645807458472,0.0002520535764046598,0.00550585832298339
0.01607052818261639,1.0,1.26e-05,0.01,6.666666666666667e-05,0.013764645807458472,0.0002520535764046598,0.01101171664596678
0.01607052818261639,1.0,1.58e-05,0.01,3.3333333333333335e-05,0.013764645807458472,0.0002520535764046598,0.00550585832298339
0.01607052818261639,1.0,2e-05,0.01,0.00016666666666666666,0.013764645807458472,0.0002520535764046598,0.027529291614916948
0.01607052818261639,1.0,2.51e-05,0.01,0.00016666666666666666,0.013764645807458472,0.0002520535764046598,0.027529291614916948
0.01607052818261639,1.0,3.16e-05,0.01,0.0002,0.013764645807458472,0.0002520535764046598,0.03303514993790034
0.01607052818261639,1.0,3.98e-05,0.01,0.0003333333333333333,0.013764645807458472,0.0002520535764046598,0.055058583229833896
0.01607052818261639,1.0,6.31e-05,0.01,0.0001,0.013764645807458472,0.0002520535764046598,0.01651757496895017
0.01607052818261639,1.0,7.94e-05,0.01,6.666666666666667e-05,0.013764645807458472,0.0002520535764046598,0.01101171664596678
0.01607052818261639,1.0,0.0001,0.01,0.0,0.013764645807458472,0.0002520535764046598,0.0
0.01607052818261639,1.0,0.000126,0.01,0.0,0.013764645807458472,0.0002520535764046598,0.0
0.01607052818261639,1.0,0.000158,0.01,0.0,0.013764645807458472,0.0002520535764046598,0.0
0.01607052818261639,1.0,0.0002,0.01,0.0,0.013764645807458472,0.0002520535764046598,0.0
0.01607052818261639,1.0,0.000251,0.01,0.0,0.013764645807458472,0.0002520535764046598,0.0
0.01607052818261639,1.0,0.000316,0.01,0.0,0.013764645807458472,0.0002520535764046598,0.0
0.01607052818261639,1.0,0.000398,0.01,0.0,0.013764645807458472,0.0002520535764046598,0.0
0.01607052818261639,1.0,0.000501,0.01,0.0,0.013764645807458472,0.0002520535764046598,0.0
0.01607052818261639,1.0,0.000631,0.01,0.0,0.013764645807458472,0.0002520535764046598,0.0
0.01607052818261639,1.0,0.000794,0.01,0.0,0.013764645807458472,0.0002520535764046598,0.0
0.01607052818261639,1.0,0.001,0.01,0.0,0.013764645807458472,0.0002520535764046598,0.0
0.01607052818261639,1.0,0.00126,0.01,0.0,0.013764645807458472,0.0002520535764046598,0.0
0.01607052818261639,1.0,0.00158,0.01,0.0,0.013764645807458472,0.0002520535764046598,0.0
0.01607052818261639,1.0,0.002,0.01,0.0,0.013764645807458472,0.0002520535764046598,0.0
0.01607052818261639,1.0,0.00251,0.01,0.0,0.013764645807458472,0.0002520535764046598,0.0
0.01607052818261639,1.0,0.00316,0.01,0.0,0.013764645807458472,0.0002520535764046598,0.0
0.01607052818261639,1.0,0.00398,0.01,0.0,0.013764645807458472,0.0002520535764046598,0.0
0.01607052818261639,1.0,0.00501,0.01,0.0,0.013764645807458472,0.0002520535764046598,0.0
0.01607052818261639,1.0,0.00631,0.01,0.0,0.013764645807458472,0.0002520535764046598,0.0
0.016831803533309566,1.0,1e-06,0.01,0.0,0.015099251853269774,0.0002764924345956743,0.0
0.016831803533309566,1.0,1.26e-06,0.01,0.0,0.015099251853269774,0.0002764924345956743,0.0
0.016831803533309566,1.0,1.58e-06,0.01,0.0,0.015099251853269774,0.0002764924345956743,0.0
0.016831803533309566,1.0,2e-06,0.01,0.0,0.015099251853269774,0.0002764924345956743,0.0
0.016831803533309566,1.0,2.51e-06,0.01,0.0,0.015099251853269774,0.0002764924345956743,0.0
0.016831803533309566,1.0,3.16e-06,0.01,0.0,0.015099251853269774,0.0002764924345956743,0.0
0.016831803533309566,1.0,3.98e-06,0.01,0.0,0.015099251853269774,0.0002764924345956743,0.0
0.016831803533309566,1.0,5.01e-06,0.01,6.666666666666667e-05,0.015099251853269774,0.0002764924345956743,0.01207940148261582
0.016831803533309566,1.0,7.94e-06,0.01,3.3333333333333335e-05,0.015099251853269774,0.0002764924345956743,0.00603970074130791
0.016831803533309566,1.0,1e-05,0.01,3.3333333333333335e-05,0.015099251853269774,0.0002764924345956743,0.00603970074130791
0.016831803533309566,1.0,1.26e-05,0.01,6.666666666666667e-05,0.015099251853269774,0.0002764924345956743,0.01207940148261582
0.016831803533309566,1.0,1.58e-05,0.01,3.3333333333333335e-05,0.015099251853269774,0.0002764924345956743,0.00603970074130791
0.016831803533309566,1.0,2e-05,0.01,0.00016666666666666666,0.015099251853269774,0.0002764924345956743,0.03019850370653955
0.016831803533309566,1.0,2.51e-05,0.01,0.00016666666666666666,0.015099251853269774,0.0002764924345956743,0.03019850370653955
0.016831803533309566,1.0,3.16e-05,0.01,0.0002,0.015099251853269774,0.0002764924345956743,0.036238204447847464
0.016831803533309566,1.0,3.98e-05,0.01,0.0003333333333333333,0.015099251853269774,0.0002764924345956743,0.0603970074130791
0.016831803533309566,1.0,6.31e-05,0.01,0.0001,0.015099251853269774,0.0002764924345956743,0.018119102223923732
0.016831803533309566,1.0,7.94e-05,0.01,6.666666666666667e-05,0.015099251853269774,0.0002764924345956743,0.01207940148261582
0.016831803533309566,1.0,0.0001,0.01,0.0,0.015099251853269774,0.0002764924345956743,0.0
0.016831803533309566,1.0,0.000126,0.01,0.0,0.015099251853269774,0.0002764924345956743,0.0
0.016831803533309566,1.0,0.000158,0.01,0.0,0.015099251853269774,0.0002764924345956743,0.0
0.016831803533309566,1.0,0.0002,0.01,0.0,0.015099251853269774,0.0002764924345956743,0.0
0.016831803533309566,1.0,0.000251,0.01,0.0,0.015099251853269774,0.0002764924345956743,0.0
0.016831803533309566,1.0,0.000316,0.01,0.0,0.015099251853269774,0.0002764924345956743,0.0
0.016831803533309566,1.0,0.000398,0.01,0.0,0.015099251853269774,0.0002764924345956743,0.0
0.016831803533309566,1.0,0.000501,0.01,0.0,0.015099251853269774,0.0002764924345956743,0.0
0.016831803533309566,1.0,0.000631,0.01,0.0,0.015099251853269774,0.0002764924345956743,0.0
0.016831803533309566,1.0,0.000794,0.01,0.0,0.015099251853269774,0.0002764924345956743,0.0
0.016831803533309566,1.0,0.001,0.01,0.0,0.015099251853269774,0.0002764924345956743,0.0
0.016831803533309566,1.0,0.00126,0.01,0.0,0.015099251853269774,0.0002764924345956743,0.0
0.016831803533309566,1.0,0.00158,0.01,0.0,0.015099251853269774,0.0002764924345956743,0.0
0.016831803533309566,1.0,0.002,0.01,0.0,0.015099251853269774,0.0002764924345956743,0.0
0.016831803533309566,1.0,0.00251,0.01,0.0,0.015099251853269774,0.0002764924345956743,0.0
0.016831803533309566,1.0,0.00316,0.01,0.0,0.015099251853269774,0.0002764924345956743,0.0
0.016831803533309566,1.0,0.00398,0.01,0.0,0.015099251853269774,0.0002764924345956743,0.0
0.016831803533309566,1.0,0.00501,0.01,0.0,0.015099251853269774,0.0002764924345956743,0.0
0.016831803533309566,1.0,0.00631,0.01,0.0,0.015099251853269774,0.0002764924345956743,0.0
0.01762914118095948,1.0,1e-06,0.01,0.0,0.01656322068517169,0.00030330014072828585,0.0
0.01762914118095948,1.0,1.26e-06,0.01,0.0,0.01656322068517169,0.00030330014072828585,0.0
0.01762914118095948,1.0,1.58e-06,0.01,0.0,0.01656322068517169,0.00030330014072828585,0.0
0.01762914118095948,1.0,2e-06,0.01,0.0,0.01656322068517169,0.00030330014072828585,0.0
0.01762914118095948,1.0,2.51e-06,0.01,0.0,0.01656322068517169,0.00030330014072828585,0.0
0.01762914118095948,1.0,3.16e-06,0.01,0.0,0.01656322068517169,0.00030330014072828585,0.0
0.01762914118095948,1.0,3.98e-06,0.01,0.0,0.01656322068517169,0.00030330014072828585,0.0
0.01762914118095948,1.0,5.01e-06,0.01,6.666666666666667e-05,0.01656322068517169,0.00030330014072828585,0.013250576548137353
0.01762914118095948,1.0,7.94e-06,0.01,3.3333333333333335e-05,0.01656322068517169,0.00030330014072828585,0.006625288274068677
0.01762914118095948,1.0,1e-05,0.01,3.3333333333333335e-05,0.01656322068517169,0.00030330014072828585,0.006625288274068677
0.01762914118095948,1.0,1.26e-05,0.01,6.666666666666667e-05,0.01656322068517169,0.00030330014072828585,0.013250576548137353
0.01762914118095948,1.0,1.58e-05,0.01,3.3333333333333335e-05,0.01656322068517169,0.00030330014072828585,0.006625288274068677
0.01762914118095948,1.0,2e-05,0.01,0.00016666666666666666,0.01656322068517169,0.00030330014072828585,0.03312644137034338
0.01762914118095948,1.0,2.51e-05,0.01,0.00016666666666666666,0.01656322068517169,0.00030330014072828585,0.03312644137034338
0.01762914118095948,1.0,3.16e-05,0.01,0.0002,0.01656322068517169,0.00030330014072828585,0.039751729644412065
0.01762914118095948,1.0,3.98e-05,0.01,0.0003333333333333333,0.01656322068517169,0.00030330014072828585,0.06625288274068676
0.01762914118095948,1.0,6.31e-05,0.01,0.0001,0.01656322068517169,0.00030330014072828585,0.019875864822206032
0.01762914118095948,1.0,7.94e-05,0.01,6.666666666666667e-05,0.01656322068517169,0.00030330014072828585,0.013250576548137353
0.01762914118095948,1.0,0.0001,0.01,0.0,0.01656322068517169,0.00030330014072828585,0.0
0.01762914118095948,1.0,0.000126,0.01,0.0,0.01656322068517169,0.00030330014072828585,0.0
0.01762914118095948,1.0,0.000158,0.01,0.0,0.01656322068517169,0.00030330014072828585,0.0
0.01762914118095948,1.0,0.0002,0.01,0.0,0.01656322068517169,0.00030330014072828585,0.0
0.01762914118095948,1.0,0.000251,0.01,0.0,0.01656322068517169,0.00030330014072828585,0.0
0.01762914118095948,1.0,0.000316,0.01,0.0,0.01656322068517169,0.00030330014072828585,0.0
0.01762914118095948,1.0,0.000398,0.01,0.0,0.01656322068517169,0.00030330014072828585,0.0
0.01762914118095948,1.0,0.000501,0.01,0.0,0.01656322068517169,0.00030330014072828585,0.0
0.01762914118095948,1.0,0.000631,0.01,0.0,0.01656322068517169,0.00030330014072828585,0.0
0.01762914118095948,1.0,0.000794,0.01,0.0,0.01656322068517169,0.00030330014072828585,0.0
0.01762914118095948,1.0,0.001,0.01,0.0,0.01656322068517169,0.00030330014072828585,0.0
0.01762914118095948,1.0,0.00126,0.01,0.0,0.01656322068517169,0.00030330014072828585,0.0
0.01762914118095948,1.0,0.00158,0.01,0.0,0.01656322068517169,0.00030330014072828585,0.0
0.01762914118095948,1.0,0.002,0.01,0.0,0.01656322068517169,0.00030330014072828585,0.0
0.01762914118095948,1.0,0.00251,0.01,0.0,0.01656322068517169,0.00030330014072828585,0.0
0.01762914118095948,1.0,0.00316,0.01,0.0,0.01656322068517169,0.00030330014072828585,0.0
0.01762914118095948,1.0,0.00398,0.01,0.0,0.01656322068517169,0.00030330014072828585,0.0
0.01762914118095948,1.0,0.00501,0.01,0.0,0.01656322068517169,0.00030330014072828585,0.0
0.01762914118095948,1.0,0.00631,0.01,0.0,0.01656322068517169,0.00030330014072828585,0.0
0.018464249428955436,1.0,1e-06,0.01,0.0,0.018169083400755463,0.00033270616005778175,0.0
0.018464249428955436,1.0,1.26e-06,0.01,0.0,0.018169083400755463,0.00033270616005778175,0.0
0.018464249428955436,1.0,1.58e-06,0.01,0.0,0.018169083400755463,0.00033270616005778175,0.0
0.018464249428955436,1.0,2e-06,0.01,0.0,0.018169083400755463,0.00033270616005778175,0.0
0.018464249428955436,1.0,2.51e-06,0.01,0.0,0.018169083400755463,0.00033270616005778175,0.0
0.018464249428955436,1.0,3.16e-06,0.01,0.0,0.018169083400755463,0.00033270616005778175,0.0
0.018464249428955436,1.0,3.98e-06,0.01,0.0,0.018169083400755463,0.00033270616005778175,0.0
0.018464249428955436,1.0,5.01e-06,0.01,6.666666666666667e-05,0.018169083400755463,0.00033270616005778175,0.014535266720604373
0.018464249428955436,1.0,7.94e-06,0.01,3.3333333333333335e-05,0.018169083400755463,0.00033270616005778175,0.007267633360302186
0.018464249428955436,1.0,1e-05,0.01,3.3333333333333335e-05,0.018169083400755463,0.00033270616005778175,0.007267633360302186
0.018464249428955436,1.0,1.26e-05,0.01,6.666666666666667e-05,0.018169083400755463,0.00033270616005778175,0.014535266720604373
0.018464249428955436,1.0,1.58e-05,0.01,3.3333333333333335e-05,0.018169083400755463,0.00033270616005778175,0.007267633360302186
0.018464249428955436,1.0,2e-05,0.01,0.00016666666666666666,0.018169083400755463,0.00033270616005778175,0.036338166801510925
0.018464249428955436,1.0,2.51e-05,0.01,0.00016666666666666666,0.018169083400755463,0.00033270616005778175,0.036338166801510925
0.018464249428955436,1.0,3.16e-05,0.01,0.0002,0.018169083400755463,0.00033270616005778175,0.04360580016181312
0.018464249428955436,1.0,3.98e-05,0.01,0.0003333333333333333,0.018169083400755463,0.00033270616005778175,0.07267633360302185
0.018464249428955436,1.0,6.31e-05,0.01,0.0001,0.018169083400755463,0.00033270616005778175,0.02180290008090656
0.018464249428955436,1.0,7.94e-05,0.01,6.666666666666667e-05,0.018169083400755463,0.00033270616005778175,0.014535266720604373
0.018464249428955436,1.0,0.0001,0.01,0.0,0.018169083400755463,0.00033270616005778175,0.0
0.018464249428955436,1.0,0.000126,0.01,0.0,0.018169083400755463,0.00033270616005778175,0.0
0.018464249428955436,1.0,0.000158,0.01,0.0,0.018169083400755463,0.00033270616005778175,0.0
0.018464249428955436,1.0,0.0002,0.01,0.0,0.018169083400755463,0.00033270616005778175,0.0
0.018464249428955436,1.0,0.000251,0.01,0.0,0.018169083400755463,0.00033270616005778175,0.0
0.018464249428955436,1.0,0.000316,0.01,0.0,0.018169083400755463,0.00033270616005778175,0.0
0.018464249428955436,1.0,0.000398,0.01,0.0,0.018169083400755463,0.00033270616005778175,0.0
0.018464249428955436,1.0,0.000501,0.01,0.0,0.018169083400755463,0.00033270616005778175,0.0
0.018464249428955436,1.0,0.000631,0.01,0.0,0.018169083400755463,0.00033270616005778175,0.0
0.018464249428955436,1.0,0.000794,0.01,0.0,0.018169083400755463,0.00033270616005778175,0.0
0.018464249428955436,1.0,0.001,0.01,0.0,0.018169083400755463,0.00033270616005778175,0.0
0.018464249428955436,1.0,0.00126,0.01,0.0,0.018169083400755463,0.00033270616005778175,0.0
0.018464249428955436,1.0,0.00158,0.01,0.0,0.018169083400755463,0.00033270616005778175,0.0
0.018464249428955436,1.0,0.002,0.01,0.0,0.018169083400755463,0.00033270616005778175,0.0
0.018464249428955436,1.0,0.00251,0.01,0.0,0.018169083400755463,0.00033270616005778175,0.0
0.018464249428955436,1.0,0.00316,0.01,0.0,0.018169083400755463,0.00033270616005778175,0.0
0.018464249428955436,1.0,0.00398,0.01,0.0,0.018169083400755463,0.00033270616005778175,0.0
0.018464249428955436,1.0,0.00501,0.01,0.0,0.018169083400755463,0.00033270616005778175,0.0
0.018464249428955436,1.0,0.00631,0.01,0.0,0.018169083400755463,0.00033270616005778175,0.0
0.01933891750455231,1.0,1e-06,0.01,0.0,0.019930583335824176,0.0003649621559389155,0.0
0.01933891750455231,1.0,1.26e-06,0.01,0.0,0.019930583335824176,0.0003649621559389155,0.0
0.01933891750455231,1.0,1.58e-06,0.01,0.0,0.019930583335824176,0.0003649621559389155,0.0
0.01933891750455231,1.0,2e-06,0.01,0.0,0.019930583335824176,0.0003649621559389155,0.0
0.01933891750455231,1.0,2.51e-06,0.01,0.0,0.019930583335824176,0.0003649621559389155,0.0
0.01933891750455231,1.0,3.16e-06,0.01,0.0,0.019930583335824176,0.0003649621559389155,0.0
0.01933891750455231,1.0,3.98e-06,0.01,0.0,0.019930583335824176,0.0003649621559389155,0.0
0.01933891750455231,1.0,5.01e-06,0.01,6.666666666666667e-05,0.019930583335824176,0.0003649621559389155,0.01594446666865934
0.01933891750455231,1.0,7.94e-06,0.01,3.3333333333333335e-05,0.019930583335824176,0.0003649621559389155,0.00797223333432967
0.01933891750455231,1.0,1e-05,0.01,3.3333333333333335e-05,0.019930583335824176,0.0003649621559389155,0.00797223333432967
0.01933891750455231,1.0,1.26e-05,0.01,6.666666666666667e-05,0.019930583335824176,0.0003649621559389155,0.01594446666865934
0.01933891750455231,1.0,1.58e-05,0.01,3.3333333333333335e-05,0.019930583335824176,0.0003649621559389155,0.00797223333432967
0.01933891750455231,1.0,2e-05,0.01,0.00016666666666666666,0.019930583335824176,0.0003649621559389155,0.03986116667164835
0.01933891750455231,1.0,2.51e-05,0.01,0.00016666666666666666,0.019930583335824176,0.0003649621559389155,0.03986116667164835
0.01933891750455231,1.0,3.16e-05,0.01,0.0002,0.019930583335824176,0.0003649621559389155,0.04783340000597802
0.01933891750455231,1.0,3.98e-05,0.01,0.0003333333333333333,0.019930583335824176,0.0003649621559389155,0.0797223333432967
0.01933891750455231,1.0,6.31e-05,0.01,0.0001,0.019930583335824176,0.0003649621559389155,0.02391670000298901
0.01933891750455231,1.0,7.94e-05,0.01,6.666666666666667e-05,0.019930583335824176,0.0003649621559389155,0.01594446666865934
0.01933891750455231,1.0,0.0001,0.01,0.0,0.019930583335824176,0.0003649621559389155,0.0
0.01933891750455231,1.0,0.000126,0.01,0.0,0.019930583335824176,0.0003649621559389155,0.0
0.01933891750455231,1.0,0.000158,0.01,0.0,0.019930583335824176,0.0003649621559389155,0.0
0.01933891750455231,1.0,0.0002,0.01,0.0,0.019930583335824176,0.0003649621559389155,0.0
0.01933891750455231,1.0,0.000251,0.01,0.0,0.019930583335824176,0.0003649621559389155,0.0
0.01933891750455231,1.0,0.000316,0.01,0.0,0.019930583335824176,0.0003649621559389155,0.0
0.01933891750455231,1.0,0.000398,0.01,0.0,0.019930583335824176,0.0003649621559389155,0.0
0.01933891750455231,1.0,0.000501,0.01,0.0,0.019930583335824176,0.0003649621559389155,0.0
0.01933891750455231,1.0,0.000631,0.01,0.0,0.019930583335824176,0.0003649621559389155,0.0
0.01933891750455231,1.0,0.000794,0.01,0.0,0.019930583335824176,0.0003649621559389155,0.0
0.01933891750455231,1.0,0.001,0.01,0.0,0.019930583335824176,0.0003649621559389155,0.0
0.01933891750455231,1.0,0.00126,0.01,0.0,0.019930583335824176,0.0003649621559389155,0.0
0.01933891750455231,1.0,0.00158,0.01,0.0,0.019930583335824176,0.0003649621559389155,0.0
0.01933891750455231,1.0,0.002,0.01,0.0,0.019930583335824176,0.0003649621559389155,0.0
0.01933891750455231,1.0,0.00251,0.01,0.0,0.019930583335824176,0.0003649621559389155,0.0
0.01933891750455231,1.0,0.00316,0.01,0.0,0.019930583335824176,0.0003649621559389155,0.0
0.01933891750455231,1.0,0.00398,0.01,0.0,0.019930583335824176,0.0003649621559389155,0.0
0.01933891750455231,1.0,0.00501,0.01,0.0,0.019930583335824176,0.0003649621559389155,0.0
0.01933891750455231,1.0,0.00631,0.01,0.0,0.019930583335824176,0.0003649621559389155,0.0
0.020255019392306676,1.0,1e-06,0.01,0.0,0.021862793004498896,0.0004003441311939003,0.0
0.020255019392306676,1.0,1.26e-06,0.01,0.0,0.021862793004498896,0.0004003441311939003,0.0
0.020255019392306676,1.0,1.58e-06,0.01,0.0,0.021862793004498896,0.0004003441311939003,0.0
0.020255019392306676,1.0,2e-06,0.01,0.0,0.021862793004498896,0.0004003441311939003,0.0
0.020255019392306676,1.0,2.51e-06,0.01,0.0,0.021862793004498896,0.0004003441311939003,0.0
0.020255019392306676,1.0,3.16e-06,0.01,0.0,0.021862793004498896,0.0004003441311939003,0.0
0.020255019392306676,1.0,3.98e-06,0.01,0.0,0.021862793004498896,0.0004003441311939003,0.0
0.020255019392306676,1.0,5.01e-06,0.01,6.666666666666667e-05,0.021862793004498896,0.0004003441311939003,0.017490234403599116
0.020255019392306676,1.0,7.94e-06,0.01,3.3333333333333335e-05,0.021862793004498896,0.0004003441311939003,0.008745117201799558
0.020255019392306676,1.0,1e-05,0.01,3.3333333333333335e-05,0.021862793004498896,0.0004003441311939003,0.008745117201799558
0.020255019392306676,1.0,1.26e-05,0.01,6.666666666666667e-05,0.021862793004498896,0.0004003441311939003,0.017490234403599116
0.020255019392306676,1.0,1.58e-05,0.01,3.3333333333333335e-05,0.021862793004498896,0.0004003441311939003,0.008745117201799558
0.020255019392306676,1.0,2e-05,0.01,0.00016666666666666666,0.021862793004498896,0.0004003441311939003,0.043725586008997785
0.020255019392306676,1.0,2.51e-05,0.01,0.00016666666666666666,0.021862793004498896,0.0004003441311939003,0.043725586008997785
0.020255019392306676,1.0,3.16e-05,0.01,0.0002,0.021862793004498896,0.0004003441311939003,0.05247070321079736
0.020255019392306676,1.0,3.98e-05,0.01,0.0003333333333333333,0.021862793004498896,0.0004003441311939003,0.08745117201799557
0.020255019392306676,1.0,6.31e-05,0.01,0.0001,0.021862793004498896,0.0004003441311939003,0.02623535160539868
0.020255019392306676,1.0,7.94e-05,0.01,6.666666666666667e-05,0.021862793004498896,0.0004003441311939003,0.017490234403599116
0.020255019392306676,1.0,0.0001,0.01,0.0,0.021862793004498896,0.0004003441311939003,0.0
0.020255019392306676,1.0,0.000126,0.01,0.0,0.021862793004498896,0.0004003441311939003,0.0
0.020255019392306676,1.0,0.000158,0.01,0.0,0.021862793004498896,0.0004003441311939003,0.0
0.020255019392306676,1.0,0.0002,0.01,0.0,0.021862793004498896,0.0004003441311939003,0.0
0.020255019392306676,1.0,0.000251,0.01,0.0,0.021862793004498896,0.0004003441311939003,0.0
0.020255019392306676,1.0,0.000316,0.01,0.0,0.021862793004498896,0.0004003441311939003,0.0
0.020255019392306676,1.0,0.000398,0.01,0.0,0.021862793004498896,0.0004003441311939003,0.0
0.020255019392306676,1.0,0.000501,0.01,0.0,0.021862793004498896,0.0004003441311939003,0.0
0.020255019392306676,1.0,0.000631,0.01,0.0,0.021862793004498896,0.0004003441311939003,0.0
0.020255019392306676,1.0,0.000794,0.01,0.0,0.021862793004498896,0.0004003441311939003,0.0
0.020255019392306676,1.0,0.001,0.01,0.0,0.021862793004498896,0.0004003441311939003,0.0
0.020255019392306676,1.0,0.00126,0.01,0.0,0.021862793004498896,0.0004003441311939003,0.0
0.020255019392306676,1.0,0.00158,0.01,0.0,0.021862793004498896,0.0004003441311939003,0.0
0.020255019392306676,1.0,0.002,0.01,0.0,0.021862793004498896,0.0004003441311939003,0.0
0.020255019392306676,1.0,0.00251,0.01,0.0,0.021862793004498896,0.0004003441311939003,0.0
0.020255019392306676,1.0,0.00316,0.01,0.0,0.021862793004498896,0.0004003441311939003,0.0
0.020255019392306676,1.0,0.00398,0.01,0.0,0.021862793004498896,0.0004003441311939003,0.0
0.020255019392306676,1.0,0.00501,0.01,0.0,0.021862793004498896,0.0004003441311939003,0.0
0.020255019392306676,1.0,0.00631,0.01,0.0,0.021862793004498896,0.0004003441311939003,0.0
0.021214517849106298,1.0,1e-06,0.01,0.0,0.023982242253008722,0.000439154774821621,0.0
0.021214517849106298,1.0,1.26e-06,0.01,0.0,0.023982242253008722,0.000439154774821621,0.0
0.021214517849106298,1.0,1.58e-06,0.01,0.0,0.023982242253008722,0.000439154774821621,0.0
0.021214517849106298,1.0,2e-06,0.01,0.0,0.023982242253008722,0.000439154774821621,0.0
0.021214517849106298,1.0,2.51e-06,0.01,0.0,0.023982242253008722,0.000439154774821621,0.0
0.021214517849106298,1.0,3.16e-06,0.01,0.0,0.023982242253008722,0.000439154774821621,0.0
0.021214517849106298,1.0,3.98e-06,0.01,0.0,0.023982242253008722,0.000439154774821621,0.0
0.021214517849106298,1.0,5.01e-06,0.01,6.666666666666667e-05,0.023982242253008722,0.000439154774821621,0.01918579380240698
0.021214517849106298,1.0,7.94e-06,0.01,3.3333333333333335e-05,0.023982242253008722,0.000439154774821621,0.00959289690120349
0.021214517849106298,1.0,1e-05,0.01,3.3333333333333335e-05,0.023982242253008722,0.000439154774821621,0.00959289690120349
0.021214517849106298,1.0,1.26e-05,0.01,6.666666666666667e-05,0.023982242253008722,0.000439154774821621,0.01918579380240698
0.021214517849106298,1.0,1.58e-05,0.01,3.3333333333333335e-05,0.023982242253008722,0.000439154774821621,0.00959289690120349
0.021214517849106298,1.0,2e-05,0.01,0.00016666666666666666,0.023982242253008722,0.000439154774821621,0.047964484506017445
0.021214517849106298,1.0,2.51e-05,0.01,0.00016666666666666666,0.023982242253008722,0.000439154774821621,0.047964484506017445
0.021214517849106298,1.0,3.16e-05,0.01,0.0002,0.023982242253008722,0.000439154774821621,0.057557381407220935
0.021214517849106298,1.0,3.98e-05,0.01,0.0003333333333333333,0.023982242253008722,0.000439154774821621,0.09592896901203489
0.021214517849106298,1.0,6.31e-05,0.01,0.0001,0.023982242253008722,0.000439154774821621,0.028778690703610468
0.021214517849106298,1.0,7.94e-05,0.01,6.666666666666667e-05,0.023982242253008722,0.000439154774821621,0.01918579380240698
0.021214517849106298,1.0,0.0001,0.01,0.0,0.023982242253008722,0.000439154774821621,0.0
0.021214517849106298,1.0,0.000126,0.01,0.0,0.023982242253008722,0.000439154774821621,0.0
0.021214517849106298,1.0,0.000158,0.01,0.0,0.023982242253008722,0.000439154774821621,0.0
0.021214517849106298,1.0,0.0002,0.01,0.0,0.023982242253008722,0.000439154774821621,0.0
0.021214517849106298,1.0,0.000251,0.01,0.0,0.023982242253008722,0.000439154774821621,0.0
0.021214517849106298,1.0,0.000316,0.01,0.0,0.023982242253008722,0.000439154774821621,0.0
0.021214517849106298,1.0,0.000398,0.01,0.0,0.023982242253008722,0.000439154774821621,0.0
0.021214517849106298,1.0,0.000501,0.01,0.0,0.023982242253008722,0.000439154774821621,0.0
0.021214517849106298,1.0,0.000631,0.01,0.0,0.023982242253008722,0.000439154774821621,0.0
0.021214517849106298,1.0,0.000794,0.01,0.0,0.023982242253008722,0.000439154774821621,0.0
0.021214517849106298,1.0,0.001,0.01,0.0,0.023982242253008722,0.000439154774821621,0.0
0.021214517849106298,1.0,0.00126,0.01,0.0,0.023982242253008722,0.000439154774821621,0.0
0.021214517849106298,1.0,0.00158,0.01,0.0,0.023982242253008722,0.000439154774821621,0.0
0.021214517849106298,1.0,0.002,0.01,0.0,0.023982242253008722,0.000439154774821621,0.0
0.021214517849106298,1.0,0.00251,0.01,0.0,0.023982242253008722,0.000439154774821621,0.0
0.021214517849106298,1.0,0.00316,0.01,0.0,0.023982242253008722,0.000439154774821621,0.0
0.021214517849106298,1.0,0.00398,0.01,0.0,0.023982242253008722,0.000439154774821621,0.0
0.021214517849106298,1.0,0.00501,0.01,0.0,0.023982242253008722,0.000439154774821621,0.0
0.021214517849106298,1.0,0.00631,0.01,0.0,0.023982242253008722,0.000439154774821621,0.0
0.02221946860939524,1.0,1e-06,0.01,0.0,0.02630705868880816,0.00048172603348852156,0.0
0.02221946860939524,1.0,1.26e-06,0.01,0.0,0.02630705868880816,0.00048172603348852156,0.0
0.02221946860939524,1.0,1.58e-06,0.01,0.0,0.02630705868880816,0.00048172603348852156,0.0
0.02221946860939524,1.0,2e-06,0.01,0.0,0.02630705868880816,0.00048172603348852156,0.0
0.02221946860939524,1.0,2.51e-06,0.01,0.0,0.02630705868880816,0.00048172603348852156,0.0
0.02221946860939524,1.0,3.16e-06,0.01,0.0,0.02630705868880816,0.00048172603348852156,0.0
0.02221946860939524,1.0,3.98e-06,0.01,0.0,0.02630705868880816,0.00048172603348852156,0.0
0.02221946860939524,1.0,5.01e-06,0.01,6.666666666666667e-05,0.02630705868880816,0.00048172603348852156,0.02104564695104653
0.02221946860939524,1.0,7.94e-06,0.01,3.3333333333333335e-05,0.02630705868880816,0.00048172603348852156,0.010522823475523265
0.02221946860939524,1.0,1e-05,0.01,3.3333333333333335e-05,0.02630705868880816,0.00048172603348852156,0.010522823475523265
0.02221946860939524,1.0,1.26e-05,0.01,6.666666666666667e-05,0.02630705868880816,0.00048172603348852156,0.02104564695104653
0.02221946860939524,1.0,1.58e-05,0.01,3.3333333333333335e-05,0.02630705868880816,0.00048172603348852156,0.010522823475523265
0.02221946860939524,1.0,2e-05,0.01,0.00016666666666666666,0.02630705868880816,0.00048172603348852156,0.05261411737761632
0.02221946860939524,1.0,2.51e-05,0.01,0.00016666666666666666,0.02630705868880816,0.00048172603348852156,0.05261411737761632
0.02221946860939524,1.0,3.16e-05,0.01,0.0002,0.02630705868880816,0.00048172603348852156,0.06313694085313959
0.02221946860939524,1.0,3.98e-05,0.01,0.0003333333333333333,0.02630705868880816,0.00048172603348852156,0.10522823475523264
0.02221946860939524,1.0,6.31e-05,0.01,0.0001,0.02630705868880816,0.00048172603348852156,0.031568470426569795
0.02221946860939524,1.0,7.94e-05,0.01,6.666666666666667e-05,0.02630705868880816,0.00048172603348852156,0.02104564695104653
0.02221946860939524,1.0,0.0001,0.01,0.0,0.02630705868880816,0.00048172603348852156,0.0
0.02221946860939524,1.0,0.000126,0.01,0.0,0.02630705868880816,0.00048172603348852156,0.0
0.02221946860939524,1.0,0.000158,0.01,0.0,0.02630705868880816,0.00048172603348852156,0.0
0.02221946860939524,1.0,0.0002,0.01,0.0,0.02630705868880816,0.00048172603348852156,0.0
0.02221946860939524,1.0,0.000251,0.01,0.0,0.02630705868880816,0.00048172603348852156,0.0
0.02221946860939524,1.0,0.000316,0.01,0.0,0.02630705868880816,0.00048172603348852156,0.0
0.02221946860939524,1.0,0.000398,0.01,0.0,0.02630705868880816,0.00048172603348852156,0.0
0.02221946860939524,1.0,0.000501,0.01,0.0,0.02630705868880816,0.00048172603348852156,0.0
0.02221946860939524,1.0,0.000631,0.01,0.0,0.02630705868880816,0.00048172603348852156,0.0
0.02221946860939524,1.0,0.000794,0.01,0.0,0.02630705868880816,0.00048172603348852156,0.0
0.02221946860939524,1.0,0.001,0.01,0.0,0.02630705868880816,0.00048172603348852156,0.0
0.02221946860939524,1.0,0.00126,0.01,0.0,0.02630705868880816,0.00048172603348852156,0.0
0.02221946860939524,1.0,0.00158,0.01,0.0,0.02630705868880816,0.00048172603348852156,0.0
0.02221946860939524,1.0,0.002,0.01,0.0,0.02630705868880816,0.00048172603348852156,0.0
0.02221946860939524,1.0,0.00251,0.01,0.0,0.02630705868880816,0.00048172603348852156,0.0
0.02221946860939524,1.0,0.00316,0.01,0.0,0.02630705868880816,0.00048172603348852156,0.0
0.02221946860939524,1.0,0.00398,0.01,0.0,0.02630705868880816,0.00048172603348852156,0.0
0.02221946860939524,1.0,0.00501,0.01,0.0,0.02630705868880816,0.00048172603348852156,0.0
0.02221946860939524,1.0,0.00631,0.01,0.0,0.02630705868880816,0.00048172603348852156,0.0
0.023272024789604086,1.0,1e-06,0.01,0.0,0.028857121544380842,0.0005284219290309621,0.0
0.023272024789604086,1.0,1.26e-06,0.01,0.0,0.028857121544380842,0.0005284219290309621,0.0
0.023272024789604086,1.0,1.58e-06,0.01,0.0,0.028857121544380842,0.0005284219290309621,0.0
0.023272024789604086,1.0,2e-06,0.01,0.0,0.028857121544380842,0.0005284219290309621,0.0
0.023272024789604086,1.0,2.51e-06,0.01,0.0,0.028857121544380842,0.0005284219290309621,0.0
0.023272024789604086,1.0,3.16e-06,0.01,0.0,0.028857121544380842,0.0005284219290309621,0.0
0.023272024789604086,1.0,3.98e-06,0.01,0.0,0.028857121544380842,0.0005284219290309621,0.0
0.023272024789604086,1.0,5.01e-06,0.01,6.666666666666667e-05,0.028857121544380842,0.0005284219290309621,0.023085697235504674
0.023272024789604086,1.0,7.94e-06,0.01,3.3333333333333335e-05,0.028857121544380842,0.0005284219290309621,0.011542848617752337
0.023272024789604086,1.0,1e-05,0.01,3.3333333333333335e-05,0.028857121544380842,0.0005284219290309621,0.011542848617752337
0.023272024789604086,1.0,1.26e-05,0.01,6.666666666666667e-05,0.028857121544380842,0.0005284219290309621,0.023085697235504674
0.023272024789604086,1.0,1.58e-05,0.01,3.3333333333333335e-05,0.028857121544380842,0.0005284219290309621,0.011542848617752337
0.023272024789604086,1.0,2e-05,0.01,0.00016666666666666666,0.028857121544380842,0.0005284219290309621,0.05771424308876169
0.023272024789604086,1.0,2.51e-05,0.01,0.00016666666666666666,0.028857121544380842,0.0005284219290309621,0.05771424308876169
0.023272024789604086,1.0,3.16e-05,0.01,0.0002,0.028857121544380842,0.0005284219290309621,0.06925709170651403
0.023272024789604086,1.0,3.98e-05,0.01,0.0003333333333333333,0.028857121544380842,0.0005284219290309621,0.11542848617752338
0.023272024789604086,1.0,6.31e-05,0.01,0.0001,0.028857121544380842,0.0005284219290309621,0.03462854585325702
0.023272024789604086,1.0,7.94e-05,0.01,6.666666666666667e-05,0.028857121544380842,0.0005284219290309621,0.023085697235504674
0.023272024789604086,1.0,0.0001,0.01,0.0,0.028857121544380842,0.0005284219290309621,0.0
0.023272024789604086,1.0,0.000126,0.01,0.0,0.028857121544380842,0.0005284219290309621,0.0
0.023272024789604086,1.0,0.000158,0.01,0.0,0.028857121544380842,0.0005284219290309621,0.0
0.023272024789604086,1.0,0.0002,0.01,0.0,0.028857121544380842,0.0005284219290309621,0.0
0.023272024789604086,1.0,0.000251,0.01,0.0,0.028857121544380842,0.0005284219290309621,0.0
0.023272024789604086,1.0,0.000316,0.01,0.0,0.028857121544380842,0.0005284219290309621,0.0
0.023272024789604086,1.0,0.000398,0.01,0.0,0.028857121544380842,0.0005284219290309621,0.0
0.023272024789604086,1.0,0.000501,0.01,0.0,0.028857121544380842,0.0005284219290309621,0.0
0.023272024789604086,1.0,0.000631,0.01,0.0,0.028857121544380842,0.0005284219290309621,0.0
0.023272024789604086,1.0,0.000794,0.01,0.0,0.028857121544380842,0.0005284219290309621,0.0
0.023272024789604086,1.0,0.001,0.01,0.0,0.028857121544380842,0.0005284219290309621,0.0
0.023272024789604086,1.0,0.00126,0.01,0.0,0.028857121544380842,0.0005284219290309621,0.0
0.023272024789604086,1.0,0.00158,0.01,0.0,0.028857121544380842,0.0005284219290309621,0.0
0.023272024789604086,1.0,0.002,0.01,0.0,0.028857121544380842,0.0005284219290309621,0.0
0.023272024789604086,1.0,0.00251,0.01,0.0,0.028857121544380842,0.0005284219290309621,0.0
0.023272024789604086,1.0,0.00316,0.01,0.0,0.028857121544380842,0.0005284219290309621,0.0
0.023272024789604086,1.0,0.00398,0.01,0.0,0.028857121544380842,0.0005284219290309621,0.0
0.023272024789604086,1.0,0.00501,0.01,0.0,0.028857121544380842,0.0005284219290309621,0.0
0.023272024789604086,1.0,0.00631,0.01,0.0,0.028857121544380842,0.0005284219290309621,0.0
0.024374441501222206,1.0,1e-06,0.01,0.0,0.0316542302412234,0.0005796416451423439,0.0
0.024374441501222206,1.0,1.26e-06,0.01,0.0,0.0316542302412234,0.0005796416451423439,0.0
0.024374441501222206,1.0,1.58e-06,0.01,0.0,0.0316542302412234,0.0005796416451423439,0.0
0.024374441501222206,1.0,2e-06,0.01,0.0,0.0316542302412234,0.0005796416451423439,0.0
0.024374441501222206,1.0,2.51e-06,0.01,0.0,0.0316542302412234,0.0005796416451423439,0.0
0.024374441501222206,1.0,3.16e-06,0.01,0.0,0.0316542302412234,0.0005796416451423439,0.0
0.024374441501222206,1.0,3.98e-06,0.01,0.0,0.0316542302412234,0.0005796416451423439,0.0
0.024374441501222206,1.0,5.01e-06,0.01,6.666666666666667e-05,0.0316542302412234,0.0005796416451423439,0.02532338419297872
0.024374441501222206,1.0,7.94e-06,0.01,3.3333333333333335e-05,0.0316542302412234,0.0005796416451423439,0.01266169209648936
0.024374441501222206,1.0,1e-05,0.01,3.3333333333333335e-05,0.0316542302412234,0.0005796416451423439,0.01266169209648936
0.024374441501222206,1.0,1.26e-05,0.01,6.666666666666667e-05,0.0316542302412234,0.0005796416451423439,0.02532338419297872
0.024374441501222206,1.0,1.58e-05,0.01,3.3333333333333335e-05,0.0316542302412234,0.0005796416451423439,0.01266169209648936
0.024374441501222206,1.0,2e-05,0.01,0.00016666666666666666,0.0316542302412234,0.0005796416451423439,0.0633084604824468
0.024374441501222206,1.0,2.51e-05,0.01,0.00016666666666666666,0.0316542302412234,0.0005796416451423439,0.0633084604824468
0.024374441501222206,1.0,3.16e-05,0.01,0.0002,0.0316542302412234,0.0005796416451423439,0.07597015257893618
0.024374441501222206,1.0,3.98e-05,0.01,0.0003333333333333333,0.0316542302412234,0.0005796416451423439,0.1266169209648936
0.024374441501222206,1.0,6.31e-05,0.01,0.0001,0.0316542302412234,0.0005796416451423439,0.03798507628946809
0.024374441501222206,1.0,7.94e-05,0.01,6.666666666666667e-05,0.0316542302412234,0.0005796416451423439,0.02532338419297872
0.024374441501222206,1.0,0.0001,0.01,0.0,0.0316542302412234,0.0005796416451423439,0.0
0.024374441501222206,1.0,0.000126,0.01,0.0,0.0316542302412234,0.0005796416451423439,0.0
0.024374441501222206,1.0,0.000158,0.01,0.0,0.0316542302412234,0.0005796416451423439,0.0
0.024374441501222206,1.0,0.0002,0.01,0.0,0.0316542302412234,0.0005796416451423439,0.0
0.024374441501222206,1.0,0.000251,0.01,0.0,0.0316542302412234,0.0005796416451423439,0.0
0.024374441501222206,1.0,0.000316,0.01,0.0,0.0316542302412234,0.0005796416451423439,0.0
0.024374441501222206,1.0,0.000398,0.01,0.0,0.0316542302412234,0.0005796416451423439,0.0
0.024374441501222206,1.0,0.000501,0.01,0.0,0.0316542302412234,0.0005796416451423439,0.0
0.024374441501222206,1.0,0.000631,0.01,0.0,0.0316542302412234,0.0005796416451423439,0.0
0.024374441501222206,1.0,0.000794,0.01,0.0,0.0316542302412234,0.0005796416451423439,0.0
0.024374441501222206,1.0,0.001,0.01,0.0,0.0316542302412234,0.0005796416451423439,0.0
0.024374441501222206,1.0,0.00126,0.01,0.0,0.0316542302412234,0.0005796416451423439,0.0
0.024374441501222206,1.0,0.00158,0.01,0.0,0.0316542302412234,0.0005796416451423439,0.0
0.024374441501222206,1.0,0.002,0.01,0.0,0.0316542302412234,0.0005796416451423439,0.0
0.024374441501222206,1.0,0.00251,0.01,0.0,0.0316542302412234,0.0005796416451423439,0.0
0.024374441501222206,1.0,0.00316,0.01,0.0,0.0316542302412234,0.0005796416451423439,0.0
0.024374441501222206,1.0,0.00398,0.01,0.0,0.0316542302412234,0.0005796416451423439,0.0
0.024374441501222206,1.0,0.00501,0.01,0.0,0.0316542302412234,0.0005796416451423439,0.0
0.024374441501222206,1.0,0.00631,0.01,0.0,0.0316542302412234,0.0005796416451423439,0.0
0.025529080682395178,1.0,1e-06,0.01,0.0,0.03472228903465648,0.0006358229085269453,0.0
0.025529080682395178,1.0,1.26e-06,0.01,0.0,0.03472228903465648,0.0006358229085269453,0.0
0.025529080682395178,1.0,1.58e-06,0.01,0.0,0.03472228903465648,0.0006358229085269453,0.0
0.025529080682395178,1.0,2e-06,0.01,0.0,0.03472228903465648,0.0006358229085269453,0.0
0.025529080682395178,1.0,2.51e-06,0.01,0.0,0.03472228903465648,0.0006358229085269453,0.0
0.025529080682395178,1.0,3.16e-06,0.01,0.0,0.03472228903465648,0.0006358229085269453,0.0
0.025529080682395178,1.0,3.98e-06,0.01,0.0,0.03472228903465648,0.0006358229085269453,0.0
0.025529080682395178,1.0,5.01e-06,0.01,6.666666666666667e-05,0.03472228903465648,0.0006358229085269453,0.027777831227725192
0.025529080682395178,1.0,7.94e-06,0.01,3.3333333333333335e-05,0.03472228903465648,0.0006358229085269453,0.013888915613862596
0.025529080682395178,1.0,1e-05,0.01,3.3333333333333335e-05,0.03472228903465648,0.0006358229085269453,0.013888915613862596
0.025529080682395178,1.0,1.26e-05,0.01,6.666666666666667e-05,0.03472228903465648,0.0006358229085269453,0.027777831227725192
0.025529080682395178,1.0,1.58e-05,0.01,3.3333333333333335e-05,0.03472228903465648,0.0006358229085269453,0.013888915613862596
0.025529080682395178,1.0,2e-05,0.01,0.00016666666666666666,0.03472228903465648,0.0006358229085269453,0.06944457806931296
0.025529080682395178,1.0,2.51e-05,0.01,0.00016666666666666666,0.03472228903465648,0.0006358229085269453,0.06944457806931296
0.025529080682395178,1.0,3.16e-05,0.01,0.0002,0.03472228903465648,0.0006358229085269453,0.08333349368317558
0.025529080682395178,1.0,3.98e-05,0.01,0.0003333333333333333,0.03472228903465648,0.0006358229085269453,0.13888915613862593
0.025529080682395178,1.0,6.31e-05,0.01,0.0001,0.03472228903465648,0.0006358229085269453,0.04166674684158779
0.025529080682395178,1.0,7.94e-05,0.01,6.666666666666667e-05,0.03472228903465648,0.0006358229085269453,0.027777831227725192
0.025529080682395178,1.0,0.0001,0.01,0.0,0.03472228903465648,0.0006358229085269453,0.0
0.025529080682395178,1.0,0.000126,0.01,0.0,0.03472228903465648,0.0006358229085269453,0.0
0.025529080682395178,1.0,0.000158,0.01,0.0,0.03472228903465648,0.0006358229085269453,0.0
0.025529080682395178,1.0,0.0002,0.01,0.0,0.03472228903465648,0.0006358229085269453,0.0
0.025529080682395178,1.0,0.000251,0.01,0.0,0.03472228903465648,0.0006358229085269453,0.0
0.025529080682395178,1.0,0.000316,0.01,0.0,0.03472228903465648,0.0006358229085269453,0.0
0.025529080682395178,1.0,0.000398,0.01,0.0,0.03472228903465648,0.0006358229085269453,0.0
0.025529080682395178,1.0,0.000501,0.01,0.0,0.03472228903465648,0.0006358229085269453,0.0
0.025529080682395178,1.0,0.000631,0.01,0.0,0.03472228903465648,0.0006358229085269453,0.0
0.025529080682395178,1.0,0.000794,0.01,0.0,0.03472228903465648,0.0006358229085269453,0.0
0.025529080682395178,1.0,0.001,0.01,0.0,0.03472228903465648,0.0006358229085269453,0.0
0.025529080682395178,1.0,0.00126,0.01,0.0,0.03472228903465648,0.0006358229085269453,0.0
0.025529080682395178,1.0,0.00158,0.01,0.0,0.03472228903465648,0.0006358229085269453,0.0
0.025529080682395178,1.0,0.002,0.01,0.0,0.03472228903465648,0.0006358229085269453,0.0
0.025529080682395178,1.0,0.00251,0.01,0.0,0.03472228903465648,0.0006358229085269453,0.0
0.025529080682395178,1.0,0.00316,0.01,0.0,0.03472228903465648,0.0006358229085269453,0.0
0.025529080682395178,1.0,0.00398,0.01,0.0,0.03472228903465648,0.0006358229085269453,0.0
0.025529080682395178,1.0,0.00501,0.01,0.0,0.03472228903465648,0.0006358229085269453,0.0
0.025529080682395178,1.0,0.00631,0.01,0.0,0.03472228903465648,0.0006358229085269453,0.0
0.026738416158399468,1.0,1e-06,0.01,0.0,0.038087509244905816,0.0006974456920876363,0.0
0.026738416158399468,1.0,1.26e-06,0.01,0.0,0.038087509244905816,0.0006974456920876363,0.0
0.026738416158399468,1.0,1.58e-06,0.01,0.0,0.038087509244905816,0.0006974456920876363,0.0
0.026738416158399468,1.0,2e-06,0.01,0.0,0.038087509244905816,0.0006974456920876363,0.0
0.026738416158399468,1.0,2.51e-06,0.01,0.0,0.038087509244905816,0.0006974456920876363,0.0
0.026738416158399468,1.0,3.16e-06,0.01,0.0,0.038087509244905816,0.0006974456920876363,0.0
0.026738416158399468,1.0,3.98e-06,0.01,0.0,0.038087509244905816,0.0006974456920876363,0.0
0.026738416158399468,1.0,5.01e-06,0.01,6.666666666666667e-05,0.038087509244905816,0.0006974456920876363,0.03047000739592466
0.026738416158399468,1.0,7.94e-06,0.01,3.3333333333333335e-05,0.038087509244905816,0.0006974456920876363,0.01523500369796233
0.026738416158399468,1.0,1e-05,0.01,3.3333333333333335e-05,0.038087509244905816,0.0006974456920876363,0.01523500369796233
0.026738416158399468,1.0,1.26e-05,0.01,6.666666666666667e-05,0.038087509244905816,0.0006974456920876363,0.03047000739592466
0.026738416158399468,1.0,1.58e-05,0.01,3.3333333333333335e-05,0.038087509244905816,0.0006974456920876363,0.01523500369796233
0.026738416158399468,1.0,2e-05,0.01,0.00016666666666666666,0.038087509244905816,0.0006974456920876363,0.07617501848981165
0.026738416158399468,1.0,2.51e-05,0.01,0.00016666666666666666,0.038087509244905816,0.0006974456920876363,0.07617501848981165
0.026738416158399468,1.0,3.16e-05,0.01,0.0002,0.038087509244905816,0.0006974456920876363,0.09141002218777398
0.026738416158399468,1.0,3.98e-05,0.01,0.0003333333333333333,0.038087509244905816,0.0006974456920876363,0.1523500369796233
0.026738416158399468,1.0,6.31e-05,0.01,0.0001,0.038087509244905816,0.0006974456920876363,0.04570501109388699
0.026738416158399468,1.0,7.94e-05,0.01,6.666666666666667e-05,0.038087509244905816,0.0006974456920876363,0.03047000739592466
0.026738416158399468,1.0,0.0001,0.01,0.0,0.038087509244905816,0.0006974456920876363,0.0
0.026738416158399468,1.0,0.000126,0.01,0.0,0.038087509244905816,0.0006974456920876363,0.0
0.026738416158399468,1.0,0.000158,0.01,0.0,0.038087509244905816,0.0006974456920876363,0.0
0.026738416158399468,1.0,0.0002,0.01,0.0,0.038087509244905816,0.0006974456920876363,0.0
0.026738416158399468,1.0,0.000251,0.01,0.0,0.038087509244905816,0.0006974456920876363,0.0
0.026738416158399468,1.0,0.000316,0.01,0.0,0.038087509244905816,0.0006974456920876363,0.0
0.026738416158399468,1.0,0.000398,0.01,0.0,0.038087509244905816,0.0006974456920876363,0.0
0.026738416158399468,1.0,0.000501,0.01,0.0,0.038087509244905816,0.0006974456920876363,0.0
0.026738416158399468,1.0,0.000631,0.01,0.0,0.038087509244905816,0.0006974456920876363,0.0
0.026738416158399468,1.0,0.000794,0.01,0.0,0.038087509244905816,0.0006974456920876363,0.0
0.026738416158399468,1.0,0.001,0.01,0.0,0.038087509244905816,0.0006974456920876363,0.0
0.026738416158399468,1.0,0.00126,0.01,0.0,0.038087509244905816,0.0006974456920876363,0.0
0.026738416158399468,1.0,0.00158,0.01,0.0,0.038087509244905816,0.0006974456920876363,0.0
0.026738416158399468,1.0,0.002,0.01,0.0,0.038087509244905816,0.0006974456920876363,0.0
0.026738416158399468,1.0,0.00251,0.01,0.0,0.038087509244905816,0.0006974456920876363,0.0
0.026738416158399468,1.0,0.00316,0.01,0.0,0.038087509244905816,0.0006974456920876363,0.0
0.026738416158399468,1.0,0.00398,0.01,0.0,0.038087509244905816,0.0006974456920876363,0.0
0.026738416158399468,1.0,0.00501,0.01,0.0,0.038087509244905816,0.0006974456920876363,0.0
0.026738416158399468,1.0,0.00631,0.01,0.0,0.038087509244905816,0.0006974456920876363,0.0
0.02800503894183631,1.0,1e-06,0.01,0.0,0.041778630714958895,0.0007650362701878574,0.0
0.02800503894183631,1.0,1.26e-06,0.01,0.0,0.041778630714958895,0.0007650362701878574,0.0
0.02800503894183631,1.0,1.58e-06,0.01,0.0,0.041778630714958895,0.0007650362701878574,0.0
0.02800503894183631,1.0,2e-06,0.01,0.0,0.041778630714958895,0.0007650362701878574,0.0
0.02800503894183631,1.0,2.51e-06,0.01,0.0,0.041778630714958895,0.0007650362701878574,0.0
0.02800503894183631,1.0,3.16e-06,0.01,0.0,0.041778630714958895,0.0007650362701878574,0.0
0.02800503894183631,1.0,3.98e-06,0.01,0.0,0.041778630714958895,0.0007650362701878574,0.0
0.02800503894183631,1.0,5.01e-06,0.01,6.666666666666667e-05,0.041778630714958895,0.0007650362701878574,0.033422904571967116
0.02800503894183631,1.0,7.94e-06,0.01,3.3333333333333335e-05,0.041778630714958895,0.0007650362701878574,0.016711452285983558
0.02800503894183631,1.0,1e-05,0.01,3.3333333333333335e-05,0.041778630714958895,0.0007650362701878574,0.016711452285983558
0.02800503894183631,1.0,1.26e-05,0.01,6.666666666666667e-05,0.041778630714958895,0.0007650362701878574,0.033422904571967116
0.02800503894183631,1.0,1.58e-05,0.01,3.3333333333333335e-05,0.041778630714958895,0.0007650362701878574,0.016711452285983558
0.02800503894183631,1.0,2e-05,0.01,0.00016666666666666666,0.041778630714958895,0.0007650362701878574,0.08355726142991779
0.02800503894183631,1.0,2.51e-05,0.01,0.00016666666666666666,0.041778630714958895,0.0007650362701878574,0.08355726142991779
0.02800503894183631,1.0,3.16e-05,0.01,0.0002,0.041778630714958895,0.0007650362701878574,0.10026871371590135
0.02800503894183631,1.0,3.98e-05,0.01,0.0003333333333333333,0.041778630714958895,0.0007650362701878574,0.16711452285983558
0.02800503894183631,1.0,6.31e-05,0.01,0.0001,0.041778630714958895,0.0007650362701878574,0.050134356857950674
0.02800503894183631,1.0,7.94e-05,0.01,6.666666666666667e-05,0.041778630714958895,0.0007650362701878574,0.033422904571967116
0.02800503894183631,1.0,0.0001,0.01,0.0,0.041778630714958895,0.0007650362701878574,0.0
0.02800503894183631,1.0,0.000126,0.01,0.0,0.041778630714958895,0.0007650362701878574,0.0
0.02800503894183631,1.0,0.000158,0.01,0.0,0.041778630714958895,0.0007650362701878574,0.0
0.02800503894183631,1.0,0.0002,0.01,0.0,0.041778630714958895,0.0007650362701878574,0.0
0.02800503894183631,1.0,0.000251,0.01,0.0,0.041778630714958895,0.0007650362701878574,0.0
0.02800503894183631,1.0,0.000316,0.01,0.0,0.041778630714958895,0.0007650362701878574,0.0
0.02800503894183631,1.0,0.000398,0.01,0.0,0.041778630714958895,0.0007650362701878574,0.0
0.02800503894183631,1.0,0.000501,0.01,0.0,0.041778630714958895,0.0007650362701878574,0.0
0.02800503894183631,1.0,0.000631,0.01,0.0,0.041778630714958895,0.0007650362701878574,0.0
0.02800503894183631,1.0,0.000794,0.01,0.0,0.041778630714958895,0.0007650362701878574,0.0
0.02800503894183631,1.0,0.001,0.01,0.0,0.041778630714958895,0.0007650362701878574,0.0
0.02800503894183631,1.0,0.00126,0.01,0.0,0.041778630714958895,0.0007650362701878574,0.0
0.02800503894183631,1.0,0.00158,0.01,0.0,0.041778630714958895,0.0007650362701878574,0.0
0.02800503894183631,1.0,0.002,0.01,0.0,0.041778630714958895,0.0007650362701878574,0.0
0.02800503894183631,1.0,0.00251,0.01,0.0,0.041778630714958895,0.0007650362701878574,0.0
0.02800503894183631,1.0,0.00316,0.01,0.0,0.041778630714958895,0.0007650362701878574,0.0
0.02800503894183631,1.0,0.00398,0.01,0.0,0.041778630714958895,0.0007650362701878574,0.0
0.02800503894183631,1.0,0.00501,0.01,0.0,0.041778630714958895,0.0007650362701878574,0.0
0.02800503894183631,1.0,0.00631,0.01,0.0,0.041778630714958895,0.0007650362701878574,0.0
0.02933166278390044,1.0,1e-06,0.01,0.0,0.045827164281663356,0.000839171658701032,0.0
0.02933166278390044,1.0,1.26e-06,0.01,0.0,0.045827164281663356,0.000839171658701032,0.0
0.02933166278390044,1.0,1.58e-06,0.01,0.0,0.045827164281663356,0.000839171658701032,0.0
0.02933166278390044,1.0,2e-06,0.01,0.0,0.045827164281663356,0.000839171658701032,0.0
0.02933166278390044,1.0,2.51e-06,0.01,0.0,0.045827164281663356,0.000839171658701032,0.0
0.02933166278390044,1.0,3.16e-06,0.01,0.0,0.045827164281663356,0.000839171658701032,0.0
0.02933166278390044,1.0,3.98e-06,0.01,0.0,0.045827164281663356,0.000839171658701032,0.0
0.02933166278390044,1.0,5.01e-06,0.01,6.666666666666667e-05,0.045827164281663356,0.000839171658701032,0.03666173142533069
0.02933166278390044,1.0,7.94e-06,0.01,3.3333333333333335e-05,0.045827164281663356,0.000839171658701032,0.018330865712665345
0.02933166278390044,1.0,1e-05,0.01,3.3333333333333335e-05,0.045827164281663356,0.000839171658701032,0.018330865712665345
0.02933166278390044,1.0,1.26e-05,0.01,6.666666666666667e-05,0.045827164281663356,0.000839171658701032,0.03666173142533069
0.02933166278390044,1.0,1.58e-05,0.01,3.3333333333333335e-05,0.045827164281663356,0.000839171658701032,0.018330865712665345
0.02933166278390044,1.0,2e-05,0.01,0.00016666666666666666,0.045827164281663356,0.000839171658701032,0.09165432856332673
0.02933166278390044,1.0,2.51e-05,0.01,0.00016666666666666666,0.045827164281663356,0.000839171658701032,0.09165432856332673
0.02933166278390044,1.0,3.16e-05,0.01,0.0002,0.045827164281663356,0.000839171658701032,0.10998519427599207
0.02933166278390044,1.0,3.98e-05,0.01,0.0003333333333333333,0.045827164281663356,0.000839171658701032,0.18330865712665345
0.02933166278390044,1.0,6.31e-05,0.01,0.0001,0.045827164281663356,0.000839171658701032,0.054992597137996035
0.02933166278390044,1.0,7.94e-05,0.01,6.666666666666667e-05,0.045827164281663356,0.000839171658701032,0.03666173142533069
0.02933166278390044,1.0,0.0001,0.01,0.0,0.045827164281663356,0.000839171658701032,0.0
0.02933166278390044,1.0,0.000126,0.01,0.0,0.045827164281663356,0.000839171658701032,0.0
0.02933166278390044,1.0,0.000158,0.01,0.0,0.045827164281663356,0.000839171658701032,0.0
0.02933166278390044,1.0,0.0002,0.01,0.0,0.045827164281663356,0.000839171658701032,0.0
0.02933166278390044,1.0,0.000251,0.01,0.0,0.045827164281663356,0.000839171658701032,0.0
0.02933166278390044,1.0,0.000316,0.01,0.0,0.045827164281663356,0.000839171658701032,0.0
0.02933166278390044,1.0,0.000398,0.01,0.0,0.045827164281663356,0.000839171658701032,0.0
0.02933166278390044,1.0,0.000501,0.01,0.0,0.045827164281663356,0.000839171658701032,0.0
0.02933166278390044,1.0,0.000631,0.01,0.0,0.045827164281663356,0.000839171658701032,0.0
0.02933166278390044,1.0,0.000794,0.01,0.0,0.045827164281663356,0.000839171658701032,0.0
0.02933166278390044,1.0,0.001,0.01,0.0,0.045827164281663356,0.000839171658701032,0.0
0.02933166278390044,1.0,0.00126,0.01,0.0,0.045827164281663356,0.000839171658701032,0.0
0.02933166278390044,1.0,0.00158,0.01,0.0,0.045827164281663356,0.000839171658701032,0.0
0.02933166278390044,1.0,0.002,0.01,0.0,0.045827164281663356,0.000839171658701032,0.0
0.02933166278390044,1.0,0.00251,0.01,0.0,0.045827164281663356,0.000839171658701032,0.0
0.02933166278390044,1.0,0.00316,0.01,0.0,0.045827164281663356,0.000839171658701032,0.0
0.02933166278390044,1.0,0.00398,0.01,0.0,0.045827164281663356,0.000839171658701032,0.0
0.02933166278390044,1.0,0.00501,0.01,0.0,0.045827164281663356,0.000839171658701032,0.0
0.02933166278390044,1.0,0.00631,0.01,0.0,0.045827164281663356,0.000839171658701032,0.0
0.030721129988617576,1.0,1e-06,0.01,0.0,0.05026765720400842,0.000920484475444212,0.0
0.030721129988617576,1.0,1.26e-06,0.01,0.0,0.05026765720400842,0.000920484475444212,0.0
0.030721129988617576,1.0,1.58e-06,0.01,0.0,0.05026765720400842,0.000920484475444212,0.0
0.030721129988617576,1.0,2e-06,0.01,0.0,0.05026765720400842,0.000920484475444212,0.0
0.030721129988617576,1.0,2.51e-06,0.01,0.0,0.05026765720400842,0.000920484475444212,0.0
0.030721129988617576,1.0,3.16e-06,0.01,0.0,0.05026765720400842,0.000920484475444212,0.0
0.030721129988617576,1.0,3.98e-06,0.01,0.0,0.05026765720400842,0.000920484475444212,0.0
0.030721129988617576,1.0,5.01e-06,0.01,6.666666666666667e-05,0.05026765720400842,0.000920484475444212,0.04021412576320674
0.030721129988617576,1.0,7.94e-06,0.01,3.3333333333333335e-05,0.05026765720400842,0.000920484475444212,0.02010706288160337
0.030721129988617576,1.0,1e-05,0.01,3.3333333333333335e-05,0.05026765720400842,0.000920484475444212,0.02010706288160337
0.030721129988617576,1.0,1.26e-05,0.01,6.666666666666667e-05,0.05026765720400842,0.000920484475444212,0.04021412576320674
0.030721129988617576,1.0,1.58e-05,0.01,3.3333333333333335e-05,0.05026765720400842,0.000920484475444212,0.02010706288160337
0.030721129988617576,1.0,2e-05,0.01,0.00016666666666666666,0.05026765720400842,0.000920484475444212,0.10053531440801683
0.030721129988617576,1.0,2.51e-05,0.01,0.00016666666666666666,0.05026765720400842,0.000920484475444212,0.10053531440801683
0.030721129988617576,1.0,3.16e-05,0.01,0.0002,0.05026765720400842,0.000920484475444212,0.1206423772896202
0.030721129988617576,1.0,3.98e-05,0.01,0.0003333333333333333,0.05026765720400842,0.000920484475444212,0.20107062881603366
0.030721129988617576,1.0,6.31e-05,0.01,0.0001,0.05026765720400842,0.000920484475444212,0.0603211886448101
0.030721129988617576,1.0,7.94e-05,0.01,6.666666666666667e-05,0.05026765720400842,0.000920484475444212,0.04021412576320674
0.030721129988617576,1.0,0.0001,0.01,0.0,0.05026765720400842,0.000920484475444212,0.0
0.030721129988617576,1.0,0.000126,0.01,0.0,0.05026765720400842,0.000920484475444212,0.0
0.030721129988617576,1.0,0.000158,0.01,0.0,0.05026765720400842,0.000920484475444212,0.0
0.030721129988617576,1.0,0.0002,0.01,0.0,0.05026765720400842,0.000920484475444212,0.0
0.030721129988617576,1.0,0.000251,0.01,0.0,0.05026765720400842,0.000920484475444212,0.0
0.030721129988617576,1.0,0.000316,0.01,0.0,0.05026765720400842,0.000920484475444212,0.0
0.030721129988617576,1.0,0.000398,0.01,0.0,0.05026765720400842,0.000920484475444212,0.0
0.030721129988617576,1.0,0.000501,0.01,0.0,0.05026765720400842,0.000920484475444212,0.0
0.030721129988617576,1.0,0.000631,0.01,0.0,0.05026765720400842,0.000920484475444212,0.0
0.030721129988617576,1.0,0.000794,0.01,0.0,0.05026765720400842,0.000920484475444212,0.0
0.030721129988617576,1.0,0.001,0.01,0.0,0.05026765720400842,0.000920484475444212,0.0
0.030721129988617576,1.0,0.00126,0.01,0.0,0.05026765720400842,0.000920484475444212,0.0
0.030721129988617576,1.0,0.00158,0.01,0.0,0.05026765720400842,0.000920484475444212,0.0
0.030721129988617576,1.0,0.002,0.01,0.0,0.05026765720400842,0.000920484475444212,0.0
0.030721129988617576,1.0,0.00251,0.01,0.0,0.05026765720400842,0.000920484475444212,0.0
0.030721129988617576,1.0,0.00316,0.01,0.0,0.05026765720400842,0.000920484475444212,0.0
0.030721129988617576,1.0,0.00398,0.01,0.0,0.05026765720400842,0.000920484475444212,0.0
0.030721129988617576,1.0,0.00501,0.01,0.0,0.05026765720400842,0.000920484475444212,0.0
0.030721129988617576,1.0,0.00631,0.01,0.0,0.05026765720400842,0.000920484475444212,0.0
0.03217641750250737,1.0,1e-06,0.01,0.0,0.05513798366210601,0.0010096682596979676,0.0
0.03217641750250737,1.0,1.26e-06,0.01,0.0,0.05513798366210601,0.0010096682596979676,0.0
0.03217641750250737,1.0,1.58e-06,0.01,0.0,0.05513798366210601,0.0010096682596979676,0.0
0.03217641750250737,1.0,2e-06,0.01,0.0,0.05513798366210601,0.0010096682596979676,0.0
0.03217641750250737,1.0,2.51e-06,0.01,0.0,0.05513798366210601,0.0010096682596979676,0.0
0.03217641750250737,1.0,3.16e-06,0.01,0.0,0.05513798366210601,0.0010096682596979676,0.0
0.03217641750250737,1.0,3.98e-06,0.01,0.0,0.05513798366210601,0.0010096682596979676,0.0
0.03217641750250737,1.0,5.01e-06,0.01,6.666666666666667e-05,0.05513798366210601,0.0010096682596979676,0.04411038692968482
0.03217641750250737,1.0,7.94e-06,0.01,3.3333333333333335e-05,0.05513798366210601,0.0010096682596979676,0.02205519346484241
0.03217641750250737,1.0,1e-05,0.01,3.3333333333333335e-05,0.05513798366210601,0.0010096682596979676,0.02205519346484241
0.03217641750250737,1.0,1.26e-05,0.01,6.666666666666667e-05,0.05513798366210601,0.0010096682596979676,0.04411038692968482
0.03217641750250737,1.0,1.58e-05,0.01,3.3333333333333335e-05,0.05513798366210601,0.0010096682596979676,0.02205519346484241
0.03217641750250737,1.0,2e-05,0.01,0.00016666666666666666,0.05513798366210601,0.0010096682596979676,0.11027596732421202
0.03217641750250737,1.0,2.51e-05,0.01,0.00016666666666666666,0.05513798366210601,0.0010096682596979676,0.11027596732421202
0.03217641750250737,1.0,3.16e-05,0.01,0.0002,0.05513798366210601,0.0010096682596979676,0.13233116078905444
0.03217641750250737,1.0,3.98e-05,0.01,0.0003333333333333333,0.05513798366210601,0.0010096682596979676,0.22055193464842404
0.03217641750250737,1.0,6.31e-05,0.01,0.0001,0.05513798366210601,0.0010096682596979676,0.06616558039452722
0.03217641750250737,1.0,7.94e-05,0.01,6.666666666666667e-05,0.05513798366210601,0.0010096682596979676,0.04411038692968482
0.03217641750250737,1.0,0.0001,0.01,0.0,0.05513798366210601,0.0010096682596979676,0.0
0.03217641750250737,1.0,0.000126,0.01,0.0,0.05513798366210601,0.0010096682596979676,0.0
0.03217641750250737,1.0,0.000158,0.01,0.0,0.05513798366210601,0.0010096682596979676,0.0
0.03217641750250737,1.0,0.0002,0.01,0.0,0.05513798366210601,0.0010096682596979676,0.0
0.03217641750250737,1.0,0.000251,0.01,0.0,0.05513798366210601,0.0010096682596979676,0.0
0.03217641750250737,1.0,0.000316,0.01,0.0,0.05513798366210601,0.0010096682596979676,0.0
0.03217641750250737,1.0,0.000398,0.01,0.0,0.05513798366210601,0.0010096682596979676,0.0
0.03217641750250737,1.0,0.000501,0.01,0.0,0.05513798366210601,0.0010096682596979676,0.0
0.03217641750250737,1.0,0.000631,0.01,0.0,0.05513798366210601,0.0010096682596979676,0.0
0.03217641750250737,1.0,0.000794,0.01,0.0,0.05513798366210601,0.0010096682596979676,0.0
0.03217641750250737,1.0,0.001,0.01,0.0,0.05513798366210601,0.0010096682596979676,0.0
0.03217641750250737,1.0,0.00126,0.01,0.0,0.05513798366210601,0.0010096682596979676,0.0
0.03217641750250737,1.0,0.00158,0.01,0.0,0.05513798366210601,0.0010096682596979676,0.0
0.03217641750250737,1.0,0.002,0.01,0.0,0.05513798366210601,0.0010096682596979676,0.0
0.03217641750250737,1.0,0.00251,0.01,0.0,0.05513798366210601,0.0010096682596979676,0.0
0.03217641750250737,1.0,0.00316,0.01,0.0,0.05513798366210601,0.0010096682596979676,0.0
0.03217641750250737,1.0,0.00398,0.01,0.0,0.05513798366210601,0.0010096682596979676,0.0
0.03217641750250737,1.0,0.00501,0.01,0.0,0.05513798366210601,0.0010096682596979676,0.0
0.03217641750250737,1.0,0.00631,0.01,0.0,0.05513798366210601,0.0010096682596979676,0.0
0.03370064329271928,1.0,1e-06,0.01,0.0,0.06047966262261204,0.0011074832928513467,0.0
0.03370064329271928,1.0,1.26e-06,0.01,0.0,0.06047966262261204,0.0011074832928513467,0.0
0.03370064329271928,1.0,1.58e-06,0.01,0.0,0.06047966262261204,0.0011074832928513467,0.0
0.03370064329271928,1.0,2e-06,0.01,0.0,0.06047966262261204,0.0011074832928513467,0.0
0.03370064329271928,1.0,2.51e-06,0.01,0.0,0.06047966262261204,0.0011074832928513467,0.0
0.03370064329271928,1.0,3.16e-06,0.01,0.0,0.06047966262261204,0.0011074832928513467,0.0
0.03370064329271928,1.0,3.98e-06,0.01,0.0,0.06047966262261204,0.0011074832928513467,0.0
0.03370064329271928,1.0,5.01e-06,0.01,6.666666666666667e-05,0.06047966262261204,0.0011074832928513467,0.04838373009808963
0.03370064329271928,1.0,7.94e-06,0.01,3.3333333333333335e-05,0.06047966262261204,0.0011074832928513467,0.024191865049044817
0.03370064329271928,1.0,1e-05,0.01,3.3333333333333335e-05,0.06047966262261204,0.0011074832928513467,0.024191865049044817
0.03370064329271928,1.0,1.26e-05,0.01,6.666666666666667e-05,0.06047966262261204,0.0011074832928513467,0.04838373009808963
0.03370064329271928,1.0,1.58e-05,0.01,3.3333333333333335e-05,0.06047966262261204,0.0011074832928513467,0.024191865049044817
0.03370064329271928,1.0,2e-05,0.01,0.00016666666666666666,0.06047966262261204,0.0011074832928513467,0.12095932524522408
0.03370064329271928,1.0,2.51e-05,0.01,0.00016666666666666666,0.06047966262261204,0.0011074832928513467,0.12095932524522408
0.03370064329271928,1.0,3.16e-05,0.01,0.0002,0.06047966262261204,0.0011074832928513467,0.1451511902942689
0.03370064329271928,1.0,3.98e-05,0.01,0.0003333333333333333,0.06047966262261204,0.0011074832928513467,0.24191865049044817
0.03370064329271928,1.0,6.31e-05,0.01,0.0001,0.06047966262261204,0.0011074832928513467,0.07257559514713445
0.03370064329271928,1.0,7.94e-05,0.01,6.666666666666667e-05,0.06047966262261204,0.0011074832928513467,0.04838373009808963
0.03370064329271928,1.0,0.0001,0.01,0.0,0.06047966262261204,0.0011074832928513467,0.0
0.03370064329271928,1.0,0.000126,0.01,0.0,0.06047966262261204,0.0011074832928513467,0.0
0.03370064329271928,1.0,0.000158,0.01,0.0,0.06047966262261204,0.0011074832928513467,0.0
0.03370064329271928,1.0,0.0002,0.01,0.0,0.06047966262261204,0.0011074832928513467,0.0
0.03370064329271928,1.0,0.000251,0.01,0.0,0.06047966262261204,0.0011074832928513467,0.0
0.03370064329271928,1.0,0.000316,0.01,0.0,0.06047966262261204,0.0011074832928513467,0.0
0.03370064329271928,1.0,0.000398,0.01,0.0,0.06047966262261204,0.0011074832928513467,0.0
0.03370064329271928,1.0,0.000501,0.01,0.0,0.06047966262261204,0.0011074832928513467,0.0
0.03370064329271928,1.0,0.000631,0.01,0.0,0.06047966262261204,0.0011074832928513467,0.0
0.03370064329271928,1.0,0.000794,0.01,0.0,0.06047966262261204,0.0011074832928513467,0.0
0.03370064329271928,1.0,0.001,0.01,0.0,0.06047966262261204,0.0011074832928513467,0.0
0.03370064329271928,1.0,0.00126,0.01,0.0,0.06047966262261204,0.0011074832928513467,0.0
0.03370064329271928,1.0,0.00158,0.01,0.0,0.06047966262261204,0.0011074832928513467,0.0
0.03370064329271928,1.0,0.002,0.01,0.0,0.06047966262261204,0.0011074832928513467,0.0
0.03370064329271928,1.0,0.00251,0.01,0.0,0.06047966262261204,0.0011074832928513467,0.0
0.03370064329271928,1.0,0.00316,0.01,0.0,0.06047966262261204,0.0011074832928513467,0.0
0.03370064329271928,1.0,0.00398,0.01,0.0,0.06047966262261204,0.0011074832928513467,0.0
0.03370064329271928,1.0,0.00501,0.01,0.0,0.06047966262261204,0.0011074832928513467,0.0
0.03370064329271928,1.0,0.00631,0.01,0.0,0.06047966262261204,0.0011074832928513467,0.0
0.0352970730273065,1.0,1e-06,0.01,0.0,0.06633820556166446,0.0012147629657876665,0.0
0.0352970730273065,1.0,1.26e-06,0.01,0.0,0.06633820556166446,0.0012147629657876665,0.0
0.0352970730273065,1.0,1.58e-06,0.01,0.0,0.06633820556166446,0.0012147629657876665,0.0
0.0352970730273065,1.0,2e-06,0.01,0.0,0.06633820556166446,0.0012147629657876665,0.0
0.0352970730273065,1.0,2.51e-06,0.01,0.0,0.06633820556166446,0.0012147629657876665,0.0
0.0352970730273065,1.0,3.16e-06,0.01,0.0,0.06633820556166446,0.0012147629657876665,0.0
0.0352970730273065,1.0,3.98e-06,0.01,0.0,0.06633820556166446,0.0012147629657876665,0.0
0.0352970730273065,1.0,5.01e-06,0.01,6.666666666666667e-05,0.06633820556166446,0.0012147629657876665,0.05307056444933157
0.0352970730273065,1.0,7.94e-06,0.01,3.3333333333333335e-05,0.06633820556166446,0.0012147629657876665,0.026535282224665786
0.0352970730273065,1.0,1e-05,0.01,3.3333333333333335e-05,0.06633820556166446,0.0012147629657876665,0.026535282224665786
0.0352970730273065,1.0,1.26e-05,0.01,6.666666666666667e-05,0.06633820556166446,0.0012147629657876665,0.05307056444933157
0.0352970730273065,1.0,1.58e-05,0.01,3.3333333333333335e-05,0.06633820556166446,0.0012147629657876665,0.026535282224665786
0.0352970730273065,1.0,2e-05,0.01,0.00016666666666666666,0.06633820556166446,0.0012147629657876665,0.13267641112332892
0.0352970730273065,1.0,2.51e-05,0.01,0.00016666666666666666,0.06633820556166446,0.0012147629657876665,0.13267641112332892
0.0352970730273065,1.0,3.16e-05,0.01,0.0002,0.06633820556166446,0.0012147629657876665,0.15921169334799473
0.0352970730273065,1.0,3.98e-05,0.01,0.0003333333333333333,0.06633820556166446,0.0012147629657876665,0.26535282224665785
0.0352970730273065,1.0,6.31e-05,0.01,0.0001,0.06633820556166446,0.0012147629657876665,0.07960584667399737
0.0352970730273065,1.0,7.94e-05,0.01,6.666666666666667e-05,0.06633820556166446,0.0012147629657876665,0.05307056444933157
0.0352970730273065,1.0,0.0001,0.01,0.0,0.06633820556166446,0.0012147629657876665,0.0
0.0352970730273065,1.0,0.000126,0.01,0.0,0.06633820556166446,0.0012147629657876665,0.0
0.0352970730273065,1.0,0.000158,0.01,0.0,0.06633820556166446,0.0012147629657876665,0.0
0.0352970730273065,1.0,0.0002,0.01,0.0,0.06633820556166446,0.0012147629657876665,0.0
0.0352970730273065,1.0,0.000251,0.01,0.0,0.06633820556166446,0.0012147629657876665,0.0
0.0352970730273065,1.0,0.000316,0.01,0.0,0.06633820556166446,0.0012147629657876665,0.0
0.0352970730273065,1.0,0.000398,0.01,0.0,0.06633820556166446,0.0012147629657876665,0.0
0.0352970730273065,1.0,0.000501,0.01,0.0,0.06633820556166446,0.0012147629657876665,0.0
0.0352970730273065,1.0,0.000631,0.01,0.0,0.06633820556166446,0.0012147629657876665,0.0
0.0352970730273065,1.0,0.000794,0.01,0.0,0.06633820556166446,0.0012147629657876665,0.0
0.0352970730273065,1.0,0.001,0.01,0.0,0.06633820556166446,0.0012147629657876665,0.0
0.0352970730273065,1.0,0.00126,0.01,0.0,0.06633820556166446,0.0012147629657876665,0.0
0.0352970730273065,1.0,0.00158,0.01,0.0,0.06633820556166446,0.0012147629657876665,0.0
0.0352970730273065,1.0,0.002,0.01,0.0,0.06633820556166446,0.0012147629657876665,0.0
0.0352970730273065,1.0,0.00251,0.01,0.0,0.06633820556166446,0.0012147629657876665,0.0
0.0352970730273065,1.0,0.00316,0.01,0.0,0.06633820556166446,0.0012147629657876665,0.0
0.0352970730273065,1.0,0.00398,0.01,0.0,0.06633820556166446,0.0012147629657876665,0.0
0.0352970730273065,1.0,0.00501,0.01,0.0,0.06633820556166446,0.0012147629657876665,0.0
0.0352970730273065,1.0,0.00631,0.01,0.0,0.06633820556166446,0.0012147629657876665,0.0
0.036969127071950283,1.0,1e-06,0.01,0.0,0.07276349674523407,0.0013324207424507246,0.0
0.036969127071950283,1.0,1.26e-06,0.01,0.0,0.07276349674523407,0.0013324207424507246,0.0
0.036969127071950283,1.0,1.58e-06,0.01,0.0,0.07276349674523407,0.0013324207424507246,0.0
0.036969127071950283,1.0,2e-06,0.01,0.0,0.07276349674523407,0.0013324207424507246,0.0
0.036969127071950283,1.0,2.51e-06,0.01,0.0,0.07276349674523407,0.0013324207424507246,0.0
0.036969127071950283,1.0,3.16e-06,0.01,0.0,0.07276349674523407,0.0013324207424507246,0.0
0.036969127071950283,1.0,3.98e-06,0.01,0.0,0.07276349674523407,0.0013324207424507246,0.0
0.036969127071950283,1.0,5.01e-06,0.01,6.666666666666667e-05,0.07276349674523407,0.0013324207424507246,0.05821079739618726
0.036969127071950283,1.0,7.94e-06,0.01,3.3333333333333335e-05,0.07276349674523407,0.0013324207424507246,0.02910539869809363
0.036969127071950283,1.0,1e-05,0.01,3.3333333333333335e-05,0.07276349674523407,0.0013324207424507246,0.02910539869809363
0.036969127071950283,1.0,1.26e-05,0.01,6.666666666666667e-05,0.07276349674523407,0.0013324207424507246,0.05821079739618726
0.036969127071950283,1.0,1.58e-05,0.01,3.3333333333333335e-05,0.07276349674523407,0.0013324207424507246,0.02910539869809363
0.036969127071950283,1.0,2e-05,0.01,0.00016666666666666666,0.07276349674523407,0.0013324207424507246,0.14552699349046813
0.036969127071950283,1.0,2.51e-05,0.01,0.00016666666666666666,0.07276349674523407,0.0013324207424507246,0.14552699349046813
0.036969127071950283,1.0,3.16e-05,0.01,0.0002,0.07276349674523407,0.0013324207424507246,0.17463239218856177
0.036969127071950283,1.0,3.98e-05,0.01,0.0003333333333333333,0.07276349674523407,0.0013324207424507246,0.29105398698093626
0.036969127071950283,1.0,6.31e-05,0.01,0.0001,0.07276349674523407,0.0013324207424507246,0.08731619609428089
0.036969127071950283,1.0,7.94e-05,0.01,6.666666666666667e-05,0.07276349674523407,0.0013324207424507246,0.05821079739618726
0.036969127071950283,1.0,0.0001,0.01,0.0,0.07276349674523407,0.0013324207424507246,0.0
0.036969127071950283,1.0,0.000126,0.01,0.0,0.07276349674523407,0.0013324207424507246,0.0
0.036969127071950283,1.0,0.000158,0.01,0.0,0.07276349674523407,0.0013324207424507246,0.0
0.036969127071950283,1.0,0.0002,0.01,0.0,0.07276349674523407,0.0013324207424507246,0.0
0.036969127071950283,1.0,0.000251,0.01,0.0,0.07276349674523407,0.0013324207424507246,0.0
0.036969127071950283,1.0,0.000316,0.01,0.0,0.07276349674523407,0.0013324207424507246,0.0
0.036969127071950283,1.0,0.000398,0.01,0.0,0.07276349674523407,0.0013324207424507246,0.0
0.036969127071950283,1.0,0.000501,0.01,0.0,0.07276349674523407,0.0013324207424507246,0.0
0.036969127071950283,1.0,0.000631,0.01,0.0,0.07276349674523407,0.0013324207424507246,0.0
0.036969127071950283,1.0,0.000794,0.01,0.0,0.07276349674523407,0.0013324207424507246,0.0
0.036969127071950283,1.0,0.001,0.01,0.0,0.07276349674523407,0.0013324207424507246,0.0
0.036969127071950283,1.0,0.00126,0.01,0.0,0.07276349674523407,0.0013324207424507246,0.0
0.036969127071950283,1.0,0.00158,0.01,0.0,0.07276349674523407,0.0013324207424507246,0.0
0.036969127071950283,1.0,0.002,0.01,0.0,0.07276349674523407,0.0013324207424507246,0.0
0.036969127071950283,1.0,0.00251,0.01,0.0,0.07276349674523407,0.0013324207424507246,0.0
0.036969127071950283,1.0,0.00316,0.01,0.0,0.07276349674523407,0.0013324207424507246,0.0
0.036969127071950283,1.0,0.00398,0.01,0.0,0.07276349674523407,0.0013324207424507246,0.0
0.036969127071950283,1.0,0.00501,0.01,0.0,0.07276349674523407,0.0013324207424507246,0.0
0.036969127071950283,1.0,0.00631,0.01,0.0,0.07276349674523407,0.0013324207424507246,0.0
0.03872038781812555,1.0,1e-06,0.01,0.0,0.07981020898931562,0.0014614577731059445,0.0
0.03872038781812555,1.0,1.26e-06,0.01,0.0,0.07981020898931562,0.0014614577731059445,0.0
0.03872038781812555,1.0,1.58e-06,0.01,0.0,0.07981020898931562,0.0014614577731059445,0.0
0.03872038781812555,1.0,2e-06,0.01,0.0,0.07981020898931562,0.0014614577731059445,0.0
0.03872038781812555,1.0,2.51e-06,0.01,0.0,0.07981020898931562,0.0014614577731059445,0.0
0.03872038781812555,1.0,3.16e-06,0.01,0.0,0.07981020898931562,0.0014614577731059445,0.0
0.03872038781812555,1.0,3.98e-06,0.01,0.0,0.07981020898931562,0.0014614577731059445,0.0
0.03872038781812555,1.0,5.01e-06,0.01,6.666666666666667e-05,0.07981020898931562,0.0014614577731059445,0.06384816719145252
0.03872038781812555,1.0,7.94e-06,0.01,3.3333333333333335e-05,0.07981020898931562,0.0014614577731059445,0.03192408359572626
0.03872038781812555,1.0,1e-05,0.01,3.3333333333333335e-05,0.07981020898931562,0.0014614577731059445,0.03192408359572626
0.03872038781812555,1.0,1.26e-05,0.01,6.666666666666667e-05,0.07981020898931562,0.0014614577731059445,0.06384816719145252
0.03872038781812555,1.0,1.58e-05,0.01,3.3333333333333335e-05,0.07981020898931562,0.0014614577731059445,0.03192408359572626
0.03872038781812555,1.0,2e-05,0.01,0.00016666666666666666,0.07981020898931562,0.0014614577731059445,0.15962041797863127
0.03872038781812555,1.0,2.51e-05,0.01,0.00016666666666666666,0.07981020898931562,0.0014614577731059445,0.15962041797863127
0.03872038781812555,1.0,3.16e-05,0.01,0.0002,0.07981020898931562,0.0014614577731059445,0.19154450157435754
0.03872038781812555,1.0,3.98e-05,0.01,0.0003333333333333333,0.07981020898931562,0.0014614577731059445,0.31924083595726255
0.03872038781812555,1.0,6.31e-05,0.01,0.0001,0.07981020898931562,0.0014614577731059445,0.09577225078717877
0.03872038781812555,1.0,7.94e-05,0.01,6.666666666666667e-05,0.07981020898931562,0.0014614577731059445,0.06384816719145252
0.03872038781812555,1.0,0.0001,0.01,0.0,0.07981020898931562,0.0014614577731059445,0.0
0.03872038781812555,1.0,0.000126,0.01,0.0,0.07981020898931562,0.0014614577731059445,0.0
0.03872038781812555,1.0,0.000158,0.01,0.0,0.07981020898931562,0.0014614577731059445,0.0
0.03872038781812555,1.0,0.0002,0.01,0.0,0.07981020898931562,0.0014614577731059445,0.0
0.03872038781812555,1.0,0.000251,0.01,0.0,0.07981020898931562,0.0014614577731059445,0.0
0.03872038781812555,1.0,0.000316,0.01,0.0,0.07981020898931562,0.0014614577731059445,0.0
0.03872038781812555,1.0,0.000398,0.01,0.0,0.07981020898931562,0.0014614577731059445,0.0
0.03872038781812555,1.0,0.000501,0.01,0.0,0.07981020898931562,0.0014614577731059445,0.0
0.03872038781812555,1.0,0.000631,0.01,0.0,0.07981020898931562,0.0014614577731059445,0.0
0.03872038781812555,1.0,0.000794,0.01,0.0,0.07981020898931562,0.0014614577731059445,0.0
0.03872038781812555,1.0,0.001,0.01,0.0,0.07981020898931562,0.0014614577731059445,0.0
0.03872038781812555,1.0,0.00126,0.01,0.0,0.07981020898931562,0.0014614577731059445,0.0
0.03872038781812555,1.0,0.00158,0.01,0.0,0.07981020898931562,0.0014614577731059445,0.0
0.03872038781812555,1.0,0.002,0.01,0.0,0.07981020898931562,0.0014614577731059445,0.0
0.03872038781812555,1.0,0.00251,0.01,0.0,0.07981020898931562,0.0014614577731059445,0.0
0.03872038781812555,1.0,0.00316,0.01,0.0,0.07981020898931562,0.0014614577731059445,0.0
0.03872038781812555,1.0,0.00398,0.01,0.0,0.07981020898931562,0.0014614577731059445,0.0
0.03872038781812555,1.0,0.00501,0.01,0.0,0.07981020898931562,0.0014614577731059445,0.0
0.03872038781812555,1.0,0.00631,0.01,0.0,0.07981020898931562,0.0014614577731059445,0.0
0.040554607358408296,1.0,1e-06,0.01,0.0,0.08753825805866189,0.0016029712151375552,0.0
0.040554607358408296,1.0,1.26e-06,0.01,0.0,0.08753825805866189,0.0016029712151375552,0.0
0.040554607358408296,1.0,1.58e-06,0.01,0.0,0.08753825805866189,0.0016029712151375552,0.0
0.040554607358408296,1.0,2e-06,0.01,0.0,0.08753825805866189,0.0016029712151375552,0.0
0.040554607358408296,1.0,2.51e-06,0.01,0.0,0.08753825805866189,0.0016029712151375552,0.0
0.040554607358408296,1.0,3.16e-06,0.01,0.0,0.08753825805866189,0.0016029712151375552,0.0
0.040554607358408296,1.0,3.98e-06,0.01,0.0,0.08753825805866189,0.0016029712151375552,0.0
0.040554607358408296,1.0,5.01e-06,0.01,6.666666666666667e-05,0.08753825805866189,0.0016029712151375552,0.07003060644692952
0.040554607358408296,1.0,7.94e-06,0.01,3.3333333333333335e-05,0.08753825805866189,0.0016029712151375552,0.03501530322346476
0.040554607358408296,1.0,1e-05,0.01,3.3333333333333335e-05,0.08753825805866189,0.0016029712151375552,0.03501530322346476
0.040554607358408296,1.0,1.26e-05,0.01,6.666666666666667e-05,0.08753825805866189,0.0016029712151375552,0.07003060644692952
0.040554607358408296,1.0,1.58e-05,0.01,3.3333333333333335e-05,0.08753825805866189,0.0016029712151375552,0.03501530322346476
0.040554607358408296,1.0,2e-05,0.01,0.00016666666666666666,0.08753825805866189,0.0016029712151375552,0.17507651611732378
0.040554607358408296,1.0,2.51e-05,0.01,0.00016666666666666666,0.08753825805866189,0.0016029712151375552,0.17507651611732378
0.040554607358408296,1.0,3.16e-05,0.01,0.0002,0.08753825805866189,0.0016029712151375552,0.21009181934078855
0.040554607358408296,1.0,3.98e-05,0.01,0.0003333333333333333,0.08753825805866189,0.0016029712151375552,0.35015303223464755
0.040554607358408296,1.0,6.31e-05,0.01,0.0001,0.08753825805866189,0.0016029712151375552,0.10504590967039427
0.040554607358408296,1.0,7.94e-05,0.01,6.666666666666667e-05,0.08753825805866189,0.0016029712151375552,0.07003060644692952
0.040554607358408296,1.0,0.0001,0.01,0.0,0.08753825805866189,0.0016029712151375552,0.0
0.040554607358408296,1.0,0.000126,0.01,0.0,0.08753825805866189,0.0016029712151375552,0.0
0.040554607358408296,1.0,0.000158,0.01,0.0,0.08753825805866189,0.0016029712151375552,0.0
0.040554607358408296,1.0,0.0002,0.01,0.0,0.08753825805866189,0.0016029712151375552,0.0
0.040554607358408296,1.0,0.000251,0.01,0.0,0.08753825805866189,0.0016029712151375552,0.0
0.040554607358408296,1.0,0.000316,0.01,0.0,0.08753825805866189,0.0016029712151375552,0.0
0.040554607358408296,1.0,0.000398,0.01,0.0,0.08753825805866189,0.0016029712151375552,0.0
0.040554607358408296,1.0,0.000501,0.01,0.0,0.08753825805866189,0.0016029712151375552,0.0
0.040554607358408296,1.0,0.000631,0.01,0.0,0.08753825805866189,0.0016029712151375552,0.0
0.040554607358408296,1.0,0.000794,0.01,0.0,0.08753825805866189,0.0016029712151375552,0.0
0.040554607358408296,1.0,0.001,0.01,0.0,0.08753825805866189,0.0016029712151375552,0.0
0.040554607358408296,1.0,0.00126,0.01,0.0,0.08753825805866189,0.0016029712151375552,0.0
0.040554607358408296,1.0,0.00158,0.01,0.0,0.08753825805866189,0.0016029712151375552,0.0
0.040554607358408296,1.0,0.002,0.01,0.0,0.08753825805866189,0.0016029712151375552,0.0
0.040554607358408296,1.0,0.00251,0.01,0.0,0.08753825805866189,0.0016029712151375552,0.0
0.040554607358408296,1.0,0.00316,0.01,0.0,0.08753825805866189,0.0016029712151375552,0.0
0.040554607358408296,1.0,0.00398,0.01,0.0,0.08753825805866189,0.0016029712151375552,0.0
0.040554607358408296,1.0,0.00501,0.01,0.0,0.08753825805866189,0.0016029712151375552,0.0
0.040554607358408296,1.0,0.00631,0.01,0.0,0.08753825805866189,0.0016029712151375552,0.0
0.04247571552536898,1.0,1e-06,0.01,0.0,0.09601329911257742,0.0017581633237974256,0.0
0.04247571552536898,1.0,1.26e-06,0.01,0.0,0.09601329911257742,0.0017581633237974256,0.0
0.04247571552536898,1.0,1.58e-06,0.01,0.0,0.09601329911257742,0.0017581633237974256,0.0
0.04247571552536898,1.0,2e-06,0.01,0.0,0.09601329911257742,0.0017581633237974256,0.0
0.04247571552536898,1.0,2.51e-06,0.01,0.0,0.09601329911257742,0.0017581633237974256,0.0
0.04247571552536898,1.0,3.16e-06,0.01,0.0,0.09601329911257742,0.0017581633237974256,0.0
0.04247571552536898,1.0,3.98e-06,0.01,0.0,0.09601329911257742,0.0017581633237974256,0.0
0.04247571552536898,1.0,5.01e-06,0.01,6.666666666666667e-05,0.09601329911257742,0.0017581633237974256,0.07681063929006195
0.04247571552536898,1.0,7.94e-06,0.01,3.3333333333333335e-05,0.09601329911257742,0.0017581633237974256,0.03840531964503097
0.04247571552536898,1.0,1e-05,0.01,3.3333333333333335e-05,0.09601329911257742,0.0017581633237974256,0.03840531964503097
0.04247571552536898,1.0,1.26e-05,0.01,6.666666666666667e-05,0.09601329911257742,0.0017581633237974256,0.07681063929006195
0.04247571552536898,1.0,1.58e-05,0.01,3.3333333333333335e-05,0.09601329911257742,0.0017581633237974256,0.03840531964503097
0.04247571552536898,1.0,2e-05,0.01,0.00016666666666666666,0.09601329911257742,0.0017581633237974256,0.19202659822515486
0.04247571552536898,1.0,2.51e-05,0.01,0.00016666666666666666,0.09601329911257742,0.0017581633237974256,0.19202659822515486
0.04247571552536898,1.0,3.16e-05,0.01,0.0002,0.09601329911257742,0.0017581633237974256,0.23043191787018583
0.04247571552536898,1.0,3.98e-05,0.01,0.0003333333333333333,0.09601329911257742,0.0017581633237974256,0.3840531964503097
0.04247571552536898,1.0,6.31e-05,0.01,0.0001,0.09601329911257742,0.0017581633237974256,0.11521595893509291
0.04247571552536898,1.0,7.94e-05,0.01,6.666666666666667e-05,0.09601329911257742,0.0017581633237974256,0.07681063929006195
0.04247571552536898,1.0,0.0001,0.01,0.0,0.09601329911257742,0.0017581633237974256,0.0
0.04247571552536898,1.0,0.000126,0.01,0.0,0.09601329911257742,0.0017581633237974256,0.0
0.04247571552536898,1.0,0.000158,0.01,0.0,0.09601329911257742,0.0017581633237974256,0.0
0.04247571552536898,1.0,0.0002,0.01,0.0,0.09601329911257742,0.0017581633237974256,0.0
0.04247571552536898,1.0,0.000251,0.01,0.0,0.09601329911257742,0.0017581633237974256,0.0
0.04247571552536898,1.0,0.000316,0.01,0.0,0.09601329911257742,0.0017581633237974256,0.0
0.04247571552536898,1.0,0.000398,0.01,0.0,0.09601329911257742,0.0017581633237974256,0.0
0.04247571552536898,1.0,0.000501,0.01,0.0,0.09601329911257742,0.0017581633237974256,0.0
0.04247571552536898,1.0,0.000631,0.01,0.0,0.09601329911257742,0.0017581633237974256,0.0
0.04247571552536898,1.0,0.000794,0.01,0.0,0.09601329911257742,0.0017581633237974256,0.0
0.04247571552536898,1.0,0.001,0.01,0.0,0.09601329911257742,0.0017581633237974256,0.0
0.04247571552536898,1.0,0.00126,0.01,0.0,0.09601329911257742,0.0017581633237974256,0.0
0.04247571552536898,1.0,0.00158,0.01,0.0,0.09601329911257742,0.0017581633237974256,0.0
0.04247571552536898,1.0,0.002,0.01,0.0,0.09601329911257742,0.0017581633237974256,0.0
0.04247571552536898,1.0,0.00251,0.01,0.0,0.09601329911257742,0.0017581633237974256,0.0
0.04247571552536898,1.0,0.00316,0.01,0.0,0.09601329911257742,0.0017581633237974256,0.0
0.04247571552536898,1.0,0.00398,0.01,0.0,0.09601329911257742,0.0017581633237974256,0.0
0.04247571552536898,1.0,0.00501,0.01,0.0,0.09601329911257742,0.0017581633237974256,0.0
0.04247571552536898,1.0,0.00631,0.01,0.0,0.09601329911257742,0.0017581633237974256,0.0
0.04448782831127585,1.0,1e-06,0.01,0.0,0.10530726886912194,0.0019283513801340768,0.0
0.04448782831127585,1.0,1.26e-06,0.01,0.0,0.10530726886912194,0.0019283513801340768,0.0
0.04448782831127585,1.0,1.58e-06,0.01,0.0,0.10530726886912194,0.0019283513801340768,0.0
0.04448782831127585,1.0,2e-06,0.01,0.0,0.10530726886912194,0.0019283513801340768,0.0
0.04448782831127585,1.0,2.51e-06,0.01,0.0,0.10530726886912194,0.0019283513801340768,0.0
0.04448782831127585,1.0,3.16e-06,0.01,0.0,0.10530726886912194,0.0019283513801340768,0.0
0.04448782831127585,1.0,3.98e-06,0.01,0.0,0.10530726886912194,0.0019283513801340768,0.0
0.04448782831127585,1.0,5.01e-06,0.01,6.666666666666667e-05,0.10530726886912194,0.0019283513801340768,0.08424581509529755
0.04448782831127585,1.0,7.94e-06,0.01,3.3333333333333335e-05,0.10530726886912194,0.0019283513801340768,0.042122907547648775
0.04448782831127585,1.0,1e-05,0.01,3.3333333333333335e-05,0.10530726886912194,0.0019283513801340768,0.042122907547648775
0.04448782831127585,1.0,1.26e-05,0.01,6.666666666666667e-05,0.10530726886912194,0.0019283513801340768,0.08424581509529755
0.04448782831127585,1.0,1.58e-05,0.01,3.3333333333333335e-05,0.10530726886912194,0.0019283513801340768,0.042122907547648775
0.04448782831127585,1.0,2e-05,0.01,0.00016666666666666666,0.10530726886912194,0.0019283513801340768,0.2106145377382439
0.04448782831127585,1.0,2.51e-05,0.01,0.00016666666666666666,0.10530726886912194,0.0019283513801340768,0.2106145377382439
0.04448782831127585,1.0,3.16e-05,0.01,0.0002,0.10530726886912194,0.0019283513801340768,0.25273744528589265
0.04448782831127585,1.0,3.98e-05,0.01,0.0003333333333333333,0.10530726886912194,0.0019283513801340768,0.4212290754764878
0.04448782831127585,1.0,6.31e-05,0.01,0.0001,0.10530726886912194,0.0019283513801340768,0.12636872264294632
0.04448782831127585,1.0,7.94e-05,0.01,6.666666666666667e-05,0.10530726886912194,0.0019283513801340768,0.08424581509529755
0.04448782831127585,1.0,0.0001,0.01,0.0,0.10530726886912194,0.0019283513801340768,0.0
0.04448782831127585,1.0,0.000126,0.01,0.0,0.10530726886912194,0.0019283513801340768,0.0
0.04448782831127585,1.0,0.000158,0.01,0.0,0.10530726886912194,0.0019283513801340768,0.0
0.04448782831127585,1.0,0.0002,0.01,0.0,0.10530726886912194,0.0019283513801340768,0.0
0.04448782831127585,1.0,0.000251,0.01,0.0,0.10530726886912194,0.0019283513801340768,0.0
0.04448782831127585,1.0,0.000316,0.01,0.0,0.10530726886912194,0.0019283513801340768,0.0
0.04448782831127585,1.0,0.000398,0.01,0.0,0.10530726886912194,0.0019283513801340768,0.0
0.04448782831127585,1.0,0.000501,0.01,0.0,0.10530726886912194,0.0019283513801340768,0.0
0.04448782831127585,1.0,0.000631,0.01,0.0,0.10530726886912194,0.0019283513801340768,0.0
0.04448782831127585,1.0,0.000794,0.01,0.0,0.10530726886912194,0.0019283513801340768,0.0
0.04448782831127585,1.0,0.001,0.01,0.0,0.10530726886912194,0.0019283513801340768,0.0
0.04448782831127585,1.0,0.00126,0.01,0.0,0.10530726886912194,0.0019283513801340768,0.0
0.04448782831127585,1.0,0.00158,0.01,0.0,0.10530726886912194,0.0019283513801340768,0.0
0.04448782831127585,1.0,0.002,0.01,0.0,0.10530726886912194,0.0019283513801340768,0.0
0.04448782831127585,1.0,0.00251,0.01,0.0,0.10530726886912194,0.0019283513801340768,0.0
0.04448782831127585,1.0,0.00316,0.01,0.0,0.10530726886912194,0.0019283513801340768,0.0
0.04448782831127585,1.0,0.00398,0.01,0.0,0.10530726886912194,0.0019283513801340768,0.0
0.04448782831127585,1.0,0.00501,0.01,0.0,0.10530726886912194,0.0019283513801340768,0.0
0.04448782831127585,1.0,0.00631,0.01,0.0,0.10530726886912194,0.0019283513801340768,0.0
0.046595256686646824,1.0,1e-06,0.01,0.0,0.1154989774339758,0.0021149785283643254,0.0
0.046595256686646824,1.0,1.26e-06,0.01,0.0,0.1154989774339758,0.0021149785283643254,0.0
0.046595256686646824,1.0,1.58e-06,0.01,0.0,0.1154989774339758,0.0021149785283643254,0.0
0.046595256686646824,1.0,2e-06,0.01,0.0,0.1154989774339758,0.0021149785283643254,0.0
0.046595256686646824,1.0,2.51e-06,0.01,0.0,0.1154989774339758,0.0021149785283643254,0.0
0.046595256686646824,1.0,3.16e-06,0.01,0.0,0.1154989774339758,0.0021149785283643254,0.0
0.046595256686646824,1.0,3.98e-06,0.01,0.0,0.1154989774339758,0.0021149785283643254,0.0
0.046595256686646824,1.0,5.01e-06,0.01,6.666666666666667e-05,0.1154989774339758,0.0021149785283643254,0.09239918194718066
0.046595256686646824,1.0,7.94e-06,0.01,3.3333333333333335e-05,0.1154989774339758,0.0021149785283643254,0.04619959097359033
0.046595256686646824,1.0,1e-05,0.01,3.3333333333333335e-05,0.1154989774339758,0.0021149785283643254,0.04619959097359033
0.046595256686646824,1.0,1.26e-05,0.01,6.666666666666667e-05,0.1154989774339758,0.0021149785283643254,0.09239918194718066
0.046595256686646824,1.0,1.58e-05,0.01,3.3333333333333335e-05,0.1154989774339758,0.0021149785283643254,0.04619959097359033
0.046595256686646824,1.0,2e-05,0.01,0.00016666666666666666,0.1154989774339758,0.0021149785283643254,0.23099795486795163
0.046595256686646824,1.0,2.51e-05,0.01,0.00016666666666666666,0.1154989774339758,0.0021149785283643254,0.23099795486795163
0.046595256686646824,1.0,3.16e-05,0.01,0.0002,0.1154989774339758,0.0021149785283643254,0.277197545841542
0.046595256686646824,1.0,3.98e-05,0.01,0.0003333333333333333,0.1154989774339758,0.0021149785283643254,0.46199590973590327
0.046595256686646824,1.0,6.31e-05,0.01,0.0001,0.1154989774339758,0.0021149785283643254,0.138598772920771
0.046595256686646824,1.0,7.94e-05,0.01,6.666666666666667e-05,0.1154989774339758,0.0021149785283643254,0.09239918194718066
0.046595256686646824,1.0,0.0001,0.01,0.0,0.1154989774339758,0.0021149785283643254,0.0
0.046595256686646824,1.0,0.000126,0.01,0.0,0.1154989774339758,0.0021149785283643254,0.0
0.046595256686646824,1.0,0.000158,0.01,0.0,0.1154989774339758,0.0021149785283643254,0.0
0.046595256686646824,1.0,0.0002,0.01,0.0,0.1154989774339758,0.0021149785283643254,0.0
0.046595256686646824,1.0,0.000251,0.01,0.0,0.1154989774339758,0.0021149785283643254,0.0
0.046595256686646824,1.0,0.000316,0.01,0.0,0.1154989774339758,0.0021149785283643254,0.0
0.046595256686646824,1.0,0.000398,0.01,0.0,0.1154989774339758,0.0021149785283643254,0.0
0.046595256686646824,1.0,0.000501,0.01,0.0,0.1154989774339758,0.0021149785283643254,0.0
0.046595256686646824,1.0,0.000631,0.01,0.0,0.1154989774339758,0.0021149785283643254,0.0
0.046595256686646824,1.0,0.000794,0.01,0.0,0.1154989774339758,0.0021149785283643254,0.0
0.046595256686646824,1.0,0.001,0.01,0.0,0.1154989774339758,0.0021149785283643254,0.0
0.046595256686646824,1.0,0.00126,0.01,0.0,0.1154989774339758,0.0021149785283643254,0.0
0.046595256686646824,1.0,0.00158,0.01,0.0,0.1154989774339758,0.0021149785283643254,0.0
0.046595256686646824,1.0,0.002,0.01,0.0,0.1154989774339758,0.0021149785283643254,0.0
0.046595256686646824,1.0,0.00251,0.01,0.0,0.1154989774339758,0.0021149785283643254,0.0
0.046595256686646824,1.0,0.00316,0.01,0.0,0.1154989774339758,0.0021149785283643254,0.0
0.046595256686646824,1.0,0.00398,0.01,0.0,0.1154989774339758,0.0021149785283643254,0.0
0.046595256686646824,1.0,0.00501,0.01,0.0,0.1154989774339758,0.0021149785283643254,0.0
0.046595256686646824,1.0,0.00631,0.01,0.0,0.1154989774339758,0.0021149785283643254,0.0
0.04880251583654431,1.0,1e-06,0.01,0.0,0.1266747540257827,0.002319625600179138,0.0
0.04880251583654431,1.0,1.26e-06,0.01,0.0,0.1266747540257827,0.002319625600179138,0.0
0.04880251583654431,1.0,1.58e-06,0.01,0.0,0.1266747540257827,0.002319625600179138,0.0
0.04880251583654431,1.0,2e-06,0.01,0.0,0.1266747540257827,0.002319625600179138,0.0
0.04880251583654431,1.0,2.51e-06,0.01,0.0,0.1266747540257827,0.002319625600179138,0.0
0.04880251583654431,1.0,3.16e-06,0.01,0.0,0.1266747540257827,0.002319625600179138,0.0
0.04880251583654431,1.0,3.98e-06,0.01,0.0,0.1266747540257827,0.002319625600179138,0.0
0.04880251583654431,1.0,5.01e-06,0.01,6.666666666666667e-05,0.1266747540257827,0.002319625600179138,0.10133980322062619
0.04880251583654431,1.0,7.94e-06,0.01,3.3333333333333335e-05,0.1266747540257827,0.002319625600179138,0.050669901610313095
0.04880251583654431,1.0,1e-05,0.01,3.3333333333333335e-05,0.1266747540257827,0.002319625600179138,0.050669901610313095
0.04880251583654431,1.0,1.26e-05,0.01,6.666666666666667e-05,0.1266747540257827,0.002319625600179138,0.10133980322062619
0.04880251583654431,1.0,1.58e-05,0.01,3.3333333333333335e-05,0.1266747540257827,0.002319625600179138,0.050669901610313095
0.04880251583654431,1.0,2e-05,0.01,0.00016666666666666666,0.1266747540257827,0.002319625600179138,0.2533495080515655
0.04880251583654431,1.0,2.51e-05,0.01,0.00016666666666666666,0.1266747540257827,0.002319625600179138,0.2533495080515655
0.04880251583654431,1.0,3.16e-05,0.01,0.0002,0.1266747540257827,0.002319625600179138,0.30401940966187857
0.04880251583654431,1.0,3.98e-05,0.01,0.0003333333333333333,0.1266747540257827,0.002319625600179138,0.506699016103131
0.04880251583654431,1.0,6.31e-05,0.01,0.0001,0.1266747540257827,0.002319625600179138,0.15200970483093929
0.04880251583654431,1.0,7.94e-05,0.01,6.666666666666667e-05,0.1266747540257827,0.002319625600179138,0.10133980322062619
0.04880251583654431,1.0,0.0001,0.01,0.0,0.1266747540257827,0.002319625600179138,0.0
0.04880251583654431,1.0,0.000126,0.01,0.0,0.1266747540257827,0.002319625600179138,0.0
0.04880251583654431,1.0,0.000158,0.01,0.0,0.1266747540257827,0.002319625600179138,0.0
0.04880251583654431,1.0,0.0002,0.01,0.0,0.1266747540257827,0.002319625600179138,0.0
0.04880251583654431,1.0,0.000251,0.01,0.0,0.1266747540257827,0.002319625600179138,0.0
0.04880251583654431,1.0,0.000316,0.01,0.0,0.1266747540257827,0.002319625600179138,0.0
0.04880251583654431,1.0,0.000398,0.01,0.0,0.1266747540257827,0.002319625600179138,0.0
0.04880251583654431,1.0,0.000501,0.01,0.0,0.1266747540257827,0.002319625600179138,0.0
0.04880251583654431,1.0,0.000631,0.01,0.0,0.1266747540257827,0.002319625600179138,0.0
0.04880251583654431,1.0,0.000794,0.01,0.0,0.1266747540257827,0.002319625600179138,0.0
0.04880251583654431,1.0,0.001,0.01,0.0,0.1266747540257827,0.002319625600179138,0.0
0.04880251583654431,1.0,0.00126,0.01,0.0,0.1266747540257827,0.002319625600179138,0.0
0.04880251583654431,1.0,0.00158,0.01,0.0,0.1266747540257827,0.002319625600179138,0.0
0.04880251583654431,1.0,0.002,0.01,0.0,0.1266747540257827,0.002319625600179138,0.0
0.04880251583654431,1.0,0.00251,0.01,0.0,0.1266747540257827,0.002319625600179138,0.0
0.04880251583654431,1.0,0.00316,0.01,0.0,0.1266747540257827,0.002319625600179138,0.0
0.04880251583654431,1.0,0.00398,0.01,0.0,0.1266747540257827,0.002319625600179138,0.0
0.04880251583654431,1.0,0.00501,0.01,0.0,0.1266747540257827,0.002319625600179138,0.0
0.04880251583654431,1.0,0.00631,0.01,0.0,0.1266747540257827,0.002319625600179138,0.0
0.051114334834401684,1.0,1e-06,0.01,0.0,0.13892915112390816,0.0025440240088611637,0.0
0.051114334834401684,1.0,1.26e-06,0.01,0.0,0.13892915112390816,0.0025440240088611637,0.0
0.051114334834401684,1.0,1.58e-06,0.01,0.0,0.13892915112390816,0.0025440240088611637,0.0
0.051114334834401684,1.0,2e-06,0.01,0.0,0.13892915112390816,0.0025440240088611637,0.0
0.051114334834401684,1.0,2.51e-06,0.01,0.0,0.13892915112390816,0.0025440240088611637,0.0
0.051114334834401684,1.0,3.16e-06,0.01,0.0,0.13892915112390816,0.0025440240088611637,0.0
0.051114334834401684,1.0,3.98e-06,0.01,0.0,0.13892915112390816,0.0025440240088611637,0.0
0.051114334834401684,1.0,5.01e-06,0.01,6.666666666666667e-05,0.13892915112390816,0.0025440240088611637,0.11114332089912654
0.051114334834401684,1.0,7.94e-06,0.01,3.3333333333333335e-05,0.13892915112390816,0.0025440240088611637,0.05557166044956327
0.051114334834401684,1.0,1e-05,0.01,3.3333333333333335e-05,0.13892915112390816,0.0025440240088611637,0.05557166044956327
0.051114334834401684,1.0,1.26e-05,0.01,6.666666666666667e-05,0.13892915112390816,0.0025440240088611637,0.11114332089912654
0.051114334834401684,1.0,1.58e-05,0.01,3.3333333333333335e-05,0.13892915112390816,0.0025440240088611637,0.05557166044956327
0.051114334834401684,1.0,2e-05,0.01,0.00016666666666666666,0.13892915112390816,0.0025440240088611637,0.2778583022478163
0.051114334834401684,1.0,2.51e-05,0.01,0.00016666666666666666,0.13892915112390816,0.0025440240088611637,0.2778583022478163
0.051114334834401684,1.0,3.16e-05,0.01,0.0002,0.13892915112390816,0.0025440240088611637,0.3334299626973796
0.051114334834401684,1.0,3.98e-05,0.01,0.0003333333333333333,0.13892915112390816,0.0025440240088611637,0.5557166044956326
0.051114334834401684,1.0,6.31e-05,0.01,0.0001,0.13892915112390816,0.0025440240088611637,0.1667149813486898
0.051114334834401684,1.0,7.94e-05,0.01,6.666666666666667e-05,0.13892915112390816,0.0025440240088611637,0.11114332089912654
0.051114334834401684,1.0,0.0001,0.01,0.0,0.13892915112390816,0.0025440240088611637,0.0
0.051114334834401684,1.0,0.000126,0.01,0.0,0.13892915112390816,0.0025440240088611637,0.0
0.051114334834401684,1.0,0.000158,0.01,0.0,0.13892915112390816,0.0025440240088611637,0.0
0.051114334834401684,1.0,0.0002,0.01,0.0,0.13892915112390816,0.0025440240088611637,0.0
0.051114334834401684,1.0,0.000251,0.01,0.0,0.13892915112390816,0.0025440240088611637,0.0
0.051114334834401684,1.0,0.000316,0.01,0.0,0.13892915112390816,0.0025440240088611637,0.0
0.051114334834401684,1.0,0.000398,0.01,0.0,0.13892915112390816,0.0025440240088611637,0.0
0.051114334834401684,1.0,0.000501,0.01,0.0,0.13892915112390816,0.0025440240088611637,0.0
0.051114334834401684,1.0,0.000631,0.01,0.0,0.13892915112390816,0.0025440240088611637,0.0
0.051114334834401684,1.0,0.000794,0.01,0.0,0.13892915112390816,0.0025440240088611637,0.0
0.051114334834401684,1.0,0.001,0.01,0.0,0.13892915112390816,0.0025440240088611637,0.0
0.051114334834401684,1.0,0.00126,0.01,0.0,0.13892915112390816,0.0025440240088611637,0.0
0.051114334834401684,1.0,0.00158,0.01,0.0,0.13892915112390816,0.0025440240088611637,0.0
0.051114334834401684,1.0,0.002,0.01,0.0,0.13892915112390816,0.0025440240088611637,0.0
0.051114334834401684,1.0,0.00251,0.01,0.0,0.13892915112390816,0.0025440240088611637,0.0
0.051114334834401684,1.0,0.00316,0.01,0.0,0.13892915112390816,0.0025440240088611637,0.0
0.051114334834401684,1.0,0.00398,0.01,0.0,0.13892915112390816,0.0025440240088611637,0.0
0.051114334834401684,1.0,0.00501,0.01,0.0,0.13892915112390816,0.0025440240088611637,0.0
0.051114334834401684,1.0,0.00631,0.01,0.0,0.13892915112390816,0.0025440240088611637,0.0
0.053535666774107246,1.0,1e-06,0.01,0.0,0.15236571186439796,0.0027900698015820903,0.0
0.053535666774107246,1.0,1.26e-06,0.01,0.0,0.15236571186439796,0.0027900698015820903,0.0
0.053535666774107246,1.0,1.58e-06,0.01,0.0,0.15236571186439796,0.0027900698015820903,0.0
0.053535666774107246,1.0,2e-06,0.01,0.0,0.15236571186439796,0.0027900698015820903,0.0
0.053535666774107246,1.0,2.51e-06,0.01,0.0,0.15236571186439796,0.0027900698015820903,0.0
0.053535666774107246,1.0,3.16e-06,0.01,0.0,0.15236571186439796,0.0027900698015820903,0.0
0.053535666774107246,1.0,3.98e-06,0.01,0.0,0.15236571186439796,0.0027900698015820903,0.0
0.053535666774107246,1.0,5.01e-06,0.01,6.666666666666667e-05,0.15236571186439796,0.0027900698015820903,0.12189256949151837
0.053535666774107246,1.0,7.94e-06,0.01,3.3333333333333335e-05,0.15236571186439796,0.0027900698015820903,0.06094628474575919
0.053535666774107246,1.0,1e-05,0.01,3.3333333333333335e-05,0.15236571186439796,0.0027900698015820903,0.06094628474575919
0.053535666774107246,1.0,1.26e-05,0.01,6.666666666666667e-05,0.15236571186439796,0.0027900698015820903,0.12189256949151837
0.053535666774107246,1.0,1.58e-05,0.01,3.3333333333333335e-05,0.15236571186439796,0.0027900698015820903,0.06094628474575919
0.053535666774107246,1.0,2e-05,0.01,0.00016666666666666666,0.15236571186439796,0.0027900698015820903,0.3047314237287959
0.053535666774107246,1.0,2.51e-05,0.01,0.00016666666666666666,0.15236571186439796,0.0027900698015820903,0.3047314237287959
0.053535666774107246,1.0,3.16e-05,0.01,0.0002,0.15236571186439796,0.0027900698015820903,0.36567770847455516
0.053535666774107246,1.0,3.98e-05,0.01,0.0003333333333333333,0.15236571186439796,0.0027900698015820903,0.6094628474575918
0.053535666774107246,1.0,6.31e-05,0.01,0.0001,0.15236571186439796,0.0027900698015820903,0.18283885423727758
0.053535666774107246,1.0,7.94e-05,0.01,6.666666666666667e-05,0.15236571186439796,0.0027900698015820903,0.12189256949151837
0.053535666774107246,1.0,0.0001,0.01,0.0,0.15236571186439796,0.0027900698015820903,0.0
0.053535666774107246,1.0,0.000126,0.01,0.0,0.15236571186439796,0.0027900698015820903,0.0
0.053535666774107246,1.0,0.000158,0.01,0.0,0.15236571186439796,0.0027900698015820903,0.0
0.053535666774107246,1.0,0.0002,0.01,0.0,0.15236571186439796,0.0027900698015820903,0.0
0.053535666774107246,1.0,0.000251,0.01,0.0,0.15236571186439796,0.0027900698015820903,0.0
0.053535666774107246,1.0,0.000316,0.01,0.0,0.15236571186439796,0.0027900698015820903,0.0
0.053535666774107246,1.0,0.000398,0.01,0.0,0.15236571186439796,0.0027900698015820903,0.0
0.053535666774107246,1.0,0.000501,0.01,0.0,0.15236571186439796,0.0027900698015820903,0.0
0.053535666774107246,1.0,0.000631,0.01,0.0,0.15236571186439796,0.0027900698015820903,0.0
0.053535666774107246,1.0,0.000794,0.01,0.0,0.15236571186439796,0.0027900698015820903,0.0
0.053535666774107246,1.0,0.001,0.01,0.0,0.15236571186439796,0.0027900698015820903,0.0
0.053535666774107246,1.0,0.00126,0.01,0.0,0.15236571186439796,0.0027900698015820903,0.0
0.053535666774107246,1.0,0.00158,0.01,0.0,0.15236571186439796,0.0027900698015820903,0.0
0.053535666774107246,1.0,0.002,0.01,0.0,0.15236571186439796,0.0027900698015820903,0.0
0.053535666774107246,1.0,0.00251,0.01,0.0,0.15236571186439796,0.0027900698015820903,0.0
0.053535666774107246,1.0,0.00316,0.01,0.0,0.15236571186439796,0.0027900698015820903,0.0
0.053535666774107246,1.0,0.00398,0.01,0.0,0.15236571186439796,0.0027900698015820903,0.0
0.053535666774107246,1.0,0.00501,0.01,0.0,0.15236571186439796,0.0027900698015820903,0.0
0.053535666774107246,1.0,0.00631,0.01,0.0,0.15236571186439796,0.0027900698015820903,0.0
0.05607169938205458,1.0,1e-06,0.01,0.0,0.16709780581167183,0.003059838963773518,0.0
0.05607169938205458,1.0,1.26e-06,0.01,0.0,0.16709780581167183,0.003059838963773518,0.0
0.05607169938205458,1.0,1.58e-06,0.01,0.0,0.16709780581167183,0.003059838963773518,0.0
0.05607169938205458,1.0,2e-06,0.01,0.0,0.16709780581167183,0.003059838963773518,0.0
0.05607169938205458,1.0,2.51e-06,0.01,0.0,0.16709780581167183,0.003059838963773518,0.0
0.05607169938205458,1.0,3.16e-06,0.01,0.0,0.16709780581167183,0.003059838963773518,0.0
0.05607169938205458,1.0,3.98e-06,0.01,0.0,0.16709780581167183,0.003059838963773518,0.0
0.05607169938205458,1.0,5.01e-06,0.01,6.666666666666667e-05,0.16709780581167183,0.003059838963773518,0.1336782446493375
0.05607169938205458,1.0,7.94e-06,0.01,3.3333333333333335e-05,0.16709780581167183,0.003059838963773518,0.06683912232466875
0.05607169938205458,1.0,1e-05,0.01,3.3333333333333335e-05,0.16709780581167183,0.003059838963773518,0.06683912232466875
0.05607169938205458,1.0,1.26e-05,0.01,6.666666666666667e-05,0.16709780581167183,0.003059838963773518,0.1336782446493375
0.05607169938205458,1.0,1.58e-05,0.01,3.3333333333333335e-05,0.16709780581167183,0.003059838963773518,0.06683912232466875
0.05607169938205458,1.0,2e-05,0.01,0.00016666666666666666,0.16709780581167183,0.003059838963773518,0.3341956116233437
0.05607169938205458,1.0,2.51e-05,0.01,0.00016666666666666666,0.16709780581167183,0.003059838963773518,0.3341956116233437
0.05607169938205458,1.0,3.16e-05,0.01,0.0002,0.16709780581167183,0.003059838963773518,0.4010347339480125
0.05607169938205458,1.0,3.98e-05,0.01,0.0003333333333333333,0.16709780581167183,0.003059838963773518,0.6683912232466874
0.05607169938205458,1.0,6.31e-05,0.01,0.0001,0.16709780581167183,0.003059838963773518,0.20051736697400624
0.05607169938205458,1.0,7.94e-05,0.01,6.666666666666667e-05,0.16709780581167183,0.003059838963773518,0.1336782446493375
0.05607169938205458,1.0,0.0001,0.01,0.0,0.16709780581167183,0.003059838963773518,0.0
0.05607169938205458,1.0,0.000126,0.01,0.0,0.16709780581167183,0.003059838963773518,0.0
0.05607169938205458,1.0,0.000158,0.01,0.0,0.16709780581167183,0.003059838963773518,0.0
0.05607169938205458,1.0,0.0002,0.01,0.0,0.16709780581167183,0.003059838963773518,0.0
0.05607169938205458,1.0,0.000251,0.01,0.0,0.16709780581167183,0.003059838963773518,0.0
0.05607169938205458,1.0,0.000316,0.01,0.0,0.16709780581167183,0.003059838963773518,0.0
0.05607169938205458,1.0,0.000398,0.01,0.0,0.16709780581167183,0.003059838963773518,0.0
0.05607169938205458,1.0,0.000501,0.01,0.0,0.16709780581167183,0.003059838963773518,0.0
0.05607169938205458,1.0,0.000631,0.01,0.0,0.16709780581167183,0.003059838963773518,0.0
0.05607169938205458,1.0,0.000794,0.01,0.0,0.16709780581167183,0.003059838963773518,0.0
0.05607169938205458,1.0,0.001,0.01,0.0,0.16709780581167183,0.003059838963773518,0.0
0.05607169938205458,1.0,0.00126,0.01,0.0,0.16709780581167183,0.003059838963773518,0.0
0.05607169938205458,1.0,0.00158,0.01,0.0,0.16709780581167183,0.003059838963773518,0.0
0.05607169938205458,1.0,0.002,0.01,0.0,0.16709780581167183,0.003059838963773518,0.0
0.05607169938205458,1.0,0.00251,0.01,0.0,0.16709780581167183,0.003059838963773518,0.0
0.05607169938205458,1.0,0.00316,0.01,0.0,0.16709780581167183,0.003059838963773518,0.0
0.05607169938205458,1.0,0.00398,0.01,0.0,0.16709780581167183,0.003059838963773518,0.0
0.05607169938205458,1.0,0.00501,0.01,0.0,0.16709780581167183,0.003059838963773518,0.0
0.05607169938205458,1.0,0.00631,0.01,0.0,0.16709780581167183,0.003059838963773518,0.0
0.05872786613189483,1.0,1e-06,0.01,0.0,0.1832495385321301,0.0033556040749337136,0.0
0.05872786613189483,1.0,1.26e-06,0.01,0.0,0.1832495385321301,0.0033556040749337136,0.0
0.05872786613189483,1.0,1.58e-06,0.01,0.0,0.1832495385321301,0.0033556040749337136,0.0
0.05872786613189483,1.0,2e-06,0.01,0.0,0.1832495385321301,0.0033556040749337136,0.0
0.05872786613189483,1.0,2.51e-06,0.01,0.0,0.1832495385321301,0.0033556040749337136,0.0
0.05872786613189483,1.0,3.16e-06,0.01,0.0,0.1832495385321301,0.0033556040749337136,0.0
0.05872786613189483,1.0,3.98e-06,0.01,0.0,0.1832495385321301,0.0033556040749337136,0.0
0.05872786613189483,1.0,5.01e-06,0.01,6.666666666666667e-05,0.1832495385321301,0.0033556040749337136,0.1465996308257041
0.05872786613189483,1.0,7.94e-06,0.01,3.3333333333333335e-05,0.1832495385321301,0.0033556040749337136,0.07329981541285205
0.05872786613189483,1.0,1e-05,0.01,3.3333333333333335e-05,0.1832495385321301,0.0033556040749337136,0.07329981541285205
0.05872786613189483,1.0,1.26e-05,0.01,6.666666666666667e-05,0.1832495385321301,0.0033556040749337136,0.1465996308257041
0.05872786613189483,1.0,1.58e-05,0.01,3.3333333333333335e-05,0.1832495385321301,0.0033556040749337136,0.07329981541285205
0.05872786613189483,1.0,2e-05,0.01,0.00016666666666666666,0.1832495385321301,0.0033556040749337136,0.3664990770642602
0.05872786613189483,1.0,2.51e-05,0.01,0.00016666666666666666,0.1832495385321301,0.0033556040749337136,0.3664990770642602
0.05872786613189483,1.0,3.16e-05,0.01,0.0002,0.1832495385321301,0.0033556040749337136,0.4397988924771123
0.05872786613189483,1.0,3.98e-05,0.01,0.0003333333333333333,0.1832495385321301,0.0033556040749337136,0.7329981541285204
0.05872786613189483,1.0,6.31e-05,0.01,0.0001,0.1832495385321301,0.0033556040749337136,0.21989944623855615
0.05872786613189483,1.0,7.94e-05,0.01,6.666666666666667e-05,0.1832495385321301,0.0033556040749337136,0.1465996308257041
0.05872786613189483,1.0,0.0001,0.01,0.0,0.1832495385321301,0.0033556040749337136,0.0
0.05872786613189483,1.0,0.000126,0.01,0.0,0.1832495385321301,0.0033556040749337136,0.0
0.05872786613189483,1.0,0.000158,0.01,0.0,0.1832495385321301,0.0033556040749337136,0.0
0.05872786613189483,1.0,0.0002,0.01,0.0,0.1832495385321301,0.0033556040749337136,0.0
0.05872786613189483,1.0,0.000251,0.01,0.0,0.1832495385321301,0.0033556040749337136,0.0
0.05872786613189483,1.0,0.000316,0.01,0.0,0.1832495385321301,0.0033556040749337136,0.0
0.05872786613189483,1.0,0.000398,0.01,0.0,0.1832495385321301,0.0033556040749337136,0.0
0.05872786613189483,1.0,0.000501,0.01,0.0,0.1832495385321301,0.0033556040749337136,0.0
0.05872786613189483,1.0,0.000631,0.01,0.0,0.1832495385321301,0.0033556040749337136,0.0
0.05872786613189483,1.0,0.000794,0.01,0.0,0.1832495385321301,0.0033556040749337136,0.0
0.05872786613189483,1.0,0.001,0.01,0.0,0.1832495385321301,0.0033556040749337136,0.0
0.05872786613189483,1.0,0.00126,0.01,0.0,0.1832495385321301,0.0033556040749337136,0.0
0.05872786613189483,1.0,0.00158,0.01,0.0,0.1832495385321301,0.0033556040749337136,0.0
0.05872786613189483,1.0,0.002,0.01,0.0,0.1832495385321301,0.0033556040749337136,0.0
0.05872786613189483,1.0,0.00251,0.01,0.0,0.1832495385321301,0.0033556040749337136,0.0
0.05872786613189483,1.0,0.00316,0.01,0.0,0.1832495385321301,0.0033556040749337136,0.0
0.05872786613189483,1.0,0.00398,0.01,0.0,0.1832495385321301,0.0033556040749337136,0.0
0.05872786613189483,1.0,0.00501,0.01,0.0,0.1832495385321301,0.0033556040749337136,0.0
0.05872786613189483,1.0,0.00631,0.01,0.0,0.1832495385321301,0.0033556040749337136,0.0
0.061509857885805014,1.0,1e-06,0.01,0.0,0.20095674068498576,0.0036798524205271152,0.0
0.061509857885805014,1.0,1.26e-06,0.01,0.0,0.20095674068498576,0.0036798524205271152,0.0
0.061509857885805014,1.0,1.58e-06,0.01,0.0,0.20095674068498576,0.0036798524205271152,0.0
0.061509857885805014,1.0,2e-06,0.01,0.0,0.20095674068498576,0.0036798524205271152,0.0
0.061509857885805014,1.0,2.51e-06,0.01,0.0,0.20095674068498576,0.0036798524205271152,0.0
0.061509857885805014,1.0,3.16e-06,0.01,0.0,0.20095674068498576,0.0036798524205271152,0.0
0.061509857885805014,1.0,3.98e-06,0.01,0.0,0.20095674068498576,0.0036798524205271152,0.0
0.061509857885805014,1.0,5.01e-06,0.01,6.666666666666667e-05,0.20095674068498576,0.0036798524205271152,0.16076539254798863
0.061509857885805014,1.0,7.94e-06,0.01,3.3333333333333335e-05,0.20095674068498576,0.0036798524205271152,0.08038269627399432
0.061509857885805014,1.0,1e-05,0.01,3.3333333333333335e-05,0.20095674068498576,0.0036798524205271152,0.08038269627399432
0.061509857885805014,1.0,1.26e-05,0.01,6.666666666666667e-05,0.20095674068498576,0.0036798524205271152,0.16076539254798863
0.061509857885805014,1.0,1.58e-05,0.01,3.3333333333333335e-05,0.20095674068498576,0.0036798524205271152,0.08038269627399432
0.061509857885805014,1.0,2e-05,0.01,0.00016666666666666666,0.20095674068498576,0.0036798524205271152,0.4019134813699715
0.061509857885805014,1.0,2.51e-05,0.01,0.00016666666666666666,0.20095674068498576,0.0036798524205271152,0.4019134813699715
0.061509857885805014,1.0,3.16e-05,0.01,0.0002,0.20095674068498576,0.0036798524205271152,0.4822961776439659
0.061509857885805014,1.0,3.98e-05,0.01,0.0003333333333333333,0.20095674068498576,0.0036798524205271152,0.803826962739943
0.061509857885805014,1.0,6.31e-05,0.01,0.0001,0.20095674068498576,0.0036798524205271152,0.24114808882198294
0.061509857885805014,1.0,7.94e-05,0.01,6.666666666666667e-05,0.20095674068498576,0.0036798524205271152,0.16076539254798863
0.061509857885805014,1.0,0.0001,0.01,0.0,0.20095674068498576,0.0036798524205271152,0.0
0.061509857885805014,1.0,0.000126,0.01,0.0,0.20095674068498576,0.0036798524205271152,0.0
0.061509857885805014,1.0,0.000158,0.01,0.0,0.20095674068498576,0.0036798524205271152,0.0
0.061509857885805014,1.0,0.0002,0.01,0.0,0.20095674068498576,0.0036798524205271152,0.0
0.061509857885805014,1.0,0.000251,0.01,0.0,0.20095674068498576,0.0036798524205271152,0.0
0.061509857885805014,1.0,0.000316,0.01,0.0,0.20095674068498576,0.0036798524205271152,0.0
0.061509857885805014,1.0,0.000398,0.01,0.0,0.20095674068498576,0.0036798524205271152,0.0
0.061509857885805014,1.0,0.000501,0.01,0.0,0.20095674068498576,0.0036798524205271152,0.0
0.061509857885805014,1.0,0.000631,0.01,0.0,0.20095674068498576,0.0036798524205271152,0.0
0.061509857885805014,1.0,0.000794,0.01,0.0,0.20095674068498576,0.0036798524205271152,0.0
0.061509857885805014,1.0,0.001,0.01,0.0,0.20095674068498576,0.0036798524205271152,0.0
0.061509857885805014,1.0,0.00126,0.01,0.0,0.20095674068498576,0.0036798524205271152,0.0
0.061509857885805014,1.0,0.00158,0.01,0.0,0.20095674068498576,0.0036798524205271152,0.0
0.061509857885805014,1.0,0.002,0.01,0.0,0.20095674068498576,0.0036798524205271152,0.0
0.061509857885805014,1.0,0.00251,0.01,0.0,0.20095674068498576,0.0036798524205271152,0.0
0.061509857885805014,1.0,0.00316,0.01,0.0,0.20095674068498576,0.0036798524205271152,0.0
0.061509857885805014,1.0,0.00398,0.01,0.0,0.20095674068498576,0.0036798524205271152,0.0
0.061509857885805014,1.0,0.00501,0.01,0.0,0.20095674068498576,0.0036798524205271152,0.0
0.061509857885805014,1.0,0.00631,0.01,0.0,0.20095674068498576,0.0036798524205271152,0.0
0.06442363508721373,1.0,1e-06,0.01,0.0,0.22036804261709372,0.004035305669604353,0.0
0.06442363508721373,1.0,1.26e-06,0.01,0.0,0.22036804261709372,0.004035305669604353,0.0
0.06442363508721373,1.0,1.58e-06,0.01,0.0,0.22036804261709372,0.004035305669604353,0.0
0.06442363508721373,1.0,2e-06,0.01,0.0,0.22036804261709372,0.004035305669604353,0.0
0.06442363508721373,1.0,2.51e-06,0.01,0.0,0.22036804261709372,0.004035305669604353,0.0
0.06442363508721373,1.0,3.16e-06,0.01,0.0,0.22036804261709372,0.004035305669604353,0.0
0.06442363508721373,1.0,3.98e-06,0.01,0.0,0.22036804261709372,0.004035305669604353,0.0
0.06442363508721373,1.0,5.01e-06,0.01,6.666666666666667e-05,0.22036804261709372,0.004035305669604353,0.176294434093675
0.06442363508721373,1.0,7.94e-06,0.01,3.3333333333333335e-05,0.22036804261709372,0.004035305669604353,0.0881472170468375
0.06442363508721373,1.0,1e-05,0.01,3.3333333333333335e-05,0.22036804261709372,0.004035305669604353,0.0881472170468375
0.06442363508721373,1.0,1.26e-05,0.01,6.666666666666667e-05,0.22036804261709372,0.004035305669604353,0.176294434093675
0.06442363508721373,1.0,1.58e-05,0.01,3.3333333333333335e-05,0.22036804261709372,0.004035305669604353,0.0881472170468375
0.06442363508721373,1.0,2e-05,0.01,0.00016666666666666666,0.22036804261709372,0.004035305669604353,0.44073608523418745
0.06442363508721373,1.0,2.51e-05,0.01,0.00016666666666666666,0.22036804261709372,0.004035305669604353,0.44073608523418745
0.06442363508721373,1.0,3.16e-05,0.01,0.0002,0.22036804261709372,0.004035305669604353,0.528883302281025
0.06442363508721373,1.0,3.98e-05,0.01,0.0003333333333333333,0.22036804261709372,0.004035305669604353,0.8814721704683749
0.06442363508721373,1.0,6.31e-05,0.01,0.0001,0.22036804261709372,0.004035305669604353,0.2644416511405125
0.06442363508721373,1.0,7.94e-05,0.01,6.666666666666667e-05,0.22036804261709372,0.004035305669604353,0.176294434093675
0.06442363508721373,1.0,0.0001,0.01,0.0,0.22036804261709372,0.004035305669604353,0.0
0.06442363508721373,1.0,0.000126,0.01,0.0,0.22036804261709372,0.004035305669604353,0.0
0.06442363508721373,1.0,0.000158,0.01,0.0,0.22036804261709372,0.004035305669604353,0.0
0.06442363508721373,1.0,0.0002,0.01,0.0,0.22036804261709372,0.004035305669604353,0.0
0.06442363508721373,1.0,0.000251,0.01,0.0,0.22036804261709372,0.004035305669604353,0.0
0.06442363508721373,1.0,0.000316,0.01,0.0,0.22036804261709372,0.004035305669604353,0.0
0.06442363508721373,1.0,0.000398,0.01,0.0,0.22036804261709372,0.004035305669604353,0.0
0.06442363508721373,1.0,0.000501,0.01,0.0,0.22036804261709372,0.004035305669604353,0.0
0.06442363508721373,1.0,0.000631,0.01,0.0,0.22036804261709372,0.004035305669604353,0.0
0.06442363508721373,1.0,0.000794,0.01,0.0,0.22036804261709372,0.004035305669604353,0.0
0.06442363508721373,1.0,0.001,0.01,0.0,0.22036804261709372,0.004035305669604353,0.0
0.06442363508721373,1.0,0.00126,0.01,0.0,0.22036804261709372,0.004035305669604353,0.0
0.06442363508721373,1.0,0.00158,0.01,0.0,0.22036804261709372,0.004035305669604353,0.0
0.06442363508721373,1.0,0.002,0.01,0.0,0.22036804261709372,0.004035305669604353,0.0
0.06442363508721373,1.0,0.00251,0.01,0.0,0.22036804261709372,0.004035305669604353,0.0
0.06442363508721373,1.0,0.00316,0.01,0.0,0.22036804261709372,0.004035305669604353,0.0
0.06442363508721373,1.0,0.00398,0.01,0.0,0.22036804261709372,0.004035305669604353,0.0
0.06442363508721373,1.0,0.00501,0.01,0.0,0.22036804261709372,0.004035305669604353,0.0
0.06442363508721373,1.0,0.00631,0.01,0.0,0.22036804261709372,0.004035305669604353,0.0
0.06747544053110693,1.0,1e-06,0.01,0.0,0.24164604069210235,0.004424941232230404,0.0
0.06747544053110693,1.0,1.26e-06,0.01,0.0,0.24164604069210235,0.004424941232230404,0.0
0.06747544053110693,1.0,1.58e-06,0.01,0.0,0.24164604069210235,0.004424941232230404,0.0
0.06747544053110693,1.0,2e-06,0.01,0.0,0.24164604069210235,0.004424941232230404,0.0
0.06747544053110693,1.0,2.51e-06,0.01,0.0,0.24164604069210235,0.004424941232230404,0.0
0.06747544053110693,1.0,3.16e-06,0.01,0.0,0.24164604069210235,0.004424941232230404,0.0
0.06747544053110693,1.0,3.98e-06,0.01,0.0,0.24164604069210235,0.004424941232230404,0.0
0.06747544053110693,1.0,5.01e-06,0.01,6.666666666666667e-05,0.24164604069210235,0.004424941232230404,0.19331683255368193
0.06747544053110693,1.0,7.94e-06,0.01,3.3333333333333335e-05,0.24164604069210235,0.004424941232230404,0.09665841627684096
0.06747544053110693,1.0,1e-05,0.01,3.3333333333333335e-05,0.24164604069210235,0.004424941232230404,0.09665841627684096
0.06747544053110693,1.0,1.26e-05,0.01,6.666666666666667e-05,0.24164604069210235,0.004424941232230404,0.19331683255368193
0.06747544053110693,1.0,1.58e-05,0.01,3.3333333333333335e-05,0.24164604069210235,0.004424941232230404,0.09665841627684096
0.06747544053110693,1.0,2e-05,0.01,0.00016666666666666666,0.24164604069210235,0.004424941232230404,0.4832920813842047
0.06747544053110693,1.0,2.51e-05,0.01,0.00016666666666666666,0.24164604069210235,0.004424941232230404,0.4832920813842047
0.06747544053110693,1.0,3.16e-05,0.01,0.0002,0.24164604069210235,0.004424941232230404,0.5799504976610458
0.06747544053110693,1.0,3.98e-05,0.01,0.0003333333333333333,0.24164604069210235,0.004424941232230404,0.9665841627684094
0.06747544053110693,1.0,6.31e-05,0.01,0.0001,0.24164604069210235,0.004424941232230404,0.2899752488305229
0.06747544053110693,1.0,7.94e-05,0.01,6.666666666666667e-05,0.24164604069210235,0.004424941232230404,0.19331683255368193
0.06747544053110693,1.0,0.0001,0.01,0.0,0.24164604069210235,0.004424941232230404,0.0
0.06747544053110693,1.0,0.000126,0.01,0.0,0.24164604069210235,0.004424941232230404,0.0
0.06747544053110693,1.0,0.000158,0.01,0.0,0.24164604069210235,0.004424941232230404,0.0
0.06747544053110693,1.0,0.0002,0.01,0.0,0.24164604069210235,0.004424941232230404,0.0
0.06747544053110693,1.0,0.000251,0.01,0.0,0.24164604069210235,0.004424941232230404,0.0
0.06747544053110693,1.0,0.000316,0.01,0.0,0.24164604069210235,0.004424941232230404,0.0
0.06747544053110693,1.0,0.000398,0.01,0.0,0.24164604069210235,0.004424941232230404,0.0
0.06747544053110693,1.0,0.000501,0.01,0.0,0.24164604069210235,0.004424941232230404,0.0
0.06747544053110693,1.0,0.000631,0.01,0.0,0.24164604069210235,0.004424941232230404,0.0
0.06747544053110693,1.0,0.000794,0.01,0.0,0.24164604069210235,0.004424941232230404,0.0
0.06747544053110693,1.0,0.001,0.01,0.0,0.24164604069210235,0.004424941232230404,0.0
0.06747544053110693,1.0,0.00126,0.01,0.0,0.24164604069210235,0.004424941232230404,0.0
0.06747544053110693,1.0,0.00158,0.01,0.0,0.24164604069210235,0.004424941232230404,0.0
0.06747544053110693,1.0,0.002,0.01,0.0,0.24164604069210235,0.004424941232230404,0.0
0.06747544053110693,1.0,0.00251,0.01,0.0,0.24164604069210235,0.004424941232230404,0.0
0.06747544053110693,1.0,0.00316,0.01,0.0,0.24164604069210235,0.004424941232230404,0.0
0.06747544053110693,1.0,0.00398,0.01,0.0,0.24164604069210235,0.004424941232230404,0.0
0.06747544053110693,1.0,0.00501,0.01,0.0,0.24164604069210235,0.004424941232230404,0.0
0.06747544053110693,1.0,0.00631,0.01,0.0,0.24164604069210235,0.004424941232230404,0.0
0.07067181273927492,1.0,1e-06,0.01,0.0,0.26496856178722417,0.004852015414525255,0.0
0.07067181273927492,1.0,1.26e-06,0.01,0.0,0.26496856178722417,0.004852015414525255,0.0
0.07067181273927492,1.0,1.58e-06,0.01,0.0,0.26496856178722417,0.004852015414525255,0.0
0.07067181273927492,1.0,2e-06,0.01,0.0,0.26496856178722417,0.004852015414525255,0.0
0.07067181273927492,1.0,2.51e-06,0.01,0.0,0.26496856178722417,0.004852015414525255,0.0
0.07067181273927492,1.0,3.16e-06,0.01,0.0,0.26496856178722417,0.004852015414525255,0.0
0.07067181273927492,1.0,3.98e-06,0.01,0.0,0.26496856178722417,0.004852015414525255,0.0
0.07067181273927492,1.0,5.01e-06,0.01,6.666666666666667e-05,0.26496856178722417,0.004852015414525255,0.2119748494297794
0.07067181273927492,1.0,7.94e-06,0.01,3.3333333333333335e-05,0.26496856178722417,0.004852015414525255,0.1059874247148897
0.07067181273927492,1.0,1e-05,0.01,3.3333333333333335e-05,0.26496856178722417,0.004852015414525255,0.1059874247148897
0.07067181273927492,1.0,1.26e-05,0.01,6.666666666666667e-05,0.26496856178722417,0.004852015414525255,0.2119748494297794
0.07067181273927492,1.0,1.58e-05,0.01,3.3333333333333335e-05,0.26496856178722417,0.004852015414525255,0.1059874247148897
0.07067181273927492,1.0,2e-05,0.01,0.00016666666666666666,0.26496856178722417,0.004852015414525255,0.5299371235744483
0.07067181273927492,1.0,2.51e-05,0.01,0.00016666666666666666,0.26496856178722417,0.004852015414525255,0.5299371235744483
0.07067181273927492,1.0,3.16e-05,0.01,0.0002,0.26496856178722417,0.004852015414525255,0.6359245482893381
0.07067181273927492,1.0,3.98e-05,0.01,0.0003333333333333333,0.26496856178722417,0.004852015414525255,1.0598742471488967
0.07067181273927492,1.0,6.31e-05,0.01,0.0001,0.26496856178722417,0.004852015414525255,0.31796227414466904
0.07067181273927492,1.0,7.94e-05,0.01,6.666666666666667e-05,0.26496856178722417,0.004852015414525255,0.2119748494297794
0.07067181273927492,1.0,0.0001,0.01,0.0,0.26496856178722417,0.004852015414525255,0.0
0.07067181273927492,1.0,0.000126,0.01,0.0,0.26496856178722417,0.004852015414525255,0.0
0.07067181273927492,1.0,0.000158,0.01,0.0,0.26496856178722417,0.004852015414525255,0.0
0.07067181273927492,1.0,0.0002,0.01,0.0,0.26496856178722417,0.004852015414525255,0.0
0.07067181273927492,1.0,0.000251,0.01,0.0,0.26496856178722417,0.004852015414525255,0.0
0.07067181273927492,1.0,0.000316,0.01,0.0,0.26496856178722417,0.004852015414525255,0.0
0.07067181273927492,1.0,0.000398,0.01,0.0,0.26496856178722417,0.004852015414525255,0.0
0.07067181273927492,1.0,0.000501,0.01,0.0,0.26496856178722417,0.004852015414525255,0.0
0.07067181273927492,1.0,0.000631,0.01,0.0,0.26496856178722417,0.004852015414525255,0.0
0.07067181273927492,1.0,0.000794,0.01,0.0,0.26496856178722417,0.004852015414525255,0.0
0.07067181273927492,1.0,0.001,0.01,0.0,0.26496856178722417,0.004852015414525255,0.0
0.07067181273927492,1.0,0.00126,0.01,0.0,0.26496856178722417,0.004852015414525255,0.0
0.07067181273927492,1.0,0.00158,0.01,0.0,0.26496856178722417,0.004852015414525255,0.0
0.07067181273927492,1.0,0.002,0.01,0.0,0.26496856178722417,0.004852015414525255,0.0
0.07067181273927492,1.0,0.00251,0.01,0.0,0.26496856178722417,0.004852015414525255,0.0
0.07067181273927492,1.0,0.00316,0.01,0.0,0.26496856178722417,0.004852015414525255,0.0
0.07067181273927492,1.0,0.00398,0.01,0.0,0.26496856178722417,0.004852015414525255,0.0
0.07067181273927492,1.0,0.00501,0.01,0.0,0.26496856178722417,0.004852015414525255,0.0
0.07067181273927492,1.0,0.00631,0.01,0.0,0.26496856178722417,0.004852015414525255,0.0
0.07401959996915644,1.0,1e-06,0.01,0.0,0.29053003253760773,0.005320088491807503,0.0
0.07401959996915644,1.0,1.26e-06,0.01,0.0,0.29053003253760773,0.005320088491807503,0.0
0.07401959996915644,1.0,1.58e-06,0.01,0.0,0.29053003253760773,0.005320088491807503,0.0
0.07401959996915644,1.0,2e-06,0.01,0.0,0.29053003253760773,0.005320088491807503,0.0
0.07401959996915644,1.0,2.51e-06,0.01,0.0,0.29053003253760773,0.005320088491807503,0.0
0.07401959996915644,1.0,3.16e-06,0.01,0.0,0.29053003253760773,0.005320088491807503,0.0
0.07401959996915644,1.0,3.98e-06,0.01,0.0,0.29053003253760773,0.005320088491807503,0.0
0.07401959996915644,1.0,5.01e-06,0.01,6.666666666666667e-05,0.29053003253760773,0.005320088491807503,0.2324240260300862
0.07401959996915644,1.0,7.94e-06,0.01,3.3333333333333335e-05,0.29053003253760773,0.005320088491807503,0.1162120130150431
0.07401959996915644,1.0,1e-05,0.01,3.3333333333333335e-05,0.29053003253760773,0.005320088491807503,0.1162120130150431
0.07401959996915644,1.0,1.26e-05,0.01,6.666666666666667e-05,0.29053003253760773,0.005320088491807503,0.2324240260300862
0.07401959996915644,1.0,1.58e-05,0.01,3.3333333333333335e-05,0.29053003253760773,0.005320088491807503,0.1162120130150431
0.07401959996915644,1.0,2e-05,0.01,0.00016666666666666666,0.29053003253760773,0.005320088491807503,0.5810600650752155
0.07401959996915644,1.0,2.51e-05,0.01,0.00016666666666666666,0.29053003253760773,0.005320088491807503,0.5810600650752155
0.07401959996915644,1.0,3.16e-05,0.01,0.0002,0.29053003253760773,0.005320088491807503,0.6972720780902586
0.07401959996915644,1.0,3.98e-05,0.01,0.0003333333333333333,0.29053003253760773,0.005320088491807503,1.162120130150431
0.07401959996915644,1.0,6.31e-05,0.01,0.0001,0.29053003253760773,0.005320088491807503,0.3486360390451293
0.07401959996915644,1.0,7.94e-05,0.01,6.666666666666667e-05,0.29053003253760773,0.005320088491807503,0.2324240260300862
0.07401959996915644,1.0,0.0001,0.01,0.0,0.29053003253760773,0.005320088491807503,0.0
0.07401959996915644,1.0,0.000126,0.01,0.0,0.29053003253760773,0.005320088491807503,0.0
0.07401959996915644,1.0,0.000158,0.01,0.0,0.29053003253760773,0.005320088491807503,0.0
0.07401959996915644,1.0,0.0002,0.01,0.0,0.29053003253760773,0.005320088491807503,0.0
0.07401959996915644,1.0,0.000251,0.01,0.0,0.29053003253760773,0.005320088491807503,0.0
0.07401959996915644,1.0,0.000316,0.01,0.0,0.29053003253760773,0.005320088491807503,0.0
0.07401959996915644,1.0,0.000398,0.01,0.0,0.29053003253760773,0.005320088491807503,0.0
0.07401959996915644,1.0,0.000501,0.01,0.0,0.29053003253760773,0.005320088491807503,0.0
0.07401959996915644,1.0,0.000631,0.01,0.0,0.29053003253760773,0.005320088491807503,0.0
0.07401959996915644,1.0,0.000794,0.01,0.0,0.29053003253760773,0.005320088491807503,0.0
0.07401959996915644,1.0,0.001,0.01,0.0,0.29053003253760773,0.005320088491807503,0.0
0.07401959996915644,1.0,0.00126,0.01,0.0,0.29053003253760773,0.005320088491807503,0.0
0.07401959996915644,1.0,0.00158,0.01,0.0,0.29053003253760773,0.005320088491807503,0.0
0.07401959996915644,1.0,0.002,0.01,0.0,0.29053003253760773,0.005320088491807503,0.0
0.07401959996915644,1.0,0.00251,0.01,0.0,0.29053003253760773,0.005320088491807503,0.0
0.07401959996915644,1.0,0.00316,0.01,0.0,0.29053003253760773,0.005320088491807503,0.0
0.07401959996915644,1.0,0.00398,0.01,0.0,0.29053003253760773,0.005320088491807503,0.0
0.07401959996915644,1.0,0.00501,0.01,0.0,0.29053003253760773,0.005320088491807503,0.0
0.07401959996915644,1.0,0.00631,0.01,0.0,0.29053003253760773,0.005320088491807503,0.0
0.0775259748862946,1.0,1e-06,0.01,0.0,0.31854295997960225,0.005833051821637104,0.0
0.0775259748862946,1.0,1.26e-06,0.01,0.0,0.31854295997960225,0.005833051821637104,0.0
0.0775259748862946,1.0,1.58e-06,0.01,0.0,0.31854295997960225,0.005833051821637104,0.0
0.0775259748862946,1.0,2e-06,0.01,0.0,0.31854295997960225,0.005833051821637104,0.0
0.0775259748862946,1.0,2.51e-06,0.01,0.0,0.31854295997960225,0.005833051821637104,0.0
0.0775259748862946,1.0,3.16e-06,0.01,0.0,0.31854295997960225,0.005833051821637104,0.0
0.0775259748862946,1.0,3.98e-06,0.01,0.0,0.31854295997960225,0.005833051821637104,0.0
0.0775259748862946,1.0,5.01e-06,0.01,6.666666666666667e-05,0.31854295997960225,0.005833051821637104,0.25483436798368186
0.0775259748862946,1.0,7.94e-06,0.01,3.3333333333333335e-05,0.31854295997960225,0.005833051821637104,0.12741718399184093
0.0775259748862946,1.0,1e-05,0.01,3.3333333333333335e-05,0.31854295997960225,0.005833051821637104,0.12741718399184093
0.0775259748862946,1.0,1.26e-05,0.01,6.666666666666667e-05,0.31854295997960225,0.005833051821637104,0.25483436798368186
0.0775259748862946,1.0,1.58e-05,0.01,3.3333333333333335e-05,0.31854295997960225,0.005833051821637104,0.12741718399184093
0.0775259748862946,1.0,2e-05,0.01,0.00016666666666666666,0.31854295997960225,0.005833051821637104,0.6370859199592046
0.0775259748862946,1.0,2.51e-05,0.01,0.00016666666666666666,0.31854295997960225,0.005833051821637104,0.6370859199592046
0.0775259748862946,1.0,3.16e-05,0.01,0.0002,0.31854295997960225,0.005833051821637104,0.7645031039510455
0.0775259748862946,1.0,3.98e-05,0.01,0.0003333333333333333,0.31854295997960225,0.005833051821637104,1.2741718399184092
0.0775259748862946,1.0,6.31e-05,0.01,0.0001,0.31854295997960225,0.005833051821637104,0.38225155197552274
0.0775259748862946,1.0,7.94e-05,0.01,6.666666666666667e-05,0.31854295997960225,0.005833051821637104,0.25483436798368186
0.0775259748862946,1.0,0.0001,0.01,0.0,0.31854295997960225,0.005833051821637104,0.0
0.0775259748862946,1.0,0.000126,0.01,0.0,0.31854295997960225,0.005833051821637104,0.0
0.0775259748862946,1.0,0.000158,0.01,0.0,0.31854295997960225,0.005833051821637104,0.0
0.0775259748862946,1.0,0.0002,0.01,0.0,0.31854295997960225,0.005833051821637104,0.0
0.0775259748862946,1.0,0.000251,0.01,0.0,0.31854295997960225,0.005833051821637104,0.0
0.0775259748862946,1.0,0.000316,0.01,0.0,0.31854295997960225,0.005833051821637104,0.0
0.0775259748862946,1.0,0.000398,0.01,0.0,0.31854295997960225,0.005833051821637104,0.0
0.0775259748862946,1.0,0.000501,0.01,0.0,0.31854295997960225,0.005833051821637104,0.0
0.0775259748862946,1.0,0.000631,0.01,0.0,0.31854295997960225,0.005833051821637104,0.0
0.0775259748862946,1.0,0.000794,0.01,0.0,0.31854295997960225,0.005833051821637104,0.0
0.0775259748862946,1.0,0.001,0.01,0.0,0.31854295997960225,0.005833051821637104,0.0
0.0775259748862946,1.0,0.00126,0.01,0.0,0.31854295997960225,0.005833051821637104,0.0
0.0775259748862946,1.0,0.00158,0.01,0.0,0.31854295997960225,0.005833051821637104,0.0
0.0775259748862946,1.0,0.002,0.01,0.0,0.31854295997960225,0.005833051821637104,0.0
0.0775259748862946,1.0,0.00251,0.01,0.0,0.31854295997960225,0.005833051821637104,0.0
0.0775259748862946,1.0,0.00316,0.01,0.0,0.31854295997960225,0.005833051821637104,0.0
0.0775259748862946,1.0,0.00398,0.01,0.0,0.31854295997960225,0.005833051821637104,0.0
0.0775259748862946,1.0,0.00501,0.01,0.0,0.31854295997960225,0.005833051821637104,0.0
0.0775259748862946,1.0,0.00631,0.01,0.0,0.31854295997960225,0.005833051821637104,0.0
0.08119844993184012,1.0,1e-06,0.01,0.0,0.3492395302168394,0.006395157118052361,0.0
0.08119844993184012,1.0,1.26e-06,0.01,0.0,0.3492395302168394,0.006395157118052361,0.0
0.08119844993184012,1.0,1.58e-06,0.01,0.0,0.3492395302168394,0.006395157118052361,0.0
0.08119844993184012,1.0,2e-06,0.01,0.0,0.3492395302168394,0.006395157118052361,0.0
0.08119844993184012,1.0,2.51e-06,0.01,0.0,0.3492395302168394,0.006395157118052361,0.0
0.08119844993184012,1.0,3.16e-06,0.01,0.0,0.3492395302168394,0.006395157118052361,0.0
0.08119844993184012,1.0,3.98e-06,0.01,0.0,0.3492395302168394,0.006395157118052361,0.0
0.08119844993184012,1.0,5.01e-06,0.01,6.666666666666667e-05,0.3492395302168394,0.006395157118052361,0.2793916241734715
0.08119844993184012,1.0,7.94e-06,0.01,3.3333333333333335e-05,0.3492395302168394,0.006395157118052361,0.13969581208673576
0.08119844993184012,1.0,1e-05,0.01,3.3333333333333335e-05,0.3492395302168394,0.006395157118052361,0.13969581208673576
0.08119844993184012,1.0,1.26e-05,0.01,6.666666666666667e-05,0.3492395302168394,0.006395157118052361,0.2793916241734715
0.08119844993184012,1.0,1.58e-05,0.01,3.3333333333333335e-05,0.3492395302168394,0.006395157118052361,0.13969581208673576
0.08119844993184012,1.0,2e-05,0.01,0.00016666666666666666,0.3492395302168394,0.006395157118052361,0.6984790604336788
0.08119844993184012,1.0,2.51e-05,0.01,0.00016666666666666666,0.3492395302168394,0.006395157118052361,0.6984790604336788
0.08119844993184012,1.0,3.16e-05,0.01,0.0002,0.3492395302168394,0.006395157118052361,0.8381748725204146
0.08119844993184012,1.0,3.98e-05,0.01,0.0003333333333333333,0.3492395302168394,0.006395157118052361,1.3969581208673576
0.08119844993184012,1.0,6.31e-05,0.01,0.0001,0.3492395302168394,0.006395157118052361,0.4190874362602073
0.08119844993184012,1.0,7.94e-05,0.01,6.666666666666667e-05,0.3492395302168394,0.006395157118052361,0.2793916241734715
0.08119844993184012,1.0,0.0001,0.01,0.0,0.3492395302168394,0.006395157118052361,0.0
0.08119844993184012,1.0,0.000126,0.01,0.0,0.3492395302168394,0.006395157118052361,0.0
0.08119844993184012,1.0,0.000158,0.01,0.0,0.3492395302168394,0.006395157118052361,0.0
0.08119844993184012,1.0,0.0002,0.01,0.0,0.3492395302168394,0.006395157118052361,0.0
0.08119844993184012,1.0,0.000251,0.01,0.0,0.3492395302168394,0.006395157118052361,0.0
0.08119844993184012,1.0,0.000316,0.01,0.0,0.3492395302168394,0.006395157118052361,0.0
0.08119844993184012,1.0,0.000398,0.01,0.0,0.3492395302168394,0.006395157118052361,0.0
0.08119844993184012,1.0,0.000501,0.01,0.0,0.3492395302168394,0.006395157118052361,0.0
0.08119844993184012,1.0,0.000631,0.01,0.0,0.3492395302168394,0.006395157118052361,0.0
0.08119844993184012,1.0,0.000794,0.01,0.0,0.3492395302168394,0.006395157118052361,0.0
0.08119844993184012,1.0,0.001,0.01,0.0,0.3492395302168394,0.006395157118052361,0.0
0.08119844993184012,1.0,0.00126,0.01,0.0,0.3492395302168394,0.006395157118052361,0.0
0.08119844993184012,1.0,0.00158,0.01,0.0,0.3492395302168394,0.006395157118052361,0.0
0.08119844993184012,1.0,0.002,0.01,0.0,0.3492395302168394,0.006395157118052361,0.0
0.08119844993184012,1.0,0.00251,0.01,0.0,0.3492395302168394,0.006395157118052361,0.0
0.08119844993184012,1.0,0.00316,0.01,0.0,0.3492395302168394,0.006395157118052361,0.0
0.08119844993184012,1.0,0.00398,0.01,0.0,0.3492395302168394,0.006395157118052361,0.0
0.08119844993184012,1.0,0.00501,0.01,0.0,0.3492395302168394,0.006395157118052361,0.0
0.08119844993184012,1.0,0.00631,0.01,0.0,0.3492395302168394,0.006395157118052361,0.0
0.08504489341802678,1.0,1e-06,0.01,0.0,0.3828733315789991,0.007011048005475171,0.0
0.08504489341802678,1.0,1.26e-06,0.01,0.0,0.3828733315789991,0.007011048005475171,0.0
0.08504489341802678,1.0,1.58e-06,0.01,0.0,0.3828733315789991,0.007011048005475171,0.0
0.08504489341802678,1.0,2e-06,0.01,0.0,0.3828733315789991,0.007011048005475171,0.0
0.08504489341802678,1.0,2.51e-06,0.01,0.0,0.3828733315789991,0.007011048005475171,0.0
0.08504489341802678,1.0,3.16e-06,0.01,0.0,0.3828733315789991,0.007011048005475171,0.0
0.08504489341802678,1.0,3.98e-06,0.01,0.0,0.3828733315789991,0.007011048005475171,0.0
0.08504489341802678,1.0,5.01e-06,0.01,6.666666666666667e-05,0.3828733315789991,0.007011048005475171,0.3062986652631994
0.08504489341802678,1.0,7.94e-06,0.01,3.3333333333333335e-05,0.3828733315789991,0.007011048005475171,0.1531493326315997
0.08504489341802678,1.0,1e-05,0.01,3.3333333333333335e-05,0.3828733315789991,0.007011048005475171,0.1531493326315997
0.08504489341802678,1.0,1.26e-05,0.01,6.666666666666667e-05,0.3828733315789991,0.007011048005475171,0.3062986652631994
0.08504489341802678,1.0,1.58e-05,0.01,3.3333333333333335e-05,0.3828733315789991,0.007011048005475171,0.1531493326315997
0.08504489341802678,1.0,2e-05,0.01,0.00016666666666666666,0.3828733315789991,0.007011048005475171,0.7657466631579983
0.08504489341802678,1.0,2.51e-05,0.01,0.00016666666666666666,0.3828733315789991,0.007011048005475171,0.7657466631579983
0.08504489341802678,1.0,3.16e-05,0.01,0.0002,0.3828733315789991,0.007011048005475171,0.918895995789598
0.08504489341802678,1.0,3.98e-05,0.01,0.0003333333333333333,0.3828733315789991,0.007011048005475171,1.5314933263159967
0.08504489341802678,1.0,6.31e-05,0.01,0.0001,0.3828733315789991,0.007011048005475171,0.459447997894799
0.08504489341802678,1.0,7.94e-05,0.01,6.666666666666667e-05,0.3828733315789991,0.007011048005475171,0.3062986652631994
0.08504489341802678,1.0,0.0001,0.01,0.0,0.3828733315789991,0.007011048005475171,0.0
0.08504489341802678,1.0,0.000126,0.01,0.0,0.3828733315789991,0.007011048005475171,0.0
0.08504489341802678,1.0,0.000158,0.01,0.0,0.3828733315789991,0.007011048005475171,0.0
0.08504489341802678,1.0,0.0002,0.01,0.0,0.3828733315789991,0.007011048005475171,0.0
0.08504489341802678,1.0,0.000251,0.01,0.0,0.3828733315789991,0.007011048005475171,0.0
0.08504489341802678,1.0,0.000316,0.01,0.0,0.3828733315789991,0.007011048005475171,0.0
0.08504489341802678,1.0,0.000398,0.01,0.0,0.3828733315789991,0.007011048005475171,0.0
0.08504489341802678,1.0,0.000501,0.01,0.0,0.3828733315789991,0.007011048005475171,0.0
0.08504489341802678,1.0,0.000631,0.01,0.0,0.3828733315789991,0.007011048005475171,0.0
0.08504489341802678,1.0,0.000794,0.01,0.0,0.3828733315789991,0.007011048005475171,0.0
0.08504489341802678,1.0,0.001,0.01,0.0,0.3828733315789991,0.007011048005475171,0.0
0.08504489341802678,1.0,0.00126,0.01,0.0,0.3828733315789991,0.007011048005475171,0.0
0.08504489341802678,1.0,0.00158,0.01,0.0,0.3828733315789991,0.007011048005475171,0.0
0.08504489341802678,1.0,0.002,0.01,0.0,0.3828733315789991,0.007011048005475171,0.0
0.08504489341802678,1.0,0.00251,0.01,0.0,0.3828733315789991,0.007011048005475171,0.0
0.08504489341802678,1.0,0.00316,0.01,0.0,0.3828733315789991,0.007011048005475171,0.0
0.08504489341802678,1.0,0.00398,0.01,0.0,0.3828733315789991,0.007011048005475171,0.0
0.08504489341802678,1.0,0.00501,0.01,0.0,0.3828733315789991,0.007011048005475171,0.0
0.08504489341802678,1.0,0.00631,0.01,0.0,0.3828733315789991,0.007011048005475171,0.0
0.0890735463861044,1.0,1e-06,0.01,0.0,0.41972120842874305,0.007685793965001704,0.0
0.0890735463861044,1.0,1.26e-06,0.01,0.0,0.41972120842874305,0.007685793965001704,0.0
0.0890735463861044,1.0,1.58e-06,0.01,0.0,0.41972120842874305,0.007685793965001704,0.0
0.0890735463861044,1.0,2e-06,0.01,0.0,0.41972120842874305,0.007685793965001704,0.0
0.0890735463861044,1.0,2.51e-06,0.01,0.0,0.41972120842874305,0.007685793965001704,0.0
0.0890735463861044,1.0,3.16e-06,0.01,0.0,0.41972120842874305,0.007685793965001704,0.0
0.0890735463861044,1.0,3.98e-06,0.01,0.0,0.41972120842874305,0.007685793965001704,0.0
0.0890735463861044,1.0,5.01e-06,0.01,6.666666666666667e-05,0.41972120842874305,0.007685793965001704,0.3357769667429945
0.0890735463861044,1.0,7.94e-06,0.01,3.3333333333333335e-05,0.41972120842874305,0.007685793965001704,0.16788848337149725
0.0890735463861044,1.0,1e-05,0.01,3.3333333333333335e-05,0.41972120842874305,0.007685793965001704,0.16788848337149725
0.0890735463861044,1.0,1.26e-05,0.01,6.666666666666667e-05,0.41972120842874305,0.007685793965001704,0.3357769667429945
0.0890735463861044,1.0,1.58e-05,0.01,3.3333333333333335e-05,0.41972120842874305,0.007685793965001704,0.16788848337149725
0.0890735463861044,1.0,2e-05,0.01,0.00016666666666666666,0.41972120842874305,0.007685793965001704,0.8394424168574862
0.0890735463861044,1.0,2.51e-05,0.01,0.00016666666666666666,0.41972120842874305,0.007685793965001704,0.8394424168574862
0.0890735463861044,1.0,3.16e-05,0.01,0.0002,0.41972120842874305,0.007685793965001704,1.0073309002289834
0.0890735463861044,1.0,3.98e-05,0.01,0.0003333333333333333,0.41972120842874305,0.007685793965001704,1.6788848337149724
0.0890735463861044,1.0,6.31e-05,0.01,0.0001,0.41972120842874305,0.007685793965001704,0.5036654501144917
0.0890735463861044,1.0,7.94e-05,0.01,6.666666666666667e-05,0.41972120842874305,0.007685793965001704,0.3357769667429945
0.0890735463861044,1.0,0.0001,0.01,0.0,0.41972120842874305,0.007685793965001704,0.0
0.0890735463861044,1.0,0.000126,0.01,0.0,0.41972120842874305,0.007685793965001704,0.0
0.0890735463861044,1.0,0.000158,0.01,0.0,0.41972120842874305,0.007685793965001704,0.0
0.0890735463861044,1.0,0.0002,0.01,0.0,0.41972120842874305,0.007685793965001704,0.0
0.0890735463861044,1.0,0.000251,0.01,0.0,0.41972120842874305,0.007685793965001704,0.0
0.0890735463861044,1.0,0.000316,0.01,0.0,0.41972120842874305,0.007685793965001704,0.0
0.0890735463861044,1.0,0.000398,0.01,0.0,0.41972120842874305,0.007685793965001704,0.0
0.0890735463861044,1.0,0.000501,0.01,0.0,0.41972120842874305,0.007685793965001704,0.0
0.0890735463861044,1.0,0.000631,0.01,0.0,0.41972120842874305,0.007685793965001704,0.0
0.0890735463861044,1.0,0.000794,0.01,0.0,0.41972120842874305,0.007685793965001704,0.0
0.0890735463861044,1.0,0.001,0.01,0.0,0.41972120842874305,0.007685793965001704,0.0
0.0890735463861044,1.0,0.00126,0.01,0.0,0.41972120842874305,0.007685793965001704,0.0
0.0890735463861044,1.0,0.00158,0.01,0.0,0.41972120842874305,0.007685793965001704,0.0
0.0890735463861044,1.0,0.002,0.01,0.0,0.41972120842874305,0.007685793965001704,0.0
0.0890735463861044,1.0,0.00251,0.01,0.0,0.41972120842874305,0.007685793965001704,0.0
0.0890735463861044,1.0,0.00316,0.01,0.0,0.41972120842874305,0.007685793965001704,0.0
0.0890735463861044,1.0,0.00398,0.01,0.0,0.41972120842874305,0.007685793965001704,0.0
0.0890735463861044,1.0,0.00501,0.01,0.0,0.41972120842874305,0.007685793965001704,0.0
0.0890735463861044,1.0,0.00631,0.01,0.0,0.41972120842874305,0.007685793965001704,0.0
0.09329304026284686,1.0,1e-06,0.01,0.0,0.4600852512575158,0.008424926776369086,0.0
0.09329304026284686,1.0,1.26e-06,0.01,0.0,0.4600852512575158,0.008424926776369086,0.0
0.09329304026284686,1.0,1.58e-06,0.01,0.0,0.4600852512575158,0.008424926776369086,0.0
0.09329304026284686,1.0,2e-06,0.01,0.0,0.4600852512575158,0.008424926776369086,0.0
0.09329304026284686,1.0,2.51e-06,0.01,0.0,0.4600852512575158,0.008424926776369086,0.0
0.09329304026284686,1.0,3.16e-06,0.01,0.0,0.4600852512575158,0.008424926776369086,0.0
0.09329304026284686,1.0,3.98e-06,0.01,0.0,0.4600852512575158,0.008424926776369086,0.0
0.09329304026284686,1.0,5.01e-06,0.01,6.666666666666667e-05,0.4600852512575158,0.008424926776369086,0.36806820100601273
0.09329304026284686,1.0,7.94e-06,0.01,3.3333333333333335e-05,0.4600852512575158,0.008424926776369086,0.18403410050300636
0.09329304026284686,1.0,1e-05,0.01,3.3333333333333335e-05,0.4600852512575158,0.008424926776369086,0.18403410050300636
0.09329304026284686,1.0,1.26e-05,0.01,6.666666666666667e-05,0.4600852512575158,0.008424926776369086,0.36806820100601273
0.09329304026284686,1.0,1.58e-05,0.01,3.3333333333333335e-05,0.4600852512575158,0.008424926776369086,0.18403410050300636
0.09329304026284686,1.0,2e-05,0.01,0.00016666666666666666,0.4600852512575158,0.008424926776369086,0.9201705025150316
0.09329304026284686,1.0,2.51e-05,0.01,0.00016666666666666666,0.4600852512575158,0.008424926776369086,0.9201705025150316
0.09329304026284686,1.0,3.16e-05,0.01,0.0002,0.4600852512575158,0.008424926776369086,1.1042046030180381
0.09329304026284686,1.0,3.98e-05,0.01,0.0003333333333333333,0.4600852512575158,0.008424926776369086,1.8403410050300633
0.09329304026284686,1.0,6.31e-05,0.01,0.0001,0.4600852512575158,0.008424926776369086,0.5521023015090191
0.09329304026284686,1.0,7.94e-05,0.01,6.666666666666667e-05,0.4600852512575158,0.008424926776369086,0.36806820100601273
0.09329304026284686,1.0,0.0001,0.01,0.0,0.4600852512575158,0.008424926776369086,0.0
0.09329304026284686,1.0,0.000126,0.01,0.0,0.4600852512575158,0.008424926776369086,0.0
0.09329304026284686,1.0,0.000158,0.01,0.0,0.4600852512575158,0.008424926776369086,0.0
0.09329304026284686,1.0,0.0002,0.01,0.0,0.4600852512575158,0.008424926776369086,0.0
0.09329304026284686,1.0,0.000251,0.01,0.0,0.4600852512575158,0.008424926776369086,0.0
0.09329304026284686,1.0,0.000316,0.01,0.0,0.4600852512575158,0.008424926776369086,0.0
0.09329304026284686,1.0,0.000398,0.01,0.0,0.4600852512575158,0.008424926776369086,0.0
0.09329304026284686,1.0,0.000501,0.01,0.0,0.4600852512575158,0.008424926776369086,0.0
0.09329304026284686,1.0,0.000631,0.01,0.0,0.4600852512575158,0.008424926776369086,0.0
0.09329304026284686,1.0,0.000794,0.01,0.0,0.4600852512575158,0.008424926776369086,0.0
0.09329304026284686,1.0,0.001,0.01,0.0,0.4600852512575158,0.008424926776369086,0.0
0.09329304026284686,1.0,0.00126,0.01,0.0,0.4600852512575158,0.008424926776369086,0.0
0.09329304026284686,1.0,0.00158,0.01,0.0,0.4600852512575158,0.008424926776369086,0.0
0.09329304026284686,1.0,0.002,0.01,0.0,0.4600852512575158,0.008424926776369086,0.0
0.09329304026284686,1.0,0.00251,0.01,0.0,0.4600852512575158,0.008424926776369086,0.0
0.09329304026284686,1.0,0.00316,0.01,0.0,0.4600852512575158,0.008424926776369086,0.0
0.09329304026284686,1.0,0.00398,0.01,0.0,0.4600852512575158,0.008424926776369086,0.0
0.09329304026284686,1.0,0.00501,0.01,0.0,0.4600852512575158,0.008424926776369086,0.0
0.09329304026284686,1.0,0.00631,0.01,0.0,0.4600852512575158,0.008424926776369086,0.0
0.09771241535346496,1.0,1e-06,0.01,0.0,0.5042949279483563,0.009234479544925038,0.0
0.09771241535346496,1.0,1.26e-06,0.01,0.0,0.5042949279483563,0.009234479544925038,0.0
0.09771241535346496,1.0,1.58e-06,0.01,0.0,0.5042949279483563,0.009234479544925038,0.0
0.09771241535346496,1.0,2e-06,0.01,0.0,0.5042949279483563,0.009234479544925038,0.0
0.09771241535346496,1.0,2.51e-06,0.01,0.0,0.5042949279483563,0.009234479544925038,0.0
0.09771241535346496,1.0,3.16e-06,0.01,0.0,0.5042949279483563,0.009234479544925038,0.0
0.09771241535346496,1.0,3.98e-06,0.01,0.0,0.5042949279483563,0.009234479544925038,0.0
0.09771241535346496,1.0,5.01e-06,0.01,6.666666666666667e-05,0.5042949279483563,0.009234479544925038,0.4034359423586851
0.09771241535346496,1.0,7.94e-06,0.01,3.3333333333333335e-05,0.5042949279483563,0.009234479544925038,0.20171797117934254
0.09771241535346496,1.0,1e-05,0.01,3.3333333333333335e-05,0.5042949279483563,0.009234479544925038,0.20171797117934254
0.09771241535346496,1.0,1.26e-05,0.01,6.666666666666667e-05,0.5042949279483563,0.009234479544925038,0.4034359423586851
0.09771241535346496,1.0,1.58e-05,0.01,3.3333333333333335e-05,0.5042949279483563,0.009234479544925038,0.20171797117934254
0.09771241535346496,1.0,2e-05,0.01,0.00016666666666666666,0.5042949279483563,0.009234479544925038,1.0085898558967126
0.09771241535346496,1.0,2.51e-05,0.01,0.00016666666666666666,0.5042949279483563,0.009234479544925038,1.0085898558967126
0.09771241535346496,1.0,3.16e-05,0.01,0.0002,0.5042949279483563,0.009234479544925038,1.2103078270760552
0.09771241535346496,1.0,3.98e-05,0.01,0.0003333333333333333,0.5042949279483563,0.009234479544925038,2.017179711793425
0.09771241535346496,1.0,6.31e-05,0.01,0.0001,0.5042949279483563,0.009234479544925038,0.6051539135380276
0.09771241535346496,1.0,7.94e-05,0.01,6.666666666666667e-05,0.5042949279483563,0.009234479544925038,0.4034359423586851
0.09771241535346496,1.0,0.0001,0.01,0.0,0.5042949279483563,0.009234479544925038,0.0
0.09771241535346496,1.0,0.000126,0.01,0.0,0.5042949279483563,0.009234479544925038,0.0
0.09771241535346496,1.0,0.000158,0.01,0.0,0.5042949279483563,0.009234479544925038,0.0
0.09771241535346496,1.0,0.0002,0.01,0.0,0.5042949279483563,0.009234479544925038,0.0
0.09771241535346496,1.0,0.000251,0.01,0.0,0.5042949279483563,0.009234479544925038,0.0
0.09771241535346496,1.0,0.000316,0.01,0.0,0.5042949279483563,0.009234479544925038,0.0
0.09771241535346496,1.0,0.000398,0.01,0.0,0.5042949279483563,0.009234479544925038,0.0
0.09771241535346496,1.0,0.000501,0.01,0.0,0.5042949279483563,0.009234479544925038,0.0
0.09771241535346496,1.0,0.000631,0.01,0.0,0.5042949279483563,0.009234479544925038,0.0
0.09771241535346496,1.0,0.000794,0.01,0.0,0.5042949279483563,0.009234479544925038,0.0
0.09771241535346496,1.0,0.001,0.01,0.0,0.5042949279483563,0.009234479544925038,0.0
0.09771241535346496,1.0,0.00126,0.01,0.0,0.5042949279483563,0.009234479544925038,0.0
0.09771241535346496,1.0,0.00158,0.01,0.0,0.5042949279483563,0.009234479544925038,0.0
0.09771241535346496,1.0,0.002,0.01,0.0,0.5042949279483563,0.009234479544925038,0.0
0.09771241535346496,1.0,0.00251,0.01,0.0,0.5042949279483563,0.009234479544925038,0.0
0.09771241535346496,1.0,0.00316,0.01,0.0,0.5042949279483563,0.009234479544925038,0.0
0.09771241535346496,1.0,0.00398,0.01,0.0,0.5042949279483563,0.009234479544925038,0.0
0.09771241535346496,1.0,0.00501,0.01,0.0,0.5042949279483563,0.009234479544925038,0.0
0.09771241535346496,1.0,0.00631,0.01,0.0,0.5042949279483563,0.009234479544925038,0.0
0.10234114021054527,1.0,1e-06,0.01,0.0,0.5527093600177302,0.010121028383404692,0.0
0.10234114021054527,1.0,1.26e-06,0.01,0.0,0.5527093600177302,0.010121028383404692,0.0
0.10234114021054527,1.0,1.58e-06,0.01,0.0,0.5527093600177302,0.010121028383404692,0.0
0.10234114021054527,1.0,2e-06,0.01,0.0,0.5527093600177302,0.010121028383404692,0.0
0.10234114021054527,1.0,2.51e-06,0.01,0.0,0.5527093600177302,0.010121028383404692,0.0
0.10234114021054527,1.0,3.16e-06,0.01,0.0,0.5527093600177302,0.010121028383404692,0.0
0.10234114021054527,1.0,3.98e-06,0.01,0.0,0.5527093600177302,0.010121028383404692,0.0
0.10234114021054527,1.0,5.01e-06,0.01,6.666666666666667e-05,0.5527093600177302,0.010121028383404692,0.44216748801418415
0.10234114021054527,1.0,7.94e-06,0.01,3.3333333333333335e-05,0.5527093600177302,0.010121028383404692,0.22108374400709208
0.10234114021054527,1.0,1e-05,0.01,3.3333333333333335e-05,0.5527093600177302,0.010121028383404692,0.22108374400709208
0.10234114021054527,1.0,1.26e-05,0.01,6.666666666666667e-05,0.5527093600177302,0.010121028383404692,0.44216748801418415
0.10234114021054527,1.0,1.58e-05,0.01,3.3333333333333335e-05,0.5527093600177302,0.010121028383404692,0.22108374400709208
0.10234114021054527,1.0,2e-05,0.01,0.00016666666666666666,0.5527093600177302,0.010121028383404692,1.1054187200354604
0.10234114021054527,1.0,2.51e-05,0.01,0.00016666666666666666,0.5527093600177302,0.010121028383404692,1.1054187200354604
0.10234114021054527,1.0,3.16e-05,0.01,0.0002,0.5527093600177302,0.010121028383404692,1.3265024640425525
0.10234114021054527,1.0,3.98e-05,0.01,0.0003333333333333333,0.5527093600177302,0.010121028383404692,2.2108374400709208
0.10234114021054527,1.0,6.31e-05,0.01,0.0001,0.5527093600177302,0.010121028383404692,0.6632512320212762
0.10234114021054527,1.0,7.94e-05,0.01,6.666666666666667e-05,0.5527093600177302,0.010121028383404692,0.44216748801418415
0.10234114021054527,1.0,0.0001,0.01,0.0,0.5527093600177302,0.010121028383404692,0.0
0.10234114021054527,1.0,0.000126,0.01,0.0,0.5527093600177302,0.010121028383404692,0.0
0.10234114021054527,1.0,0.000158,0.01,0.0,0.5527093600177302,0.010121028383404692,0.0
0.10234114021054527,1.0,0.0002,0.01,0.0,0.5527093600177302,0.010121028383404692,0.0
0.10234114021054527,1.0,0.000251,0.01,0.0,0.5527093600177302,0.010121028383404692,0.0
0.10234114021054527,1.0,0.000316,0.01,0.0,0.5527093600177302,0.010121028383404692,0.0
0.10234114021054527,1.0,0.000398,0.01,0.0,0.5527093600177302,0.010121028383404692,0.0
0.10234114021054527,1.0,0.000501,0.01,0.0,0.5527093600177302,0.010121028383404692,0.0
0.10234114021054527,1.0,0.000631,0.01,0.0,0.5527093600177302,0.010121028383404692,0.0
0.10234114021054527,1.0,0.000794,0.01,0.0,0.5527093600177302,0.010121028383404692,0.0
0.10234114021054527,1.0,0.001,0.01,0.0,0.5527093600177302,0.010121028383404692,0.0
0.10234114021054527,1.0,0.00126,0.01,0.0,0.5527093600177302,0.010121028383404692,0.0
0.10234114021054527,1.0,0.00158,0.01,0.0,0.5527093600177302,0.010121028383404692,0.0
0.10234114021054527,1.0,0.002,0.01,0.0,0.5527093600177302,0.010121028383404692,0.0
0.10234114021054527,1.0,0.00251,0.01,0.0,0.5527093600177302,0.010121028383404692,0.0
0.10234114021054527,1.0,0.00316,0.01,0.0,0.5527093600177302,0.010121028383404692,0.0
0.10234114021054527,1.0,0.00398,0.01,0.0,0.5527093600177302,0.010121028383404692,0.0
0.10234114021054527,1.0,0.00501,0.01,0.0,0.5527093600177302,0.010121028383404692,0.0
0.10234114021054527,1.0,0.00631,0.01,0.0,0.5527093600177302,0.010121028383404692,0.0
0.10718913192051276,1.0,1e-06,0.01,0.0,0.605719746213605,0.011091736792045505,0.0
0.10718913192051276,1.0,1.26e-06,0.01,0.0,0.605719746213605,0.011091736792045505,0.0
0.10718913192051276,1.0,1.58e-06,0.01,0.0,0.605719746213605,0.011091736792045505,0.0
0.10718913192051276,1.0,2e-06,0.01,0.0,0.605719746213605,0.011091736792045505,0.0
0.10718913192051276,1.0,2.51e-06,0.01,0.0,0.605719746213605,0.011091736792045505,0.0
0.10718913192051276,1.0,3.16e-06,0.01,0.0,0.605719746213605,0.011091736792045505,0.0
0.10718913192051276,1.0,3.98e-06,0.01,0.0,0.605719746213605,0.011091736792045505,0.0
0.10718913192051276,1.0,5.01e-06,0.01,6.666666666666667e-05,0.605719746213605,0.011091736792045505,0.48457579697088415
0.10718913192051276,1.0,7.94e-06,0.01,3.3333333333333335e-05,0.605719746213605,0.011091736792045505,0.24228789848544208
0.10718913192051276,1.0,1e-05,0.01,3.3333333333333335e-05,0.605719746213605,0.011091736792045505,0.24228789848544208
0.10718913192051276,1.0,1.26e-05,0.01,6.666666666666667e-05,0.605719746213605,0.011091736792045505,0.48457579697088415
0.10718913192051276,1.0,1.58e-05,0.01,3.3333333333333335e-05,0.605719746213605,0.011091736792045505,0.24228789848544208
0.10718913192051276,1.0,2e-05,0.01,0.00016666666666666666,0.605719746213605,0.011091736792045505,1.2114394924272103
0.10718913192051276,1.0,2.51e-05,0.01,0.00016666666666666666,0.605719746213605,0.011091736792045505,1.2114394924272103
0.10718913192051276,1.0,3.16e-05,0.01,0.0002,0.605719746213605,0.011091736792045505,1.4537273909126522
0.10718913192051276,1.0,3.98e-05,0.01,0.0003333333333333333,0.605719746213605,0.011091736792045505,2.4228789848544205
0.10718913192051276,1.0,6.31e-05,0.01,0.0001,0.605719746213605,0.011091736792045505,0.7268636954563261
0.10718913192051276,1.0,7.94e-05,0.01,6.666666666666667e-05,0.605719746213605,0.011091736792045505,0.48457579697088415
0.10718913192051276,1.0,0.0001,0.01,0.0,0.605719746213605,0.011091736792045505,0.0
0.10718913192051276,1.0,0.000126,0.01,0.0,0.605719746213605,0.011091736792045505,0.0
0.10718913192051276,1.0,0.000158,0.01,0.0,0.605719746213605,0.011091736792045505,0.0
0.10718913192051276,1.0,0.0002,0.01,0.0,0.605719746213605,0.011091736792045505,0.0
0.10718913192051276,1.0,0.000251,0.01,0.0,0.605719746213605,0.011091736792045505,0.0
0.10718913192051276,1.0,0.000316,0.01,0.0,0.605719746213605,0.011091736792045505,0.0
0.10718913192051276,1.0,0.000398,0.01,0.0,0.605719746213605,0.011091736792045505,0.0
0.10718913192051276,1.0,0.000501,0.01,0.0,0.605719746213605,0.011091736792045505,0.0
0.10718913192051276,1.0,0.000631,0.01,0.0,0.605719746213605,0.011091736792045505,0.0
0.10718913192051276,1.0,0.000794,0.01,0.0,0.605719746213605,0.011091736792045505,0.0
0.10718913192051276,1.0,0.001,0.01,0.0,0.605719746213605,0.011091736792045505,0.0
0.10718913192051276,1.0,0.00126,0.01,0.0,0.605719746213605,0.011091736792045505,0.0
0.10718913192051276,1.0,0.00158,0.01,0.0,0.605719746213605,0.011091736792045505,0.0
0.10718913192051276,1.0,0.002,0.01,0.0,0.605719746213605,0.011091736792045505,0.0
0.10718913192051276,1.0,0.00251,0.01,0.0,0.605719746213605,0.011091736792045505,0.0
0.10718913192051276,1.0,0.00316,0.01,0.0,0.605719746213605,0.011091736792045505,0.0
0.10718913192051276,1.0,0.00398,0.01,0.0,0.605719746213605,0.011091736792045505,0.0
0.10718913192051276,1.0,0.00501,0.01,0.0,0.605719746213605,0.011091736792045505,0.0
0.10718913192051276,1.0,0.00631,0.01,0.0,0.605719746213605,0.011091736792045505,0.0
0.11226677735108136,1.0,1e-06,0.01,0.0,0.6637519339680792,0.012154402746165156,0.0
0.11226677735108136,1.0,1.26e-06,0.01,0.0,0.6637519339680792,0.012154402746165156,0.0
0.11226677735108136,1.0,1.58e-06,0.01,0.0,0.6637519339680792,0.012154402746165156,0.0
0.11226677735108136,1.0,2e-06,0.01,0.0,0.6637519339680792,0.012154402746165156,0.0
0.11226677735108136,1.0,2.51e-06,0.01,0.0,0.6637519339680792,0.012154402746165156,0.0
0.11226677735108136,1.0,3.16e-06,0.01,0.0,0.6637519339680792,0.012154402746165156,0.0
0.11226677735108136,1.0,3.98e-06,0.01,0.0,0.6637519339680792,0.012154402746165156,0.0
0.11226677735108136,1.0,5.01e-06,0.01,6.666666666666667e-05,0.6637519339680792,0.012154402746165156,0.5310015471744634
0.11226677735108136,1.0,7.94e-06,0.01,3.3333333333333335e-05,0.6637519339680792,0.012154402746165156,0.2655007735872317
0.11226677735108136,1.0,1e-05,0.01,3.3333333333333335e-05,0.6637519339680792,0.012154402746165156,0.2655007735872317
0.11226677735108136,1.0,1.26e-05,0.01,6.666666666666667e-05,0.6637519339680792,0.012154402746165156,0.5310015471744634
0.11226677735108136,1.0,1.58e-05,0.01,3.3333333333333335e-05,0.6637519339680792,0.012154402746165156,0.2655007735872317
0.11226677735108136,1.0,2e-05,0.01,0.00016666666666666666,0.6637519339680792,0.012154402746165156,1.3275038679361584
0.11226677735108136,1.0,2.51e-05,0.01,0.00016666666666666666,0.6637519339680792,0.012154402746165156,1.3275038679361584
0.11226677735108136,1.0,3.16e-05,0.01,0.0002,0.6637519339680792,0.012154402746165156,1.5930046415233903
0.11226677735108136,1.0,3.98e-05,0.01,0.0003333333333333333,0.6637519339680792,0.012154402746165156,2.6550077358723168
0.11226677735108136,1.0,6.31e-05,0.01,0.0001,0.6637519339680792,0.012154402746165156,0.7965023207616951
0.11226677735108136,1.0,7.94e-05,0.01,6.666666666666667e-05,0.6637519339680792,0.012154402746165156,0.5310015471744634
0.11226677735108136,1.0,0.0001,0.01,0.0,0.6637519339680792,0.012154402746165156,0.0
0.11226677735108136,1.0,0.000126,0.01,0.0,0.6637519339680792,0.012154402746165156,0.0
0.11226677735108136,1.0,0.000158,0.01,0.0,0.6637519339680792,0.012154402746165156,0.0
0.11226677735108136,1.0,0.0002,0.01,0.0,0.6637519339680792,0.012154402746165156,0.0
0.11226677735108136,1.0,0.000251,0.01,0.0,0.6637519339680792,0.012154402746165156,0.0
0.11226677735108136,1.0,0.000316,0.01,0.0,0.6637519339680792,0.012154402746165156,0.0
0.11226677735108136,1.0,0.000398,0.01,0.0,0.6637519339680792,0.012154402746165156,0.0
0.11226677735108136,1.0,0.000501,0.01,0.0,0.6637519339680792,0.012154402746165156,0.0
0.11226677735108136,1.0,0.000631,0.01,0.0,0.6637519339680792,0.012154402746165156,0.0
0.11226677735108136,1.0,0.000794,0.01,0.0,0.6637519339680792,0.012154402746165156,0.0
0.11226677735108136,1.0,0.001,0.01,0.0,0.6637519339680792,0.012154402746165156,0.0
0.11226677735108136,1.0,0.00126,0.01,0.0,0.6637519339680792,0.012154402746165156,0.0
0.11226677735108136,1.0,0.00158,0.01,0.0,0.6637519339680792,0.012154402746165156,0.0
0.11226677735108136,1.0,0.002,0.01,0.0,0.6637519339680792,0.012154402746165156,0.0
0.11226677735108136,1.0,0.00251,0.01,0.0,0.6637519339680792,0.012154402746165156,0.0
0.11226677735108136,1.0,0.00316,0.01,0.0,0.6637519339680792,0.012154402746165156,0.0
0.11226677735108136,1.0,0.00398,0.01,0.0,0.6637519339680792,0.012154402746165156,0.0
0.11226677735108136,1.0,0.00501,0.01,0.0,0.6637519339680792,0.012154402746165156,0.0
0.11226677735108136,1.0,0.00631,0.01,0.0,0.6637519339680792,0.012154402746165156,0.0
0.1175849554052157,1.0,1e-06,0.01,0.0,0.7272691367930654,0.013317508456199695,0.0
0.1175849554052157,1.0,1.26e-06,0.01,0.0,0.7272691367930654,0.013317508456199695,0.0
0.1175849554052157,1.0,1.58e-06,0.01,0.0,0.7272691367930654,0.013317508456199695,0.0
0.1175849554052157,1.0,2e-06,0.01,0.0,0.7272691367930654,0.013317508456199695,0.0
0.1175849554052157,1.0,2.51e-06,0.01,0.0,0.7272691367930654,0.013317508456199695,0.0
0.1175849554052157,1.0,3.16e-06,0.01,0.0,0.7272691367930654,0.013317508456199695,0.0
0.1175849554052157,1.0,3.98e-06,0.01,0.0,0.7272691367930654,0.013317508456199695,0.0
0.1175849554052157,1.0,5.01e-06,0.01,6.666666666666667e-05,0.7272691367930654,0.013317508456199695,0.5818153094344524
0.1175849554052157,1.0,7.94e-06,0.01,3.3333333333333335e-05,0.7272691367930654,0.013317508456199695,0.2909076547172262
0.1175849554052157,1.0,1e-05,0.01,3.3333333333333335e-05,0.7272691367930654,0.013317508456199695,0.2909076547172262
0.1175849554052157,1.0,1.26e-05,0.01,6.666666666666667e-05,0.7272691367930654,0.013317508456199695,0.5818153094344524
0.1175849554052157,1.0,1.58e-05,0.01,3.3333333333333335e-05,0.7272691367930654,0.013317508456199695,0.2909076547172262
0.1175849554052157,1.0,2e-05,0.01,0.00016666666666666666,0.7272691367930654,0.013317508456199695,1.454538273586131
0.1175849554052157,1.0,2.51e-05,0.01,0.00016666666666666666,0.7272691367930654,0.013317508456199695,1.454538273586131
0.1175849554052157,1.0,3.16e-05,0.01,0.0002,0.7272691367930654,0.013317508456199695,1.7454459283033572
0.1175849554052157,1.0,3.98e-05,0.01,0.0003333333333333333,0.7272691367930654,0.013317508456199695,2.909076547172262
0.1175849554052157,1.0,6.31e-05,0.01,0.0001,0.7272691367930654,0.013317508456199695,0.8727229641516786
0.1175849554052157,1.0,7.94e-05,0.01,6.666666666666667e-05,0.7272691367930654,0.013317508456199695,0.5818153094344524
0.1175849554052157,1.0,0.0001,0.01,0.0,0.7272691367930654,0.013317508456199695,0.0
0.1175849554052157,1.0,0.000126,0.01,0.0,0.7272691367930654,0.013317508456199695,0.0
0.1175849554052157,1.0,0.000158,0.01,0.0,0.7272691367930654,0.013317508456199695,0.0
0.1175849554052157,1.0,0.0002,0.01,0.0,0.7272691367930654,0.013317508456199695,0.0
0.1175849554052157,1.0,0.000251,0.01,0.0,0.7272691367930654,0.013317508456199695,0.0
0.1175849554052157,1.0,0.000316,0.01,0.0,0.7272691367930654,0.013317508456199695,0.0
0.1175849554052157,1.0,0.000398,0.01,0.0,0.7272691367930654,0.013317508456199695,0.0
0.1175849554052157,1.0,0.000501,0.01,0.0,0.7272691367930654,0.013317508456199695,0.0
0.1175849554052157,1.0,0.000631,0.01,0.0,0.7272691367930654,0.013317508456199695,0.0
0.1175849554052157,1.0,0.000794,0.01,0.0,0.7272691367930654,0.013317508456199695,0.0
0.1175849554052157,1.0,0.001,0.01,0.0,0.7272691367930654,0.013317508456199695,0.0
0.1175849554052157,1.0,0.00126,0.01,0.0,0.7272691367930654,0.013317508456199695,0.0
0.1175849554052157,1.0,0.00158,0.01,0.0,0.7272691367930654,0.013317508456199695,0.0
0.1175849554052157,1.0,0.002,0.01,0.0,0.7272691367930654,0.013317508456199695,0.0
0.1175849554052157,1.0,0.00251,0.01,0.0,0.7272691367930654,0.013317508456199695,0.0
0.1175849554052157,1.0,0.00316,0.01,0.0,0.7272691367930654,0.013317508456199695,0.0
0.1175849554052157,1.0,0.00398,0.01,0.0,0.7272691367930654,0.013317508456199695,0.0
0.1175849554052157,1.0,0.00501,0.01,0.0,0.7272691367930654,0.013317508456199695,0.0
0.1175849554052157,1.0,0.00631,0.01,0.0,0.7272691367930654,0.013317508456199695,0.0
0.12315506032928261,1.0,1e-06,0.01,0.0,0.7967747926680044,0.014590272709540459,0.0
0.12315506032928261,1.0,1.26e-06,0.01,0.0,0.7967747926680044,0.014590272709540459,0.0
0.12315506032928261,1.0,1.58e-06,0.01,0.0,0.7967747926680044,0.014590272709540459,0.0
0.12315506032928261,1.0,2e-06,0.01,0.0,0.7967747926680044,0.014590272709540459,0.0
0.12315506032928261,1.0,2.51e-06,0.01,0.0,0.7967747926680044,0.014590272709540459,0.0
0.12315506032928261,1.0,3.16e-06,0.01,0.0,0.7967747926680044,0.014590272709540459,0.0
0.12315506032928261,1.0,3.98e-06,0.01,0.0,0.7967747926680044,0.014590272709540459,0.0
0.12315506032928261,1.0,5.01e-06,0.01,6.666666666666667e-05,0.7967747926680044,0.014590272709540459,0.6374198341344036
0.12315506032928261,1.0,7.94e-06,0.01,3.3333333333333335e-05,0.7967747926680044,0.014590272709540459,0.3187099170672018
0.12315506032928261,1.0,1e-05,0.01,3.3333333333333335e-05,0.7967747926680044,0.014590272709540459,0.3187099170672018
0.12315506032928261,1.0,1.26e-05,0.01,6.666666666666667e-05,0.7967747926680044,0.014590272709540459,0.6374198341344036
0.12315506032928261,1.0,1.58e-05,0.01,3.3333333333333335e-05,0.7967747926680044,0.014590272709540459,0.3187099170672018
0.12315506032928261,1.0,2e-05,0.01,0.00016666666666666666,0.7967747926680044,0.014590272709540459,1.5935495853360087
0.12315506032928261,1.0,2.51e-05,0.01,0.00016666666666666666,0.7967747926680044,0.014590272709540459,1.5935495853360087
0.12315506032928261,1.0,3.16e-05,0.01,0.0002,0.7967747926680044,0.014590272709540459,1.9122595024032105
0.12315506032928261,1.0,3.98e-05,0.01,0.0003333333333333333,0.7967747926680044,0.014590272709540459,3.1870991706720173
0.12315506032928261,1.0,6.31e-05,0.01,0.0001,0.7967747926680044,0.014590272709540459,0.9561297512016053
0.12315506032928261,1.0,7.94e-05,0.01,6.666666666666667e-05,0.7967747926680044,0.014590272709540459,0.6374198341344036
0.12315506032928261,1.0,0.0001,0.01,0.0,0.7967747926680044,0.014590272709540459,0.0
0.12315506032928261,1.0,0.000126,0.01,0.0,0.7967747926680044,0.014590272709540459,0.0
0.12315506032928261,1.0,0.000158,0.01,0.0,0.7967747926680044,0.014590272709540459,0.0
0.12315506032928261,1.0,0.0002,0.01,0.0,0.7967747926680044,0.014590272709540459,0.0
0.12315506032928261,1.0,0.000251,0.01,0.0,0.7967747926680044,0.014590272709540459,0.0
0.12315506032928261,1.0,0.000316,0.01,0.0,0.7967747926680044,0.014590272709540459,0.0
0.12315506032928261,1.0,0.000398,0.01,0.0,0.7967747926680044,0.014590272709540459,0.0
0.12315506032928261,1.0,0.000501,0.01,0.0,0.7967747926680044,0.014590272709540459,0.0
0.12315506032928261,1.0,0.000631,0.01,0.0,0.7967747926680044,0.014590272709540459,0.0
0.12315506032928261,1.0,0.000794,0.01,0.0,0.7967747926680044,0.014590272709540459,0.0
0.12315506032928261,1.0,0.001,0.01,0.0,0.7967747926680044,0.014590272709540459,0.0
0.12315506032928261,1.0,0.00126,0.01,0.0,0.7967747926680044,0.014590272709540459,0.0
0.12315506032928261,1.0,0.00158,0.01,0.0,0.7967747926680044,0.014590272709540459,0.0
0.12315506032928261,1.0,0.002,0.01,0.0,0.7967747926680044,0.014590272709540459,0.0
0.12315506032928261,1.0,0.00251,0.01,0.0,0.7967747926680044,0.014590272709540459,0.0
0.12315506032928261,1.0,0.00316,0.01,0.0,0.7967747926680044,0.014590272709540459,0.0
0.12315506032928261,1.0,0.00398,0.01,0.0,0.7967747926680044,0.014590272709540459,0.0
0.12315506032928261,1.0,0.00501,0.01,0.0,0.7967747926680044,0.014590272709540459,0.0
0.12315506032928261,1.0,0.00631,0.01,0.0,0.7967747926680044,0.014590272709540459,0.0
0.1289890261253308,1.0,1e-06,0.01,0.0,0.8728155546879505,0.01598270563427853,0.0
0.1289890261253308,1.0,1.26e-06,0.01,0.0,0.8728155546879505,0.01598270563427853,0.0
0.1289890261253308,1.0,1.58e-06,0.01,0.0,0.8728155546879505,0.01598270563427853,0.0
0.1289890261253308,1.0,2e-06,0.01,0.0,0.8728155546879505,0.01598270563427853,0.0
0.1289890261253308,1.0,2.51e-06,0.01,0.0,0.8728155546879505,0.01598270563427853,0.0
0.1289890261253308,1.0,3.16e-06,0.01,0.0,0.8728155546879505,0.01598270563427853,0.0
0.1289890261253308,1.0,3.98e-06,0.01,0.0,0.8728155546879505,0.01598270563427853,0.0
0.1289890261253308,1.0,5.01e-06,0.01,6.666666666666667e-05,0.8728155546879505,0.01598270563427853,0.6982524437503606
0.1289890261253308,1.0,7.94e-06,0.01,3.3333333333333335e-05,0.8728155546879505,0.01598270563427853,0.3491262218751803
0.1289890261253308,1.0,1e-05,0.01,3.3333333333333335e-05,0.8728155546879505,0.01598270563427853,0.3491262218751803
0.1289890261253308,1.0,1.26e-05,0.01,6.666666666666667e-05,0.8728155546879505,0.01598270563427853,0.6982524437503606
0.1289890261253308,1.0,1.58e-05,0.01,3.3333333333333335e-05,0.8728155546879505,0.01598270563427853,0.3491262218751803
0.1289890261253308,1.0,2e-05,0.01,0.00016666666666666666,0.8728155546879505,0.01598270563427853,1.745631109375901
0.1289890261253308,1.0,2.51e-05,0.01,0.00016666666666666666,0.8728155546879505,0.01598270563427853,1.745631109375901
0.1289890261253308,1.0,3.16e-05,0.01,0.0002,0.8728155546879505,0.01598270563427853,2.094757331251081
0.1289890261253308,1.0,3.98e-05,0.01,0.0003333333333333333,0.8728155546879505,0.01598270563427853,3.491262218751802
0.1289890261253308,1.0,6.31e-05,0.01,0.0001,0.8728155546879505,0.01598270563427853,1.0473786656255406
0.1289890261253308,1.0,7.94e-05,0.01,6.666666666666667e-05,0.8728155546879505,0.01598270563427853,0.6982524437503606
0.1289890261253308,1.0,0.0001,0.01,0.0,0.8728155546879505,0.01598270563427853,0.0
0.1289890261253308,1.0,0.000126,0.01,0.0,0.8728155546879505,0.01598270563427853,0.0
0.1289890261253308,1.0,0.000158,0.01,0.0,0.8728155546879505,0.01598270563427853,0.0
0.1289890261253308,1.0,0.0002,0.01,0.0,0.8728155546879505,0.01598270563427853,0.0
0.1289890261253308,1.0,0.000251,0.01,0.0,0.8728155546879505,0.01598270563427853,0.0
0.1289890261253308,1.0,0.000316,0.01,0.0,0.8728155546879505,0.01598270563427853,0.0
0.1289890261253308,1.0,0.000398,0.01,0.0,0.8728155546879505,0.01598270563427853,0.0
0.1289890261253308,1.0,0.000501,0.01,0.0,0.8728155546879505,0.01598270563427853,0.0
0.1289890261253308,1.0,0.000631,0.01,0.0,0.8728155546879505,0.01598270563427853,0.0
0.1289890261253308,1.0,0.000794,0.01,0.0,0.8728155546879505,0.01598270563427853,0.0
0.1289890261253308,1.0,0.001,0.01,0.0,0.8728155546879505,0.01598270563427853,0.0
0.1289890261253308,1.0,0.00126,0.01,0.0,0.8728155546879505,0.01598270563427853,0.0
0.1289890261253308,1.0,0.00158,0.01,0.0,0.8728155546879505,0.01598270563427853,0.0
0.1289890261253308,1.0,0.002,0.01,0.0,0.8728155546879505,0.01598270563427853,0.0
0.1289890261253308,1.0,0.00251,0.01,0.0,0.8728155546879505,0.01598270563427853,0.0
0.1289890261253308,1.0,0.00316,0.01,0.0,0.8728155546879505,0.01598270563427853,0.0
0.1289890261253308,1.0,0.00398,0.01,0.0,0.8728155546879505,0.01598270563427853,0.0
0.1289890261253308,1.0,0.00501,0.01,0.0,0.8728155546879505,0.01598270563427853,0.0
0.1289890261253308,1.0,0.00631,0.01,0.0,0.8728155546879505,0.01598270563427853,0.0
0.13509935211980265,1.0,1e-06,0.01,0.0,0.9559844005945634,0.01750566563989312,0.0
0.13509935211980265,1.0,1.26e-06,0.01,0.0,0.9559844005945634,0.01750566563989312,0.0
0.13509935211980265,1.0,1.58e-06,0.01,0.0,0.9559844005945634,0.01750566563989312,0.0
0.13509935211980265,1.0,2e-06,0.01,0.0,0.9559844005945634,0.01750566563989312,0.0
0.13509935211980265,1.0,2.51e-06,0.01,0.0,0.9559844005945634,0.01750566563989312,0.0
0.13509935211980265,1.0,3.16e-06,0.01,0.0,0.9559844005945634,0.01750566563989312,0.0
0.13509935211980265,1.0,3.98e-06,0.01,0.0,0.9559844005945634,0.01750566563989312,0.0
0.13509935211980265,1.0,5.01e-06,0.01,6.666666666666667e-05,0.9559844005945634,0.01750566563989312,0.7647875204756507
0.13509935211980265,1.0,7.94e-06,0.01,3.3333333333333335e-05,0.9559844005945634,0.01750566563989312,0.38239376023782534
0.13509935211980265,1.0,1e-05,0.01,3.3333333333333335e-05,0.9559844005945634,0.01750566563989312,0.38239376023782534
0.13509935211980265,1.0,1.26e-05,0.01,6.666666666666667e-05,0.9559844005945634,0.01750566563989312,0.7647875204756507
0.13509935211980265,1.0,1.58e-05,0.01,3.3333333333333335e-05,0.9559844005945634,0.01750566563989312,0.38239376023782534
0.13509935211980265,1.0,2e-05,0.01,0.00016666666666666666,0.9559844005945634,0.01750566563989312,1.9119688011891267
0.13509935211980265,1.0,2.51e-05,0.01,0.00016666666666666666,0.9559844005945634,0.01750566563989312,1.9119688011891267
0.13509935211980265,1.0,3.16e-05,0.01,0.0002,0.9559844005945634,0.01750566563989312,2.294362561426952
0.13509935211980265,1.0,3.98e-05,0.01,0.0003333333333333333,0.9559844005945634,0.01750566563989312,3.8239376023782534
0.13509935211980265,1.0,6.31e-05,0.01,0.0001,0.9559844005945634,0.01750566563989312,1.147181280713476
0.13509935211980265,1.0,7.94e-05,0.01,6.666666666666667e-05,0.9559844005945634,0.01750566563989312,0.7647875204756507
0.13509935211980265,1.0,0.0001,0.01,0.0,0.9559844005945634,0.01750566563989312,0.0
0.13509935211980265,1.0,0.000126,0.01,0.0,0.9559844005945634,0.01750566563989312,0.0
0.13509935211980265,1.0,0.000158,0.01,0.0,0.9559844005945634,0.01750566563989312,0.0
0.13509935211980265,1.0,0.0002,0.01,0.0,0.9559844005945634,0.01750566563989312,0.0
0.13509935211980265,1.0,0.000251,0.01,0.0,0.9559844005945634,0.01750566563989312,0.0
0.13509935211980265,1.0,0.000316,0.01,0.0,0.9559844005945634,0.01750566563989312,0.0
0.13509935211980265,1.0,0.000398,0.01,0.0,0.9559844005945634,0.01750566563989312,0.0
0.13509935211980265,1.0,0.000501,0.01,0.0,0.9559844005945634,0.01750566563989312,0.0
0.13509935211980265,1.0,0.000631,0.01,0.0,0.9559844005945634,0.01750566563989312,0.0
0.13509935211980265,1.0,0.000794,0.01,0.0,0.9559844005945634,0.01750566563989312,0.0
0.13509935211980265,1.0,0.001,0.01,0.0,0.9559844005945634,0.01750566563989312,0.0
0.13509935211980265,1.0,0.00126,0.01,0.0,0.9559844005945634,0.01750566563989312,0.0
0.13509935211980265,1.0,0.00158,0.01,0.0,0.9559844005945634,0.01750566563989312,0.0
0.13509935211980265,1.0,0.002,0.01,0.0,0.9559844005945634,0.01750566563989312,0.0
0.13509935211980265,1.0,0.00251,0.01,0.0,0.9559844005945634,0.01750566563989312,0.0
0.13509935211980265,1.0,0.00316,0.01,0.0,0.9559844005945634,0.01750566563989312,0.0
0.13509935211980265,1.0,0.00398,0.01,0.0,0.9559844005945634,0.01750566563989312,0.0
0.13509935211980265,1.0,0.00501,0.01,0.0,0.9559844005945634,0.01750566563989312,0.0
0.13509935211980265,1.0,0.00631,0.01,0.0,0.9559844005945634,0.01750566563989312,0.0
0.1414991297434576,1.0,1e-06,0.01,0.0,1.0469238421653841,0.01917091818651134,0.0
0.1414991297434576,1.0,1.26e-06,0.01,0.0,1.0469238421653841,0.01917091818651134,0.0
0.1414991297434576,1.0,1.58e-06,0.01,0.0,1.0469238421653841,0.01917091818651134,0.0
0.1414991297434576,1.0,2e-06,0.01,0.0,1.0469238421653841,0.01917091818651134,0.0
0.1414991297434576,1.0,2.51e-06,0.01,0.0,1.0469238421653841,0.01917091818651134,0.0
0.1414991297434576,1.0,3.16e-06,0.01,0.0,1.0469238421653841,0.01917091818651134,0.0
0.1414991297434576,1.0,3.98e-06,0.01,0.0,1.0469238421653841,0.01917091818651134,0.0
0.1414991297434576,1.0,5.01e-06,0.01,6.666666666666667e-05,1.0469238421653841,0.01917091818651134,0.8375390737323074
0.1414991297434576,1.0,7.94e-06,0.01,3.3333333333333335e-05,1.0469238421653841,0.01917091818651134,0.4187695368661537
0.1414991297434576,1.0,1e-05,0.01,3.3333333333333335e-05,1.0469238421653841,0.01917091818651134,0.4187695368661537
0.1414991297434576,1.0,1.26e-05,0.01,6.666666666666667e-05,1.0469238421653841,0.01917091818651134,0.8375390737323074
0.1414991297434576,1.0,1.58e-05,0.01,3.3333333333333335e-05,1.0469238421653841,0.01917091818651134,0.4187695368661537
0.1414991297434576,1.0,2e-05,0.01,0.00016666666666666666,1.0469238421653841,0.01917091818651134,2.0938476843307683
0.1414991297434576,1.0,2.51e-05,0.01,0.00016666666666666666,1.0469238421653841,0.01917091818651134,2.0938476843307683
0.1414991297434576,1.0,3.16e-05,0.01,0.0002,1.0469238421653841,0.01917091818651134,2.512617221196922
0.1414991297434576,1.0,3.98e-05,0.01,0.0003333333333333333,1.0469238421653841,0.01917091818651134,4.187695368661537
0.1414991297434576,1.0,6.31e-05,0.01,0.0001,1.0469238421653841,0.01917091818651134,1.256308610598461
0.1414991297434576,1.0,7.94e-05,0.01,6.666666666666667e-05,1.0469238421653841,0.01917091818651134,0.8375390737323074
0.1414991297434576,1.0,0.0001,0.01,0.0,1.0469238421653841,0.01917091818651134,0.0
0.1414991297434576,1.0,0.000126,0.01,0.0,1.0469238421653841,0.01917091818651134,0.0
0.1414991297434576,1.0,0.000158,0.01,0.0,1.0469238421653841,0.01917091818651134,0.0
0.1414991297434576,1.0,0.0002,0.01,0.0,1.0469238421653841,0.01917091818651134,0.0
0.1414991297434576,1.0,0.000251,0.01,0.0,1.0469238421653841,0.01917091818651134,0.0
0.1414991297434576,1.0,0.000316,0.01,0.0,1.0469238421653841,0.01917091818651134,0.0
0.1414991297434576,1.0,0.000398,0.01,0.0,1.0469238421653841,0.01917091818651134,0.0
0.1414991297434576,1.0,0.000501,0.01,0.0,1.0469238421653841,0.01917091818651134,0.0
0.1414991297434576,1.0,0.000631,0.01,0.0,1.0469238421653841,0.01917091818651134,0.0
0.1414991297434576,1.0,0.000794,0.01,0.0,1.0469238421653841,0.01917091818651134,0.0
0.1414991297434576,1.0,0.001,0.01,0.0,1.0469238421653841,0.01917091818651134,0.0
0.1414991297434576,1.0,0.00126,0.01,0.0,1.0469238421653841,0.01917091818651134,0.0
0.1414991297434576,1.0,0.00158,0.01,0.0,1.0469238421653841,0.01917091818651134,0.0
0.1414991297434576,1.0,0.002,0.01,0.0,1.0469238421653841,0.01917091818651134,0.0
0.1414991297434576,1.0,0.00251,0.01,0.0,1.0469238421653841,0.01917091818651134,0.0
0.1414991297434576,1.0,0.00316,0.01,0.0,1.0469238421653841,0.01917091818651134,0.0
0.1414991297434576,1.0,0.00398,0.01,0.0,1.0469238421653841,0.01917091818651134,0.0
0.1414991297434576,1.0,0.00501,0.01,0.0,1.0469238421653841,0.01917091818651134,0.0
0.1414991297434576,1.0,0.00631,0.01,0.0,1.0469238421653841,0.01917091818651134,0.0
0.14820207057988585,1.0,1e-06,0.01,0.0,1.1463292086415304,0.020991195909934635,0.0
0.14820207057988585,1.0,1.26e-06,0.01,0.0,1.1463292086415304,0.020991195909934635,0.0
0.14820207057988585,1.0,1.58e-06,0.01,0.0,1.1463292086415304,0.020991195909934635,0.0
0.14820207057988585,1.0,2e-06,0.01,0.0,1.1463292086415304,0.020991195909934635,0.0
0.14820207057988585,1.0,2.51e-06,0.01,0.0,1.1463292086415304,0.020991195909934635,0.0
0.14820207057988585,1.0,3.16e-06,0.01,0.0,1.1463292086415304,0.020991195909934635,0.0
0.14820207057988585,1.0,3.98e-06,0.01,0.0,1.1463292086415304,0.020991195909934635,0.0
0.14820207057988585,1.0,5.01e-06,0.01,6.666666666666667e-05,1.1463292086415304,0.020991195909934635,0.9170633669132245
0.14820207057988585,1.0,7.94e-06,0.01,3.3333333333333335e-05,1.1463292086415304,0.020991195909934635,0.45853168345661227
0.14820207057988585,1.0,1e-05,0.01,3.3333333333333335e-05,1.1463292086415304,0.020991195909934635,0.45853168345661227
0.14820207057988585,1.0,1.26e-05,0.01,6.666666666666667e-05,1.1463292086415304,0.020991195909934635,0.9170633669132245
0.14820207057988585,1.0,1.58e-05,0.01,3.3333333333333335e-05,1.1463292086415304,0.020991195909934635,0.45853168345661227
0.14820207057988585,1.0,2e-05,0.01,0.00016666666666666666,1.1463292086415304,0.020991195909934635,2.2926584172830613
0.14820207057988585,1.0,2.51e-05,0.01,0.00016666666666666666,1.1463292086415304,0.020991195909934635,2.2926584172830613
0.14820207057988585,1.0,3.16e-05,0.01,0.0002,1.1463292086415304,0.020991195909934635,2.7511901007396737
0.14820207057988585,1.0,3.98e-05,0.01,0.0003333333333333333,1.1463292086415304,0.020991195909934635,4.585316834566123
0.14820207057988585,1.0,6.31e-05,0.01,0.0001,1.1463292086415304,0.020991195909934635,1.3755950503698369
0.14820207057988585,1.0,7.94e-05,0.01,6.666666666666667e-05,1.1463292086415304,0.020991195909934635,0.9170633669132245
0.14820207057988585,1.0,0.0001,0.01,0.0,1.1463292086415304,0.020991195909934635,0.0
0.14820207057988585,1.0,0.000126,0.01,0.0,1.1463292086415304,0.020991195909934635,0.0
0.14820207057988585,1.0,0.000158,0.01,0.0,1.1463292086415304,0.020991195909934635,0.0
0.14820207057988585,1.0,0.0002,0.01,0.0,1.1463292086415304,0.020991195909934635,0.0
0.14820207057988585,1.0,0.000251,0.01,0.0,1.1463292086415304,0.020991195909934635,0.0
0.14820207057988585,1.0,0.000316,0.01,0.0,1.1463292086415304,0.020991195909934635,0.0
0.14820207057988585,1.0,0.000398,0.01,0.0,1.1463292086415304,0.020991195909934635,0.0
0.14820207057988585,1.0,0.000501,0.01,0.0,1.1463292086415304,0.020991195909934635,0.0
0.14820207057988585,1.0,0.000631,0.01,0.0,1.1463292086415304,0.020991195909934635,0.0
0.14820207057988585,1.0,0.000794,0.01,0.0,1.1463292086415304,0.020991195909934635,0.0
0.14820207057988585,1.0,0.001,0.01,0.0,1.1463292086415304,0.020991195909934635,0.0
0.14820207057988585,1.0,0.00126,0.01,0.0,1.1463292086415304,0.020991195909934635,0.0
0.14820207057988585,1.0,0.00158,0.01,0.0,1.1463292086415304,0.020991195909934635,0.0
0.14820207057988585,1.0,0.002,0.01,0.0,1.1463292086415304,0.020991195909934635,0.0
0.14820207057988585,1.0,0.00251,0.01,0.0,1.1463292086415304,0.020991195909934635,0.0
0.14820207057988585,1.0,0.00316,0.01,0.0,1.1463292086415304,0.020991195909934635,0.0
0.14820207057988585,1.0,0.00398,0.01,0.0,1.1463292086415304,0.020991195909934635,0.0
0.14820207057988585,1.0,0.00501,0.01,0.0,1.1463292086415304,0.020991195909934635,0.0
0.14820207057988585,1.0,0.00631,0.01,0.0,1.1463292086415304,0.020991195909934635,0.0
0.1552225357427048,1.0,1e-06,0.01,0.0,1.254951970275717,0.02298025948133523,0.0
0.1552225357427048,1.0,1.26e-06,0.01,0.0,1.254951970275717,0.02298025948133523,0.0
0.1552225357427048,1.0,1.58e-06,0.01,0.0,1.254951970275717,0.02298025948133523,0.0
0.1552225357427048,1.0,2e-06,0.01,0.0,1.254951970275717,0.02298025948133523,0.0
0.1552225357427048,1.0,2.51e-06,0.01,0.0,1.254951970275717,0.02298025948133523,0.0
0.1552225357427048,1.0,3.16e-06,0.01,0.0,1.254951970275717,0.02298025948133523,0.0
0.1552225357427048,1.0,3.98e-06,0.01,0.0,1.254951970275717,0.02298025948133523,0.0
0.1552225357427048,1.0,5.01e-06,0.01,6.666666666666667e-05,1.254951970275717,0.02298025948133523,1.0039615762205736
0.1552225357427048,1.0,7.94e-06,0.01,3.3333333333333335e-05,1.254951970275717,0.02298025948133523,0.5019807881102868
0.1552225357427048,1.0,1e-05,0.01,3.3333333333333335e-05,1.254951970275717,0.02298025948133523,0.5019807881102868
0.1552225357427048,1.0,1.26e-05,0.01,6.666666666666667e-05,1.254951970275717,0.02298025948133523,1.0039615762205736
0.1552225357427048,1.0,1.58e-05,0.01,3.3333333333333335e-05,1.254951970275717,0.02298025948133523,0.5019807881102868
0.1552225357427048,1.0,2e-05,0.01,0.00016666666666666666,1.254951970275717,0.02298025948133523,2.509903940551434
0.1552225357427048,1.0,2.51e-05,0.01,0.00016666666666666666,1.254951970275717,0.02298025948133523,2.509903940551434
0.1552225357427048,1.0,3.16e-05,0.01,0.0002,1.254951970275717,0.02298025948133523,3.0118847286617214
0.1552225357427048,1.0,3.98e-05,0.01,0.0003333333333333333,1.254951970275717,0.02298025948133523,5.019807881102868
0.1552225357427048,1.0,6.31e-05,0.01,0.0001,1.254951970275717,0.02298025948133523,1.5059423643308607
0.1552225357427048,1.0,7.94e-05,0.01,6.666666666666667e-05,1.254951970275717,0.02298025948133523,1.0039615762205736
0.1552225357427048,1.0,0.0001,0.01,0.0,1.254951970275717,0.02298025948133523,0.0
0.1552225357427048,1.0,0.000126,0.01,0.0,1.254951970275717,0.02298025948133523,0.0
0.1552225357427048,1.0,0.000158,0.01,0.0,1.254951970275717,0.02298025948133523,0.0
0.1552225357427048,1.0,0.0002,0.01,0.0,1.254951970275717,0.02298025948133523,0.0
0.1552225357427048,1.0,0.000251,0.01,0.0,1.254951970275717,0.02298025948133523,0.0
0.1552225357427048,1.0,0.000316,0.01,0.0,1.254951970275717,0.02298025948133523,0.0
0.1552225357427048,1.0,0.000398,0.01,0.0,1.254951970275717,0.02298025948133523,0.0
0.1552225357427048,1.0,0.000501,0.01,0.0,1.254951970275717,0.02298025948133523,0.0
0.1552225357427048,1.0,0.000631,0.01,0.0,1.254951970275717,0.02298025948133523,0.0
0.1552225357427048,1.0,0.000794,0.01,0.0,1.254951970275717,0.02298025948133523,0.0
0.1552225357427048,1.0,0.001,0.01,0.0,1.254951970275717,0.02298025948133523,0.0
0.1552225357427048,1.0,0.00126,0.01,0.0,1.254951970275717,0.02298025948133523,0.0
0.1552225357427048,1.0,0.00158,0.01,0.0,1.254951970275717,0.02298025948133523,0.0
0.1552225357427048,1.0,0.002,0.01,0.0,1.254951970275717,0.02298025948133523,0.0
0.1552225357427048,1.0,0.00251,0.01,0.0,1.254951970275717,0.02298025948133523,0.0
0.1552225357427048,1.0,0.00316,0.01,0.0,1.254951970275717,0.02298025948133523,0.0
0.1552225357427048,1.0,0.00398,0.01,0.0,1.254951970275717,0.02298025948133523,0.0
0.1552225357427048,1.0,0.00501,0.01,0.0,1.254951970275717,0.02298025948133523,0.0
0.1552225357427048,1.0,0.00631,0.01,0.0,1.254951970275717,0.02298025948133523,0.0
0.1625755666443795,1.0,1e-06,0.01,0.0,1.3736030585229781,0.02515295840547479,0.0
0.1625755666443795,1.0,1.26e-06,0.01,0.0,1.3736030585229781,0.02515295840547479,0.0
0.1625755666443795,1.0,1.58e-06,0.01,0.0,1.3736030585229781,0.02515295840547479,0.0
0.1625755666443795,1.0,2e-06,0.01,0.0,1.3736030585229781,0.02515295840547479,0.0
0.1625755666443795,1.0,2.51e-06,0.01,0.0,1.3736030585229781,0.02515295840547479,0.0
0.1625755666443795,1.0,3.16e-06,0.01,0.0,1.3736030585229781,0.02515295840547479,0.0
0.1625755666443795,1.0,3.98e-06,0.01,0.0,1.3736030585229781,0.02515295840547479,0.0
0.1625755666443795,1.0,5.01e-06,0.01,6.666666666666667e-05,1.3736030585229781,0.02515295840547479,1.0988824468183827
0.1625755666443795,1.0,7.94e-06,0.01,3.3333333333333335e-05,1.3736030585229781,0.02515295840547479,0.5494412234091913
0.1625755666443795,1.0,1e-05,0.01,3.3333333333333335e-05,1.3736030585229781,0.02515295840547479,0.5494412234091913
0.1625755666443795,1.0,1.26e-05,0.01,6.666666666666667e-05,1.3736030585229781,0.02515295840547479,1.0988824468183827
0.1625755666443795,1.0,1.58e-05,0.01,3.3333333333333335e-05,1.3736030585229781,0.02515295840547479,0.5494412234091913
0.1625755666443795,1.0,2e-05,0.01,0.00016666666666666666,1.3736030585229781,0.02515295840547479,2.7472061170459567
0.1625755666443795,1.0,2.51e-05,0.01,0.00016666666666666666,1.3736030585229781,0.02515295840547479,2.7472061170459567
0.1625755666443795,1.0,3.16e-05,0.01,0.0002,1.3736030585229781,0.02515295840547479,3.296647340455148
0.1625755666443795,1.0,3.98e-05,0.01,0.0003333333333333333,1.3736030585229781,0.02515295840547479,5.4944122340919135
0.1625755666443795,1.0,6.31e-05,0.01,0.0001,1.3736030585229781,0.02515295840547479,1.648323670227574
0.1625755666443795,1.0,7.94e-05,0.01,6.666666666666667e-05,1.3736030585229781,0.02515295840547479,1.0988824468183827
0.1625755666443795,1.0,0.0001,0.01,0.0,1.3736030585229781,0.02515295840547479,0.0
0.1625755666443795,1.0,0.000126,0.01,0.0,1.3736030585229781,0.02515295840547479,0.0
0.1625755666443795,1.0,0.000158,0.01,0.0,1.3736030585229781,0.02515295840547479,0.0
0.1625755666443795,1.0,0.0002,0.01,0.0,1.3736030585229781,0.02515295840547479,0.0
0.1625755666443795,1.0,0.000251,0.01,0.0,1.3736030585229781,0.02515295840547479,0.0
0.1625755666443795,1.0,0.000316,0.01,0.0,1.3736030585229781,0.02515295840547479,0.0
0.1625755666443795,1.0,0.000398,0.01,0.0,1.3736030585229781,0.02515295840547479,0.0
0.1625755666443795,1.0,0.000501,0.01,0.0,1.3736030585229781,0.02515295840547479,0.0
0.1625755666443795,1.0,0.000631,0.01,0.0,1.3736030585229781,0.02515295840547479,0.0
0.1625755666443795,1.0,0.000794,0.01,0.0,1.3736030585229781,0.02515295840547479,0.0
0.1625755666443795,1.0,0.001,0.01,0.0,1.3736030585229781,0.02515295840547479,0.0
0.1625755666443795,1.0,0.00126,0.01,0.0,1.3736030585229781,0.02515295840547479,0.0
0.1625755666443795,1.0,0.00158,0.01,0.0,1.3736030585229781,0.02515295840547479,0.0
0.1625755666443795,1.0,0.002,0.01,0.0,1.3736030585229781,0.02515295840547479,0.0
0.1625755666443795,1.0,0.00251,0.01,0.0,1.3736030585229781,0.02515295840547479,0.0
0.1625755666443795,1.0,0.00316,0.01,0.0,1.3736030585229781,0.02515295840547479,0.0
0.1625755666443795,1.0,0.00398,0.01,0.0,1.3736030585229781,0.02515295840547479,0.0
0.1625755666443795,1.0,0.00501,0.01,0.0,1.3736030585229781,0.02515295840547479,0.0
0.1625755666443795,1.0,0.00631,0.01,0.0,1.3736030585229781,0.02515295840547479,0.0
0.17027691722258995,1.0,1e-06,0.01,0.0,1.5031561282199315,0.027525290756636723,0.0
0.17027691722258995,1.0,1.26e-06,0.01,0.0,1.5031561282199315,0.027525290756636723,0.0
0.17027691722258995,1.0,1.58e-06,0.01,0.0,1.5031561282199315,0.027525290756636723,0.0
0.17027691722258995,1.0,2e-06,0.01,0.0,1.5031561282199315,0.027525290756636723,0.0
0.17027691722258995,1.0,2.51e-06,0.01,0.0,1.5031561282199315,0.027525290756636723,0.0
0.17027691722258995,1.0,3.16e-06,0.01,0.0,1.5031561282199315,0.027525290756636723,0.0
0.17027691722258995,1.0,3.98e-06,0.01,0.0,1.5031561282199315,0.027525290756636723,0.0
0.17027691722258995,1.0,5.01e-06,0.01,6.666666666666667e-05,1.5031561282199315,0.027525290756636723,1.2025249025759452
0.17027691722258995,1.0,7.94e-06,0.01,3.3333333333333335e-05,1.5031561282199315,0.027525290756636723,0.6012624512879726
0.17027691722258995,1.0,1e-05,0.01,3.3333333333333335e-05,1.5031561282199315,0.027525290756636723,0.6012624512879726
0.17027691722258995,1.0,1.26e-05,0.01,6.666666666666667e-05,1.5031561282199315,0.027525290756636723,1.2025249025759452
0.17027691722258995,1.0,1.58e-05,0.01,3.3333333333333335e-05,1.5031561282199315,0.027525290756636723,0.6012624512879726
0.17027691722258995,1.0,2e-05,0.01,0.00016666666666666666,1.5031561282199315,0.027525290756636723,3.006312256439863
0.17027691722258995,1.0,2.51e-05,0.01,0.00016666666666666666,1.5031561282199315,0.027525290756636723,3.006312256439863
0.17027691722258995,1.0,3.16e-05,0.01,0.0002,1.5031561282199315,0.027525290756636723,3.607574707727836
0.17027691722258995,1.0,3.98e-05,0.01,0.0003333333333333333,1.5031561282199315,0.027525290756636723,6.012624512879726
0.17027691722258995,1.0,6.31e-05,0.01,0.0001,1.5031561282199315,0.027525290756636723,1.803787353863918
0.17027691722258995,1.0,7.94e-05,0.01,6.666666666666667e-05,1.5031561282199315,0.027525290756636723,1.2025249025759452
0.17027691722258995,1.0,0.0001,0.01,0.0,1.5031561282199315,0.027525290756636723,0.0
0.17027691722258995,1.0,0.000126,0.01,0.0,1.5031561282199315,0.027525290756636723,0.0
0.17027691722258995,1.0,0.000158,0.01,0.0,1.5031561282199315,0.027525290756636723,0.0
0.17027691722258995,1.0,0.0002,0.01,0.0,1.5031561282199315,0.027525290756636723,0.0
0.17027691722258995,1.0,0.000251,0.01,0.0,1.5031561282199315,0.027525290756636723,0.0
0.17027691722258995,1.0,0.000316,0.01,0.0,1.5031561282199315,0.027525290756636723,0.0
0.17027691722258995,1.0,0.000398,0.01,0.0,1.5031561282199315,0.027525290756636723,0.0
0.17027691722258995,1.0,0.000501,0.01,0.0,1.5031561282199315,0.027525290756636723,0.0
0.17027691722258995,1.0,0.000631,0.01,0.0,1.5031561282199315,0.027525290756636723,0.0
0.17027691722258995,1.0,0.000794,0.01,0.0,1.5031561282199315,0.027525290756636723,0.0
0.17027691722258995,1.0,0.001,0.01,0.0,1.5031561282199315,0.027525290756636723,0.0
0.17027691722258995,1.0,0.00126,0.01,0.0,1.5031561282199315,0.027525290756636723,0.0
0.17027691722258995,1.0,0.00158,0.01,0.0,1.5031561282199315,0.027525290756636723,0.0
0.17027691722258995,1.0,0.002,0.01,0.0,1.5031561282199315,0.027525290756636723,0.0
0.17027691722258995,1.0,0.00251,0.01,0.0,1.5031561282199315,0.027525290756636723,0.0
0.17027691722258995,1.0,0.00316,0.01,0.0,1.5031561282199315,0.027525290756636723,0.0
0.17027691722258995,1.0,0.00398,0.01,0.0,1.5031561282199315,0.027525290756636723,0.0
0.17027691722258995,1.0,0.00501,0.01,0.0,1.5031561282199315,0.027525290756636723,0.0
0.17027691722258995,1.0,0.00631,0.01,0.0,1.5031561282199315,0.027525290756636723,0.0
0.17834308769319093,1.0,1e-06,0.01,0.0,1.6445506941612058,0.030114460614561543,0.0
0.17834308769319093,1.0,1.26e-06,0.01,0.0,1.6445506941612058,0.030114460614561543,0.0
0.17834308769319093,1.0,1.58e-06,0.01,0.0,1.6445506941612058,0.030114460614561543,0.0
0.17834308769319093,1.0,2e-06,0.01,0.0,1.6445506941612058,0.030114460614561543,0.0
0.17834308769319093,1.0,2.51e-06,0.01,0.0,1.6445506941612058,0.030114460614561543,0.0
0.17834308769319093,1.0,3.16e-06,0.01,0.0,1.6445506941612058,0.030114460614561543,0.0
0.17834308769319093,1.0,3.98e-06,0.01,0.0,1.6445506941612058,0.030114460614561543,0.0
0.17834308769319093,1.0,5.01e-06,0.01,6.666666666666667e-05,1.6445506941612058,0.030114460614561543,1.3156405553289647
0.17834308769319093,1.0,7.94e-06,0.01,3.3333333333333335e-05,1.6445506941612058,0.030114460614561543,0.6578202776644824
0.17834308769319093,1.0,1e-05,0.01,3.3333333333333335e-05,1.6445506941612058,0.030114460614561543,0.6578202776644824
0.17834308769319093,1.0,1.26e-05,0.01,6.666666666666667e-05,1.6445506941612058,0.030114460614561543,1.3156405553289647
0.17834308769319093,1.0,1.58e-05,0.01,3.3333333333333335e-05,1.6445506941612058,0.030114460614561543,0.6578202776644824
0.17834308769319093,1.0,2e-05,0.01,0.00016666666666666666,1.6445506941612058,0.030114460614561543,3.289101388322411
0.17834308769319093,1.0,2.51e-05,0.01,0.00016666666666666666,1.6445506941612058,0.030114460614561543,3.289101388322411
0.17834308769319093,1.0,3.16e-05,0.01,0.0002,1.6445506941612058,0.030114460614561543,3.946921665986894
0.17834308769319093,1.0,3.98e-05,0.01,0.0003333333333333333,1.6445506941612058,0.030114460614561543,6.578202776644822
0.17834308769319093,1.0,6.31e-05,0.01,0.0001,1.6445506941612058,0.030114460614561543,1.973460832993447
0.17834308769319093,1.0,7.94e-05,0.01,6.666666666666667e-05,1.6445506941612058,0.030114460614561543,1.3156405553289647
0.17834308769319093,1.0,0.0001,0.01,0.0,1.6445506941612058,0.030114460614561543,0.0
0.17834308769319093,1.0,0.000126,0.01,0.0,1.6445506941612058,0.030114460614561543,0.0
0.17834308769319093,1.0,0.000158,0.01,0.0,1.6445506941612058,0.030114460614561543,0.0
0.17834308769319093,1.0,0.0002,0.01,0.0,1.6445506941612058,0.030114460614561543,0.0
0.17834308769319093,1.0,0.000251,0.01,0.0,1.6445506941612058,0.030114460614561543,0.0
0.17834308769319093,1.0,0.000316,0.01,0.0,1.6445506941612058,0.030114460614561543,0.0
0.17834308769319093,1.0,0.000398,0.01,0.0,1.6445506941612058,0.030114460614561543,0.0
0.17834308769319093,1.0,0.000501,0.01,0.0,1.6445506941612058,0.030114460614561543,0.0
0.17834308769319093,1.0,0.000631,0.01,0.0,1.6445506941612058,0.030114460614561543,0.0
0.17834308769319093,1.0,0.000794,0.01,0.0,1.6445506941612058,0.030114460614561543,0.0
0.17834308769319093,1.0,0.001,0.01,0.0,1.6445506941612058,0.030114460614561543,0.0
0.17834308769319093,1.0,0.00126,0.01,0.0,1.6445506941612058,0.030114460614561543,0.0
0.17834308769319093,1.0,0.00158,0.01,0.0,1.6445506941612058,0.030114460614561543,0.0
0.17834308769319093,1.0,0.002,0.01,0.0,1.6445506941612058,0.030114460614561543,0.0
0.17834308769319093,1.0,0.00251,0.01,0.0,1.6445506941612058,0.030114460614561543,0.0
0.17834308769319093,1.0,0.00316,0.01,0.0,1.6445506941612058,0.030114460614561543,0.0
0.17834308769319093,1.0,0.00398,0.01,0.0,1.6445506941612058,0.030114460614561543,0.0
0.17834308769319093,1.0,0.00501,0.01,0.0,1.6445506941612058,0.030114460614561543,0.0
0.17834308769319093,1.0,0.00631,0.01,0.0,1.6445506941612058,0.030114460614561543,0.0
0.1867913599020783,1.0,1e-06,0.01,0.0,1.798795059664564,0.03293893169134891,0.0
0.1867913599020783,1.0,1.26e-06,0.01,0.0,1.798795059664564,0.03293893169134891,0.0
0.1867913599020783,1.0,1.58e-06,0.01,0.0,1.798795059664564,0.03293893169134891,0.0
0.1867913599020783,1.0,2e-06,0.01,0.0,1.798795059664564,0.03293893169134891,0.0
0.1867913599020783,1.0,2.51e-06,0.01,0.0,1.798795059664564,0.03293893169134891,0.0
0.1867913599020783,1.0,3.16e-06,0.01,0.0,1.798795059664564,0.03293893169134891,0.0
0.1867913599020783,1.0,3.98e-06,0.01,0.0,1.798795059664564,0.03293893169134891,0.0
0.1867913599020783,1.0,5.01e-06,0.01,6.666666666666667e-05,1.798795059664564,0.03293893169134891,1.4390360477316515
0.1867913599020783,1.0,7.94e-06,0.01,3.3333333333333335e-05,1.798795059664564,0.03293893169134891,0.7195180238658258
0.1867913599020783,1.0,1e-05,0.01,3.3333333333333335e-05,1.798795059664564,0.03293893169134891,0.7195180238658258
0.1867913599020783,1.0,1.26e-05,0.01,6.666666666666667e-05,1.798795059664564,0.03293893169134891,1.4390360477316515
0.1867913599020783,1.0,1.58e-05,0.01,3.3333333333333335e-05,1.798795059664564,0.03293893169134891,0.7195180238658258
0.1867913599020783,1.0,2e-05,0.01,0.00016666666666666666,1.798795059664564,0.03293893169134891,3.5975901193291286
0.1867913599020783,1.0,2.51e-05,0.01,0.00016666666666666666,1.798795059664564,0.03293893169134891,3.5975901193291286
0.1867913599020783,1.0,3.16e-05,0.01,0.0002,1.798795059664564,0.03293893169134891,4.317108143194955
0.1867913599020783,1.0,3.98e-05,0.01,0.0003333333333333333,1.798795059664564,0.03293893169134891,7.195180238658257
0.1867913599020783,1.0,6.31e-05,0.01,0.0001,1.798795059664564,0.03293893169134891,2.1585540715974774
0.1867913599020783,1.0,7.94e-05,0.01,6.666666666666667e-05,1.798795059664564,0.03293893169134891,1.4390360477316515
0.1867913599020783,1.0,0.0001,0.01,0.0,1.798795059664564,0.03293893169134891,0.0
0.1867913599020783,1.0,0.000126,0.01,0.0,1.798795059664564,0.03293893169134891,0.0
0.1867913599020783,1.0,0.000158,0.01,0.0,1.798795059664564,0.03293893169134891,0.0
0.1867913599020783,1.0,0.0002,0.01,0.0,1.798795059664564,0.03293893169134891,0.0
0.1867913599020783,1.0,0.000251,0.01,0.0,1.798795059664564,0.03293893169134891,0.0
0.1867913599020783,1.0,0.000316,0.01,0.0,1.798795059664564,0.03293893169134891,0.0
0.1867913599020783,1.0,0.000398,0.01,0.0,1.798795059664564,0.03293893169134891,0.0
0.1867913599020783,1.0,0.000501,0.01,0.0,1.798795059664564,0.03293893169134891,0.0
0.1867913599020783,1.0,0.000631,0.01,0.0,1.798795059664564,0.03293893169134891,0.0
0.1867913599020783,1.0,0.000794,0.01,0.0,1.798795059664564,0.03293893169134891,0.0
0.1867913599020783,1.0,0.001,0.01,0.0,1.798795059664564,0.03293893169134891,0.0
0.1867913599020783,1.0,0.00126,0.01,0.0,1.798795059664564,0.03293893169134891,0.0
0.1867913599020783,1.0,0.00158,0.01,0.0,1.798795059664564,0.03293893169134891,0.0
0.1867913599020783,1.0,0.002,0.01,0.0,1.798795059664564,0.03293893169134891,0.0
0.1867913599020783,1.0,0.00251,0.01,0.0,1.798795059664564,0.03293893169134891,0.0
0.1867913599020783,1.0,0.00316,0.01,0.0,1.798795059664564,0.03293893169134891,0.0
0.1867913599020783,1.0,0.00398,0.01,0.0,1.798795059664564,0.03293893169134891,0.0
0.1867913599020783,1.0,0.00501,0.01,0.0,1.798795059664564,0.03293893169134891,0.0
0.1867913599020783,1.0,0.00631,0.01,0.0,1.798795059664564,0.03293893169134891,0.0
0.19563983435170648,1.0,1e-06,0.01,0.0,1.9669689379413826,0.036018475333114496,0.0
0.19563983435170648,1.0,1.26e-06,0.01,0.0,1.9669689379413826,0.036018475333114496,0.0
0.19563983435170648,1.0,1.58e-06,0.01,0.0,1.9669689379413826,0.036018475333114496,0.0
0.19563983435170648,1.0,2e-06,0.01,0.0,1.9669689379413826,0.036018475333114496,0.0
0.19563983435170648,1.0,2.51e-06,0.01,0.0,1.9669689379413826,0.036018475333114496,0.0
0.19563983435170648,1.0,3.16e-06,0.01,0.0,1.9669689379413826,0.036018475333114496,0.0
0.19563983435170648,1.0,3.98e-06,0.01,0.0,1.9669689379413826,0.036018475333114496,0.0
0.19563983435170648,1.0,5.01e-06,0.01,6.666666666666667e-05,1.9669689379413826,0.036018475333114496,1.5735751503531061
0.19563983435170648,1.0,7.94e-06,0.01,3.3333333333333335e-05,1.9669689379413826,0.036018475333114496,0.7867875751765531
0.19563983435170648,1.0,1e-05,0.01,3.3333333333333335e-05,1.9669689379413826,0.036018475333114496,0.7867875751765531
0.19563983435170648,1.0,1.26e-05,0.01,6.666666666666667e-05,1.9669689379413826,0.036018475333114496,1.5735751503531061
0.19563983435170648,1.0,1.58e-05,0.01,3.3333333333333335e-05,1.9669689379413826,0.036018475333114496,0.7867875751765531
0.19563983435170648,1.0,2e-05,0.01,0.00016666666666666666,1.9669689379413826,0.036018475333114496,3.9339378758827652
0.19563983435170648,1.0,2.51e-05,0.01,0.00016666666666666666,1.9669689379413826,0.036018475333114496,3.9339378758827652
0.19563983435170648,1.0,3.16e-05,0.01,0.0002,1.9669689379413826,0.036018475333114496,4.720725451059319
0.19563983435170648,1.0,3.98e-05,0.01,0.0003333333333333333,1.9669689379413826,0.036018475333114496,7.8678757517655304
0.19563983435170648,1.0,6.31e-05,0.01,0.0001,1.9669689379413826,0.036018475333114496,2.3603627255296593
0.19563983435170648,1.0,7.94e-05,0.01,6.666666666666667e-05,1.9669689379413826,0.036018475333114496,1.5735751503531061
0.19563983435170648,1.0,0.0001,0.01,0.0,1.9669689379413826,0.036018475333114496,0.0
0.19563983435170648,1.0,0.000126,0.01,0.0,1.9669689379413826,0.036018475333114496,0.0
0.19563983435170648,1.0,0.000158,0.01,0.0,1.9669689379413826,0.036018475333114496,0.0
0.19563983435170648,1.0,0.0002,0.01,0.0,1.9669689379413826,0.036018475333114496,0.0
0.19563983435170648,1.0,0.000251,0.01,0.0,1.9669689379413826,0.036018475333114496,0.0
0.19563983435170648,1.0,0.000316,0.01,0.0,1.9669689379413826,0.036018475333114496,0.0
0.19563983435170648,1.0,0.000398,0.01,0.0,1.9669689379413826,0.036018475333114496,0.0
0.19563983435170648,1.0,0.000501,0.01,0.0,1.9669689379413826,0.036018475333114496,0.0
0.19563983435170648,1.0,0.000631,0.01,0.0,1.9669689379413826,0.036018475333114496,0.0
0.19563983435170648,1.0,0.000794,0.01,0.0,1.9669689379413826,0.036018475333114496,0.0
0.19563983435170648,1.0,0.001,0.01,0.0,1.9669689379413826,0.036018475333114496,0.0
0.19563983435170648,1.0,0.00126,0.01,0.0,1.9669689379413826,0.036018475333114496,0.0
0.19563983435170648,1.0,0.00158,0.01,0.0,1.9669689379413826,0.036018475333114496,0.0
0.19563983435170648,1.0,0.002,0.01,0.0,1.9669689379413826,0.036018475333114496,0.0
0.19563983435170648,1.0,0.00251,0.01,0.0,1.9669689379413826,0.036018475333114496,0.0
0.19563983435170648,1.0,0.00316,0.01,0.0,1.9669689379413826,0.036018475333114496,0.0
0.19563983435170648,1.0,0.00398,0.01,0.0,1.9669689379413826,0.036018475333114496,0.0
0.19563983435170648,1.0,0.00501,0.01,0.0,1.9669689379413826,0.036018475333114496,0.0
0.19563983435170648,1.0,0.00631,0.01,0.0,1.9669689379413826,0.036018475333114496,0.0
0.20490746898158482,1.0,1e-06,0.01,0.0,2.1502256483407423,0.03937421073687497,0.0
0.20490746898158482,1.0,1.26e-06,0.01,0.0,2.1502256483407423,0.03937421073687497,0.0
0.20490746898158482,1.0,1.58e-06,0.01,0.0,2.1502256483407423,0.03937421073687497,0.0
0.20490746898158482,1.0,2e-06,0.01,0.0,2.1502256483407423,0.03937421073687497,0.0
0.20490746898158482,1.0,2.51e-06,0.01,0.0,2.1502256483407423,0.03937421073687497,0.0
0.20490746898158482,1.0,3.16e-06,0.01,0.0,2.1502256483407423,0.03937421073687497,0.0
0.20490746898158482,1.0,3.98e-06,0.01,0.0,2.1502256483407423,0.03937421073687497,0.0
0.20490746898158482,1.0,5.01e-06,0.01,6.666666666666667e-05,2.1502256483407423,0.03937421073687497,1.7201805186725938
0.20490746898158482,1.0,7.94e-06,0.01,3.3333333333333335e-05,2.1502256483407423,0.03937421073687497,0.8600902593362969
0.20490746898158482,1.0,1e-05,0.01,3.3333333333333335e-05,2.1502256483407423,0.03937421073687497,0.8600902593362969
0.20490746898158482,1.0,1.26e-05,0.01,6.666666666666667e-05,2.1502256483407423,0.03937421073687497,1.7201805186725938
0.20490746898158482,1.0,1.58e-05,0.01,3.3333333333333335e-05,2.1502256483407423,0.03937421073687497,0.8600902593362969
0.20490746898158482,1.0,2e-05,0.01,0.00016666666666666666,2.1502256483407423,0.03937421073687497,4.3004512966814845
0.20490746898158482,1.0,2.51e-05,0.01,0.00016666666666666666,2.1502256483407423,0.03937421073687497,4.3004512966814845
0.20490746898158482,1.0,3.16e-05,0.01,0.0002,2.1502256483407423,0.03937421073687497,5.160541556017782
0.20490746898158482,1.0,3.98e-05,0.01,0.0003333333333333333,2.1502256483407423,0.03937421073687497,8.600902593362969
0.20490746898158482,1.0,6.31e-05,0.01,0.0001,2.1502256483407423,0.03937421073687497,2.580270778008891
0.20490746898158482,1.0,7.94e-05,0.01,6.666666666666667e-05,2.1502256483407423,0.03937421073687497,1.7201805186725938
0.20490746898158482,1.0,0.0001,0.01,0.0,2.1502256483407423,0.03937421073687497,0.0
0.20490746898158482,1.0,0.000126,0.01,0.0,2.1502256483407423,0.03937421073687497,0.0
0.20490746898158482,1.0,0.000158,0.01,0.0,2.1502256483407423,0.03937421073687497,0.0
0.20490746898158482,1.0,0.0002,0.01,0.0,2.1502256483407423,0.03937421073687497,0.0
0.20490746898158482,1.0,0.000251,0.01,0.0,2.1502256483407423,0.03937421073687497,0.0
0.20490746898158482,1.0,0.000316,0.01,0.0,2.1502256483407423,0.03937421073687497,0.0
0.20490746898158482,1.0,0.000398,0.01,0.0,2.1502256483407423,0.03937421073687497,0.0
0.20490746898158482,1.0,0.000501,0.01,0.0,2.1502256483407423,0.03937421073687497,0.0
0.20490746898158482,1.0,0.000631,0.01,0.0,2.1502256483407423,0.03937421073687497,0.0
0.20490746898158482,1.0,0.000794,0.01,0.0,2.1502256483407423,0.03937421073687497,0.0
0.20490746898158482,1.0,0.001,0.01,0.0,2.1502256483407423,0.03937421073687497,0.0
0.20490746898158482,1.0,0.00126,0.01,0.0,2.1502256483407423,0.03937421073687497,0.0
0.20490746898158482,1.0,0.00158,0.01,0.0,2.1502256483407423,0.03937421073687497,0.0
0.20490746898158482,1.0,0.002,0.01,0.0,2.1502256483407423,0.03937421073687497,0.0
0.20490746898158482,1.0,0.00251,0.01,0.0,2.1502256483407423,0.03937421073687497,0.0
0.20490746898158482,1.0,0.00316,0.01,0.0,2.1502256483407423,0.03937421073687497,0.0
0.20490746898158482,1.0,0.00398,0.01,0.0,2.1502256483407423,0.03937421073687497,0.0
0.20490746898158482,1.0,0.00501,0.01,0.0,2.1502256483407423,0.03937421073687497,0.0
0.20490746898158482,1.0,0.00631,0.01,0.0,2.1502256483407423,0.03937421073687497,0.0
0.21461411978584036,1.0,1e-06,0.01,0.0,2.349793748887907,0.04302863484504499,0.0
0.21461411978584036,1.0,1.26e-06,0.01,0.0,2.349793748887907,0.04302863484504499,0.0
0.21461411978584036,1.0,1.58e-06,0.01,0.0,2.349793748887907,0.04302863484504499,0.0
0.21461411978584036,1.0,2e-06,0.01,0.0,2.349793748887907,0.04302863484504499,0.0
0.21461411978584036,1.0,2.51e-06,0.01,0.0,2.349793748887907,0.04302863484504499,0.0
0.21461411978584036,1.0,3.16e-06,0.01,0.0,2.349793748887907,0.04302863484504499,0.0
0.21461411978584036,1.0,3.98e-06,0.01,0.0,2.349793748887907,0.04302863484504499,0.0
0.21461411978584036,1.0,5.01e-06,0.01,6.666666666666667e-05,2.349793748887907,0.04302863484504499,1.8798349991103256
0.21461411978584036,1.0,7.94e-06,0.01,3.3333333333333335e-05,2.349793748887907,0.04302863484504499,0.9399174995551628
0.21461411978584036,1.0,1e-05,0.01,3.3333333333333335e-05,2.349793748887907,0.04302863484504499,0.9399174995551628
0.21461411978584036,1.0,1.26e-05,0.01,6.666666666666667e-05,2.349793748887907,0.04302863484504499,1.8798349991103256
0.21461411978584036,1.0,1.58e-05,0.01,3.3333333333333335e-05,2.349793748887907,0.04302863484504499,0.9399174995551628
0.21461411978584036,1.0,2e-05,0.01,0.00016666666666666666,2.349793748887907,0.04302863484504499,4.699587497775814
0.21461411978584036,1.0,2.51e-05,0.01,0.00016666666666666666,2.349793748887907,0.04302863484504499,4.699587497775814
0.21461411978584036,1.0,3.16e-05,0.01,0.0002,2.349793748887907,0.04302863484504499,5.639504997330977
0.21461411978584036,1.0,3.98e-05,0.01,0.0003333333333333333,2.349793748887907,0.04302863484504499,9.399174995551627
0.21461411978584036,1.0,6.31e-05,0.01,0.0001,2.349793748887907,0.04302863484504499,2.8197524986654887
0.21461411978584036,1.0,7.94e-05,0.01,6.666666666666667e-05,2.349793748887907,0.04302863484504499,1.8798349991103256
0.21461411978584036,1.0,0.0001,0.01,0.0,2.349793748887907,0.04302863484504499,0.0
0.21461411978584036,1.0,0.000126,0.01,0.0,2.349793748887907,0.04302863484504499,0.0
0.21461411978584036,1.0,0.000158,0.01,0.0,2.349793748887907,0.04302863484504499,0.0
0.21461411978584036,1.0,0.0002,0.01,0.0,2.349793748887907,0.04302863484504499,0.0
0.21461411978584036,1.0,0.000251,0.01,0.0,2.349793748887907,0.04302863484504499,0.0
0.21461411978584036,1.0,0.000316,0.01,0.0,2.349793748887907,0.04302863484504499,0.0
0.21461411978584036,1.0,0.000398,0.01,0.0,2.349793748887907,0.04302863484504499,0.0
0.21461411978584036,1.0,0.000501,0.01,0.0,2.349793748887907,0.04302863484504499,0.0
0.21461411978584036,1.0,0.000631,0.01,0.0,2.349793748887907,0.04302863484504499,0.0
0.21461411978584036,1.0,0.000794,0.01,0.0,2.349793748887907,0.04302863484504499,0.0
0.21461411978584036,1.0,0.001,0.01,0.0,2.349793748887907,0.04302863484504499,0.0
0.21461411978584036,1.0,0.00126,0.01,0.0,2.349793748887907,0.04302863484504499,0.0
0.21461411978584036,1.0,0.00158,0.01,0.0,2.349793748887907,0.04302863484504499,0.0
0.21461411978584036,1.0,0.002,0.01,0.0,2.349793748887907,0.04302863484504499,0.0
0.21461411978584036,1.0,0.00251,0.01,0.0,2.349793748887907,0.04302863484504499,0.0
0.21461411978584036,1.0,0.00316,0.01,0.0,2.349793748887907,0.04302863484504499,0.0
0.21461411978584036,1.0,0.00398,0.01,0.0,2.349793748887907,0.04302863484504499,0.0
0.21461411978584036,1.0,0.00501,0.01,0.0,2.349793748887907,0.04302863484504499,0.0
0.21461411978584036,1.0,0.00631,0.01,0.0,2.349793748887907,0.04302863484504499,0.0
0.22478058335487253,1.0,1e-06,0.01,0.0,2.566977944187908,0.047005638970663025,0.0
0.22478058335487253,1.0,1.26e-06,0.01,0.0,2.566977944187908,0.047005638970663025,0.0
0.22478058335487253,1.0,1.58e-06,0.01,0.0,2.566977944187908,0.047005638970663025,0.0
0.22478058335487253,1.0,2e-06,0.01,0.0,2.566977944187908,0.047005638970663025,0.0
0.22478058335487253,1.0,2.51e-06,0.01,0.0,2.566977944187908,0.047005638970663025,0.0
0.22478058335487253,1.0,3.16e-06,0.01,0.0,2.566977944187908,0.047005638970663025,0.0
0.22478058335487253,1.0,3.98e-06,0.01,0.0,2.566977944187908,0.047005638970663025,0.0
0.22478058335487253,1.0,5.01e-06,0.01,6.666666666666667e-05,2.566977944187908,0.047005638970663025,2.0535823553503265
0.22478058335487253,1.0,7.94e-06,0.01,3.3333333333333335e-05,2.566977944187908,0.047005638970663025,1.0267911776751633
0.22478058335487253,1.0,1e-05,0.01,3.3333333333333335e-05,2.566977944187908,0.047005638970663025,1.0267911776751633
0.22478058335487253,1.0,1.26e-05,0.01,6.666666666666667e-05,2.566977944187908,0.047005638970663025,2.0535823553503265
0.22478058335487253,1.0,1.58e-05,0.01,3.3333333333333335e-05,2.566977944187908,0.047005638970663025,1.0267911776751633
0.22478058335487253,1.0,2e-05,0.01,0.00016666666666666666,2.566977944187908,0.047005638970663025,5.133955888375816
0.22478058335487253,1.0,2.51e-05,0.01,0.00016666666666666666,2.566977944187908,0.047005638970663025,5.133955888375816
0.22478058335487253,1.0,3.16e-05,0.01,0.0002,2.566977944187908,0.047005638970663025,6.1607470660509795
0.22478058335487253,1.0,3.98e-05,0.01,0.0003333333333333333,2.566977944187908,0.047005638970663025,10.267911776751632
0.22478058335487253,1.0,6.31e-05,0.01,0.0001,2.566977944187908,0.047005638970663025,3.0803735330254898
0.22478058335487253,1.0,7.94e-05,0.01,6.666666666666667e-05,2.566977944187908,0.047005638970663025,2.0535823553503265
0.22478058335487253,1.0,0.0001,0.01,0.0,2.566977944187908,0.047005638970663025,0.0
0.22478058335487253,1.0,0.000126,0.01,0.0,2.566977944187908,0.047005638970663025,0.0
0.22478058335487253,1.0,0.000158,0.01,0.0,2.566977944187908,0.047005638970663025,0.0
0.22478058335487253,1.0,0.0002,0.01,0.0,2.566977944187908,0.047005638970663025,0.0
0.22478058335487253,1.0,0.000251,0.01,0.0,2.566977944187908,0.047005638970663025,0.0
0.22478058335487253,1.0,0.000316,0.01,0.0,2.566977944187908,0.047005638970663025,0.0
0.22478058335487253,1.0,0.000398,0.01,0.0,2.566977944187908,0.047005638970663025,0.0
0.22478058335487253,1.0,0.000501,0.01,0.0,2.566977944187908,0.047005638970663025,0.0
0.22478058335487253,1.0,0.000631,0.01,0.0,2.566977944187908,0.047005638970663025,0.0
0.22478058335487253,1.0,0.000794,0.01,0.0,2.566977944187908,0.047005638970663025,0.0
0.22478058335487253,1.0,0.001,0.01,0.0,2.566977944187908,0.047005638970663025,0.0
0.22478058335487253,1.0,0.00126,0.01,0.0,2.566977944187908,0.047005638970663025,0.0
0.22478058335487253,1.0,0.00158,0.01,0.0,2.566977944187908,0.047005638970663025,0.0
0.22478058335487253,1.0,0.002,0.01,0.0,2.566977944187908,0.047005638970663025,0.0
0.22478058335487253,1.0,0.00251,0.01,0.0,2.566977944187908,0.047005638970663025,0.0
0.22478058335487253,1.0,0.00316,0.01,0.0,2.566977944187908,0.047005638970663025,0.0
0.22478058335487253,1.0,0.00398,0.01,0.0,2.566977944187908,0.047005638970663025,0.0
0.22478058335487253,1.0,0.00501,0.01,0.0,2.566977944187908,0.047005638970663025,0.0
0.22478058335487253,1.0,0.00631,0.01,0.0,2.566977944187908,0.047005638970663025,0.0
0.2354286414322418,1.0,1e-06,0.01,0.0,2.8031590840709955,0.05133050877258736,0.0
0.2354286414322418,1.0,1.26e-06,0.01,0.0,2.8031590840709955,0.05133050877258736,0.0
0.2354286414322418,1.0,1.58e-06,0.01,0.0,2.8031590840709955,0.05133050877258736,0.0
0.2354286414322418,1.0,2e-06,0.01,0.0,2.8031590840709955,0.05133050877258736,0.0
0.2354286414322418,1.0,2.51e-06,0.01,0.0,2.8031590840709955,0.05133050877258736,0.0
0.2354286414322418,1.0,3.16e-06,0.01,0.0,2.8031590840709955,0.05133050877258736,0.0
0.2354286414322418,1.0,3.98e-06,0.01,0.0,2.8031590840709955,0.05133050877258736,0.0
0.2354286414322418,1.0,5.01e-06,0.01,6.666666666666667e-05,2.8031590840709955,0.05133050877258736,2.2425272672567966
0.2354286414322418,1.0,7.94e-06,0.01,3.3333333333333335e-05,2.8031590840709955,0.05133050877258736,1.1212636336283983
0.2354286414322418,1.0,1e-05,0.01,3.3333333333333335e-05,2.8031590840709955,0.05133050877258736,1.1212636336283983
0.2354286414322418,1.0,1.26e-05,0.01,6.666666666666667e-05,2.8031590840709955,0.05133050877258736,2.2425272672567966
0.2354286414322418,1.0,1.58e-05,0.01,3.3333333333333335e-05,2.8031590840709955,0.05133050877258736,1.1212636336283983
0.2354286414322418,1.0,2e-05,0.01,0.00016666666666666666,2.8031590840709955,0.05133050877258736,5.606318168141991
0.2354286414322418,1.0,2.51e-05,0.01,0.00016666666666666666,2.8031590840709955,0.05133050877258736,5.606318168141991
0.2354286414322418,1.0,3.16e-05,0.01,0.0002,2.8031590840709955,0.05133050877258736,6.72758180177039
0.2354286414322418,1.0,3.98e-05,0.01,0.0003333333333333333,2.8031590840709955,0.05133050877258736,11.212636336283982
0.2354286414322418,1.0,6.31e-05,0.01,0.0001,2.8031590840709955,0.05133050877258736,3.363790900885195
0.2354286414322418,1.0,7.94e-05,0.01,6.666666666666667e-05,2.8031590840709955,0.05133050877258736,2.2425272672567966
0.2354286414322418,1.0,0.0001,0.01,0.0,2.8031590840709955,0.05133050877258736,0.0
0.2354286414322418,1.0,0.000126,0.01,0.0,2.8031590840709955,0.05133050877258736,0.0
0.2354286414322418,1.0,0.000158,0.01,0.0,2.8031590840709955,0.05133050877258736,0.0
0.2354286414322418,1.0,0.0002,0.01,0.0,2.8031590840709955,0.05133050877258736,0.0
0.2354286414322418,1.0,0.000251,0.01,0.0,2.8031590840709955,0.05133050877258736,0.0
0.2354286414322418,1.0,0.000316,0.01,0.0,2.8031590840709955,0.05133050877258736,0.0
0.2354286414322418,1.0,0.000398,0.01,0.0,2.8031590840709955,0.05133050877258736,0.0
0.2354286414322418,1.0,0.000501,0.01,0.0,2.8031590840709955,0.05133050877258736,0.0
0.2354286414322418,1.0,0.000631,0.01,0.0,2.8031590840709955,0.05133050877258736,0.0
0.2354286414322418,1.0,0.000794,0.01,0.0,2.8031590840709955,0.05133050877258736,0.0
0.2354286414322418,1.0,0.001,0.01,0.0,2.8031590840709955,0.05133050877258736,0.0
0.2354286414322418,1.0,0.00126,0.01,0.0,2.8031590840709955,0.05133050877258736,0.0
0.2354286414322418,1.0,0.00158,0.01,0.0,2.8031590840709955,0.05133050877258736,0.0
0.2354286414322418,1.0,0.002,0.01,0.0,2.8031590840709955,0.05133050877258736,0.0
0.2354286414322418,1.0,0.00251,0.01,0.0,2.8031590840709955,0.05133050877258736,0.0
0.2354286414322418,1.0,0.00316,0.01,0.0,2.8031590840709955,0.05133050877258736,0.0
0.2354286414322418,1.0,0.00398,0.01,0.0,2.8031590840709955,0.05133050877258736,0.0
0.2354286414322418,1.0,0.00501,0.01,0.0,2.8031590840709955,0.05133050877258736,0.0
0.2354286414322418,1.0,0.00631,0.01,0.0,2.8031590840709955,0.05133050877258736,0.0
0.2465811075822604,1.0,1e-06,0.01,0.0,3.059793043885247,0.05602990375178991,0.0
0.2465811075822604,1.0,1.26e-06,0.01,0.0,3.059793043885247,0.05602990375178991,0.0
0.2465811075822604,1.0,1.58e-06,0.01,0.0,3.059793043885247,0.05602990375178991,0.0
0.2465811075822604,1.0,2e-06,0.01,0.0,3.059793043885247,0.05602990375178991,0.0
0.2465811075822604,1.0,2.51e-06,0.01,0.0,3.059793043885247,0.05602990375178991,0.0
0.2465811075822604,1.0,3.16e-06,0.01,0.0,3.059793043885247,0.05602990375178991,0.0
0.2465811075822604,1.0,3.98e-06,0.01,0.0,3.059793043885247,0.05602990375178991,0.0
0.2465811075822604,1.0,5.01e-06,0.01,6.666666666666667e-05,3.059793043885247,0.05602990375178991,2.447834435108198
0.2465811075822604,1.0,7.94e-06,0.01,3.3333333333333335e-05,3.059793043885247,0.05602990375178991,1.223917217554099
0.2465811075822604,1.0,1e-05,0.01,3.3333333333333335e-05,3.059793043885247,0.05602990375178991,1.223917217554099
0.2465811075822604,1.0,1.26e-05,0.01,6.666666666666667e-05,3.059793043885247,0.05602990375178991,2.447834435108198
0.2465811075822604,1.0,1.58e-05,0.01,3.3333333333333335e-05,3.059793043885247,0.05602990375178991,1.223917217554099
0.2465811075822604,1.0,2e-05,0.01,0.00016666666666666666,3.059793043885247,0.05602990375178991,6.119586087770494
0.2465811075822604,1.0,2.51e-05,0.01,0.00016666666666666666,3.059793043885247,0.05602990375178991,6.119586087770494
0.2465811075822604,1.0,3.16e-05,0.01,0.0002,3.059793043885247,0.05602990375178991,7.343503305324593
0.2465811075822604,1.0,3.98e-05,0.01,0.0003333333333333333,3.059793043885247,0.05602990375178991,12.239172175540988
0.2465811075822604,1.0,6.31e-05,0.01,0.0001,3.059793043885247,0.05602990375178991,3.6717516526622966
0.2465811075822604,1.0,7.94e-05,0.01,6.666666666666667e-05,3.059793043885247,0.05602990375178991,2.447834435108198
0.2465811075822604,1.0,0.0001,0.01,0.0,3.059793043885247,0.05602990375178991,0.0
0.2465811075822604,1.0,0.000126,0.01,0.0,3.059793043885247,0.05602990375178991,0.0
0.2465811075822604,1.0,0.000158,0.01,0.0,3.059793043885247,0.05602990375178991,0.0
0.2465811075822604,1.0,0.0002,0.01,0.0,3.059793043885247,0.05602990375178991,0.0
0.2465811075822604,1.0,0.000251,0.01,0.0,3.059793043885247,0.05602990375178991,0.0
0.2465811075822604,1.0,0.000316,0.01,0.0,3.059793043885247,0.05602990375178991,0.0
0.2465811075822604,1.0,0.000398,0.01,0.0,3.059793043885247,0.05602990375178991,0.0
0.2465811075822604,1.0,0.000501,0.01,0.0,3.059793043885247,0.05602990375178991,0.0
0.2465811075822604,1.0,0.000631,0.01,0.0,3.059793043885247,0.05602990375178991,0.0
0.2465811075822604,1.0,0.000794,0.01,0.0,3.059793043885247,0.05602990375178991,0.0
0.2465811075822604,1.0,0.001,0.01,0.0,3.059793043885247,0.05602990375178991,0.0
0.2465811075822604,1.0,0.00126,0.01,0.0,3.059793043885247,0.05602990375178991,0.0
0.2465811075822604,1.0,0.00158,0.01,0.0,3.059793043885247,0.05602990375178991,0.0
0.2465811075822604,1.0,0.002,0.01,0.0,3.059793043885247,0.05602990375178991,0.0
0.2465811075822604,1.0,0.00251,0.01,0.0,3.059793043885247,0.05602990375178991,0.0
0.2465811075822604,1.0,0.00316,0.01,0.0,3.059793043885247,0.05602990375178991,0.0
0.2465811075822604,1.0,0.00398,0.01,0.0,3.059793043885247,0.05602990375178991,0.0
0.2465811075822604,1.0,0.00501,0.01,0.0,3.059793043885247,0.05602990375178991,0.0
0.2465811075822604,1.0,0.00631,0.01,0.0,3.059793043885247,0.05602990375178991,0.0
0.2582618760682677,1.0,1e-06,0.01,0.0,3.3384082529158756,0.06113181199259981,0.0
0.2582618760682677,1.0,1.26e-06,0.01,0.0,3.3384082529158756,0.06113181199259981,0.0
0.2582618760682677,1.0,1.58e-06,0.01,0.0,3.3384082529158756,0.06113181199259981,0.0
0.2582618760682677,1.0,2e-06,0.01,0.0,3.3384082529158756,0.06113181199259981,0.0
0.2582618760682677,1.0,2.51e-06,0.01,0.0,3.3384082529158756,0.06113181199259981,0.0
0.2582618760682677,1.0,3.16e-06,0.01,0.0,3.3384082529158756,0.06113181199259981,0.0
0.2582618760682677,1.0,3.98e-06,0.01,0.0,3.3384082529158756,0.06113181199259981,0.0
0.2582618760682677,1.0,5.01e-06,0.01,6.666666666666667e-05,3.3384082529158756,0.06113181199259981,2.6707266023327008
0.2582618760682677,1.0,7.94e-06,0.01,3.3333333333333335e-05,3.3384082529158756,0.06113181199259981,1.3353633011663504
0.2582618760682677,1.0,1e-05,0.01,3.3333333333333335e-05,3.3384082529158756,0.06113181199259981,1.3353633011663504
0.2582618760682677,1.0,1.26e-05,0.01,6.666666666666667e-05,3.3384082529158756,0.06113181199259981,2.6707266023327008
0.2582618760682677,1.0,1.58e-05,0.01,3.3333333333333335e-05,3.3384082529158756,0.06113181199259981,1.3353633011663504
0.2582618760682677,1.0,2e-05,0.01,0.00016666666666666666,3.3384082529158756,0.06113181199259981,6.676816505831751
0.2582618760682677,1.0,2.51e-05,0.01,0.00016666666666666666,3.3384082529158756,0.06113181199259981,6.676816505831751
0.2582618760682677,1.0,3.16e-05,0.01,0.0002,3.3384082529158756,0.06113181199259981,8.012179806998102
0.2582618760682677,1.0,3.98e-05,0.01,0.0003333333333333333,3.3384082529158756,0.06113181199259981,13.353633011663502
0.2582618760682677,1.0,6.31e-05,0.01,0.0001,3.3384082529158756,0.06113181199259981,4.006089903499051
0.2582618760682677,1.0,7.94e-05,0.01,6.666666666666667e-05,3.3384082529158756,0.06113181199259981,2.6707266023327008
0.2582618760682677,1.0,0.0001,0.01,0.0,3.3384082529158756,0.06113181199259981,0.0
0.2582618760682677,1.0,0.000126,0.01,0.0,3.3384082529158756,0.06113181199259981,0.0
0.2582618760682677,1.0,0.000158,0.01,0.0,3.3384082529158756,0.06113181199259981,0.0
0.2582618760682677,1.0,0.0002,0.01,0.0,3.3384082529158756,0.06113181199259981,0.0
0.2582618760682677,1.0,0.000251,0.01,0.0,3.3384082529158756,0.06113181199259981,0.0
0.2582618760682677,1.0,0.000316,0.01,0.0,3.3384082529158756,0.06113181199259981,0.0
0.2582618760682677,1.0,0.000398,0.01,0.0,3.3384082529158756,0.06113181199259981,0.0
0.2582618760682677,1.0,0.000501,0.01,0.0,3.3384082529158756,0.06113181199259981,0.0
0.2582618760682677,1.0,0.000631,0.01,0.0,3.3384082529158756,0.06113181199259981,0.0
0.2582618760682677,1.0,0.000794,0.01,0.0,3.3384082529158756,0.06113181199259981,0.0
0.2582618760682677,1.0,0.001,0.01,0.0,3.3384082529158756,0.06113181199259981,0.0
0.2582618760682677,1.0,0.00126,0.01,0.0,3.3384082529158756,0.06113181199259981,0.0
0.2582618760682677,1.0,0.00158,0.01,0.0,3.3384082529158756,0.06113181199259981,0.0
0.2582618760682677,1.0,0.002,0.01,0.0,3.3384082529158756,0.06113181199259981,0.0
0.2582618760682677,1.0,0.00251,0.01,0.0,3.3384082529158756,0.06113181199259981,0.0
0.2582618760682677,1.0,0.00316,0.01,0.0,3.3384082529158756,0.06113181199259981,0.0
0.2582618760682677,1.0,0.00398,0.01,0.0,3.3384082529158756,0.06113181199259981,0.0
0.2582618760682677,1.0,0.00501,0.01,0.0,3.3384082529158756,0.06113181199259981,0.0
0.2582618760682677,1.0,0.00631,0.01,0.0,3.3384082529158756,0.06113181199259981,0.0
0.27049597304631345,1.0,1e-06,0.01,0.0,3.6406016141663757,0.06666547544710448,0.0
0.27049597304631345,1.0,1.26e-06,0.01,0.0,3.6406016141663757,0.06666547544710448,0.0
0.27049597304631345,1.0,1.58e-06,0.01,0.0,3.6406016141663757,0.06666547544710448,0.0
0.27049597304631345,1.0,2e-06,0.01,0.0,3.6406016141663757,0.06666547544710448,0.0
0.27049597304631345,1.0,2.51e-06,0.01,0.0,3.6406016141663757,0.06666547544710448,0.0
0.27049597304631345,1.0,3.16e-06,0.01,0.0,3.6406016141663757,0.06666547544710448,0.0
0.27049597304631345,1.0,3.98e-06,0.01,0.0,3.6406016141663757,0.06666547544710448,0.0
0.27049597304631345,1.0,5.01e-06,0.01,6.666666666666667e-05,3.6406016141663757,0.06666547544710448,2.9124812913331013
0.27049597304631345,1.0,7.94e-06,0.01,3.3333333333333335e-05,3.6406016141663757,0.06666547544710448,1.4562406456665506
0.27049597304631345,1.0,1e-05,0.01,3.3333333333333335e-05,3.6406016141663757,0.06666547544710448,1.4562406456665506
0.27049597304631345,1.0,1.26e-05,0.01,6.666666666666667e-05,3.6406016141663757,0.06666547544710448,2.9124812913331013
0.27049597304631345,1.0,1.58e-05,0.01,3.3333333333333335e-05,3.6406016141663757,0.06666547544710448,1.4562406456665506
0.27049597304631345,1.0,2e-05,0.01,0.00016666666666666666,3.6406016141663757,0.06666547544710448,7.281203228332753
0.27049597304631345,1.0,2.51e-05,0.01,0.00016666666666666666,3.6406016141663757,0.06666547544710448,7.281203228332753
0.27049597304631345,1.0,3.16e-05,0.01,0.0002,3.6406016141663757,0.06666547544710448,8.737443873999302
0.27049597304631345,1.0,3.98e-05,0.01,0.0003333333333333333,3.6406016141663757,0.06666547544710448,14.562406456665506
0.27049597304631345,1.0,6.31e-05,0.01,0.0001,3.6406016141663757,0.06666547544710448,4.368721936999651
0.27049597304631345,1.0,7.94e-05,0.01,6.666666666666667e-05,3.6406016141663757,0.06666547544710448,2.9124812913331013
0.27049597304631345,1.0,0.0001,0.01,0.0,3.6406016141663757,0.06666547544710448,0.0
0.27049597304631345,1.0,0.000126,0.01,0.0,3.6406016141663757,0.06666547544710448,0.0
0.27049597304631345,1.0,0.000158,0.01,0.0,3.6406016141663757,0.06666547544710448,0.0
0.27049597304631345,1.0,0.0002,0.01,0.0,3.6406016141663757,0.06666547544710448,0.0
0.27049597304631345,1.0,0.000251,0.01,0.0,3.6406016141663757,0.06666547544710448,0.0
0.27049597304631345,1.0,0.000316,0.01,0.0,3.6406016141663757,0.06666547544710448,0.0
0.27049597304631345,1.0,0.000398,0.01,0.0,3.6406016141663757,0.06666547544710448,0.0
0.27049597304631345,1.0,0.000501,0.01,0.0,3.6406016141663757,0.06666547544710448,0.0
0.27049597304631345,1.0,0.000631,0.01,0.0,3.6406016141663757,0.06666547544710448,0.0
0.27049597304631345,1.0,0.000794,0.01,0.0,3.6406016141663757,0.06666547544710448,0.0
0.27049597304631345,1.0,0.001,0.01,0.0,3.6406016141663757,0.06666547544710448,0.0
0.27049597304631345,1.0,0.00126,0.01,0.0,3.6406016141663757,0.06666547544710448,0.0
0.27049597304631345,1.0,0.00158,0.01,0.0,3.6406016141663757,0.06666547544710448,0.0
0.27049597304631345,1.0,0.002,0.01,0.0,3.6406016141663757,0.06666547544710448,0.0
0.27049597304631345,1.0,0.00251,0.01,0.0,3.6406016141663757,0.06666547544710448,0.0
0.27049597304631345,1.0,0.00316,0.01,0.0,3.6406016141663757,0.06666547544710448,0.0
0.27049597304631345,1.0,0.00398,0.01,0.0,3.6406016141663757,0.06666547544710448,0.0
0.27049597304631345,1.0,0.00501,0.01,0.0,3.6406016141663757,0.06666547544710448,0.0
0.27049597304631345,1.0,0.00631,0.01,0.0,3.6406016141663757,0.06666547544710448,0.0
0.2833096101839324,1.0,1e-06,0.01,0.0,3.9680325381717085,0.07266128068433819,0.0
0.2833096101839324,1.0,1.26e-06,0.01,0.0,3.9680325381717085,0.07266128068433819,0.0
0.2833096101839324,1.0,1.58e-06,0.01,0.0,3.9680325381717085,0.07266128068433819,0.0
0.2833096101839324,1.0,2e-06,0.01,0.0,3.9680325381717085,0.07266128068433819,0.0
0.2833096101839324,1.0,2.51e-06,0.01,0.0,3.9680325381717085,0.07266128068433819,0.0
0.2833096101839324,1.0,3.16e-06,0.01,0.0,3.9680325381717085,0.07266128068433819,0.0
0.2833096101839324,1.0,3.98e-06,0.01,0.0,3.9680325381717085,0.07266128068433819,0.0
0.2833096101839324,1.0,5.01e-06,0.01,6.666666666666667e-05,3.9680325381717085,0.07266128068433819,3.1744260305373673
0.2833096101839324,1.0,7.94e-06,0.01,3.3333333333333335e-05,3.9680325381717085,0.07266128068433819,1.5872130152686836
0.2833096101839324,1.0,1e-05,0.01,3.3333333333333335e-05,3.9680325381717085,0.07266128068433819,1.5872130152686836
0.2833096101839324,1.0,1.26e-05,0.01,6.666666666666667e-05,3.9680325381717085,0.07266128068433819,3.1744260305373673
0.2833096101839324,1.0,1.58e-05,0.01,3.3333333333333335e-05,3.9680325381717085,0.07266128068433819,1.5872130152686836
0.2833096101839324,1.0,2e-05,0.01,0.00016666666666666666,3.9680325381717085,0.07266128068433819,7.936065076343417
0.2833096101839324,1.0,2.51e-05,0.01,0.00016666666666666666,3.9680325381717085,0.07266128068433819,7.936065076343417
0.2833096101839324,1.0,3.16e-05,0.01,0.0002,3.9680325381717085,0.07266128068433819,9.523278091612102
0.2833096101839324,1.0,3.98e-05,0.01,0.0003333333333333333,3.9680325381717085,0.07266128068433819,15.872130152686834
0.2833096101839324,1.0,6.31e-05,0.01,0.0001,3.9680325381717085,0.07266128068433819,4.761639045806051
0.2833096101839324,1.0,7.94e-05,0.01,6.666666666666667e-05,3.9680325381717085,0.07266128068433819,3.1744260305373673
0.2833096101839324,1.0,0.0001,0.01,0.0,3.9680325381717085,0.07266128068433819,0.0
0.2833096101839324,1.0,0.000126,0.01,0.0,3.9680325381717085,0.07266128068433819,0.0
0.2833096101839324,1.0,0.000158,0.01,0.0,3.9680325381717085,0.07266128068433819,0.0
0.2833096101839324,1.0,0.0002,0.01,0.0,3.9680325381717085,0.07266128068433819,0.0
0.2833096101839324,1.0,0.000251,0.01,0.0,3.9680325381717085,0.07266128068433819,0.0
0.2833096101839324,1.0,0.000316,0.01,0.0,3.9680325381717085,0.07266128068433819,0.0
0.2833096101839324,1.0,0.000398,0.01,0.0,3.9680325381717085,0.07266128068433819,0.0
0.2833096101839324,1.0,0.000501,0.01,0.0,3.9680325381717085,0.07266128068433819,0.0
0.2833096101839324,1.0,0.000631,0.01,0.0,3.9680325381717085,0.07266128068433819,0.0
0.2833096101839324,1.0,0.000794,0.01,0.0,3.9680325381717085,0.07266128068433819,0.0
0.2833096101839324,1.0,0.001,0.01,0.0,3.9680325381717085,0.07266128068433819,0.0
0.2833096101839324,1.0,0.00126,0.01,0.0,3.9680325381717085,0.07266128068433819,0.0
0.2833096101839324,1.0,0.00158,0.01,0.0,3.9680325381717085,0.07266128068433819,0.0
0.2833096101839324,1.0,0.002,0.01,0.0,3.9680325381717085,0.07266128068433819,0.0
0.2833096101839324,1.0,0.00251,0.01,0.0,3.9680325381717085,0.07266128068433819,0.0
0.2833096101839324,1.0,0.00316,0.01,0.0,3.9680325381717085,0.07266128068433819,0.0
0.2833096101839324,1.0,0.00398,0.01,0.0,3.9680325381717085,0.07266128068433819,0.0
0.2833096101839324,1.0,0.00501,0.01,0.0,3.9680325381717085,0.07266128068433819,0.0
0.2833096101839324,1.0,0.00631,0.01,0.0,3.9680325381717085,0.07266128068433819,0.0
0.29673024081888694,1.0,1e-06,0.01,0.0,4.322414797537058,0.0791506097333283,0.0
0.29673024081888694,1.0,1.26e-06,0.01,0.0,4.322414797537058,0.0791506097333283,0.0
0.29673024081888694,1.0,1.58e-06,0.01,0.0,4.322414797537058,0.0791506097333283,0.0
0.29673024081888694,1.0,2e-06,0.01,0.0,4.322414797537058,0.0791506097333283,0.0
0.29673024081888694,1.0,2.51e-06,0.01,0.0,4.322414797537058,0.0791506097333283,0.0
0.29673024081888694,1.0,3.16e-06,0.01,0.0,4.322414797537058,0.0791506097333283,0.0
0.29673024081888694,1.0,3.98e-06,0.01,0.0,4.322414797537058,0.0791506097333283,0.0
0.29673024081888694,1.0,5.01e-06,0.01,6.666666666666667e-05,4.322414797537058,0.0791506097333283,3.4579318380296464
0.29673024081888694,1.0,7.94e-06,0.01,3.3333333333333335e-05,4.322414797537058,0.0791506097333283,1.7289659190148232
0.29673024081888694,1.0,1e-05,0.01,3.3333333333333335e-05,4.322414797537058,0.0791506097333283,1.7289659190148232
0.29673024081888694,1.0,1.26e-05,0.01,6.666666666666667e-05,4.322414797537058,0.0791506097333283,3.4579318380296464
0.29673024081888694,1.0,1.58e-05,0.01,3.3333333333333335e-05,4.322414797537058,0.0791506097333283,1.7289659190148232
0.29673024081888694,1.0,2e-05,0.01,0.00016666666666666666,4.322414797537058,0.0791506097333283,8.644829595074116
0.29673024081888694,1.0,2.51e-05,0.01,0.00016666666666666666,4.322414797537058,0.0791506097333283,8.644829595074116
0.29673024081888694,1.0,3.16e-05,0.01,0.0002,4.322414797537058,0.0791506097333283,10.37379551408894
0.29673024081888694,1.0,3.98e-05,0.01,0.0003333333333333333,4.322414797537058,0.0791506097333283,17.28965919014823
0.29673024081888694,1.0,6.31e-05,0.01,0.0001,4.322414797537058,0.0791506097333283,5.18689775704447
0.29673024081888694,1.0,7.94e-05,0.01,6.666666666666667e-05,4.322414797537058,0.0791506097333283,3.4579318380296464
0.29673024081888694,1.0,0.0001,0.01,0.0,4.322414797537058,0.0791506097333283,0.0
0.29673024081888694,1.0,0.000126,0.01,0.0,4.322414797537058,0.0791506097333283,0.0
0.29673024081888694,1.0,0.000158,0.01,0.0,4.322414797537058,0.0791506097333283,0.0
0.29673024081888694,1.0,0.0002,0.01,0.0,4.322414797537058,0.0791506097333283,0.0
0.29673024081888694,1.0,0.000251,0.01,0.0,4.322414797537058,0.0791506097333283,0.0
0.29673024081888694,1.0,0.000316,0.01,0.0,4.322414797537058,0.0791506097333283,0.0
0.29673024081888694,1.0,0.000398,0.01,0.0,4.322414797537058,0.0791506097333283,0.0
0.29673024081888694,1.0,0.000501,0.01,0.0,4.322414797537058,0.0791506097333283,0.0
0.29673024081888694,1.0,0.000631,0.01,0.0,4.322414797537058,0.0791506097333283,0.0
0.29673024081888694,1.0,0.000794,0.01,0.0,4.322414797537058,0.0791506097333283,0.0
0.29673024081888694,1.0,0.001,0.01,0.0,4.322414797537058,0.0791506097333283,0.0
0.29673024081888694,1.0,0.00126,0.01,0.0,4.322414797537058,0.0791506097333283,0.0
0.29673024081888694,1.0,0.00158,0.01,0.0,4.322414797537058,0.0791506097333283,0.0
0.29673024081888694,1.0,0.002,0.01,0.0,4.322414797537058,0.0791506097333283,0.0
0.29673024081888694,1.0,0.00251,0.01,0.0,4.322414797537058,0.0791506097333283,0.0
0.29673024081888694,1.0,0.00316,0.01,0.0,4.322414797537058,0.0791506097333283,0.0
0.29673024081888694,1.0,0.00398,0.01,0.0,4.322414797537058,0.0791506097333283,0.0
0.29673024081888694,1.0,0.00501,0.01,0.0,4.322414797537058,0.0791506097333283,0.0
0.29673024081888694,1.0,0.00631,0.01,0.0,4.322414797537058,0.0791506097333283,0.0
0.3107866187782014,1.0,1e-06,0.01,0.0,4.70550589985847,0.08616564548358305,0.0
0.3107866187782014,1.0,1.26e-06,0.01,0.0,4.70550589985847,0.08616564548358305,0.0
0.3107866187782014,1.0,1.58e-06,0.01,0.0,4.70550589985847,0.08616564548358305,0.0
0.3107866187782014,1.0,2e-06,0.01,0.0,4.70550589985847,0.08616564548358305,0.0
0.3107866187782014,1.0,2.51e-06,0.01,0.0,4.70550589985847,0.08616564548358305,0.0
0.3107866187782014,1.0,3.16e-06,0.01,0.0,4.70550589985847,0.08616564548358305,0.0
0.3107866187782014,1.0,3.98e-06,0.01,0.0,4.70550589985847,0.08616564548358305,0.0
0.3107866187782014,1.0,5.01e-06,0.01,6.666666666666667e-05,4.70550589985847,0.08616564548358305,3.7644047198867763
0.3107866187782014,1.0,7.94e-06,0.01,3.3333333333333335e-05,4.70550589985847,0.08616564548358305,1.8822023599433881
0.3107866187782014,1.0,1e-05,0.01,3.3333333333333335e-05,4.70550589985847,0.08616564548358305,1.8822023599433881
0.3107866187782014,1.0,1.26e-05,0.01,6.666666666666667e-05,4.70550589985847,0.08616564548358305,3.7644047198867763
0.3107866187782014,1.0,1.58e-05,0.01,3.3333333333333335e-05,4.70550589985847,0.08616564548358305,1.8822023599433881
0.3107866187782014,1.0,2e-05,0.01,0.00016666666666666666,4.70550589985847,0.08616564548358305,9.41101179971694
0.3107866187782014,1.0,2.51e-05,0.01,0.00016666666666666666,4.70550589985847,0.08616564548358305,9.41101179971694
0.3107866187782014,1.0,3.16e-05,0.01,0.0002,4.70550589985847,0.08616564548358305,11.29321415966033
0.3107866187782014,1.0,3.98e-05,0.01,0.0003333333333333333,4.70550589985847,0.08616564548358305,18.82202359943388
0.3107866187782014,1.0,6.31e-05,0.01,0.0001,4.70550589985847,0.08616564548358305,5.646607079830165
0.3107866187782014,1.0,7.94e-05,0.01,6.666666666666667e-05,4.70550589985847,0.08616564548358305,3.7644047198867763
0.3107866187782014,1.0,0.0001,0.01,0.0,4.70550589985847,0.08616564548358305,0.0
0.3107866187782014,1.0,0.000126,0.01,0.0,4.70550589985847,0.08616564548358305,0.0
0.3107866187782014,1.0,0.000158,0.01,0.0,4.70550589985847,0.08616564548358305,0.0
0.3107866187782014,1.0,0.0002,0.01,0.0,4.70550589985847,0.08616564548358305,0.0
0.3107866187782014,1.0,0.000251,0.01,0.0,4.70550589985847,0.08616564548358305,0.0
0.3107866187782014,1.0,0.000316,0.01,0.0,4.70550589985847,0.08616564548358305,0.0
0.3107866187782014,1.0,0.000398,0.01,0.0,4.70550589985847,0.08616564548358305,0.0
0.3107866187782014,1.0,0.000501,0.01,0.0,4.70550589985847,0.08616564548358305,0.0
0.3107866187782014,1.0,0.000631,0.01,0.0,4.70550589985847,0.08616564548358305,0.0
0.3107866187782014,1.0,0.000794,0.01,0.0,4.70550589985847,0.08616564548358305,0.0
0.3107866187782014,1.0,0.001,0.01,0.0,4.70550589985847,0.08616564548358305,0.0
0.3107866187782014,1.0,0.00126,0.01,0.0,4.70550589985847,0.08616564548358305,0.0
0.3107866187782014,1.0,0.00158,0.01,0.0,4.70550589985847,0.08616564548358305,0.0
0.3107866187782014,1.0,0.002,0.01,0.0,4.70550589985847,0.08616564548358305,0.0
0.3107866187782014,1.0,0.00251,0.01,0.0,4.70550589985847,0.08616564548358305,0.0
0.3107866187782014,1.0,0.00316,0.01,0.0,4.70550589985847,0.08616564548358305,0.0
0.3107866187782014,1.0,0.00398,0.01,0.0,4.70550589985847,0.08616564548358305,0.0
0.3107866187782014,1.0,0.00501,0.01,0.0,4.70550589985847,0.08616564548358305,0.0
0.3107866187782014,1.0,0.00631,0.01,0.0,4.70550589985847,0.08616564548358305,0.0
0.325508859983506,1.0,1e-06,0.01,0.0,5.119093677384104,0.0937391261194672,0.0
0.325508859983506,1.0,1.26e-06,0.01,0.0,5.119093677384104,0.0937391261194672,0.0
0.325508859983506,1.0,1.58e-06,0.01,0.0,5.119093677384104,0.0937391261194672,0.0
0.325508859983506,1.0,2e-06,0.01,0.0,5.119093677384104,0.0937391261194672,0.0
0.325508859983506,1.0,2.51e-06,0.01,0.0,5.119093677384104,0.0937391261194672,0.0
0.325508859983506,1.0,3.16e-06,0.01,0.0,5.119093677384104,0.0937391261194672,0.0
0.325508859983506,1.0,3.98e-06,0.01,0.0,5.119093677384104,0.0937391261194672,0.0
0.325508859983506,1.0,5.01e-06,0.01,6.666666666666667e-05,5.119093677384104,0.0937391261194672,4.095274941907284
0.325508859983506,1.0,7.94e-06,0.01,3.3333333333333335e-05,5.119093677384104,0.0937391261194672,2.047637470953642
0.325508859983506,1.0,1e-05,0.01,3.3333333333333335e-05,5.119093677384104,0.0937391261194672,2.047637470953642
0.325508859983506,1.0,1.26e-05,0.01,6.666666666666667e-05,5.119093677384104,0.0937391261194672,4.095274941907284
0.325508859983506,1.0,1.58e-05,0.01,3.3333333333333335e-05,5.119093677384104,0.0937391261194672,2.047637470953642
0.325508859983506,1.0,2e-05,0.01,0.00016666666666666666,5.119093677384104,0.0937391261194672,10.238187354768208
0.325508859983506,1.0,2.51e-05,0.01,0.00016666666666666666,5.119093677384104,0.0937391261194672,10.238187354768208
0.325508859983506,1.0,3.16e-05,0.01,0.0002,5.119093677384104,0.0937391261194672,12.28582482572185
0.325508859983506,1.0,3.98e-05,0.01,0.0003333333333333333,5.119093677384104,0.0937391261194672,20.476374709536415
0.325508859983506,1.0,6.31e-05,0.01,0.0001,5.119093677384104,0.0937391261194672,6.142912412860925
0.325508859983506,1.0,7.94e-05,0.01,6.666666666666667e-05,5.119093677384104,0.0937391261194672,4.095274941907284
0.325508859983506,1.0,0.0001,0.01,0.0,5.119093677384104,0.0937391261194672,0.0
0.325508859983506,1.0,0.000126,0.01,0.0,5.119093677384104,0.0937391261194672,0.0
0.325508859983506,1.0,0.000158,0.01,0.0,5.119093677384104,0.0937391261194672,0.0
0.325508859983506,1.0,0.0002,0.01,0.0,5.119093677384104,0.0937391261194672,0.0
0.325508859983506,1.0,0.000251,0.01,0.0,5.119093677384104,0.0937391261194672,0.0
0.325508859983506,1.0,0.000316,0.01,0.0,5.119093677384104,0.0937391261194672,0.0
0.325508859983506,1.0,0.000398,0.01,0.0,5.119093677384104,0.0937391261194672,0.0
0.325508859983506,1.0,0.000501,0.01,0.0,5.119093677384104,0.0937391261194672,0.0
0.325508859983506,1.0,0.000631,0.01,0.0,5.119093677384104,0.0937391261194672,0.0
0.325508859983506,1.0,0.000794,0.01,0.0,5.119093677384104,0.0937391261194672,0.0
0.325508859983506,1.0,0.001,0.01,0.0,5.119093677384104,0.0937391261194672,0.0
0.325508859983506,1.0,0.00126,0.01,0.0,5.119093677384104,0.0937391261194672,0.0
0.325508859983506,1.0,0.00158,0.01,0.0,5.119093677384104,0.0937391261194672,0.0
0.325508859983506,1.0,0.002,0.01,0.0,5.119093677384104,0.0937391261194672,0.0
0.325508859983506,1.0,0.00251,0.01,0.0,5.119093677384104,0.0937391261194672,0.0
0.325508859983506,1.0,0.00316,0.01,0.0,5.119093677384104,0.0937391261194672,0.0
0.325508859983506,1.0,0.00398,0.01,0.0,5.119093677384104,0.0937391261194672,0.0
0.325508859983506,1.0,0.00501,0.01,0.0,5.119093677384104,0.0937391261194672,0.0
0.325508859983506,1.0,0.00631,0.01,0.0,5.119093677384104,0.0937391261194672,0.0
0.3409285069746811,1.0,1e-06,0.01,0.0,5.564979805438656,0.10190404331511914,0.0
0.3409285069746811,1.0,1.26e-06,0.01,0.0,5.564979805438656,0.10190404331511914,0.0
0.3409285069746811,1.0,1.58e-06,0.01,0.0,5.564979805438656,0.10190404331511914,0.0
0.3409285069746811,1.0,2e-06,0.01,0.0,5.564979805438656,0.10190404331511914,0.0
0.3409285069746811,1.0,2.51e-06,0.01,0.0,5.564979805438656,0.10190404331511914,0.0
0.3409285069746811,1.0,3.16e-06,0.01,0.0,5.564979805438656,0.10190404331511914,0.0
0.3409285069746811,1.0,3.98e-06,0.01,0.0,5.564979805438656,0.10190404331511914,0.0
0.3409285069746811,1.0,5.01e-06,0.01,6.666666666666667e-05,5.564979805438656,0.10190404331511914,4.451983844350925
0.3409285069746811,1.0,7.94e-06,0.01,3.3333333333333335e-05,5.564979805438656,0.10190404331511914,2.2259919221754627
0.3409285069746811,1.0,1e-05,0.01,3.3333333333333335e-05,5.564979805438656,0.10190404331511914,2.2259919221754627
0.3409285069746811,1.0,1.26e-05,0.01,6.666666666666667e-05,5.564979805438656,0.10190404331511914,4.451983844350925
0.3409285069746811,1.0,1.58e-05,0.01,3.3333333333333335e-05,5.564979805438656,0.10190404331511914,2.2259919221754627
0.3409285069746811,1.0,2e-05,0.01,0.00016666666666666666,5.564979805438656,0.10190404331511914,11.129959610877313
0.3409285069746811,1.0,2.51e-05,0.01,0.00016666666666666666,5.564979805438656,0.10190404331511914,11.129959610877313
0.3409285069746811,1.0,3.16e-05,0.01,0.0002,5.564979805438656,0.10190404331511914,13.355951533052774
0.3409285069746811,1.0,3.98e-05,0.01,0.0003333333333333333,5.564979805438656,0.10190404331511914,22.259919221754625
0.3409285069746811,1.0,6.31e-05,0.01,0.0001,5.564979805438656,0.10190404331511914,6.677975766526387
0.3409285069746811,1.0,7.94e-05,0.01,6.666666666666667e-05,5.564979805438656,0.10190404331511914,4.451983844350925
0.3409285069746811,1.0,0.0001,0.01,0.0,5.564979805438656,0.10190404331511914,0.0
0.3409285069746811,1.0,0.000126,0.01,0.0,5.564979805438656,0.10190404331511914,0.0
0.3409285069746811,1.0,0.000158,0.01,0.0,5.564979805438656,0.10190404331511914,0.0
0.3409285069746811,1.0,0.0002,0.01,0.0,5.564979805438656,0.10190404331511914,0.0
0.3409285069746811,1.0,0.000251,0.01,0.0,5.564979805438656,0.10190404331511914,0.0
0.3409285069746811,1.0,0.000316,0.01,0.0,5.564979805438656,0.10190404331511914,0.0
0.3409285069746811,1.0,0.000398,0.01,0.0,5.564979805438656,0.10190404331511914,0.0
0.3409285069746811,1.0,0.000501,0.01,0.0,5.564979805438656,0.10190404331511914,0.0
0.3409285069746811,1.0,0.000631,0.01,0.0,5.564979805438656,0.10190404331511914,0.0
0.3409285069746811,1.0,0.000794,0.01,0.0,5.564979805438656,0.10190404331511914,0.0
0.3409285069746811,1.0,0.001,0.01,0.0,5.564979805438656,0.10190404331511914,0.0
0.3409285069746811,1.0,0.00126,0.01,0.0,5.564979805438656,0.10190404331511914,0.0
0.3409285069746811,1.0,0.00158,0.01,0.0,5.564979805438656,0.10190404331511914,0.0
0.3409285069746811,1.0,0.002,0.01,0.0,5.564979805438656,0.10190404331511914,0.0
0.3409285069746811,1.0,0.00251,0.01,0.0,5.564979805438656,0.10190404331511914,0.0
0.3409285069746811,1.0,0.00316,0.01,0.0,5.564979805438656,0.10190404331511914,0.0
0.3409285069746811,1.0,0.00398,0.01,0.0,5.564979805438656,0.10190404331511914,0.0
0.3409285069746811,1.0,0.00501,0.01,0.0,5.564979805438656,0.10190404331511914,0.0
0.3409285069746811,1.0,0.00631,0.01,0.0,5.564979805438656,0.10190404331511914,0.0
0.35707859649004625,1.0,1e-06,0.01,0.0,6.044959991815828,0.11069327946925157,0.0
0.35707859649004625,1.0,1.26e-06,0.01,0.0,6.044959991815828,0.11069327946925157,0.0
0.35707859649004625,1.0,1.58e-06,0.01,0.0,6.044959991815828,0.11069327946925157,0.0
0.35707859649004625,1.0,2e-06,0.01,0.0,6.044959991815828,0.11069327946925157,0.0
0.35707859649004625,1.0,2.51e-06,0.01,0.0,6.044959991815828,0.11069327946925157,0.0
0.35707859649004625,1.0,3.16e-06,0.01,0.0,6.044959991815828,0.11069327946925157,0.0
0.35707859649004625,1.0,3.98e-06,0.01,0.0,6.044959991815828,0.11069327946925157,0.0
0.35707859649004625,1.0,5.01e-06,0.01,6.666666666666667e-05,6.044959991815828,0.11069327946925157,4.8359679934526625
0.35707859649004625,1.0,7.94e-06,0.01,3.3333333333333335e-05,6.044959991815828,0.11069327946925157,2.4179839967263312
0.35707859649004625,1.0,1e-05,0.01,3.3333333333333335e-05,6.044959991815828,0.11069327946925157,2.4179839967263312
0.35707859649004625,1.0,1.26e-05,0.01,6.666666666666667e-05,6.044959991815828,0.11069327946925157,4.8359679934526625
0.35707859649004625,1.0,1.58e-05,0.01,3.3333333333333335e-05,6.044959991815828,0.11069327946925157,2.4179839967263312
0.35707859649004625,1.0,2e-05,0.01,0.00016666666666666666,6.044959991815828,0.11069327946925157,12.089919983631656
0.35707859649004625,1.0,2.51e-05,0.01,0.00016666666666666666,6.044959991815828,0.11069327946925157,12.089919983631656
0.35707859649004625,1.0,3.16e-05,0.01,0.0002,6.044959991815828,0.11069327946925157,14.50790398035799
0.35707859649004625,1.0,3.98e-05,0.01,0.0003333333333333333,6.044959991815828,0.11069327946925157,24.179839967263312
0.35707859649004625,1.0,6.31e-05,0.01,0.0001,6.044959991815828,0.11069327946925157,7.253951990178995
0.35707859649004625,1.0,7.94e-05,0.01,6.666666666666667e-05,6.044959991815828,0.11069327946925157,4.8359679934526625
0.35707859649004625,1.0,0.0001,0.01,0.0,6.044959991815828,0.11069327946925157,0.0
0.35707859649004625,1.0,0.000126,0.01,0.0,6.044959991815828,0.11069327946925157,0.0
0.35707859649004625,1.0,0.000158,0.01,0.0,6.044959991815828,0.11069327946925157,0.0
0.35707859649004625,1.0,0.0002,0.01,0.0,6.044959991815828,0.11069327946925157,0.0
0.35707859649004625,1.0,0.000251,0.01,0.0,6.044959991815828,0.11069327946925157,0.0
0.35707859649004625,1.0,0.000316,0.01,0.0,6.044959991815828,0.11069327946925157,0.0
0.35707859649004625,1.0,0.000398,0.01,0.0,6.044959991815828,0.11069327946925157,0.0
0.35707859649004625,1.0,0.000501,0.01,0.0,6.044959991815828,0.11069327946925157,0.0
0.35707859649004625,1.0,0.000631,0.01,0.0,6.044959991815828,0.11069327946925157,0.0
0.35707859649004625,1.0,0.000794,0.01,0.0,6.044959991815828,0.11069327946925157,0.0
0.35707859649004625,1.0,0.001,0.01,0.0,6.044959991815828,0.11069327946925157,0.0
0.35707859649004625,1.0,0.00126,0.01,0.0,6.044959991815828,0.11069327946925157,0.0
0.35707859649004625,1.0,0.00158,0.01,0.0,6.044959991815828,0.11069327946925157,0.0
0.35707859649004625,1.0,0.002,0.01,0.0,6.044959991815828,0.11069327946925157,0.0
0.35707859649004625,1.0,0.00251,0.01,0.0,6.044959991815828,0.11069327946925157,0.0
0.35707859649004625,1.0,0.00316,0.01,0.0,6.044959991815828,0.11069327946925157,0.0
0.35707859649004625,1.0,0.00398,0.01,0.0,6.044959991815828,0.11069327946925157,0.0
0.35707859649004625,1.0,0.00501,0.01,0.0,6.044959991815828,0.11069327946925157,0.0
0.35707859649004625,1.0,0.00631,0.01,0.0,6.044959991815828,0.11069327946925157,0.0
0.3739937302478798,1.0,1e-06,0.01,0.0,6.560800629786553,0.12013918018287041,0.0
0.3739937302478798,1.0,1.26e-06,0.01,0.0,6.560800629786553,0.12013918018287041,0.0
0.3739937302478798,1.0,1.58e-06,0.01,0.0,6.560800629786553,0.12013918018287041,0.0
0.3739937302478798,1.0,2e-06,0.01,0.0,6.560800629786553,0.12013918018287041,0.0
0.3739937302478798,1.0,2.51e-06,0.01,0.0,6.560800629786553,0.12013918018287041,0.0
0.3739937302478798,1.0,3.16e-06,0.01,0.0,6.560800629786553,0.12013918018287041,0.0
0.3739937302478798,1.0,3.98e-06,0.01,0.0,6.560800629786553,0.12013918018287041,0.0
0.3739937302478798,1.0,5.01e-06,0.01,6.666666666666667e-05,6.560800629786553,0.12013918018287041,5.248640503829243
0.3739937302478798,1.0,7.94e-06,0.01,3.3333333333333335e-05,6.560800629786553,0.12013918018287041,2.6243202519146216
0.3739937302478798,1.0,1e-05,0.01,3.3333333333333335e-05,6.560800629786553,0.12013918018287041,2.6243202519146216
0.3739937302478798,1.0,1.26e-05,0.01,6.666666666666667e-05,6.560800629786553,0.12013918018287041,5.248640503829243
0.3739937302478798,1.0,1.58e-05,0.01,3.3333333333333335e-05,6.560800629786553,0.12013918018287041,2.6243202519146216
0.3739937302478798,1.0,2e-05,0.01,0.00016666666666666666,6.560800629786553,0.12013918018287041,13.121601259573106
0.3739937302478798,1.0,2.51e-05,0.01,0.00016666666666666666,6.560800629786553,0.12013918018287041,13.121601259573106
0.3739937302478798,1.0,3.16e-05,0.01,0.0002,6.560800629786553,0.12013918018287041,15.74592151148773
0.3739937302478798,1.0,3.98e-05,0.01,0.0003333333333333333,6.560800629786553,0.12013918018287041,26.243202519146212
0.3739937302478798,1.0,6.31e-05,0.01,0.0001,6.560800629786553,0.12013918018287041,7.872960755743865
0.3739937302478798,1.0,7.94e-05,0.01,6.666666666666667e-05,6.560800629786553,0.12013918018287041,5.248640503829243
0.3739937302478798,1.0,0.0001,0.01,0.0,6.560800629786553,0.12013918018287041,0.0
0.3739937302478798,1.0,0.000126,0.01,0.0,6.560800629786553,0.12013918018287041,0.0
0.3739937302478798,1.0,0.000158,0.01,0.0,6.560800629786553,0.12013918018287041,0.0
0.3739937302478798,1.0,0.0002,0.01,0.0,6.560800629786553,0.12013918018287041,0.0
0.3739937302478798,1.0,0.000251,0.01,0.0,6.560800629786553,0.12013918018287041,0.0
0.3739937302478798,1.0,0.000316,0.01,0.0,6.560800629786553,0.12013918018287041,0.0
0.3739937302478798,1.0,0.000398,0.01,0.0,6.560800629786553,0.12013918018287041,0.0
0.3739937302478798,1.0,0.000501,0.01,0.0,6.560800629786553,0.12013918018287041,0.0
0.3739937302478798,1.0,0.000631,0.01,0.0,6.560800629786553,0.12013918018287041,0.0
0.3739937302478798,1.0,0.000794,0.01,0.0,6.560800629786553,0.12013918018287041,0.0
0.3739937302478798,1.0,0.001,0.01,0.0,6.560800629786553,0.12013918018287041,0.0
0.3739937302478798,1.0,0.00126,0.01,0.0,6.560800629786553,0.12013918018287041,0.0
0.3739937302478798,1.0,0.00158,0.01,0.0,6.560800629786553,0.12013918018287041,0.0
0.3739937302478798,1.0,0.002,0.01,0.0,6.560800629786553,0.12013918018287041,0.0
0.3739937302478798,1.0,0.00251,0.01,0.0,6.560800629786553,0.12013918018287041,0.0
0.3739937302478798,1.0,0.00316,0.01,0.0,6.560800629786553,0.12013918018287041,0.0
0.3739937302478798,1.0,0.00398,0.01,0.0,6.560800629786553,0.12013918018287041,0.0
0.3739937302478798,1.0,0.00501,0.01,0.0,6.560800629786553,0.12013918018287041,0.0
0.3739937302478798,1.0,0.00631,0.01,0.0,6.560800629786553,0.12013918018287041,0.0
0.39171014908092605,1.0,1e-06,0.01,0.0,7.114211781760261,0.13027305954514304,0.0
0.39171014908092605,1.0,1.26e-06,0.01,0.0,7.114211781760261,0.13027305954514304,0.0
0.39171014908092605,1.0,1.58e-06,0.01,0.0,7.114211781760261,0.13027305954514304,0.0
0.39171014908092605,1.0,2e-06,0.01,0.0,7.114211781760261,0.13027305954514304,0.0
0.39171014908092605,1.0,2.51e-06,0.01,0.0,7.114211781760261,0.13027305954514304,0.0
0.39171014908092605,1.0,3.16e-06,0.01,0.0,7.114211781760261,0.13027305954514304,0.0
0.39171014908092605,1.0,3.98e-06,0.01,0.0,7.114211781760261,0.13027305954514304,0.0
0.39171014908092605,1.0,5.01e-06,0.01,6.666666666666667e-05,7.114211781760261,0.13027305954514304,5.691369425408209
0.39171014908092605,1.0,7.94e-06,0.01,3.3333333333333335e-05,7.114211781760261,0.13027305954514304,2.8456847127041045
0.39171014908092605,1.0,1e-05,0.01,3.3333333333333335e-05,7.114211781760261,0.13027305954514304,2.8456847127041045
0.39171014908092605,1.0,1.26e-05,0.01,6.666666666666667e-05,7.114211781760261,0.13027305954514304,5.691369425408209
0.39171014908092605,1.0,1.58e-05,0.01,3.3333333333333335e-05,7.114211781760261,0.13027305954514304,2.8456847127041045
0.39171014908092605,1.0,2e-05,0.01,0.00016666666666666666,7.114211781760261,0.13027305954514304,14.22842356352052
0.39171014908092605,1.0,2.51e-05,0.01,0.00016666666666666666,7.114211781760261,0.13027305954514304,14.22842356352052
0.39171014908092605,1.0,3.16e-05,0.01,0.0002,7.114211781760261,0.13027305954514304,17.074108276224628
0.39171014908092605,1.0,3.98e-05,0.01,0.0003333333333333333,7.114211781760261,0.13027305954514304,28.45684712704104
0.39171014908092605,1.0,6.31e-05,0.01,0.0001,7.114211781760261,0.13027305954514304,8.537054138112314
0.39171014908092605,1.0,7.94e-05,0.01,6.666666666666667e-05,7.114211781760261,0.13027305954514304,5.691369425408209
0.39171014908092605,1.0,0.0001,0.01,0.0,7.114211781760261,0.13027305954514304,0.0
0.39171014908092605,1.0,0.000126,0.01,0.0,7.114211781760261,0.13027305954514304,0.0
0.39171014908092605,1.0,0.000158,0.01,0.0,7.114211781760261,0.13027305954514304,0.0
0.39171014908092605,1.0,0.0002,0.01,0.0,7.114211781760261,0.13027305954514304,0.0
0.39171014908092605,1.0,0.000251,0.01,0.0,7.114211781760261,0.13027305954514304,0.0
0.39171014908092605,1.0,0.000316,0.01,0.0,7.114211781760261,0.13027305954514304,0.0
0.39171014908092605,1.0,0.000398,0.01,0.0,7.114211781760261,0.13027305954514304,0.0
0.39171014908092605,1.0,0.000501,0.01,0.0,7.114211781760261,0.13027305954514304,0.0
0.39171014908092605,1.0,0.000631,0.01,0.0,7.114211781760261,0.13027305954514304,0.0
0.39171014908092605,1.0,0.000794,0.01,0.0,7.114211781760261,0.13027305954514304,0.0
0.39171014908092605,1.0,0.001,0.01,0.0,7.114211781760261,0.13027305954514304,0.0
0.39171014908092605,1.0,0.00126,0.01,0.0,7.114211781760261,0.13027305954514304,0.0
0.39171014908092605,1.0,0.00158,0.01,0.0,7.114211781760261,0.13027305954514304,0.0
0.39171014908092605,1.0,0.002,0.01,0.0,7.114211781760261,0.13027305954514304,0.0
0.39171014908092605,1.0,0.00251,0.01,0.0,7.114211781760261,0.13027305954514304,0.0
0.39171014908092605,1.0,0.00316,0.01,0.0,7.114211781760261,0.13027305954514304,0.0
0.39171014908092605,1.0,0.00398,0.01,0.0,7.114211781760261,0.13027305954514304,0.0
0.39171014908092605,1.0,0.00501,0.01,0.0,7.114211781760261,0.13027305954514304,0.0
0.39171014908092605,1.0,0.00631,0.01,0.0,7.114211781760261,0.13027305954514304,0.0
0.41026581058271944,1.0,1e-06,0.01,0.0,7.706816462262156,0.1411246376535828,0.0
0.41026581058271944,1.0,1.26e-06,0.01,0.0,7.706816462262156,0.1411246376535828,0.0
0.41026581058271944,1.0,1.58e-06,0.01,0.0,7.706816462262156,0.1411246376535828,0.0
0.41026581058271944,1.0,2e-06,0.01,0.0,7.706816462262156,0.1411246376535828,0.0
0.41026581058271944,1.0,2.51e-06,0.01,0.0,7.706816462262156,0.1411246376535828,0.0
0.41026581058271944,1.0,3.16e-06,0.01,0.0,7.706816462262156,0.1411246376535828,0.0
0.41026581058271944,1.0,3.98e-06,0.01,0.0,7.706816462262156,0.1411246376535828,0.0
0.41026581058271944,1.0,5.01e-06,0.01,6.666666666666667e-05,7.706816462262156,0.1411246376535828,6.165453169809726
0.41026581058271944,1.0,7.94e-06,0.01,3.3333333333333335e-05,7.706816462262156,0.1411246376535828,3.082726584904863
0.41026581058271944,1.0,1e-05,0.01,3.3333333333333335e-05,7.706816462262156,0.1411246376535828,3.082726584904863
0.41026581058271944,1.0,1.26e-05,0.01,6.666666666666667e-05,7.706816462262156,0.1411246376535828,6.165453169809726
0.41026581058271944,1.0,1.58e-05,0.01,3.3333333333333335e-05,7.706816462262156,0.1411246376535828,3.082726584904863
0.41026581058271944,1.0,2e-05,0.01,0.00016666666666666666,7.706816462262156,0.1411246376535828,15.413632924524315
0.41026581058271944,1.0,2.51e-05,0.01,0.00016666666666666666,7.706816462262156,0.1411246376535828,15.413632924524315
0.41026581058271944,1.0,3.16e-05,0.01,0.0002,7.706816462262156,0.1411246376535828,18.496359509429176
0.41026581058271944,1.0,3.98e-05,0.01,0.0003333333333333333,7.706816462262156,0.1411246376535828,30.82726584904863
0.41026581058271944,1.0,6.31e-05,0.01,0.0001,7.706816462262156,0.1411246376535828,9.248179754714588
0.41026581058271944,1.0,7.94e-05,0.01,6.666666666666667e-05,7.706816462262156,0.1411246376535828,6.165453169809726
0.41026581058271944,1.0,0.0001,0.01,0.0,7.706816462262156,0.1411246376535828,0.0
0.41026581058271944,1.0,0.000126,0.01,0.0,7.706816462262156,0.1411246376535828,0.0
0.41026581058271944,1.0,0.000158,0.01,0.0,7.706816462262156,0.1411246376535828,0.0
0.41026581058271944,1.0,0.0002,0.01,0.0,7.706816462262156,0.1411246376535828,0.0
0.41026581058271944,1.0,0.000251,0.01,0.0,7.706816462262156,0.1411246376535828,0.0
0.41026581058271944,1.0,0.000316,0.01,0.0,7.706816462262156,0.1411246376535828,0.0
0.41026581058271944,1.0,0.000398,0.01,0.0,7.706816462262156,0.1411246376535828,0.0
0.41026581058271944,1.0,0.000501,0.01,0.0,7.706816462262156,0.1411246376535828,0.0
0.41026581058271944,1.0,0.000631,0.01,0.0,7.706816462262156,0.1411246376535828,0.0
0.41026581058271944,1.0,0.000794,0.01,0.0,7.706816462262156,0.1411246376535828,0.0
0.41026581058271944,1.0,0.001,0.01,0.0,7.706816462262156,0.1411246376535828,0.0
0.41026581058271944,1.0,0.00126,0.01,0.0,7.706816462262156,0.1411246376535828,0.0
0.41026581058271944,1.0,0.00158,0.01,0.0,7.706816462262156,0.1411246376535828,0.0
0.41026581058271944,1.0,0.002,0.01,0.0,7.706816462262156,0.1411246376535828,0.0
0.41026581058271944,1.0,0.00251,0.01,0.0,7.706816462262156,0.1411246376535828,0.0
0.41026581058271944,1.0,0.00316,0.01,0.0,7.706816462262156,0.1411246376535828,0.0
0.41026581058271944,1.0,0.00398,0.01,0.0,7.706816462262156,0.1411246376535828,0.0
0.41026581058271944,1.0,0.00501,0.01,0.0,7.706816462262156,0.1411246376535828,0.0
0.41026581058271944,1.0,0.00631,0.01,0.0,7.706816462262156,0.1411246376535828,0.0
0.4297004704320839,1.0,1e-06,0.01,0.0,8.34011632020047,0.15272141219923954,0.0
0.4297004704320839,1.0,1.26e-06,0.01,0.0,8.34011632020047,0.15272141219923954,0.0
0.4297004704320839,1.0,1.58e-06,0.01,0.0,8.34011632020047,0.15272141219923954,0.0
0.4297004704320839,1.0,2e-06,0.01,0.0,8.34011632020047,0.15272141219923954,0.0
0.4297004704320839,1.0,2.51e-06,0.01,0.0,8.34011632020047,0.15272141219923954,0.0
0.4297004704320839,1.0,3.16e-06,0.01,0.0,8.34011632020047,0.15272141219923954,0.0
0.4297004704320839,1.0,3.98e-06,0.01,0.0,8.34011632020047,0.15272141219923954,0.0
0.4297004704320839,1.0,5.01e-06,0.01,6.666666666666667e-05,8.34011632020047,0.15272141219923954,6.672093056160377
0.4297004704320839,1.0,7.94e-06,0.01,3.3333333333333335e-05,8.34011632020047,0.15272141219923954,3.3360465280801885
0.4297004704320839,1.0,1e-05,0.01,3.3333333333333335e-05,8.34011632020047,0.15272141219923954,3.3360465280801885
0.4297004704320839,1.0,1.26e-05,0.01,6.666666666666667e-05,8.34011632020047,0.15272141219923954,6.672093056160377
0.4297004704320839,1.0,1.58e-05,0.01,3.3333333333333335e-05,8.34011632020047,0.15272141219923954,3.3360465280801885
0.4297004704320839,1.0,2e-05,0.01,0.00016666666666666666,8.34011632020047,0.15272141219923954,16.68023264040094
0.4297004704320839,1.0,2.51e-05,0.01,0.00016666666666666666,8.34011632020047,0.15272141219923954,16.68023264040094
0.4297004704320839,1.0,3.16e-05,0.01,0.0002,8.34011632020047,0.15272141219923954,20.016279168481134
0.4297004704320839,1.0,3.98e-05,0.01,0.0003333333333333333,8.34011632020047,0.15272141219923954,33.36046528080188
0.4297004704320839,1.0,6.31e-05,0.01,0.0001,8.34011632020047,0.15272141219923954,10.008139584240567
0.4297004704320839,1.0,7.94e-05,0.01,6.666666666666667e-05,8.34011632020047,0.15272141219923954,6.672093056160377
0.4297004704320839,1.0,0.0001,0.01,0.0,8.34011632020047,0.15272141219923954,0.0
0.4297004704320839,1.0,0.000126,0.01,0.0,8.34011632020047,0.15272141219923954,0.0
0.4297004704320839,1.0,0.000158,0.01,0.0,8.34011632020047,0.15272141219923954,0.0
0.4297004704320839,1.0,0.0002,0.01,0.0,8.34011632020047,0.15272141219923954,0.0
0.4297004704320839,1.0,0.000251,0.01,0.0,8.34011632020047,0.15272141219923954,0.0
0.4297004704320839,1.0,0.000316,0.01,0.0,8.34011632020047,0.15272141219923954,0.0
0.4297004704320839,1.0,0.000398,0.01,0.0,8.34011632020047,0.15272141219923954,0.0
0.4297004704320839,1.0,0.000501,0.01,0.0,8.34011632020047,0.15272141219923954,0.0
0.4297004704320839,1.0,0.000631,0.01,0.0,8.34011632020047,0.15272141219923954,0.0
0.4297004704320839,1.0,0.000794,0.01,0.0,8.34011632020047,0.15272141219923954,0.0
0.4297004704320839,1.0,0.001,0.01,0.0,8.34011632020047,0.15272141219923954,0.0
0.4297004704320839,1.0,0.00126,0.01,0.0,8.34011632020047,0.15272141219923954,0.0
0.4297004704320839,1.0,0.00158,0.01,0.0,8.34011632020047,0.15272141219923954,0.0
0.4297004704320839,1.0,0.002,0.01,0.0,8.34011632020047,0.15272141219923954,0.0
0.4297004704320839,1.0,0.00251,0.01,0.0,8.34011632020047,0.15272141219923954,0.0
0.4297004704320839,1.0,0.00316,0.01,0.0,8.34011632020047,0.15272141219923954,0.0
0.4297004704320839,1.0,0.00398,0.01,0.0,8.34011632020047,0.15272141219923954,0.0
0.4297004704320839,1.0,0.00501,0.01,0.0,8.34011632020047,0.15272141219923954,0.0
0.4297004704320839,1.0,0.00631,0.01,0.0,8.34011632020047,0.15272141219923954,0.0
0.4500557675700497,1.0,1e-06,0.01,0.0,9.015453982452662,0.16508796891508262,0.0
0.4500557675700497,1.0,1.26e-06,0.01,0.0,9.015453982452662,0.16508796891508262,0.0
0.4500557675700497,1.0,1.58e-06,0.01,0.0,9.015453982452662,0.16508796891508262,0.0
0.4500557675700497,1.0,2e-06,0.01,0.0,9.015453982452662,0.16508796891508262,0.0
0.4500557675700497,1.0,2.51e-06,0.01,0.0,9.015453982452662,0.16508796891508262,0.0
0.4500557675700497,1.0,3.16e-06,0.01,0.0,9.015453982452662,0.16508796891508262,0.0
0.4500557675700497,1.0,3.98e-06,0.01,0.0,9.015453982452662,0.16508796891508262,0.0
0.4500557675700497,1.0,5.01e-06,0.01,6.666666666666667e-05,9.015453982452662,0.16508796891508262,7.21236318596213
0.4500557675700497,1.0,7.94e-06,0.01,3.3333333333333335e-05,9.015453982452662,0.16508796891508262,3.606181592981065
0.4500557675700497,1.0,1e-05,0.01,3.3333333333333335e-05,9.015453982452662,0.16508796891508262,3.606181592981065
0.4500557675700497,1.0,1.26e-05,0.01,6.666666666666667e-05,9.015453982452662,0.16508796891508262,7.21236318596213
0.4500557675700497,1.0,1.58e-05,0.01,3.3333333333333335e-05,9.015453982452662,0.16508796891508262,3.606181592981065
0.4500557675700497,1.0,2e-05,0.01,0.00016666666666666666,9.015453982452662,0.16508796891508262,18.030907964905325
0.4500557675700497,1.0,2.51e-05,0.01,0.00016666666666666666,9.015453982452662,0.16508796891508262,18.030907964905325
0.4500557675700497,1.0,3.16e-05,0.01,0.0002,9.015453982452662,0.16508796891508262,21.63708955788639
0.4500557675700497,1.0,3.98e-05,0.01,0.0003333333333333333,9.015453982452662,0.16508796891508262,36.06181592981065
0.4500557675700497,1.0,6.31e-05,0.01,0.0001,9.015453982452662,0.16508796891508262,10.818544778943195
0.4500557675700497,1.0,7.94e-05,0.01,6.666666666666667e-05,9.015453982452662,0.16508796891508262,7.21236318596213
0.4500557675700497,1.0,0.0001,0.01,0.0,9.015453982452662,0.16508796891508262,0.0
0.4500557675700497,1.0,0.000126,0.01,0.0,9.015453982452662,0.16508796891508262,0.0
0.4500557675700497,1.0,0.000158,0.01,0.0,9.015453982452662,0.16508796891508262,0.0
0.4500557675700497,1.0,0.0002,0.01,0.0,9.015453982452662,0.16508796891508262,0.0
0.4500557675700497,1.0,0.000251,0.01,0.0,9.015453982452662,0.16508796891508262,0.0
0.4500557675700497,1.0,0.000316,0.01,0.0,9.015453982452662,0.16508796891508262,0.0
0.4500557675700497,1.0,0.000398,0.01,0.0,9.015453982452662,0.16508796891508262,0.0
0.4500557675700497,1.0,0.000501,0.01,0.0,9.015453982452662,0.16508796891508262,0.0
0.4500557675700497,1.0,0.000631,0.01,0.0,9.015453982452662,0.16508796891508262,0.0
0.4500557675700497,1.0,0.000794,0.01,0.0,9.015453982452662,0.16508796891508262,0.0
0.4500557675700497,1.0,0.001,0.01,0.0,9.015453982452662,0.16508796891508262,0.0
0.4500557675700497,1.0,0.00126,0.01,0.0,9.015453982452662,0.16508796891508262,0.0
0.4500557675700497,1.0,0.00158,0.01,0.0,9.015453982452662,0.16508796891508262,0.0
0.4500557675700497,1.0,0.002,0.01,0.0,9.015453982452662,0.16508796891508262,0.0
0.4500557675700497,1.0,0.00251,0.01,0.0,9.015453982452662,0.16508796891508262,0.0
0.4500557675700497,1.0,0.00316,0.01,0.0,9.015453982452662,0.16508796891508262,0.0
0.4500557675700497,1.0,0.00398,0.01,0.0,9.015453982452662,0.16508796891508262,0.0
0.4500557675700497,1.0,0.00501,0.01,0.0,9.015453982452662,0.16508796891508262,0.0
0.4500557675700497,1.0,0.00631,0.01,0.0,9.015453982452662,0.16508796891508262,0.0
0.4713753134116724,1.0,1e-06,0.01,0.0,9.733972512642657,0.1782452391987302,0.0
0.4713753134116724,1.0,1.26e-06,0.01,0.0,9.733972512642657,0.1782452391987302,0.0
0.4713753134116724,1.0,1.58e-06,0.01,0.0,9.733972512642657,0.1782452391987302,0.0
0.4713753134116724,1.0,2e-06,0.01,0.0,9.733972512642657,0.1782452391987302,0.0
0.4713753134116724,1.0,2.51e-06,0.01,0.0,9.733972512642657,0.1782452391987302,0.0
0.4713753134116724,1.0,3.16e-06,0.01,0.0,9.733972512642657,0.1782452391987302,0.0
0.4713753134116724,1.0,3.98e-06,0.01,0.0,9.733972512642657,0.1782452391987302,0.0
0.4713753134116724,1.0,5.01e-06,0.01,6.666666666666667e-05,9.733972512642657,0.1782452391987302,7.7871780101141255
0.4713753134116724,1.0,7.94e-06,0.01,3.3333333333333335e-05,9.733972512642657,0.1782452391987302,3.8935890050570627
0.4713753134116724,1.0,1e-05,0.01,3.3333333333333335e-05,9.733972512642657,0.1782452391987302,3.8935890050570627
0.4713753134116724,1.0,1.26e-05,0.01,6.666666666666667e-05,9.733972512642657,0.1782452391987302,7.7871780101141255
0.4713753134116724,1.0,1.58e-05,0.01,3.3333333333333335e-05,9.733972512642657,0.1782452391987302,3.8935890050570627
0.4713753134116724,1.0,2e-05,0.01,0.00016666666666666666,9.733972512642657,0.1782452391987302,19.467945025285317
0.4713753134116724,1.0,2.51e-05,0.01,0.00016666666666666666,9.733972512642657,0.1782452391987302,19.467945025285317
0.4713753134116724,1.0,3.16e-05,0.01,0.0002,9.733972512642657,0.1782452391987302,23.36153403034238
0.4713753134116724,1.0,3.98e-05,0.01,0.0003333333333333333,9.733972512642657,0.1782452391987302,38.935890050570634
0.4713753134116724,1.0,6.31e-05,0.01,0.0001,9.733972512642657,0.1782452391987302,11.68076701517119
0.4713753134116724,1.0,7.94e-05,0.01,6.666666666666667e-05,9.733972512642657,0.1782452391987302,7.7871780101141255
0.4713753134116724,1.0,0.0001,0.01,0.0,9.733972512642657,0.1782452391987302,0.0
0.4713753134116724,1.0,0.000126,0.01,0.0,9.733972512642657,0.1782452391987302,0.0
0.4713753134116724,1.0,0.000158,0.01,0.0,9.733972512642657,0.1782452391987302,0.0
0.4713753134116724,1.0,0.0002,0.01,0.0,9.733972512642657,0.1782452391987302,0.0
0.4713753134116724,1.0,0.000251,0.01,0.0,9.733972512642657,0.1782452391987302,0.0
0.4713753134116724,1.0,0.000316,0.01,0.0,9.733972512642657,0.1782452391987302,0.0
0.4713753134116724,1.0,0.000398,0.01,0.0,9.733972512642657,0.1782452391987302,0.0
0.4713753134116724,1.0,0.000501,0.01,0.0,9.733972512642657,0.1782452391987302,0.0
0.4713753134116724,1.0,0.000631,0.01,0.0,9.733972512642657,0.1782452391987302,0.0
0.4713753134116724,1.0,0.000794,0.01,0.0,9.733972512642657,0.1782452391987302,0.0
0.4713753134116724,1.0,0.001,0.01,0.0,9.733972512642657,0.1782452391987302,0.0
0.4713753134116724,1.0,0.00126,0.01,0.0,9.733972512642657,0.1782452391987302,0.0
0.4713753134116724,1.0,0.00158,0.01,0.0,9.733972512642657,0.1782452391987302,0.0
0.4713753134116724,1.0,0.002,0.01,0.0,9.733972512642657,0.1782452391987302,0.0
0.4713753134116724,1.0,0.00251,0.01,0.0,9.733972512642657,0.1782452391987302,0.0
0.4713753134116724,1.0,0.00316,0.01,0.0,9.733972512642657,0.1782452391987302,0.0
0.4713753134116724,1.0,0.00398,0.01,0.0,9.733972512642657,0.1782452391987302,0.0
0.4713753134116724,1.0,0.00501,0.01,0.0,9.733972512642657,0.1782452391987302,0.0
0.4713753134116724,1.0,0.00631,0.01,0.0,9.733972512642657,0.1782452391987302,0.0
0.4937047852839004,1.0,1e-06,0.01,0.0,10.496572656988254,0.19220971721274957,0.0
0.4937047852839004,1.0,1.26e-06,0.01,0.0,10.496572656988254,0.19220971721274957,0.0
0.4937047852839004,1.0,1.58e-06,0.01,0.0,10.496572656988254,0.19220971721274957,0.0
0.4937047852839004,1.0,2e-06,0.01,0.0,10.496572656988254,0.19220971721274957,0.0
0.4937047852839004,1.0,2.51e-06,0.01,0.0,10.496572656988254,0.19220971721274957,0.0
0.4937047852839004,1.0,3.16e-06,0.01,0.0,10.496572656988254,0.19220971721274957,0.0
0.4937047852839004,1.0,3.98e-06,0.01,0.0,10.496572656988254,0.19220971721274957,0.0
0.4937047852839004,1.0,5.01e-06,0.01,6.666666666666667e-05,10.496572656988254,0.19220971721274957,8.397258125590605
0.4937047852839004,1.0,7.94e-06,0.01,3.3333333333333335e-05,10.496572656988254,0.19220971721274957,4.198629062795303
0.4937047852839004,1.0,1e-05,0.01,3.3333333333333335e-05,10.496572656988254,0.19220971721274957,4.198629062795303
0.4937047852839004,1.0,1.26e-05,0.01,6.666666666666667e-05,10.496572656988254,0.19220971721274957,8.397258125590605
0.4937047852839004,1.0,1.58e-05,0.01,3.3333333333333335e-05,10.496572656988254,0.19220971721274957,4.198629062795303
0.4937047852839004,1.0,2e-05,0.01,0.00016666666666666666,10.496572656988254,0.19220971721274957,20.993145313976513
0.4937047852839004,1.0,2.51e-05,0.01,0.00016666666666666666,10.496572656988254,0.19220971721274957,20.993145313976513
0.4937047852839004,1.0,3.16e-05,0.01,0.0002,10.496572656988254,0.19220971721274957,25.191774376771818
0.4937047852839004,1.0,3.98e-05,0.01,0.0003333333333333333,10.496572656988254,0.19220971721274957,41.986290627953025
0.4937047852839004,1.0,6.31e-05,0.01,0.0001,10.496572656988254,0.19220971721274957,12.595887188385909
0.4937047852839004,1.0,7.94e-05,0.01,6.666666666666667e-05,10.496572656988254,0.19220971721274957,8.397258125590605
0.4937047852839004,1.0,0.0001,0.01,0.0,10.496572656988254,0.19220971721274957,0.0
0.4937047852839004,1.0,0.000126,0.01,0.0,10.496572656988254,0.19220971721274957,0.0
0.4937047852839004,1.0,0.000158,0.01,0.0,10.496572656988254,0.19220971721274957,0.0
0.4937047852839004,1.0,0.0002,0.01,0.0,10.496572656988254,0.19220971721274957,0.0
0.4937047852839004,1.0,0.000251,0.01,0.0,10.496572656988254,0.19220971721274957,0.0
0.4937047852839004,1.0,0.000316,0.01,0.0,10.496572656988254,0.19220971721274957,0.0
0.4937047852839004,1.0,0.000398,0.01,0.0,10.496572656988254,0.19220971721274957,0.0
0.4937047852839004,1.0,0.000501,0.01,0.0,10.496572656988254,0.19220971721274957,0.0
0.4937047852839004,1.0,0.000631,0.01,0.0,10.496572656988254,0.19220971721274957,0.0
0.4937047852839004,1.0,0.000794,0.01,0.0,10.496572656988254,0.19220971721274957,0.0
0.4937047852839004,1.0,0.001,0.01,0.0,10.496572656988254,0.19220971721274957,0.0
0.4937047852839004,1.0,0.00126,0.01,0.0,10.496572656988254,0.19220971721274957,0.0
0.4937047852839004,1.0,0.00158,0.01,0.0,10.496572656988254,0.19220971721274957,0.0
0.4937047852839004,1.0,0.002,0.01,0.0,10.496572656988254,0.19220971721274957,0.0
0.4937047852839004,1.0,0.00251,0.01,0.0,10.496572656988254,0.19220971721274957,0.0
0.4937047852839004,1.0,0.00316,0.01,0.0,10.496572656988254,0.19220971721274957,0.0
0.4937047852839004,1.0,0.00398,0.01,0.0,10.496572656988254,0.19220971721274957,0.0
0.4937047852839004,1.0,0.00501,0.01,0.0,10.496572656988254,0.19220971721274957,0.0
0.4937047852839004,1.0,0.00631,0.01,0.0,10.496572656988254,0.19220971721274957,0.0
0.517092024289676,1.0,1e-06,0.01,0.0,11.303868786356437,0.20699265311035409,0.0
0.517092024289676,1.0,1.26e-06,0.01,0.0,11.303868786356437,0.20699265311035409,0.0
0.517092024289676,1.0,1.58e-06,0.01,0.0,11.303868786356437,0.20699265311035409,0.0
0.517092024289676,1.0,2e-06,0.01,0.0,11.303868786356437,0.20699265311035409,0.0
0.517092024289676,1.0,2.51e-06,0.01,0.0,11.303868786356437,0.20699265311035409,0.0
0.517092024289676,1.0,3.16e-06,0.01,0.0,11.303868786356437,0.20699265311035409,0.0
0.517092024289676,1.0,3.98e-06,0.01,0.0,11.303868786356437,0.20699265311035409,0.0
0.517092024289676,1.0,5.01e-06,0.01,6.666666666666667e-05,11.303868786356437,0.20699265311035409,9.04309502908515
0.517092024289676,1.0,7.94e-06,0.01,3.3333333333333335e-05,11.303868786356437,0.20699265311035409,4.521547514542575
0.517092024289676,1.0,1e-05,0.01,3.3333333333333335e-05,11.303868786356437,0.20699265311035409,4.521547514542575
0.517092024289676,1.0,1.26e-05,0.01,6.666666666666667e-05,11.303868786356437,0.20699265311035409,9.04309502908515
0.517092024289676,1.0,1.58e-05,0.01,3.3333333333333335e-05,11.303868786356437,0.20699265311035409,4.521547514542575
0.517092024289676,1.0,2e-05,0.01,0.00016666666666666666,11.303868786356437,0.20699265311035409,22.607737572712875
0.517092024289676,1.0,2.51e-05,0.01,0.00016666666666666666,11.303868786356437,0.20699265311035409,22.607737572712875
0.517092024289676,1.0,3.16e-05,0.01,0.0002,11.303868786356437,0.20699265311035409,27.12928508725545
0.517092024289676,1.0,3.98e-05,0.01,0.0003333333333333333,11.303868786356437,0.20699265311035409,45.21547514542575
0.517092024289676,1.0,6.31e-05,0.01,0.0001,11.303868786356437,0.20699265311035409,13.564642543627725
0.517092024289676,1.0,7.94e-05,0.01,6.666666666666667e-05,11.303868786356437,0.20699265311035409,9.04309502908515
0.517092024289676,1.0,0.0001,0.01,0.0,11.303868786356437,0.20699265311035409,0.0
0.517092024289676,1.0,0.000126,0.01,0.0,11.303868786356437,0.20699265311035409,0.0
0.517092024289676,1.0,0.000158,0.01,0.0,11.303868786356437,0.20699265311035409,0.0
0.517092024289676,1.0,0.0002,0.01,0.0,11.303868786356437,0.20699265311035409,0.0
0.517092024289676,1.0,0.000251,0.01,0.0,11.303868786356437,0.20699265311035409,0.0
0.517092024289676,1.0,0.000316,0.01,0.0,11.303868786356437,0.20699265311035409,0.0
0.517092024289676,1.0,0.000398,0.01,0.0,11.303868786356437,0.20699265311035409,0.0
0.517092024289676,1.0,0.000501,0.01,0.0,11.303868786356437,0.20699265311035409,0.0
0.517092024289676,1.0,0.000631,0.01,0.0,11.303868786356437,0.20699265311035409,0.0
0.517092024289676,1.0,0.000794,0.01,0.0,11.303868786356437,0.20699265311035409,0.0
0.517092024289676,1.0,0.001,0.01,0.0,11.303868786356437,0.20699265311035409,0.0
0.517092024289676,1.0,0.00126,0.01,0.0,11.303868786356437,0.20699265311035409,0.0
0.517092024289676,1.0,0.00158,0.01,0.0,11.303868786356437,0.20699265311035409,0.0
0.517092024289676,1.0,0.002,0.01,0.0,11.303868786356437,0.20699265311035409,0.0
0.517092024289676,1.0,0.00251,0.01,0.0,11.303868786356437,0.20699265311035409,0.0
0.517092024289676,1.0,0.00316,0.01,0.0,11.303868786356437,0.20699265311035409,0.0
0.517092024289676,1.0,0.00398,0.01,0.0,11.303868786356437,0.20699265311035409,0.0
0.517092024289676,1.0,0.00501,0.01,0.0,11.303868786356437,0.20699265311035409,0.0
0.517092024289676,1.0,0.00631,0.01,0.0,11.303868786356437,0.20699265311035409,0.0
0.5415871378079471,1.0,1e-06,0.01,0.0,12.15614468951381,0.22259924353623534,0.0
0.5415871378079471,1.0,1.26e-06,0.01,0.0,12.15614468951381,0.22259924353623534,0.0
0.5415871378079471,1.0,1.58e-06,0.01,0.0,12.15614468951381,0.22259924353623534,0.0
0.5415871378079471,1.0,2e-06,0.01,0.0,12.15614468951381,0.22259924353623534,0.0
0.5415871378079471,1.0,2.51e-06,0.01,0.0,12.15614468951381,0.22259924353623534,0.0
0.5415871378079471,1.0,3.16e-06,0.01,0.0,12.15614468951381,0.22259924353623534,0.0
0.5415871378079471,1.0,3.98e-06,0.01,0.0,12.15614468951381,0.22259924353623534,0.0
0.5415871378079471,1.0,5.01e-06,0.01,6.666666666666667e-05,12.15614468951381,0.22259924353623534,9.72491575161105
0.5415871378079471,1.0,7.94e-06,0.01,3.3333333333333335e-05,12.15614468951381,0.22259924353623534,4.862457875805525
0.5415871378079471,1.0,1e-05,0.01,3.3333333333333335e-05,12.15614468951381,0.22259924353623534,4.862457875805525
0.5415871378079471,1.0,1.26e-05,0.01,6.666666666666667e-05,12.15614468951381,0.22259924353623534,9.72491575161105
0.5415871378079471,1.0,1.58e-05,0.01,3.3333333333333335e-05,12.15614468951381,0.22259924353623534,4.862457875805525
0.5415871378079471,1.0,2e-05,0.01,0.00016666666666666666,12.15614468951381,0.22259924353623534,24.31228937902762
0.5415871378079471,1.0,2.51e-05,0.01,0.00016666666666666666,12.15614468951381,0.22259924353623534,24.31228937902762
0.5415871378079471,1.0,3.16e-05,0.01,0.0002,12.15614468951381,0.22259924353623534,29.17474725483315
0.5415871378079471,1.0,3.98e-05,0.01,0.0003333333333333333,12.15614468951381,0.22259924353623534,48.62457875805524
0.5415871378079471,1.0,6.31e-05,0.01,0.0001,12.15614468951381,0.22259924353623534,14.587373627416575
0.5415871378079471,1.0,7.94e-05,0.01,6.666666666666667e-05,12.15614468951381,0.22259924353623534,9.72491575161105
0.5415871378079471,1.0,0.0001,0.01,0.0,12.15614468951381,0.22259924353623534,0.0
0.5415871378079471,1.0,0.000126,0.01,0.0,12.15614468951381,0.22259924353623534,0.0
0.5415871378079471,1.0,0.000158,0.01,0.0,12.15614468951381,0.22259924353623534,0.0
0.5415871378079471,1.0,0.0002,0.01,0.0,12.15614468951381,0.22259924353623534,0.0
0.5415871378079471,1.0,0.000251,0.01,0.0,12.15614468951381,0.22259924353623534,0.0
0.5415871378079471,1.0,0.000316,0.01,0.0,12.15614468951381,0.22259924353623534,0.0
0.5415871378079471,1.0,0.000398,0.01,0.0,12.15614468951381,0.22259924353623534,0.0
0.5415871378079471,1.0,0.000501,0.01,0.0,12.15614468951381,0.22259924353623534,0.0
0.5415871378079471,1.0,0.000631,0.01,0.0,12.15614468951381,0.22259924353623534,0.0
0.5415871378079471,1.0,0.000794,0.01,0.0,12.15614468951381,0.22259924353623534,0.0
0.5415871378079471,1.0,0.001,0.01,0.0,12.15614468951381,0.22259924353623534,0.0
0.5415871378079471,1.0,0.00126,0.01,0.0,12.15614468951381,0.22259924353623534,0.0
0.5415871378079471,1.0,0.00158,0.01,0.0,12.15614468951381,0.22259924353623534,0.0
0.5415871378079471,1.0,0.002,0.01,0.0,12.15614468951381,0.22259924353623534,0.0
0.5415871378079471,1.0,0.00251,0.01,0.0,12.15614468951381,0.22259924353623534,0.0
0.5415871378079471,1.0,0.00316,0.01,0.0,12.15614468951381,0.22259924353623534,0.0
0.5415871378079471,1.0,0.00398,0.01,0.0,12.15614468951381,0.22259924353623534,0.0
0.5415871378079471,1.0,0.00501,0.01,0.0,12.15614468951381,0.22259924353623534,0.0
0.5415871378079471,1.0,0.00631,0.01,0.0,12.15614468951381,0.22259924353623534,0.0
0.5672426068491978,1.0,1e-06,0.01,0.0,13.053310612383815,0.23902784494385304,0.0
0.5672426068491978,1.0,1.26e-06,0.01,0.0,13.053310612383815,0.23902784494385304,0.0
0.5672426068491978,1.0,1.58e-06,0.01,0.0,13.053310612383815,0.23902784494385304,0.0
0.5672426068491978,1.0,2e-06,0.01,0.0,13.053310612383815,0.23902784494385304,0.0
0.5672426068491978,1.0,2.51e-06,0.01,0.0,13.053310612383815,0.23902784494385304,0.0
0.5672426068491978,1.0,3.16e-06,0.01,0.0,13.053310612383815,0.23902784494385304,0.0
0.5672426068491978,1.0,3.98e-06,0.01,0.0,13.053310612383815,0.23902784494385304,0.0
0.5672426068491978,1.0,5.01e-06,0.01,6.666666666666667e-05,13.053310612383815,0.23902784494385304,10.442648489907052
0.5672426068491978,1.0,7.94e-06,0.01,3.3333333333333335e-05,13.053310612383815,0.23902784494385304,5.221324244953526
0.5672426068491978,1.0,1e-05,0.01,3.3333333333333335e-05,13.053310612383815,0.23902784494385304,5.221324244953526
0.5672426068491978,1.0,1.26e-05,0.01,6.666666666666667e-05,13.053310612383815,0.23902784494385304,10.442648489907052
0.5672426068491978,1.0,1.58e-05,0.01,3.3333333333333335e-05,13.053310612383815,0.23902784494385304,5.221324244953526
0.5672426068491978,1.0,2e-05,0.01,0.00016666666666666666,13.053310612383815,0.23902784494385304,26.10662122476763
0.5672426068491978,1.0,2.51e-05,0.01,0.00016666666666666666,13.053310612383815,0.23902784494385304,26.10662122476763
0.5672426068491978,1.0,3.16e-05,0.01,0.0002,13.053310612383815,0.23902784494385304,31.327945469721158
0.5672426068491978,1.0,3.98e-05,0.01,0.0003333333333333333,13.053310612383815,0.23902784494385304,52.21324244953526
0.5672426068491978,1.0,6.31e-05,0.01,0.0001,13.053310612383815,0.23902784494385304,15.663972734860579
0.5672426068491978,1.0,7.94e-05,0.01,6.666666666666667e-05,13.053310612383815,0.23902784494385304,10.442648489907052
0.5672426068491978,1.0,0.0001,0.01,0.0,13.053310612383815,0.23902784494385304,0.0
0.5672426068491978,1.0,0.000126,0.01,0.0,13.053310612383815,0.23902784494385304,0.0
0.5672426068491978,1.0,0.000158,0.01,0.0,13.053310612383815,0.23902784494385304,0.0
0.5672426068491978,1.0,0.0002,0.01,0.0,13.053310612383815,0.23902784494385304,0.0
0.5672426068491978,1.0,0.000251,0.01,0.0,13.053310612383815,0.23902784494385304,0.0
0.5672426068491978,1.0,0.000316,0.01,0.0,13.053310612383815,0.23902784494385304,0.0
0.5672426068491978,1.0,0.000398,0.01,0.0,13.053310612383815,0.23902784494385304,0.0
0.5672426068491978,1.0,0.000501,0.01,0.0,13.053310612383815,0.23902784494385304,0.0
0.5672426068491978,1.0,0.000631,0.01,0.0,13.053310612383815,0.23902784494385304,0.0
0.5672426068491978,1.0,0.000794,0.01,0.0,13.053310612383815,0.23902784494385304,0.0
0.5672426068491978,1.0,0.001,0.01,0.0,13.053310612383815,0.23902784494385304,0.0
0.5672426068491978,1.0,0.00126,0.01,0.0,13.053310612383815,0.23902784494385304,0.0
0.5672426068491978,1.0,0.00158,0.01,0.0,13.053310612383815,0.23902784494385304,0.0
0.5672426068491978,1.0,0.002,0.01,0.0,13.053310612383815,0.23902784494385304,0.0
0.5672426068491978,1.0,0.00251,0.01,0.0,13.053310612383815,0.23902784494385304,0.0
0.5672426068491978,1.0,0.00316,0.01,0.0,13.053310612383815,0.23902784494385304,0.0
0.5672426068491978,1.0,0.00398,0.01,0.0,13.053310612383815,0.23902784494385304,0.0
0.5672426068491978,1.0,0.00501,0.01,0.0,13.053310612383815,0.23902784494385304,0.0
0.5672426068491978,1.0,0.00631,0.01,0.0,13.053310612383815,0.23902784494385304,0.0
0.5941133984965034,1.0,1e-06,0.01,0.0,13.994863153564978,0.25626923921561945,0.0
0.5941133984965034,1.0,1.26e-06,0.01,0.0,13.994863153564978,0.25626923921561945,0.0
0.5941133984965034,1.0,1.58e-06,0.01,0.0,13.994863153564978,0.25626923921561945,0.0
0.5941133984965034,1.0,2e-06,0.01,0.0,13.994863153564978,0.25626923921561945,0.0
0.5941133984965034,1.0,2.51e-06,0.01,0.0,13.994863153564978,0.25626923921561945,0.0
0.5941133984965034,1.0,3.16e-06,0.01,0.0,13.994863153564978,0.25626923921561945,0.0
0.5941133984965034,1.0,3.98e-06,0.01,0.0,13.994863153564978,0.25626923921561945,0.0
0.5941133984965034,1.0,5.01e-06,0.01,6.666666666666667e-05,13.994863153564978,0.25626923921561945,11.195890522851982
0.5941133984965034,1.0,7.94e-06,0.01,3.3333333333333335e-05,13.994863153564978,0.25626923921561945,5.597945261425991
0.5941133984965034,1.0,1e-05,0.01,3.3333333333333335e-05,13.994863153564978,0.25626923921561945,5.597945261425991
0.5941133984965034,1.0,1.26e-05,0.01,6.666666666666667e-05,13.994863153564978,0.25626923921561945,11.195890522851982
0.5941133984965034,1.0,1.58e-05,0.01,3.3333333333333335e-05,13.994863153564978,0.25626923921561945,5.597945261425991
0.5941133984965034,1.0,2e-05,0.01,0.00016666666666666666,13.994863153564978,0.25626923921561945,27.989726307129953
0.5941133984965034,1.0,2.51e-05,0.01,0.00016666666666666666,13.994863153564978,0.25626923921561945,27.989726307129953
0.5941133984965034,1.0,3.16e-05,0.01,0.0002,13.994863153564978,0.25626923921561945,33.58767156855595
0.5941133984965034,1.0,3.98e-05,0.01,0.0003333333333333333,13.994863153564978,0.25626923921561945,55.979452614259905
0.5941133984965034,1.0,6.31e-05,0.01,0.0001,13.994863153564978,0.25626923921561945,16.793835784277974
0.5941133984965034,1.0,7.94e-05,0.01,6.666666666666667e-05,13.994863153564978,0.25626923921561945,11.195890522851982
0.5941133984965034,1.0,0.0001,0.01,0.0,13.994863153564978,0.25626923921561945,0.0
0.5941133984965034,1.0,0.000126,0.01,0.0,13.994863153564978,0.25626923921561945,0.0
0.5941133984965034,1.0,0.000158,0.01,0.0,13.994863153564978,0.25626923921561945,0.0
0.5941133984965034,1.0,0.0002,0.01,0.0,13.994863153564978,0.25626923921561945,0.0
0.5941133984965034,1.0,0.000251,0.01,0.0,13.994863153564978,0.25626923921561945,0.0
0.5941133984965034,1.0,0.000316,0.01,0.0,13.994863153564978,0.25626923921561945,0.0
0.5941133984965034,1.0,0.000398,0.01,0.0,13.994863153564978,0.25626923921561945,0.0
0.5941133984965034,1.0,0.000501,0.01,0.0,13.994863153564978,0.25626923921561945,0.0
0.5941133984965034,1.0,0.000631,0.01,0.0,13.994863153564978,0.25626923921561945,0.0
0.5941133984965034,1.0,0.000794,0.01,0.0,13.994863153564978,0.25626923921561945,0.0
0.5941133984965034,1.0,0.001,0.01,0.0,13.994863153564978,0.25626923921561945,0.0
0.5941133984965034,1.0,0.00126,0.01,0.0,13.994863153564978,0.25626923921561945,0.0
0.5941133984965034,1.0,0.00158,0.01,0.0,13.994863153564978,0.25626923921561945,0.0
0.5941133984965034,1.0,0.002,0.01,0.0,13.994863153564978,0.25626923921561945,0.0
0.5941133984965034,1.0,0.00251,0.01,0.0,13.994863153564978,0.25626923921561945,0.0
0.5941133984965034,1.0,0.00316,0.01,0.0,13.994863153564978,0.25626923921561945,0.0
0.5941133984965034,1.0,0.00398,0.01,0.0,13.994863153564978,0.25626923921561945,0.0
0.5941133984965034,1.0,0.00501,0.01,0.0,13.994863153564978,0.25626923921561945,0.0
0.5941133984965034,1.0,0.00631,0.01,0.0,13.994863153564978,0.25626923921561945,0.0
0.6222570836730231,1.0,1e-06,0.01,0.0,14.97984979607202,0.27430598418004065,0.0
0.6222570836730231,1.0,1.26e-06,0.01,0.0,14.97984979607202,0.27430598418004065,0.0
0.6222570836730231,1.0,1.58e-06,0.01,0.0,14.97984979607202,0.27430598418004065,0.0
0.6222570836730231,1.0,2e-06,0.01,0.0,14.97984979607202,0.27430598418004065,0.0
0.6222570836730231,1.0,2.51e-06,0.01,0.0,14.97984979607202,0.27430598418004065,0.0
0.6222570836730231,1.0,3.16e-06,0.01,0.0,14.97984979607202,0.27430598418004065,0.0
0.6222570836730231,1.0,3.98e-06,0.01,0.0,14.97984979607202,0.27430598418004065,0.0
0.6222570836730231,1.0,5.01e-06,0.01,6.666666666666667e-05,14.97984979607202,0.27430598418004065,11.983879836857618
0.6222570836730231,1.0,7.94e-06,0.01,3.3333333333333335e-05,14.97984979607202,0.27430598418004065,5.991939918428809
0.6222570836730231,1.0,1e-05,0.01,3.3333333333333335e-05,14.97984979607202,0.27430598418004065,5.991939918428809
0.6222570836730231,1.0,1.26e-05,0.01,6.666666666666667e-05,14.97984979607202,0.27430598418004065,11.983879836857618
0.6222570836730231,1.0,1.58e-05,0.01,3.3333333333333335e-05,14.97984979607202,0.27430598418004065,5.991939918428809
0.6222570836730231,1.0,2e-05,0.01,0.00016666666666666666,14.97984979607202,0.27430598418004065,29.95969959214404
0.6222570836730231,1.0,2.51e-05,0.01,0.00016666666666666666,14.97984979607202,0.27430598418004065,29.95969959214404
0.6222570836730231,1.0,3.16e-05,0.01,0.0002,14.97984979607202,0.27430598418004065,35.95163951057285
0.6222570836730231,1.0,3.98e-05,0.01,0.0003333333333333333,14.97984979607202,0.27430598418004065,59.91939918428808
0.6222570836730231,1.0,6.31e-05,0.01,0.0001,14.97984979607202,0.27430598418004065,17.975819755286427
0.6222570836730231,1.0,7.94e-05,0.01,6.666666666666667e-05,14.97984979607202,0.27430598418004065,11.983879836857618
0.6222570836730231,1.0,0.0001,0.01,0.0,14.97984979607202,0.27430598418004065,0.0
0.6222570836730231,1.0,0.000126,0.01,0.0,14.97984979607202,0.27430598418004065,0.0
0.6222570836730231,1.0,0.000158,0.01,0.0,14.97984979607202,0.27430598418004065,0.0
0.6222570836730231,1.0,0.0002,0.01,0.0,14.97984979607202,0.27430598418004065,0.0
0.6222570836730231,1.0,0.000251,0.01,0.0,14.97984979607202,0.27430598418004065,0.0
0.6222570836730231,1.0,0.000316,0.01,0.0,14.97984979607202,0.27430598418004065,0.0
0.6222570836730231,1.0,0.000398,0.01,0.0,14.97984979607202,0.27430598418004065,0.0
0.6222570836730231,1.0,0.000501,0.01,0.0,14.97984979607202,0.27430598418004065,0.0
0.6222570836730231,1.0,0.000631,0.01,0.0,14.97984979607202,0.27430598418004065,0.0
0.6222570836730231,1.0,0.000794,0.01,0.0,14.97984979607202,0.27430598418004065,0.0
0.6222570836730231,1.0,0.001,0.01,0.0,14.97984979607202,0.27430598418004065,0.0
0.6222570836730231,1.0,0.00126,0.01,0.0,14.97984979607202,0.27430598418004065,0.0
0.6222570836730231,1.0,0.00158,0.01,0.0,14.97984979607202,0.27430598418004065,0.0
0.6222570836730231,1.0,0.002,0.01,0.0,14.97984979607202,0.27430598418004065,0.0
0.6222570836730231,1.0,0.00251,0.01,0.0,14.97984979607202,0.27430598418004065,0.0
0.6222570836730231,1.0,0.00316,0.01,0.0,14.97984979607202,0.27430598418004065,0.0
0.6222570836730231,1.0,0.00398,0.01,0.0,14.97984979607202,0.27430598418004065,0.0
0.6222570836730231,1.0,0.00501,0.01,0.0,14.97984979607202,0.27430598418004065,0.0
0.6222570836730231,1.0,0.00631,0.01,0.0,14.97984979607202,0.27430598418004065,0.0
0.6517339604882427,1.0,1e-06,0.01,0.0,16.006839956250683,0.29311188346915734,0.0
0.6517339604882427,1.0,1.26e-06,0.01,0.0,16.006839956250683,0.29311188346915734,0.0
0.6517339604882427,1.0,1.58e-06,0.01,0.0,16.006839956250683,0.29311188346915734,0.0
0.6517339604882427,1.0,2e-06,0.01,0.0,16.006839956250683,0.29311188346915734,0.0
0.6517339604882427,1.0,2.51e-06,0.01,0.0,16.006839956250683,0.29311188346915734,0.0
0.6517339604882427,1.0,3.16e-06,0.01,0.0,16.006839956250683,0.29311188346915734,0.0
0.6517339604882427,1.0,3.98e-06,0.01,0.0,16.006839956250683,0.29311188346915734,0.0
0.6517339604882427,1.0,5.01e-06,0.01,6.666666666666667e-05,16.006839956250683,0.29311188346915734,12.805471965000548
0.6517339604882427,1.0,7.94e-06,0.01,3.3333333333333335e-05,16.006839956250683,0.29311188346915734,6.402735982500274
0.6517339604882427,1.0,1e-05,0.01,3.3333333333333335e-05,16.006839956250683,0.29311188346915734,6.402735982500274
0.6517339604882427,1.0,1.26e-05,0.01,6.666666666666667e-05,16.006839956250683,0.29311188346915734,12.805471965000548
0.6517339604882427,1.0,1.58e-05,0.01,3.3333333333333335e-05,16.006839956250683,0.29311188346915734,6.402735982500274
0.6517339604882427,1.0,2e-05,0.01,0.00016666666666666666,16.006839956250683,0.29311188346915734,32.01367991250137
0.6517339604882427,1.0,2.51e-05,0.01,0.00016666666666666666,16.006839956250683,0.29311188346915734,32.01367991250137
0.6517339604882427,1.0,3.16e-05,0.01,0.0002,16.006839956250683,0.29311188346915734,38.41641589500164
0.6517339604882427,1.0,3.98e-05,0.01,0.0003333333333333333,16.006839956250683,0.29311188346915734,64.02735982500273
0.6517339604882427,1.0,6.31e-05,0.01,0.0001,16.006839956250683,0.29311188346915734,19.20820794750082
0.6517339604882427,1.0,7.94e-05,0.01,6.666666666666667e-05,16.006839956250683,0.29311188346915734,12.805471965000548
0.6517339604882427,1.0,0.0001,0.01,0.0,16.006839956250683,0.29311188346915734,0.0
0.6517339604882427,1.0,0.000126,0.01,0.0,16.006839956250683,0.29311188346915734,0.0
0.6517339604882427,1.0,0.000158,0.01,0.0,16.006839956250683,0.29311188346915734,0.0
0.6517339604882427,1.0,0.0002,0.01,0.0,16.006839956250683,0.29311188346915734,0.0
0.6517339604882427,1.0,0.000251,0.01,0.0,16.006839956250683,0.29311188346915734,0.0
0.6517339604882427,1.0,0.000316,0.01,0.0,16.006839956250683,0.29311188346915734,0.0
0.6517339604882427,1.0,0.000398,0.01,0.0,16.006839956250683,0.29311188346915734,0.0
0.6517339604882427,1.0,0.000501,0.01,0.0,16.006839956250683,0.29311188346915734,0.0
0.6517339604882427,1.0,0.000631,0.01,0.0,16.006839956250683,0.29311188346915734,0.0
0.6517339604882427,1.0,0.000794,0.01,0.0,16.006839956250683,0.29311188346915734,0.0
0.6517339604882427,1.0,0.001,0.01,0.0,16.006839956250683,0.29311188346915734,0.0
0.6517339604882427,1.0,0.00126,0.01,0.0,16.006839956250683,0.29311188346915734,0.0
0.6517339604882427,1.0,0.00158,0.01,0.0,16.006839956250683,0.29311188346915734,0.0
0.6517339604882427,1.0,0.002,0.01,0.0,16.006839956250683,0.29311188346915734,0.0
0.6517339604882427,1.0,0.00251,0.01,0.0,16.006839956250683,0.29311188346915734,0.0
0.6517339604882427,1.0,0.00316,0.01,0.0,16.006839956250683,0.29311188346915734,0.0
0.6517339604882427,1.0,0.00398,0.01,0.0,16.006839956250683,0.29311188346915734,0.0
0.6517339604882427,1.0,0.00501,0.01,0.0,16.006839956250683,0.29311188346915734,0.0
0.6517339604882427,1.0,0.00631,0.01,0.0,16.006839956250683,0.29311188346915734,0.0
0.6826071834272386,1.0,1e-06,0.01,0.0,17.07390444049744,0.31265161033688776,0.0
0.6826071834272386,1.0,1.26e-06,0.01,0.0,17.07390444049744,0.31265161033688776,0.0
0.6826071834272386,1.0,1.58e-06,0.01,0.0,17.07390444049744,0.31265161033688776,0.0
0.6826071834272386,1.0,2e-06,0.01,0.0,17.07390444049744,0.31265161033688776,0.0
0.6826071834272386,1.0,2.51e-06,0.01,0.0,17.07390444049744,0.31265161033688776,0.0
0.6826071834272386,1.0,3.16e-06,0.01,0.0,17.07390444049744,0.31265161033688776,0.0
0.6826071834272386,1.0,3.98e-06,0.01,0.0,17.07390444049744,0.31265161033688776,0.0
0.6826071834272386,1.0,5.01e-06,0.01,6.666666666666667e-05,17.07390444049744,0.31265161033688776,13.659123552397952
0.6826071834272386,1.0,7.94e-06,0.01,3.3333333333333335e-05,17.07390444049744,0.31265161033688776,6.829561776198976
0.6826071834272386,1.0,1e-05,0.01,3.3333333333333335e-05,17.07390444049744,0.31265161033688776,6.829561776198976
0.6826071834272386,1.0,1.26e-05,0.01,6.666666666666667e-05,17.07390444049744,0.31265161033688776,13.659123552397952
0.6826071834272386,1.0,1.58e-05,0.01,3.3333333333333335e-05,17.07390444049744,0.31265161033688776,6.829561776198976
0.6826071834272386,1.0,2e-05,0.01,0.00016666666666666666,17.07390444049744,0.31265161033688776,34.14780888099488
0.6826071834272386,1.0,2.51e-05,0.01,0.00016666666666666666,17.07390444049744,0.31265161033688776,34.14780888099488
0.6826071834272386,1.0,3.16e-05,0.01,0.0002,17.07390444049744,0.31265161033688776,40.97737065719386
0.6826071834272386,1.0,3.98e-05,0.01,0.0003333333333333333,17.07390444049744,0.31265161033688776,68.29561776198976
0.6826071834272386,1.0,6.31e-05,0.01,0.0001,17.07390444049744,0.31265161033688776,20.48868532859693
0.6826071834272386,1.0,7.94e-05,0.01,6.666666666666667e-05,17.07390444049744,0.31265161033688776,13.659123552397952
0.6826071834272386,1.0,0.0001,0.01,0.0,17.07390444049744,0.31265161033688776,0.0
0.6826071834272386,1.0,0.000126,0.01,0.0,17.07390444049744,0.31265161033688776,0.0
0.6826071834272386,1.0,0.000158,0.01,0.0,17.07390444049744,0.31265161033688776,0.0
0.6826071834272386,1.0,0.0002,0.01,0.0,17.07390444049744,0.31265161033688776,0.0
0.6826071834272386,1.0,0.000251,0.01,0.0,17.07390444049744,0.31265161033688776,0.0
0.6826071834272386,1.0,0.000316,0.01,0.0,17.07390444049744,0.31265161033688776,0.0
0.6826071834272386,1.0,0.000398,0.01,0.0,17.07390444049744,0.31265161033688776,0.0
0.6826071834272386,1.0,0.000501,0.01,0.0,17.07390444049744,0.31265161033688776,0.0
0.6826071834272386,1.0,0.000631,0.01,0.0,17.07390444049744,0.31265161033688776,0.0
0.6826071834272386,1.0,0.000794,0.01,0.0,17.07390444049744,0.31265161033688776,0.0
0.6826071834272386,1.0,0.001,0.01,0.0,17.07390444049744,0.31265161033688776,0.0
0.6826071834272386,1.0,0.00126,0.01,0.0,17.07390444049744,0.31265161033688776,0.0
0.6826071834272386,1.0,0.00158,0.01,0.0,17.07390444049744,0.31265161033688776,0.0
0.6826071834272386,1.0,0.002,0.01,0.0,17.07390444049744,0.31265161033688776,0.0
0.6826071834272386,1.0,0.00251,0.01,0.0,17.07390444049744,0.31265161033688776,0.0
0.6826071834272386,1.0,0.00316,0.01,0.0,17.07390444049744,0.31265161033688776,0.0
0.6826071834272386,1.0,0.00398,0.01,0.0,17.07390444049744,0.31265161033688776,0.0
0.6826071834272386,1.0,0.00501,0.01,0.0,17.07390444049744,0.31265161033688776,0.0
0.6826071834272386,1.0,0.00631,0.01,0.0,17.07390444049744,0.31265161033688776,0.0
0.7149428986597577,1.0,1e-06,0.01,0.0,18.178605099153348,0.3328805182046026,0.0
0.7149428986597577,1.0,1.26e-06,0.01,0.0,18.178605099153348,0.3328805182046026,0.0
0.7149428986597577,1.0,1.58e-06,0.01,0.0,18.178605099153348,0.3328805182046026,0.0
0.7149428986597577,1.0,2e-06,0.01,0.0,18.178605099153348,0.3328805182046026,0.0
0.7149428986597577,1.0,2.51e-06,0.01,0.0,18.178605099153348,0.3328805182046026,0.0
0.7149428986597577,1.0,3.16e-06,0.01,0.0,18.178605099153348,0.3328805182046026,0.0
0.7149428986597577,1.0,3.98e-06,0.01,0.0,18.178605099153348,0.3328805182046026,0.0
0.7149428986597577,1.0,5.01e-06,0.01,6.666666666666667e-05,18.178605099153348,0.3328805182046026,14.542884079322679
0.7149428986597577,1.0,7.94e-06,0.01,3.3333333333333335e-05,18.178605099153348,0.3328805182046026,7.2714420396613395
0.7149428986597577,1.0,1e-05,0.01,3.3333333333333335e-05,18.178605099153348,0.3328805182046026,7.2714420396613395
0.7149428986597577,1.0,1.26e-05,0.01,6.666666666666667e-05,18.178605099153348,0.3328805182046026,14.542884079322679
0.7149428986597577,1.0,1.58e-05,0.01,3.3333333333333335e-05,18.178605099153348,0.3328805182046026,7.2714420396613395
0.7149428986597577,1.0,2e-05,0.01,0.00016666666666666666,18.178605099153348,0.3328805182046026,36.357210198306696
0.7149428986597577,1.0,2.51e-05,0.01,0.00016666666666666666,18.178605099153348,0.3328805182046026,36.357210198306696
0.7149428986597577,1.0,3.16e-05,0.01,0.0002,18.178605099153348,0.3328805182046026,43.62865223796804
0.7149428986597577,1.0,3.98e-05,0.01,0.0003333333333333333,18.178605099153348,0.3328805182046026,72.71442039661339
0.7149428986597577,1.0,6.31e-05,0.01,0.0001,18.178605099153348,0.3328805182046026,21.81432611898402
0.7149428986597577,1.0,7.94e-05,0.01,6.666666666666667e-05,18.178605099153348,0.3328805182046026,14.542884079322679
0.7149428986597577,1.0,0.0001,0.01,0.0,18.178605099153348,0.3328805182046026,0.0
0.7149428986597577,1.0,0.000126,0.01,0.0,18.178605099153348,0.3328805182046026,0.0
0.7149428986597577,1.0,0.000158,0.01,0.0,18.178605099153348,0.3328805182046026,0.0
0.7149428986597577,1.0,0.0002,0.01,0.0,18.178605099153348,0.3328805182046026,0.0
0.7149428986597577,1.0,0.000251,0.01,0.0,18.178605099153348,0.3328805182046026,0.0
0.7149428986597577,1.0,0.000316,0.01,0.0,18.178605099153348,0.3328805182046026,0.0
0.7149428986597577,1.0,0.000398,0.01,0.0,18.178605099153348,0.3328805182046026,0.0
0.7149428986597577,1.0,0.000501,0.01,0.0,18.178605099153348,0.3328805182046026,0.0
0.7149428986597577,1.0,0.000631,0.01,0.0,18.178605099153348,0.3328805182046026,0.0
0.7149428986597577,1.0,0.000794,0.01,0.0,18.178605099153348,0.3328805182046026,0.0
0.7149428986597577,1.0,0.001,0.01,0.0,18.178605099153348,0.3328805182046026,0.0
0.7149428986597577,1.0,0.00126,0.01,0.0,18.178605099153348,0.3328805182046026,0.0
0.7149428986597577,1.0,0.00158,0.01,0.0,18.178605099153348,0.3328805182046026,0.0
0.7149428986597577,1.0,0.002,0.01,0.0,18.178605099153348,0.3328805182046026,0.0
0.7149428986597577,1.0,0.00251,0.01,0.0,18.178605099153348,0.3328805182046026,0.0
0.7149428986597577,1.0,0.00316,0.01,0.0,18.178605099153348,0.3328805182046026,0.0
0.7149428986597577,1.0,0.00398,0.01,0.0,18.178605099153348,0.3328805182046026,0.0
0.7149428986597577,1.0,0.00501,0.01,0.0,18.178605099153348,0.3328805182046026,0.0
0.7149428986597577,1.0,0.00631,0.01,0.0,18.178605099153348,0.3328805182046026,0.0
0.7488103857590023,1.0,1e-06,0.01,0.0,19.317996240980705,0.35374466656254727,0.0
0.7488103857590023,1.0,1.26e-06,0.01,0.0,19.317996240980705,0.35374466656254727,0.0
0.7488103857590023,1.0,1.58e-06,0.01,0.0,19.317996240980705,0.35374466656254727,0.0
0.7488103857590023,1.0,2e-06,0.01,0.0,19.317996240980705,0.35374466656254727,0.0
0.7488103857590023,1.0,2.51e-06,0.01,0.0,19.317996240980705,0.35374466656254727,0.0
0.7488103857590023,1.0,3.16e-06,0.01,0.0,19.317996240980705,0.35374466656254727,0.0
0.7488103857590023,1.0,3.98e-06,0.01,0.0,19.317996240980705,0.35374466656254727,0.0
0.7488103857590023,1.0,5.01e-06,0.01,6.666666666666667e-05,19.317996240980705,0.35374466656254727,15.454396992784567
0.7488103857590023,1.0,7.94e-06,0.01,3.3333333333333335e-05,19.317996240980705,0.35374466656254727,7.727198496392283
0.7488103857590023,1.0,1e-05,0.01,3.3333333333333335e-05,19.317996240980705,0.35374466656254727,7.727198496392283
0.7488103857590023,1.0,1.26e-05,0.01,6.666666666666667e-05,19.317996240980705,0.35374466656254727,15.454396992784567
0.7488103857590023,1.0,1.58e-05,0.01,3.3333333333333335e-05,19.317996240980705,0.35374466656254727,7.727198496392283
0.7488103857590023,1.0,2e-05,0.01,0.00016666666666666666,19.317996240980705,0.35374466656254727,38.63599248196141
0.7488103857590023,1.0,2.51e-05,0.01,0.00016666666666666666,19.317996240980705,0.35374466656254727,38.63599248196141
0.7488103857590023,1.0,3.16e-05,0.01,0.0002,19.317996240980705,0.35374466656254727,46.3631909783537
0.7488103857590023,1.0,3.98e-05,0.01,0.0003333333333333333,19.317996240980705,0.35374466656254727,77.27198496392282
0.7488103857590023,1.0,6.31e-05,0.01,0.0001,19.317996240980705,0.35374466656254727,23.18159548917685
0.7488103857590023,1.0,7.94e-05,0.01,6.666666666666667e-05,19.317996240980705,0.35374466656254727,15.454396992784567
0.7488103857590023,1.0,0.0001,0.01,0.0,19.317996240980705,0.35374466656254727,0.0
0.7488103857590023,1.0,0.000126,0.01,0.0,19.317996240980705,0.35374466656254727,0.0
0.7488103857590023,1.0,0.000158,0.01,0.0,19.317996240980705,0.35374466656254727,0.0
0.7488103857590023,1.0,0.0002,0.01,0.0,19.317996240980705,0.35374466656254727,0.0
0.7488103857590023,1.0,0.000251,0.01,0.0,19.317996240980705,0.35374466656254727,0.0
0.7488103857590023,1.0,0.000316,0.01,0.0,19.317996240980705,0.35374466656254727,0.0
0.7488103857590023,1.0,0.000398,0.01,0.0,19.317996240980705,0.35374466656254727,0.0
0.7488103857590023,1.0,0.000501,0.01,0.0,19.317996240980705,0.35374466656254727,0.0
0.7488103857590023,1.0,0.000631,0.01,0.0,19.317996240980705,0.35374466656254727,0.0
0.7488103857590023,1.0,0.000794,0.01,0.0,19.317996240980705,0.35374466656254727,0.0
0.7488103857590023,1.0,0.001,0.01,0.0,19.317996240980705,0.35374466656254727,0.0
0.7488103857590023,1.0,0.00126,0.01,0.0,19.317996240980705,0.35374466656254727,0.0
0.7488103857590023,1.0,0.00158,0.01,0.0,19.317996240980705,0.35374466656254727,0.0
0.7488103857590023,1.0,0.002,0.01,0.0,19.317996240980705,0.35374466656254727,0.0
0.7488103857590023,1.0,0.00251,0.01,0.0,19.317996240980705,0.35374466656254727,0.0
0.7488103857590023,1.0,0.00316,0.01,0.0,19.317996240980705,0.35374466656254727,0.0
0.7488103857590023,1.0,0.00398,0.01,0.0,19.317996240980705,0.35374466656254727,0.0
0.7488103857590023,1.0,0.00501,0.01,0.0,19.317996240980705,0.35374466656254727,0.0
0.7488103857590023,1.0,0.00631,0.01,0.0,19.317996240980705,0.35374466656254727,0.0
0.7842822061337682,1.0,1e-06,0.01,0.0,20.488639016001528,0.3751810843435548,0.0
0.7842822061337682,1.0,1.26e-06,0.01,0.0,20.488639016001528,0.3751810843435548,0.0
0.7842822061337682,1.0,1.58e-06,0.01,0.0,20.488639016001528,0.3751810843435548,0.0
0.7842822061337682,1.0,2e-06,0.01,0.0,20.488639016001528,0.3751810843435548,0.0
0.7842822061337682,1.0,2.51e-06,0.01,0.0,20.488639016001528,0.3751810843435548,0.0
0.7842822061337682,1.0,3.16e-06,0.01,0.0,20.488639016001528,0.3751810843435548,0.0
0.7842822061337682,1.0,3.98e-06,0.01,0.0,20.488639016001528,0.3751810843435548,0.0
0.7842822061337682,1.0,5.01e-06,0.01,6.666666666666667e-05,20.488639016001528,0.3751810843435548,16.390911212801225
0.7842822061337682,1.0,7.94e-06,0.01,3.3333333333333335e-05,20.488639016001528,0.3751810843435548,8.195455606400612
0.7842822061337682,1.0,1e-05,0.01,3.3333333333333335e-05,20.488639016001528,0.3751810843435548,8.195455606400612
0.7842822061337682,1.0,1.26e-05,0.01,6.666666666666667e-05,20.488639016001528,0.3751810843435548,16.390911212801225
0.7842822061337682,1.0,1.58e-05,0.01,3.3333333333333335e-05,20.488639016001528,0.3751810843435548,8.195455606400612
0.7842822061337682,1.0,2e-05,0.01,0.00016666666666666666,20.488639016001528,0.3751810843435548,40.977278032003056
0.7842822061337682,1.0,2.51e-05,0.01,0.00016666666666666666,20.488639016001528,0.3751810843435548,40.977278032003056
0.7842822061337682,1.0,3.16e-05,0.01,0.0002,20.488639016001528,0.3751810843435548,49.17273363840367
0.7842822061337682,1.0,3.98e-05,0.01,0.0003333333333333333,20.488639016001528,0.3751810843435548,81.95455606400611
0.7842822061337682,1.0,6.31e-05,0.01,0.0001,20.488639016001528,0.3751810843435548,24.586366819201835
0.7842822061337682,1.0,7.94e-05,0.01,6.666666666666667e-05,20.488639016001528,0.3751810843435548,16.390911212801225
0.7842822061337682,1.0,0.0001,0.01,0.0,20.488639016001528,0.3751810843435548,0.0
0.7842822061337682,1.0,0.000126,0.01,0.0,20.488639016001528,0.3751810843435548,0.0
0.7842822061337682,1.0,0.000158,0.01,0.0,20.488639016001528,0.3751810843435548,0.0
0.7842822061337682,1.0,0.0002,0.01,0.0,20.488639016001528,0.3751810843435548,0.0
0.7842822061337682,1.0,0.000251,0.01,0.0,20.488639016001528,0.3751810843435548,0.0
0.7842822061337682,1.0,0.000316,0.01,0.0,20.488639016001528,0.3751810843435548,0.0
0.7842822061337682,1.0,0.000398,0.01,0.0,20.488639016001528,0.3751810843435548,0.0
0.7842822061337682,1.0,0.000501,0.01,0.0,20.488639016001528,0.3751810843435548,0.0
0.7842822061337682,1.0,0.000631,0.01,0.0,20.488639016001528,0.3751810843435548,0.0
0.7842822061337682,1.0,0.000794,0.01,0.0,20.488639016001528,0.3751810843435548,0.0
0.7842822061337682,1.0,0.001,0.01,0.0,20.488639016001528,0.3751810843435548,0.0
0.7842822061337682,1.0,0.00126,0.01,0.0,20.488639016001528,0.3751810843435548,0.0
0.7842822061337682,1.0,0.00158,0.01,0.0,20.488639016001528,0.3751810843435548,0.0
0.7842822061337682,1.0,0.002,0.01,0.0,20.488639016001528,0.3751810843435548,0.0
0.7842822061337682,1.0,0.00251,0.01,0.0,20.488639016001528,0.3751810843435548,0.0
0.7842822061337682,1.0,0.00316,0.01,0.0,20.488639016001528,0.3751810843435548,0.0
0.7842822061337682,1.0,0.00398,0.01,0.0,20.488639016001528,0.3751810843435548,0.0
0.7842822061337682,1.0,0.00501,0.01,0.0,20.488639016001528,0.3751810843435548,0.0
0.7842822061337682,1.0,0.00631,0.01,0.0,20.488639016001528,0.3751810843435548,0.0
0.821434358491943,1.0,1e-06,0.01,0.0,21.686629495436968,0.3971182841134768,0.0
0.821434358491943,1.0,1.26e-06,0.01,0.0,21.686629495436968,0.3971182841134768,0.0
0.821434358491943,1.0,1.58e-06,0.01,0.0,21.686629495436968,0.3971182841134768,0.0
0.821434358491943,1.0,2e-06,0.01,0.0,21.686629495436968,0.3971182841134768,0.0
0.821434358491943,1.0,2.51e-06,0.01,0.0,21.686629495436968,0.3971182841134768,0.0
0.821434358491943,1.0,3.16e-06,0.01,0.0,21.686629495436968,0.3971182841134768,0.0
0.821434358491943,1.0,3.98e-06,0.01,0.0,21.686629495436968,0.3971182841134768,0.0
0.821434358491943,1.0,5.01e-06,0.01,6.666666666666667e-05,21.686629495436968,0.3971182841134768,17.34930359634958
0.821434358491943,1.0,7.94e-06,0.01,3.3333333333333335e-05,21.686629495436968,0.3971182841134768,8.67465179817479
0.821434358491943,1.0,1e-05,0.01,3.3333333333333335e-05,21.686629495436968,0.3971182841134768,8.67465179817479
0.821434358491943,1.0,1.26e-05,0.01,6.666666666666667e-05,21.686629495436968,0.3971182841134768,17.34930359634958
0.821434358491943,1.0,1.58e-05,0.01,3.3333333333333335e-05,21.686629495436968,0.3971182841134768,8.67465179817479
0.821434358491943,1.0,2e-05,0.01,0.00016666666666666666,21.686629495436968,0.3971182841134768,43.37325899087394
0.821434358491943,1.0,2.51e-05,0.01,0.00016666666666666666,21.686629495436968,0.3971182841134768,43.37325899087394
0.821434358491943,1.0,3.16e-05,0.01,0.0002,21.686629495436968,0.3971182841134768,52.04791078904873
0.821434358491943,1.0,3.98e-05,0.01,0.0003333333333333333,21.686629495436968,0.3971182841134768,86.74651798174789
0.821434358491943,1.0,6.31e-05,0.01,0.0001,21.686629495436968,0.3971182841134768,26.023955394524364
0.821434358491943,1.0,7.94e-05,0.01,6.666666666666667e-05,21.686629495436968,0.3971182841134768,17.34930359634958
0.821434358491943,1.0,0.0001,0.01,0.0,21.686629495436968,0.3971182841134768,0.0
0.821434358491943,1.0,0.000126,0.01,0.0,21.686629495436968,0.3971182841134768,0.0
0.821434358491943,1.0,0.000158,0.01,0.0,21.686629495436968,0.3971182841134768,0.0
0.821434358491943,1.0,0.0002,0.01,0.0,21.686629495436968,0.3971182841134768,0.0
0.821434358491943,1.0,0.000251,0.01,0.0,21.686629495436968,0.3971182841134768,0.0
0.821434358491943,1.0,0.000316,0.01,0.0,21.686629495436968,0.3971182841134768,0.0
0.821434358491943,1.0,0.000398,0.01,0.0,21.686629495436968,0.3971182841134768,0.0
0.821434358491943,1.0,0.000501,0.01,0.0,21.686629495436968,0.3971182841134768,0.0
0.821434358491943,1.0,0.000631,0.01,0.0,21.686629495436968,0.3971182841134768,0.0
0.821434358491943,1.0,0.000794,0.01,0.0,21.686629495436968,0.3971182841134768,0.0
0.821434358491943,1.0,0.001,0.01,0.0,21.686629495436968,0.3971182841134768,0.0
0.821434358491943,1.0,0.00126,0.01,0.0,21.686629495436968,0.3971182841134768,0.0
0.821434358491943,1.0,0.00158,0.01,0.0,21.686629495436968,0.3971182841134768,0.0
0.821434358491943,1.0,0.002,0.01,0.0,21.686629495436968,0.3971182841134768,0.0
0.821434358491943,1.0,0.00251,0.01,0.0,21.686629495436968,0.3971182841134768,0.0
0.821434358491943,1.0,0.00316,0.01,0.0,21.686629495436968,0.3971182841134768,0.0
0.821434358491943,1.0,0.00398,0.01,0.0,21.686629495436968,0.3971182841134768,0.0
0.821434358491943,1.0,0.00501,0.01,0.0,21.686629495436968,0.3971182841134768,0.0
0.821434358491943,1.0,0.00631,0.01,0.0,21.686629495436968,0.3971182841134768,0.0
0.8603464416684501,1.0,1e-06,0.01,0.0,22.90764059402948,0.41947702973868306,0.0
0.8603464416684501,1.0,1.26e-06,0.01,0.0,22.90764059402948,0.41947702973868306,0.0
0.8603464416684501,1.0,1.58e-06,0.01,0.0,22.90764059402948,0.41947702973868306,0.0
0.8603464416684501,1.0,2e-06,0.01,0.0,22.90764059402948,0.41947702973868306,0.0
0.8603464416684501,1.0,2.51e-06,0.01,0.0,22.90764059402948,0.41947702973868306,0.0
0.8603464416684501,1.0,3.16e-06,0.01,0.0,22.90764059402948,0.41947702973868306,0.0
0.8603464416684501,1.0,3.98e-06,0.01,0.0,22.90764059402948,0.41947702973868306,0.0
0.8603464416684501,1.0,5.01e-06,0.01,6.666666666666667e-05,22.90764059402948,0.41947702973868306,18.326112475223585
0.8603464416684501,1.0,7.94e-06,0.01,3.3333333333333335e-05,22.90764059402948,0.41947702973868306,9.163056237611793
0.8603464416684501,1.0,1e-05,0.01,3.3333333333333335e-05,22.90764059402948,0.41947702973868306,9.163056237611793
0.8603464416684501,1.0,1.26e-05,0.01,6.666666666666667e-05,22.90764059402948,0.41947702973868306,18.326112475223585
0.8603464416684501,1.0,1.58e-05,0.01,3.3333333333333335e-05,22.90764059402948,0.41947702973868306,9.163056237611793
0.8603464416684501,1.0,2e-05,0.01,0.00016666666666666666,22.90764059402948,0.41947702973868306,45.81528118805896
0.8603464416684501,1.0,2.51e-05,0.01,0.00016666666666666666,22.90764059402948,0.41947702973868306,45.81528118805896
0.8603464416684501,1.0,3.16e-05,0.01,0.0002,22.90764059402948,0.41947702973868306,54.97833742567076
0.8603464416684501,1.0,3.98e-05,0.01,0.0003333333333333333,22.90764059402948,0.41947702973868306,91.63056237611792
0.8603464416684501,1.0,6.31e-05,0.01,0.0001,22.90764059402948,0.41947702973868306,27.48916871283538
0.8603464416684501,1.0,7.94e-05,0.01,6.666666666666667e-05,22.90764059402948,0.41947702973868306,18.326112475223585
0.8603464416684501,1.0,0.0001,0.01,0.0,22.90764059402948,0.41947702973868306,0.0
0.8603464416684501,1.0,0.000126,0.01,0.0,22.90764059402948,0.41947702973868306,0.0
0.8603464416684501,1.0,0.000158,0.01,0.0,22.90764059402948,0.41947702973868306,0.0
0.8603464416684501,1.0,0.0002,0.01,0.0,22.90764059402948,0.41947702973868306,0.0
0.8603464416684501,1.0,0.000251,0.01,0.0,22.90764059402948,0.41947702973868306,0.0
0.8603464416684501,1.0,0.000316,0.01,0.0,22.90764059402948,0.41947702973868306,0.0
0.8603464416684501,1.0,0.000398,0.01,0.0,22.90764059402948,0.41947702973868306,0.0
0.8603464416684501,1.0,0.000501,0.01,0.0,22.90764059402948,0.41947702973868306,0.0
0.8603464416684501,1.0,0.000631,0.01,0.0,22.90764059402948,0.41947702973868306,0.0
0.8603464416684501,1.0,0.000794,0.01,0.0,22.90764059402948,0.41947702973868306,0.0
0.8603464416684501,1.0,0.001,0.01,0.0,22.90764059402948,0.41947702973868306,0.0
0.8603464416684501,1.0,0.00126,0.01,0.0,22.90764059402948,0.41947702973868306,0.0
0.8603464416684501,1.0,0.00158,0.01,0.0,22.90764059402948,0.41947702973868306,0.0
0.8603464416684501,1.0,0.002,0.01,0.0,22.90764059402948,0.41947702973868306,0.0
0.8603464416684501,1.0,0.00251,0.01,0.0,22.90764059402948,0.41947702973868306,0.0
0.8603464416684501,1.0,0.00316,0.01,0.0,22.90764059402948,0.41947702973868306,0.0
0.8603464416684501,1.0,0.00398,0.01,0.0,22.90764059402948,0.41947702973868306,0.0
0.8603464416684501,1.0,0.00501,0.01,0.0,22.90764059402948,0.41947702973868306,0.0
0.8603464416684501,1.0,0.00631,0.01,0.0,22.90764059402948,0.41947702973868306,0.0
0.9011018251665018,1.0,1e-06,0.01,0.0,24.146977323948008,0.44217134817703735,0.0
0.9011018251665018,1.0,1.26e-06,0.01,0.0,24.146977323948008,0.44217134817703735,0.0
0.9011018251665018,1.0,1.58e-06,0.01,0.0,24.146977323948008,0.44217134817703735,0.0
0.9011018251665018,1.0,2e-06,0.01,0.0,24.146977323948008,0.44217134817703735,0.0
0.9011018251665018,1.0,2.51e-06,0.01,0.0,24.146977323948008,0.44217134817703735,0.0
0.9011018251665018,1.0,3.16e-06,0.01,0.0,24.146977323948008,0.44217134817703735,0.0
0.9011018251665018,1.0,3.98e-06,0.01,0.0,24.146977323948008,0.44217134817703735,0.0
0.9011018251665018,1.0,5.01e-06,0.01,6.666666666666667e-05,24.146977323948008,0.44217134817703735,19.31758185915841
0.9011018251665018,1.0,7.94e-06,0.01,3.3333333333333335e-05,24.146977323948008,0.44217134817703735,9.658790929579204
0.9011018251665018,1.0,1e-05,0.01,3.3333333333333335e-05,24.146977323948008,0.44217134817703735,9.658790929579204
0.9011018251665018,1.0,1.26e-05,0.01,6.666666666666667e-05,24.146977323948008,0.44217134817703735,19.31758185915841
0.9011018251665018,1.0,1.58e-05,0.01,3.3333333333333335e-05,24.146977323948008,0.44217134817703735,9.658790929579204
0.9011018251665018,1.0,2e-05,0.01,0.00016666666666666666,24.146977323948008,0.44217134817703735,48.293954647896015
0.9011018251665018,1.0,2.51e-05,0.01,0.00016666666666666666,24.146977323948008,0.44217134817703735,48.293954647896015
0.9011018251665018,1.0,3.16e-05,0.01,0.0002,24.146977323948008,0.44217134817703735,57.95274557747522
0.9011018251665018,1.0,3.98e-05,0.01,0.0003333333333333333,24.146977323948008,0.44217134817703735,96.58790929579203
0.9011018251665018,1.0,6.31e-05,0.01,0.0001,24.146977323948008,0.44217134817703735,28.97637278873761
0.9011018251665018,1.0,7.94e-05,0.01,6.666666666666667e-05,24.146977323948008,0.44217134817703735,19.31758185915841
0.9011018251665018,1.0,0.0001,0.01,0.0,24.146977323948008,0.44217134817703735,0.0
0.9011018251665018,1.0,0.000126,0.01,0.0,24.146977323948008,0.44217134817703735,0.0
0.9011018251665018,1.0,0.000158,0.01,0.0,24.146977323948008,0.44217134817703735,0.0
0.9011018251665018,1.0,0.0002,0.01,0.0,24.146977323948008,0.44217134817703735,0.0
0.9011018251665018,1.0,0.000251,0.01,0.0,24.146977323948008,0.44217134817703735,0.0
0.9011018251665018,1.0,0.000316,0.01,0.0,24.146977323948008,0.44217134817703735,0.0
0.9011018251665018,1.0,0.000398,0.01,0.0,24.146977323948008,0.44217134817703735,0.0
0.9011018251665018,1.0,0.000501,0.01,0.0,24.146977323948008,0.44217134817703735,0.0
0.9011018251665018,1.0,0.000631,0.01,0.0,24.146977323948008,0.44217134817703735,0.0
0.9011018251665018,1.0,0.000794,0.01,0.0,24.146977323948008,0.44217134817703735,0.0
0.9011018251665018,1.0,0.001,0.01,0.0,24.146977323948008,0.44217134817703735,0.0
0.9011018251665018,1.0,0.00126,0.01,0.0,24.146977323948008,0.44217134817703735,0.0
0.9011018251665018,1.0,0.00158,0.01,0.0,24.146977323948008,0.44217134817703735,0.0
0.9011018251665018,1.0,0.002,0.01,0.0,24.146977323948008,0.44217134817703735,0.0
0.9011018251665018,1.0,0.00251,0.01,0.0,24.146977323948008,0.44217134817703735,0.0
0.9011018251665018,1.0,0.00316,0.01,0.0,24.146977323948008,0.44217134817703735,0.0
0.9011018251665018,1.0,0.00398,0.01,0.0,24.146977323948008,0.44217134817703735,0.0
0.9011018251665018,1.0,0.00501,0.01,0.0,24.146977323948008,0.44217134817703735,0.0
0.9011018251665018,1.0,0.00631,0.01,0.0,24.146977323948008,0.44217134817703735,0.0
0.9437878277775381,1.0,1e-06,0.01,0.0,25.399644183740456,0.46510976348178823,0.0
0.9437878277775381,1.0,1.26e-06,0.01,0.0,25.399644183740456,0.46510976348178823,0.0
0.9437878277775381,1.0,1.58e-06,0.01,0.0,25.399644183740456,0.46510976348178823,0.0
0.9437878277775381,1.0,2e-06,0.01,0.0,25.399644183740456,0.46510976348178823,0.0
0.9437878277775381,1.0,2.51e-06,0.01,0.0,25.399644183740456,0.46510976348178823,0.0
0.9437878277775381,1.0,3.16e-06,0.01,0.0,25.399644183740456,0.46510976348178823,0.0
0.9437878277775381,1.0,3.98e-06,0.01,0.0,25.399644183740456,0.46510976348178823,0.0
0.9437878277775381,1.0,5.01e-06,0.01,6.666666666666667e-05,25.399644183740456,0.46510976348178823,20.319715346992368
0.9437878277775381,1.0,7.94e-06,0.01,3.3333333333333335e-05,25.399644183740456,0.46510976348178823,10.159857673496184
0.9437878277775381,1.0,1e-05,0.01,3.3333333333333335e-05,25.399644183740456,0.46510976348178823,10.159857673496184
0.9437878277775381,1.0,1.26e-05,0.01,6.666666666666667e-05,25.399644183740456,0.46510976348178823,20.319715346992368
0.9437878277775381,1.0,1.58e-05,0.01,3.3333333333333335e-05,25.399644183740456,0.46510976348178823,10.159857673496184
0.9437878277775381,1.0,2e-05,0.01,0.00016666666666666666,25.399644183740456,0.46510976348178823,50.79928836748092
0.9437878277775381,1.0,2.51e-05,0.01,0.00016666666666666666,25.399644183740456,0.46510976348178823,50.79928836748092
0.9437878277775381,1.0,3.16e-05,0.01,0.0002,25.399644183740456,0.46510976348178823,60.9591460409771
0.9437878277775381,1.0,3.98e-05,0.01,0.0003333333333333333,25.399644183740456,0.46510976348178823,101.59857673496184
0.9437878277775381,1.0,6.31e-05,0.01,0.0001,25.399644183740456,0.46510976348178823,30.47957302048855
0.9437878277775381,1.0,7.94e-05,0.01,6.666666666666667e-05,25.399644183740456,0.46510976348178823,20.319715346992368
0.9437878277775381,1.0,0.0001,0.01,0.0,25.399644183740456,0.46510976348178823,0.0
0.9437878277775381,1.0,0.000126,0.01,0.0,25.399644183740456,0.46510976348178823,0.0
0.9437878277775381,1.0,0.000158,0.01,0.0,25.399644183740456,0.46510976348178823,0.0
0.9437878277775381,1.0,0.0002,0.01,0.0,25.399644183740456,0.46510976348178823,0.0
0.9437878277775381,1.0,0.000251,0.01,0.0,25.399644183740456,0.46510976348178823,0.0
0.9437878277775381,1.0,0.000316,0.01,0.0,25.399644183740456,0.46510976348178823,0.0
0.9437878277775381,1.0,0.000398,0.01,0.0,25.399644183740456,0.46510976348178823,0.0
0.9437878277775381,1.0,0.000501,0.01,0.0,25.399644183740456,0.46510976348178823,0.0
0.9437878277775381,1.0,0.000631,0.01,0.0,25.399644183740456,0.46510976348178823,0.0
0.9437878277775381,1.0,0.000794,0.01,0.0,25.399644183740456,0.46510976348178823,0.0
0.9437878277775381,1.0,0.001,0.01,0.0,25.399644183740456,0.46510976348178823,0.0
0.9437878277775381,1.0,0.00126,0.01,0.0,25.399644183740456,0.46510976348178823,0.0
0.9437878277775381,1.0,0.00158,0.01,0.0,25.399644183740456,0.46510976348178823,0.0
0.9437878277775381,1.0,0.002,0.01,0.0,25.399644183740456,0.46510976348178823,0.0
0.9437878277775381,1.0,0.00251,0.01,0.0,25.399644183740456,0.46510976348178823,0.0
0.9437878277775381,1.0,0.00316,0.01,0.0,25.399644183740456,0.46510976348178823,0.0
0.9437878277775381,1.0,0.00398,0.01,0.0,25.399644183740456,0.46510976348178823,0.0
0.9437878277775381,1.0,0.00501,0.01,0.0,25.399644183740456,0.46510976348178823,0.0
0.9437878277775381,1.0,0.00631,0.01,0.0,25.399644183740456,0.46510976348178823,0.0
0.9884959046625587,1.0,1e-06,0.01,0.0,26.660422821135302,0.48819671893673877,0.0
0.9884959046625587,1.0,1.26e-06,0.01,0.0,26.660422821135302,0.48819671893673877,0.0
0.9884959046625587,1.0,1.58e-06,0.01,0.0,26.660422821135302,0.48819671893673877,0.0
0.9884959046625587,1.0,2e-06,0.01,0.0,26.660422821135302,0.48819671893673877,0.0
0.9884959046625587,1.0,2.51e-06,0.01,0.0,26.660422821135302,0.48819671893673877,0.0
0.9884959046625587,1.0,3.16e-06,0.01,0.0,26.660422821135302,0.48819671893673877,0.0
0.9884959046625587,1.0,3.98e-06,0.01,0.0,26.660422821135302,0.48819671893673877,0.0
0.9884959046625587,1.0,5.01e-06,0.01,6.666666666666667e-05,26.660422821135302,0.48819671893673877,21.328338256908243
0.9884959046625587,1.0,7.94e-06,0.01,3.3333333333333335e-05,26.660422821135302,0.48819671893673877,10.664169128454121
0.9884959046625587,1.0,1e-05,0.01,3.3333333333333335e-05,26.660422821135302,0.48819671893673877,10.664169128454121
0.9884959046625587,1.0,1.26e-05,0.01,6.666666666666667e-05,26.660422821135302,0.48819671893673877,21.328338256908243
0.9884959046625587,1.0,1.58e-05,0.01,3.3333333333333335e-05,26.660422821135302,0.48819671893673877,10.664169128454121
0.9884959046625587,1.0,2e-05,0.01,0.00016666666666666666,26.660422821135302,0.48819671893673877,53.320845642270605
0.9884959046625587,1.0,2.51e-05,0.01,0.00016666666666666666,26.660422821135302,0.48819671893673877,53.320845642270605
0.9884959046625587,1.0,3.16e-05,0.01,0.0002,26.660422821135302,0.48819671893673877,63.98501477072473
0.9884959046625587,1.0,3.98e-05,0.01,0.0003333333333333333,26.660422821135302,0.48819671893673877,106.64169128454121
0.9884959046625587,1.0,6.31e-05,0.01,0.0001,26.660422821135302,0.48819671893673877,31.992507385362366
0.9884959046625587,1.0,7.94e-05,0.01,6.666666666666667e-05,26.660422821135302,0.48819671893673877,21.328338256908243
0.9884959046625587,1.0,0.0001,0.01,0.0,26.660422821135302,0.48819671893673877,0.0
0.9884959046625587,1.0,0.000126,0.01,0.0,26.660422821135302,0.48819671893673877,0.0
0.9884959046625587,1.0,0.000158,0.01,0.0,26.660422821135302,0.48819671893673877,0.0
0.9884959046625587,1.0,0.0002,0.01,0.0,26.660422821135302,0.48819671893673877,0.0
0.9884959046625587,1.0,0.000251,0.01,0.0,26.660422821135302,0.48819671893673877,0.0
0.9884959046625587,1.0,0.000316,0.01,0.0,26.660422821135302,0.48819671893673877,0.0
0.9884959046625587,1.0,0.000398,0.01,0.0,26.660422821135302,0.48819671893673877,0.0
0.9884959046625587,1.0,0.000501,0.01,0.0,26.660422821135302,0.48819671893673877,0.0
0.9884959046625587,1.0,0.000631,0.01,0.0,26.660422821135302,0.48819671893673877,0.0
0.9884959046625587,1.0,0.000794,0.01,0.0,26.660422821135302,0.48819671893673877,0.0
0.9884959046625587,1.0,0.001,0.01,0.0,26.660422821135302,0.48819671893673877,0.0
0.9884959046625587,1.0,0.00126,0.01,0.0,26.660422821135302,0.48819671893673877,0.0
0.9884959046625587,1.0,0.00158,0.01,0.0,26.660422821135302,0.48819671893673877,0.0
0.9884959046625587,1.0,0.002,0.01,0.0,26.660422821135302,0.48819671893673877,0.0
0.9884959046625587,1.0,0.00251,0.01,0.0,26.660422821135302,0.48819671893673877,0.0
0.9884959046625587,1.0,0.00316,0.01,0.0,26.660422821135302,0.48819671893673877,0.0
0.9884959046625587,1.0,0.00398,0.01,0.0,26.660422821135302,0.48819671893673877,0.0
0.9884959046625587,1.0,0.00501,0.01,0.0,26.660422821135302,0.48819671893673877,0.0
0.9884959046625587,1.0,0.00631,0.01,0.0,26.660422821135302,0.48819671893673877,0.0
1.0353218432956626,1.0,1e-06,0.01,0.0,27.923957518478083,0.5113341424368812,0.0
1.0353218432956626,1.0,1.26e-06,0.01,0.0,27.923957518478083,0.5113341424368812,0.0
1.0353218432956626,1.0,1.58e-06,0.01,0.0,27.923957518478083,0.5113341424368812,0.0
1.0353218432956626,1.0,2e-06,0.01,0.0,27.923957518478083,0.5113341424368812,0.0
1.0353218432956626,1.0,2.51e-06,0.01,0.0,27.923957518478083,0.5113341424368812,0.0
1.0353218432956626,1.0,3.16e-06,0.01,0.0,27.923957518478083,0.5113341424368812,0.0
1.0353218432956626,1.0,3.98e-06,0.01,0.0,27.923957518478083,0.5113341424368812,0.0
1.0353218432956626,1.0,5.01e-06,0.01,6.666666666666667e-05,27.923957518478083,0.5113341424368812,22.33916601478247
1.0353218432956626,1.0,7.94e-06,0.01,3.3333333333333335e-05,27.923957518478083,0.5113341424368812,11.169583007391235
1.0353218432956626,1.0,1e-05,0.01,3.3333333333333335e-05,27.923957518478083,0.5113341424368812,11.169583007391235
1.0353218432956626,1.0,1.26e-05,0.01,6.666666666666667e-05,27.923957518478083,0.5113341424368812,22.33916601478247
1.0353218432956626,1.0,1.58e-05,0.01,3.3333333333333335e-05,27.923957518478083,0.5113341424368812,11.169583007391235
1.0353218432956626,1.0,2e-05,0.01,0.00016666666666666666,27.923957518478083,0.5113341424368812,55.847915036956174
1.0353218432956626,1.0,2.51e-05,0.01,0.00016666666666666666,27.923957518478083,0.5113341424368812,55.847915036956174
1.0353218432956626,1.0,3.16e-05,0.01,0.0002,27.923957518478083,0.5113341424368812,67.01749804434742
1.0353218432956626,1.0,3.98e-05,0.01,0.0003333333333333333,27.923957518478083,0.5113341424368812,111.69583007391235
1.0353218432956626,1.0,6.31e-05,0.01,0.0001,27.923957518478083,0.5113341424368812,33.50874902217371
1.0353218432956626,1.0,7.94e-05,0.01,6.666666666666667e-05,27.923957518478083,0.5113341424368812,22.33916601478247
1.0353218432956626,1.0,0.0001,0.01,0.0,27.923957518478083,0.5113341424368812,0.0
1.0353218432956626,1.0,0.000126,0.01,0.0,27.923957518478083,0.5113341424368812,0.0
1.0353218432956626,1.0,0.000158,0.01,0.0,27.923957518478083,0.5113341424368812,0.0
1.0353218432956626,1.0,0.0002,0.01,0.0,27.923957518478083,0.5113341424368812,0.0
1.0353218432956626,1.0,0.000251,0.01,0.0,27.923957518478083,0.5113341424368812,0.0
1.0353218432956626,1.0,0.000316,0.01,0.0,27.923957518478083,0.5113341424368812,0.0
1.0353218432956626,1.0,0.000398,0.01,0.0,27.923957518478083,0.5113341424368812,0.0
1.0353218432956626,1.0,0.000501,0.01,0.0,27.923957518478083,0.5113341424368812,0.0
1.0353218432956626,1.0,0.000631,0.01,0.0,27.923957518478083,0.5113341424368812,0.0
1.0353218432956626,1.0,0.000794,0.01,0.0,27.923957518478083,0.5113341424368812,0.0
1.0353218432956626,1.0,0.001,0.01,0.0,27.923957518478083,0.5113341424368812,0.0
1.0353218432956626,1.0,0.00126,0.01,0.0,27.923957518478083,0.5113341424368812,0.0
1.0353218432956626,1.0,0.00158,0.01,0.0,27.923957518478083,0.5113341424368812,0.0
1.0353218432956626,1.0,0.002,0.01,0.0,27.923957518478083,0.5113341424368812,0.0
1.0353218432956626,1.0,0.00251,0.01,0.0,27.923957518478083,0.5113341424368812,0.0
1.0353218432956626,1.0,0.00316,0.01,0.0,27.923957518478083,0.5113341424368812,0.0
1.0353218432956626,1.0,0.00398,0.01,0.0,27.923957518478083,0.5113341424368812,0.0
1.0353218432956626,1.0,0.00501,0.01,0.0,27.923957518478083,0.5113341424368812,0.0
1.0353218432956626,1.0,0.00631,0.01,0.0,27.923957518478083,0.5113341424368812,0.0
1.0843659686896108,1.0,1e-06,0.01,0.0,29.184845584770148,0.5344231017170875,0.0
1.0843659686896108,1.0,1.26e-06,0.01,0.0,29.184845584770148,0.5344231017170875,0.0
1.0843659686896108,1.0,1.58e-06,0.01,0.0,29.184845584770148,0.5344231017170875,0.0
1.0843659686896108,1.0,2e-06,0.01,0.0,29.184845584770148,0.5344231017170875,0.0
1.0843659686896108,1.0,2.51e-06,0.01,0.0,29.184845584770148,0.5344231017170875,0.0
1.0843659686896108,1.0,3.16e-06,0.01,0.0,29.184845584770148,0.5344231017170875,0.0
1.0843659686896108,1.0,3.98e-06,0.01,0.0,29.184845584770148,0.5344231017170875,0.0
1.0843659686896108,1.0,5.01e-06,0.01,6.666666666666667e-05,29.184845584770148,0.5344231017170875,23.34787646781612
1.0843659686896108,1.0,7.94e-06,0.01,3.3333333333333335e-05,29.184845584770148,0.5344231017170875,11.67393823390806
1.0843659686896108,1.0,1e-05,0.01,3.3333333333333335e-05,29.184845584770148,0.5344231017170875,11.67393823390806
1.0843659686896108,1.0,1.26e-05,0.01,6.666666666666667e-05,29.184845584770148,0.5344231017170875,23.34787646781612
1.0843659686896108,1.0,1.58e-05,0.01,3.3333333333333335e-05,29.184845584770148,0.5344231017170875,11.67393823390806
1.0843659686896108,1.0,2e-05,0.01,0.00016666666666666666,29.184845584770148,0.5344231017170875,58.369691169540296
1.0843659686896108,1.0,2.51e-05,0.01,0.00016666666666666666,29.184845584770148,0.5344231017170875,58.369691169540296
1.0843659686896108,1.0,3.16e-05,0.01,0.0002,29.184845584770148,0.5344231017170875,70.04362940344836
1.0843659686896108,1.0,3.98e-05,0.01,0.0003333333333333333,29.184845584770148,0.5344231017170875,116.73938233908059
1.0843659686896108,1.0,6.31e-05,0.01,0.0001,29.184845584770148,0.5344231017170875,35.02181470172418
1.0843659686896108,1.0,7.94e-05,0.01,6.666666666666667e-05,29.184845584770148,0.5344231017170875,23.34787646781612
1.0843659686896108,1.0,0.0001,0.01,0.0,29.184845584770148,0.5344231017170875,0.0
1.0843659686896108,1.0,0.000126,0.01,0.0,29.184845584770148,0.5344231017170875,0.0
1.0843659686896108,1.0,0.000158,0.01,0.0,29.184845584770148,0.5344231017170875,0.0
1.0843659686896108,1.0,0.0002,0.01,0.0,29.184845584770148,0.5344231017170875,0.0
1.0843659686896108,1.0,0.000251,0.01,0.0,29.184845584770148,0.5344231017170875,0.0
1.0843659686896108,1.0,0.000316,0.01,0.0,29.184845584770148,0.5344231017170875,0.0
1.0843659686896108,1.0,0.000398,0.01,0.0,29.184845584770148,0.5344231017170875,0.0
1.0843659686896108,1.0,0.000501,0.01,0.0,29.184845584770148,0.5344231017170875,0.0
1.0843659686896108,1.0,0.000631,0.01,0.0,29.184845584770148,0.5344231017170875,0.0
1.0843659686896108,1.0,0.000794,0.01,0.0,29.184845584770148,0.5344231017170875,0.0
1.0843659686896108,1.0,0.001,0.01,0.0,29.184845584770148,0.5344231017170875,0.0
1.0843659686896108,1.0,0.00126,0.01,0.0,29.184845584770148,0.5344231017170875,0.0
1.0843659686896108,1.0,0.00158,0.01,0.0,29.184845584770148,0.5344231017170875,0.0
1.0843659686896108,1.0,0.002,0.01,0.0,29.184845584770148,0.5344231017170875,0.0
1.0843659686896108,1.0,0.00251,0.01,0.0,29.184845584770148,0.5344231017170875,0.0
1.0843659686896108,1.0,0.00316,0.01,0.0,29.184845584770148,0.5344231017170875,0.0
1.0843659686896108,1.0,0.00398,0.01,0.0,29.184845584770148,0.5344231017170875,0.0
1.0843659686896108,1.0,0.00501,0.01,0.0,29.184845584770148,0.5344231017170875,0.0
1.0843659686896108,1.0,0.00631,0.01,0.0,29.184845584770148,0.5344231017170875,0.0
1.135733358343105,1.0,1e-06,0.01,0.0,30.437729440208713,0.5573654905733146,0.0
1.135733358343105,1.0,1.26e-06,0.01,0.0,30.437729440208713,0.5573654905733146,0.0
1.135733358343105,1.0,1.58e-06,0.01,0.0,30.437729440208713,0.5573654905733146,0.0
1.135733358343105,1.0,2e-06,0.01,0.0,30.437729440208713,0.5573654905733146,0.0
1.135733358343105,1.0,2.51e-06,0.01,0.0,30.437729440208713,0.5573654905733146,0.0
1.135733358343105,1.0,3.16e-06,0.01,0.0,30.437729440208713,0.5573654905733146,0.0
1.135733358343105,1.0,3.98e-06,0.01,0.0,30.437729440208713,0.5573654905733146,0.0
1.135733358343105,1.0,5.01e-06,0.01,6.666666666666667e-05,30.437729440208713,0.5573654905733146,24.350183552166975
1.135733358343105,1.0,7.94e-06,0.01,3.3333333333333335e-05,30.437729440208713,0.5573654905733146,12.175091776083487
1.135733358343105,1.0,1e-05,0.01,3.3333333333333335e-05,30.437729440208713,0.5573654905733146,12.175091776083487
1.135733358343105,1.0,1.26e-05,0.01,6.666666666666667e-05,30.437729440208713,0.5573654905733146,24.350183552166975
1.135733358343105,1.0,1.58e-05,0.01,3.3333333333333335e-05,30.437729440208713,0.5573654905733146,12.175091776083487
1.135733358343105,1.0,2e-05,0.01,0.00016666666666666666,30.437729440208713,0.5573654905733146,60.87545888041743
1.135733358343105,1.0,2.51e-05,0.01,0.00016666666666666666,30.437729440208713,0.5573654905733146,60.87545888041743
1.135733358343105,1.0,3.16e-05,0.01,0.0002,30.437729440208713,0.5573654905733146,73.05055065650093
1.135733358343105,1.0,3.98e-05,0.01,0.0003333333333333333,30.437729440208713,0.5573654905733146,121.75091776083487
1.135733358343105,1.0,6.31e-05,0.01,0.0001,30.437729440208713,0.5573654905733146,36.525275328250466
1.135733358343105,1.0,7.94e-05,0.01,6.666666666666667e-05,30.437729440208713,0.5573654905733146,24.350183552166975
1.135733358343105,1.0,0.0001,0.01,0.0,30.437729440208713,0.5573654905733146,0.0
1.135733358343105,1.0,0.000126,0.01,0.0,30.437729440208713,0.5573654905733146,0.0
1.135733358343105,1.0,0.000158,0.01,0.0,30.437729440208713,0.5573654905733146,0.0
1.135733358343105,1.0,0.0002,0.01,0.0,30.437729440208713,0.5573654905733146,0.0
1.135733358343105,1.0,0.000251,0.01,0.0,30.437729440208713,0.5573654905733146,0.0
1.135733358343105,1.0,0.000316,0.01,0.0,30.437729440208713,0.5573654905733146,0.0
1.135733358343105,1.0,0.000398,0.01,0.0,30.437729440208713,0.5573654905733146,0.0
1.135733358343105,1.0,0.000501,0.01,0.0,30.437729440208713,0.5573654905733146,0.0
1.135733358343105,1.0,0.000631,0.01,0.0,30.437729440208713,0.5573654905733146,0.0
1.135733358343105,1.0,0.000794,0.01,0.0,30.437729440208713,0.5573654905733146,0.0
1.135733358343105,1.0,0.001,0.01,0.0,30.437729440208713,0.5573654905733146,0.0
1.135733358343105,1.0,0.00126,0.01,0.0,30.437729440208713,0.5573654905733146,0.0
1.135733358343105,1.0,0.00158,0.01,0.0,30.437729440208713,0.5573654905733146,0.0
1.135733358343105,1.0,0.002,0.01,0.0,30.437729440208713,0.5573654905733146,0.0
1.135733358343105,1.0,0.00251,0.01,0.0,30.437729440208713,0.5573654905733146,0.0
1.135733358343105,1.0,0.00316,0.01,0.0,30.437729440208713,0.5573654905733146,0.0
1.135733358343105,1.0,0.00398,0.01,0.0,30.437729440208713,0.5573654905733146,0.0
1.135733358343105,1.0,0.00501,0.01,0.0,30.437729440208713,0.5573654905733146,0.0
1.135733358343105,1.0,0.00631,0.01,0.0,30.437729440208713,0.5573654905733146,0.0
1.1895340673703196,1.0,1e-06,0.01,0.0,31.677387075179478,0.5800656853173316,0.0
1.1895340673703196,1.0,1.26e-06,0.01,0.0,31.677387075179478,0.5800656853173316,0.0
1.1895340673703196,1.0,1.58e-06,0.01,0.0,31.677387075179478,0.5800656853173316,0.0
1.1895340673703196,1.0,2e-06,0.01,0.0,31.677387075179478,0.5800656853173316,0.0
1.1895340673703196,1.0,2.51e-06,0.01,0.0,31.677387075179478,0.5800656853173316,0.0
1.1895340673703196,1.0,3.16e-06,0.01,0.0,31.677387075179478,0.5800656853173316,0.0
1.1895340673703196,1.0,3.98e-06,0.01,0.0,31.677387075179478,0.5800656853173316,0.0
1.1895340673703196,1.0,5.01e-06,0.01,6.666666666666667e-05,31.677387075179478,0.5800656853173316,25.341909660143585
1.1895340673703196,1.0,7.94e-06,0.01,3.3333333333333335e-05,31.677387075179478,0.5800656853173316,12.670954830071793
1.1895340673703196,1.0,1e-05,0.01,3.3333333333333335e-05,31.677387075179478,0.5800656853173316,12.670954830071793
1.1895340673703196,1.0,1.26e-05,0.01,6.666666666666667e-05,31.677387075179478,0.5800656853173316,25.341909660143585
1.1895340673703196,1.0,1.58e-05,0.01,3.3333333333333335e-05,31.677387075179478,0.5800656853173316,12.670954830071793
1.1895340673703196,1.0,2e-05,0.01,0.00016666666666666666,31.677387075179478,0.5800656853173316,63.35477415035896
1.1895340673703196,1.0,2.51e-05,0.01,0.00016666666666666666,31.677387075179478,0.5800656853173316,63.35477415035896
1.1895340673703196,1.0,3.16e-05,0.01,0.0002,31.677387075179478,0.5800656853173316,76.02572898043074
1.1895340673703196,1.0,3.98e-05,0.01,0.0003333333333333333,31.677387075179478,0.5800656853173316,126.70954830071793
1.1895340673703196,1.0,6.31e-05,0.01,0.0001,31.677387075179478,0.5800656853173316,38.01286449021537
1.1895340673703196,1.0,7.94e-05,0.01,6.666666666666667e-05,31.677387075179478,0.5800656853173316,25.341909660143585
1.1895340673703196,1.0,0.0001,0.01,0.0,31.677387075179478,0.5800656853173316,0.0
1.1895340673703196,1.0,0.000126,0.01,0.0,31.677387075179478,0.5800656853173316,0.0
1.1895340673703196,1.0,0.000158,0.01,0.0,31.677387075179478,0.5800656853173316,0.0
1.1895340673703196,1.0,0.0002,0.01,0.0,31.677387075179478,0.5800656853173316,0.0
1.1895340673703196,1.0,0.000251,0.01,0.0,31.677387075179478,0.5800656853173316,0.0
1.1895340673703196,1.0,0.000316,0.01,0.0,31.677387075179478,0.5800656853173316,0.0
1.1895340673703196,1.0,0.000398,0.01,0.0,31.677387075179478,0.5800656853173316,0.0
1.1895340673703196,1.0,0.000501,0.01,0.0,31.677387075179478,0.5800656853173316,0.0
1.1895340673703196,1.0,0.000631,0.01,0.0,31.677387075179478,0.5800656853173316,0.0
1.1895340673703196,1.0,0.000794,0.01,0.0,31.677387075179478,0.5800656853173316,0.0
1.1895340673703196,1.0,0.001,0.01,0.0,31.677387075179478,0.5800656853173316,0.0
1.1895340673703196,1.0,0.00126,0.01,0.0,31.677387075179478,0.5800656853173316,0.0
1.1895340673703196,1.0,0.00158,0.01,0.0,31.677387075179478,0.5800656853173316,0.0
1.1895340673703196,1.0,0.002,0.01,0.0,31.677387075179478,0.5800656853173316,0.0
1.1895340673703196,1.0,0.00251,0.01,0.0,31.677387075179478,0.5800656853173316,0.0
1.1895340673703196,1.0,0.00316,0.01,0.0,31.677387075179478,0.5800656853173316,0.0
1.1895340673703196,1.0,0.00398,0.01,0.0,31.677387075179478,0.5800656853173316,0.0
1.1895340673703196,1.0,0.00501,0.01,0.0,31.677387075179478,0.5800656853173316,0.0
1.1895340673703196,1.0,0.00631,0.01,0.0,31.677387075179478,0.5800656853173316,0.0
1.2458833642950082,1.0,1e-06,0.01,0.0,32.89881766549937,0.6024321125343228,0.0
1.2458833642950082,1.0,1.26e-06,0.01,0.0,32.89881766549937,0.6024321125343228,0.0
1.2458833642950082,1.0,1.58e-06,0.01,0.0,32.89881766549937,0.6024321125343228,0.0
1.2458833642950082,1.0,2e-06,0.01,0.0,32.89881766549937,0.6024321125343228,0.0
1.2458833642950082,1.0,2.51e-06,0.01,0.0,32.89881766549937,0.6024321125343228,0.0
1.2458833642950082,1.0,3.16e-06,0.01,0.0,32.89881766549937,0.6024321125343228,0.0
1.2458833642950082,1.0,3.98e-06,0.01,0.0,32.89881766549937,0.6024321125343228,0.0
1.2458833642950082,1.0,5.01e-06,0.01,6.666666666666667e-05,32.89881766549937,0.6024321125343228,26.319054132399504
1.2458833642950082,1.0,7.94e-06,0.01,3.3333333333333335e-05,32.89881766549937,0.6024321125343228,13.159527066199752
1.2458833642950082,1.0,1e-05,0.01,3.3333333333333335e-05,32.89881766549937,0.6024321125343228,13.159527066199752
1.2458833642950082,1.0,1.26e-05,0.01,6.666666666666667e-05,32.89881766549937,0.6024321125343228,26.319054132399504
1.2458833642950082,1.0,1.58e-05,0.01,3.3333333333333335e-05,32.89881766549937,0.6024321125343228,13.159527066199752
1.2458833642950082,1.0,2e-05,0.01,0.00016666666666666666,32.89881766549937,0.6024321125343228,65.79763533099876
1.2458833642950082,1.0,2.51e-05,0.01,0.00016666666666666666,32.89881766549937,0.6024321125343228,65.79763533099876
1.2458833642950082,1.0,3.16e-05,0.01,0.0002,32.89881766549937,0.6024321125343228,78.9571623971985
1.2458833642950082,1.0,3.98e-05,0.01,0.0003333333333333333,32.89881766549937,0.6024321125343228,131.59527066199752
1.2458833642950082,1.0,6.31e-05,0.01,0.0001,32.89881766549937,0.6024321125343228,39.47858119859925
1.2458833642950082,1.0,7.94e-05,0.01,6.666666666666667e-05,32.89881766549937,0.6024321125343228,26.319054132399504
1.2458833642950082,1.0,0.0001,0.01,0.0,32.89881766549937,0.6024321125343228,0.0
1.2458833642950082,1.0,0.000126,0.01,0.0,32.89881766549937,0.6024321125343228,0.0
1.2458833642950082,1.0,0.000158,0.01,0.0,32.89881766549937,0.6024321125343228,0.0
1.2458833642950082,1.0,0.0002,0.01,0.0,32.89881766549937,0.6024321125343228,0.0
1.2458833642950082,1.0,0.000251,0.01,0.0,32.89881766549937,0.6024321125343228,0.0
1.2458833642950082,1.0,0.000316,0.01,0.0,32.89881766549937,0.6024321125343228,0.0
1.2458833642950082,1.0,0.000398,0.01,0.0,32.89881766549937,0.6024321125343228,0.0
1.2458833642950082,1.0,0.000501,0.01,0.0,32.89881766549937,0.6024321125343228,0.0
1.2458833642950082,1.0,0.000631,0.01,0.0,32.89881766549937,0.6024321125343228,0.0
1.2458833642950082,1.0,0.000794,0.01,0.0,32.89881766549937,0.6024321125343228,0.0
1.2458833642950082,1.0,0.001,0.01,0.0,32.89881766549937,0.6024321125343228,0.0
1.2458833642950082,1.0,0.00126,0.01,0.0,32.89881766549937,0.6024321125343228,0.0
1.2458833642950082,1.0,0.00158,0.01,0.0,32.89881766549937,0.6024321125343228,0.0
1.2458833642950082,1.0,0.002,0.01,0.0,32.89881766549937,0.6024321125343228,0.0
1.2458833642950082,1.0,0.00251,0.01,0.0,32.89881766549937,0.6024321125343228,0.0
1.2458833642950082,1.0,0.00316,0.01,0.0,32.89881766549937,0.6024321125343228,0.0
1.2458833642950082,1.0,0.00398,0.01,0.0,32.89881766549937,0.6024321125343228,0.0
1.2458833642950082,1.0,0.00501,0.01,0.0,32.89881766549937,0.6024321125343228,0.0
1.2458833642950082,1.0,0.00631,0.01,0.0,32.89881766549937,0.6024321125343228,0.0
1.3049019780144029,1.0,1e-06,0.01,0.0,34.09731942005531,0.624378674602734,0.0
1.3049019780144029,1.0,1.26e-06,0.01,0.0,34.09731942005531,0.624378674602734,0.0
1.3049019780144029,1.0,1.58e-06,0.01,0.0,34.09731942005531,0.624378674602734,0.0
1.3049019780144029,1.0,2e-06,0.01,0.0,34.09731942005531,0.624378674602734,0.0
1.3049019780144029,1.0,2.51e-06,0.01,0.0,34.09731942005531,0.624378674602734,0.0
1.3049019780144029,1.0,3.16e-06,0.01,0.0,34.09731942005531,0.624378674602734,0.0
1.3049019780144029,1.0,3.98e-06,0.01,0.0,34.09731942005531,0.624378674602734,0.0
1.3049019780144029,1.0,5.01e-06,0.01,6.666666666666667e-05,34.09731942005531,0.624378674602734,27.277855536044246
1.3049019780144029,1.0,7.94e-06,0.01,3.3333333333333335e-05,34.09731942005531,0.624378674602734,13.638927768022123
1.3049019780144029,1.0,1e-05,0.01,3.3333333333333335e-05,34.09731942005531,0.624378674602734,13.638927768022123
1.3049019780144029,1.0,1.26e-05,0.01,6.666666666666667e-05,34.09731942005531,0.624378674602734,27.277855536044246
1.3049019780144029,1.0,1.58e-05,0.01,3.3333333333333335e-05,34.09731942005531,0.624378674602734,13.638927768022123
1.3049019780144029,1.0,2e-05,0.01,0.00016666666666666666,34.09731942005531,0.624378674602734,68.19463884011061
1.3049019780144029,1.0,2.51e-05,0.01,0.00016666666666666666,34.09731942005531,0.624378674602734,68.19463884011061
1.3049019780144029,1.0,3.16e-05,0.01,0.0002,34.09731942005531,0.624378674602734,81.83356660813274
1.3049019780144029,1.0,3.98e-05,0.01,0.0003333333333333333,34.09731942005531,0.624378674602734,136.38927768022123
1.3049019780144029,1.0,6.31e-05,0.01,0.0001,34.09731942005531,0.624378674602734,40.91678330406637
1.3049019780144029,1.0,7.94e-05,0.01,6.666666666666667e-05,34.09731942005531,0.624378674602734,27.277855536044246
1.3049019780144029,1.0,0.0001,0.01,0.0,34.09731942005531,0.624378674602734,0.0
1.3049019780144029,1.0,0.000126,0.01,0.0,34.09731942005531,0.624378674602734,0.0
1.3049019780144029,1.0,0.000158,0.01,0.0,34.09731942005531,0.624378674602734,0.0
1.3049019780144029,1.0,0.0002,0.01,0.0,34.09731942005531,0.624378674602734,0.0
1.3049019780144029,1.0,0.000251,0.01,0.0,34.09731942005531,0.624378674602734,0.0
1.3049019780144029,1.0,0.000316,0.01,0.0,34.09731942005531,0.624378674602734,0.0
1.3049019780144029,1.0,0.000398,0.01,0.0,34.09731942005531,0.624378674602734,0.0
1.3049019780144029,1.0,0.000501,0.01,0.0,34.09731942005531,0.624378674602734,0.0
1.3049019780144029,1.0,0.000631,0.01,0.0,34.09731942005531,0.624378674602734,0.0
1.3049019780144029,1.0,0.000794,0.01,0.0,34.09731942005531,0.624378674602734,0.0
1.3049019780144029,1.0,0.001,0.01,0.0,34.09731942005531,0.624378674602734,0.0
1.3049019780144029,1.0,0.00126,0.01,0.0,34.09731942005531,0.624378674602734,0.0
1.3049019780144029,1.0,0.00158,0.01,0.0,34.09731942005531,0.624378674602734,0.0
1.3049019780144029,1.0,0.002,0.01,0.0,34.09731942005531,0.624378674602734,0.0
1.3049019780144029,1.0,0.00251,0.01,0.0,34.09731942005531,0.624378674602734,0.0
1.3049019780144029,1.0,0.00316,0.01,0.0,34.09731942005531,0.624378674602734,0.0
1.3049019780144029,1.0,0.00398,0.01,0.0,34.09731942005531,0.624378674602734,0.0
1.3049019780144029,1.0,0.00501,0.01,0.0,34.09731942005531,0.624378674602734,0.0
1.3049019780144029,1.0,0.00631,0.01,0.0,34.09731942005531,0.624378674602734,0.0
1.3667163564620073,1.0,1e-06,0.01,0.0,35.268557198793,0.6458259878921991,0.0
1.3667163564620073,1.0,1.26e-06,0.01,0.0,35.268557198793,0.6458259878921991,0.0
1.3667163564620073,1.0,1.58e-06,0.01,0.0,35.268557198793,0.6458259878921991,0.0
1.3667163564620073,1.0,2e-06,0.01,0.0,35.268557198793,0.6458259878921991,0.0
1.3667163564620073,1.0,2.51e-06,0.01,0.0,35.268557198793,0.6458259878921991,0.0
1.3667163564620073,1.0,3.16e-06,0.01,0.0,35.268557198793,0.6458259878921991,0.0
1.3667163564620073,1.0,3.98e-06,0.01,0.0,35.268557198793,0.6458259878921991,0.0
1.3667163564620073,1.0,5.01e-06,0.01,6.666666666666667e-05,35.268557198793,0.6458259878921991,28.2148457590344
1.3667163564620073,1.0,7.94e-06,0.01,3.3333333333333335e-05,35.268557198793,0.6458259878921991,14.1074228795172
1.3667163564620073,1.0,1e-05,0.01,3.3333333333333335e-05,35.268557198793,0.6458259878921991,14.1074228795172
1.3667163564620073,1.0,1.26e-05,0.01,6.666666666666667e-05,35.268557198793,0.6458259878921991,28.2148457590344
1.3667163564620073,1.0,1.58e-05,0.01,3.3333333333333335e-05,35.268557198793,0.6458259878921991,14.1074228795172
1.3667163564620073,1.0,2e-05,0.01,0.00016666666666666666,35.268557198793,0.6458259878921991,70.537114397586
1.3667163564620073,1.0,2.51e-05,0.01,0.00016666666666666666,35.268557198793,0.6458259878921991,70.537114397586
1.3667163564620073,1.0,3.16e-05,0.01,0.0002,35.268557198793,0.6458259878921991,84.64453727710321
1.3667163564620073,1.0,3.98e-05,0.01,0.0003333333333333333,35.268557198793,0.6458259878921991,141.074228795172
1.3667163564620073,1.0,6.31e-05,0.01,0.0001,35.268557198793,0.6458259878921991,42.322268638551606
1.3667163564620073,1.0,7.94e-05,0.01,6.666666666666667e-05,35.268557198793,0.6458259878921991,28.2148457590344
1.3667163564620073,1.0,0.0001,0.01,0.0,35.268557198793,0.6458259878921991,0.0
1.3667163564620073,1.0,0.000126,0.01,0.0,35.268557198793,0.6458259878921991,0.0
1.3667163564620073,1.0,0.000158,0.01,0.0,35.268557198793,0.6458259878921991,0.0
1.3667163564620073,1.0,0.0002,0.01,0.0,35.268557198793,0.6458259878921991,0.0
1.3667163564620073,1.0,0.000251,0.01,0.0,35.268557198793,0.6458259878921991,0.0
1.3667163564620073,1.0,0.000316,0.01,0.0,35.268557198793,0.6458259878921991,0.0
1.3667163564620073,1.0,0.000398,0.01,0.0,35.268557198793,0.6458259878921991,0.0
1.3667163564620073,1.0,0.000501,0.01,0.0,35.268557198793,0.6458259878921991,0.0
1.3667163564620073,1.0,0.000631,0.01,0.0,35.268557198793,0.6458259878921991,0.0
1.3667163564620073,1.0,0.000794,0.01,0.0,35.268557198793,0.6458259878921991,0.0
1.3667163564620073,1.0,0.001,0.01,0.0,35.268557198793,0.6458259878921991,0.0
1.3667163564620073,1.0,0.00126,0.01,0.0,35.268557198793,0.6458259878921991,0.0
1.3667163564620073,1.0,0.00158,0.01,0.0,35.268557198793,0.6458259878921991,0.0
1.3667163564620073,1.0,0.002,0.01,0.0,35.268557198793,0.6458259878921991,0.0
1.3667163564620073,1.0,0.00251,0.01,0.0,35.268557198793,0.6458259878921991,0.0
1.3667163564620073,1.0,0.00316,0.01,0.0,35.268557198793,0.6458259878921991,0.0
1.3667163564620073,1.0,0.00398,0.01,0.0,35.268557198793,0.6458259878921991,0.0
1.3667163564620073,1.0,0.00501,0.01,0.0,35.268557198793,0.6458259878921991,0.0
1.3667163564620073,1.0,0.00631,0.01,0.0,35.268557198793,0.6458259878921991,0.0
1.4314589375234785,1.0,1e-06,0.01,0.0,36.40861802696851,0.6667023993218918,0.0
1.4314589375234785,1.0,1.26e-06,0.01,0.0,36.40861802696851,0.6667023993218918,0.0
1.4314589375234785,1.0,1.58e-06,0.01,0.0,36.40861802696851,0.6667023993218918,0.0
1.4314589375234785,1.0,2e-06,0.01,0.0,36.40861802696851,0.6667023993218918,0.0
1.4314589375234785,1.0,2.51e-06,0.01,0.0,36.40861802696851,0.6667023993218918,0.0
1.4314589375234785,1.0,3.16e-06,0.01,0.0,36.40861802696851,0.6667023993218918,0.0
1.4314589375234785,1.0,3.98e-06,0.01,0.0,36.40861802696851,0.6667023993218918,0.0
1.4314589375234785,1.0,5.01e-06,0.01,6.666666666666667e-05,36.40861802696851,0.6667023993218918,29.12689442157481
1.4314589375234785,1.0,7.94e-06,0.01,3.3333333333333335e-05,36.40861802696851,0.6667023993218918,14.563447210787405
1.4314589375234785,1.0,1e-05,0.01,3.3333333333333335e-05,36.40861802696851,0.6667023993218918,14.563447210787405
1.4314589375234785,1.0,1.26e-05,0.01,6.666666666666667e-05,36.40861802696851,0.6667023993218918,29.12689442157481
1.4314589375234785,1.0,1.58e-05,0.01,3.3333333333333335e-05,36.40861802696851,0.6667023993218918,14.563447210787405
1.4314589375234785,1.0,2e-05,0.01,0.00016666666666666666,36.40861802696851,0.6667023993218918,72.81723605393702
1.4314589375234785,1.0,2.51e-05,0.01,0.00016666666666666666,36.40861802696851,0.6667023993218918,72.81723605393702
1.4314589375234785,1.0,3.16e-05,0.01,0.0002,36.40861802696851,0.6667023993218918,87.38068326472444
1.4314589375234785,1.0,3.98e-05,0.01,0.0003333333333333333,36.40861802696851,0.6667023993218918,145.63447210787405
1.4314589375234785,1.0,6.31e-05,0.01,0.0001,36.40861802696851,0.6667023993218918,43.69034163236222
1.4314589375234785,1.0,7.94e-05,0.01,6.666666666666667e-05,36.40861802696851,0.6667023993218918,29.12689442157481
1.4314589375234785,1.0,0.0001,0.01,0.0,36.40861802696851,0.6667023993218918,0.0
1.4314589375234785,1.0,0.000126,0.01,0.0,36.40861802696851,0.6667023993218918,0.0
1.4314589375234785,1.0,0.000158,0.01,0.0,36.40861802696851,0.6667023993218918,0.0
1.4314589375234785,1.0,0.0002,0.01,0.0,36.40861802696851,0.6667023993218918,0.0
1.4314589375234785,1.0,0.000251,0.01,0.0,36.40861802696851,0.6667023993218918,0.0
1.4314589375234785,1.0,0.000316,0.01,0.0,36.40861802696851,0.6667023993218918,0.0
1.4314589375234785,1.0,0.000398,0.01,0.0,36.40861802696851,0.6667023993218918,0.0
1.4314589375234785,1.0,0.000501,0.01,0.0,36.40861802696851,0.6667023993218918,0.0
1.4314589375234785,1.0,0.000631,0.01,0.0,36.40861802696851,0.6667023993218918,0.0
1.4314589375234785,1.0,0.000794,0.01,0.0,36.40861802696851,0.6667023993218918,0.0
1.4314589375234785,1.0,0.001,0.01,0.0,36.40861802696851,0.6667023993218918,0.0
1.4314589375234785,1.0,0.00126,0.01,0.0,36.40861802696851,0.6667023993218918,0.0
1.4314589375234785,1.0,0.00158,0.01,0.0,36.40861802696851,0.6667023993218918,0.0
1.4314589375234785,1.0,0.002,0.01,0.0,36.40861802696851,0.6667023993218918,0.0
1.4314589375234785,1.0,0.00251,0.01,0.0,36.40861802696851,0.6667023993218918,0.0
1.4314589375234785,1.0,0.00316,0.01,0.0,36.40861802696851,0.6667023993218918,0.0
1.4314589375234785,1.0,0.00398,0.01,0.0,36.40861802696851,0.6667023993218918,0.0
1.4314589375234785,1.0,0.00501,0.01,0.0,36.40861802696851,0.6667023993218918,0.0
1.4314589375234785,1.0,0.00631,0.01,0.0,36.40861802696851,0.6667023993218918,0.0
1.4992684327860455,1.0,1e-06,0.01,0.0,37.51405329525576,0.6869447591147366,0.0
1.4992684327860455,1.0,1.26e-06,0.01,0.0,37.51405329525576,0.6869447591147366,0.0
1.4992684327860455,1.0,1.58e-06,0.01,0.0,37.51405329525576,0.6869447591147366,0.0
1.4992684327860455,1.0,2e-06,0.01,0.0,37.51405329525576,0.6869447591147366,0.0
1.4992684327860455,1.0,2.51e-06,0.01,0.0,37.51405329525576,0.6869447591147366,0.0
1.4992684327860455,1.0,3.16e-06,0.01,0.0,37.51405329525576,0.6869447591147366,0.0
1.4992684327860455,1.0,3.98e-06,0.01,0.0,37.51405329525576,0.6869447591147366,0.0
1.4992684327860455,1.0,5.01e-06,0.01,6.666666666666667e-05,37.51405329525576,0.6869447591147366,30.011242636204614
1.4992684327860455,1.0,7.94e-06,0.01,3.3333333333333335e-05,37.51405329525576,0.6869447591147366,15.005621318102307
1.4992684327860455,1.0,1e-05,0.01,3.3333333333333335e-05,37.51405329525576,0.6869447591147366,15.005621318102307
1.4992684327860455,1.0,1.26e-05,0.01,6.666666666666667e-05,37.51405329525576,0.6869447591147366,30.011242636204614
1.4992684327860455,1.0,1.58e-05,0.01,3.3333333333333335e-05,37.51405329525576,0.6869447591147366,15.005621318102307
1.4992684327860455,1.0,2e-05,0.01,0.00016666666666666666,37.51405329525576,0.6869447591147366,75.02810659051153
1.4992684327860455,1.0,2.51e-05,0.01,0.00016666666666666666,37.51405329525576,0.6869447591147366,75.02810659051153
1.4992684327860455,1.0,3.16e-05,0.01,0.0002,37.51405329525576,0.6869447591147366,90.03372790861384
1.4992684327860455,1.0,3.98e-05,0.01,0.0003333333333333333,37.51405329525576,0.6869447591147366,150.05621318102305
1.4992684327860455,1.0,6.31e-05,0.01,0.0001,37.51405329525576,0.6869447591147366,45.01686395430692
1.4992684327860455,1.0,7.94e-05,0.01,6.666666666666667e-05,37.51405329525576,0.6869447591147366,30.011242636204614
1.4992684327860455,1.0,0.0001,0.01,0.0,37.51405329525576,0.6869447591147366,0.0
1.4992684327860455,1.0,0.000126,0.01,0.0,37.51405329525576,0.6869447591147366,0.0
1.4992684327860455,1.0,0.000158,0.01,0.0,37.51405329525576,0.6869447591147366,0.0
1.4992684327860455,1.0,0.0002,0.01,0.0,37.51405329525576,0.6869447591147366,0.0
1.4992684327860455,1.0,0.000251,0.01,0.0,37.51405329525576,0.6869447591147366,0.0
1.4992684327860455,1.0,0.000316,0.01,0.0,37.51405329525576,0.6869447591147366,0.0
1.4992684327860455,1.0,0.000398,0.01,0.0,37.51405329525576,0.6869447591147366,0.0
1.4992684327860455,1.0,0.000501,0.01,0.0,37.51405329525576,0.6869447591147366,0.0
1.4992684327860455,1.0,0.000631,0.01,0.0,37.51405329525576,0.6869447591147366,0.0
1.4992684327860455,1.0,0.000794,0.01,0.0,37.51405329525576,0.6869447591147366,0.0
1.4992684327860455,1.0,0.001,0.01,0.0,37.51405329525576,0.6869447591147366,0.0
1.4992684327860455,1.0,0.00126,0.01,0.0,37.51405329525576,0.6869447591147366,0.0
1.4992684327860455,1.0,0.00158,0.01,0.0,37.51405329525576,0.6869447591147366,0.0
1.4992684327860455,1.0,0.002,0.01,0.0,37.51405329525576,0.6869447591147366,0.0
1.4992684327860455,1.0,0.00251,0.01,0.0,37.51405329525576,0.6869447591147366,0.0
1.4992684327860455,1.0,0.00316,0.01,0.0,37.51405329525576,0.6869447591147366,0.0
1.4992684327860455,1.0,0.00398,0.01,0.0,37.51405329525576,0.6869447591147366,0.0
1.4992684327860455,1.0,0.00501,0.01,0.0,37.51405329525576,0.6869447591147366,0.0
1.4992684327860455,1.0,0.00631,0.01,0.0,37.51405329525576,0.6869447591147366,0.0
1.5702901247293775,1.0,1e-06,0.01,0.0,38.581907121134414,0.70649894014163,0.0
1.5702901247293775,1.0,1.26e-06,0.01,0.0,38.581907121134414,0.70649894014163,0.0
1.5702901247293775,1.0,1.58e-06,0.01,0.0,38.581907121134414,0.70649894014163,0.0
1.5702901247293775,1.0,2e-06,0.01,0.0,38.581907121134414,0.70649894014163,0.0
1.5702901247293775,1.0,2.51e-06,0.01,0.0,38.581907121134414,0.70649894014163,0.0
1.5702901247293775,1.0,3.16e-06,0.01,0.0,38.581907121134414,0.70649894014163,0.0
1.5702901247293775,1.0,3.98e-06,0.01,0.0,38.581907121134414,0.70649894014163,0.0
1.5702901247293775,1.0,5.01e-06,0.01,6.666666666666667e-05,38.581907121134414,0.70649894014163,30.86552569690754
1.5702901247293775,1.0,7.94e-06,0.01,3.3333333333333335e-05,38.581907121134414,0.70649894014163,15.43276284845377
1.5702901247293775,1.0,1e-05,0.01,3.3333333333333335e-05,38.581907121134414,0.70649894014163,15.43276284845377
1.5702901247293775,1.0,1.26e-05,0.01,6.666666666666667e-05,38.581907121134414,0.70649894014163,30.86552569690754
1.5702901247293775,1.0,1.58e-05,0.01,3.3333333333333335e-05,38.581907121134414,0.70649894014163,15.43276284845377
1.5702901247293775,1.0,2e-05,0.01,0.00016666666666666666,38.581907121134414,0.70649894014163,77.16381424226884
1.5702901247293775,1.0,2.51e-05,0.01,0.00016666666666666666,38.581907121134414,0.70649894014163,77.16381424226884
1.5702901247293775,1.0,3.16e-05,0.01,0.0002,38.581907121134414,0.70649894014163,92.59657709072262
1.5702901247293775,1.0,3.98e-05,0.01,0.0003333333333333333,38.581907121134414,0.70649894014163,154.32762848453768
1.5702901247293775,1.0,6.31e-05,0.01,0.0001,38.581907121134414,0.70649894014163,46.29828854536131
1.5702901247293775,1.0,7.94e-05,0.01,6.666666666666667e-05,38.581907121134414,0.70649894014163,30.86552569690754
1.5702901247293775,1.0,0.0001,0.01,0.0,38.581907121134414,0.70649894014163,0.0
1.5702901247293775,1.0,0.000126,0.01,0.0,38.581907121134414,0.70649894014163,0.0
1.5702901247293775,1.0,0.000158,0.01,0.0,38.581907121134414,0.70649894014163,0.0
1.5702901247293775,1.0,0.0002,0.01,0.0,38.581907121134414,0.70649894014163,0.0
1.5702901247293775,1.0,0.000251,0.01,0.0,38.581907121134414,0.70649894014163,0.0
1.5702901247293775,1.0,0.000316,0.01,0.0,38.581907121134414,0.70649894014163,0.0
1.5702901247293775,1.0,0.000398,0.01,0.0,38.581907121134414,0.70649894014163,0.0
1.5702901247293775,1.0,0.000501,0.01,0.0,38.581907121134414,0.70649894014163,0.0
1.5702901247293775,1.0,0.000631,0.01,0.0,38.581907121134414,0.70649894014163,0.0
1.5702901247293775,1.0,0.000794,0.01,0.0,38.581907121134414,0.70649894014163,0.0
1.5702901247293775,1.0,0.001,0.01,0.0,38.581907121134414,0.70649894014163,0.0
1.5702901247293775,1.0,0.00126,0.01,0.0,38.581907121134414,0.70649894014163,0.0
1.5702901247293775,1.0,0.00158,0.01,0.0,38.581907121134414,0.70649894014163,0.0
1.5702901247293775,1.0,0.002,0.01,0.0,38.581907121134414,0.70649894014163,0.0
1.5702901247293775,1.0,0.00251,0.01,0.0,38.581907121134414,0.70649894014163,0.0
1.5702901247293775,1.0,0.00316,0.01,0.0,38.581907121134414,0.70649894014163,0.0
1.5702901247293775,1.0,0.00398,0.01,0.0,38.581907121134414,0.70649894014163,0.0
1.5702901247293775,1.0,0.00501,0.01,0.0,38.581907121134414,0.70649894014163,0.0
1.5702901247293775,1.0,0.00631,0.01,0.0,38.581907121134414,0.70649894014163,0.0
1.6446761779946644,1.0,1e-06,0.01,0.0,39.60973100412586,0.7253201062832056,0.0
1.6446761779946644,1.0,1.26e-06,0.01,0.0,39.60973100412586,0.7253201062832056,0.0
1.6446761779946644,1.0,1.58e-06,0.01,0.0,39.60973100412586,0.7253201062832056,0.0
1.6446761779946644,1.0,2e-06,0.01,0.0,39.60973100412586,0.7253201062832056,0.0
1.6446761779946644,1.0,2.51e-06,0.01,0.0,39.60973100412586,0.7253201062832056,0.0
1.6446761779946644,1.0,3.16e-06,0.01,0.0,39.60973100412586,0.7253201062832056,0.0
1.6446761779946644,1.0,3.98e-06,0.01,0.0,39.60973100412586,0.7253201062832056,0.0
1.6446761779946644,1.0,5.01e-06,0.01,6.666666666666667e-05,39.60973100412586,0.7253201062832056,31.687784803300698
1.6446761779946644,1.0,7.94e-06,0.01,3.3333333333333335e-05,39.60973100412586,0.7253201062832056,15.843892401650349
1.6446761779946644,1.0,1e-05,0.01,3.3333333333333335e-05,39.60973100412586,0.7253201062832056,15.843892401650349
1.6446761779946644,1.0,1.26e-05,0.01,6.666666666666667e-05,39.60973100412586,0.7253201062832056,31.687784803300698
1.6446761779946644,1.0,1.58e-05,0.01,3.3333333333333335e-05,39.60973100412586,0.7253201062832056,15.843892401650349
1.6446761779946644,1.0,2e-05,0.01,0.00016666666666666666,39.60973100412586,0.7253201062832056,79.21946200825174
1.6446761779946644,1.0,2.51e-05,0.01,0.00016666666666666666,39.60973100412586,0.7253201062832056,79.21946200825174
1.6446761779946644,1.0,3.16e-05,0.01,0.0002,39.60973100412586,0.7253201062832056,95.06335440990209
1.6446761779946644,1.0,3.98e-05,0.01,0.0003333333333333333,39.60973100412586,0.7253201062832056,158.43892401650348
1.6446761779946644,1.0,6.31e-05,0.01,0.0001,39.60973100412586,0.7253201062832056,47.531677204951045
1.6446761779946644,1.0,7.94e-05,0.01,6.666666666666667e-05,39.60973100412586,0.7253201062832056,31.687784803300698
1.6446761779946644,1.0,0.0001,0.01,0.0,39.60973100412586,0.7253201062832056,0.0
1.6446761779946644,1.0,0.000126,0.01,0.0,39.60973100412586,0.7253201062832056,0.0
1.6446761779946644,1.0,0.000158,0.01,0.0,39.60973100412586,0.7253201062832056,0.0
1.6446761779946644,1.0,0.0002,0.01,0.0,39.60973100412586,0.7253201062832056,0.0
1.6446761779946644,1.0,0.000251,0.01,0.0,39.60973100412586,0.7253201062832056,0.0
1.6446761779946644,1.0,0.000316,0.01,0.0,39.60973100412586,0.7253201062832056,0.0
1.6446761779946644,1.0,0.000398,0.01,0.0,39.60973100412586,0.7253201062832056,0.0
1.6446761779946644,1.0,0.000501,0.01,0.0,39.60973100412586,0.7253201062832056,0.0
1.6446761779946644,1.0,0.000631,0.01,0.0,39.60973100412586,0.7253201062832056,0.0
1.6446761779946644,1.0,0.000794,0.01,0.0,39.60973100412586,0.7253201062832056,0.0
1.6446761779946644,1.0,0.001,0.01,0.0,39.60973100412586,0.7253201062832056,0.0
1.6446761779946644,1.0,0.00126,0.01,0.0,39.60973100412586,0.7253201062832056,0.0
1.6446761779946644,1.0,0.00158,0.01,0.0,39.60973100412586,0.7253201062832056,0.0
1.6446761779946644,1.0,0.002,0.01,0.0,39.60973100412586,0.7253201062832056,0.0
1.6446761779946644,1.0,0.00251,0.01,0.0,39.60973100412586,0.7253201062832056,0.0
1.6446761779946644,1.0,0.00316,0.01,0.0,39.60973100412586,0.7253201062832056,0.0
1.6446761779946644,1.0,0.00398,0.01,0.0,39.60973100412586,0.7253201062832056,0.0
1.6446761779946644,1.0,0.00501,0.01,0.0,39.60973100412586,0.7253201062832056,0.0
1.6446761779946644,1.0,0.00631,0.01,0.0,39.60973100412586,0.7253201062832056,0.0
1.7225859653987874,1.0,1e-06,0.01,0.0,40.59558549273312,0.743372742954278,0.0
1.7225859653987874,1.0,1.26e-06,0.01,0.0,40.59558549273312,0.743372742954278,0.0
1.7225859653987874,1.0,1.58e-06,0.01,0.0,40.59558549273312,0.743372742954278,0.0
1.7225859653987874,1.0,2e-06,0.01,0.0,40.59558549273312,0.743372742954278,0.0
1.7225859653987874,1.0,2.51e-06,0.01,0.0,40.59558549273312,0.743372742954278,0.0
1.7225859653987874,1.0,3.16e-06,0.01,0.0,40.59558549273312,0.743372742954278,0.0
1.7225859653987874,1.0,3.98e-06,0.01,0.0,40.59558549273312,0.743372742954278,0.0
1.7225859653987874,1.0,5.01e-06,0.01,6.666666666666667e-05,40.59558549273312,0.743372742954278,32.4764683941865
1.7225859653987874,1.0,7.94e-06,0.01,3.3333333333333335e-05,40.59558549273312,0.743372742954278,16.23823419709325
1.7225859653987874,1.0,1e-05,0.01,3.3333333333333335e-05,40.59558549273312,0.743372742954278,16.23823419709325
1.7225859653987874,1.0,1.26e-05,0.01,6.666666666666667e-05,40.59558549273312,0.743372742954278,32.4764683941865
1.7225859653987874,1.0,1.58e-05,0.01,3.3333333333333335e-05,40.59558549273312,0.743372742954278,16.23823419709325
1.7225859653987874,1.0,2e-05,0.01,0.00016666666666666666,40.59558549273312,0.743372742954278,81.19117098546624
1.7225859653987874,1.0,2.51e-05,0.01,0.00016666666666666666,40.59558549273312,0.743372742954278,81.19117098546624
1.7225859653987874,1.0,3.16e-05,0.01,0.0002,40.59558549273312,0.743372742954278,97.42940518255949
1.7225859653987874,1.0,3.98e-05,0.01,0.0003333333333333333,40.59558549273312,0.743372742954278,162.3823419709325
1.7225859653987874,1.0,6.31e-05,0.01,0.0001,40.59558549273312,0.743372742954278,48.714702591279746
1.7225859653987874,1.0,7.94e-05,0.01,6.666666666666667e-05,40.59558549273312,0.743372742954278,32.4764683941865
1.7225859653987874,1.0,0.0001,0.01,0.0,40.59558549273312,0.743372742954278,0.0
1.7225859653987874,1.0,0.000126,0.01,0.0,40.59558549273312,0.743372742954278,0.0
1.7225859653987874,1.0,0.000158,0.01,0.0,40.59558549273312,0.743372742954278,0.0
1.7225859653987874,1.0,0.0002,0.01,0.0,40.59558549273312,0.743372742954278,0.0
1.7225859653987874,1.0,0.000251,0.01,0.0,40.59558549273312,0.743372742954278,0.0
1.7225859653987874,1.0,0.000316,0.01,0.0,40.59558549273312,0.743372742954278,0.0
1.7225859653987874,1.0,0.000398,0.01,0.0,40.59558549273312,0.743372742954278,0.0
1.7225859653987874,1.0,0.000501,0.01,0.0,40.59558549273312,0.743372742954278,0.0
1.7225859653987874,1.0,0.000631,0.01,0.0,40.59558549273312,0.743372742954278,0.0
1.7225859653987874,1.0,0.000794,0.01,0.0,40.59558549273312,0.743372742954278,0.0
1.7225859653987874,1.0,0.001,0.01,0.0,40.59558549273312,0.743372742954278,0.0
1.7225859653987874,1.0,0.00126,0.01,0.0,40.59558549273312,0.743372742954278,0.0
1.7225859653987874,1.0,0.00158,0.01,0.0,40.59558549273312,0.743372742954278,0.0
1.7225859653987874,1.0,0.002,0.01,0.0,40.59558549273312,0.743372742954278,0.0
1.7225859653987874,1.0,0.00251,0.01,0.0,40.59558549273312,0.743372742954278,0.0
1.7225859653987874,1.0,0.00316,0.01,0.0,40.59558549273312,0.743372742954278,0.0
1.7225859653987874,1.0,0.00398,0.01,0.0,40.59558549273312,0.743372742954278,0.0
1.7225859653987874,1.0,0.00501,0.01,0.0,40.59558549273312,0.743372742954278,0.0
1.7225859653987874,1.0,0.00631,0.01,0.0,40.59558549273312,0.743372742954278,0.0
1.8041864093920719,1.0,1e-06,0.01,0.0,41.53803006233035,0.760630471751151,0.0
1.8041864093920719,1.0,1.26e-06,0.01,0.0,41.53803006233035,0.760630471751151,0.0
1.8041864093920719,1.0,1.58e-06,0.01,0.0,41.53803006233035,0.760630471751151,0.0
1.8041864093920719,1.0,2e-06,0.01,0.0,41.53803006233035,0.760630471751151,0.0
1.8041864093920719,1.0,2.51e-06,0.01,0.0,41.53803006233035,0.760630471751151,0.0
1.8041864093920719,1.0,3.16e-06,0.01,0.0,41.53803006233035,0.760630471751151,0.0
1.8041864093920719,1.0,3.98e-06,0.01,0.0,41.53803006233035,0.760630471751151,0.0
1.8041864093920719,1.0,5.01e-06,0.01,6.666666666666667e-05,41.53803006233035,0.760630471751151,33.23042404986428
1.8041864093920719,1.0,7.94e-06,0.01,3.3333333333333335e-05,41.53803006233035,0.760630471751151,16.61521202493214
1.8041864093920719,1.0,1e-05,0.01,3.3333333333333335e-05,41.53803006233035,0.760630471751151,16.61521202493214
1.8041864093920719,1.0,1.26e-05,0.01,6.666666666666667e-05,41.53803006233035,0.760630471751151,33.23042404986428
1.8041864093920719,1.0,1.58e-05,0.01,3.3333333333333335e-05,41.53803006233035,0.760630471751151,16.61521202493214
1.8041864093920719,1.0,2e-05,0.01,0.00016666666666666666,41.53803006233035,0.760630471751151,83.07606012466071
1.8041864093920719,1.0,2.51e-05,0.01,0.00016666666666666666,41.53803006233035,0.760630471751151,83.07606012466071
1.8041864093920719,1.0,3.16e-05,0.01,0.0002,41.53803006233035,0.760630471751151,99.69127214959286
1.8041864093920719,1.0,3.98e-05,0.01,0.0003333333333333333,41.53803006233035,0.760630471751151,166.15212024932143
1.8041864093920719,1.0,6.31e-05,0.01,0.0001,41.53803006233035,0.760630471751151,49.84563607479643
1.8041864093920719,1.0,7.94e-05,0.01,6.666666666666667e-05,41.53803006233035,0.760630471751151,33.23042404986428
1.8041864093920719,1.0,0.0001,0.01,0.0,41.53803006233035,0.760630471751151,0.0
1.8041864093920719,1.0,0.000126,0.01,0.0,41.53803006233035,0.760630471751151,0.0
1.8041864093920719,1.0,0.000158,0.01,0.0,41.53803006233035,0.760630471751151,0.0
1.8041864093920719,1.0,0.0002,0.01,0.0,41.53803006233035,0.760630471751151,0.0
1.8041864093920719,1.0,0.000251,0.01,0.0,41.53803006233035,0.760630471751151,0.0
1.8041864093920719,1.0,0.000316,0.01,0.0,41.53803006233035,0.760630471751151,0.0
1.8041864093920719,1.0,0.000398,0.01,0.0,41.53803006233035,0.760630471751151,0.0
1.8041864093920719,1.0,0.000501,0.01,0.0,41.53803006233035,0.760630471751151,0.0
1.8041864093920719,1.0,0.000631,0.01,0.0,41.53803006233035,0.760630471751151,0.0
1.8041864093920719,1.0,0.000794,0.01,0.0,41.53803006233035,0.760630471751151,0.0
1.8041864093920719,1.0,0.001,0.01,0.0,41.53803006233035,0.760630471751151,0.0
1.8041864093920719,1.0,0.00126,0.01,0.0,41.53803006233035,0.760630471751151,0.0
1.8041864093920719,1.0,0.00158,0.01,0.0,41.53803006233035,0.760630471751151,0.0
1.8041864093920719,1.0,0.002,0.01,0.0,41.53803006233035,0.760630471751151,0.0
1.8041864093920719,1.0,0.00251,0.01,0.0,41.53803006233035,0.760630471751151,0.0
1.8041864093920719,1.0,0.00316,0.01,0.0,41.53803006233035,0.760630471751151,0.0
1.8041864093920719,1.0,0.00398,0.01,0.0,41.53803006233035,0.760630471751151,0.0
1.8041864093920719,1.0,0.00501,0.01,0.0,41.53803006233035,0.760630471751151,0.0
1.8041864093920719,1.0,0.00631,0.01,0.0,41.53803006233035,0.760630471751151,0.0
1.8896523396912097,1.0,1e-06,0.01,0.0,42.436102761485344,0.7770756777419033,0.0
1.8896523396912097,1.0,1.26e-06,0.01,0.0,42.436102761485344,0.7770756777419033,0.0
1.8896523396912097,1.0,1.58e-06,0.01,0.0,42.436102761485344,0.7770756777419033,0.0
1.8896523396912097,1.0,2e-06,0.01,0.0,42.436102761485344,0.7770756777419033,0.0
1.8896523396912097,1.0,2.51e-06,0.01,0.0,42.436102761485344,0.7770756777419033,0.0
1.8896523396912097,1.0,3.16e-06,0.01,0.0,42.436102761485344,0.7770756777419033,0.0
1.8896523396912097,1.0,3.98e-06,0.01,0.0,42.436102761485344,0.7770756777419033,0.0
1.8896523396912097,1.0,5.01e-06,0.01,6.666666666666667e-05,42.436102761485344,0.7770756777419033,33.94888220918828
1.8896523396912097,1.0,7.94e-06,0.01,3.3333333333333335e-05,42.436102761485344,0.7770756777419033,16.97444110459414
1.8896523396912097,1.0,1e-05,0.01,3.3333333333333335e-05,42.436102761485344,0.7770756777419033,16.97444110459414
1.8896523396912097,1.0,1.26e-05,0.01,6.666666666666667e-05,42.436102761485344,0.7770756777419033,33.94888220918828
1.8896523396912097,1.0,1.58e-05,0.01,3.3333333333333335e-05,42.436102761485344,0.7770756777419033,16.97444110459414
1.8896523396912097,1.0,2e-05,0.01,0.00016666666666666666,42.436102761485344,0.7770756777419033,84.87220552297069
1.8896523396912097,1.0,2.51e-05,0.01,0.00016666666666666666,42.436102761485344,0.7770756777419033,84.87220552297069
1.8896523396912097,1.0,3.16e-05,0.01,0.0002,42.436102761485344,0.7770756777419033,101.84664662756484
1.8896523396912097,1.0,3.98e-05,0.01,0.0003333333333333333,42.436102761485344,0.7770756777419033,169.74441104594138
1.8896523396912097,1.0,6.31e-05,0.01,0.0001,42.436102761485344,0.7770756777419033,50.92332331378242
1.8896523396912097,1.0,7.94e-05,0.01,6.666666666666667e-05,42.436102761485344,0.7770756777419033,33.94888220918828
1.8896523396912097,1.0,0.0001,0.01,0.0,42.436102761485344,0.7770756777419033,0.0
1.8896523396912097,1.0,0.000126,0.01,0.0,42.436102761485344,0.7770756777419033,0.0
1.8896523396912097,1.0,0.000158,0.01,0.0,42.436102761485344,0.7770756777419033,0.0
1.8896523396912097,1.0,0.0002,0.01,0.0,42.436102761485344,0.7770756777419033,0.0
1.8896523396912097,1.0,0.000251,0.01,0.0,42.436102761485344,0.7770756777419033,0.0
1.8896523396912097,1.0,0.000316,0.01,0.0,42.436102761485344,0.7770756777419033,0.0
1.8896523396912097,1.0,0.000398,0.01,0.0,42.436102761485344,0.7770756777419033,0.0
1.8896523396912097,1.0,0.000501,0.01,0.0,42.436102761485344,0.7770756777419033,0.0
1.8896523396912097,1.0,0.000631,0.01,0.0,42.436102761485344,0.7770756777419033,0.0
1.8896523396912097,1.0,0.000794,0.01,0.0,42.436102761485344,0.7770756777419033,0.0
1.8896523396912097,1.0,0.001,0.01,0.0,42.436102761485344,0.7770756777419033,0.0
1.8896523396912097,1.0,0.00126,0.01,0.0,42.436102761485344,0.7770756777419033,0.0
1.8896523396912097,1.0,0.00158,0.01,0.0,42.436102761485344,0.7770756777419033,0.0
1.8896523396912097,1.0,0.002,0.01,0.0,42.436102761485344,0.7770756777419033,0.0
1.8896523396912097,1.0,0.00251,0.01,0.0,42.436102761485344,0.7770756777419033,0.0
1.8896523396912097,1.0,0.00316,0.01,0.0,42.436102761485344,0.7770756777419033,0.0
1.8896523396912097,1.0,0.00398,0.01,0.0,42.436102761485344,0.7770756777419033,0.0
1.8896523396912097,1.0,0.00501,0.01,0.0,42.436102761485344,0.7770756777419033,0.0
1.8896523396912097,1.0,0.00631,0.01,0.0,42.436102761485344,0.7770756777419033,0.0
1.9791668678535574,1.0,1e-06,0.01,0.0,43.289291412772904,0.7926989821053453,0.0
1.9791668678535574,1.0,1.26e-06,0.01,0.0,43.289291412772904,0.7926989821053453,0.0
1.9791668678535574,1.0,1.58e-06,0.01,0.0,43.289291412772904,0.7926989821053453,0.0
1.9791668678535574,1.0,2e-06,0.01,0.0,43.289291412772904,0.7926989821053453,0.0
1.9791668678535574,1.0,2.51e-06,0.01,0.0,43.289291412772904,0.7926989821053453,0.0
1.9791668678535574,1.0,3.16e-06,0.01,0.0,43.289291412772904,0.7926989821053453,0.0
1.9791668678535574,1.0,3.98e-06,0.01,0.0,43.289291412772904,0.7926989821053453,0.0
1.9791668678535574,1.0,5.01e-06,0.01,6.666666666666667e-05,43.289291412772904,0.7926989821053453,34.631433130218326
1.9791668678535574,1.0,7.94e-06,0.01,3.3333333333333335e-05,43.289291412772904,0.7926989821053453,17.315716565109163
1.9791668678535574,1.0,1e-05,0.01,3.3333333333333335e-05,43.289291412772904,0.7926989821053453,17.315716565109163
1.9791668678535574,1.0,1.26e-05,0.01,6.666666666666667e-05,43.289291412772904,0.7926989821053453,34.631433130218326
1.9791668678535574,1.0,1.58e-05,0.01,3.3333333333333335e-05,43.289291412772904,0.7926989821053453,17.315716565109163
1.9791668678535574,1.0,2e-05,0.01,0.00016666666666666666,43.289291412772904,0.7926989821053453,86.57858282554582
1.9791668678535574,1.0,2.51e-05,0.01,0.00016666666666666666,43.289291412772904,0.7926989821053453,86.57858282554582
1.9791668678535574,1.0,3.16e-05,0.01,0.0002,43.289291412772904,0.7926989821053453,103.894299390655
1.9791668678535574,1.0,3.98e-05,0.01,0.0003333333333333333,43.289291412772904,0.7926989821053453,173.15716565109165
1.9791668678535574,1.0,6.31e-05,0.01,0.0001,43.289291412772904,0.7926989821053453,51.9471496953275
1.9791668678535574,1.0,7.94e-05,0.01,6.666666666666667e-05,43.289291412772904,0.7926989821053453,34.631433130218326
1.9791668678535574,1.0,0.0001,0.01,0.0,43.289291412772904,0.7926989821053453,0.0
1.9791668678535574,1.0,0.000126,0.01,0.0,43.289291412772904,0.7926989821053453,0.0
1.9791668678535574,1.0,0.000158,0.01,0.0,43.289291412772904,0.7926989821053453,0.0
1.9791668678535574,1.0,0.0002,0.01,0.0,43.289291412772904,0.7926989821053453,0.0
1.9791668678535574,1.0,0.000251,0.01,0.0,43.289291412772904,0.7926989821053453,0.0
1.9791668678535574,1.0,0.000316,0.01,0.0,43.289291412772904,0.7926989821053453,0.0
1.9791668678535574,1.0,0.000398,0.01,0.0,43.289291412772904,0.7926989821053453,0.0
1.9791668678535574,1.0,0.000501,0.01,0.0,43.289291412772904,0.7926989821053453,0.0
1.9791668678535574,1.0,0.000631,0.01,0.0,43.289291412772904,0.7926989821053453,0.0
1.9791668678535574,1.0,0.000794,0.01,0.0,43.289291412772904,0.7926989821053453,0.0
1.9791668678535574,1.0,0.001,0.01,0.0,43.289291412772904,0.7926989821053453,0.0
1.9791668678535574,1.0,0.00126,0.01,0.0,43.289291412772904,0.7926989821053453,0.0
1.9791668678535574,1.0,0.00158,0.01,0.0,43.289291412772904,0.7926989821053453,0.0
1.9791668678535574,1.0,0.002,0.01,0.0,43.289291412772904,0.7926989821053453,0.0
1.9791668678535574,1.0,0.00251,0.01,0.0,43.289291412772904,0.7926989821053453,0.0
1.9791668678535574,1.0,0.00316,0.01,0.0,43.289291412772904,0.7926989821053453,0.0
1.9791668678535574,1.0,0.00398,0.01,0.0,43.289291412772904,0.7926989821053453,0.0
1.9791668678535574,1.0,0.00501,0.01,0.0,43.289291412772904,0.7926989821053453,0.0
1.9791668678535574,1.0,0.00631,0.01,0.0,43.289291412772904,0.7926989821053453,0.0
2.072921779595372,1.0,1e-06,0.01,0.0,44.097498257817364,0.8074985947228962,0.0
2.072921779595372,1.0,1.26e-06,0.01,0.0,44.097498257817364,0.8074985947228962,0.0
2.072921779595372,1.0,1.58e-06,0.01,0.0,44.097498257817364,0.8074985947228962,0.0
2.072921779595372,1.0,2e-06,0.01,0.0,44.097498257817364,0.8074985947228962,0.0
2.072921779595372,1.0,2.51e-06,0.01,0.0,44.097498257817364,0.8074985947228962,0.0
2.072921779595372,1.0,3.16e-06,0.01,0.0,44.097498257817364,0.8074985947228962,0.0
2.072921779595372,1.0,3.98e-06,0.01,0.0,44.097498257817364,0.8074985947228962,0.0
2.072921779595372,1.0,5.01e-06,0.01,6.666666666666667e-05,44.097498257817364,0.8074985947228962,35.277998606253895
2.072921779595372,1.0,7.94e-06,0.01,3.3333333333333335e-05,44.097498257817364,0.8074985947228962,17.638999303126948
2.072921779595372,1.0,1e-05,0.01,3.3333333333333335e-05,44.097498257817364,0.8074985947228962,17.638999303126948
2.072921779595372,1.0,1.26e-05,0.01,6.666666666666667e-05,44.097498257817364,0.8074985947228962,35.277998606253895
2.072921779595372,1.0,1.58e-05,0.01,3.3333333333333335e-05,44.097498257817364,0.8074985947228962,17.638999303126948
2.072921779595372,1.0,2e-05,0.01,0.00016666666666666666,44.097498257817364,0.8074985947228962,88.19499651563473
2.072921779595372,1.0,2.51e-05,0.01,0.00016666666666666666,44.097498257817364,0.8074985947228962,88.19499651563473
2.072921779595372,1.0,3.16e-05,0.01,0.0002,44.097498257817364,0.8074985947228962,105.83399581876171
2.072921779595372,1.0,3.98e-05,0.01,0.0003333333333333333,44.097498257817364,0.8074985947228962,176.38999303126946
2.072921779595372,1.0,6.31e-05,0.01,0.0001,44.097498257817364,0.8074985947228962,52.916997909380854
2.072921779595372,1.0,7.94e-05,0.01,6.666666666666667e-05,44.097498257817364,0.8074985947228962,35.277998606253895
2.072921779595372,1.0,0.0001,0.01,0.0,44.097498257817364,0.8074985947228962,0.0
2.072921779595372,1.0,0.000126,0.01,0.0,44.097498257817364,0.8074985947228962,0.0
2.072921779595372,1.0,0.000158,0.01,0.0,44.097498257817364,0.8074985947228962,0.0
2.072921779595372,1.0,0.0002,0.01,0.0,44.097498257817364,0.8074985947228962,0.0
2.072921779595372,1.0,0.000251,0.01,0.0,44.097498257817364,0.8074985947228962,0.0
2.072921779595372,1.0,0.000316,0.01,0.0,44.097498257817364,0.8074985947228962,0.0
2.072921779595372,1.0,0.000398,0.01,0.0,44.097498257817364,0.8074985947228962,0.0
2.072921779595372,1.0,0.000501,0.01,0.0,44.097498257817364,0.8074985947228962,0.0
2.072921779595372,1.0,0.000631,0.01,0.0,44.097498257817364,0.8074985947228962,0.0
2.072921779595372,1.0,0.000794,0.01,0.0,44.097498257817364,0.8074985947228962,0.0
2.072921779595372,1.0,0.001,0.01,0.0,44.097498257817364,0.8074985947228962,0.0
2.072921779595372,1.0,0.00126,0.01,0.0,44.097498257817364,0.8074985947228962,0.0
2.072921779595372,1.0,0.00158,0.01,0.0,44.097498257817364,0.8074985947228962,0.0
2.072921779595372,1.0,0.002,0.01,0.0,44.097498257817364,0.8074985947228962,0.0
2.072921779595372,1.0,0.00251,0.01,0.0,44.097498257817364,0.8074985947228962,0.0
2.072921779595372,1.0,0.00316,0.01,0.0,44.097498257817364,0.8074985947228962,0.0
2.072921779595372,1.0,0.00398,0.01,0.0,44.097498257817364,0.8074985947228962,0.0
2.072921779595372,1.0,0.00501,0.01,0.0,44.097498257817364,0.8074985947228962,0.0
2.072921779595372,1.0,0.00631,0.01,0.0,44.097498257817364,0.8074985947228962,0.0
2.171117945694505,1.0,1e-06,0.01,0.0,44.860999928691676,0.8214795811882746,0.0
2.171117945694505,1.0,1.26e-06,0.01,0.0,44.860999928691676,0.8214795811882746,0.0
2.171117945694505,1.0,1.58e-06,0.01,0.0,44.860999928691676,0.8214795811882746,0.0
2.171117945694505,1.0,2e-06,0.01,0.0,44.860999928691676,0.8214795811882746,0.0
2.171117945694505,1.0,2.51e-06,0.01,0.0,44.860999928691676,0.8214795811882746,0.0
2.171117945694505,1.0,3.16e-06,0.01,0.0,44.860999928691676,0.8214795811882746,0.0
2.171117945694505,1.0,3.98e-06,0.01,0.0,44.860999928691676,0.8214795811882746,0.0
2.171117945694505,1.0,5.01e-06,0.01,6.666666666666667e-05,44.860999928691676,0.8214795811882746,35.88879994295334
2.171117945694505,1.0,7.94e-06,0.01,3.3333333333333335e-05,44.860999928691676,0.8214795811882746,17.94439997147667
2.171117945694505,1.0,1e-05,0.01,3.3333333333333335e-05,44.860999928691676,0.8214795811882746,17.94439997147667
2.171117945694505,1.0,1.26e-05,0.01,6.666666666666667e-05,44.860999928691676,0.8214795811882746,35.88879994295334
2.171117945694505,1.0,1.58e-05,0.01,3.3333333333333335e-05,44.860999928691676,0.8214795811882746,17.94439997147667
2.171117945694505,1.0,2e-05,0.01,0.00016666666666666666,44.860999928691676,0.8214795811882746,89.72199985738335
2.171117945694505,1.0,2.51e-05,0.01,0.00016666666666666666,44.860999928691676,0.8214795811882746,89.72199985738335
2.171117945694505,1.0,3.16e-05,0.01,0.0002,44.860999928691676,0.8214795811882746,107.66639982886002
2.171117945694505,1.0,3.98e-05,0.01,0.0003333333333333333,44.860999928691676,0.8214795811882746,179.4439997147667
2.171117945694505,1.0,6.31e-05,0.01,0.0001,44.860999928691676,0.8214795811882746,53.83319991443001
2.171117945694505,1.0,7.94e-05,0.01,6.666666666666667e-05,44.860999928691676,0.8214795811882746,35.88879994295334
2.171117945694505,1.0,0.0001,0.01,0.0,44.860999928691676,0.8214795811882746,0.0
2.171117945694505,1.0,0.000126,0.01,0.0,44.860999928691676,0.8214795811882746,0.0
2.171117945694505,1.0,0.000158,0.01,0.0,44.860999928691676,0.8214795811882746,0.0
2.171117945694505,1.0,0.0002,0.01,0.0,44.860999928691676,0.8214795811882746,0.0
2.171117945694505,1.0,0.000251,0.01,0.0,44.860999928691676,0.8214795811882746,0.0
2.171117945694505,1.0,0.000316,0.01,0.0,44.860999928691676,0.8214795811882746,0.0
2.171117945694505,1.0,0.000398,0.01,0.0,44.860999928691676,0.8214795811882746,0.0
2.171117945694505,1.0,0.000501,0.01,0.0,44.860999928691676,0.8214795811882746,0.0
2.171117945694505,1.0,0.000631,0.01,0.0,44.860999928691676,0.8214795811882746,0.0
2.171117945694505,1.0,0.000794,0.01,0.0,44.860999928691676,0.8214795811882746,0.0
2.171117945694505,1.0,0.001,0.01,0.0,44.860999928691676,0.8214795811882746,0.0
2.171117945694505,1.0,0.00126,0.01,0.0,44.860999928691676,0.8214795811882746,0.0
2.171117945694505,1.0,0.00158,0.01,0.0,44.860999928691676,0.8214795811882746,0.0
2.171117945694505,1.0,0.002,0.01,0.0,44.860999928691676,0.8214795811882746,0.0
2.171117945694505,1.0,0.00251,0.01,0.0,44.860999928691676,0.8214795811882746,0.0
2.171117945694505,1.0,0.00316,0.01,0.0,44.860999928691676,0.8214795811882746,0.0
2.171117945694505,1.0,0.00398,0.01,0.0,44.860999928691676,0.8214795811882746,0.0
2.171117945694505,1.0,0.00501,0.01,0.0,44.860999928691676,0.8214795811882746,0.0
2.171117945694505,1.0,0.00631,0.01,0.0,44.860999928691676,0.8214795811882746,0.0
2.2739657523579275,1.0,1e-06,0.01,0.0,45.58040452844466,0.8346530768805102,0.0
2.2739657523579275,1.0,1.26e-06,0.01,0.0,45.58040452844466,0.8346530768805102,0.0
2.2739657523579275,1.0,1.58e-06,0.01,0.0,45.58040452844466,0.8346530768805102,0.0
2.2739657523579275,1.0,2e-06,0.01,0.0,45.58040452844466,0.8346530768805102,0.0
2.2739657523579275,1.0,2.51e-06,0.01,0.0,45.58040452844466,0.8346530768805102,0.0
2.2739657523579275,1.0,3.16e-06,0.01,0.0,45.58040452844466,0.8346530768805102,0.0
2.2739657523579275,1.0,3.98e-06,0.01,0.0,45.58040452844466,0.8346530768805102,0.0
2.2739657523579275,1.0,5.01e-06,0.01,6.666666666666667e-05,45.58040452844466,0.8346530768805102,36.46432362275573
2.2739657523579275,1.0,7.94e-06,0.01,3.3333333333333335e-05,45.58040452844466,0.8346530768805102,18.232161811377864
2.2739657523579275,1.0,1e-05,0.01,3.3333333333333335e-05,45.58040452844466,0.8346530768805102,18.232161811377864
2.2739657523579275,1.0,1.26e-05,0.01,6.666666666666667e-05,45.58040452844466,0.8346530768805102,36.46432362275573
2.2739657523579275,1.0,1.58e-05,0.01,3.3333333333333335e-05,45.58040452844466,0.8346530768805102,18.232161811377864
2.2739657523579275,1.0,2e-05,0.01,0.00016666666666666666,45.58040452844466,0.8346530768805102,91.16080905688932
2.2739657523579275,1.0,2.51e-05,0.01,0.00016666666666666666,45.58040452844466,0.8346530768805102,91.16080905688932
2.2739657523579275,1.0,3.16e-05,0.01,0.0002,45.58040452844466,0.8346530768805102,109.39297086826718
2.2739657523579275,1.0,3.98e-05,0.01,0.0003333333333333333,45.58040452844466,0.8346530768805102,182.32161811377864
2.2739657523579275,1.0,6.31e-05,0.01,0.0001,45.58040452844466,0.8346530768805102,54.69648543413359
2.2739657523579275,1.0,7.94e-05,0.01,6.666666666666667e-05,45.58040452844466,0.8346530768805102,36.46432362275573
2.2739657523579275,1.0,0.0001,0.01,0.0,45.58040452844466,0.8346530768805102,0.0
2.2739657523579275,1.0,0.000126,0.01,0.0,45.58040452844466,0.8346530768805102,0.0
2.2739657523579275,1.0,0.000158,0.01,0.0,45.58040452844466,0.8346530768805102,0.0
2.2739657523579275,1.0,0.0002,0.01,0.0,45.58040452844466,0.8346530768805102,0.0
2.2739657523579275,1.0,0.000251,0.01,0.0,45.58040452844466,0.8346530768805102,0.0
2.2739657523579275,1.0,0.000316,0.01,0.0,45.58040452844466,0.8346530768805102,0.0
2.2739657523579275,1.0,0.000398,0.01,0.0,45.58040452844466,0.8346530768805102,0.0
2.2739657523579275,1.0,0.000501,0.01,0.0,45.58040452844466,0.8346530768805102,0.0
2.2739657523579275,1.0,0.000631,0.01,0.0,45.58040452844466,0.8346530768805102,0.0
2.2739657523579275,1.0,0.000794,0.01,0.0,45.58040452844466,0.8346530768805102,0.0
2.2739657523579275,1.0,0.001,0.01,0.0,45.58040452844466,0.8346530768805102,0.0
2.2739657523579275,1.0,0.00126,0.01,0.0,45.58040452844466,0.8346530768805102,0.0
2.2739657523579275,1.0,0.00158,0.01,0.0,45.58040452844466,0.8346530768805102,0.0
2.2739657523579275,1.0,0.002,0.01,0.0,45.58040452844466,0.8346530768805102,0.0
2.2739657523579275,1.0,0.00251,0.01,0.0,45.58040452844466,0.8346530768805102,0.0
2.2739657523579275,1.0,0.00316,0.01,0.0,45.58040452844466,0.8346530768805102,0.0
2.2739657523579275,1.0,0.00398,0.01,0.0,45.58040452844466,0.8346530768805102,0.0
2.2739657523579275,1.0,0.00501,0.01,0.0,45.58040452844466,0.8346530768805102,0.0
2.2739657523579275,1.0,0.00631,0.01,0.0,45.58040452844466,0.8346530768805102,0.0
2.381685551976158,1.0,1e-06,0.01,0.0,46.25660743498354,0.847035477659468,0.0
2.381685551976158,1.0,1.26e-06,0.01,0.0,46.25660743498354,0.847035477659468,0.0
2.381685551976158,1.0,1.58e-06,0.01,0.0,46.25660743498354,0.847035477659468,0.0
2.381685551976158,1.0,2e-06,0.01,0.0,46.25660743498354,0.847035477659468,0.0
2.381685551976158,1.0,2.51e-06,0.01,0.0,46.25660743498354,0.847035477659468,0.0
2.381685551976158,1.0,3.16e-06,0.01,0.0,46.25660743498354,0.847035477659468,0.0
2.381685551976158,1.0,3.98e-06,0.01,0.0,46.25660743498354,0.847035477659468,0.0
2.381685551976158,1.0,5.01e-06,0.01,6.666666666666667e-05,46.25660743498354,0.847035477659468,37.005285947986835
2.381685551976158,1.0,7.94e-06,0.01,3.3333333333333335e-05,46.25660743498354,0.847035477659468,18.502642973993417
2.381685551976158,1.0,1e-05,0.01,3.3333333333333335e-05,46.25660743498354,0.847035477659468,18.502642973993417
2.381685551976158,1.0,1.26e-05,0.01,6.666666666666667e-05,46.25660743498354,0.847035477659468,37.005285947986835
2.381685551976158,1.0,1.58e-05,0.01,3.3333333333333335e-05,46.25660743498354,0.847035477659468,18.502642973993417
2.381685551976158,1.0,2e-05,0.01,0.00016666666666666666,46.25660743498354,0.847035477659468,92.5132148699671
2.381685551976158,1.0,2.51e-05,0.01,0.00016666666666666666,46.25660743498354,0.847035477659468,92.5132148699671
2.381685551976158,1.0,3.16e-05,0.01,0.0002,46.25660743498354,0.847035477659468,111.01585784396053
2.381685551976158,1.0,3.98e-05,0.01,0.0003333333333333333,46.25660743498354,0.847035477659468,185.0264297399342
2.381685551976158,1.0,6.31e-05,0.01,0.0001,46.25660743498354,0.847035477659468,55.507928921980266
2.381685551976158,1.0,7.94e-05,0.01,6.666666666666667e-05,46.25660743498354,0.847035477659468,37.005285947986835
2.381685551976158,1.0,0.0001,0.01,0.0,46.25660743498354,0.847035477659468,0.0
2.381685551976158,1.0,0.000126,0.01,0.0,46.25660743498354,0.847035477659468,0.0
2.381685551976158,1.0,0.000158,0.01,0.0,46.25660743498354,0.847035477659468,0.0
2.381685551976158,1.0,0.0002,0.01,0.0,46.25660743498354,0.847035477659468,0.0
2.381685551976158,1.0,0.000251,0.01,0.0,46.25660743498354,0.847035477659468,0.0
2.381685551976158,1.0,0.000316,0.01,0.0,46.25660743498354,0.847035477659468,0.0
2.381685551976158,1.0,0.000398,0.01,0.0,46.25660743498354,0.847035477659468,0.0
2.381685551976158,1.0,0.000501,0.01,0.0,46.25660743498354,0.847035477659468,0.0
2.381685551976158,1.0,0.000631,0.01,0.0,46.25660743498354,0.847035477659468,0.0
2.381685551976158,1.0,0.000794,0.01,0.0,46.25660743498354,0.847035477659468,0.0
2.381685551976158,1.0,0.001,0.01,0.0,46.25660743498354,0.847035477659468,0.0
2.381685551976158,1.0,0.00126,0.01,0.0,46.25660743498354,0.847035477659468,0.0
2.381685551976158,1.0,0.00158,0.01,0.0,46.25660743498354,0.847035477659468,0.0
2.381685551976158,1.0,0.002,0.01,0.0,46.25660743498354,0.847035477659468,0.0
2.381685551976158,1.0,0.00251,0.01,0.0,46.25660743498354,0.847035477659468,0.0
2.381685551976158,1.0,0.00316,0.01,0.0,46.25660743498354,0.847035477659468,0.0
2.381685551976158,1.0,0.00398,0.01,0.0,46.25660743498354,0.847035477659468,0.0
2.381685551976158,1.0,0.00501,0.01,0.0,46.25660743498354,0.847035477659468,0.0
2.381685551976158,1.0,0.00631,0.01,0.0,46.25660743498354,0.847035477659468,0.0
2.4945081352303164,1.0,1e-06,0.01,0.0,46.89074722780329,0.8586476328109007,0.0
2.4945081352303164,1.0,1.26e-06,0.01,0.0,46.89074722780329,0.8586476328109007,0.0
2.4945081352303164,1.0,1.58e-06,0.01,0.0,46.89074722780329,0.8586476328109007,0.0
2.4945081352303164,1.0,2e-06,0.01,0.0,46.89074722780329,0.8586476328109007,0.0
2.4945081352303164,1.0,2.51e-06,0.01,0.0,46.89074722780329,0.8586476328109007,0.0
2.4945081352303164,1.0,3.16e-06,0.01,0.0,46.89074722780329,0.8586476328109007,0.0
2.4945081352303164,1.0,3.98e-06,0.01,0.0,46.89074722780329,0.8586476328109007,0.0
2.4945081352303164,1.0,5.01e-06,0.01,6.666666666666667e-05,46.89074722780329,0.8586476328109007,37.512597782242636
2.4945081352303164,1.0,7.94e-06,0.01,3.3333333333333335e-05,46.89074722780329,0.8586476328109007,18.756298891121318
2.4945081352303164,1.0,1e-05,0.01,3.3333333333333335e-05,46.89074722780329,0.8586476328109007,18.756298891121318
2.4945081352303164,1.0,1.26e-05,0.01,6.666666666666667e-05,46.89074722780329,0.8586476328109007,37.512597782242636
2.4945081352303164,1.0,1.58e-05,0.01,3.3333333333333335e-05,46.89074722780329,0.8586476328109007,18.756298891121318
2.4945081352303164,1.0,2e-05,0.01,0.00016666666666666666,46.89074722780329,0.8586476328109007,93.78149445560659
2.4945081352303164,1.0,2.51e-05,0.01,0.00016666666666666666,46.89074722780329,0.8586476328109007,93.78149445560659
2.4945081352303164,1.0,3.16e-05,0.01,0.0002,46.89074722780329,0.8586476328109007,112.53779334672791
2.4945081352303164,1.0,3.98e-05,0.01,0.0003333333333333333,46.89074722780329,0.8586476328109007,187.56298891121318
2.4945081352303164,1.0,6.31e-05,0.01,0.0001,46.89074722780329,0.8586476328109007,56.268896673363955
2.4945081352303164,1.0,7.94e-05,0.01,6.666666666666667e-05,46.89074722780329,0.8586476328109007,37.512597782242636
2.4945081352303164,1.0,0.0001,0.01,0.0,46.89074722780329,0.8586476328109007,0.0
2.4945081352303164,1.0,0.000126,0.01,0.0,46.89074722780329,0.8586476328109007,0.0
2.4945081352303164,1.0,0.000158,0.01,0.0,46.89074722780329,0.8586476328109007,0.0
2.4945081352303164,1.0,0.0002,0.01,0.0,46.89074722780329,0.8586476328109007,0.0
2.4945081352303164,1.0,0.000251,0.01,0.0,46.89074722780329,0.8586476328109007,0.0
2.4945081352303164,1.0,0.000316,0.01,0.0,46.89074722780329,0.8586476328109007,0.0
2.4945081352303164,1.0,0.000398,0.01,0.0,46.89074722780329,0.8586476328109007,0.0
2.4945081352303164,1.0,0.000501,0.01,0.0,46.89074722780329,0.8586476328109007,0.0
2.4945081352303164,1.0,0.000631,0.01,0.0,46.89074722780329,0.8586476328109007,0.0
2.4945081352303164,1.0,0.000794,0.01,0.0,46.89074722780329,0.8586476328109007,0.0
2.4945081352303164,1.0,0.001,0.01,0.0,46.89074722780329,0.8586476328109007,0.0
2.4945081352303164,1.0,0.00126,0.01,0.0,46.89074722780329,0.8586476328109007,0.0
2.4945081352303164,1.0,0.00158,0.01,0.0,46.89074722780329,0.8586476328109007,0.0
2.4945081352303164,1.0,0.002,0.01,0.0,46.89074722780329,0.8586476328109007,0.0
2.4945081352303164,1.0,0.00251,0.01,0.0,46.89074722780329,0.8586476328109007,0.0
2.4945081352303164,1.0,0.00316,0.01,0.0,46.89074722780329,0.8586476328109007,0.0
2.4945081352303164,1.0,0.00398,0.01,0.0,46.89074722780329,0.8586476328109007,0.0
2.4945081352303164,1.0,0.00501,0.01,0.0,46.89074722780329,0.8586476328109007,0.0
2.4945081352303164,1.0,0.00631,0.01,0.0,46.89074722780329,0.8586476328109007,0.0
2.612675225563329,1.0,1e-06,0.01,0.0,47.48416289753046,0.8695140614819714,0.0
2.612675225563329,1.0,1.26e-06,0.01,0.0,47.48416289753046,0.8695140614819714,0.0
2.612675225563329,1.0,1.58e-06,0.01,0.0,47.48416289753046,0.8695140614819714,0.0
2.612675225563329,1.0,2e-06,0.01,0.0,47.48416289753046,0.8695140614819714,0.0
2.612675225563329,1.0,2.51e-06,0.01,0.0,47.48416289753046,0.8695140614819714,0.0
2.612675225563329,1.0,3.16e-06,0.01,0.0,47.48416289753046,0.8695140614819714,0.0
2.612675225563329,1.0,3.98e-06,0.01,0.0,47.48416289753046,0.8695140614819714,0.0
2.612675225563329,1.0,5.01e-06,0.01,6.666666666666667e-05,47.48416289753046,0.8695140614819714,37.98733031802436
2.612675225563329,1.0,7.94e-06,0.01,3.3333333333333335e-05,47.48416289753046,0.8695140614819714,18.99366515901218
2.612675225563329,1.0,1e-05,0.01,3.3333333333333335e-05,47.48416289753046,0.8695140614819714,18.99366515901218
2.612675225563329,1.0,1.26e-05,0.01,6.666666666666667e-05,47.48416289753046,0.8695140614819714,37.98733031802436
2.612675225563329,1.0,1.58e-05,0.01,3.3333333333333335e-05,47.48416289753046,0.8695140614819714,18.99366515901218
2.612675225563329,1.0,2e-05,0.01,0.00016666666666666666,47.48416289753046,0.8695140614819714,94.9683257950609
2.612675225563329,1.0,2.51e-05,0.01,0.00016666666666666666,47.48416289753046,0.8695140614819714,94.9683257950609
2.612675225563329,1.0,3.16e-05,0.01,0.0002,47.48416289753046,0.8695140614819714,113.9619909540731
2.612675225563329,1.0,3.98e-05,0.01,0.0003333333333333333,47.48416289753046,0.8695140614819714,189.9366515901218
2.612675225563329,1.0,6.31e-05,0.01,0.0001,47.48416289753046,0.8695140614819714,56.98099547703655
2.612675225563329,1.0,7.94e-05,0.01,6.666666666666667e-05,47.48416289753046,0.8695140614819714,37.98733031802436
2.612675225563329,1.0,0.0001,0.01,0.0,47.48416289753046,0.8695140614819714,0.0
2.612675225563329,1.0,0.000126,0.01,0.0,47.48416289753046,0.8695140614819714,0.0
2.612675225563329,1.0,0.000158,0.01,0.0,47.48416289753046,0.8695140614819714,0.0
2.612675225563329,1.0,0.0002,0.01,0.0,47.48416289753046,0.8695140614819714,0.0
2.612675225563329,1.0,0.000251,0.01,0.0,47.48416289753046,0.8695140614819714,0.0
2.612675225563329,1.0,0.000316,0.01,0.0,47.48416289753046,0.8695140614819714,0.0
2.612675225563329,1.0,0.000398,0.01,0.0,47.48416289753046,0.8695140614819714,0.0
2.612675225563329,1.0,0.000501,0.01,0.0,47.48416289753046,0.8695140614819714,0.0
2.612675225563329,1.0,0.000631,0.01,0.0,47.48416289753046,0.8695140614819714,0.0
2.612675225563329,1.0,0.000794,0.01,0.0,47.48416289753046,0.8695140614819714,0.0
2.612675225563329,1.0,0.001,0.01,0.0,47.48416289753046,0.8695140614819714,0.0
2.612675225563329,1.0,0.00126,0.01,0.0,47.48416289753046,0.8695140614819714,0.0
2.612675225563329,1.0,0.00158,0.01,0.0,47.48416289753046,0.8695140614819714,0.0
2.612675225563329,1.0,0.002,0.01,0.0,47.48416289753046,0.8695140614819714,0.0
2.612675225563329,1.0,0.00251,0.01,0.0,47.48416289753046,0.8695140614819714,0.0
2.612675225563329,1.0,0.00316,0.01,0.0,47.48416289753046,0.8695140614819714,0.0
2.612675225563329,1.0,0.00398,0.01,0.0,47.48416289753046,0.8695140614819714,0.0
2.612675225563329,1.0,0.00501,0.01,0.0,47.48416289753046,0.8695140614819714,0.0
2.612675225563329,1.0,0.00631,0.01,0.0,47.48416289753046,0.8695140614819714,0.0
2.736439997074672,1.0,1e-06,0.01,0.0,48.03835325236357,0.8796622093456065,0.0
2.736439997074672,1.0,1.26e-06,0.01,0.0,48.03835325236357,0.8796622093456065,0.0
2.736439997074672,1.0,1.58e-06,0.01,0.0,48.03835325236357,0.8796622093456065,0.0
2.736439997074672,1.0,2e-06,0.01,0.0,48.03835325236357,0.8796622093456065,0.0
2.736439997074672,1.0,2.51e-06,0.01,0.0,48.03835325236357,0.8796622093456065,0.0
2.736439997074672,1.0,3.16e-06,0.01,0.0,48.03835325236357,0.8796622093456065,0.0
2.736439997074672,1.0,3.98e-06,0.01,0.0,48.03835325236357,0.8796622093456065,0.0
2.736439997074672,1.0,5.01e-06,0.01,6.666666666666667e-05,48.03835325236357,0.8796622093456065,38.43068260189086
2.736439997074672,1.0,7.94e-06,0.01,3.3333333333333335e-05,48.03835325236357,0.8796622093456065,19.21534130094543
2.736439997074672,1.0,1e-05,0.01,3.3333333333333335e-05,48.03835325236357,0.8796622093456065,19.21534130094543
2.736439997074672,1.0,1.26e-05,0.01,6.666666666666667e-05,48.03835325236357,0.8796622093456065,38.43068260189086
2.736439997074672,1.0,1.58e-05,0.01,3.3333333333333335e-05,48.03835325236357,0.8796622093456065,19.21534130094543
2.736439997074672,1.0,2e-05,0.01,0.00016666666666666666,48.03835325236357,0.8796622093456065,96.07670650472714
2.736439997074672,1.0,2.51e-05,0.01,0.00016666666666666666,48.03835325236357,0.8796622093456065,96.07670650472714
2.736439997074672,1.0,3.16e-05,0.01,0.0002,48.03835325236357,0.8796622093456065,115.29204780567257
2.736439997074672,1.0,3.98e-05,0.01,0.0003333333333333333,48.03835325236357,0.8796622093456065,192.15341300945428
2.736439997074672,1.0,6.31e-05,0.01,0.0001,48.03835325236357,0.8796622093456065,57.64602390283628
2.736439997074672,1.0,7.94e-05,0.01,6.666666666666667e-05,48.03835325236357,0.8796622093456065,38.43068260189086
2.736439997074672,1.0,0.0001,0.01,0.0,48.03835325236357,0.8796622093456065,0.0
2.736439997074672,1.0,0.000126,0.01,0.0,48.03835325236357,0.8796622093456065,0.0
2.736439997074672,1.0,0.000158,0.01,0.0,48.03835325236357,0.8796622093456065,0.0
2.736439997074672,1.0,0.0002,0.01,0.0,48.03835325236357,0.8796622093456065,0.0
2.736439997074672,1.0,0.000251,0.01,0.0,48.03835325236357,0.8796622093456065,0.0
2.736439997074672,1.0,0.000316,0.01,0.0,48.03835325236357,0.8796622093456065,0.0
2.736439997074672,1.0,0.000398,0.01,0.0,48.03835325236357,0.8796622093456065,0.0
2.736439997074672,1.0,0.000501,0.01,0.0,48.03835325236357,0.8796622093456065,0.0
2.736439997074672,1.0,0.000631,0.01,0.0,48.03835325236357,0.8796622093456065,0.0
2.736439997074672,1.0,0.000794,0.01,0.0,48.03835325236357,0.8796622093456065,0.0
2.736439997074672,1.0,0.001,0.01,0.0,48.03835325236357,0.8796622093456065,0.0
2.736439997074672,1.0,0.00126,0.01,0.0,48.03835325236357,0.8796622093456065,0.0
2.736439997074672,1.0,0.00158,0.01,0.0,48.03835325236357,0.8796622093456065,0.0
2.736439997074672,1.0,0.002,0.01,0.0,48.03835325236357,0.8796622093456065,0.0
2.736439997074672,1.0,0.00251,0.01,0.0,48.03835325236357,0.8796622093456065,0.0
2.736439997074672,1.0,0.00316,0.01,0.0,48.03835325236357,0.8796622093456065,0.0
2.736439997074672,1.0,0.00398,0.01,0.0,48.03835325236357,0.8796622093456065,0.0
2.736439997074672,1.0,0.00501,0.01,0.0,48.03835325236357,0.8796622093456065,0.0
2.736439997074672,1.0,0.00631,0.01,0.0,48.03835325236357,0.8796622093456065,0.0
2.8660676169482504,1.0,1e-06,0.01,0.0,48.554939197939305,0.8891217578820602,0.0
2.8660676169482504,1.0,1.26e-06,0.01,0.0,48.554939197939305,0.8891217578820602,0.0
2.8660676169482504,1.0,1.58e-06,0.01,0.0,48.554939197939305,0.8891217578820602,0.0
2.8660676169482504,1.0,2e-06,0.01,0.0,48.554939197939305,0.8891217578820602,0.0
2.8660676169482504,1.0,2.51e-06,0.01,0.0,48.554939197939305,0.8891217578820602,0.0
2.8660676169482504,1.0,3.16e-06,0.01,0.0,48.554939197939305,0.8891217578820602,0.0
2.8660676169482504,1.0,3.98e-06,0.01,0.0,48.554939197939305,0.8891217578820602,0.0
2.8660676169482504,1.0,5.01e-06,0.01,6.666666666666667e-05,48.554939197939305,0.8891217578820602,38.843951358351454
2.8660676169482504,1.0,7.94e-06,0.01,3.3333333333333335e-05,48.554939197939305,0.8891217578820602,19.421975679175727
2.8660676169482504,1.0,1e-05,0.01,3.3333333333333335e-05,48.554939197939305,0.8891217578820602,19.421975679175727
2.8660676169482504,1.0,1.26e-05,0.01,6.666666666666667e-05,48.554939197939305,0.8891217578820602,38.843951358351454
2.8660676169482504,1.0,1.58e-05,0.01,3.3333333333333335e-05,48.554939197939305,0.8891217578820602,19.421975679175727
2.8660676169482504,1.0,2e-05,0.01,0.00016666666666666666,48.554939197939305,0.8891217578820602,97.10987839587862
2.8660676169482504,1.0,2.51e-05,0.01,0.00016666666666666666,48.554939197939305,0.8891217578820602,97.10987839587862
2.8660676169482504,1.0,3.16e-05,0.01,0.0002,48.554939197939305,0.8891217578820602,116.53185407505435
2.8660676169482504,1.0,3.98e-05,0.01,0.0003333333333333333,48.554939197939305,0.8891217578820602,194.21975679175725
2.8660676169482504,1.0,6.31e-05,0.01,0.0001,48.554939197939305,0.8891217578820602,58.26592703752718
2.8660676169482504,1.0,7.94e-05,0.01,6.666666666666667e-05,48.554939197939305,0.8891217578820602,38.843951358351454
2.8660676169482504,1.0,0.0001,0.01,0.0,48.554939197939305,0.8891217578820602,0.0
2.8660676169482504,1.0,0.000126,0.01,0.0,48.554939197939305,0.8891217578820602,0.0
2.8660676169482504,1.0,0.000158,0.01,0.0,48.554939197939305,0.8891217578820602,0.0
2.8660676169482504,1.0,0.0002,0.01,0.0,48.554939197939305,0.8891217578820602,0.0
2.8660676169482504,1.0,0.000251,0.01,0.0,48.554939197939305,0.8891217578820602,0.0
2.8660676169482504,1.0,0.000316,0.01,0.0,48.554939197939305,0.8891217578820602,0.0
2.8660676169482504,1.0,0.000398,0.01,0.0,48.554939197939305,0.8891217578820602,0.0
2.8660676169482504,1.0,0.000501,0.01,0.0,48.554939197939305,0.8891217578820602,0.0
2.8660676169482504,1.0,0.000631,0.01,0.0,48.554939197939305,0.8891217578820602,0.0
2.8660676169482504,1.0,0.000794,0.01,0.0,48.554939197939305,0.8891217578820602,0.0
2.8660676169482504,1.0,0.001,0.01,0.0,48.554939197939305,0.8891217578820602,0.0
2.8660676169482504,1.0,0.00126,0.01,0.0,48.554939197939305,0.8891217578820602,0.0
2.8660676169482504,1.0,0.00158,0.01,0.0,48.554939197939305,0.8891217578820602,0.0
2.8660676169482504,1.0,0.002,0.01,0.0,48.554939197939305,0.8891217578820602,0.0
2.8660676169482504,1.0,0.00251,0.01,0.0,48.554939197939305,0.8891217578820602,0.0
2.8660676169482504,1.0,0.00316,0.01,0.0,48.554939197939305,0.8891217578820602,0.0
2.8660676169482504,1.0,0.00398,0.01,0.0,48.554939197939305,0.8891217578820602,0.0
2.8660676169482504,1.0,0.00501,0.01,0.0,48.554939197939305,0.8891217578820602,0.0
2.8660676169482504,1.0,0.00631,0.01,0.0,48.554939197939305,0.8891217578820602,0.0
3.001835813575589,1.0,1e-06,0.01,0.0,49.03562934867655,0.8979239946653828,0.0
3.001835813575589,1.0,1.26e-06,0.01,0.0,49.03562934867655,0.8979239946653828,0.0
3.001835813575589,1.0,1.58e-06,0.01,0.0,49.03562934867655,0.8979239946653828,0.0
3.001835813575589,1.0,2e-06,0.01,0.0,49.03562934867655,0.8979239946653828,0.0
3.001835813575589,1.0,2.51e-06,0.01,0.0,49.03562934867655,0.8979239946653828,0.0
3.001835813575589,1.0,3.16e-06,0.01,0.0,49.03562934867655,0.8979239946653828,0.0
3.001835813575589,1.0,3.98e-06,0.01,0.0,49.03562934867655,0.8979239946653828,0.0
3.001835813575589,1.0,5.01e-06,0.01,6.666666666666667e-05,49.03562934867655,0.8979239946653828,39.22850347894124
3.001835813575589,1.0,7.94e-06,0.01,3.3333333333333335e-05,49.03562934867655,0.8979239946653828,19.61425173947062
3.001835813575589,1.0,1e-05,0.01,3.3333333333333335e-05,49.03562934867655,0.8979239946653828,19.61425173947062
3.001835813575589,1.0,1.26e-05,0.01,6.666666666666667e-05,49.03562934867655,0.8979239946653828,39.22850347894124
3.001835813575589,1.0,1.58e-05,0.01,3.3333333333333335e-05,49.03562934867655,0.8979239946653828,19.61425173947062
3.001835813575589,1.0,2e-05,0.01,0.00016666666666666666,49.03562934867655,0.8979239946653828,98.0712586973531
3.001835813575589,1.0,2.51e-05,0.01,0.00016666666666666666,49.03562934867655,0.8979239946653828,98.0712586973531
3.001835813575589,1.0,3.16e-05,0.01,0.0002,49.03562934867655,0.8979239946653828,117.68551043682373
3.001835813575589,1.0,3.98e-05,0.01,0.0003333333333333333,49.03562934867655,0.8979239946653828,196.1425173947062
3.001835813575589,1.0,6.31e-05,0.01,0.0001,49.03562934867655,0.8979239946653828,58.84275521841187
3.001835813575589,1.0,7.94e-05,0.01,6.666666666666667e-05,49.03562934867655,0.8979239946653828,39.22850347894124
3.001835813575589,1.0,0.0001,0.01,0.0,49.03562934867655,0.8979239946653828,0.0
3.001835813575589,1.0,0.000126,0.01,0.0,49.03562934867655,0.8979239946653828,0.0
3.001835813575589,1.0,0.000158,0.01,0.0,49.03562934867655,0.8979239946653828,0.0
3.001835813575589,1.0,0.0002,0.01,0.0,49.03562934867655,0.8979239946653828,0.0
3.001835813575589,1.0,0.000251,0.01,0.0,49.03562934867655,0.8979239946653828,0.0
3.001835813575589,1.0,0.000316,0.01,0.0,49.03562934867655,0.8979239946653828,0.0
3.001835813575589,1.0,0.000398,0.01,0.0,49.03562934867655,0.8979239946653828,0.0
3.001835813575589,1.0,0.000501,0.01,0.0,49.03562934867655,0.8979239946653828,0.0
3.001835813575589,1.0,0.000631,0.01,0.0,49.03562934867655,0.8979239946653828,0.0
3.001835813575589,1.0,0.000794,0.01,0.0,49.03562934867655,0.8979239946653828,0.0
3.001835813575589,1.0,0.001,0.01,0.0,49.03562934867655,0.8979239946653828,0.0
3.001835813575589,1.0,0.00126,0.01,0.0,49.03562934867655,0.8979239946653828,0.0
3.001835813575589,1.0,0.00158,0.01,0.0,49.03562934867655,0.8979239946653828,0.0
3.001835813575589,1.0,0.002,0.01,0.0,49.03562934867655,0.8979239946653828,0.0
3.001835813575589,1.0,0.00251,0.01,0.0,49.03562934867655,0.8979239946653828,0.0
3.001835813575589,1.0,0.00316,0.01,0.0,49.03562934867655,0.8979239946653828,0.0
3.001835813575589,1.0,0.00398,0.01,0.0,49.03562934867655,0.8979239946653828,0.0
3.001835813575589,1.0,0.00501,0.01,0.0,49.03562934867655,0.8979239946653828,0.0
3.001835813575589,1.0,0.00631,0.01,0.0,49.03562934867655,0.8979239946653828,0.0
3.1440354715915,1.0,1e-06,0.01,0.0,49.48218923622948,0.9061012495189431,0.0
3.1440354715915,1.0,1.26e-06,0.01,0.0,49.48218923622948,0.9061012495189431,0.0
3.1440354715915,1.0,1.58e-06,0.01,0.0,49.48218923622948,0.9061012495189431,0.0
3.1440354715915,1.0,2e-06,0.01,0.0,49.48218923622948,0.9061012495189431,0.0
3.1440354715915,1.0,2.51e-06,0.01,0.0,49.48218923622948,0.9061012495189431,0.0
3.1440354715915,1.0,3.16e-06,0.01,0.0,49.48218923622948,0.9061012495189431,0.0
3.1440354715915,1.0,3.98e-06,0.01,0.0,49.48218923622948,0.9061012495189431,0.0
3.1440354715915,1.0,5.01e-06,0.01,6.666666666666667e-05,49.48218923622948,0.9061012495189431,39.58575138898359
3.1440354715915,1.0,7.94e-06,0.01,3.3333333333333335e-05,49.48218923622948,0.9061012495189431,19.792875694491794
3.1440354715915,1.0,1e-05,0.01,3.3333333333333335e-05,49.48218923622948,0.9061012495189431,19.792875694491794
3.1440354715915,1.0,1.26e-05,0.01,6.666666666666667e-05,49.48218923622948,0.9061012495189431,39.58575138898359
3.1440354715915,1.0,1.58e-05,0.01,3.3333333333333335e-05,49.48218923622948,0.9061012495189431,19.792875694491794
3.1440354715915,1.0,2e-05,0.01,0.00016666666666666666,49.48218923622948,0.9061012495189431,98.96437847245896
3.1440354715915,1.0,2.51e-05,0.01,0.00016666666666666666,49.48218923622948,0.9061012495189431,98.96437847245896
3.1440354715915,1.0,3.16e-05,0.01,0.0002,49.48218923622948,0.9061012495189431,118.75725416695076
3.1440354715915,1.0,3.98e-05,0.01,0.0003333333333333333,49.48218923622948,0.9061012495189431,197.92875694491792
3.1440354715915,1.0,6.31e-05,0.01,0.0001,49.48218923622948,0.9061012495189431,59.37862708347538
3.1440354715915,1.0,7.94e-05,0.01,6.666666666666667e-05,49.48218923622948,0.9061012495189431,39.58575138898359
3.1440354715915,1.0,0.0001,0.01,0.0,49.48218923622948,0.9061012495189431,0.0
3.1440354715915,1.0,0.000126,0.01,0.0,49.48218923622948,0.9061012495189431,0.0
3.1440354715915,1.0,0.000158,0.01,0.0,49.48218923622948,0.9061012495189431,0.0
3.1440354715915,1.0,0.0002,0.01,0.0,49.48218923622948,0.9061012495189431,0.0
3.1440354715915,1.0,0.000251,0.01,0.0,49.48218923622948,0.9061012495189431,0.0
3.1440354715915,1.0,0.000316,0.01,0.0,49.48218923622948,0.9061012495189431,0.0
3.1440354715915,1.0,0.000398,0.01,0.0,49.48218923622948,0.9061012495189431,0.0
3.1440354715915,1.0,0.000501,0.01,0.0,49.48218923622948,0.9061012495189431,0.0
3.1440354715915,1.0,0.000631,0.01,0.0,49.48218923622948,0.9061012495189431,0.0
3.1440354715915,1.0,0.000794,0.01,0.0,49.48218923622948,0.9061012495189431,0.0
3.1440354715915,1.0,0.001,0.01,0.0,49.48218923622948,0.9061012495189431,0.0
3.1440354715915,1.0,0.00126,0.01,0.0,49.48218923622948,0.9061012495189431,0.0
3.1440354715915,1.0,0.00158,0.01,0.0,49.48218923622948,0.9061012495189431,0.0
3.1440354715915,1.0,0.002,0.01,0.0,49.48218923622948,0.9061012495189431,0.0
3.1440354715915,1.0,0.00251,0.01,0.0,49.48218923622948,0.9061012495189431,0.0
3.1440354715915,1.0,0.00316,0.01,0.0,49.48218923622948,0.9061012495189431,0.0
3.1440354715915,1.0,0.00398,0.01,0.0,49.48218923622948,0.9061012495189431,0.0
3.1440354715915,1.0,0.00501,0.01,0.0,49.48218923622948,0.9061012495189431,0.0
3.1440354715915,1.0,0.00631,0.01,0.0,49.48218923622948,0.9061012495189431,0.0
3.2929712550971515,1.0,1e-06,0.01,0.0,49.896414218004864,0.913686398425286,0.0
3.2929712550971515,1.0,1.26e-06,0.01,0.0,49.896414218004864,0.913686398425286,0.0
3.2929712550971515,1.0,1.58e-06,0.01,0.0,49.896414218004864,0.913686398425286,0.0
3.2929712550971515,1.0,2e-06,0.01,0.0,49.896414218004864,0.913686398425286,0.0
3.2929712550971515,1.0,2.51e-06,0.01,0.0,49.896414218004864,0.913686398425286,0.0
3.2929712550971515,1.0,3.16e-06,0.01,0.0,49.896414218004864,0.913686398425286,0.0
3.2929712550971515,1.0,3.98e-06,0.01,0.0,49.896414218004864,0.913686398425286,0.0
3.2929712550971515,1.0,5.01e-06,0.01,6.666666666666667e-05,49.896414218004864,0.913686398425286,39.917131374403894
3.2929712550971515,1.0,7.94e-06,0.01,3.3333333333333335e-05,49.896414218004864,0.913686398425286,19.958565687201947
3.2929712550971515,1.0,1e-05,0.01,3.3333333333333335e-05,49.896414218004864,0.913686398425286,19.958565687201947
3.2929712550971515,1.0,1.26e-05,0.01,6.666666666666667e-05,49.896414218004864,0.913686398425286,39.917131374403894
3.2929712550971515,1.0,1.58e-05,0.01,3.3333333333333335e-05,49.896414218004864,0.913686398425286,19.958565687201947
3.2929712550971515,1.0,2e-05,0.01,0.00016666666666666666,49.896414218004864,0.913686398425286,99.79282843600973
3.2929712550971515,1.0,2.51e-05,0.01,0.00016666666666666666,49.896414218004864,0.913686398425286,99.79282843600973
3.2929712550971515,1.0,3.16e-05,0.01,0.0002,49.896414218004864,0.913686398425286,119.7513941232117
3.2929712550971515,1.0,3.98e-05,0.01,0.0003333333333333333,49.896414218004864,0.913686398425286,199.58565687201946
3.2929712550971515,1.0,6.31e-05,0.01,0.0001,49.896414218004864,0.913686398425286,59.87569706160585
3.2929712550971515,1.0,7.94e-05,0.01,6.666666666666667e-05,49.896414218004864,0.913686398425286,39.917131374403894
3.2929712550971515,1.0,0.0001,0.01,0.0,49.896414218004864,0.913686398425286,0.0
3.2929712550971515,1.0,0.000126,0.01,0.0,49.896414218004864,0.913686398425286,0.0
3.2929712550971515,1.0,0.000158,0.01,0.0,49.896414218004864,0.913686398425286,0.0
3.2929712550971515,1.0,0.0002,0.01,0.0,49.896414218004864,0.913686398425286,0.0
3.2929712550971515,1.0,0.000251,0.01,0.0,49.896414218004864,0.913686398425286,0.0
3.2929712550971515,1.0,0.000316,0.01,0.0,49.896414218004864,0.913686398425286,0.0
3.2929712550971515,1.0,0.000398,0.01,0.0,49.896414218004864,0.913686398425286,0.0
3.2929712550971515,1.0,0.000501,0.01,0.0,49.896414218004864,0.913686398425286,0.0
3.2929712550971515,1.0,0.000631,0.01,0.0,49.896414218004864,0.913686398425286,0.0
3.2929712550971515,1.0,0.000794,0.01,0.0,49.896414218004864,0.913686398425286,0.0
3.2929712550971515,1.0,0.001,0.01,0.0,49.896414218004864,0.913686398425286,0.0
3.2929712550971515,1.0,0.00126,0.01,0.0,49.896414218004864,0.913686398425286,0.0
3.2929712550971515,1.0,0.00158,0.01,0.0,49.896414218004864,0.913686398425286,0.0
3.2929712550971515,1.0,0.002,0.01,0.0,49.896414218004864,0.913686398425286,0.0
3.2929712550971515,1.0,0.00251,0.01,0.0,49.896414218004864,0.913686398425286,0.0
3.2929712550971515,1.0,0.00316,0.01,0.0,49.896414218004864,0.913686398425286,0.0
3.2929712550971515,1.0,0.00398,0.01,0.0,49.896414218004864,0.913686398425286,0.0
3.2929712550971515,1.0,0.00501,0.01,0.0,49.896414218004864,0.913686398425286,0.0
3.2929712550971515,1.0,0.00631,0.01,0.0,49.896414218004864,0.913686398425286,0.0
3.44896226040576,1.0,1e-06,0.01,0.0,50.280106056768695,0.9207124346597454,0.0
3.44896226040576,1.0,1.26e-06,0.01,0.0,50.280106056768695,0.9207124346597454,0.0
3.44896226040576,1.0,1.58e-06,0.01,0.0,50.280106056768695,0.9207124346597454,0.0
3.44896226040576,1.0,2e-06,0.01,0.0,50.280106056768695,0.9207124346597454,0.0
3.44896226040576,1.0,2.51e-06,0.01,0.0,50.280106056768695,0.9207124346597454,0.0
3.44896226040576,1.0,3.16e-06,0.01,0.0,50.280106056768695,0.9207124346597454,0.0
3.44896226040576,1.0,3.98e-06,0.01,0.0,50.280106056768695,0.9207124346597454,0.0
3.44896226040576,1.0,5.01e-06,0.01,6.666666666666667e-05,50.280106056768695,0.9207124346597454,40.22408484541496
3.44896226040576,1.0,7.94e-06,0.01,3.3333333333333335e-05,50.280106056768695,0.9207124346597454,20.11204242270748
3.44896226040576,1.0,1e-05,0.01,3.3333333333333335e-05,50.280106056768695,0.9207124346597454,20.11204242270748
3.44896226040576,1.0,1.26e-05,0.01,6.666666666666667e-05,50.280106056768695,0.9207124346597454,40.22408484541496
3.44896226040576,1.0,1.58e-05,0.01,3.3333333333333335e-05,50.280106056768695,0.9207124346597454,20.11204242270748
3.44896226040576,1.0,2e-05,0.01,0.00016666666666666666,50.280106056768695,0.9207124346597454,100.56021211353739
3.44896226040576,1.0,2.51e-05,0.01,0.00016666666666666666,50.280106056768695,0.9207124346597454,100.56021211353739
3.44896226040576,1.0,3.16e-05,0.01,0.0002,50.280106056768695,0.9207124346597454,120.67225453624488
3.44896226040576,1.0,3.98e-05,0.01,0.0003333333333333333,50.280106056768695,0.9207124346597454,201.12042422707478
3.44896226040576,1.0,6.31e-05,0.01,0.0001,50.280106056768695,0.9207124346597454,60.33612726812244
3.44896226040576,1.0,7.94e-05,0.01,6.666666666666667e-05,50.280106056768695,0.9207124346597454,40.22408484541496
3.44896226040576,1.0,0.0001,0.01,0.0,50.280106056768695,0.9207124346597454,0.0
3.44896226040576,1.0,0.000126,0.01,0.0,50.280106056768695,0.9207124346597454,0.0
3.44896226040576,1.0,0.000158,0.01,0.0,50.280106056768695,0.9207124346597454,0.0
3.44896226040576,1.0,0.0002,0.01,0.0,50.280106056768695,0.9207124346597454,0.0
3.44896226040576,1.0,0.000251,0.01,0.0,50.280106056768695,0.9207124346597454,0.0
3.44896226040576,1.0,0.000316,0.01,0.0,50.280106056768695,0.9207124346597454,0.0
3.44896226040576,1.0,0.000398,0.01,0.0,50.280106056768695,0.9207124346597454,0.0
3.44896226040576,1.0,0.000501,0.01,0.0,50.280106056768695,0.9207124346597454,0.0
3.44896226040576,1.0,0.000631,0.01,0.0,50.280106056768695,0.9207124346597454,0.0
3.44896226040576,1.0,0.000794,0.01,0.0,50.280106056768695,0.9207124346597454,0.0
3.44896226040576,1.0,0.001,0.01,0.0,50.280106056768695,0.9207124346597454,0.0
3.44896226040576,1.0,0.00126,0.01,0.0,50.280106056768695,0.9207124346597454,0.0
3.44896226040576,1.0,0.00158,0.01,0.0,50.280106056768695,0.9207124346597454,0.0
3.44896226040576,1.0,0.002,0.01,0.0,50.280106056768695,0.9207124346597454,0.0
3.44896226040576,1.0,0.00251,0.01,0.0,50.280106056768695,0.9207124346597454,0.0
3.44896226040576,1.0,0.00316,0.01,0.0,50.280106056768695,0.9207124346597454,0.0
3.44896226040576,1.0,0.00398,0.01,0.0,50.280106056768695,0.9207124346597454,0.0
3.44896226040576,1.0,0.00501,0.01,0.0,50.280106056768695,0.9207124346597454,0.0
3.44896226040576,1.0,0.00631,0.01,0.0,50.280106056768695,0.9207124346597454,0.0
3.6123426997094303,1.0,1e-06,0.01,0.0,50.635053040159995,0.927212104745651,0.0
3.6123426997094303,1.0,1.26e-06,0.01,0.0,50.635053040159995,0.927212104745651,0.0
3.6123426997094303,1.0,1.58e-06,0.01,0.0,50.635053040159995,0.927212104745651,0.0
3.6123426997094303,1.0,2e-06,0.01,0.0,50.635053040159995,0.927212104745651,0.0
3.6123426997094303,1.0,2.51e-06,0.01,0.0,50.635053040159995,0.927212104745651,0.0
3.6123426997094303,1.0,3.16e-06,0.01,0.0,50.635053040159995,0.927212104745651,0.0
3.6123426997094303,1.0,3.98e-06,0.01,0.0,50.635053040159995,0.927212104745651,0.0
3.6123426997094303,1.0,5.01e-06,0.01,6.666666666666667e-05,50.635053040159995,0.927212104745651,40.50804243212801
3.6123426997094303,1.0,7.94e-06,0.01,3.3333333333333335e-05,50.635053040159995,0.927212104745651,20.254021216064004
3.6123426997094303,1.0,1e-05,0.01,3.3333333333333335e-05,50.635053040159995,0.927212104745651,20.254021216064004
3.6123426997094303,1.0,1.26e-05,0.01,6.666666666666667e-05,50.635053040159995,0.927212104745651,40.50804243212801
3.6123426997094303,1.0,1.58e-05,0.01,3.3333333333333335e-05,50.635053040159995,0.927212104745651,20.254021216064004
3.6123426997094303,1.0,2e-05,0.01,0.00016666666666666666,50.635053040159995,0.927212104745651,101.27010608031999
3.6123426997094303,1.0,2.51e-05,0.01,0.00016666666666666666,50.635053040159995,0.927212104745651,101.27010608031999
3.6123426997094303,1.0,3.16e-05,0.01,0.0002,50.635053040159995,0.927212104745651,121.524127296384
3.6123426997094303,1.0,3.98e-05,0.01,0.0003333333333333333,50.635053040159995,0.927212104745651,202.54021216063998
3.6123426997094303,1.0,6.31e-05,0.01,0.0001,50.635053040159995,0.927212104745651,60.762063648192
3.6123426997094303,1.0,7.94e-05,0.01,6.666666666666667e-05,50.635053040159995,0.927212104745651,40.50804243212801
3.6123426997094303,1.0,0.0001,0.01,0.0,50.635053040159995,0.927212104745651,0.0
3.6123426997094303,1.0,0.000126,0.01,0.0,50.635053040159995,0.927212104745651,0.0
3.6123426997094303,1.0,0.000158,0.01,0.0,50.635053040159995,0.927212104745651,0.0
3.6123426997094303,1.0,0.0002,0.01,0.0,50.635053040159995,0.927212104745651,0.0
3.6123426997094303,1.0,0.000251,0.01,0.0,50.635053040159995,0.927212104745651,0.0
3.6123426997094303,1.0,0.000316,0.01,0.0,50.635053040159995,0.927212104745651,0.0
3.6123426997094303,1.0,0.000398,0.01,0.0,50.635053040159995,0.927212104745651,0.0
3.6123426997094303,1.0,0.000501,0.01,0.0,50.635053040159995,0.927212104745651,0.0
3.6123426997094303,1.0,0.000631,0.01,0.0,50.635053040159995,0.927212104745651,0.0
3.6123426997094303,1.0,0.000794,0.01,0.0,50.635053040159995,0.927212104745651,0.0
3.6123426997094303,1.0,0.001,0.01,0.0,50.635053040159995,0.927212104745651,0.0
3.6123426997094303,1.0,0.00126,0.01,0.0,50.635053040159995,0.927212104745651,0.0
3.6123426997094303,1.0,0.00158,0.01,0.0,50.635053040159995,0.927212104745651,0.0
3.6123426997094303,1.0,0.002,0.01,0.0,50.635053040159995,0.927212104745651,0.0
3.6123426997094303,1.0,0.00251,0.01,0.0,50.635053040159995,0.927212104745651,0.0
3.6123426997094303,1.0,0.00316,0.01,0.0,50.635053040159995,0.927212104745651,0.0
3.6123426997094303,1.0,0.00398,0.01,0.0,50.635053040159995,0.927212104745651,0.0
3.6123426997094303,1.0,0.00501,0.01,0.0,50.635053040159995,0.927212104745651,0.0
3.6123426997094303,1.0,0.00631,0.01,0.0,50.635053040159995,0.927212104745651,0.0
3.7834626171319288,1.0,1e-06,0.01,0.0,50.96301343401856,0.933217605457216,0.0
3.7834626171319288,1.0,1.26e-06,0.01,0.0,50.96301343401856,0.933217605457216,0.0
3.7834626171319288,1.0,1.58e-06,0.01,0.0,50.96301343401856,0.933217605457216,0.0
3.7834626171319288,1.0,2e-06,0.01,0.0,50.96301343401856,0.933217605457216,0.0
3.7834626171319288,1.0,2.51e-06,0.01,0.0,50.96301343401856,0.933217605457216,0.0
3.7834626171319288,1.0,3.16e-06,0.01,0.0,50.96301343401856,0.933217605457216,0.0
3.7834626171319288,1.0,3.98e-06,0.01,0.0,50.96301343401856,0.933217605457216,0.0
3.7834626171319288,1.0,5.01e-06,0.01,6.666666666666667e-05,50.96301343401856,0.933217605457216,40.770410747214854
3.7834626171319288,1.0,7.94e-06,0.01,3.3333333333333335e-05,50.96301343401856,0.933217605457216,20.385205373607427
3.7834626171319288,1.0,1e-05,0.01,3.3333333333333335e-05,50.96301343401856,0.933217605457216,20.385205373607427
3.7834626171319288,1.0,1.26e-05,0.01,6.666666666666667e-05,50.96301343401856,0.933217605457216,40.770410747214854
3.7834626171319288,1.0,1.58e-05,0.01,3.3333333333333335e-05,50.96301343401856,0.933217605457216,20.385205373607427
3.7834626171319288,1.0,2e-05,0.01,0.00016666666666666666,50.96301343401856,0.933217605457216,101.92602686803713
3.7834626171319288,1.0,2.51e-05,0.01,0.00016666666666666666,50.96301343401856,0.933217605457216,101.92602686803713
3.7834626171319288,1.0,3.16e-05,0.01,0.0002,50.96301343401856,0.933217605457216,122.31123224164456
3.7834626171319288,1.0,3.98e-05,0.01,0.0003333333333333333,50.96301343401856,0.933217605457216,203.85205373607425
3.7834626171319288,1.0,6.31e-05,0.01,0.0001,50.96301343401856,0.933217605457216,61.15561612082228
3.7834626171319288,1.0,7.94e-05,0.01,6.666666666666667e-05,50.96301343401856,0.933217605457216,40.770410747214854
3.7834626171319288,1.0,0.0001,0.01,0.0,50.96301343401856,0.933217605457216,0.0
3.7834626171319288,1.0,0.000126,0.01,0.0,50.96301343401856,0.933217605457216,0.0
3.7834626171319288,1.0,0.000158,0.01,0.0,50.96301343401856,0.933217605457216,0.0
3.7834626171319288,1.0,0.0002,0.01,0.0,50.96301343401856,0.933217605457216,0.0
3.7834626171319288,1.0,0.000251,0.01,0.0,50.96301343401856,0.933217605457216,0.0
3.7834626171319288,1.0,0.000316,0.01,0.0,50.96301343401856,0.933217605457216,0.0
3.7834626171319288,1.0,0.000398,0.01,0.0,50.96301343401856,0.933217605457216,0.0
3.7834626171319288,1.0,0.000501,0.01,0.0,50.96301343401856,0.933217605457216,0.0
3.7834626171319288,1.0,0.000631,0.01,0.0,50.96301343401856,0.933217605457216,0.0
3.7834626171319288,1.0,0.000794,0.01,0.0,50.96301343401856,0.933217605457216,0.0
3.7834626171319288,1.0,0.001,0.01,0.0,50.96301343401856,0.933217605457216,0.0
3.7834626171319288,1.0,0.00126,0.01,0.0,50.96301343401856,0.933217605457216,0.0
3.7834626171319288,1.0,0.00158,0.01,0.0,50.96301343401856,0.933217605457216,0.0
3.7834626171319288,1.0,0.002,0.01,0.0,50.96301343401856,0.933217605457216,0.0
3.7834626171319288,1.0,0.00251,0.01,0.0,50.96301343401856,0.933217605457216,0.0
3.7834626171319288,1.0,0.00316,0.01,0.0,50.96301343401856,0.933217605457216,0.0
3.7834626171319288,1.0,0.00398,0.01,0.0,50.96301343401856,0.933217605457216,0.0
3.7834626171319288,1.0,0.00501,0.01,0.0,50.96301343401856,0.933217605457216,0.0
3.7834626171319288,1.0,0.00631,0.01,0.0,50.96301343401856,0.933217605457216,0.0
3.9626886387014784,1.0,1e-06,0.01,0.0,51.26570201254045,0.9387603371642639,0.0
3.9626886387014784,1.0,1.26e-06,0.01,0.0,51.26570201254045,0.9387603371642639,0.0
3.9626886387014784,1.0,1.58e-06,0.01,0.0,51.26570201254045,0.9387603371642639,0.0
3.9626886387014784,1.0,2e-06,0.01,0.0,51.26570201254045,0.9387603371642639,0.0
3.9626886387014784,1.0,2.51e-06,0.01,0.0,51.26570201254045,0.9387603371642639,0.0
3.9626886387014784,1.0,3.16e-06,0.01,0.0,51.26570201254045,0.9387603371642639,0.0
3.9626886387014784,1.0,3.98e-06,0.01,0.0,51.26570201254045,0.9387603371642639,0.0
3.9626886387014784,1.0,5.01e-06,0.01,6.666666666666667e-05,51.26570201254045,0.9387603371642639,41.01256161003237
3.9626886387014784,1.0,7.94e-06,0.01,3.3333333333333335e-05,51.26570201254045,0.9387603371642639,20.506280805016186
3.9626886387014784,1.0,1e-05,0.01,3.3333333333333335e-05,51.26570201254045,0.9387603371642639,20.506280805016186
3.9626886387014784,1.0,1.26e-05,0.01,6.666666666666667e-05,51.26570201254045,0.9387603371642639,41.01256161003237
3.9626886387014784,1.0,1.58e-05,0.01,3.3333333333333335e-05,51.26570201254045,0.9387603371642639,20.506280805016186
3.9626886387014784,1.0,2e-05,0.01,0.00016666666666666666,51.26570201254045,0.9387603371642639,102.53140402508092
3.9626886387014784,1.0,2.51e-05,0.01,0.00016666666666666666,51.26570201254045,0.9387603371642639,102.53140402508092
3.9626886387014784,1.0,3.16e-05,0.01,0.0002,51.26570201254045,0.9387603371642639,123.0376848300971
3.9626886387014784,1.0,3.98e-05,0.01,0.0003333333333333333,51.26570201254045,0.9387603371642639,205.06280805016183
3.9626886387014784,1.0,6.31e-05,0.01,0.0001,51.26570201254045,0.9387603371642639,61.51884241504855
3.9626886387014784,1.0,7.94e-05,0.01,6.666666666666667e-05,51.26570201254045,0.9387603371642639,41.01256161003237
3.9626886387014784,1.0,0.0001,0.01,0.0,51.26570201254045,0.9387603371642639,0.0
3.9626886387014784,1.0,0.000126,0.01,0.0,51.26570201254045,0.9387603371642639,0.0
3.9626886387014784,1.0,0.000158,0.01,0.0,51.26570201254045,0.9387603371642639,0.0
3.9626886387014784,1.0,0.0002,0.01,0.0,51.26570201254045,0.9387603371642639,0.0
3.9626886387014784,1.0,0.000251,0.01,0.0,51.26570201254045,0.9387603371642639,0.0
3.9626886387014784,1.0,0.000316,0.01,0.0,51.26570201254045,0.9387603371642639,0.0
3.9626886387014784,1.0,0.000398,0.01,0.0,51.26570201254045,0.9387603371642639,0.0
3.9626886387014784,1.0,0.000501,0.01,0.0,51.26570201254045,0.9387603371642639,0.0
3.9626886387014784,1.0,0.000631,0.01,0.0,51.26570201254045,0.9387603371642639,0.0
3.9626886387014784,1.0,0.000794,0.01,0.0,51.26570201254045,0.9387603371642639,0.0
3.9626886387014784,1.0,0.001,0.01,0.0,51.26570201254045,0.9387603371642639,0.0
3.9626886387014784,1.0,0.00126,0.01,0.0,51.26570201254045,0.9387603371642639,0.0
3.9626886387014784,1.0,0.00158,0.01,0.0,51.26570201254045,0.9387603371642639,0.0
3.9626886387014784,1.0,0.002,0.01,0.0,51.26570201254045,0.9387603371642639,0.0
3.9626886387014784,1.0,0.00251,0.01,0.0,51.26570201254045,0.9387603371642639,0.0
3.9626886387014784,1.0,0.00316,0.01,0.0,51.26570201254045,0.9387603371642639,0.0
3.9626886387014784,1.0,0.00398,0.01,0.0,51.26570201254045,0.9387603371642639,0.0
3.9626886387014784,1.0,0.00501,0.01,0.0,51.26570201254045,0.9387603371642639,0.0
3.9626886387014784,1.0,0.00631,0.01,0.0,51.26570201254045,0.9387603371642639,0.0
4.150404757850477,1.0,1e-06,0.01,0.0,51.54477937771955,0.9438707082534252,0.0
4.150404757850477,1.0,1.26e-06,0.01,0.0,51.54477937771955,0.9438707082534252,0.0
4.150404757850477,1.0,1.58e-06,0.01,0.0,51.54477937771955,0.9438707082534252,0.0
4.150404757850477,1.0,2e-06,0.01,0.0,51.54477937771955,0.9438707082534252,0.0
4.150404757850477,1.0,2.51e-06,0.01,0.0,51.54477937771955,0.9438707082534252,0.0
4.150404757850477,1.0,3.16e-06,0.01,0.0,51.54477937771955,0.9438707082534252,0.0
4.150404757850477,1.0,3.98e-06,0.01,0.0,51.54477937771955,0.9438707082534252,0.0
4.150404757850477,1.0,5.01e-06,0.01,6.666666666666667e-05,51.54477937771955,0.9438707082534252,41.23582350217564
4.150404757850477,1.0,7.94e-06,0.01,3.3333333333333335e-05,51.54477937771955,0.9438707082534252,20.61791175108782
4.150404757850477,1.0,1e-05,0.01,3.3333333333333335e-05,51.54477937771955,0.9438707082534252,20.61791175108782
4.150404757850477,1.0,1.26e-05,0.01,6.666666666666667e-05,51.54477937771955,0.9438707082534252,41.23582350217564
4.150404757850477,1.0,1.58e-05,0.01,3.3333333333333335e-05,51.54477937771955,0.9438707082534252,20.61791175108782
4.150404757850477,1.0,2e-05,0.01,0.00016666666666666666,51.54477937771955,0.9438707082534252,103.0895587554391
4.150404757850477,1.0,2.51e-05,0.01,0.00016666666666666666,51.54477937771955,0.9438707082534252,103.0895587554391
4.150404757850477,1.0,3.16e-05,0.01,0.0002,51.54477937771955,0.9438707082534252,123.70747050652693
4.150404757850477,1.0,3.98e-05,0.01,0.0003333333333333333,51.54477937771955,0.9438707082534252,206.1791175108782
4.150404757850477,1.0,6.31e-05,0.01,0.0001,51.54477937771955,0.9438707082534252,61.853735253263466
4.150404757850477,1.0,7.94e-05,0.01,6.666666666666667e-05,51.54477937771955,0.9438707082534252,41.23582350217564
4.150404757850477,1.0,0.0001,0.01,0.0,51.54477937771955,0.9438707082534252,0.0
4.150404757850477,1.0,0.000126,0.01,0.0,51.54477937771955,0.9438707082534252,0.0
4.150404757850477,1.0,0.000158,0.01,0.0,51.54477937771955,0.9438707082534252,0.0
4.150404757850477,1.0,0.0002,0.01,0.0,51.54477937771955,0.9438707082534252,0.0
4.150404757850477,1.0,0.000251,0.01,0.0,51.54477937771955,0.9438707082534252,0.0
4.150404757850477,1.0,0.000316,0.01,0.0,51.54477937771955,0.9438707082534252,0.0
4.150404757850477,1.0,0.000398,0.01,0.0,51.54477937771955,0.9438707082534252,0.0
4.150404757850477,1.0,0.000501,0.01,0.0,51.54477937771955,0.9438707082534252,0.0
4.150404757850477,1.0,0.000631,0.01,0.0,51.54477937771955,0.9438707082534252,0.0
4.150404757850477,1.0,0.000794,0.01,0.0,51.54477937771955,0.9438707082534252,0.0
4.150404757850477,1.0,0.001,0.01,0.0,51.54477937771955,0.9438707082534252,0.0
4.150404757850477,1.0,0.00126,0.01,0.0,51.54477937771955,0.9438707082534252,0.0
4.150404757850477,1.0,0.00158,0.01,0.0,51.54477937771955,0.9438707082534252,0.0
4.150404757850477,1.0,0.002,0.01,0.0,51.54477937771955,0.9438707082534252,0.0
4.150404757850477,1.0,0.00251,0.01,0.0,51.54477937771955,0.9438707082534252,0.0
4.150404757850477,1.0,0.00316,0.01,0.0,51.54477937771955,0.9438707082534252,0.0
4.150404757850477,1.0,0.00398,0.01,0.0,51.54477937771955,0.9438707082534252,0.0
4.150404757850477,1.0,0.00501,0.01,0.0,51.54477937771955,0.9438707082534252,0.0
4.150404757850477,1.0,0.00631,0.01,0.0,51.54477937771955,0.9438707082534252,0.0
4.347013158125026,1.0,1e-06,0.01,0.0,51.80184376657069,0.9485779851047554,0.0
4.347013158125026,1.0,1.26e-06,0.01,0.0,51.80184376657069,0.9485779851047554,0.0
4.347013158125026,1.0,1.58e-06,0.01,0.0,51.80184376657069,0.9485779851047554,0.0
4.347013158125026,1.0,2e-06,0.01,0.0,51.80184376657069,0.9485779851047554,0.0
4.347013158125026,1.0,2.51e-06,0.01,0.0,51.80184376657069,0.9485779851047554,0.0
4.347013158125026,1.0,3.16e-06,0.01,0.0,51.80184376657069,0.9485779851047554,0.0
4.347013158125026,1.0,3.98e-06,0.01,0.0,51.80184376657069,0.9485779851047554,0.0
4.347013158125026,1.0,5.01e-06,0.01,6.666666666666667e-05,51.80184376657069,0.9485779851047554,41.44147501325656
4.347013158125026,1.0,7.94e-06,0.01,3.3333333333333335e-05,51.80184376657069,0.9485779851047554,20.72073750662828
4.347013158125026,1.0,1e-05,0.01,3.3333333333333335e-05,51.80184376657069,0.9485779851047554,20.72073750662828
4.347013158125026,1.0,1.26e-05,0.01,6.666666666666667e-05,51.80184376657069,0.9485779851047554,41.44147501325656
4.347013158125026,1.0,1.58e-05,0.01,3.3333333333333335e-05,51.80184376657069,0.9485779851047554,20.72073750662828
4.347013158125026,1.0,2e-05,0.01,0.00016666666666666666,51.80184376657069,0.9485779851047554,103.60368753314138
4.347013158125026,1.0,2.51e-05,0.01,0.00016666666666666666,51.80184376657069,0.9485779851047554,103.60368753314138
4.347013158125026,1.0,3.16e-05,0.01,0.0002,51.80184376657069,0.9485779851047554,124.32442503976966
4.347013158125026,1.0,3.98e-05,0.01,0.0003333333333333333,51.80184376657069,0.9485779851047554,207.20737506628276
4.347013158125026,1.0,6.31e-05,0.01,0.0001,51.80184376657069,0.9485779851047554,62.16221251988483
4.347013158125026,1.0,7.94e-05,0.01,6.666666666666667e-05,51.80184376657069,0.9485779851047554,41.44147501325656
4.347013158125026,1.0,0.0001,0.01,0.0,51.80184376657069,0.9485779851047554,0.0
4.347013158125026,1.0,0.000126,0.01,0.0,51.80184376657069,0.9485779851047554,0.0
4.347013158125026,1.0,0.000158,0.01,0.0,51.80184376657069,0.9485779851047554,0.0
4.347013158125026,1.0,0.0002,0.01,0.0,51.80184376657069,0.9485779851047554,0.0
4.347013158125026,1.0,0.000251,0.01,0.0,51.80184376657069,0.9485779851047554,0.0
4.347013158125026,1.0,0.000316,0.01,0.0,51.80184376657069,0.9485779851047554,0.0
4.347013158125026,1.0,0.000398,0.01,0.0,51.80184376657069,0.9485779851047554,0.0
4.347013158125026,1.0,0.000501,0.01,0.0,51.80184376657069,0.9485779851047554,0.0
4.347013158125026,1.0,0.000631,0.01,0.0,51.80184376657069,0.9485779851047554,0.0
4.347013158125026,1.0,0.000794,0.01,0.0,51.80184376657069,0.9485779851047554,0.0
4.347013158125026,1.0,0.001,0.01,0.0,51.80184376657069,0.9485779851047554,0.0
4.347013158125026,1.0,0.00126,0.01,0.0,51.80184376657069,0.9485779851047554,0.0
4.347013158125026,1.0,0.00158,0.01,0.0,51.80184376657069,0.9485779851047554,0.0
4.347013158125026,1.0,0.002,0.01,0.0,51.80184376657069,0.9485779851047554,0.0
4.347013158125026,1.0,0.00251,0.01,0.0,51.80184376657069,0.9485779851047554,0.0
4.347013158125026,1.0,0.00316,0.01,0.0,51.80184376657069,0.9485779851047554,0.0
4.347013158125026,1.0,0.00398,0.01,0.0,51.80184376657069,0.9485779851047554,0.0
4.347013158125026,1.0,0.00501,0.01,0.0,51.80184376657069,0.9485779851047554,0.0
4.347013158125026,1.0,0.00631,0.01,0.0,51.80184376657069,0.9485779851047554,0.0
4.552935074866948,1.0,1e-06,0.01,0.0,52.03842504369786,0.9529101820856595,0.0
4.552935074866948,1.0,1.26e-06,0.01,0.0,52.03842504369786,0.9529101820856595,0.0
4.552935074866948,1.0,1.58e-06,0.01,0.0,52.03842504369786,0.9529101820856595,0.0
4.552935074866948,1.0,2e-06,0.01,0.0,52.03842504369786,0.9529101820856595,0.0
4.552935074866948,1.0,2.51e-06,0.01,0.0,52.03842504369786,0.9529101820856595,0.0
4.552935074866948,1.0,3.16e-06,0.01,0.0,52.03842504369786,0.9529101820856595,0.0
4.552935074866948,1.0,3.98e-06,0.01,0.0,52.03842504369786,0.9529101820856595,0.0
4.552935074866948,1.0,5.01e-06,0.01,6.666666666666667e-05,52.03842504369786,0.9529101820856595,41.6307400349583
4.552935074866948,1.0,7.94e-06,0.01,3.3333333333333335e-05,52.03842504369786,0.9529101820856595,20.81537001747915
4.552935074866948,1.0,1e-05,0.01,3.3333333333333335e-05,52.03842504369786,0.9529101820856595,20.81537001747915
4.552935074866948,1.0,1.26e-05,0.01,6.666666666666667e-05,52.03842504369786,0.9529101820856595,41.6307400349583
4.552935074866948,1.0,1.58e-05,0.01,3.3333333333333335e-05,52.03842504369786,0.9529101820856595,20.81537001747915
4.552935074866948,1.0,2e-05,0.01,0.00016666666666666666,52.03842504369786,0.9529101820856595,104.07685008739573
4.552935074866948,1.0,2.51e-05,0.01,0.00016666666666666666,52.03842504369786,0.9529101820856595,104.07685008739573
4.552935074866948,1.0,3.16e-05,0.01,0.0002,52.03842504369786,0.9529101820856595,124.89222010487488
4.552935074866948,1.0,3.98e-05,0.01,0.0003333333333333333,52.03842504369786,0.9529101820856595,208.15370017479145
4.552935074866948,1.0,6.31e-05,0.01,0.0001,52.03842504369786,0.9529101820856595,62.44611005243744
4.552935074866948,1.0,7.94e-05,0.01,6.666666666666667e-05,52.03842504369786,0.9529101820856595,41.6307400349583
4.552935074866948,1.0,0.0001,0.01,0.0,52.03842504369786,0.9529101820856595,0.0
4.552935074866948,1.0,0.000126,0.01,0.0,52.03842504369786,0.9529101820856595,0.0
4.552935074866948,1.0,0.000158,0.01,0.0,52.03842504369786,0.9529101820856595,0.0
4.552935074866948,1.0,0.0002,0.01,0.0,52.03842504369786,0.9529101820856595,0.0
4.552935074866948,1.0,0.000251,0.01,0.0,52.03842504369786,0.9529101820856595,0.0
4.552935074866948,1.0,0.000316,0.01,0.0,52.03842504369786,0.9529101820856595,0.0
4.552935074866948,1.0,0.000398,0.01,0.0,52.03842504369786,0.9529101820856595,0.0
4.552935074866948,1.0,0.000501,0.01,0.0,52.03842504369786,0.9529101820856595,0.0
4.552935074866948,1.0,0.000631,0.01,0.0,52.03842504369786,0.9529101820856595,0.0
4.552935074866948,1.0,0.000794,0.01,0.0,52.03842504369786,0.9529101820856595,0.0
4.552935074866948,1.0,0.001,0.01,0.0,52.03842504369786,0.9529101820856595,0.0
4.552935074866948,1.0,0.00126,0.01,0.0,52.03842504369786,0.9529101820856595,0.0
4.552935074866948,1.0,0.00158,0.01,0.0,52.03842504369786,0.9529101820856595,0.0
4.552935074866948,1.0,0.002,0.01,0.0,52.03842504369786,0.9529101820856595,0.0
4.552935074866948,1.0,0.00251,0.01,0.0,52.03842504369786,0.9529101820856595,0.0
4.552935074866948,1.0,0.00316,0.01,0.0,52.03842504369786,0.9529101820856595,0.0
4.552935074866948,1.0,0.00398,0.01,0.0,52.03842504369786,0.9529101820856595,0.0
4.552935074866948,1.0,0.00501,0.01,0.0,52.03842504369786,0.9529101820856595,0.0
4.552935074866948,1.0,0.00631,0.01,0.0,52.03842504369786,0.9529101820856595,0.0
4.768611697714469,1.0,1e-06,0.01,0.0,52.255980585640124,0.956893986186415,0.0
4.768611697714469,1.0,1.26e-06,0.01,0.0,52.255980585640124,0.956893986186415,0.0
4.768611697714469,1.0,1.58e-06,0.01,0.0,52.255980585640124,0.956893986186415,0.0
4.768611697714469,1.0,2e-06,0.01,0.0,52.255980585640124,0.956893986186415,0.0
4.768611697714469,1.0,2.51e-06,0.01,0.0,52.255980585640124,0.956893986186415,0.0
4.768611697714469,1.0,3.16e-06,0.01,0.0,52.255980585640124,0.956893986186415,0.0
4.768611697714469,1.0,3.98e-06,0.01,0.0,52.255980585640124,0.956893986186415,0.0
4.768611697714469,1.0,5.01e-06,0.01,6.666666666666667e-05,52.255980585640124,0.956893986186415,41.80478446851211
4.768611697714469,1.0,7.94e-06,0.01,3.3333333333333335e-05,52.255980585640124,0.956893986186415,20.902392234256055
4.768611697714469,1.0,1e-05,0.01,3.3333333333333335e-05,52.255980585640124,0.956893986186415,20.902392234256055
4.768611697714469,1.0,1.26e-05,0.01,6.666666666666667e-05,52.255980585640124,0.956893986186415,41.80478446851211
4.768611697714469,1.0,1.58e-05,0.01,3.3333333333333335e-05,52.255980585640124,0.956893986186415,20.902392234256055
4.768611697714469,1.0,2e-05,0.01,0.00016666666666666666,52.255980585640124,0.956893986186415,104.51196117128025
4.768611697714469,1.0,2.51e-05,0.01,0.00016666666666666666,52.255980585640124,0.956893986186415,104.51196117128025
4.768611697714469,1.0,3.16e-05,0.01,0.0002,52.255980585640124,0.956893986186415,125.4143534055363
4.768611697714469,1.0,3.98e-05,0.01,0.0003333333333333333,52.255980585640124,0.956893986186415,209.0239223425605
4.768611697714469,1.0,6.31e-05,0.01,0.0001,52.255980585640124,0.956893986186415,62.70717670276815
4.768611697714469,1.0,7.94e-05,0.01,6.666666666666667e-05,52.255980585640124,0.956893986186415,41.80478446851211
4.768611697714469,1.0,0.0001,0.01,0.0,52.255980585640124,0.956893986186415,0.0
4.768611697714469,1.0,0.000126,0.01,0.0,52.255980585640124,0.956893986186415,0.0
4.768611697714469,1.0,0.000158,0.01,0.0,52.255980585640124,0.956893986186415,0.0
4.768611697714469,1.0,0.0002,0.01,0.0,52.255980585640124,0.956893986186415,0.0
4.768611697714469,1.0,0.000251,0.01,0.0,52.255980585640124,0.956893986186415,0.0
4.768611697714469,1.0,0.000316,0.01,0.0,52.255980585640124,0.956893986186415,0.0
4.768611697714469,1.0,0.000398,0.01,0.0,52.255980585640124,0.956893986186415,0.0
4.768611697714469,1.0,0.000501,0.01,0.0,52.255980585640124,0.956893986186415,0.0
4.768611697714469,1.0,0.000631,0.01,0.0,52.255980585640124,0.956893986186415,0.0
4.768611697714469,1.0,0.000794,0.01,0.0,52.255980585640124,0.956893986186415,0.0
4.768611697714469,1.0,0.001,0.01,0.0,52.255980585640124,0.956893986186415,0.0
4.768611697714469,1.0,0.00126,0.01,0.0,52.255980585640124,0.956893986186415,0.0
4.768611697714469,1.0,0.00158,0.01,0.0,52.255980585640124,0.956893986186415,0.0
4.768611697714469,1.0,0.002,0.01,0.0,52.255980585640124,0.956893986186415,0.0
4.768611697714469,1.0,0.00251,0.01,0.0,52.255980585640124,0.956893986186415,0.0
4.768611697714469,1.0,0.00316,0.01,0.0,52.255980585640124,0.956893986186415,0.0
4.768611697714469,1.0,0.00398,0.01,0.0,52.255980585640124,0.956893986186415,0.0
4.768611697714469,1.0,0.00501,0.01,0.0,52.255980585640124,0.956893986186415,0.0
4.768611697714469,1.0,0.00631,0.01,0.0,52.255980585640124,0.956893986186415,0.0
4.99450511585514,1.0,1e-06,0.01,0.0,52.45589277928856,0.9605547112120227,0.0
4.99450511585514,1.0,1.26e-06,0.01,0.0,52.45589277928856,0.9605547112120227,0.0
4.99450511585514,1.0,1.58e-06,0.01,0.0,52.45589277928856,0.9605547112120227,0.0
4.99450511585514,1.0,2e-06,0.01,0.0,52.45589277928856,0.9605547112120227,0.0
4.99450511585514,1.0,2.51e-06,0.01,0.0,52.45589277928856,0.9605547112120227,0.0
4.99450511585514,1.0,3.16e-06,0.01,0.0,52.45589277928856,0.9605547112120227,0.0
4.99450511585514,1.0,3.98e-06,0.01,0.0,52.45589277928856,0.9605547112120227,0.0
4.99450511585514,1.0,5.01e-06,0.01,6.666666666666667e-05,52.45589277928856,0.9605547112120227,41.96471422343086
4.99450511585514,1.0,7.94e-06,0.01,3.3333333333333335e-05,52.45589277928856,0.9605547112120227,20.98235711171543
4.99450511585514,1.0,1e-05,0.01,3.3333333333333335e-05,52.45589277928856,0.9605547112120227,20.98235711171543
4.99450511585514,1.0,1.26e-05,0.01,6.666666666666667e-05,52.45589277928856,0.9605547112120227,41.96471422343086
4.99450511585514,1.0,1.58e-05,0.01,3.3333333333333335e-05,52.45589277928856,0.9605547112120227,20.98235711171543
4.99450511585514,1.0,2e-05,0.01,0.00016666666666666666,52.45589277928856,0.9605547112120227,104.91178555857712
4.99450511585514,1.0,2.51e-05,0.01,0.00016666666666666666,52.45589277928856,0.9605547112120227,104.91178555857712
4.99450511585514,1.0,3.16e-05,0.01,0.0002,52.45589277928856,0.9605547112120227,125.89414267029257
4.99450511585514,1.0,3.98e-05,0.01,0.0003333333333333333,52.45589277928856,0.9605547112120227,209.82357111715424
4.99450511585514,1.0,6.31e-05,0.01,0.0001,52.45589277928856,0.9605547112120227,62.94707133514628
4.99450511585514,1.0,7.94e-05,0.01,6.666666666666667e-05,52.45589277928856,0.9605547112120227,41.96471422343086
4.99450511585514,1.0,0.0001,0.01,0.0,52.45589277928856,0.9605547112120227,0.0
4.99450511585514,1.0,0.000126,0.01,0.0,52.45589277928856,0.9605547112120227,0.0
4.99450511585514,1.0,0.000158,0.01,0.0,52.45589277928856,0.9605547112120227,0.0
4.99450511585514,1.0,0.0002,0.01,0.0,52.45589277928856,0.9605547112120227,0.0
4.99450511585514,1.0,0.000251,0.01,0.0,52.45589277928856,0.9605547112120227,0.0
4.99450511585514,1.0,0.000316,0.01,0.0,52.45589277928856,0.9605547112120227,0.0
4.99450511585514,1.0,0.000398,0.01,0.0,52.45589277928856,0.9605547112120227,0.0
4.99450511585514,1.0,0.000501,0.01,0.0,52.45589277928856,0.9605547112120227,0.0
4.99450511585514,1.0,0.000631,0.01,0.0,52.45589277928856,0.9605547112120227,0.0
4.99450511585514,1.0,0.000794,0.01,0.0,52.45589277928856,0.9605547112120227,0.0
4.99450511585514,1.0,0.001,0.01,0.0,52.45589277928856,0.9605547112120227,0.0
4.99450511585514,1.0,0.00126,0.01,0.0,52.45589277928856,0.9605547112120227,0.0
4.99450511585514,1.0,0.00158,0.01,0.0,52.45589277928856,0.9605547112120227,0.0
4.99450511585514,1.0,0.002,0.01,0.0,52.45589277928856,0.9605547112120227,0.0
4.99450511585514,1.0,0.00251,0.01,0.0,52.45589277928856,0.9605547112120227,0.0
4.99450511585514,1.0,0.00316,0.01,0.0,52.45589277928856,0.9605547112120227,0.0
4.99450511585514,1.0,0.00398,0.01,0.0,52.45589277928856,0.9605547112120227,0.0
4.99450511585514,1.0,0.00501,0.01,0.0,52.45589277928856,0.9605547112120227,0.0
4.99450511585514,1.0,0.00631,0.01,0.0,52.45589277928856,0.9605547112120227,0.0
5.2310993080562636,1.0,1e-06,0.01,0.0,52.63946787715997,0.9639162768203621,0.0
5.2310993080562636,1.0,1.26e-06,0.01,0.0,52.63946787715997,0.9639162768203621,0.0
5.2310993080562636,1.0,1.58e-06,0.01,0.0,52.63946787715997,0.9639162768203621,0.0
5.2310993080562636,1.0,2e-06,0.01,0.0,52.63946787715997,0.9639162768203621,0.0
5.2310993080562636,1.0,2.51e-06,0.01,0.0,52.63946787715997,0.9639162768203621,0.0
5.2310993080562636,1.0,3.16e-06,0.01,0.0,52.63946787715997,0.9639162768203621,0.0
5.2310993080562636,1.0,3.98e-06,0.01,0.0,52.63946787715997,0.9639162768203621,0.0
5.2310993080562636,1.0,5.01e-06,0.01,6.666666666666667e-05,52.63946787715997,0.9639162768203621,42.111574301727984
5.2310993080562636,1.0,7.94e-06,0.01,3.3333333333333335e-05,52.63946787715997,0.9639162768203621,21.055787150863992
5.2310993080562636,1.0,1e-05,0.01,3.3333333333333335e-05,52.63946787715997,0.9639162768203621,21.055787150863992
5.2310993080562636,1.0,1.26e-05,0.01,6.666666666666667e-05,52.63946787715997,0.9639162768203621,42.111574301727984
5.2310993080562636,1.0,1.58e-05,0.01,3.3333333333333335e-05,52.63946787715997,0.9639162768203621,21.055787150863992
5.2310993080562636,1.0,2e-05,0.01,0.00016666666666666666,52.63946787715997,0.9639162768203621,105.27893575431995
5.2310993080562636,1.0,2.51e-05,0.01,0.00016666666666666666,52.63946787715997,0.9639162768203621,105.27893575431995
5.2310993080562636,1.0,3.16e-05,0.01,0.0002,52.63946787715997,0.9639162768203621,126.33472290518394
5.2310993080562636,1.0,3.98e-05,0.01,0.0003333333333333333,52.63946787715997,0.9639162768203621,210.5578715086399
5.2310993080562636,1.0,6.31e-05,0.01,0.0001,52.63946787715997,0.9639162768203621,63.16736145259197
5.2310993080562636,1.0,7.94e-05,0.01,6.666666666666667e-05,52.63946787715997,0.9639162768203621,42.111574301727984
5.2310993080562636,1.0,0.0001,0.01,0.0,52.63946787715997,0.9639162768203621,0.0
5.2310993080562636,1.0,0.000126,0.01,0.0,52.63946787715997,0.9639162768203621,0.0
5.2310993080562636,1.0,0.000158,0.01,0.0,52.63946787715997,0.9639162768203621,0.0
5.2310993080562636,1.0,0.0002,0.01,0.0,52.63946787715997,0.9639162768203621,0.0
5.2310993080562636,1.0,0.000251,0.01,0.0,52.63946787715997,0.9639162768203621,0.0
5.2310993080562636,1.0,0.000316,0.01,0.0,52.63946787715997,0.9639162768203621,0.0
5.2310993080562636,1.0,0.000398,0.01,0.0,52.63946787715997,0.9639162768203621,0.0
5.2310993080562636,1.0,0.000501,0.01,0.0,52.63946787715997,0.9639162768203621,0.0
5.2310993080562636,1.0,0.000631,0.01,0.0,52.63946787715997,0.9639162768203621,0.0
5.2310993080562636,1.0,0.000794,0.01,0.0,52.63946787715997,0.9639162768203621,0.0
5.2310993080562636,1.0,0.001,0.01,0.0,52.63946787715997,0.9639162768203621,0.0
5.2310993080562636,1.0,0.00126,0.01,0.0,52.63946787715997,0.9639162768203621,0.0
5.2310993080562636,1.0,0.00158,0.01,0.0,52.63946787715997,0.9639162768203621,0.0
5.2310993080562636,1.0,0.002,0.01,0.0,52.63946787715997,0.9639162768203621,0.0
5.2310993080562636,1.0,0.00251,0.01,0.0,52.63946787715997,0.9639162768203621,0.0
5.2310993080562636,1.0,0.00316,0.01,0.0,52.63946787715997,0.9639162768203621,0.0
5.2310993080562636,1.0,0.00398,0.01,0.0,52.63946787715997,0.9639162768203621,0.0
5.2310993080562636,1.0,0.00501,0.01,0.0,52.63946787715997,0.9639162768203621,0.0
5.2310993080562636,1.0,0.00631,0.01,0.0,52.63946787715997,0.9639162768203621,0.0
5.478901179593945,1.0,1e-06,0.01,0.0,52.80793597551911,0.9670012081215731,0.0
5.478901179593945,1.0,1.26e-06,0.01,0.0,52.80793597551911,0.9670012081215731,0.0
5.478901179593945,1.0,1.58e-06,0.01,0.0,52.80793597551911,0.9670012081215731,0.0
5.478901179593945,1.0,2e-06,0.01,0.0,52.80793597551911,0.9670012081215731,0.0
5.478901179593945,1.0,2.51e-06,0.01,0.0,52.80793597551911,0.9670012081215731,0.0
5.478901179593945,1.0,3.16e-06,0.01,0.0,52.80793597551911,0.9670012081215731,0.0
5.478901179593945,1.0,3.98e-06,0.01,0.0,52.80793597551911,0.9670012081215731,0.0
5.478901179593945,1.0,5.01e-06,0.01,6.666666666666667e-05,52.80793597551911,0.9670012081215731,42.246348780415296
5.478901179593945,1.0,7.94e-06,0.01,3.3333333333333335e-05,52.80793597551911,0.9670012081215731,21.123174390207648
5.478901179593945,1.0,1e-05,0.01,3.3333333333333335e-05,52.80793597551911,0.9670012081215731,21.123174390207648
5.478901179593945,1.0,1.26e-05,0.01,6.666666666666667e-05,52.80793597551911,0.9670012081215731,42.246348780415296
5.478901179593945,1.0,1.58e-05,0.01,3.3333333333333335e-05,52.80793597551911,0.9670012081215731,21.123174390207648
5.478901179593945,1.0,2e-05,0.01,0.00016666666666666666,52.80793597551911,0.9670012081215731,105.61587195103822
5.478901179593945,1.0,2.51e-05,0.01,0.00016666666666666666,52.80793597551911,0.9670012081215731,105.61587195103822
5.478901179593945,1.0,3.16e-05,0.01,0.0002,52.80793597551911,0.9670012081215731,126.73904634124588
5.478901179593945,1.0,3.98e-05,0.01,0.0003333333333333333,52.80793597551911,0.9670012081215731,211.23174390207643
5.478901179593945,1.0,6.31e-05,0.01,0.0001,52.80793597551911,0.9670012081215731,63.36952317062294
5.478901179593945,1.0,7.94e-05,0.01,6.666666666666667e-05,52.80793597551911,0.9670012081215731,42.246348780415296
5.478901179593945,1.0,0.0001,0.01,0.0,52.80793597551911,0.9670012081215731,0.0
5.478901179593945,1.0,0.000126,0.01,0.0,52.80793597551911,0.9670012081215731,0.0
5.478901179593945,1.0,0.000158,0.01,0.0,52.80793597551911,0.9670012081215731,0.0
5.478901179593945,1.0,0.0002,0.01,0.0,52.80793597551911,0.9670012081215731,0.0
5.478901179593945,1.0,0.000251,0.01,0.0,52.80793597551911,0.9670012081215731,0.0
5.478901179593945,1.0,0.000316,0.01,0.0,52.80793597551911,0.9670012081215731,0.0
5.478901179593945,1.0,0.000398,0.01,0.0,52.80793597551911,0.9670012081215731,0.0
5.478901179593945,1.0,0.000501,0.01,0.0,52.80793597551911,0.9670012081215731,0.0
5.478901179593945,1.0,0.000631,0.01,0.0,52.80793597551911,0.9670012081215731,0.0
5.478901179593945,1.0,0.000794,0.01,0.0,52.80793597551911,0.9670012081215731,0.0
5.478901179593945,1.0,0.001,0.01,0.0,52.80793597551911,0.9670012081215731,0.0
5.478901179593945,1.0,0.00126,0.01,0.0,52.80793597551911,0.9670012081215731,0.0
5.478901179593945,1.0,0.00158,0.01,0.0,52.80793597551911,0.9670012081215731,0.0
5.478901179593945,1.0,0.002,0.01,0.0,52.80793597551911,0.9670012081215731,0.0
5.478901179593945,1.0,0.00251,0.01,0.0,52.80793597551911,0.9670012081215731,0.0
5.478901179593945,1.0,0.00316,0.01,0.0,52.80793597551911,0.9670012081215731,0.0
5.478901179593945,1.0,0.00398,0.01,0.0,52.80793597551911,0.9670012081215731,0.0
5.478901179593945,1.0,0.00501,0.01,0.0,52.80793597551911,0.9670012081215731,0.0
5.478901179593945,1.0,0.00631,0.01,0.0,52.80793597551911,0.9670012081215731,0.0
5.738441648302393,1.0,1e-06,0.01,0.0,52.96245190575568,0.9698306520006533,0.0
5.738441648302393,1.0,1.26e-06,0.01,0.0,52.96245190575568,0.9698306520006533,0.0
5.738441648302393,1.0,1.58e-06,0.01,0.0,52.96245190575568,0.9698306520006533,0.0
5.738441648302393,1.0,2e-06,0.01,0.0,52.96245190575568,0.9698306520006533,0.0
5.738441648302393,1.0,2.51e-06,0.01,0.0,52.96245190575568,0.9698306520006533,0.0
5.738441648302393,1.0,3.16e-06,0.01,0.0,52.96245190575568,0.9698306520006533,0.0
5.738441648302393,1.0,3.98e-06,0.01,0.0,52.96245190575568,0.9698306520006533,0.0
5.738441648302393,1.0,5.01e-06,0.01,6.666666666666667e-05,52.96245190575568,0.9698306520006533,42.36996152460455
5.738441648302393,1.0,7.94e-06,0.01,3.3333333333333335e-05,52.96245190575568,0.9698306520006533,21.184980762302274
5.738441648302393,1.0,1e-05,0.01,3.3333333333333335e-05,52.96245190575568,0.9698306520006533,21.184980762302274
5.738441648302393,1.0,1.26e-05,0.01,6.666666666666667e-05,52.96245190575568,0.9698306520006533,42.36996152460455
5.738441648302393,1.0,1.58e-05,0.01,3.3333333333333335e-05,52.96245190575568,0.9698306520006533,21.184980762302274
5.738441648302393,1.0,2e-05,0.01,0.00016666666666666666,52.96245190575568,0.9698306520006533,105.92490381151136
5.738441648302393,1.0,2.51e-05,0.01,0.00016666666666666666,52.96245190575568,0.9698306520006533,105.92490381151136
5.738441648302393,1.0,3.16e-05,0.01,0.0002,52.96245190575568,0.9698306520006533,127.10988457381366
5.738441648302393,1.0,3.98e-05,0.01,0.0003333333333333333,52.96245190575568,0.9698306520006533,211.8498076230227
5.738441648302393,1.0,6.31e-05,0.01,0.0001,52.96245190575568,0.9698306520006533,63.55494228690683
5.738441648302393,1.0,7.94e-05,0.01,6.666666666666667e-05,52.96245190575568,0.9698306520006533,42.36996152460455
5.738441648302393,1.0,0.0001,0.01,0.0,52.96245190575568,0.9698306520006533,0.0
5.738441648302393,1.0,0.000126,0.01,0.0,52.96245190575568,0.9698306520006533,0.0
5.738441648302393,1.0,0.000158,0.01,0.0,52.96245190575568,0.9698306520006533,0.0
5.738441648302393,1.0,0.0002,0.01,0.0,52.96245190575568,0.9698306520006533,0.0
5.738441648302393,1.0,0.000251,0.01,0.0,52.96245190575568,0.9698306520006533,0.0
5.738441648302393,1.0,0.000316,0.01,0.0,52.96245190575568,0.9698306520006533,0.0
5.738441648302393,1.0,0.000398,0.01,0.0,52.96245190575568,0.9698306520006533,0.0
5.738441648302393,1.0,0.000501,0.01,0.0,52.96245190575568,0.9698306520006533,0.0
5.738441648302393,1.0,0.000631,0.01,0.0,52.96245190575568,0.9698306520006533,0.0
5.738441648302393,1.0,0.000794,0.01,0.0,52.96245190575568,0.9698306520006533,0.0
5.738441648302393,1.0,0.001,0.01,0.0,52.96245190575568,0.9698306520006533,0.0
5.738441648302393,1.0,0.00126,0.01,0.0,52.96245190575568,0.9698306520006533,0.0
5.738441648302393,1.0,0.00158,0.01,0.0,52.96245190575568,0.9698306520006533,0.0
5.738441648302393,1.0,0.002,0.01,0.0,52.96245190575568,0.9698306520006533,0.0
5.738441648302393,1.0,0.00251,0.01,0.0,52.96245190575568,0.9698306520006533,0.0
5.738441648302393,1.0,0.00316,0.01,0.0,52.96245190575568,0.9698306520006533,0.0
5.738441648302393,1.0,0.00398,0.01,0.0,52.96245190575568,0.9698306520006533,0.0
5.738441648302393,1.0,0.00501,0.01,0.0,52.96245190575568,0.9698306520006533,0.0
5.738441648302393,1.0,0.00631,0.01,0.0,52.96245190575568,0.9698306520006533,0.0
6.010276782070382,1.0,1e-06,0.01,0.0,53.104096853901865,0.9724244067735189,0.0
6.010276782070382,1.0,1.26e-06,0.01,0.0,53.104096853901865,0.9724244067735189,0.0
6.010276782070382,1.0,1.58e-06,0.01,0.0,53.104096853901865,0.9724244067735189,0.0
6.010276782070382,1.0,2e-06,0.01,0.0,53.104096853901865,0.9724244067735189,0.0
6.010276782070382,1.0,2.51e-06,0.01,0.0,53.104096853901865,0.9724244067735189,0.0
6.010276782070382,1.0,3.16e-06,0.01,0.0,53.104096853901865,0.9724244067735189,0.0
6.010276782070382,1.0,3.98e-06,0.01,0.0,53.104096853901865,0.9724244067735189,0.0
6.010276782070382,1.0,5.01e-06,0.01,6.666666666666667e-05,53.104096853901865,0.9724244067735189,42.4832774831215
6.010276782070382,1.0,7.94e-06,0.01,3.3333333333333335e-05,53.104096853901865,0.9724244067735189,21.24163874156075
6.010276782070382,1.0,1e-05,0.01,3.3333333333333335e-05,53.104096853901865,0.9724244067735189,21.24163874156075
6.010276782070382,1.0,1.26e-05,0.01,6.666666666666667e-05,53.104096853901865,0.9724244067735189,42.4832774831215
6.010276782070382,1.0,1.58e-05,0.01,3.3333333333333335e-05,53.104096853901865,0.9724244067735189,21.24163874156075
6.010276782070382,1.0,2e-05,0.01,0.00016666666666666666,53.104096853901865,0.9724244067735189,106.20819370780373
6.010276782070382,1.0,2.51e-05,0.01,0.00016666666666666666,53.104096853901865,0.9724244067735189,106.20819370780373
6.010276782070382,1.0,3.16e-05,0.01,0.0002,53.104096853901865,0.9724244067735189,127.44983244936448
6.010276782070382,1.0,3.98e-05,0.01,0.0003333333333333333,53.104096853901865,0.9724244067735189,212.41638741560746
6.010276782070382,1.0,6.31e-05,0.01,0.0001,53.104096853901865,0.9724244067735189,63.72491622468224
6.010276782070382,1.0,7.94e-05,0.01,6.666666666666667e-05,53.104096853901865,0.9724244067735189,42.4832774831215
6.010276782070382,1.0,0.0001,0.01,0.0,53.104096853901865,0.9724244067735189,0.0
6.010276782070382,1.0,0.000126,0.01,0.0,53.104096853901865,0.9724244067735189,0.0
6.010276782070382,1.0,0.000158,0.01,0.0,53.104096853901865,0.9724244067735189,0.0
6.010276782070382,1.0,0.0002,0.01,0.0,53.104096853901865,0.9724244067735189,0.0
6.010276782070382,1.0,0.000251,0.01,0.0,53.104096853901865,0.9724244067735189,0.0
6.010276782070382,1.0,0.000316,0.01,0.0,53.104096853901865,0.9724244067735189,0.0
6.010276782070382,1.0,0.000398,0.01,0.0,53.104096853901865,0.9724244067735189,0.0
6.010276782070382,1.0,0.000501,0.01,0.0,53.104096853901865,0.9724244067735189,0.0
6.010276782070382,1.0,0.000631,0.01,0.0,53.104096853901865,0.9724244067735189,0.0
6.010276782070382,1.0,0.000794,0.01,0.0,53.104096853901865,0.9724244067735189,0.0
6.010276782070382,1.0,0.001,0.01,0.0,53.104096853901865,0.9724244067735189,0.0
6.010276782070382,1.0,0.00126,0.01,0.0,53.104096853901865,0.9724244067735189,0.0
6.010276782070382,1.0,0.00158,0.01,0.0,53.104096853901865,0.9724244067735189,0.0
6.010276782070382,1.0,0.002,0.01,0.0,53.104096853901865,0.9724244067735189,0.0
6.010276782070382,1.0,0.00251,0.01,0.0,53.104096853901865,0.9724244067735189,0.0
6.010276782070382,1.0,0.00316,0.01,0.0,53.104096853901865,0.9724244067735189,0.0
6.010276782070382,1.0,0.00398,0.01,0.0,53.104096853901865,0.9724244067735189,0.0
6.010276782070382,1.0,0.00501,0.01,0.0,53.104096853901865,0.9724244067735189,0.0
6.010276782070382,1.0,0.00631,0.01,0.0,53.104096853901865,0.9724244067735189,0.0
6.294988990221888,1.0,1e-06,0.01,0.0,53.233880546892344,0.9748009622210647,0.0
6.294988990221888,1.0,1.26e-06,0.01,0.0,53.233880546892344,0.9748009622210647,0.0
6.294988990221888,1.0,1.58e-06,0.01,0.0,53.233880546892344,0.9748009622210647,0.0
6.294988990221888,1.0,2e-06,0.01,0.0,53.233880546892344,0.9748009622210647,0.0
6.294988990221888,1.0,2.51e-06,0.01,0.0,53.233880546892344,0.9748009622210647,0.0
6.294988990221888,1.0,3.16e-06,0.01,0.0,53.233880546892344,0.9748009622210647,0.0
6.294988990221888,1.0,3.98e-06,0.01,0.0,53.233880546892344,0.9748009622210647,0.0
6.294988990221888,1.0,5.01e-06,0.01,6.666666666666667e-05,53.233880546892344,0.9748009622210647,42.58710443751389
6.294988990221888,1.0,7.94e-06,0.01,3.3333333333333335e-05,53.233880546892344,0.9748009622210647,21.293552218756943
6.294988990221888,1.0,1e-05,0.01,3.3333333333333335e-05,53.233880546892344,0.9748009622210647,21.293552218756943
6.294988990221888,1.0,1.26e-05,0.01,6.666666666666667e-05,53.233880546892344,0.9748009622210647,42.58710443751389
6.294988990221888,1.0,1.58e-05,0.01,3.3333333333333335e-05,53.233880546892344,0.9748009622210647,21.293552218756943
6.294988990221888,1.0,2e-05,0.01,0.00016666666666666666,53.233880546892344,0.9748009622210647,106.4677610937847
6.294988990221888,1.0,2.51e-05,0.01,0.00016666666666666666,53.233880546892344,0.9748009622210647,106.4677610937847
6.294988990221888,1.0,3.16e-05,0.01,0.0002,53.233880546892344,0.9748009622210647,127.76131331254165
6.294988990221888,1.0,3.98e-05,0.01,0.0003333333333333333,53.233880546892344,0.9748009622210647,212.9355221875694
6.294988990221888,1.0,6.31e-05,0.01,0.0001,53.233880546892344,0.9748009622210647,63.88065665627082
6.294988990221888,1.0,7.94e-05,0.01,6.666666666666667e-05,53.233880546892344,0.9748009622210647,42.58710443751389
6.294988990221888,1.0,0.0001,0.01,0.0,53.233880546892344,0.9748009622210647,0.0
6.294988990221888,1.0,0.000126,0.01,0.0,53.233880546892344,0.9748009622210647,0.0
6.294988990221888,1.0,0.000158,0.01,0.0,53.233880546892344,0.9748009622210647,0.0
6.294988990221888,1.0,0.0002,0.01,0.0,53.233880546892344,0.9748009622210647,0.0
6.294988990221888,1.0,0.000251,0.01,0.0,53.233880546892344,0.9748009622210647,0.0
6.294988990221888,1.0,0.000316,0.01,0.0,53.233880546892344,0.9748009622210647,0.0
6.294988990221888,1.0,0.000398,0.01,0.0,53.233880546892344,0.9748009622210647,0.0
6.294988990221888,1.0,0.000501,0.01,0.0,53.233880546892344,0.9748009622210647,0.0
6.294988990221888,1.0,0.000631,0.01,0.0,53.233880546892344,0.9748009622210647,0.0
6.294988990221888,1.0,0.000794,0.01,0.0,53.233880546892344,0.9748009622210647,0.0
6.294988990221888,1.0,0.001,0.01,0.0,53.233880546892344,0.9748009622210647,0.0
6.294988990221888,1.0,0.00126,0.01,0.0,53.233880546892344,0.9748009622210647,0.0
6.294988990221888,1.0,0.00158,0.01,0.0,53.233880546892344,0.9748009622210647,0.0
6.294988990221888,1.0,0.002,0.01,0.0,53.233880546892344,0.9748009622210647,0.0
6.294988990221888,1.0,0.00251,0.01,0.0,53.233880546892344,0.9748009622210647,0.0
6.294988990221888,1.0,0.00316,0.01,0.0,53.233880546892344,0.9748009622210647,0.0
6.294988990221888,1.0,0.00398,0.01,0.0,53.233880546892344,0.9748009622210647,0.0
6.294988990221888,1.0,0.00501,0.01,0.0,53.233880546892344,0.9748009622210647,0.0
6.294988990221888,1.0,0.00631,0.01,0.0,53.233880546892344,0.9748009622210647,0.0
6.593188271333548,1.0,1e-06,0.01,0.0,53.352743866550156,0.9769775474555971,0.0
6.593188271333548,1.0,1.26e-06,0.01,0.0,53.352743866550156,0.9769775474555971,0.0
6.593188271333548,1.0,1.58e-06,0.01,0.0,53.352743866550156,0.9769775474555971,0.0
6.593188271333548,1.0,2e-06,0.01,0.0,53.352743866550156,0.9769775474555971,0.0
6.593188271333548,1.0,2.51e-06,0.01,0.0,53.352743866550156,0.9769775474555971,0.0
6.593188271333548,1.0,3.16e-06,0.01,0.0,53.352743866550156,0.9769775474555971,0.0
6.593188271333548,1.0,3.98e-06,0.01,0.0,53.352743866550156,0.9769775474555971,0.0
6.593188271333548,1.0,5.01e-06,0.01,6.666666666666667e-05,53.352743866550156,0.9769775474555971,42.68219509324013
6.593188271333548,1.0,7.94e-06,0.01,3.3333333333333335e-05,53.352743866550156,0.9769775474555971,21.341097546620066
6.593188271333548,1.0,1e-05,0.01,3.3333333333333335e-05,53.352743866550156,0.9769775474555971,21.341097546620066
6.593188271333548,1.0,1.26e-05,0.01,6.666666666666667e-05,53.352743866550156,0.9769775474555971,42.68219509324013
6.593188271333548,1.0,1.58e-05,0.01,3.3333333333333335e-05,53.352743866550156,0.9769775474555971,21.341097546620066
6.593188271333548,1.0,2e-05,0.01,0.00016666666666666666,53.352743866550156,0.9769775474555971,106.70548773310031
6.593188271333548,1.0,2.51e-05,0.01,0.00016666666666666666,53.352743866550156,0.9769775474555971,106.70548773310031
6.593188271333548,1.0,3.16e-05,0.01,0.0002,53.352743866550156,0.9769775474555971,128.0465852797204
6.593188271333548,1.0,3.98e-05,0.01,0.0003333333333333333,53.352743866550156,0.9769775474555971,213.41097546620063
6.593188271333548,1.0,6.31e-05,0.01,0.0001,53.352743866550156,0.9769775474555971,64.0232926398602
6.593188271333548,1.0,7.94e-05,0.01,6.666666666666667e-05,53.352743866550156,0.9769775474555971,42.68219509324013
6.593188271333548,1.0,0.0001,0.01,0.0,53.352743866550156,0.9769775474555971,0.0
6.593188271333548,1.0,0.000126,0.01,0.0,53.352743866550156,0.9769775474555971,0.0
6.593188271333548,1.0,0.000158,0.01,0.0,53.352743866550156,0.9769775474555971,0.0
6.593188271333548,1.0,0.0002,0.01,0.0,53.352743866550156,0.9769775474555971,0.0
6.593188271333548,1.0,0.000251,0.01,0.0,53.352743866550156,0.9769775474555971,0.0
6.593188271333548,1.0,0.000316,0.01,0.0,53.352743866550156,0.9769775474555971,0.0
6.593188271333548,1.0,0.000398,0.01,0.0,53.352743866550156,0.9769775474555971,0.0
6.593188271333548,1.0,0.000501,0.01,0.0,53.352743866550156,0.9769775474555971,0.0
6.593188271333548,1.0,0.000631,0.01,0.0,53.352743866550156,0.9769775474555971,0.0
6.593188271333548,1.0,0.000794,0.01,0.0,53.352743866550156,0.9769775474555971,0.0
6.593188271333548,1.0,0.001,0.01,0.0,53.352743866550156,0.9769775474555971,0.0
6.593188271333548,1.0,0.00126,0.01,0.0,53.352743866550156,0.9769775474555971,0.0
6.593188271333548,1.0,0.00158,0.01,0.0,53.352743866550156,0.9769775474555971,0.0
6.593188271333548,1.0,0.002,0.01,0.0,53.352743866550156,0.9769775474555971,0.0
6.593188271333548,1.0,0.00251,0.01,0.0,53.352743866550156,0.9769775474555971,0.0
6.593188271333548,1.0,0.00316,0.01,0.0,53.352743866550156,0.9769775474555971,0.0
6.593188271333548,1.0,0.00398,0.01,0.0,53.352743866550156,0.9769775474555971,0.0
6.593188271333548,1.0,0.00501,0.01,0.0,53.352743866550156,0.9769775474555971,0.0
6.593188271333548,1.0,0.00631,0.01,0.0,53.352743866550156,0.9769775474555971,0.0
6.905513520162331,1.0,1e-06,0.01,0.0,53.461561772966455,0.9789701844527826,0.0
6.905513520162331,1.0,1.26e-06,0.01,0.0,53.461561772966455,0.9789701844527826,0.0
6.905513520162331,1.0,1.58e-06,0.01,0.0,53.461561772966455,0.9789701844527826,0.0
6.905513520162331,1.0,2e-06,0.01,0.0,53.461561772966455,0.9789701844527826,0.0
6.905513520162331,1.0,2.51e-06,0.01,0.0,53.461561772966455,0.9789701844527826,0.0
6.905513520162331,1.0,3.16e-06,0.01,0.0,53.461561772966455,0.9789701844527826,0.0
6.905513520162331,1.0,3.98e-06,0.01,0.0,53.461561772966455,0.9789701844527826,0.0
6.905513520162331,1.0,5.01e-06,0.01,6.666666666666667e-05,53.461561772966455,0.9789701844527826,42.769249418373164
6.905513520162331,1.0,7.94e-06,0.01,3.3333333333333335e-05,53.461561772966455,0.9789701844527826,21.384624709186582
6.905513520162331,1.0,1e-05,0.01,3.3333333333333335e-05,53.461561772966455,0.9789701844527826,21.384624709186582
6.905513520162331,1.0,1.26e-05,0.01,6.666666666666667e-05,53.461561772966455,0.9789701844527826,42.769249418373164
6.905513520162331,1.0,1.58e-05,0.01,3.3333333333333335e-05,53.461561772966455,0.9789701844527826,21.384624709186582
6.905513520162331,1.0,2e-05,0.01,0.00016666666666666666,53.461561772966455,0.9789701844527826,106.92312354593292
6.905513520162331,1.0,2.51e-05,0.01,0.00016666666666666666,53.461561772966455,0.9789701844527826,106.92312354593292
6.905513520162331,1.0,3.16e-05,0.01,0.0002,53.461561772966455,0.9789701844527826,128.3077482551195
6.905513520162331,1.0,3.98e-05,0.01,0.0003333333333333333,53.461561772966455,0.9789701844527826,213.84624709186585
6.905513520162331,1.0,6.31e-05,0.01,0.0001,53.461561772966455,0.9789701844527826,64.15387412755975
6.905513520162331,1.0,7.94e-05,0.01,6.666666666666667e-05,53.461561772966455,0.9789701844527826,42.769249418373164
6.905513520162331,1.0,0.0001,0.01,0.0,53.461561772966455,0.9789701844527826,0.0
6.905513520162331,1.0,0.000126,0.01,0.0,53.461561772966455,0.9789701844527826,0.0
6.905513520162331,1.0,0.000158,0.01,0.0,53.461561772966455,0.9789701844527826,0.0
6.905513520162331,1.0,0.0002,0.01,0.0,53.461561772966455,0.9789701844527826,0.0
6.905513520162331,1.0,0.000251,0.01,0.0,53.461561772966455,0.9789701844527826,0.0
6.905513520162331,1.0,0.000316,0.01,0.0,53.461561772966455,0.9789701844527826,0.0
6.905513520162331,1.0,0.000398,0.01,0.0,53.461561772966455,0.9789701844527826,0.0
6.905513520162331,1.0,0.000501,0.01,0.0,53.461561772966455,0.9789701844527826,0.0
6.905513520162331,1.0,0.000631,0.01,0.0,53.461561772966455,0.9789701844527826,0.0
6.905513520162331,1.0,0.000794,0.01,0.0,53.461561772966455,0.9789701844527826,0.0
6.905513520162331,1.0,0.001,0.01,0.0,53.461561772966455,0.9789701844527826,0.0
6.905513520162331,1.0,0.00126,0.01,0.0,53.461561772966455,0.9789701844527826,0.0
6.905513520162331,1.0,0.00158,0.01,0.0,53.461561772966455,0.9789701844527826,0.0
6.905513520162331,1.0,0.002,0.01,0.0,53.461561772966455,0.9789701844527826,0.0
6.905513520162331,1.0,0.00251,0.01,0.0,53.461561772966455,0.9789701844527826,0.0
6.905513520162331,1.0,0.00316,0.01,0.0,53.461561772966455,0.9789701844527826,0.0
6.905513520162331,1.0,0.00398,0.01,0.0,53.461561772966455,0.9789701844527826,0.0
6.905513520162331,1.0,0.00501,0.01,0.0,53.461561772966455,0.9789701844527826,0.0
6.905513520162331,1.0,0.00631,0.01,0.0,53.461561772966455,0.9789701844527826,0.0
7.2326338964835335,1.0,1e-06,0.01,0.0,53.56114643772997,0.9807937454262949,0.0
7.2326338964835335,1.0,1.26e-06,0.01,0.0,53.56114643772997,0.9807937454262949,0.0
7.2326338964835335,1.0,1.58e-06,0.01,0.0,53.56114643772997,0.9807937454262949,0.0
7.2326338964835335,1.0,2e-06,0.01,0.0,53.56114643772997,0.9807937454262949,0.0
7.2326338964835335,1.0,2.51e-06,0.01,0.0,53.56114643772997,0.9807937454262949,0.0
7.2326338964835335,1.0,3.16e-06,0.01,0.0,53.56114643772997,0.9807937454262949,0.0
7.2326338964835335,1.0,3.98e-06,0.01,0.0,53.56114643772997,0.9807937454262949,0.0
7.2326338964835335,1.0,5.01e-06,0.01,6.666666666666667e-05,53.56114643772997,0.9807937454262949,42.84891715018398
7.2326338964835335,1.0,7.94e-06,0.01,3.3333333333333335e-05,53.56114643772997,0.9807937454262949,21.42445857509199
7.2326338964835335,1.0,1e-05,0.01,3.3333333333333335e-05,53.56114643772997,0.9807937454262949,21.42445857509199
7.2326338964835335,1.0,1.26e-05,0.01,6.666666666666667e-05,53.56114643772997,0.9807937454262949,42.84891715018398
7.2326338964835335,1.0,1.58e-05,0.01,3.3333333333333335e-05,53.56114643772997,0.9807937454262949,21.42445857509199
7.2326338964835335,1.0,2e-05,0.01,0.00016666666666666666,53.56114643772997,0.9807937454262949,107.12229287545993
7.2326338964835335,1.0,2.51e-05,0.01,0.00016666666666666666,53.56114643772997,0.9807937454262949,107.12229287545993
7.2326338964835335,1.0,3.16e-05,0.01,0.0002,53.56114643772997,0.9807937454262949,128.5467514505519
7.2326338964835335,1.0,3.98e-05,0.01,0.0003333333333333333,53.56114643772997,0.9807937454262949,214.24458575091987
7.2326338964835335,1.0,6.31e-05,0.01,0.0001,53.56114643772997,0.9807937454262949,64.27337572527595
7.2326338964835335,1.0,7.94e-05,0.01,6.666666666666667e-05,53.56114643772997,0.9807937454262949,42.84891715018398
7.2326338964835335,1.0,0.0001,0.01,0.0,53.56114643772997,0.9807937454262949,0.0
7.2326338964835335,1.0,0.000126,0.01,0.0,53.56114643772997,0.9807937454262949,0.0
7.2326338964835335,1.0,0.000158,0.01,0.0,53.56114643772997,0.9807937454262949,0.0
7.2326338964835335,1.0,0.0002,0.01,0.0,53.56114643772997,0.9807937454262949,0.0
7.2326338964835335,1.0,0.000251,0.01,0.0,53.56114643772997,0.9807937454262949,0.0
7.2326338964835335,1.0,0.000316,0.01,0.0,53.56114643772997,0.9807937454262949,0.0
7.2326338964835335,1.0,0.000398,0.01,0.0,53.56114643772997,0.9807937454262949,0.0
7.2326338964835335,1.0,0.000501,0.01,0.0,53.56114643772997,0.9807937454262949,0.0
7.2326338964835335,1.0,0.000631,0.01,0.0,53.56114643772997,0.9807937454262949,0.0
7.2326338964835335,1.0,0.000794,0.01,0.0,53.56114643772997,0.9807937454262949,0.0
7.2326338964835335,1.0,0.001,0.01,0.0,53.56114643772997,0.9807937454262949,0.0
7.2326338964835335,1.0,0.00126,0.01,0.0,53.56114643772997,0.9807937454262949,0.0
7.2326338964835335,1.0,0.00158,0.01,0.0,53.56114643772997,0.9807937454262949,0.0
7.2326338964835335,1.0,0.002,0.01,0.0,53.56114643772997,0.9807937454262949,0.0
7.2326338964835335,1.0,0.00251,0.01,0.0,53.56114643772997,0.9807937454262949,0.0
7.2326338964835335,1.0,0.00316,0.01,0.0,53.56114643772997,0.9807937454262949,0.0
7.2326338964835335,1.0,0.00398,0.01,0.0,53.56114643772997,0.9807937454262949,0.0
7.2326338964835335,1.0,0.00501,0.01,0.0,53.56114643772997,0.9807937454262949,0.0
7.2326338964835335,1.0,0.00631,0.01,0.0,53.56114643772997,0.9807937454262949,0.0
7.575250258771913,1.0,1e-06,0.01,0.0,53.65225050427698,0.9824620125302505,0.0
7.575250258771913,1.0,1.26e-06,0.01,0.0,53.65225050427698,0.9824620125302505,0.0
7.575250258771913,1.0,1.58e-06,0.01,0.0,53.65225050427698,0.9824620125302505,0.0
7.575250258771913,1.0,2e-06,0.01,0.0,53.65225050427698,0.9824620125302505,0.0
7.575250258771913,1.0,2.51e-06,0.01,0.0,53.65225050427698,0.9824620125302505,0.0
7.575250258771913,1.0,3.16e-06,0.01,0.0,53.65225050427698,0.9824620125302505,0.0
7.575250258771913,1.0,3.98e-06,0.01,0.0,53.65225050427698,0.9824620125302505,0.0
7.575250258771913,1.0,5.01e-06,0.01,6.666666666666667e-05,53.65225050427698,0.9824620125302505,42.92180040342159
7.575250258771913,1.0,7.94e-06,0.01,3.3333333333333335e-05,53.65225050427698,0.9824620125302505,21.460900201710796
7.575250258771913,1.0,1e-05,0.01,3.3333333333333335e-05,53.65225050427698,0.9824620125302505,21.460900201710796
7.575250258771913,1.0,1.26e-05,0.01,6.666666666666667e-05,53.65225050427698,0.9824620125302505,42.92180040342159
7.575250258771913,1.0,1.58e-05,0.01,3.3333333333333335e-05,53.65225050427698,0.9824620125302505,21.460900201710796
7.575250258771913,1.0,2e-05,0.01,0.00016666666666666666,53.65225050427698,0.9824620125302505,107.30450100855397
7.575250258771913,1.0,2.51e-05,0.01,0.00016666666666666666,53.65225050427698,0.9824620125302505,107.30450100855397
7.575250258771913,1.0,3.16e-05,0.01,0.0002,53.65225050427698,0.9824620125302505,128.76540121026477
7.575250258771913,1.0,3.98e-05,0.01,0.0003333333333333333,53.65225050427698,0.9824620125302505,214.60900201710794
7.575250258771913,1.0,6.31e-05,0.01,0.0001,53.65225050427698,0.9824620125302505,64.38270060513238
7.575250258771913,1.0,7.94e-05,0.01,6.666666666666667e-05,53.65225050427698,0.9824620125302505,42.92180040342159
7.575250258771913,1.0,0.0001,0.01,0.0,53.65225050427698,0.9824620125302505,0.0
7.575250258771913,1.0,0.000126,0.01,0.0,53.65225050427698,0.9824620125302505,0.0
7.575250258771913,1.0,0.000158,0.01,0.0,53.65225050427698,0.9824620125302505,0.0
7.575250258771913,1.0,0.0002,0.01,0.0,53.65225050427698,0.9824620125302505,0.0
7.575250258771913,1.0,0.000251,0.01,0.0,53.65225050427698,0.9824620125302505,0.0
7.575250258771913,1.0,0.000316,0.01,0.0,53.65225050427698,0.9824620125302505,0.0
7.575250258771913,1.0,0.000398,0.01,0.0,53.65225050427698,0.9824620125302505,0.0
7.575250258771913,1.0,0.000501,0.01,0.0,53.65225050427698,0.9824620125302505,0.0
7.575250258771913,1.0,0.000631,0.01,0.0,53.65225050427698,0.9824620125302505,0.0
7.575250258771913,1.0,0.000794,0.01,0.0,53.65225050427698,0.9824620125302505,0.0
7.575250258771913,1.0,0.001,0.01,0.0,53.65225050427698,0.9824620125302505,0.0
7.575250258771913,1.0,0.00126,0.01,0.0,53.65225050427698,0.9824620125302505,0.0
7.575250258771913,1.0,0.00158,0.01,0.0,53.65225050427698,0.9824620125302505,0.0
7.575250258771913,1.0,0.002,0.01,0.0,53.65225050427698,0.9824620125302505,0.0
7.575250258771913,1.0,0.00251,0.01,0.0,53.65225050427698,0.9824620125302505,0.0
7.575250258771913,1.0,0.00316,0.01,0.0,53.65225050427698,0.9824620125302505,0.0
7.575250258771913,1.0,0.00398,0.01,0.0,53.65225050427698,0.9824620125302505,0.0
7.575250258771913,1.0,0.00501,0.01,0.0,53.65225050427698,0.9824620125302505,0.0
7.575250258771913,1.0,0.00631,0.01,0.0,53.65225050427698,0.9824620125302505,0.0
7.934096665797492,1.0,1e-06,0.01,0.0,53.735570407489156,0.9839877386465694,0.0
7.934096665797492,1.0,1.26e-06,0.01,0.0,53.735570407489156,0.9839877386465694,0.0
7.934096665797492,1.0,1.58e-06,0.01,0.0,53.735570407489156,0.9839877386465694,0.0
7.934096665797492,1.0,2e-06,0.01,0.0,53.735570407489156,0.9839877386465694,0.0
7.934096665797492,1.0,2.51e-06,0.01,0.0,53.735570407489156,0.9839877386465694,0.0
7.934096665797492,1.0,3.16e-06,0.01,0.0,53.735570407489156,0.9839877386465694,0.0
7.934096665797492,1.0,3.98e-06,0.01,0.0,53.735570407489156,0.9839877386465694,0.0
7.934096665797492,1.0,5.01e-06,0.01,6.666666666666667e-05,53.735570407489156,0.9839877386465694,42.988456325991336
7.934096665797492,1.0,7.94e-06,0.01,3.3333333333333335e-05,53.735570407489156,0.9839877386465694,21.494228162995668
7.934096665797492,1.0,1e-05,0.01,3.3333333333333335e-05,53.735570407489156,0.9839877386465694,21.494228162995668
7.934096665797492,1.0,1.26e-05,0.01,6.666666666666667e-05,53.735570407489156,0.9839877386465694,42.988456325991336
7.934096665797492,1.0,1.58e-05,0.01,3.3333333333333335e-05,53.735570407489156,0.9839877386465694,21.494228162995668
7.934096665797492,1.0,2e-05,0.01,0.00016666666666666666,53.735570407489156,0.9839877386465694,107.47114081497833
7.934096665797492,1.0,2.51e-05,0.01,0.00016666666666666666,53.735570407489156,0.9839877386465694,107.47114081497833
7.934096665797492,1.0,3.16e-05,0.01,0.0002,53.735570407489156,0.9839877386465694,128.96536897797398
7.934096665797492,1.0,3.98e-05,0.01,0.0003333333333333333,53.735570407489156,0.9839877386465694,214.94228162995665
7.934096665797492,1.0,6.31e-05,0.01,0.0001,53.735570407489156,0.9839877386465694,64.48268448898699
7.934096665797492,1.0,7.94e-05,0.01,6.666666666666667e-05,53.735570407489156,0.9839877386465694,42.988456325991336
7.934096665797492,1.0,0.0001,0.01,0.0,53.735570407489156,0.9839877386465694,0.0
7.934096665797492,1.0,0.000126,0.01,0.0,53.735570407489156,0.9839877386465694,0.0
7.934096665797492,1.0,0.000158,0.01,0.0,53.735570407489156,0.9839877386465694,0.0
7.934096665797492,1.0,0.0002,0.01,0.0,53.735570407489156,0.9839877386465694,0.0
7.934096665797492,1.0,0.000251,0.01,0.0,53.735570407489156,0.9839877386465694,0.0
7.934096665797492,1.0,0.000316,0.01,0.0,53.735570407489156,0.9839877386465694,0.0
7.934096665797492,1.0,0.000398,0.01,0.0,53.735570407489156,0.9839877386465694,0.0
7.934096665797492,1.0,0.000501,0.01,0.0,53.735570407489156,0.9839877386465694,0.0
7.934096665797492,1.0,0.000631,0.01,0.0,53.735570407489156,0.9839877386465694,0.0
7.934096665797492,1.0,0.000794,0.01,0.0,53.735570407489156,0.9839877386465694,0.0
7.934096665797492,1.0,0.001,0.01,0.0,53.735570407489156,0.9839877386465694,0.0
7.934096665797492,1.0,0.00126,0.01,0.0,53.735570407489156,0.9839877386465694,0.0
7.934096665797492,1.0,0.00158,0.01,0.0,53.735570407489156,0.9839877386465694,0.0
7.934096665797492,1.0,0.002,0.01,0.0,53.735570407489156,0.9839877386465694,0.0
7.934096665797492,1.0,0.00251,0.01,0.0,53.735570407489156,0.9839877386465694,0.0
7.934096665797492,1.0,0.00316,0.01,0.0,53.735570407489156,0.9839877386465694,0.0
7.934096665797492,1.0,0.00398,0.01,0.0,53.735570407489156,0.9839877386465694,0.0
7.934096665797492,1.0,0.00501,0.01,0.0,53.735570407489156,0.9839877386465694,0.0
7.934096665797492,1.0,0.00631,0.01,0.0,53.735570407489156,0.9839877386465694,0.0
8.309941949353396,1.0,1e-06,0.01,0.0,53.811749697640444,0.9853827082519766,0.0
8.309941949353396,1.0,1.26e-06,0.01,0.0,53.811749697640444,0.9853827082519766,0.0
8.309941949353396,1.0,1.58e-06,0.01,0.0,53.811749697640444,0.9853827082519766,0.0
8.309941949353396,1.0,2e-06,0.01,0.0,53.811749697640444,0.9853827082519766,0.0
8.309941949353396,1.0,2.51e-06,0.01,0.0,53.811749697640444,0.9853827082519766,0.0
8.309941949353396,1.0,3.16e-06,0.01,0.0,53.811749697640444,0.9853827082519766,0.0
8.309941949353396,1.0,3.98e-06,0.01,0.0,53.811749697640444,0.9853827082519766,0.0
8.309941949353396,1.0,5.01e-06,0.01,6.666666666666667e-05,53.811749697640444,0.9853827082519766,43.04939975811237
8.309941949353396,1.0,7.94e-06,0.01,3.3333333333333335e-05,53.811749697640444,0.9853827082519766,21.524699879056186
8.309941949353396,1.0,1e-05,0.01,3.3333333333333335e-05,53.811749697640444,0.9853827082519766,21.524699879056186
8.309941949353396,1.0,1.26e-05,0.01,6.666666666666667e-05,53.811749697640444,0.9853827082519766,43.04939975811237
8.309941949353396,1.0,1.58e-05,0.01,3.3333333333333335e-05,53.811749697640444,0.9853827082519766,21.524699879056186
8.309941949353396,1.0,2e-05,0.01,0.00016666666666666666,53.811749697640444,0.9853827082519766,107.6234993952809
8.309941949353396,1.0,2.51e-05,0.01,0.00016666666666666666,53.811749697640444,0.9853827082519766,107.6234993952809
8.309941949353396,1.0,3.16e-05,0.01,0.0002,53.811749697640444,0.9853827082519766,129.1481992743371
8.309941949353396,1.0,3.98e-05,0.01,0.0003333333333333333,53.811749697640444,0.9853827082519766,215.2469987905618
8.309941949353396,1.0,6.31e-05,0.01,0.0001,53.811749697640444,0.9853827082519766,64.57409963716854
8.309941949353396,1.0,7.94e-05,0.01,6.666666666666667e-05,53.811749697640444,0.9853827082519766,43.04939975811237
8.309941949353396,1.0,0.0001,0.01,0.0,53.811749697640444,0.9853827082519766,0.0
8.309941949353396,1.0,0.000126,0.01,0.0,53.811749697640444,0.9853827082519766,0.0
8.309941949353396,1.0,0.000158,0.01,0.0,53.811749697640444,0.9853827082519766,0.0
8.309941949353396,1.0,0.0002,0.01,0.0,53.811749697640444,0.9853827082519766,0.0
8.309941949353396,1.0,0.000251,0.01,0.0,53.811749697640444,0.9853827082519766,0.0
8.309941949353396,1.0,0.000316,0.01,0.0,53.811749697640444,0.9853827082519766,0.0
8.309941949353396,1.0,0.000398,0.01,0.0,53.811749697640444,0.9853827082519766,0.0
8.309941949353396,1.0,0.000501,0.01,0.0,53.811749697640444,0.9853827082519766,0.0
8.309941949353396,1.0,0.000631,0.01,0.0,53.811749697640444,0.9853827082519766,0.0
8.309941949353396,1.0,0.000794,0.01,0.0,53.811749697640444,0.9853827082519766,0.0
8.309941949353396,1.0,0.001,0.01,0.0,53.811749697640444,0.9853827082519766,0.0
8.309941949353396,1.0,0.00126,0.01,0.0,53.811749697640444,0.9853827082519766,0.0
8.309941949353396,1.0,0.00158,0.01,0.0,53.811749697640444,0.9853827082519766,0.0
8.309941949353396,1.0,0.002,0.01,0.0,53.811749697640444,0.9853827082519766,0.0
8.309941949353396,1.0,0.00251,0.01,0.0,53.811749697640444,0.9853827082519766,0.0
8.309941949353396,1.0,0.00316,0.01,0.0,53.811749697640444,0.9853827082519766,0.0
8.309941949353396,1.0,0.00398,0.01,0.0,53.811749697640444,0.9853827082519766,0.0
8.309941949353396,1.0,0.00501,0.01,0.0,53.811749697640444,0.9853827082519766,0.0
8.309941949353396,1.0,0.00631,0.01,0.0,53.811749697640444,0.9853827082519766,0.0
8.703591361485167,1.0,1e-06,0.01,0.0,53.88138232500524,0.9866577975646446,0.0
8.703591361485167,1.0,1.26e-06,0.01,0.0,53.88138232500524,0.9866577975646446,0.0
8.703591361485167,1.0,1.58e-06,0.01,0.0,53.88138232500524,0.9866577975646446,0.0
8.703591361485167,1.0,2e-06,0.01,0.0,53.88138232500524,0.9866577975646446,0.0
8.703591361485167,1.0,2.51e-06,0.01,0.0,53.88138232500524,0.9866577975646446,0.0
8.703591361485167,1.0,3.16e-06,0.01,0.0,53.88138232500524,0.9866577975646446,0.0
8.703591361485167,1.0,3.98e-06,0.01,0.0,53.88138232500524,0.9866577975646446,0.0
8.703591361485167,1.0,5.01e-06,0.01,6.666666666666667e-05,53.88138232500524,0.9866577975646446,43.1051058600042
8.703591361485167,1.0,7.94e-06,0.01,3.3333333333333335e-05,53.88138232500524,0.9866577975646446,21.5525529300021
8.703591361485167,1.0,1e-05,0.01,3.3333333333333335e-05,53.88138232500524,0.9866577975646446,21.5525529300021
8.703591361485167,1.0,1.26e-05,0.01,6.666666666666667e-05,53.88138232500524,0.9866577975646446,43.1051058600042
8.703591361485167,1.0,1.58e-05,0.01,3.3333333333333335e-05,53.88138232500524,0.9866577975646446,21.5525529300021
8.703591361485167,1.0,2e-05,0.01,0.00016666666666666666,53.88138232500524,0.9866577975646446,107.7627646500105
8.703591361485167,1.0,2.51e-05,0.01,0.00016666666666666666,53.88138232500524,0.9866577975646446,107.7627646500105
8.703591361485167,1.0,3.16e-05,0.01,0.0002,53.88138232500524,0.9866577975646446,129.3153175800126
8.703591361485167,1.0,3.98e-05,0.01,0.0003333333333333333,53.88138232500524,0.9866577975646446,215.525529300021
8.703591361485167,1.0,6.31e-05,0.01,0.0001,53.88138232500524,0.9866577975646446,64.6576587900063
8.703591361485167,1.0,7.94e-05,0.01,6.666666666666667e-05,53.88138232500524,0.9866577975646446,43.1051058600042
8.703591361485167,1.0,0.0001,0.01,0.0,53.88138232500524,0.9866577975646446,0.0
8.703591361485167,1.0,0.000126,0.01,0.0,53.88138232500524,0.9866577975646446,0.0
8.703591361485167,1.0,0.000158,0.01,0.0,53.88138232500524,0.9866577975646446,0.0
8.703591361485167,1.0,0.0002,0.01,0.0,53.88138232500524,0.9866577975646446,0.0
8.703591361485167,1.0,0.000251,0.01,0.0,53.88138232500524,0.9866577975646446,0.0
8.703591361485167,1.0,0.000316,0.01,0.0,53.88138232500524,0.9866577975646446,0.0
8.703591361485167,1.0,0.000398,0.01,0.0,53.88138232500524,0.9866577975646446,0.0
8.703591361485167,1.0,0.000501,0.01,0.0,53.88138232500524,0.9866577975646446,0.0
8.703591361485167,1.0,0.000631,0.01,0.0,53.88138232500524,0.9866577975646446,0.0
8.703591361485167,1.0,0.000794,0.01,0.0,53.88138232500524,0.9866577975646446,0.0
8.703591361485167,1.0,0.001,0.01,0.0,53.88138232500524,0.9866577975646446,0.0
8.703591361485167,1.0,0.00126,0.01,0.0,53.88138232500524,0.9866577975646446,0.0
8.703591361485167,1.0,0.00158,0.01,0.0,53.88138232500524,0.9866577975646446,0.0
8.703591361485167,1.0,0.002,0.01,0.0,53.88138232500524,0.9866577975646446,0.0
8.703591361485167,1.0,0.00251,0.01,0.0,53.88138232500524,0.9866577975646446,0.0
8.703591361485167,1.0,0.00316,0.01,0.0,53.88138232500524,0.9866577975646446,0.0
8.703591361485167,1.0,0.00398,0.01,0.0,53.88138232500524,0.9866577975646446,0.0
8.703591361485167,1.0,0.00501,0.01,0.0,53.88138232500524,0.9866577975646446,0.0
8.703591361485167,1.0,0.00631,0.01,0.0,53.88138232500524,0.9866577975646446,0.0
9.115888299750829,1.0,1e-06,0.01,0.0,53.9450158510311,0.9878230333461107,0.0
9.115888299750829,1.0,1.26e-06,0.01,0.0,53.9450158510311,0.9878230333461107,0.0
9.115888299750829,1.0,1.58e-06,0.01,0.0,53.9450158510311,0.9878230333461107,0.0
9.115888299750829,1.0,2e-06,0.01,0.0,53.9450158510311,0.9878230333461107,0.0
9.115888299750829,1.0,2.51e-06,0.01,0.0,53.9450158510311,0.9878230333461107,0.0
9.115888299750829,1.0,3.16e-06,0.01,0.0,53.9450158510311,0.9878230333461107,0.0
9.115888299750829,1.0,3.98e-06,0.01,0.0,53.9450158510311,0.9878230333461107,0.0
9.115888299750829,1.0,5.01e-06,0.01,6.666666666666667e-05,53.9450158510311,0.9878230333461107,43.15601268082489
9.115888299750829,1.0,7.94e-06,0.01,3.3333333333333335e-05,53.9450158510311,0.9878230333461107,21.578006340412443
9.115888299750829,1.0,1e-05,0.01,3.3333333333333335e-05,53.9450158510311,0.9878230333461107,21.578006340412443
9.115888299750829,1.0,1.26e-05,0.01,6.666666666666667e-05,53.9450158510311,0.9878230333461107,43.15601268082489
9.115888299750829,1.0,1.58e-05,0.01,3.3333333333333335e-05,53.9450158510311,0.9878230333461107,21.578006340412443
9.115888299750829,1.0,2e-05,0.01,0.00016666666666666666,53.9450158510311,0.9878230333461107,107.8900317020622
9.115888299750829,1.0,2.51e-05,0.01,0.00016666666666666666,53.9450158510311,0.9878230333461107,107.8900317020622
9.115888299750829,1.0,3.16e-05,0.01,0.0002,53.9450158510311,0.9878230333461107,129.46803804247466
9.115888299750829,1.0,3.98e-05,0.01,0.0003333333333333333,53.9450158510311,0.9878230333461107,215.7800634041244
9.115888299750829,1.0,6.31e-05,0.01,0.0001,53.9450158510311,0.9878230333461107,64.73401902123733
9.115888299750829,1.0,7.94e-05,0.01,6.666666666666667e-05,53.9450158510311,0.9878230333461107,43.15601268082489
9.115888299750829,1.0,0.0001,0.01,0.0,53.9450158510311,0.9878230333461107,0.0
9.115888299750829,1.0,0.000126,0.01,0.0,53.9450158510311,0.9878230333461107,0.0
9.115888299750829,1.0,0.000158,0.01,0.0,53.9450158510311,0.9878230333461107,0.0
9.115888299750829,1.0,0.0002,0.01,0.0,53.9450158510311,0.9878230333461107,0.0
9.115888299750829,1.0,0.000251,0.01,0.0,53.9450158510311,0.9878230333461107,0.0
9.115888299750829,1.0,0.000316,0.01,0.0,53.9450158510311,0.9878230333461107,0.0
9.115888299750829,1.0,0.000398,0.01,0.0,53.9450158510311,0.9878230333461107,0.0
9.115888299750829,1.0,0.000501,0.01,0.0,53.9450158510311,0.9878230333461107,0.0
9.115888299750829,1.0,0.000631,0.01,0.0,53.9450158510311,0.9878230333461107,0.0
9.115888299750829,1.0,0.000794,0.01,0.0,53.9450158510311,0.9878230333461107,0.0
9.115888299750829,1.0,0.001,0.01,0.0,53.9450158510311,0.9878230333461107,0.0
9.115888299750829,1.0,0.00126,0.01,0.0,53.9450158510311,0.9878230333461107,0.0
9.115888299750829,1.0,0.00158,0.01,0.0,53.9450158510311,0.9878230333461107,0.0
9.115888299750829,1.0,0.002,0.01,0.0,53.9450158510311,0.9878230333461107,0.0
9.115888299750829,1.0,0.00251,0.01,0.0,53.9450158510311,0.9878230333461107,0.0
9.115888299750829,1.0,0.00316,0.01,0.0,53.9450158510311,0.9878230333461107,0.0
9.115888299750829,1.0,0.00398,0.01,0.0,53.9450158510311,0.9878230333461107,0.0
9.115888299750829,1.0,0.00501,0.01,0.0,53.9450158510311,0.9878230333461107,0.0
9.115888299750829,1.0,0.00631,0.01,0.0,53.9450158510311,0.9878230333461107,0.0
9.547716114208056,1.0,1e-06,0.01,0.0,54.003154560105145,0.9888876498828996,0.0
9.547716114208056,1.0,1.26e-06,0.01,0.0,54.003154560105145,0.9888876498828996,0.0
9.547716114208056,1.0,1.58e-06,0.01,0.0,54.003154560105145,0.9888876498828996,0.0
9.547716114208056,1.0,2e-06,0.01,0.0,54.003154560105145,0.9888876498828996,0.0
9.547716114208056,1.0,2.51e-06,0.01,0.0,54.003154560105145,0.9888876498828996,0.0
9.547716114208056,1.0,3.16e-06,0.01,0.0,54.003154560105145,0.9888876498828996,0.0
9.547716114208056,1.0,3.98e-06,0.01,0.0,54.003154560105145,0.9888876498828996,0.0
9.547716114208056,1.0,5.01e-06,0.01,6.666666666666667e-05,54.003154560105145,0.9888876498828996,43.20252364808412
9.547716114208056,1.0,7.94e-06,0.01,3.3333333333333335e-05,54.003154560105145,0.9888876498828996,21.60126182404206
9.547716114208056,1.0,1e-05,0.01,3.3333333333333335e-05,54.003154560105145,0.9888876498828996,21.60126182404206
9.547716114208056,1.0,1.26e-05,0.01,6.666666666666667e-05,54.003154560105145,0.9888876498828996,43.20252364808412
9.547716114208056,1.0,1.58e-05,0.01,3.3333333333333335e-05,54.003154560105145,0.9888876498828996,21.60126182404206
9.547716114208056,1.0,2e-05,0.01,0.00016666666666666666,54.003154560105145,0.9888876498828996,108.00630912021029
9.547716114208056,1.0,2.51e-05,0.01,0.00016666666666666666,54.003154560105145,0.9888876498828996,108.00630912021029
9.547716114208056,1.0,3.16e-05,0.01,0.0002,54.003154560105145,0.9888876498828996,129.60757094425236
9.547716114208056,1.0,3.98e-05,0.01,0.0003333333333333333,54.003154560105145,0.9888876498828996,216.01261824042058
9.547716114208056,1.0,6.31e-05,0.01,0.0001,54.003154560105145,0.9888876498828996,64.80378547212618
9.547716114208056,1.0,7.94e-05,0.01,6.666666666666667e-05,54.003154560105145,0.9888876498828996,43.20252364808412
9.547716114208056,1.0,0.0001,0.01,0.0,54.003154560105145,0.9888876498828996,0.0
9.547716114208056,1.0,0.000126,0.01,0.0,54.003154560105145,0.9888876498828996,0.0
9.547716114208056,1.0,0.000158,0.01,0.0,54.003154560105145,0.9888876498828996,0.0
9.547716114208056,1.0,0.0002,0.01,0.0,54.003154560105145,0.9888876498828996,0.0
9.547716114208056,1.0,0.000251,0.01,0.0,54.003154560105145,0.9888876498828996,0.0
9.547716114208056,1.0,0.000316,0.01,0.0,54.003154560105145,0.9888876498828996,0.0
9.547716114208056,1.0,0.000398,0.01,0.0,54.003154560105145,0.9888876498828996,0.0
9.547716114208056,1.0,0.000501,0.01,0.0,54.003154560105145,0.9888876498828996,0.0
9.547716114208056,1.0,0.000631,0.01,0.0,54.003154560105145,0.9888876498828996,0.0
9.547716114208056,1.0,0.000794,0.01,0.0,54.003154560105145,0.9888876498828996,0.0
9.547716114208056,1.0,0.001,0.01,0.0,54.003154560105145,0.9888876498828996,0.0
9.547716114208056,1.0,0.00126,0.01,0.0,54.003154560105145,0.9888876498828996,0.0
9.547716114208056,1.0,0.00158,0.01,0.0,54.003154560105145,0.9888876498828996,0.0
9.547716114208056,1.0,0.002,0.01,0.0,54.003154560105145,0.9888876498828996,0.0
9.547716114208056,1.0,0.00251,0.01,0.0,54.003154560105145,0.9888876498828996,0.0
9.547716114208056,1.0,0.00316,0.01,0.0,54.003154560105145,0.9888876498828996,0.0
9.547716114208056,1.0,0.00398,0.01,0.0,54.003154560105145,0.9888876498828996,0.0
9.547716114208056,1.0,0.00501,0.01,0.0,54.003154560105145,0.9888876498828996,0.0
9.547716114208056,1.0,0.00631,0.01,0.0,54.003154560105145,0.9888876498828996,0.0
10.0,1.0,1e-06,0.01,0.0,54.05626245276372,0.9898601437971749,0.0
10.0,1.0,1.26e-06,0.01,0.0,54.05626245276372,0.9898601437971749,0.0
10.0,1.0,1.58e-06,0.01,0.0,54.05626245276372,0.9898601437971749,0.0
10.0,1.0,2e-06,0.01,0.0,54.05626245276372,0.9898601437971749,0.0
10.0,1.0,2.51e-06,0.01,0.0,54.05626245276372,0.9898601437971749,0.0
10.0,1.0,3.16e-06,0.01,0.0,54.05626245276372,0.9898601437971749,0.0
10.0,1.0,3.98e-06,0.01,0.0,54.05626245276372,0.9898601437971749,0.0
10.0,1.0,5.01e-06,0.01,6.666666666666667e-05,54.05626245276372,0.9898601437971749,43.24500996221098
10.0,1.0,7.94e-06,0.01,3.3333333333333335e-05,54.05626245276372,0.9898601437971749,21.62250498110549
10.0,1.0,1e-05,0.01,3.3333333333333335e-05,54.05626245276372,0.9898601437971749,21.62250498110549
10.0,1.0,1.26e-05,0.01,6.666666666666667e-05,54.05626245276372,0.9898601437971749,43.24500996221098
10.0,1.0,1.58e-05,0.01,3.3333333333333335e-05,54.05626245276372,0.9898601437971749,21.62250498110549
10.0,1.0,2e-05,0.01,0.00016666666666666666,54.05626245276372,0.9898601437971749,108.11252490552744
10.0,1.0,2.51e-05,0.01,0.00016666666666666666,54.05626245276372,0.9898601437971749,108.11252490552744
10.0,1.0,3.16e-05,0.01,0.0002,54.05626245276372,0.9898601437971749,129.73502988663293
10.0,1.0,3.98e-05,0.01,0.0003333333333333333,54.05626245276372,0.9898601437971749,216.22504981105487
10.0,1.0,6.31e-05,0.01,0.0001,54.05626245276372,0.9898601437971749,64.86751494331646
10.0,1.0,7.94e-05,0.01,6.666666666666667e-05,54.05626245276372,0.9898601437971749,43.24500996221098
10.0,1.0,0.0001,0.01,0.0,54.05626245276372,0.9898601437971749,0.0
10.0,1.0,0.000126,0.01,0.0,54.05626245276372,0.9898601437971749,0.0
10.0,1.0,0.000158,0.01,0.0,54.05626245276372,0.9898601437971749,0.0
10.0,1.0,0.0002,0.01,0.0,54.05626245276372,0.9898601437971749,0.0
10.0,1.0,0.000251,0.01,0.0,54.05626245276372,0.9898601437971749,0.0
10.0,1.0,0.000316,0.01,0.0,54.05626245276372,0.9898601437971749,0.0
10.0,1.0,0.000398,0.01,0.0,54.05626245276372,0.9898601437971749,0.0
10.0,1.0,0.000501,0.01,0.0,54.05626245276372,0.9898601437971749,0.0
10.0,1.0,0.000631,0.01,0.0,54.05626245276372,0.9898601437971749,0.0
10.0,1.0,0.000794,0.01,0.0,54.05626245276372,0.9898601437971749,0.0
10.0,1.0,0.001,0.01,0.0,54.05626245276372,0.9898601437971749,0.0
10.0,1.0,0.00126,0.01,0.0,54.05626245276372,0.9898601437971749,0.0
10.0,1.0,0.00158,0.01,0.0,54.05626245276372,0.9898601437971749,0.0
10.0,1.0,0.002,0.01,0.0,54.05626245276372,0.9898601437971749,0.0
10.0,1.0,0.00251,0.01,0.0,54.05626245276372,0.9898601437971749,0.0
10.0,1.0,0.00316,0.01,0.0,54.05626245276372,0.9898601437971749,0.0
10.0,1.0,0.00398,0.01,0.0,54.05626245276372,0.9898601437971749,0.0
10.0,1.0,0.00501,0.01,0.0,54.05626245276372,0.9898601437971749,0.0
10.0,1.0,0.00631,0.01,0.0,54.05626245276372,0.9898601437971749,0.0
