C_Zh,mass,CaPhi,BR_mu,acceptance,cross_section_pb,BR_h_to_Za,N_signal
0.001,1.0,3.16e-07,0.1,0.0,5.331062748960671e-05,9.762063264897768e-07,0.0
0.001,1.0,3.98e-07,0.1,0.0,5.331062748960671e-05,9.762063264897768e-07,0.0
0.001,1.0,5.01e-07,0.1,0.0,5.331062748960671e-05,9.762063264897768e-07,0.0
0.001,1.0,6.31e-07,0.1,0.0,5.331062748960671e-05,9.762063264897768e-07,0.0
0.001,1.0,7.94e-07,0.1,0.0,5.331062748960671e-05,9.762063264897768e-07,0.0
0.001,1.0,1e-06,0.1,0.0,5.331062748960671e-05,9.762063264897768e-07,0.0
0.001,1.0,1.26e-06,0.1,0.0,5.331062748960671e-05,9.762063264897768e-07,0.0
0.001,1.0,1.58e-06,0.1,0.0,5.331062748960671e-05,9.762063264897768e-07,0.0
0.001,1.0,2e-06,0.1,0.0,5.331062748960671e-05,9.762063264897768e-07,0.0
0.001,1.0,2.51e-06,0.1,3.3333333333333335e-05,5.331062748960671e-05,9.762063264897768e-07,0.00021324250995842687
0.001,1.0,3.98e-06,0.1,0.0001,5.331062748960671e-05,9.762063264897768e-07,0.0006397275298752806
0.001,1.0,5.01e-06,0.1,6.666666666666667e-05,5.331062748960671e-05,9.762063264897768e-07,0.00042648501991685375
0.001,1.0,7.94e-06,0.1,6.666666666666667e-05,5.331062748960671e-05,9.762063264897768e-07,0.00042648501991685375
0.001,1.0,1e-05,0.1,6.666666666666667e-05,5.331062748960671e-05,9.762063264897768e-07,0.00042648501991685375
0.001,1.0,1.26e-05,0.1,0.00023333333333333333,5.331062748960671e-05,9.762063264897768e-07,0.001492697569708988
0.001,1.0,1.58e-05,0.1,0.0001,5.331062748960671e-05,9.762063264897768e-07,0.0006397275298752806
0.001,1.0,2.51e-05,0.1,0.0005,5.331062748960671e-05,9.762063264897768e-07,0.0031986376493764027
0.001,1.0,3.16e-05,0.1,0.0006,5.331062748960671e-05,9.762063264897768e-07,0.0038383651792516828
0.001,1.0,3.98e-05,0.1,0.0011,5.331062748960671e-05,9.762063264897768e-07,0.007037002828628087
0.001,1.0,5.01e-05,0.1,0.0013333333333333333,5.331062748960671e-05,9.762063264897768e-07,0.008529700398337075
0.001,1.0,6.31e-05,0.1,0.0018666666666666666,5.331062748960671e-05,9.762063264897768e-07,0.011941580557671904
0.001,1.0,7.94e-05,0.1,0.0018,5.331062748960671e-05,9.762063264897768e-07,0.01151509553775505
0.001,1.0,0.0001,0.1,0.0017666666666666666,5.331062748960671e-05,9.762063264897768e-07,0.011301853027796623
0.001,1.0,0.000126,0.1,0.0021,5.331062748960671e-05,9.762063264897768e-07,0.013434278127380891
0.001,1.0,0.000158,0.1,0.0012333333333333332,5.331062748960671e-05,9.762063264897768e-07,0.007889972868461794
0.001,1.0,0.0002,0.1,0.0005,5.331062748960671e-05,9.762063264897768e-07,0.0031986376493764027
0.001,1.0,0.000251,0.1,0.0002,5.331062748960671e-05,9.762063264897768e-07,0.0012794550597505611
0.001,1.0,0.000316,0.1,3.3333333333333335e-05,5.331062748960671e-05,9.762063264897768e-07,0.00021324250995842687
0.001,1.0,0.000398,0.1,3.3333333333333335e-05,5.331062748960671e-05,9.762063264897768e-07,0.00021324250995842687
0.001,1.0,0.000501,0.1,0.0,5.331062748960671e-05,9.762063264897768e-07,0.0
0.001,1.0,0.000631,0.1,0.0,5.331062748960671e-05,9.762063264897768e-07,0.0
0.001,1.0,0.000794,0.1,0.0,5.331062748960671e-05,9.762063264897768e-07,0.0
0.001,1.0,0.001,0.1,0.0,5.331062748960671e-05,9.762063264897768e-07,0.0
0.001,1.0,0.00126,0.1,0.0,5.331062748960671e-05,9.762063264897768e-07,0.0
0.001,1.0,0.00158,0.1,0.0,5.331062748960671e-05,9.762063264897768e-07,0.0
0.001,1.0,0.002,0.1,0.0,5.331062748960671e-05,9.762063264897768e-07,0.0
0.001,1.0,0.00251,0.1,0.0,5.331062748960671e-05,9.762063264897768e-07,0.0
0.001,1.0,0.00316,0.1,0.0,5.331062748960671e-05,9.762063264897768e-07,0.0
0.001,1.0,0.00398,0.1,0.0,5.331062748960671e-05,9.762063264897768e-07,0.0
0.001,1.0,0.00501,0.1,0.0,5.331062748960671e-05,9.762063264897768e-07,0.0
0.001,1.0,0.00631,0.1,0.0,5.331062748960671e-05,9.762063264897768e-07,0.0
0.0010473708979594498,1.0,3.16e-07,0.1,0.0,5.848099569595742e-05,1.07088437458263e-06,0.0
0.0010473708979594498,1.0,3.98e-07,0.1,0.0,5.848099569595742e-05,1.07088437458263e-06,0.0
0.0010473708979594498,1.0,5.01e-07,0.1,0.0,5.848099569595742e-05,1.07088437458263e-06,0.0
0.0010473708979594498,1.0,6.31e-07,0.1,0.0,5.848099569595742e-05,1.07088437458263e-06,0.0
0.0010473708979594498,1.0,7.94e-07,0.1,0.0,5.848099569595742e-05,1.07088437458263e-06,0.0
0.0010473708979594498,1.0,1e-06,0.1,0.0,5.848099569595742e-05,1.07088437458263e-06,0.0
0.0010473708979594498,1.0,1.26e-06,0.1,0.0,5.848099569595742e-05,1.07088437458263e-06,0.0
0.0010473708979594498,1.0,1.58e-06,0.1,0.0,5.848099569595742e-05,1.07088437458263e-06,0.0
0.0010473708979594498,1.0,2e-06,0.1,0.0,5.848099569595742e-05,1.07088437458263e-06,0.0
0.0010473708979594498,1.0,2.51e-06,0.1,3.3333333333333335e-05,5.848099569595742e-05,1.07088437458263e-06,0.00023392398278382972
0.0010473708979594498,1.0,3.98e-06,0.1,0.0001,5.848099569595742e-05,1.07088437458263e-06,0.0007017719483514893
0.0010473708979594498,1.0,5.01e-06,0.1,6.666666666666667e-05,5.848099569595742e-05,1.07088437458263e-06,0.00046784796556765943
0.0010473708979594498,1.0,7.94e-06,0.1,6.666666666666667e-05,5.848099569595742e-05,1.07088437458263e-06,0.00046784796556765943
0.0010473708979594498,1.0,1e-05,0.1,6.666666666666667e-05,5.848099569595742e-05,1.07088437458263e-06,0.00046784796556765943
0.0010473708979594498,1.0,1.26e-05,0.1,0.00023333333333333333,5.848099569595742e-05,1.07088437458263e-06,0.001637467879486808
0.0010473708979594498,1.0,1.58e-05,0.1,0.0001,5.848099569595742e-05,1.07088437458263e-06,0.0007017719483514893
0.0010473708979594498,1.0,2.51e-05,0.1,0.0005,5.848099569595742e-05,1.07088437458263e-06,0.0035088597417574454
0.0010473708979594498,1.0,3.16e-05,0.1,0.0006,5.848099569595742e-05,1.07088437458263e-06,0.004210631690108934
0.0010473708979594498,1.0,3.98e-05,0.1,0.0011,5.848099569595742e-05,1.07088437458263e-06,0.007719491431866381
0.0010473708979594498,1.0,5.01e-05,0.1,0.0013333333333333333,5.848099569595742e-05,1.07088437458263e-06,0.009356959311353188
0.0010473708979594498,1.0,6.31e-05,0.1,0.0018666666666666666,5.848099569595742e-05,1.07088437458263e-06,0.013099743035894463
0.0010473708979594498,1.0,7.94e-05,0.1,0.0018,5.848099569595742e-05,1.07088437458263e-06,0.012631895070326804
0.0010473708979594498,1.0,0.0001,0.1,0.0017666666666666666,5.848099569595742e-05,1.07088437458263e-06,0.012397971087542974
0.0010473708979594498,1.0,0.000126,0.1,0.0021,5.848099569595742e-05,1.07088437458263e-06,0.014737210915381271
0.0010473708979594498,1.0,0.000158,0.1,0.0012333333333333332,5.848099569595742e-05,1.07088437458263e-06,0.008655187363001698
0.0010473708979594498,1.0,0.0002,0.1,0.0005,5.848099569595742e-05,1.07088437458263e-06,0.0035088597417574454
0.0010473708979594498,1.0,0.000251,0.1,0.0002,5.848099569595742e-05,1.07088437458263e-06,0.0014035438967029785
0.0010473708979594498,1.0,0.000316,0.1,3.3333333333333335e-05,5.848099569595742e-05,1.07088437458263e-06,0.00023392398278382972
0.0010473708979594498,1.0,0.000398,0.1,3.3333333333333335e-05,5.848099569595742e-05,1.07088437458263e-06,0.00023392398278382972
0.0010473708979594498,1.0,0.000501,0.1,0.0,5.848099569595742e-05,1.07088437458263e-06,0.0
0.0010473708979594498,1.0,0.000631,0.1,0.0,5.848099569595742e-05,1.07088437458263e-06,0.0
0.0010473708979594498,1.0,0.000794,0.1,0.0,5.848099569595742e-05,1.07088437458263e-06,0.0
0.0010473708979594498,1.0,0.001,0.1,0.0,5.848099569595742e-05,1.07088437458263e-06,0.0
0.0010473708979594498,1.0,0.00126,0.1,0.0,5.848099569595742e-05,1.07088437458263e-06,0.0
0.0010473708979594498,1.0,0.00158,0.1,0.0,5.848099569595742e-05,1.07088437458263e-06,0.0
0.0010473708979594498,1.0,0.002,0.1,0.0,5.848099569595742e-05,1.07088437458263e-06,0.0
0.0010473708979594498,1.0,0.00251,0.1,0.0,5.848099569595742e-05,1.07088437458263e-06,0.0
0.0010473708979594498,1.0,0.00316,0.1,0.0,5.848099569595742e-05,1.07088437458263e-06,0.0
0.0010473708979594498,1.0,0.00398,0.1,0.0,5.848099569595742e-05,1.07088437458263e-06,0.0
0.0010473708979594498,1.0,0.00501,0.1,0.0,5.848099569595742e-05,1.07088437458263e-06,0.0
0.0010473708979594498,1.0,0.00631,0.1,0.0,5.848099569595742e-05,1.07088437458263e-06,0.0
0.001096985797892384,1.0,3.16e-07,0.1,0.0,6.415281506212264e-05,1.1747448280923392e-06,0.0
0.001096985797892384,1.0,3.98e-07,0.1,0.0,6.415281506212264e-05,1.1747448280923392e-06,0.0
0.001096985797892384,1.0,5.01e-07,0.1,0.0,6.415281506212264e-05,1.1747448280923392e-06,0.0
0.001096985797892384,1.0,6.31e-07,0.1,0.0,6.415281506212264e-05,1.1747448280923392e-06,0.0
0.001096985797892384,1.0,7.94e-07,0.1,0.0,6.415281506212264e-05,1.1747448280923392e-06,0.0
0.001096985797892384,1.0,1e-06,0.1,0.0,6.415281506212264e-05,1.1747448280923392e-06,0.0
0.001096985797892384,1.0,1.26e-06,0.1,0.0,6.415281506212264e-05,1.1747448280923392e-06,0.0
0.001096985797892384,1.0,1.58e-06,0.1,0.0,6.415281506212264e-05,1.1747448280923392e-06,0.0
0.001096985797892384,1.0,2e-06,0.1,0.0,6.415281506212264e-05,1.1747448280923392e-06,0.0
0.001096985797892384,1.0,2.51e-06,0.1,3.3333333333333335e-05,6.415281506212264e-05,1.1747448280923392e-06,0.0002566112602484906
0.001096985797892384,1.0,3.98e-06,0.1,0.0001,6.415281506212264e-05,1.1747448280923392e-06,0.0007698337807454719
0.001096985797892384,1.0,5.01e-06,0.1,6.666666666666667e-05,6.415281506212264e-05,1.1747448280923392e-06,0.0005132225204969812
0.001096985797892384,1.0,7.94e-06,0.1,6.666666666666667e-05,6.415281506212264e-05,1.1747448280923392e-06,0.0005132225204969812
0.001096985797892384,1.0,1e-05,0.1,6.666666666666667e-05,6.415281506212264e-05,1.1747448280923392e-06,0.0005132225204969812
0.001096985797892384,1.0,1.26e-05,0.1,0.00023333333333333333,6.415281506212264e-05,1.1747448280923392e-06,0.0017962788217394344
0.001096985797892384,1.0,1.58e-05,0.1,0.0001,6.415281506212264e-05,1.1747448280923392e-06,0.0007698337807454719
0.001096985797892384,1.0,2.51e-05,0.1,0.0005,6.415281506212264e-05,1.1747448280923392e-06,0.003849168903727359
0.001096985797892384,1.0,3.16e-05,0.1,0.0006,6.415281506212264e-05,1.1747448280923392e-06,0.0046190026844728305
0.001096985797892384,1.0,3.98e-05,0.1,0.0011,6.415281506212264e-05,1.1747448280923392e-06,0.00846817158820019
0.001096985797892384,1.0,5.01e-05,0.1,0.0013333333333333333,6.415281506212264e-05,1.1747448280923392e-06,0.010264450409939624
0.001096985797892384,1.0,6.31e-05,0.1,0.0018666666666666666,6.415281506212264e-05,1.1747448280923392e-06,0.014370230573915475
0.001096985797892384,1.0,7.94e-05,0.1,0.0018,6.415281506212264e-05,1.1747448280923392e-06,0.01385700805341849
0.001096985797892384,1.0,0.0001,0.1,0.0017666666666666666,6.415281506212264e-05,1.1747448280923392e-06,0.013600396793170001
0.001096985797892384,1.0,0.000126,0.1,0.0021,6.415281506212264e-05,1.1747448280923392e-06,0.016166509395654907
0.001096985797892384,1.0,0.000158,0.1,0.0012333333333333332,6.415281506212264e-05,1.1747448280923392e-06,0.009494616629194153
0.001096985797892384,1.0,0.0002,0.1,0.0005,6.415281506212264e-05,1.1747448280923392e-06,0.003849168903727359
0.001096985797892384,1.0,0.000251,0.1,0.0002,6.415281506212264e-05,1.1747448280923392e-06,0.0015396675614909438
0.001096985797892384,1.0,0.000316,0.1,3.3333333333333335e-05,6.415281506212264e-05,1.1747448280923392e-06,0.0002566112602484906
0.001096985797892384,1.0,0.000398,0.1,3.3333333333333335e-05,6.415281506212264e-05,1.1747448280923392e-06,0.0002566112602484906
0.001096985797892384,1.0,0.000501,0.1,0.0,6.415281506212264e-05,1.1747448280923392e-06,0.0
0.001096985797892384,1.0,0.000631,0.1,0.0,6.415281506212264e-05,1.1747448280923392e-06,0.0
0.001096985797892384,1.0,0.000794,0.1,0.0,6.415281506212264e-05,1.1747448280923392e-06,0.0
0.001096985797892384,1.0,0.001,0.1,0.0,6.415281506212264e-05,1.1747448280923392e-06,0.0
0.001096985797892384,1.0,0.00126,0.1,0.0,6.415281506212264e-05,1.1747448280923392e-06,0.0
0.001096985797892384,1.0,0.00158,0.1,0.0,6.415281506212264e-05,1.1747448280923392e-06,0.0
0.001096985797892384,1.0,0.002,0.1,0.0,6.415281506212264e-05,1.1747448280923392e-06,0.0
0.001096985797892384,1.0,0.00251,0.1,0.0,6.415281506212264e-05,1.1747448280923392e-06,0.0
0.001096985797892384,1.0,0.00316,0.1,0.0,6.415281506212264e-05,1.1747448280923392e-06,0.0
0.001096985797892384,1.0,0.00398,0.1,0.0,6.415281506212264e-05,1.1747448280923392e-06,0.0
0.001096985797892384,1.0,0.00501,0.1,0.0,6.415281506212264e-05,1.1747448280923392e-06,0.0
0.001096985797892384,1.0,0.00631,0.1,0.0,6.415281506212264e-05,1.1747448280923392e-06,0.0
0.0011489510001873086,1.0,3.16e-07,0.1,0.0,7.037471899992243e-05,1.2886782457411176e-06,0.0
0.0011489510001873086,1.0,3.98e-07,0.1,0.0,7.037471899992243e-05,1.2886782457411176e-06,0.0
0.0011489510001873086,1.0,5.01e-07,0.1,0.0,7.037471899992243e-05,1.2886782457411176e-06,0.0
0.0011489510001873086,1.0,6.31e-07,0.1,0.0,7.037471899992243e-05,1.2886782457411176e-06,0.0
0.0011489510001873086,1.0,7.94e-07,0.1,0.0,7.037471899992243e-05,1.2886782457411176e-06,0.0
0.0011489510001873086,1.0,1e-06,0.1,0.0,7.037471899992243e-05,1.2886782457411176e-06,0.0
0.0011489510001873086,1.0,1.26e-06,0.1,0.0,7.037471899992243e-05,1.2886782457411176e-06,0.0
0.0011489510001873086,1.0,1.58e-06,0.1,0.0,7.037471899992243e-05,1.2886782457411176e-06,0.0
0.0011489510001873086,1.0,2e-06,0.1,0.0,7.037471899992243e-05,1.2886782457411176e-06,0.0
0.0011489510001873086,1.0,2.51e-06,0.1,3.3333333333333335e-05,7.037471899992243e-05,1.2886782457411176e-06,0.00028149887599968976
0.0011489510001873086,1.0,3.98e-06,0.1,0.0001,7.037471899992243e-05,1.2886782457411176e-06,0.0008444966279990692
0.0011489510001873086,1.0,5.01e-06,0.1,6.666666666666667e-05,7.037471899992243e-05,1.2886782457411176e-06,0.0005629977519993795
0.0011489510001873086,1.0,7.94e-06,0.1,6.666666666666667e-05,7.037471899992243e-05,1.2886782457411176e-06,0.0005629977519993795
0.0011489510001873086,1.0,1e-05,0.1,6.666666666666667e-05,7.037471899992243e-05,1.2886782457411176e-06,0.0005629977519993795
0.0011489510001873086,1.0,1.26e-05,0.1,0.00023333333333333333,7.037471899992243e-05,1.2886782457411176e-06,0.001970492131997828
0.0011489510001873086,1.0,1.58e-05,0.1,0.0001,7.037471899992243e-05,1.2886782457411176e-06,0.0008444966279990692
0.0011489510001873086,1.0,2.51e-05,0.1,0.0005,7.037471899992243e-05,1.2886782457411176e-06,0.004222483139995346
0.0011489510001873086,1.0,3.16e-05,0.1,0.0006,7.037471899992243e-05,1.2886782457411176e-06,0.005066979767994415
0.0011489510001873086,1.0,3.98e-05,0.1,0.0011,7.037471899992243e-05,1.2886782457411176e-06,0.009289462907989762
0.0011489510001873086,1.0,5.01e-05,0.1,0.0013333333333333333,7.037471899992243e-05,1.2886782457411176e-06,0.01125995503998759
0.0011489510001873086,1.0,6.31e-05,0.1,0.0018666666666666666,7.037471899992243e-05,1.2886782457411176e-06,0.015763937055982623
0.0011489510001873086,1.0,7.94e-05,0.1,0.0018,7.037471899992243e-05,1.2886782457411176e-06,0.015200939303983245
0.0011489510001873086,1.0,0.0001,0.1,0.0017666666666666666,7.037471899992243e-05,1.2886782457411176e-06,0.014919440427983556
0.0011489510001873086,1.0,0.000126,0.1,0.0021,7.037471899992243e-05,1.2886782457411176e-06,0.017734429187980454
0.0011489510001873086,1.0,0.000158,0.1,0.0012333333333333332,7.037471899992243e-05,1.2886782457411176e-06,0.01041545841198852
0.0011489510001873086,1.0,0.0002,0.1,0.0005,7.037471899992243e-05,1.2886782457411176e-06,0.004222483139995346
0.0011489510001873086,1.0,0.000251,0.1,0.0002,7.037471899992243e-05,1.2886782457411176e-06,0.0016889932559981384
0.0011489510001873086,1.0,0.000316,0.1,3.3333333333333335e-05,7.037471899992243e-05,1.2886782457411176e-06,0.00028149887599968976
0.0011489510001873086,1.0,0.000398,0.1,3.3333333333333335e-05,7.037471899992243e-05,1.2886782457411176e-06,0.00028149887599968976
0.0011489510001873086,1.0,0.000501,0.1,0.0,7.037471899992243e-05,1.2886782457411176e-06,0.0
0.0011489510001873086,1.0,0.000631,0.1,0.0,7.037471899992243e-05,1.2886782457411176e-06,0.0
0.0011489510001873086,1.0,0.000794,0.1,0.0,7.037471899992243e-05,1.2886782457411176e-06,0.0
0.0011489510001873086,1.0,0.001,0.1,0.0,7.037471899992243e-05,1.2886782457411176e-06,0.0
0.0011489510001873086,1.0,0.00126,0.1,0.0,7.037471899992243e-05,1.2886782457411176e-06,0.0
0.0011489510001873086,1.0,0.00158,0.1,0.0,7.037471899992243e-05,1.2886782457411176e-06,0.0
0.0011489510001873086,1.0,0.002,0.1,0.0,7.037471899992243e-05,1.2886782457411176e-06,0.0
0.0011489510001873086,1.0,0.00251,0.1,0.0,7.037471899992243e-05,1.2886782457411176e-06,0.0
0.0011489510001873086,1.0,0.00316,0.1,0.0,7.037471899992243e-05,1.2886782457411176e-06,0.0
0.0011489510001873086,1.0,0.00398,0.1,0.0,7.037471899992243e-05,1.2886782457411176e-06,0.0
0.0011489510001873086,1.0,0.00501,0.1,0.0,7.037471899992243e-05,1.2886782457411176e-06,0.0
0.0011489510001873086,1.0,0.00631,0.1,0.0,7.037471899992243e-05,1.2886782457411176e-06,0.0
0.0012033778407775893,1.0,3.16e-07,0.1,0.0,7.720005762484978e-05,1.4136615569465259e-06,0.0
0.0012033778407775893,1.0,3.98e-07,0.1,0.0,7.720005762484978e-05,1.4136615569465259e-06,0.0
0.0012033778407775893,1.0,5.01e-07,0.1,0.0,7.720005762484978e-05,1.4136615569465259e-06,0.0
0.0012033778407775893,1.0,6.31e-07,0.1,0.0,7.720005762484978e-05,1.4136615569465259e-06,0.0
0.0012033778407775893,1.0,7.94e-07,0.1,0.0,7.720005762484978e-05,1.4136615569465259e-06,0.0
0.0012033778407775893,1.0,1e-06,0.1,0.0,7.720005762484978e-05,1.4136615569465259e-06,0.0
0.0012033778407775893,1.0,1.26e-06,0.1,0.0,7.720005762484978e-05,1.4136615569465259e-06,0.0
0.0012033778407775893,1.0,1.58e-06,0.1,0.0,7.720005762484978e-05,1.4136615569465259e-06,0.0
0.0012033778407775893,1.0,2e-06,0.1,0.0,7.720005762484978e-05,1.4136615569465259e-06,0.0
0.0012033778407775893,1.0,2.51e-06,0.1,3.3333333333333335e-05,7.720005762484978e-05,1.4136615569465259e-06,0.00030880023049939916
0.0012033778407775893,1.0,3.98e-06,0.1,0.0001,7.720005762484978e-05,1.4136615569465259e-06,0.0009264006914981974
0.0012033778407775893,1.0,5.01e-06,0.1,6.666666666666667e-05,7.720005762484978e-05,1.4136615569465259e-06,0.0006176004609987983
0.0012033778407775893,1.0,7.94e-06,0.1,6.666666666666667e-05,7.720005762484978e-05,1.4136615569465259e-06,0.0006176004609987983
0.0012033778407775893,1.0,1e-05,0.1,6.666666666666667e-05,7.720005762484978e-05,1.4136615569465259e-06,0.0006176004609987983
0.0012033778407775893,1.0,1.26e-05,0.1,0.00023333333333333333,7.720005762484978e-05,1.4136615569465259e-06,0.002161601613495794
0.0012033778407775893,1.0,1.58e-05,0.1,0.0001,7.720005762484978e-05,1.4136615569465259e-06,0.0009264006914981974
0.0012033778407775893,1.0,2.51e-05,0.1,0.0005,7.720005762484978e-05,1.4136615569465259e-06,0.004632003457490988
0.0012033778407775893,1.0,3.16e-05,0.1,0.0006,7.720005762484978e-05,1.4136615569465259e-06,0.005558404148989184
0.0012033778407775893,1.0,3.98e-05,0.1,0.0011,7.720005762484978e-05,1.4136615569465259e-06,0.010190407606480172
0.0012033778407775893,1.0,5.01e-05,0.1,0.0013333333333333333,7.720005762484978e-05,1.4136615569465259e-06,0.012352009219975965
0.0012033778407775893,1.0,6.31e-05,0.1,0.0018666666666666666,7.720005762484978e-05,1.4136615569465259e-06,0.017292812907966353
0.0012033778407775893,1.0,7.94e-05,0.1,0.0018,7.720005762484978e-05,1.4136615569465259e-06,0.01667521244696755
0.0012033778407775893,1.0,0.0001,0.1,0.0017666666666666666,7.720005762484978e-05,1.4136615569465259e-06,0.016366412216468156
0.0012033778407775893,1.0,0.000126,0.1,0.0021,7.720005762484978e-05,1.4136615569465259e-06,0.019454414521462144
0.0012033778407775893,1.0,0.000158,0.1,0.0012333333333333332,7.720005762484978e-05,1.4136615569465259e-06,0.011425608528477767
0.0012033778407775893,1.0,0.0002,0.1,0.0005,7.720005762484978e-05,1.4136615569465259e-06,0.004632003457490988
0.0012033778407775893,1.0,0.000251,0.1,0.0002,7.720005762484978e-05,1.4136615569465259e-06,0.0018528013829963949
0.0012033778407775893,1.0,0.000316,0.1,3.3333333333333335e-05,7.720005762484978e-05,1.4136615569465259e-06,0.00030880023049939916
0.0012033778407775893,1.0,0.000398,0.1,3.3333333333333335e-05,7.720005762484978e-05,1.4136615569465259e-06,0.00030880023049939916
0.0012033778407775893,1.0,0.000501,0.1,0.0,7.720005762484978e-05,1.4136615569465259e-06,0.0
0.0012033778407775893,1.0,0.000631,0.1,0.0,7.720005762484978e-05,1.4136615569465259e-06,0.0
0.0012033778407775893,1.0,0.000794,0.1,0.0,7.720005762484978e-05,1.4136615569465259e-06,0.0
0.0012033778407775893,1.0,0.001,0.1,0.0,7.720005762484978e-05,1.4136615569465259e-06,0.0
0.0012033778407775893,1.0,0.00126,0.1,0.0,7.720005762484978e-05,1.4136615569465259e-06,0.0
0.0012033778407775893,1.0,0.00158,0.1,0.0,7.720005762484978e-05,1.4136615569465259e-06,0.0
0.0012033778407775893,1.0,0.002,0.1,0.0,7.720005762484978e-05,1.4136615569465259e-06,0.0
0.0012033778407775893,1.0,0.00251,0.1,0.0,7.720005762484978e-05,1.4136615569465259e-06,0.0
0.0012033778407775893,1.0,0.00316,0.1,0.0,7.720005762484978e-05,1.4136615569465259e-06,0.0
0.0012033778407775893,1.0,0.00398,0.1,0.0,7.720005762484978e-05,1.4136615569465259e-06,0.0
0.0012033778407775893,1.0,0.00501,0.1,0.0,7.720005762484978e-05,1.4136615569465259e-06,0.0
0.0012033778407775893,1.0,0.00631,0.1,0.0,7.720005762484978e-05,1.4136615569465259e-06,0.0
0.0012603829296797275,1.0,3.16e-07,0.1,0.0,8.468735519986606e-05,1.5507664383787962e-06,0.0
0.0012603829296797275,1.0,3.98e-07,0.1,0.0,8.468735519986606e-05,1.5507664383787962e-06,0.0
0.0012603829296797275,1.0,5.01e-07,0.1,0.0,8.468735519986606e-05,1.5507664383787962e-06,0.0
0.0012603829296797275,1.0,6.31e-07,0.1,0.0,8.468735519986606e-05,1.5507664383787962e-06,0.0
0.0012603829296797275,1.0,7.94e-07,0.1,0.0,8.468735519986606e-05,1.5507664383787962e-06,0.0
0.0012603829296797275,1.0,1e-06,0.1,0.0,8.468735519986606e-05,1.5507664383787962e-06,0.0
0.0012603829296797275,1.0,1.26e-06,0.1,0.0,8.468735519986606e-05,1.5507664383787962e-06,0.0
0.0012603829296797275,1.0,1.58e-06,0.1,0.0,8.468735519986606e-05,1.5507664383787962e-06,0.0
0.0012603829296797275,1.0,2e-06,0.1,0.0,8.468735519986606e-05,1.5507664383787962e-06,0.0
0.0012603829296797275,1.0,2.51e-06,0.1,3.3333333333333335e-05,8.468735519986606e-05,1.5507664383787962e-06,0.0003387494207994643
0.0012603829296797275,1.0,3.98e-06,0.1,0.0001,8.468735519986606e-05,1.5507664383787962e-06,0.001016248262398393
0.0012603829296797275,1.0,5.01e-06,0.1,6.666666666666667e-05,8.468735519986606e-05,1.5507664383787962e-06,0.0006774988415989286
0.0012603829296797275,1.0,7.94e-06,0.1,6.666666666666667e-05,8.468735519986606e-05,1.5507664383787962e-06,0.0006774988415989286
0.0012603829296797275,1.0,1e-05,0.1,6.666666666666667e-05,8.468735519986606e-05,1.5507664383787962e-06,0.0006774988415989286
0.0012603829296797275,1.0,1.26e-05,0.1,0.00023333333333333333,8.468735519986606e-05,1.5507664383787962e-06,0.00237124594559625
0.0012603829296797275,1.0,1.58e-05,0.1,0.0001,8.468735519986606e-05,1.5507664383787962e-06,0.001016248262398393
0.0012603829296797275,1.0,2.51e-05,0.1,0.0005,8.468735519986606e-05,1.5507664383787962e-06,0.005081241311991964
0.0012603829296797275,1.0,3.16e-05,0.1,0.0006,8.468735519986606e-05,1.5507664383787962e-06,0.006097489574390357
0.0012603829296797275,1.0,3.98e-05,0.1,0.0011,8.468735519986606e-05,1.5507664383787962e-06,0.011178730886382321
0.0012603829296797275,1.0,5.01e-05,0.1,0.0013333333333333333,8.468735519986606e-05,1.5507664383787962e-06,0.01354997683197857
0.0012603829296797275,1.0,6.31e-05,0.1,0.0018666666666666666,8.468735519986606e-05,1.5507664383787962e-06,0.01896996756477
0.0012603829296797275,1.0,7.94e-05,0.1,0.0018,8.468735519986606e-05,1.5507664383787962e-06,0.01829246872317107
0.0012603829296797275,1.0,0.0001,0.1,0.0017666666666666666,8.468735519986606e-05,1.5507664383787962e-06,0.017953719302371603
0.0012603829296797275,1.0,0.000126,0.1,0.0021,8.468735519986606e-05,1.5507664383787962e-06,0.021341213510366247
0.0012603829296797275,1.0,0.000158,0.1,0.0012333333333333332,8.468735519986606e-05,1.5507664383787962e-06,0.012533728569580177
0.0012603829296797275,1.0,0.0002,0.1,0.0005,8.468735519986606e-05,1.5507664383787962e-06,0.005081241311991964
0.0012603829296797275,1.0,0.000251,0.1,0.0002,8.468735519986606e-05,1.5507664383787962e-06,0.002032496524796786
0.0012603829296797275,1.0,0.000316,0.1,3.3333333333333335e-05,8.468735519986606e-05,1.5507664383787962e-06,0.0003387494207994643
0.0012603829296797275,1.0,0.000398,0.1,3.3333333333333335e-05,8.468735519986606e-05,1.5507664383787962e-06,0.0003387494207994643
0.0012603829296797275,1.0,0.000501,0.1,0.0,8.468735519986606e-05,1.5507664383787962e-06,0.0
0.0012603829296797275,1.0,0.000631,0.1,0.0,8.468735519986606e-05,1.5507664383787962e-06,0.0
0.0012603829296797275,1.0,0.000794,0.1,0.0,8.468735519986606e-05,1.5507664383787962e-06,0.0
0.0012603829296797275,1.0,0.001,0.1,0.0,8.468735519986606e-05,1.5507664383787962e-06,0.0
0.0012603829296797275,1.0,0.00126,0.1,0.0,8.468735519986606e-05,1.5507664383787962e-06,0.0
0.0012603829296797275,1.0,0.00158,0.1,0.0,8.468735519986606e-05,1.5507664383787962e-06,0.0
0.0012603829296797275,1.0,0.002,0.1,0.0,8.468735519986606e-05,1.5507664383787962e-06,0.0
0.0012603829296797275,1.0,0.00251,0.1,0.0,8.468735519986606e-05,1.5507664383787962e-06,0.0
0.0012603829296797275,1.0,0.00316,0.1,0.0,8.468735519986606e-05,1.5507664383787962e-06,0.0
0.0012603829296797275,1.0,0.00398,0.1,0.0,8.468735519986606e-05,1.5507664383787962e-06,0.0
0.0012603829296797275,1.0,0.00501,0.1,0.0,8.468735519986606e-05,1.5507664383787962e-06,0.0
0.0012603829296797275,1.0,0.00631,0.1,0.0,8.468735519986606e-05,1.5507664383787962e-06,0.0
0.001320088400831418,1.0,3.16e-07,0.1,0.0,9.290081194282311e-05,1.701168502890004e-06,0.0
0.001320088400831418,1.0,3.98e-07,0.1,0.0,9.290081194282311e-05,1.701168502890004e-06,0.0
0.001320088400831418,1.0,5.01e-07,0.1,0.0,9.290081194282311e-05,1.701168502890004e-06,0.0
0.001320088400831418,1.0,6.31e-07,0.1,0.0,9.290081194282311e-05,1.701168502890004e-06,0.0
0.001320088400831418,1.0,7.94e-07,0.1,0.0,9.290081194282311e-05,1.701168502890004e-06,0.0
0.001320088400831418,1.0,1e-06,0.1,0.0,9.290081194282311e-05,1.701168502890004e-06,0.0
0.001320088400831418,1.0,1.26e-06,0.1,0.0,9.290081194282311e-05,1.701168502890004e-06,0.0
0.001320088400831418,1.0,1.58e-06,0.1,0.0,9.290081194282311e-05,1.701168502890004e-06,0.0
0.001320088400831418,1.0,2e-06,0.1,0.0,9.290081194282311e-05,1.701168502890004e-06,0.0
0.001320088400831418,1.0,2.51e-06,0.1,3.3333333333333335e-05,9.290081194282311e-05,1.701168502890004e-06,0.0003716032477712925
0.001320088400831418,1.0,3.98e-06,0.1,0.0001,9.290081194282311e-05,1.701168502890004e-06,0.0011148097433138775
0.001320088400831418,1.0,5.01e-06,0.1,6.666666666666667e-05,9.290081194282311e-05,1.701168502890004e-06,0.000743206495542585
0.001320088400831418,1.0,7.94e-06,0.1,6.666666666666667e-05,9.290081194282311e-05,1.701168502890004e-06,0.000743206495542585
0.001320088400831418,1.0,1e-05,0.1,6.666666666666667e-05,9.290081194282311e-05,1.701168502890004e-06,0.000743206495542585
0.001320088400831418,1.0,1.26e-05,0.1,0.00023333333333333333,9.290081194282311e-05,1.701168502890004e-06,0.0026012227343990475
0.001320088400831418,1.0,1.58e-05,0.1,0.0001,9.290081194282311e-05,1.701168502890004e-06,0.0011148097433138775
0.001320088400831418,1.0,2.51e-05,0.1,0.0005,9.290081194282311e-05,1.701168502890004e-06,0.005574048716569388
0.001320088400831418,1.0,3.16e-05,0.1,0.0006,9.290081194282311e-05,1.701168502890004e-06,0.006688858459883264
0.001320088400831418,1.0,3.98e-05,0.1,0.0011,9.290081194282311e-05,1.701168502890004e-06,0.012262907176452653
0.001320088400831418,1.0,5.01e-05,0.1,0.0013333333333333333,9.290081194282311e-05,1.701168502890004e-06,0.014864129910851698
0.001320088400831418,1.0,6.31e-05,0.1,0.0018666666666666666,9.290081194282311e-05,1.701168502890004e-06,0.02080978187519238
0.001320088400831418,1.0,7.94e-05,0.1,0.0018,9.290081194282311e-05,1.701168502890004e-06,0.020066575379649794
0.001320088400831418,1.0,0.0001,0.1,0.0017666666666666666,9.290081194282311e-05,1.701168502890004e-06,0.0196949721318785
0.001320088400831418,1.0,0.000126,0.1,0.0021,9.290081194282311e-05,1.701168502890004e-06,0.023411004609591425
0.001320088400831418,1.0,0.000158,0.1,0.0012333333333333332,9.290081194282311e-05,1.701168502890004e-06,0.013749320167537821
0.001320088400831418,1.0,0.0002,0.1,0.0005,9.290081194282311e-05,1.701168502890004e-06,0.005574048716569388
0.001320088400831418,1.0,0.000251,0.1,0.0002,9.290081194282311e-05,1.701168502890004e-06,0.002229619486627755
0.001320088400831418,1.0,0.000316,0.1,3.3333333333333335e-05,9.290081194282311e-05,1.701168502890004e-06,0.0003716032477712925
0.001320088400831418,1.0,0.000398,0.1,3.3333333333333335e-05,9.290081194282311e-05,1.701168502890004e-06,0.0003716032477712925
0.001320088400831418,1.0,0.000501,0.1,0.0,9.290081194282311e-05,1.701168502890004e-06,0.0
0.001320088400831418,1.0,0.000631,0.1,0.0,9.290081194282311e-05,1.701168502890004e-06,0.0
0.001320088400831418,1.0,0.000794,0.1,0.0,9.290081194282311e-05,1.701168502890004e-06,0.0
0.001320088400831418,1.0,0.001,0.1,0.0,9.290081194282311e-05,1.701168502890004e-06,0.0
0.001320088400831418,1.0,0.00126,0.1,0.0,9.290081194282311e-05,1.701168502890004e-06,0.0
0.001320088400831418,1.0,0.00158,0.1,0.0,9.290081194282311e-05,1.701168502890004e-06,0.0
0.001320088400831418,1.0,0.002,0.1,0.0,9.290081194282311e-05,1.701168502890004e-06,0.0
0.001320088400831418,1.0,0.00251,0.1,0.0,9.290081194282311e-05,1.701168502890004e-06,0.0
0.001320088400831418,1.0,0.00316,0.1,0.0,9.290081194282311e-05,1.701168502890004e-06,0.0
0.001320088400831418,1.0,0.00398,0.1,0.0,9.290081194282311e-05,1.701168502890004e-06,0.0
0.001320088400831418,1.0,0.00501,0.1,0.0,9.290081194282311e-05,1.701168502890004e-06,0.0
0.001320088400831418,1.0,0.00631,0.1,0.0,9.290081194282311e-05,1.701168502890004e-06,0.0
0.0013826221737646563,1.0,3.16e-07,0.1,0.0,0.00010191085449975935,1.8661573795963992e-06,0.0
0.0013826221737646563,1.0,3.98e-07,0.1,0.0,0.00010191085449975935,1.8661573795963992e-06,0.0
0.0013826221737646563,1.0,5.01e-07,0.1,0.0,0.00010191085449975935,1.8661573795963992e-06,0.0
0.0013826221737646563,1.0,6.31e-07,0.1,0.0,0.00010191085449975935,1.8661573795963992e-06,0.0
0.0013826221737646563,1.0,7.94e-07,0.1,0.0,0.00010191085449975935,1.8661573795963992e-06,0.0
0.0013826221737646563,1.0,1e-06,0.1,0.0,0.00010191085449975935,1.8661573795963992e-06,0.0
0.0013826221737646563,1.0,1.26e-06,0.1,0.0,0.00010191085449975935,1.8661573795963992e-06,0.0
0.0013826221737646563,1.0,1.58e-06,0.1,0.0,0.00010191085449975935,1.8661573795963992e-06,0.0
0.0013826221737646563,1.0,2e-06,0.1,0.0,0.00010191085449975935,1.8661573795963992e-06,0.0
0.0013826221737646563,1.0,2.51e-06,0.1,3.3333333333333335e-05,0.00010191085449975935,1.8661573795963992e-06,0.00040764341799903747
0.0013826221737646563,1.0,3.98e-06,0.1,0.0001,0.00010191085449975935,1.8661573795963992e-06,0.0012229302539971123
0.0013826221737646563,1.0,5.01e-06,0.1,6.666666666666667e-05,0.00010191085449975935,1.8661573795963992e-06,0.0008152868359980749
0.0013826221737646563,1.0,7.94e-06,0.1,6.666666666666667e-05,0.00010191085449975935,1.8661573795963992e-06,0.0008152868359980749
0.0013826221737646563,1.0,1e-05,0.1,6.666666666666667e-05,0.00010191085449975935,1.8661573795963992e-06,0.0008152868359980749
0.0013826221737646563,1.0,1.26e-05,0.1,0.00023333333333333333,0.00010191085449975935,1.8661573795963992e-06,0.002853503925993262
0.0013826221737646563,1.0,1.58e-05,0.1,0.0001,0.00010191085449975935,1.8661573795963992e-06,0.0012229302539971123
0.0013826221737646563,1.0,2.51e-05,0.1,0.0005,0.00010191085449975935,1.8661573795963992e-06,0.006114651269985561
0.0013826221737646563,1.0,3.16e-05,0.1,0.0006,0.00010191085449975935,1.8661573795963992e-06,0.0073375815239826725
0.0013826221737646563,1.0,3.98e-05,0.1,0.0011,0.00010191085449975935,1.8661573795963992e-06,0.013452232793968236
0.0013826221737646563,1.0,5.01e-05,0.1,0.0013333333333333333,0.00010191085449975935,1.8661573795963992e-06,0.016305736719961498
0.0013826221737646563,1.0,6.31e-05,0.1,0.0018666666666666666,0.00010191085449975935,1.8661573795963992e-06,0.022828031407946096
0.0013826221737646563,1.0,7.94e-05,0.1,0.0018,0.00010191085449975935,1.8661573795963992e-06,0.02201274457194802
0.0013826221737646563,1.0,0.0001,0.1,0.0017666666666666666,0.00010191085449975935,1.8661573795963992e-06,0.021605101153948984
0.0013826221737646563,1.0,0.000126,0.1,0.0021,0.00010191085449975935,1.8661573795963992e-06,0.025681535333939354
0.0013826221737646563,1.0,0.000158,0.1,0.0012333333333333332,0.00010191085449975935,1.8661573795963992e-06,0.015082806465964382
0.0013826221737646563,1.0,0.0002,0.1,0.0005,0.00010191085449975935,1.8661573795963992e-06,0.006114651269985561
0.0013826221737646563,1.0,0.000251,0.1,0.0002,0.00010191085449975935,1.8661573795963992e-06,0.0024458605079942246
0.0013826221737646563,1.0,0.000316,0.1,3.3333333333333335e-05,0.00010191085449975935,1.8661573795963992e-06,0.00040764341799903747
0.0013826221737646563,1.0,0.000398,0.1,3.3333333333333335e-05,0.00010191085449975935,1.8661573795963992e-06,0.00040764341799903747
0.0013826221737646563,1.0,0.000501,0.1,0.0,0.00010191085449975935,1.8661573795963992e-06,0.0
0.0013826221737646563,1.0,0.000631,0.1,0.0,0.00010191085449975935,1.8661573795963992e-06,0.0
0.0013826221737646563,1.0,0.000794,0.1,0.0,0.00010191085449975935,1.8661573795963992e-06,0.0
0.0013826221737646563,1.0,0.001,0.1,0.0,0.00010191085449975935,1.8661573795963992e-06,0.0
0.0013826221737646563,1.0,0.00126,0.1,0.0,0.00010191085449975935,1.8661573795963992e-06,0.0
0.0013826221737646563,1.0,0.00158,0.1,0.0,0.00010191085449975935,1.8661573795963992e-06,0.0
0.0013826221737646563,1.0,0.002,0.1,0.0,0.00010191085449975935,1.8661573795963992e-06,0.0
0.0013826221737646563,1.0,0.00251,0.1,0.0,0.00010191085449975935,1.8661573795963992e-06,0.0
0.0013826221737646563,1.0,0.00316,0.1,0.0,0.00010191085449975935,1.8661573795963992e-06,0.0
0.0013826221737646563,1.0,0.00398,0.1,0.0,0.00010191085449975935,1.8661573795963992e-06,0.0
0.0013826221737646563,1.0,0.00501,0.1,0.0,0.00010191085449975935,1.8661573795963992e-06,0.0
0.0013826221737646563,1.0,0.00631,0.1,0.0,0.00010191085449975935,1.8661573795963992e-06,0.0
0.001448118227674533,1.0,3.16e-07,0.1,0.0,0.00011179473980349774,2.047147771534476e-06,0.0
0.001448118227674533,1.0,3.98e-07,0.1,0.0,0.00011179473980349774,2.047147771534476e-06,0.0
0.001448118227674533,1.0,5.01e-07,0.1,0.0,0.00011179473980349774,2.047147771534476e-06,0.0
0.001448118227674533,1.0,6.31e-07,0.1,0.0,0.00011179473980349774,2.047147771534476e-06,0.0
0.001448118227674533,1.0,7.94e-07,0.1,0.0,0.00011179473980349774,2.047147771534476e-06,0.0
0.001448118227674533,1.0,1e-06,0.1,0.0,0.00011179473980349774,2.047147771534476e-06,0.0
0.001448118227674533,1.0,1.26e-06,0.1,0.0,0.00011179473980349774,2.047147771534476e-06,0.0
0.001448118227674533,1.0,1.58e-06,0.1,0.0,0.00011179473980349774,2.047147771534476e-06,0.0
0.001448118227674533,1.0,2e-06,0.1,0.0,0.00011179473980349774,2.047147771534476e-06,0.0
0.001448118227674533,1.0,2.51e-06,0.1,3.3333333333333335e-05,0.00011179473980349774,2.047147771534476e-06,0.00044717895921399107
0.001448118227674533,1.0,3.98e-06,0.1,0.0001,0.00011179473980349774,2.047147771534476e-06,0.0013415368776419734
0.001448118227674533,1.0,5.01e-06,0.1,6.666666666666667e-05,0.00011179473980349774,2.047147771534476e-06,0.0008943579184279821
0.001448118227674533,1.0,7.94e-06,0.1,6.666666666666667e-05,0.00011179473980349774,2.047147771534476e-06,0.0008943579184279821
0.001448118227674533,1.0,1e-05,0.1,6.666666666666667e-05,0.00011179473980349774,2.047147771534476e-06,0.0008943579184279821
0.001448118227674533,1.0,1.26e-05,0.1,0.00023333333333333333,0.00011179473980349774,2.047147771534476e-06,0.0031302527144979374
0.001448118227674533,1.0,1.58e-05,0.1,0.0001,0.00011179473980349774,2.047147771534476e-06,0.0013415368776419734
0.001448118227674533,1.0,2.51e-05,0.1,0.0005,0.00011179473980349774,2.047147771534476e-06,0.0067076843882098655
0.001448118227674533,1.0,3.16e-05,0.1,0.0006,0.00011179473980349774,2.047147771534476e-06,0.00804922126585184
0.001448118227674533,1.0,3.98e-05,0.1,0.0011,0.00011179473980349774,2.047147771534476e-06,0.014756905654061707
0.001448118227674533,1.0,5.01e-05,0.1,0.0013333333333333333,0.00011179473980349774,2.047147771534476e-06,0.01788715836855964
0.001448118227674533,1.0,6.31e-05,0.1,0.0018666666666666666,0.00011179473980349774,2.047147771534476e-06,0.0250420217159835
0.001448118227674533,1.0,7.94e-05,0.1,0.0018,0.00011179473980349774,2.047147771534476e-06,0.024147663797555518
0.001448118227674533,1.0,0.0001,0.1,0.0017666666666666666,0.00011179473980349774,2.047147771534476e-06,0.023700484838341526
0.001448118227674533,1.0,0.000126,0.1,0.0021,0.00011179473980349774,2.047147771534476e-06,0.02817227443048144
0.001448118227674533,1.0,0.000158,0.1,0.0012333333333333332,0.00011179473980349774,2.047147771534476e-06,0.016545621490917668
0.001448118227674533,1.0,0.0002,0.1,0.0005,0.00011179473980349774,2.047147771534476e-06,0.0067076843882098655
0.001448118227674533,1.0,0.000251,0.1,0.0002,0.00011179473980349774,2.047147771534476e-06,0.0026830737552839467
0.001448118227674533,1.0,0.000316,0.1,3.3333333333333335e-05,0.00011179473980349774,2.047147771534476e-06,0.00044717895921399107
0.001448118227674533,1.0,0.000398,0.1,3.3333333333333335e-05,0.00011179473980349774,2.047147771534476e-06,0.00044717895921399107
0.001448118227674533,1.0,0.000501,0.1,0.0,0.00011179473980349774,2.047147771534476e-06,0.0
0.001448118227674533,1.0,0.000631,0.1,0.0,0.00011179473980349774,2.047147771534476e-06,0.0
0.001448118227674533,1.0,0.000794,0.1,0.0,0.00011179473980349774,2.047147771534476e-06,0.0
0.001448118227674533,1.0,0.001,0.1,0.0,0.00011179473980349774,2.047147771534476e-06,0.0
0.001448118227674533,1.0,0.00126,0.1,0.0,0.00011179473980349774,2.047147771534476e-06,0.0
0.001448118227674533,1.0,0.00158,0.1,0.0,0.00011179473980349774,2.047147771534476e-06,0.0
0.001448118227674533,1.0,0.002,0.1,0.0,0.00011179473980349774,2.047147771534476e-06,0.0
0.001448118227674533,1.0,0.00251,0.1,0.0,0.00011179473980349774,2.047147771534476e-06,0.0
0.001448118227674533,1.0,0.00316,0.1,0.0,0.00011179473980349774,2.047147771534476e-06,0.0
0.001448118227674533,1.0,0.00398,0.1,0.0,0.00011179473980349774,2.047147771534476e-06,0.0
0.001448118227674533,1.0,0.00501,0.1,0.0,0.00011179473980349774,2.047147771534476e-06,0.0
0.001448118227674533,1.0,0.00631,0.1,0.0,0.00011179473980349774,2.047147771534476e-06,0.0
0.0015167168884709225,1.0,3.16e-07,0.1,0.0,0.00012263721749459586,2.2456915856911893e-06,0.0
0.0015167168884709225,1.0,3.98e-07,0.1,0.0,0.00012263721749459586,2.2456915856911893e-06,0.0
0.0015167168884709225,1.0,5.01e-07,0.1,0.0,0.00012263721749459586,2.2456915856911893e-06,0.0
0.0015167168884709225,1.0,6.31e-07,0.1,0.0,0.00012263721749459586,2.2456915856911893e-06,0.0
0.0015167168884709225,1.0,7.94e-07,0.1,0.0,0.00012263721749459586,2.2456915856911893e-06,0.0
0.0015167168884709225,1.0,1e-06,0.1,0.0,0.00012263721749459586,2.2456915856911893e-06,0.0
0.0015167168884709225,1.0,1.26e-06,0.1,0.0,0.00012263721749459586,2.2456915856911893e-06,0.0
0.0015167168884709225,1.0,1.58e-06,0.1,0.0,0.00012263721749459586,2.2456915856911893e-06,0.0
0.0015167168884709225,1.0,2e-06,0.1,0.0,0.00012263721749459586,2.2456915856911893e-06,0.0
0.0015167168884709225,1.0,2.51e-06,0.1,3.3333333333333335e-05,0.00012263721749459586,2.2456915856911893e-06,0.0004905488699783834
0.0015167168884709225,1.0,3.98e-06,0.1,0.0001,0.00012263721749459586,2.2456915856911893e-06,0.0014716466099351506
0.0015167168884709225,1.0,5.01e-06,0.1,6.666666666666667e-05,0.00012263721749459586,2.2456915856911893e-06,0.0009810977399567669
0.0015167168884709225,1.0,7.94e-06,0.1,6.666666666666667e-05,0.00012263721749459586,2.2456915856911893e-06,0.0009810977399567669
0.0015167168884709225,1.0,1e-05,0.1,6.666666666666667e-05,0.00012263721749459586,2.2456915856911893e-06,0.0009810977399567669
0.0015167168884709225,1.0,1.26e-05,0.1,0.00023333333333333333,0.00012263721749459586,2.2456915856911893e-06,0.0034338420898486844
0.0015167168884709225,1.0,1.58e-05,0.1,0.0001,0.00012263721749459586,2.2456915856911893e-06,0.0014716466099351506
0.0015167168884709225,1.0,2.51e-05,0.1,0.0005,0.00012263721749459586,2.2456915856911893e-06,0.007358233049675753
0.0015167168884709225,1.0,3.16e-05,0.1,0.0006,0.00012263721749459586,2.2456915856911893e-06,0.008829879659610903
0.0015167168884709225,1.0,3.98e-05,0.1,0.0011,0.00012263721749459586,2.2456915856911893e-06,0.016188112709286658
0.0015167168884709225,1.0,5.01e-05,0.1,0.0013333333333333333,0.00012263721749459586,2.2456915856911893e-06,0.019621954799135338
0.0015167168884709225,1.0,6.31e-05,0.1,0.0018666666666666666,0.00012263721749459586,2.2456915856911893e-06,0.027470736718789475
0.0015167168884709225,1.0,7.94e-05,0.1,0.0018,0.00012263721749459586,2.2456915856911893e-06,0.02648963897883271
0.0015167168884709225,1.0,0.0001,0.1,0.0017666666666666666,0.00012263721749459586,2.2456915856911893e-06,0.025999090108854324
0.0015167168884709225,1.0,0.000126,0.1,0.0021,0.00012263721749459586,2.2456915856911893e-06,0.03090457880863816
0.0015167168884709225,1.0,0.000158,0.1,0.0012333333333333332,0.00012263721749459586,2.2456915856911893e-06,0.018150308189200187
0.0015167168884709225,1.0,0.0002,0.1,0.0005,0.00012263721749459586,2.2456915856911893e-06,0.007358233049675753
0.0015167168884709225,1.0,0.000251,0.1,0.0002,0.00012263721749459586,2.2456915856911893e-06,0.0029432932198703013
0.0015167168884709225,1.0,0.000316,0.1,3.3333333333333335e-05,0.00012263721749459586,2.2456915856911893e-06,0.0004905488699783834
0.0015167168884709225,1.0,0.000398,0.1,3.3333333333333335e-05,0.00012263721749459586,2.2456915856911893e-06,0.0004905488699783834
0.0015167168884709225,1.0,0.000501,0.1,0.0,0.00012263721749459586,2.2456915856911893e-06,0.0
0.0015167168884709225,1.0,0.000631,0.1,0.0,0.00012263721749459586,2.2456915856911893e-06,0.0
0.0015167168884709225,1.0,0.000794,0.1,0.0,0.00012263721749459586,2.2456915856911893e-06,0.0
0.0015167168884709225,1.0,0.001,0.1,0.0,0.00012263721749459586,2.2456915856911893e-06,0.0
0.0015167168884709225,1.0,0.00126,0.1,0.0,0.00012263721749459586,2.2456915856911893e-06,0.0
0.0015167168884709225,1.0,0.00158,0.1,0.0,0.00012263721749459586,2.2456915856911893e-06,0.0
0.0015167168884709225,1.0,0.002,0.1,0.0,0.00012263721749459586,2.2456915856911893e-06,0.0
0.0015167168884709225,1.0,0.00251,0.1,0.0,0.00012263721749459586,2.2456915856911893e-06,0.0
0.0015167168884709225,1.0,0.00316,0.1,0.0,0.00012263721749459586,2.2456915856911893e-06,0.0
0.0015167168884709225,1.0,0.00398,0.1,0.0,0.00012263721749459586,2.2456915856911893e-06,0.0
0.0015167168884709225,1.0,0.00501,0.1,0.0,0.00012263721749459586,2.2456915856911893e-06,0.0
0.0015167168884709225,1.0,0.00631,0.1,0.0,0.00012263721749459586,2.2456915856911893e-06,0.0
0.0015885651294280528,1.0,3.16e-07,0.1,0.0,0.0001345312565836778,2.463491239400802e-06,0.0
0.0015885651294280528,1.0,3.98e-07,0.1,0.0,0.0001345312565836778,2.463491239400802e-06,0.0
0.0015885651294280528,1.0,5.01e-07,0.1,0.0,0.0001345312565836778,2.463491239400802e-06,0.0
0.0015885651294280528,1.0,6.31e-07,0.1,0.0,0.0001345312565836778,2.463491239400802e-06,0.0
0.0015885651294280528,1.0,7.94e-07,0.1,0.0,0.0001345312565836778,2.463491239400802e-06,0.0
0.0015885651294280528,1.0,1e-06,0.1,0.0,0.0001345312565836778,2.463491239400802e-06,0.0
0.0015885651294280528,1.0,1.26e-06,0.1,0.0,0.0001345312565836778,2.463491239400802e-06,0.0
0.0015885651294280528,1.0,1.58e-06,0.1,0.0,0.0001345312565836778,2.463491239400802e-06,0.0
0.0015885651294280528,1.0,2e-06,0.1,0.0,0.0001345312565836778,2.463491239400802e-06,0.0
0.0015885651294280528,1.0,2.51e-06,0.1,3.3333333333333335e-05,0.0001345312565836778,2.463491239400802e-06,0.0005381250263347113
0.0015885651294280528,1.0,3.98e-06,0.1,0.0001,0.0001345312565836778,2.463491239400802e-06,0.001614375079004134
0.0015885651294280528,1.0,5.01e-06,0.1,6.666666666666667e-05,0.0001345312565836778,2.463491239400802e-06,0.0010762500526694226
0.0015885651294280528,1.0,7.94e-06,0.1,6.666666666666667e-05,0.0001345312565836778,2.463491239400802e-06,0.0010762500526694226
0.0015885651294280528,1.0,1e-05,0.1,6.666666666666667e-05,0.0001345312565836778,2.463491239400802e-06,0.0010762500526694226
0.0015885651294280528,1.0,1.26e-05,0.1,0.00023333333333333333,0.0001345312565836778,2.463491239400802e-06,0.0037668751843429795
0.0015885651294280528,1.0,1.58e-05,0.1,0.0001,0.0001345312565836778,2.463491239400802e-06,0.001614375079004134
0.0015885651294280528,1.0,2.51e-05,0.1,0.0005,0.0001345312565836778,2.463491239400802e-06,0.00807187539502067
0.0015885651294280528,1.0,3.16e-05,0.1,0.0006,0.0001345312565836778,2.463491239400802e-06,0.009686250474024802
0.0015885651294280528,1.0,3.98e-05,0.1,0.0011,0.0001345312565836778,2.463491239400802e-06,0.017758125869045474
0.0015885651294280528,1.0,5.01e-05,0.1,0.0013333333333333333,0.0001345312565836778,2.463491239400802e-06,0.021525001053388452
0.0015885651294280528,1.0,6.31e-05,0.1,0.0018666666666666666,0.0001345312565836778,2.463491239400802e-06,0.030135001474743836
0.0015885651294280528,1.0,7.94e-05,0.1,0.0018,0.0001345312565836778,2.463491239400802e-06,0.02905875142207441
0.0015885651294280528,1.0,0.0001,0.1,0.0017666666666666666,0.0001345312565836778,2.463491239400802e-06,0.0285206263957397
0.0015885651294280528,1.0,0.000126,0.1,0.0021,0.0001345312565836778,2.463491239400802e-06,0.03390187665908681
0.0015885651294280528,1.0,0.000158,0.1,0.0012333333333333332,0.0001345312565836778,2.463491239400802e-06,0.019910625974384318
0.0015885651294280528,1.0,0.0002,0.1,0.0005,0.0001345312565836778,2.463491239400802e-06,0.00807187539502067
0.0015885651294280528,1.0,0.000251,0.1,0.0002,0.0001345312565836778,2.463491239400802e-06,0.003228750158008268
0.0015885651294280528,1.0,0.000316,0.1,3.3333333333333335e-05,0.0001345312565836778,2.463491239400802e-06,0.0005381250263347113
0.0015885651294280528,1.0,0.000398,0.1,3.3333333333333335e-05,0.0001345312565836778,2.463491239400802e-06,0.0005381250263347113
0.0015885651294280528,1.0,0.000501,0.1,0.0,0.0001345312565836778,2.463491239400802e-06,0.0
0.0015885651294280528,1.0,0.000631,0.1,0.0,0.0001345312565836778,2.463491239400802e-06,0.0
0.0015885651294280528,1.0,0.000794,0.1,0.0,0.0001345312565836778,2.463491239400802e-06,0.0
0.0015885651294280528,1.0,0.001,0.1,0.0,0.0001345312565836778,2.463491239400802e-06,0.0
0.0015885651294280528,1.0,0.00126,0.1,0.0,0.0001345312565836778,2.463491239400802e-06,0.0
0.0015885651294280528,1.0,0.00158,0.1,0.0,0.0001345312565836778,2.463491239400802e-06,0.0
0.0015885651294280528,1.0,0.002,0.1,0.0,0.0001345312565836778,2.463491239400802e-06,0.0
0.0015885651294280528,1.0,0.00251,0.1,0.0,0.0001345312565836778,2.463491239400802e-06,0.0
0.0015885651294280528,1.0,0.00316,0.1,0.0,0.0001345312565836778,2.463491239400802e-06,0.0
0.0015885651294280528,1.0,0.00398,0.1,0.0,0.0001345312565836778,2.463491239400802e-06,0.0
0.0015885651294280528,1.0,0.00501,0.1,0.0,0.0001345312565836778,2.463491239400802e-06,0.0
0.0015885651294280528,1.0,0.00631,0.1,0.0,0.0001345312565836778,2.463491239400802e-06,0.0
0.001663816886076129,1.0,3.16e-07,0.1,0.0,0.0001475788425848331,2.702414257184272e-06,0.0
0.001663816886076129,1.0,3.98e-07,0.1,0.0,0.0001475788425848331,2.702414257184272e-06,0.0
0.001663816886076129,1.0,5.01e-07,0.1,0.0,0.0001475788425848331,2.702414257184272e-06,0.0
0.001663816886076129,1.0,6.31e-07,0.1,0.0,0.0001475788425848331,2.702414257184272e-06,0.0
0.001663816886076129,1.0,7.94e-07,0.1,0.0,0.0001475788425848331,2.702414257184272e-06,0.0
0.001663816886076129,1.0,1e-06,0.1,0.0,0.0001475788425848331,2.702414257184272e-06,0.0
0.001663816886076129,1.0,1.26e-06,0.1,0.0,0.0001475788425848331,2.702414257184272e-06,0.0
0.001663816886076129,1.0,1.58e-06,0.1,0.0,0.0001475788425848331,2.702414257184272e-06,0.0
0.001663816886076129,1.0,2e-06,0.1,0.0,0.0001475788425848331,2.702414257184272e-06,0.0
0.001663816886076129,1.0,2.51e-06,0.1,3.3333333333333335e-05,0.0001475788425848331,2.702414257184272e-06,0.0005903153703393326
0.001663816886076129,1.0,3.98e-06,0.1,0.0001,0.0001475788425848331,2.702414257184272e-06,0.0017709461110179973
0.001663816886076129,1.0,5.01e-06,0.1,6.666666666666667e-05,0.0001475788425848331,2.702414257184272e-06,0.001180630740678665
0.001663816886076129,1.0,7.94e-06,0.1,6.666666666666667e-05,0.0001475788425848331,2.702414257184272e-06,0.001180630740678665
0.001663816886076129,1.0,1e-05,0.1,6.666666666666667e-05,0.0001475788425848331,2.702414257184272e-06,0.001180630740678665
0.001663816886076129,1.0,1.26e-05,0.1,0.00023333333333333333,0.0001475788425848331,2.702414257184272e-06,0.004132207592375327
0.001663816886076129,1.0,1.58e-05,0.1,0.0001,0.0001475788425848331,2.702414257184272e-06,0.0017709461110179973
0.001663816886076129,1.0,2.51e-05,0.1,0.0005,0.0001475788425848331,2.702414257184272e-06,0.008854730555089986
0.001663816886076129,1.0,3.16e-05,0.1,0.0006,0.0001475788425848331,2.702414257184272e-06,0.010625676666107984
0.001663816886076129,1.0,3.98e-05,0.1,0.0011,0.0001475788425848331,2.702414257184272e-06,0.01948040722119797
0.001663816886076129,1.0,5.01e-05,0.1,0.0013333333333333333,0.0001475788425848331,2.702414257184272e-06,0.023612614813573296
0.001663816886076129,1.0,6.31e-05,0.1,0.0018666666666666666,0.0001475788425848331,2.702414257184272e-06,0.03305766073900262
0.001663816886076129,1.0,7.94e-05,0.1,0.0018,0.0001475788425848331,2.702414257184272e-06,0.03187702999832395
0.001663816886076129,1.0,0.0001,0.1,0.0017666666666666666,0.0001475788425848331,2.702414257184272e-06,0.03128671462798462
0.001663816886076129,1.0,0.000126,0.1,0.0021,0.0001475788425848331,2.702414257184272e-06,0.03718986833137794
0.001663816886076129,1.0,0.000158,0.1,0.0012333333333333332,0.0001475788425848331,2.702414257184272e-06,0.0218416687025553
0.001663816886076129,1.0,0.0002,0.1,0.0005,0.0001475788425848331,2.702414257184272e-06,0.008854730555089986
0.001663816886076129,1.0,0.000251,0.1,0.0002,0.0001475788425848331,2.702414257184272e-06,0.0035418922220359947
0.001663816886076129,1.0,0.000316,0.1,3.3333333333333335e-05,0.0001475788425848331,2.702414257184272e-06,0.0005903153703393326
0.001663816886076129,1.0,0.000398,0.1,3.3333333333333335e-05,0.0001475788425848331,2.702414257184272e-06,0.0005903153703393326
0.001663816886076129,1.0,0.000501,0.1,0.0,0.0001475788425848331,2.702414257184272e-06,0.0
0.001663816886076129,1.0,0.000631,0.1,0.0,0.0001475788425848331,2.702414257184272e-06,0.0
0.001663816886076129,1.0,0.000794,0.1,0.0,0.0001475788425848331,2.702414257184272e-06,0.0
0.001663816886076129,1.0,0.001,0.1,0.0,0.0001475788425848331,2.702414257184272e-06,0.0
0.001663816886076129,1.0,0.00126,0.1,0.0,0.0001475788425848331,2.702414257184272e-06,0.0
0.001663816886076129,1.0,0.00158,0.1,0.0,0.0001475788425848331,2.702414257184272e-06,0.0
0.001663816886076129,1.0,0.002,0.1,0.0,0.0001475788425848331,2.702414257184272e-06,0.0
0.001663816886076129,1.0,0.00251,0.1,0.0,0.0001475788425848331,2.702414257184272e-06,0.0
0.001663816886076129,1.0,0.00316,0.1,0.0,0.0001475788425848331,2.702414257184272e-06,0.0
0.001663816886076129,1.0,0.00398,0.1,0.0,0.0001475788425848331,2.702414257184272e-06,0.0
0.001663816886076129,1.0,0.00501,0.1,0.0,0.0001475788425848331,2.702414257184272e-06,0.0
0.001663816886076129,1.0,0.00631,0.1,0.0,0.0001475788425848331,2.702414257184272e-06,0.0
0.0017426333860096508,1.0,3.16e-07,0.1,0.0,0.00016189185195378278,2.9645092831676025e-06,0.0
0.0017426333860096508,1.0,3.98e-07,0.1,0.0,0.00016189185195378278,2.9645092831676025e-06,0.0
0.0017426333860096508,1.0,5.01e-07,0.1,0.0,0.00016189185195378278,2.9645092831676025e-06,0.0
0.0017426333860096508,1.0,6.31e-07,0.1,0.0,0.00016189185195378278,2.9645092831676025e-06,0.0
0.0017426333860096508,1.0,7.94e-07,0.1,0.0,0.00016189185195378278,2.9645092831676025e-06,0.0
0.0017426333860096508,1.0,1e-06,0.1,0.0,0.00016189185195378278,2.9645092831676025e-06,0.0
0.0017426333860096508,1.0,1.26e-06,0.1,0.0,0.00016189185195378278,2.9645092831676025e-06,0.0
0.0017426333860096508,1.0,1.58e-06,0.1,0.0,0.00016189185195378278,2.9645092831676025e-06,0.0
0.0017426333860096508,1.0,2e-06,0.1,0.0,0.00016189185195378278,2.9645092831676025e-06,0.0
0.0017426333860096508,1.0,2.51e-06,0.1,3.3333333333333335e-05,0.00016189185195378278,2.9645092831676025e-06,0.0006475674078151311
0.0017426333860096508,1.0,3.98e-06,0.1,0.0001,0.00016189185195378278,2.9645092831676025e-06,0.0019427022234453934
0.0017426333860096508,1.0,5.01e-06,0.1,6.666666666666667e-05,0.00016189185195378278,2.9645092831676025e-06,0.0012951348156302622
0.0017426333860096508,1.0,7.94e-06,0.1,6.666666666666667e-05,0.00016189185195378278,2.9645092831676025e-06,0.0012951348156302622
0.0017426333860096508,1.0,1e-05,0.1,6.666666666666667e-05,0.00016189185195378278,2.9645092831676025e-06,0.0012951348156302622
0.0017426333860096508,1.0,1.26e-05,0.1,0.00023333333333333333,0.00016189185195378278,2.9645092831676025e-06,0.004532971854705917
0.0017426333860096508,1.0,1.58e-05,0.1,0.0001,0.00016189185195378278,2.9645092831676025e-06,0.0019427022234453934
0.0017426333860096508,1.0,2.51e-05,0.1,0.0005,0.00016189185195378278,2.9645092831676025e-06,0.009713511117226967
0.0017426333860096508,1.0,3.16e-05,0.1,0.0006,0.00016189185195378278,2.9645092831676025e-06,0.011656213340672359
0.0017426333860096508,1.0,3.98e-05,0.1,0.0011,0.00016189185195378278,2.9645092831676025e-06,0.02136972445789933
0.0017426333860096508,1.0,5.01e-05,0.1,0.0013333333333333333,0.00016189185195378278,2.9645092831676025e-06,0.025902696312605247
0.0017426333860096508,1.0,6.31e-05,0.1,0.0018666666666666666,0.00016189185195378278,2.9645092831676025e-06,0.03626377483764734
0.0017426333860096508,1.0,7.94e-05,0.1,0.0018,0.00016189185195378278,2.9645092831676025e-06,0.03496864002201708
0.0017426333860096508,1.0,0.0001,0.1,0.0017666666666666666,0.00016189185195378278,2.9645092831676025e-06,0.03432107261420195
0.0017426333860096508,1.0,0.000126,0.1,0.0021,0.00016189185195378278,2.9645092831676025e-06,0.04079674669235325
0.0017426333860096508,1.0,0.000158,0.1,0.0012333333333333332,0.00016189185195378278,2.9645092831676025e-06,0.023959994089159848
0.0017426333860096508,1.0,0.0002,0.1,0.0005,0.00016189185195378278,2.9645092831676025e-06,0.009713511117226967
0.0017426333860096508,1.0,0.000251,0.1,0.0002,0.00016189185195378278,2.9645092831676025e-06,0.003885404446890787
0.0017426333860096508,1.0,0.000316,0.1,3.3333333333333335e-05,0.00016189185195378278,2.9645092831676025e-06,0.0006475674078151311
0.0017426333860096508,1.0,0.000398,0.1,3.3333333333333335e-05,0.00016189185195378278,2.9645092831676025e-06,0.0006475674078151311
0.0017426333860096508,1.0,0.000501,0.1,0.0,0.00016189185195378278,2.9645092831676025e-06,0.0
0.0017426333860096508,1.0,0.000631,0.1,0.0,0.00016189185195378278,2.9645092831676025e-06,0.0
0.0017426333860096508,1.0,0.000794,0.1,0.0,0.00016189185195378278,2.9645092831676025e-06,0.0
0.0017426333860096508,1.0,0.001,0.1,0.0,0.00016189185195378278,2.9645092831676025e-06,0.0
0.0017426333860096508,1.0,0.00126,0.1,0.0,0.00016189185195378278,2.9645092831676025e-06,0.0
0.0017426333860096508,1.0,0.00158,0.1,0.0,0.00016189185195378278,2.9645092831676025e-06,0.0
0.0017426333860096508,1.0,0.002,0.1,0.0,0.00016189185195378278,2.9645092831676025e-06,0.0
0.0017426333860096508,1.0,0.00251,0.1,0.0,0.00016189185195378278,2.9645092831676025e-06,0.0
0.0017426333860096508,1.0,0.00316,0.1,0.0,0.00016189185195378278,2.9645092831676025e-06,0.0
0.0017426333860096508,1.0,0.00398,0.1,0.0,0.00016189185195378278,2.9645092831676025e-06,0.0
0.0017426333860096508,1.0,0.00501,0.1,0.0,0.00016189185195378278,2.9645092831676025e-06,0.0
0.0017426333860096508,1.0,0.00631,0.1,0.0,0.00016189185195378278,2.9645092831676025e-06,0.0
0.0018251834943190425,1.0,3.16e-07,0.1,0.0,0.00017759301132708814,3.252023646348437e-06,0.0
0.0018251834943190425,1.0,3.98e-07,0.1,0.0,0.00017759301132708814,3.252023646348437e-06,0.0
0.0018251834943190425,1.0,5.01e-07,0.1,0.0,0.00017759301132708814,3.252023646348437e-06,0.0
0.0018251834943190425,1.0,6.31e-07,0.1,0.0,0.00017759301132708814,3.252023646348437e-06,0.0
0.0018251834943190425,1.0,7.94e-07,0.1,0.0,0.00017759301132708814,3.252023646348437e-06,0.0
0.0018251834943190425,1.0,1e-06,0.1,0.0,0.00017759301132708814,3.252023646348437e-06,0.0
0.0018251834943190425,1.0,1.26e-06,0.1,0.0,0.00017759301132708814,3.252023646348437e-06,0.0
0.0018251834943190425,1.0,1.58e-06,0.1,0.0,0.00017759301132708814,3.252023646348437e-06,0.0
0.0018251834943190425,1.0,2e-06,0.1,0.0,0.00017759301132708814,3.252023646348437e-06,0.0
0.0018251834943190425,1.0,2.51e-06,0.1,3.3333333333333335e-05,0.00017759301132708814,3.252023646348437e-06,0.0007103720453083527
0.0018251834943190425,1.0,3.98e-06,0.1,0.0001,0.00017759301132708814,3.252023646348437e-06,0.002131116135925058
0.0018251834943190425,1.0,5.01e-06,0.1,6.666666666666667e-05,0.00017759301132708814,3.252023646348437e-06,0.0014207440906167054
0.0018251834943190425,1.0,7.94e-06,0.1,6.666666666666667e-05,0.00017759301132708814,3.252023646348437e-06,0.0014207440906167054
0.0018251834943190425,1.0,1e-05,0.1,6.666666666666667e-05,0.00017759301132708814,3.252023646348437e-06,0.0014207440906167054
0.0018251834943190425,1.0,1.26e-05,0.1,0.00023333333333333333,0.00017759301132708814,3.252023646348437e-06,0.004972604317158468
0.0018251834943190425,1.0,1.58e-05,0.1,0.0001,0.00017759301132708814,3.252023646348437e-06,0.002131116135925058
0.0018251834943190425,1.0,2.51e-05,0.1,0.0005,0.00017759301132708814,3.252023646348437e-06,0.010655580679625291
0.0018251834943190425,1.0,3.16e-05,0.1,0.0006,0.00017759301132708814,3.252023646348437e-06,0.012786696815550348
0.0018251834943190425,1.0,3.98e-05,0.1,0.0011,0.00017759301132708814,3.252023646348437e-06,0.02344227749517564
0.0018251834943190425,1.0,5.01e-05,0.1,0.0013333333333333333,0.00017759301132708814,3.252023646348437e-06,0.028414881812334106
0.0018251834943190425,1.0,6.31e-05,0.1,0.0018666666666666666,0.00017759301132708814,3.252023646348437e-06,0.039780834537267745
0.0018251834943190425,1.0,7.94e-05,0.1,0.0018,0.00017759301132708814,3.252023646348437e-06,0.03836009044665104
0.0018251834943190425,1.0,0.0001,0.1,0.0017666666666666666,0.00017759301132708814,3.252023646348437e-06,0.03764971840134269
0.0018251834943190425,1.0,0.000126,0.1,0.0021,0.00017759301132708814,3.252023646348437e-06,0.04475343885442622
0.0018251834943190425,1.0,0.000158,0.1,0.0012333333333333332,0.00017759301132708814,3.252023646348437e-06,0.026283765676409044
0.0018251834943190425,1.0,0.0002,0.1,0.0005,0.00017759301132708814,3.252023646348437e-06,0.010655580679625291
0.0018251834943190425,1.0,0.000251,0.1,0.0002,0.00017759301132708814,3.252023646348437e-06,0.004262232271850116
0.0018251834943190425,1.0,0.000316,0.1,3.3333333333333335e-05,0.00017759301132708814,3.252023646348437e-06,0.0007103720453083527
0.0018251834943190425,1.0,0.000398,0.1,3.3333333333333335e-05,0.00017759301132708814,3.252023646348437e-06,0.0007103720453083527
0.0018251834943190425,1.0,0.000501,0.1,0.0,0.00017759301132708814,3.252023646348437e-06,0.0
0.0018251834943190425,1.0,0.000631,0.1,0.0,0.00017759301132708814,3.252023646348437e-06,0.0
0.0018251834943190425,1.0,0.000794,0.1,0.0,0.00017759301132708814,3.252023646348437e-06,0.0
0.0018251834943190425,1.0,0.001,0.1,0.0,0.00017759301132708814,3.252023646348437e-06,0.0
0.0018251834943190425,1.0,0.00126,0.1,0.0,0.00017759301132708814,3.252023646348437e-06,0.0
0.0018251834943190425,1.0,0.00158,0.1,0.0,0.00017759301132708814,3.252023646348437e-06,0.0
0.0018251834943190425,1.0,0.002,0.1,0.0,0.00017759301132708814,3.252023646348437e-06,0.0
0.0018251834943190425,1.0,0.00251,0.1,0.0,0.00017759301132708814,3.252023646348437e-06,0.0
0.0018251834943190425,1.0,0.00316,0.1,0.0,0.00017759301132708814,3.252023646348437e-06,0.0
0.0018251834943190425,1.0,0.00398,0.1,0.0,0.00017759301132708814,3.252023646348437e-06,0.0
0.0018251834943190425,1.0,0.00501,0.1,0.0,0.00017759301132708814,3.252023646348437e-06,0.0
0.0018251834943190425,1.0,0.00631,0.1,0.0,0.00017759301132708814,3.252023646348437e-06,0.0
0.0019116440753857017,1.0,3.16e-07,0.1,0.0,0.00019481694978546992,3.5674226292889566e-06,0.0
0.0019116440753857017,1.0,3.98e-07,0.1,0.0,0.00019481694978546992,3.5674226292889566e-06,0.0
0.0019116440753857017,1.0,5.01e-07,0.1,0.0,0.00019481694978546992,3.5674226292889566e-06,0.0
0.0019116440753857017,1.0,6.31e-07,0.1,0.0,0.00019481694978546992,3.5674226292889566e-06,0.0
0.0019116440753857017,1.0,7.94e-07,0.1,0.0,0.00019481694978546992,3.5674226292889566e-06,0.0
0.0019116440753857017,1.0,1e-06,0.1,0.0,0.00019481694978546992,3.5674226292889566e-06,0.0
0.0019116440753857017,1.0,1.26e-06,0.1,0.0,0.00019481694978546992,3.5674226292889566e-06,0.0
0.0019116440753857017,1.0,1.58e-06,0.1,0.0,0.00019481694978546992,3.5674226292889566e-06,0.0
0.0019116440753857017,1.0,2e-06,0.1,0.0,0.00019481694978546992,3.5674226292889566e-06,0.0
0.0019116440753857017,1.0,2.51e-06,0.1,3.3333333333333335e-05,0.00019481694978546992,3.5674226292889566e-06,0.0007792677991418798
0.0019116440753857017,1.0,3.98e-06,0.1,0.0001,0.00019481694978546992,3.5674226292889566e-06,0.0023378033974256395
0.0019116440753857017,1.0,5.01e-06,0.1,6.666666666666667e-05,0.00019481694978546992,3.5674226292889566e-06,0.0015585355982837596
0.0019116440753857017,1.0,7.94e-06,0.1,6.666666666666667e-05,0.00019481694978546992,3.5674226292889566e-06,0.0015585355982837596
0.0019116440753857017,1.0,1e-05,0.1,6.666666666666667e-05,0.00019481694978546992,3.5674226292889566e-06,0.0015585355982837596
0.0019116440753857017,1.0,1.26e-05,0.1,0.00023333333333333333,0.00019481694978546992,3.5674226292889566e-06,0.005454874593993159
0.0019116440753857017,1.0,1.58e-05,0.1,0.0001,0.00019481694978546992,3.5674226292889566e-06,0.0023378033974256395
0.0019116440753857017,1.0,2.51e-05,0.1,0.0005,0.00019481694978546992,3.5674226292889566e-06,0.011689016987128195
0.0019116440753857017,1.0,3.16e-05,0.1,0.0006,0.00019481694978546992,3.5674226292889566e-06,0.014026820384553836
0.0019116440753857017,1.0,3.98e-05,0.1,0.0011,0.00019481694978546992,3.5674226292889566e-06,0.025715837371682034
0.0019116440753857017,1.0,5.01e-05,0.1,0.0013333333333333333,0.00019481694978546992,3.5674226292889566e-06,0.031170711965675186
0.0019116440753857017,1.0,6.31e-05,0.1,0.0018666666666666666,0.00019481694978546992,3.5674226292889566e-06,0.04363899675194527
0.0019116440753857017,1.0,7.94e-05,0.1,0.0018,0.00019481694978546992,3.5674226292889566e-06,0.04208046115366151
0.0019116440753857017,1.0,0.0001,0.1,0.0017666666666666666,0.00019481694978546992,3.5674226292889566e-06,0.04130119335451962
0.0019116440753857017,1.0,0.000126,0.1,0.0021,0.00019481694978546992,3.5674226292889566e-06,0.04909387134593842
0.0019116440753857017,1.0,0.000158,0.1,0.0012333333333333332,0.00019481694978546992,3.5674226292889566e-06,0.02883290856824955
0.0019116440753857017,1.0,0.0002,0.1,0.0005,0.00019481694978546992,3.5674226292889566e-06,0.011689016987128195
0.0019116440753857017,1.0,0.000251,0.1,0.0002,0.00019481694978546992,3.5674226292889566e-06,0.004675606794851279
0.0019116440753857017,1.0,0.000316,0.1,3.3333333333333335e-05,0.00019481694978546992,3.5674226292889566e-06,0.0007792677991418798
0.0019116440753857017,1.0,0.000398,0.1,3.3333333333333335e-05,0.00019481694978546992,3.5674226292889566e-06,0.0007792677991418798
0.0019116440753857017,1.0,0.000501,0.1,0.0,0.00019481694978546992,3.5674226292889566e-06,0.0
0.0019116440753857017,1.0,0.000631,0.1,0.0,0.00019481694978546992,3.5674226292889566e-06,0.0
0.0019116440753857017,1.0,0.000794,0.1,0.0,0.00019481694978546992,3.5674226292889566e-06,0.0
0.0019116440753857017,1.0,0.001,0.1,0.0,0.00019481694978546992,3.5674226292889566e-06,0.0
0.0019116440753857017,1.0,0.00126,0.1,0.0,0.00019481694978546992,3.5674226292889566e-06,0.0
0.0019116440753857017,1.0,0.00158,0.1,0.0,0.00019481694978546992,3.5674226292889566e-06,0.0
0.0019116440753857017,1.0,0.002,0.1,0.0,0.00019481694978546992,3.5674226292889566e-06,0.0
0.0019116440753857017,1.0,0.00251,0.1,0.0,0.00019481694978546992,3.5674226292889566e-06,0.0
0.0019116440753857017,1.0,0.00316,0.1,0.0,0.00019481694978546992,3.5674226292889566e-06,0.0
0.0019116440753857017,1.0,0.00398,0.1,0.0,0.00019481694978546992,3.5674226292889566e-06,0.0
0.0019116440753857017,1.0,0.00501,0.1,0.0,0.00019481694978546992,3.5674226292889566e-06,0.0
0.0019116440753857017,1.0,0.00631,0.1,0.0,0.00019481694978546992,3.5674226292889566e-06,0.0
0.0020022003718155844,1.0,3.16e-07,0.1,0.0,0.00021371135316152634,3.913410605411579e-06,0.0
0.0020022003718155844,1.0,3.98e-07,0.1,0.0,0.00021371135316152634,3.913410605411579e-06,0.0
0.0020022003718155844,1.0,5.01e-07,0.1,0.0,0.00021371135316152634,3.913410605411579e-06,0.0
0.0020022003718155844,1.0,6.31e-07,0.1,0.0,0.00021371135316152634,3.913410605411579e-06,0.0
0.0020022003718155844,1.0,7.94e-07,0.1,0.0,0.00021371135316152634,3.913410605411579e-06,0.0
0.0020022003718155844,1.0,1e-06,0.1,0.0,0.00021371135316152634,3.913410605411579e-06,0.0
0.0020022003718155844,1.0,1.26e-06,0.1,0.0,0.00021371135316152634,3.913410605411579e-06,0.0
0.0020022003718155844,1.0,1.58e-06,0.1,0.0,0.00021371135316152634,3.913410605411579e-06,0.0
0.0020022003718155844,1.0,2e-06,0.1,0.0,0.00021371135316152634,3.913410605411579e-06,0.0
0.0020022003718155844,1.0,2.51e-06,0.1,3.3333333333333335e-05,0.00021371135316152634,3.913410605411579e-06,0.0008548454126461055
0.0020022003718155844,1.0,3.98e-06,0.1,0.0001,0.00021371135316152634,3.913410605411579e-06,0.002564536237938316
0.0020022003718155844,1.0,5.01e-06,0.1,6.666666666666667e-05,0.00021371135316152634,3.913410605411579e-06,0.001709690825292211
0.0020022003718155844,1.0,7.94e-06,0.1,6.666666666666667e-05,0.00021371135316152634,3.913410605411579e-06,0.001709690825292211
0.0020022003718155844,1.0,1e-05,0.1,6.666666666666667e-05,0.00021371135316152634,3.913410605411579e-06,0.001709690825292211
0.0020022003718155844,1.0,1.26e-05,0.1,0.00023333333333333333,0.00021371135316152634,3.913410605411579e-06,0.005983917888522737
0.0020022003718155844,1.0,1.58e-05,0.1,0.0001,0.00021371135316152634,3.913410605411579e-06,0.002564536237938316
0.0020022003718155844,1.0,2.51e-05,0.1,0.0005,0.00021371135316152634,3.913410605411579e-06,0.012822681189691579
0.0020022003718155844,1.0,3.16e-05,0.1,0.0006,0.00021371135316152634,3.913410605411579e-06,0.015387217427629893
0.0020022003718155844,1.0,3.98e-05,0.1,0.0011,0.00021371135316152634,3.913410605411579e-06,0.02820989861732148
0.0020022003718155844,1.0,5.01e-05,0.1,0.0013333333333333333,0.00021371135316152634,3.913410605411579e-06,0.03419381650584421
0.0020022003718155844,1.0,6.31e-05,0.1,0.0018666666666666666,0.00021371135316152634,3.913410605411579e-06,0.0478713431081819
0.0020022003718155844,1.0,7.94e-05,0.1,0.0018,0.00021371135316152634,3.913410605411579e-06,0.04616165228288968
0.0020022003718155844,1.0,0.0001,0.1,0.0017666666666666666,0.00021371135316152634,3.913410605411579e-06,0.04530680687024358
0.0020022003718155844,1.0,0.000126,0.1,0.0021,0.00021371135316152634,3.913410605411579e-06,0.053855260996704624
0.0020022003718155844,1.0,0.000158,0.1,0.0012333333333333332,0.00021371135316152634,3.913410605411579e-06,0.031629280267905895
0.0020022003718155844,1.0,0.0002,0.1,0.0005,0.00021371135316152634,3.913410605411579e-06,0.012822681189691579
0.0020022003718155844,1.0,0.000251,0.1,0.0002,0.00021371135316152634,3.913410605411579e-06,0.005129072475876632
0.0020022003718155844,1.0,0.000316,0.1,3.3333333333333335e-05,0.00021371135316152634,3.913410605411579e-06,0.0008548454126461055
0.0020022003718155844,1.0,0.000398,0.1,3.3333333333333335e-05,0.00021371135316152634,3.913410605411579e-06,0.0008548454126461055
0.0020022003718155844,1.0,0.000501,0.1,0.0,0.00021371135316152634,3.913410605411579e-06,0.0
0.0020022003718155844,1.0,0.000631,0.1,0.0,0.00021371135316152634,3.913410605411579e-06,0.0
0.0020022003718155844,1.0,0.000794,0.1,0.0,0.00021371135316152634,3.913410605411579e-06,0.0
0.0020022003718155844,1.0,0.001,0.1,0.0,0.00021371135316152634,3.913410605411579e-06,0.0
0.0020022003718155844,1.0,0.00126,0.1,0.0,0.00021371135316152634,3.913410605411579e-06,0.0
0.0020022003718155844,1.0,0.00158,0.1,0.0,0.00021371135316152634,3.913410605411579e-06,0.0
0.0020022003718155844,1.0,0.002,0.1,0.0,0.00021371135316152634,3.913410605411579e-06,0.0
0.0020022003718155844,1.0,0.00251,0.1,0.0,0.00021371135316152634,3.913410605411579e-06,0.0
0.0020022003718155844,1.0,0.00316,0.1,0.0,0.00021371135316152634,3.913410605411579e-06,0.0
0.0020022003718155844,1.0,0.00398,0.1,0.0,0.00021371135316152634,3.913410605411579e-06,0.0
0.0020022003718155844,1.0,0.00501,0.1,0.0,0.00021371135316152634,3.913410605411579e-06,0.0
0.0020022003718155844,1.0,0.00631,0.1,0.0,0.00021371135316152634,3.913410605411579e-06,0.0
0.002097046401323233,1.0,3.16e-07,0.1,0.0,0.00023443823028664135,4.292954226087554e-06,0.0
0.002097046401323233,1.0,3.98e-07,0.1,0.0,0.00023443823028664135,4.292954226087554e-06,0.0
0.002097046401323233,1.0,5.01e-07,0.1,0.0,0.00023443823028664135,4.292954226087554e-06,0.0
0.002097046401323233,1.0,6.31e-07,0.1,0.0,0.00023443823028664135,4.292954226087554e-06,0.0
0.002097046401323233,1.0,7.94e-07,0.1,0.0,0.00023443823028664135,4.292954226087554e-06,0.0
0.002097046401323233,1.0,1e-06,0.1,0.0,0.00023443823028664135,4.292954226087554e-06,0.0
0.002097046401323233,1.0,1.26e-06,0.1,0.0,0.00023443823028664135,4.292954226087554e-06,0.0
0.002097046401323233,1.0,1.58e-06,0.1,0.0,0.00023443823028664135,4.292954226087554e-06,0.0
0.002097046401323233,1.0,2e-06,0.1,0.0,0.00023443823028664135,4.292954226087554e-06,0.0
0.002097046401323233,1.0,2.51e-06,0.1,3.3333333333333335e-05,0.00023443823028664135,4.292954226087554e-06,0.0009377529211465655
0.002097046401323233,1.0,3.98e-06,0.1,0.0001,0.00023443823028664135,4.292954226087554e-06,0.0028132587634396968
0.002097046401323233,1.0,5.01e-06,0.1,6.666666666666667e-05,0.00023443823028664135,4.292954226087554e-06,0.001875505842293131
0.002097046401323233,1.0,7.94e-06,0.1,6.666666666666667e-05,0.00023443823028664135,4.292954226087554e-06,0.001875505842293131
0.002097046401323233,1.0,1e-05,0.1,6.666666666666667e-05,0.00023443823028664135,4.292954226087554e-06,0.001875505842293131
0.002097046401323233,1.0,1.26e-05,0.1,0.00023333333333333333,0.00023443823028664135,4.292954226087554e-06,0.006564270448025958
0.002097046401323233,1.0,1.58e-05,0.1,0.0001,0.00023443823028664135,4.292954226087554e-06,0.0028132587634396968
0.002097046401323233,1.0,2.51e-05,0.1,0.0005,0.00023443823028664135,4.292954226087554e-06,0.014066293817198483
0.002097046401323233,1.0,3.16e-05,0.1,0.0006,0.00023443823028664135,4.292954226087554e-06,0.01687955258063818
0.002097046401323233,1.0,3.98e-05,0.1,0.0011,0.00023443823028664135,4.292954226087554e-06,0.030945846397836665
0.002097046401323233,1.0,5.01e-05,0.1,0.0013333333333333333,0.00023443823028664135,4.292954226087554e-06,0.03751011684586262
0.002097046401323233,1.0,6.31e-05,0.1,0.0018666666666666666,0.00023443823028664135,4.292954226087554e-06,0.052514163584207664
0.002097046401323233,1.0,7.94e-05,0.1,0.0018,0.00023443823028664135,4.292954226087554e-06,0.05063865774191454
0.002097046401323233,1.0,0.0001,0.1,0.0017666666666666666,0.00023443823028664135,4.292954226087554e-06,0.04970090482076797
0.002097046401323233,1.0,0.000126,0.1,0.0021,0.00023443823028664135,4.292954226087554e-06,0.05907843403223362
0.002097046401323233,1.0,0.000158,0.1,0.0012333333333333332,0.00023443823028664135,4.292954226087554e-06,0.03469685808242292
0.002097046401323233,1.0,0.0002,0.1,0.0005,0.00023443823028664135,4.292954226087554e-06,0.014066293817198483
0.002097046401323233,1.0,0.000251,0.1,0.0002,0.00023443823028664135,4.292954226087554e-06,0.0056265175268793936
0.002097046401323233,1.0,0.000316,0.1,3.3333333333333335e-05,0.00023443823028664135,4.292954226087554e-06,0.0009377529211465655
0.002097046401323233,1.0,0.000398,0.1,3.3333333333333335e-05,0.00023443823028664135,4.292954226087554e-06,0.0009377529211465655
0.002097046401323233,1.0,0.000501,0.1,0.0,0.00023443823028664135,4.292954226087554e-06,0.0
0.002097046401323233,1.0,0.000631,0.1,0.0,0.00023443823028664135,4.292954226087554e-06,0.0
0.002097046401323233,1.0,0.000794,0.1,0.0,0.00023443823028664135,4.292954226087554e-06,0.0
0.002097046401323233,1.0,0.001,0.1,0.0,0.00023443823028664135,4.292954226087554e-06,0.0
0.002097046401323233,1.0,0.00126,0.1,0.0,0.00023443823028664135,4.292954226087554e-06,0.0
0.002097046401323233,1.0,0.00158,0.1,0.0,0.00023443823028664135,4.292954226087554e-06,0.0
0.002097046401323233,1.0,0.002,0.1,0.0,0.00023443823028664135,4.292954226087554e-06,0.0
0.002097046401323233,1.0,0.00251,0.1,0.0,0.00023443823028664135,4.292954226087554e-06,0.0
0.002097046401323233,1.0,0.00316,0.1,0.0,0.00023443823028664135,4.292954226087554e-06,0.0
0.002097046401323233,1.0,0.00398,0.1,0.0,0.00023443823028664135,4.292954226087554e-06,0.0
0.002097046401323233,1.0,0.00501,0.1,0.0,0.00023443823028664135,4.292954226087554e-06,0.0
0.002097046401323233,1.0,0.00631,0.1,0.0,0.00023443823028664135,4.292954226087554e-06,0.0
0.002196385372416547,1.0,3.16e-07,0.1,0.0,0.0002571753020310949,4.709307856273483e-06,0.0
0.002196385372416547,1.0,3.98e-07,0.1,0.0,0.0002571753020310949,4.709307856273483e-06,0.0
0.002196385372416547,1.0,5.01e-07,0.1,0.0,0.0002571753020310949,4.709307856273483e-06,0.0
0.002196385372416547,1.0,6.31e-07,0.1,0.0,0.0002571753020310949,4.709307856273483e-06,0.0
0.002196385372416547,1.0,7.94e-07,0.1,0.0,0.0002571753020310949,4.709307856273483e-06,0.0
0.002196385372416547,1.0,1e-06,0.1,0.0,0.0002571753020310949,4.709307856273483e-06,0.0
0.002196385372416547,1.0,1.26e-06,0.1,0.0,0.0002571753020310949,4.709307856273483e-06,0.0
0.002196385372416547,1.0,1.58e-06,0.1,0.0,0.0002571753020310949,4.709307856273483e-06,0.0
0.002196385372416547,1.0,2e-06,0.1,0.0,0.0002571753020310949,4.709307856273483e-06,0.0
0.002196385372416547,1.0,2.51e-06,0.1,3.3333333333333335e-05,0.0002571753020310949,4.709307856273483e-06,0.0010287012081243796
0.002196385372416547,1.0,3.98e-06,0.1,0.0001,0.0002571753020310949,4.709307856273483e-06,0.0030861036243731393
0.002196385372416547,1.0,5.01e-06,0.1,6.666666666666667e-05,0.0002571753020310949,4.709307856273483e-06,0.0020574024162487593
0.002196385372416547,1.0,7.94e-06,0.1,6.666666666666667e-05,0.0002571753020310949,4.709307856273483e-06,0.0020574024162487593
0.002196385372416547,1.0,1e-05,0.1,6.666666666666667e-05,0.0002571753020310949,4.709307856273483e-06,0.0020574024162487593
0.002196385372416547,1.0,1.26e-05,0.1,0.00023333333333333333,0.0002571753020310949,4.709307856273483e-06,0.007200908456870657
0.002196385372416547,1.0,1.58e-05,0.1,0.0001,0.0002571753020310949,4.709307856273483e-06,0.0030861036243731393
0.002196385372416547,1.0,2.51e-05,0.1,0.0005,0.0002571753020310949,4.709307856273483e-06,0.015430518121865695
0.002196385372416547,1.0,3.16e-05,0.1,0.0006,0.0002571753020310949,4.709307856273483e-06,0.01851662174623883
0.002196385372416547,1.0,3.98e-05,0.1,0.0011,0.0002571753020310949,4.709307856273483e-06,0.033947139868104534
0.002196385372416547,1.0,5.01e-05,0.1,0.0013333333333333333,0.0002571753020310949,4.709307856273483e-06,0.041148048324975185
0.002196385372416547,1.0,6.31e-05,0.1,0.0018666666666666666,0.0002571753020310949,4.709307856273483e-06,0.05760726765496526
0.002196385372416547,1.0,7.94e-05,0.1,0.0018,0.0002571753020310949,4.709307856273483e-06,0.0555498652387165
0.002196385372416547,1.0,0.0001,0.1,0.0017666666666666666,0.0002571753020310949,4.709307856273483e-06,0.05452116403059212
0.002196385372416547,1.0,0.000126,0.1,0.0021,0.0002571753020310949,4.709307856273483e-06,0.06480817611183591
0.002196385372416547,1.0,0.000158,0.1,0.0012333333333333332,0.0002571753020310949,4.709307856273483e-06,0.03806194470060204
0.002196385372416547,1.0,0.0002,0.1,0.0005,0.0002571753020310949,4.709307856273483e-06,0.015430518121865695
0.002196385372416547,1.0,0.000251,0.1,0.0002,0.0002571753020310949,4.709307856273483e-06,0.006172207248746279
0.002196385372416547,1.0,0.000316,0.1,3.3333333333333335e-05,0.0002571753020310949,4.709307856273483e-06,0.0010287012081243796
0.002196385372416547,1.0,0.000398,0.1,3.3333333333333335e-05,0.0002571753020310949,4.709307856273483e-06,0.0010287012081243796
0.002196385372416547,1.0,0.000501,0.1,0.0,0.0002571753020310949,4.709307856273483e-06,0.0
0.002196385372416547,1.0,0.000631,0.1,0.0,0.0002571753020310949,4.709307856273483e-06,0.0
0.002196385372416547,1.0,0.000794,0.1,0.0,0.0002571753020310949,4.709307856273483e-06,0.0
0.002196385372416547,1.0,0.001,0.1,0.0,0.0002571753020310949,4.709307856273483e-06,0.0
0.002196385372416547,1.0,0.00126,0.1,0.0,0.0002571753020310949,4.709307856273483e-06,0.0
0.002196385372416547,1.0,0.00158,0.1,0.0,0.0002571753020310949,4.709307856273483e-06,0.0
0.002196385372416547,1.0,0.002,0.1,0.0,0.0002571753020310949,4.709307856273483e-06,0.0
0.002196385372416547,1.0,0.00251,0.1,0.0,0.0002571753020310949,4.709307856273483e-06,0.0
0.002196385372416547,1.0,0.00316,0.1,0.0,0.0002571753020310949,4.709307856273483e-06,0.0
0.002196385372416547,1.0,0.00398,0.1,0.0,0.0002571753020310949,4.709307856273483e-06,0.0
0.002196385372416547,1.0,0.00501,0.1,0.0,0.0002571753020310949,4.709307856273483e-06,0.0
0.002196385372416547,1.0,0.00631,0.1,0.0,0.0002571753020310949,4.709307856273483e-06,0.0
0.002300430119772917,1.0,3.16e-07,0.1,0.0,0.00028211752504357066,5.166041476718012e-06,0.0
0.002300430119772917,1.0,3.98e-07,0.1,0.0,0.00028211752504357066,5.166041476718012e-06,0.0
0.002300430119772917,1.0,5.01e-07,0.1,0.0,0.00028211752504357066,5.166041476718012e-06,0.0
0.002300430119772917,1.0,6.31e-07,0.1,0.0,0.00028211752504357066,5.166041476718012e-06,0.0
0.002300430119772917,1.0,7.94e-07,0.1,0.0,0.00028211752504357066,5.166041476718012e-06,0.0
0.002300430119772917,1.0,1e-06,0.1,0.0,0.00028211752504357066,5.166041476718012e-06,0.0
0.002300430119772917,1.0,1.26e-06,0.1,0.0,0.00028211752504357066,5.166041476718012e-06,0.0
0.002300430119772917,1.0,1.58e-06,0.1,0.0,0.00028211752504357066,5.166041476718012e-06,0.0
0.002300430119772917,1.0,2e-06,0.1,0.0,0.00028211752504357066,5.166041476718012e-06,0.0
0.002300430119772917,1.0,2.51e-06,0.1,3.3333333333333335e-05,0.00028211752504357066,5.166041476718012e-06,0.001128470100174283
0.002300430119772917,1.0,3.98e-06,0.1,0.0001,0.00028211752504357066,5.166041476718012e-06,0.003385410300522849
0.002300430119772917,1.0,5.01e-06,0.1,6.666666666666667e-05,0.00028211752504357066,5.166041476718012e-06,0.002256940200348566
0.002300430119772917,1.0,7.94e-06,0.1,6.666666666666667e-05,0.00028211752504357066,5.166041476718012e-06,0.002256940200348566
0.002300430119772917,1.0,1e-05,0.1,6.666666666666667e-05,0.00028211752504357066,5.166041476718012e-06,0.002256940200348566
0.002300430119772917,1.0,1.26e-05,0.1,0.00023333333333333333,0.00028211752504357066,5.166041476718012e-06,0.00789929070121998
0.002300430119772917,1.0,1.58e-05,0.1,0.0001,0.00028211752504357066,5.166041476718012e-06,0.003385410300522849
0.002300430119772917,1.0,2.51e-05,0.1,0.0005,0.00028211752504357066,5.166041476718012e-06,0.016927051502614244
0.002300430119772917,1.0,3.16e-05,0.1,0.0006,0.00028211752504357066,5.166041476718012e-06,0.02031246180313709
0.002300430119772917,1.0,3.98e-05,0.1,0.0011,0.00028211752504357066,5.166041476718012e-06,0.037239513305751336
0.002300430119772917,1.0,5.01e-05,0.1,0.0013333333333333333,0.00028211752504357066,5.166041476718012e-06,0.04513880400697132
0.002300430119772917,1.0,6.31e-05,0.1,0.0018666666666666666,0.00028211752504357066,5.166041476718012e-06,0.06319432560975984
0.002300430119772917,1.0,7.94e-05,0.1,0.0018,0.00028211752504357066,5.166041476718012e-06,0.06093738540941127
0.002300430119772917,1.0,0.0001,0.1,0.0017666666666666666,0.00028211752504357066,5.166041476718012e-06,0.05980891530923699
0.002300430119772917,1.0,0.000126,0.1,0.0021,0.00028211752504357066,5.166041476718012e-06,0.07109361631097981
0.002300430119772917,1.0,0.000158,0.1,0.0012333333333333332,0.00028211752504357066,5.166041476718012e-06,0.04175339370644846
0.002300430119772917,1.0,0.0002,0.1,0.0005,0.00028211752504357066,5.166041476718012e-06,0.016927051502614244
0.002300430119772917,1.0,0.000251,0.1,0.0002,0.00028211752504357066,5.166041476718012e-06,0.006770820601045698
0.002300430119772917,1.0,0.000316,0.1,3.3333333333333335e-05,0.00028211752504357066,5.166041476718012e-06,0.001128470100174283
0.002300430119772917,1.0,0.000398,0.1,3.3333333333333335e-05,0.00028211752504357066,5.166041476718012e-06,0.001128470100174283
0.002300430119772917,1.0,0.000501,0.1,0.0,0.00028211752504357066,5.166041476718012e-06,0.0
0.002300430119772917,1.0,0.000631,0.1,0.0,0.00028211752504357066,5.166041476718012e-06,0.0
0.002300430119772917,1.0,0.000794,0.1,0.0,0.00028211752504357066,5.166041476718012e-06,0.0
0.002300430119772917,1.0,0.001,0.1,0.0,0.00028211752504357066,5.166041476718012e-06,0.0
0.002300430119772917,1.0,0.00126,0.1,0.0,0.00028211752504357066,5.166041476718012e-06,0.0
0.002300430119772917,1.0,0.00158,0.1,0.0,0.00028211752504357066,5.166041476718012e-06,0.0
0.002300430119772917,1.0,0.002,0.1,0.0,0.00028211752504357066,5.166041476718012e-06,0.0
0.002300430119772917,1.0,0.00251,0.1,0.0,0.00028211752504357066,5.166041476718012e-06,0.0
0.002300430119772917,1.0,0.00316,0.1,0.0,0.00028211752504357066,5.166041476718012e-06,0.0
0.002300430119772917,1.0,0.00398,0.1,0.0,0.00028211752504357066,5.166041476718012e-06,0.0
0.002300430119772917,1.0,0.00501,0.1,0.0,0.00028211752504357066,5.166041476718012e-06,0.0
0.002300430119772917,1.0,0.00631,0.1,0.0,0.00028211752504357066,5.166041476718012e-06,0.0
0.0024094035602395245,1.0,3.16e-07,0.1,0.0,0.00030947876325037964,5.667071291894885e-06,0.0
0.0024094035602395245,1.0,3.98e-07,0.1,0.0,0.00030947876325037964,5.667071291894885e-06,0.0
0.0024094035602395245,1.0,5.01e-07,0.1,0.0,0.00030947876325037964,5.667071291894885e-06,0.0
0.0024094035602395245,1.0,6.31e-07,0.1,0.0,0.00030947876325037964,5.667071291894885e-06,0.0
0.0024094035602395245,1.0,7.94e-07,0.1,0.0,0.00030947876325037964,5.667071291894885e-06,0.0
0.0024094035602395245,1.0,1e-06,0.1,0.0,0.00030947876325037964,5.667071291894885e-06,0.0
0.0024094035602395245,1.0,1.26e-06,0.1,0.0,0.00030947876325037964,5.667071291894885e-06,0.0
0.0024094035602395245,1.0,1.58e-06,0.1,0.0,0.00030947876325037964,5.667071291894885e-06,0.0
0.0024094035602395245,1.0,2e-06,0.1,0.0,0.00030947876325037964,5.667071291894885e-06,0.0
0.0024094035602395245,1.0,2.51e-06,0.1,3.3333333333333335e-05,0.00030947876325037964,5.667071291894885e-06,0.001237915053001519
0.0024094035602395245,1.0,3.98e-06,0.1,0.0001,0.00030947876325037964,5.667071291894885e-06,0.0037137451590045566
0.0024094035602395245,1.0,5.01e-06,0.1,6.666666666666667e-05,0.00030947876325037964,5.667071291894885e-06,0.002475830106003038
0.0024094035602395245,1.0,7.94e-06,0.1,6.666666666666667e-05,0.00030947876325037964,5.667071291894885e-06,0.002475830106003038
0.0024094035602395245,1.0,1e-05,0.1,6.666666666666667e-05,0.00030947876325037964,5.667071291894885e-06,0.002475830106003038
0.0024094035602395245,1.0,1.26e-05,0.1,0.00023333333333333333,0.00030947876325037964,5.667071291894885e-06,0.008665405371010631
0.0024094035602395245,1.0,1.58e-05,0.1,0.0001,0.00030947876325037964,5.667071291894885e-06,0.0037137451590045566
0.0024094035602395245,1.0,2.51e-05,0.1,0.0005,0.00030947876325037964,5.667071291894885e-06,0.01856872579502278
0.0024094035602395245,1.0,3.16e-05,0.1,0.0006,0.00030947876325037964,5.667071291894885e-06,0.022282470954027335
0.0024094035602395245,1.0,3.98e-05,0.1,0.0011,0.00030947876325037964,5.667071291894885e-06,0.04085119674905012
0.0024094035602395245,1.0,5.01e-05,0.1,0.0013333333333333333,0.00030947876325037964,5.667071291894885e-06,0.049516602120060746
0.0024094035602395245,1.0,6.31e-05,0.1,0.0018666666666666666,0.00030947876325037964,5.667071291894885e-06,0.06932324296808505
0.0024094035602395245,1.0,7.94e-05,0.1,0.0018,0.00030947876325037964,5.667071291894885e-06,0.06684741286208201
0.0024094035602395245,1.0,0.0001,0.1,0.0017666666666666666,0.00030947876325037964,5.667071291894885e-06,0.06560949780908049
0.0024094035602395245,1.0,0.000126,0.1,0.0021,0.00030947876325037964,5.667071291894885e-06,0.07798864833909568
0.0024094035602395245,1.0,0.000158,0.1,0.0012333333333333332,0.00030947876325037964,5.667071291894885e-06,0.04580285696105619
0.0024094035602395245,1.0,0.0002,0.1,0.0005,0.00030947876325037964,5.667071291894885e-06,0.01856872579502278
0.0024094035602395245,1.0,0.000251,0.1,0.0002,0.00030947876325037964,5.667071291894885e-06,0.007427490318009113
0.0024094035602395245,1.0,0.000316,0.1,3.3333333333333335e-05,0.00030947876325037964,5.667071291894885e-06,0.001237915053001519
0.0024094035602395245,1.0,0.000398,0.1,3.3333333333333335e-05,0.00030947876325037964,5.667071291894885e-06,0.001237915053001519
0.0024094035602395245,1.0,0.000501,0.1,0.0,0.00030947876325037964,5.667071291894885e-06,0.0
0.0024094035602395245,1.0,0.000631,0.1,0.0,0.00030947876325037964,5.667071291894885e-06,0.0
0.0024094035602395245,1.0,0.000794,0.1,0.0,0.00030947876325037964,5.667071291894885e-06,0.0
0.0024094035602395245,1.0,0.001,0.1,0.0,0.00030947876325037964,5.667071291894885e-06,0.0
0.0024094035602395245,1.0,0.00126,0.1,0.0,0.00030947876325037964,5.667071291894885e-06,0.0
0.0024094035602395245,1.0,0.00158,0.1,0.0,0.00030947876325037964,5.667071291894885e-06,0.0
0.0024094035602395245,1.0,0.002,0.1,0.0,0.00030947876325037964,5.667071291894885e-06,0.0
0.0024094035602395245,1.0,0.00251,0.1,0.0,0.00030947876325037964,5.667071291894885e-06,0.0
0.0024094035602395245,1.0,0.00316,0.1,0.0,0.00030947876325037964,5.667071291894885e-06,0.0
0.0024094035602395245,1.0,0.00398,0.1,0.0,0.00030947876325037964,5.667071291894885e-06,0.0
0.0024094035602395245,1.0,0.00501,0.1,0.0,0.00030947876325037964,5.667071291894885e-06,0.0
0.0024094035602395245,1.0,0.00631,0.1,0.0,0.00030947876325037964,5.667071291894885e-06,0.0
0.0025235391704347657,1.0,3.16e-07,0.1,0.0,0.000339493621440638,6.216693305999597e-06,0.0
0.0025235391704347657,1.0,3.98e-07,0.1,0.0,0.000339493621440638,6.216693305999597e-06,0.0
0.0025235391704347657,1.0,5.01e-07,0.1,0.0,0.000339493621440638,6.216693305999597e-06,0.0
0.0025235391704347657,1.0,6.31e-07,0.1,0.0,0.000339493621440638,6.216693305999597e-06,0.0
0.0025235391704347657,1.0,7.94e-07,0.1,0.0,0.000339493621440638,6.216693305999597e-06,0.0
0.0025235391704347657,1.0,1e-06,0.1,0.0,0.000339493621440638,6.216693305999597e-06,0.0
0.0025235391704347657,1.0,1.26e-06,0.1,0.0,0.000339493621440638,6.216693305999597e-06,0.0
0.0025235391704347657,1.0,1.58e-06,0.1,0.0,0.000339493621440638,6.216693305999597e-06,0.0
0.0025235391704347657,1.0,2e-06,0.1,0.0,0.000339493621440638,6.216693305999597e-06,0.0
0.0025235391704347657,1.0,2.51e-06,0.1,3.3333333333333335e-05,0.000339493621440638,6.216693305999597e-06,0.0013579744857625522
0.0025235391704347657,1.0,3.98e-06,0.1,0.0001,0.000339493621440638,6.216693305999597e-06,0.004073923457287657
0.0025235391704347657,1.0,5.01e-06,0.1,6.666666666666667e-05,0.000339493621440638,6.216693305999597e-06,0.0027159489715251044
0.0025235391704347657,1.0,7.94e-06,0.1,6.666666666666667e-05,0.000339493621440638,6.216693305999597e-06,0.0027159489715251044
0.0025235391704347657,1.0,1e-05,0.1,6.666666666666667e-05,0.000339493621440638,6.216693305999597e-06,0.0027159489715251044
0.0025235391704347657,1.0,1.26e-05,0.1,0.00023333333333333333,0.000339493621440638,6.216693305999597e-06,0.009505821400337865
0.0025235391704347657,1.0,1.58e-05,0.1,0.0001,0.000339493621440638,6.216693305999597e-06,0.004073923457287657
0.0025235391704347657,1.0,2.51e-05,0.1,0.0005,0.000339493621440638,6.216693305999597e-06,0.020369617286438282
0.0025235391704347657,1.0,3.16e-05,0.1,0.0006,0.000339493621440638,6.216693305999597e-06,0.024443540743725938
0.0025235391704347657,1.0,3.98e-05,0.1,0.0011,0.000339493621440638,6.216693305999597e-06,0.044813158030164224
0.0025235391704347657,1.0,5.01e-05,0.1,0.0013333333333333333,0.000339493621440638,6.216693305999597e-06,0.05431897943050208
0.0025235391704347657,1.0,6.31e-05,0.1,0.0018666666666666666,0.000339493621440638,6.216693305999597e-06,0.07604657120270292
0.0025235391704347657,1.0,7.94e-05,0.1,0.0018,0.000339493621440638,6.216693305999597e-06,0.07333062223117781
0.0025235391704347657,1.0,0.0001,0.1,0.0017666666666666666,0.000339493621440638,6.216693305999597e-06,0.07197264774541527
0.0025235391704347657,1.0,0.000126,0.1,0.0021,0.000339493621440638,6.216693305999597e-06,0.08555239260304077
0.0025235391704347657,1.0,0.000158,0.1,0.0012333333333333332,0.000339493621440638,6.216693305999597e-06,0.05024505597321443
0.0025235391704347657,1.0,0.0002,0.1,0.0005,0.000339493621440638,6.216693305999597e-06,0.020369617286438282
0.0025235391704347657,1.0,0.000251,0.1,0.0002,0.000339493621440638,6.216693305999597e-06,0.008147846914575313
0.0025235391704347657,1.0,0.000316,0.1,3.3333333333333335e-05,0.000339493621440638,6.216693305999597e-06,0.0013579744857625522
0.0025235391704347657,1.0,0.000398,0.1,3.3333333333333335e-05,0.000339493621440638,6.216693305999597e-06,0.0013579744857625522
0.0025235391704347657,1.0,0.000501,0.1,0.0,0.000339493621440638,6.216693305999597e-06,0.0
0.0025235391704347657,1.0,0.000631,0.1,0.0,0.000339493621440638,6.216693305999597e-06,0.0
0.0025235391704347657,1.0,0.000794,0.1,0.0,0.000339493621440638,6.216693305999597e-06,0.0
0.0025235391704347657,1.0,0.001,0.1,0.0,0.000339493621440638,6.216693305999597e-06,0.0
0.0025235391704347657,1.0,0.00126,0.1,0.0,0.000339493621440638,6.216693305999597e-06,0.0
0.0025235391704347657,1.0,0.00158,0.1,0.0,0.000339493621440638,6.216693305999597e-06,0.0
0.0025235391704347657,1.0,0.002,0.1,0.0,0.000339493621440638,6.216693305999597e-06,0.0
0.0025235391704347657,1.0,0.00251,0.1,0.0,0.000339493621440638,6.216693305999597e-06,0.0
0.0025235391704347657,1.0,0.00316,0.1,0.0,0.000339493621440638,6.216693305999597e-06,0.0
0.0025235391704347657,1.0,0.00398,0.1,0.0,0.000339493621440638,6.216693305999597e-06,0.0
0.0025235391704347657,1.0,0.00501,0.1,0.0,0.000339493621440638,6.216693305999597e-06,0.0
0.0025235391704347657,1.0,0.00631,0.1,0.0,0.000339493621440638,6.216693305999597e-06,0.0
0.0026430814869741054,1.0,3.16e-07,0.1,0.0,0.00037241945665221254,6.8196201547740805e-06,0.0
0.0026430814869741054,1.0,3.98e-07,0.1,0.0,0.00037241945665221254,6.8196201547740805e-06,0.0
0.0026430814869741054,1.0,5.01e-07,0.1,0.0,0.00037241945665221254,6.8196201547740805e-06,0.0
0.0026430814869741054,1.0,6.31e-07,0.1,0.0,0.00037241945665221254,6.8196201547740805e-06,0.0
0.0026430814869741054,1.0,7.94e-07,0.1,0.0,0.00037241945665221254,6.8196201547740805e-06,0.0
0.0026430814869741054,1.0,1e-06,0.1,0.0,0.00037241945665221254,6.8196201547740805e-06,0.0
0.0026430814869741054,1.0,1.26e-06,0.1,0.0,0.00037241945665221254,6.8196201547740805e-06,0.0
0.0026430814869741054,1.0,1.58e-06,0.1,0.0,0.00037241945665221254,6.8196201547740805e-06,0.0
0.0026430814869741054,1.0,2e-06,0.1,0.0,0.00037241945665221254,6.8196201547740805e-06,0.0
0.0026430814869741054,1.0,2.51e-06,0.1,3.3333333333333335e-05,0.00037241945665221254,6.8196201547740805e-06,0.0014896778266088504
0.0026430814869741054,1.0,3.98e-06,0.1,0.0001,0.00037241945665221254,6.8196201547740805e-06,0.004469033479826551
0.0026430814869741054,1.0,5.01e-06,0.1,6.666666666666667e-05,0.00037241945665221254,6.8196201547740805e-06,0.002979355653217701
0.0026430814869741054,1.0,7.94e-06,0.1,6.666666666666667e-05,0.00037241945665221254,6.8196201547740805e-06,0.002979355653217701
0.0026430814869741054,1.0,1e-05,0.1,6.666666666666667e-05,0.00037241945665221254,6.8196201547740805e-06,0.002979355653217701
0.0026430814869741054,1.0,1.26e-05,0.1,0.00023333333333333333,0.00037241945665221254,6.8196201547740805e-06,0.010427744786261952
0.0026430814869741054,1.0,1.58e-05,0.1,0.0001,0.00037241945665221254,6.8196201547740805e-06,0.004469033479826551
0.0026430814869741054,1.0,2.51e-05,0.1,0.0005,0.00037241945665221254,6.8196201547740805e-06,0.022345167399132754
0.0026430814869741054,1.0,3.16e-05,0.1,0.0006,0.00037241945665221254,6.8196201547740805e-06,0.026814200878959304
0.0026430814869741054,1.0,3.98e-05,0.1,0.0011,0.00037241945665221254,6.8196201547740805e-06,0.049159368278092065
0.0026430814869741054,1.0,5.01e-05,0.1,0.0013333333333333333,0.00037241945665221254,6.8196201547740805e-06,0.05958711306435402
0.0026430814869741054,1.0,6.31e-05,0.1,0.0018666666666666666,0.00037241945665221254,6.8196201547740805e-06,0.08342195829009562
0.0026430814869741054,1.0,7.94e-05,0.1,0.0018,0.00037241945665221254,6.8196201547740805e-06,0.08044260263687791
0.0026430814869741054,1.0,0.0001,0.1,0.0017666666666666666,0.00037241945665221254,6.8196201547740805e-06,0.07895292481026907
0.0026430814869741054,1.0,0.000126,0.1,0.0021,0.00037241945665221254,6.8196201547740805e-06,0.09384970307635757
0.0026430814869741054,1.0,0.000158,0.1,0.0012333333333333332,0.00037241945665221254,6.8196201547740805e-06,0.05511807958452746
0.0026430814869741054,1.0,0.0002,0.1,0.0005,0.00037241945665221254,6.8196201547740805e-06,0.022345167399132754
0.0026430814869741054,1.0,0.000251,0.1,0.0002,0.00037241945665221254,6.8196201547740805e-06,0.008938066959653101
0.0026430814869741054,1.0,0.000316,0.1,3.3333333333333335e-05,0.00037241945665221254,6.8196201547740805e-06,0.0014896778266088504
0.0026430814869741054,1.0,0.000398,0.1,3.3333333333333335e-05,0.00037241945665221254,6.8196201547740805e-06,0.0014896778266088504
0.0026430814869741054,1.0,0.000501,0.1,0.0,0.00037241945665221254,6.8196201547740805e-06,0.0
0.0026430814869741054,1.0,0.000631,0.1,0.0,0.00037241945665221254,6.8196201547740805e-06,0.0
0.0026430814869741054,1.0,0.000794,0.1,0.0,0.00037241945665221254,6.8196201547740805e-06,0.0
0.0026430814869741054,1.0,0.001,0.1,0.0,0.00037241945665221254,6.8196201547740805e-06,0.0
0.0026430814869741054,1.0,0.00126,0.1,0.0,0.00037241945665221254,6.8196201547740805e-06,0.0
0.0026430814869741054,1.0,0.00158,0.1,0.0,0.00037241945665221254,6.8196201547740805e-06,0.0
0.0026430814869741054,1.0,0.002,0.1,0.0,0.00037241945665221254,6.8196201547740805e-06,0.0
0.0026430814869741054,1.0,0.00251,0.1,0.0,0.00037241945665221254,6.8196201547740805e-06,0.0
0.0026430814869741054,1.0,0.00316,0.1,0.0,0.00037241945665221254,6.8196201547740805e-06,0.0
0.0026430814869741054,1.0,0.00398,0.1,0.0,0.00037241945665221254,6.8196201547740805e-06,0.0
0.0026430814869741054,1.0,0.00501,0.1,0.0,0.00037241945665221254,6.8196201547740805e-06,0.0
0.0026430814869741054,1.0,0.00631,0.1,0.0,0.00037241945665221254,6.8196201547740805e-06,0.0
0.0027682866303920667,1.0,3.16e-07,0.1,0.0,0.000408538584596281,7.4810215088130565e-06,0.0
0.0027682866303920667,1.0,3.98e-07,0.1,0.0,0.000408538584596281,7.4810215088130565e-06,0.0
0.0027682866303920667,1.0,5.01e-07,0.1,0.0,0.000408538584596281,7.4810215088130565e-06,0.0
0.0027682866303920667,1.0,6.31e-07,0.1,0.0,0.000408538584596281,7.4810215088130565e-06,0.0
0.0027682866303920667,1.0,7.94e-07,0.1,0.0,0.000408538584596281,7.4810215088130565e-06,0.0
0.0027682866303920667,1.0,1e-06,0.1,0.0,0.000408538584596281,7.4810215088130565e-06,0.0
0.0027682866303920667,1.0,1.26e-06,0.1,0.0,0.000408538584596281,7.4810215088130565e-06,0.0
0.0027682866303920667,1.0,1.58e-06,0.1,0.0,0.000408538584596281,7.4810215088130565e-06,0.0
0.0027682866303920667,1.0,2e-06,0.1,0.0,0.000408538584596281,7.4810215088130565e-06,0.0
0.0027682866303920667,1.0,2.51e-06,0.1,3.3333333333333335e-05,0.000408538584596281,7.4810215088130565e-06,0.001634154338385124
0.0027682866303920667,1.0,3.98e-06,0.1,0.0001,0.000408538584596281,7.4810215088130565e-06,0.004902463015155373
0.0027682866303920667,1.0,5.01e-06,0.1,6.666666666666667e-05,0.000408538584596281,7.4810215088130565e-06,0.003268308676770248
0.0027682866303920667,1.0,7.94e-06,0.1,6.666666666666667e-05,0.000408538584596281,7.4810215088130565e-06,0.003268308676770248
0.0027682866303920667,1.0,1e-05,0.1,6.666666666666667e-05,0.000408538584596281,7.4810215088130565e-06,0.003268308676770248
0.0027682866303920667,1.0,1.26e-05,0.1,0.00023333333333333333,0.000408538584596281,7.4810215088130565e-06,0.01143908036869587
0.0027682866303920667,1.0,1.58e-05,0.1,0.0001,0.000408538584596281,7.4810215088130565e-06,0.004902463015155373
0.0027682866303920667,1.0,2.51e-05,0.1,0.0005,0.000408538584596281,7.4810215088130565e-06,0.024512315075776864
0.0027682866303920667,1.0,3.16e-05,0.1,0.0006,0.000408538584596281,7.4810215088130565e-06,0.029414778090932233
0.0027682866303920667,1.0,3.98e-05,0.1,0.0011,0.000408538584596281,7.4810215088130565e-06,0.0539270931667091
0.0027682866303920667,1.0,5.01e-05,0.1,0.0013333333333333333,0.000408538584596281,7.4810215088130565e-06,0.06536617353540496
0.0027682866303920667,1.0,6.31e-05,0.1,0.0018666666666666666,0.000408538584596281,7.4810215088130565e-06,0.09151264294956696
0.0027682866303920667,1.0,7.94e-05,0.1,0.0018,0.000408538584596281,7.4810215088130565e-06,0.08824433427279671
0.0027682866303920667,1.0,0.0001,0.1,0.0017666666666666666,0.000408538584596281,7.4810215088130565e-06,0.08661017993441157
0.0027682866303920667,1.0,0.000126,0.1,0.0021,0.000408538584596281,7.4810215088130565e-06,0.10295172331826281
0.0027682866303920667,1.0,0.000158,0.1,0.0012333333333333332,0.000408538584596281,7.4810215088130565e-06,0.06046371052024958
0.0027682866303920667,1.0,0.0002,0.1,0.0005,0.000408538584596281,7.4810215088130565e-06,0.024512315075776864
0.0027682866303920667,1.0,0.000251,0.1,0.0002,0.000408538584596281,7.4810215088130565e-06,0.009804926030310745
0.0027682866303920667,1.0,0.000316,0.1,3.3333333333333335e-05,0.000408538584596281,7.4810215088130565e-06,0.001634154338385124
0.0027682866303920667,1.0,0.000398,0.1,3.3333333333333335e-05,0.000408538584596281,7.4810215088130565e-06,0.001634154338385124
0.0027682866303920667,1.0,0.000501,0.1,0.0,0.000408538584596281,7.4810215088130565e-06,0.0
0.0027682866303920667,1.0,0.000631,0.1,0.0,0.000408538584596281,7.4810215088130565e-06,0.0
0.0027682866303920667,1.0,0.000794,0.1,0.0,0.000408538584596281,7.4810215088130565e-06,0.0
0.0027682866303920667,1.0,0.001,0.1,0.0,0.000408538584596281,7.4810215088130565e-06,0.0
0.0027682866303920667,1.0,0.00126,0.1,0.0,0.000408538584596281,7.4810215088130565e-06,0.0
0.0027682866303920667,1.0,0.00158,0.1,0.0,0.000408538584596281,7.4810215088130565e-06,0.0
0.0027682866303920667,1.0,0.002,0.1,0.0,0.000408538584596281,7.4810215088130565e-06,0.0
0.0027682866303920667,1.0,0.00251,0.1,0.0,0.000408538584596281,7.4810215088130565e-06,0.0
0.0027682866303920667,1.0,0.00316,0.1,0.0,0.000408538584596281,7.4810215088130565e-06,0.0
0.0027682866303920667,1.0,0.00398,0.1,0.0,0.000408538584596281,7.4810215088130565e-06,0.0
0.0027682866303920667,1.0,0.00501,0.1,0.0,0.000408538584596281,7.4810215088130565e-06,0.0
0.0027682866303920667,1.0,0.00631,0.1,0.0,0.000408538584596281,7.4810215088130565e-06,0.0
0.002899422853882875,1.0,3.16e-07,0.1,0.0,0.0004481607000289069,8.206568394596354e-06,0.0
0.002899422853882875,1.0,3.98e-07,0.1,0.0,0.0004481607000289069,8.206568394596354e-06,0.0
0.002899422853882875,1.0,5.01e-07,0.1,0.0,0.0004481607000289069,8.206568394596354e-06,0.0
0.002899422853882875,1.0,6.31e-07,0.1,0.0,0.0004481607000289069,8.206568394596354e-06,0.0
0.002899422853882875,1.0,7.94e-07,0.1,0.0,0.0004481607000289069,8.206568394596354e-06,0.0
0.002899422853882875,1.0,1e-06,0.1,0.0,0.0004481607000289069,8.206568394596354e-06,0.0
0.002899422853882875,1.0,1.26e-06,0.1,0.0,0.0004481607000289069,8.206568394596354e-06,0.0
0.002899422853882875,1.0,1.58e-06,0.1,0.0,0.0004481607000289069,8.206568394596354e-06,0.0
0.002899422853882875,1.0,2e-06,0.1,0.0,0.0004481607000289069,8.206568394596354e-06,0.0
0.002899422853882875,1.0,2.51e-06,0.1,3.3333333333333335e-05,0.0004481607000289069,8.206568394596354e-06,0.001792642800115628
0.002899422853882875,1.0,3.98e-06,0.1,0.0001,0.0004481607000289069,8.206568394596354e-06,0.005377928400346884
0.002899422853882875,1.0,5.01e-06,0.1,6.666666666666667e-05,0.0004481607000289069,8.206568394596354e-06,0.003585285600231256
0.002899422853882875,1.0,7.94e-06,0.1,6.666666666666667e-05,0.0004481607000289069,8.206568394596354e-06,0.003585285600231256
0.002899422853882875,1.0,1e-05,0.1,6.666666666666667e-05,0.0004481607000289069,8.206568394596354e-06,0.003585285600231256
0.002899422853882875,1.0,1.26e-05,0.1,0.00023333333333333333,0.0004481607000289069,8.206568394596354e-06,0.012548499600809393
0.002899422853882875,1.0,1.58e-05,0.1,0.0001,0.0004481607000289069,8.206568394596354e-06,0.005377928400346884
0.002899422853882875,1.0,2.51e-05,0.1,0.0005,0.0004481607000289069,8.206568394596354e-06,0.026889642001734416
0.002899422853882875,1.0,3.16e-05,0.1,0.0006,0.0004481607000289069,8.206568394596354e-06,0.0322675704020813
0.002899422853882875,1.0,3.98e-05,0.1,0.0011,0.0004481607000289069,8.206568394596354e-06,0.05915721240381572
0.002899422853882875,1.0,5.01e-05,0.1,0.0013333333333333333,0.0004481607000289069,8.206568394596354e-06,0.07170571200462511
0.002899422853882875,1.0,6.31e-05,0.1,0.0018666666666666666,0.0004481607000289069,8.206568394596354e-06,0.10038799680647514
0.002899422853882875,1.0,7.94e-05,0.1,0.0018,0.0004481607000289069,8.206568394596354e-06,0.0968027112062439
0.002899422853882875,1.0,0.0001,0.1,0.0017666666666666666,0.0004481607000289069,8.206568394596354e-06,0.09501006840612827
0.002899422853882875,1.0,0.000126,0.1,0.0021,0.0004481607000289069,8.206568394596354e-06,0.11293649640728454
0.002899422853882875,1.0,0.000158,0.1,0.0012333333333333332,0.0004481607000289069,8.206568394596354e-06,0.06632778360427823
0.002899422853882875,1.0,0.0002,0.1,0.0005,0.0004481607000289069,8.206568394596354e-06,0.026889642001734416
0.002899422853882875,1.0,0.000251,0.1,0.0002,0.0004481607000289069,8.206568394596354e-06,0.010755856800693768
0.002899422853882875,1.0,0.000316,0.1,3.3333333333333335e-05,0.0004481607000289069,8.206568394596354e-06,0.001792642800115628
0.002899422853882875,1.0,0.000398,0.1,3.3333333333333335e-05,0.0004481607000289069,8.206568394596354e-06,0.001792642800115628
0.002899422853882875,1.0,0.000501,0.1,0.0,0.0004481607000289069,8.206568394596354e-06,0.0
0.002899422853882875,1.0,0.000631,0.1,0.0,0.0004481607000289069,8.206568394596354e-06,0.0
0.002899422853882875,1.0,0.000794,0.1,0.0,0.0004481607000289069,8.206568394596354e-06,0.0
0.002899422853882875,1.0,0.001,0.1,0.0,0.0004481607000289069,8.206568394596354e-06,0.0
0.002899422853882875,1.0,0.00126,0.1,0.0,0.0004481607000289069,8.206568394596354e-06,0.0
0.002899422853882875,1.0,0.00158,0.1,0.0,0.0004481607000289069,8.206568394596354e-06,0.0
0.002899422853882875,1.0,0.002,0.1,0.0,0.0004481607000289069,8.206568394596354e-06,0.0
0.002899422853882875,1.0,0.00251,0.1,0.0,0.0004481607000289069,8.206568394596354e-06,0.0
0.002899422853882875,1.0,0.00316,0.1,0.0,0.0004481607000289069,8.206568394596354e-06,0.0
0.002899422853882875,1.0,0.00398,0.1,0.0,0.0004481607000289069,8.206568394596354e-06,0.0
0.002899422853882875,1.0,0.00501,0.1,0.0,0.0004481607000289069,8.206568394596354e-06,0.0
0.002899422853882875,1.0,0.00631,0.1,0.0,0.0004481607000289069,8.206568394596354e-06,0.0
0.0030367711180354575,1.0,3.16e-07,0.1,0.0,0.0004916255318103397,9.002481813044126e-06,0.0
0.0030367711180354575,1.0,3.98e-07,0.1,0.0,0.0004916255318103397,9.002481813044126e-06,0.0
0.0030367711180354575,1.0,5.01e-07,0.1,0.0,0.0004916255318103397,9.002481813044126e-06,0.0
0.0030367711180354575,1.0,6.31e-07,0.1,0.0,0.0004916255318103397,9.002481813044126e-06,0.0
0.0030367711180354575,1.0,7.94e-07,0.1,0.0,0.0004916255318103397,9.002481813044126e-06,0.0
0.0030367711180354575,1.0,1e-06,0.1,0.0,0.0004916255318103397,9.002481813044126e-06,0.0
0.0030367711180354575,1.0,1.26e-06,0.1,0.0,0.0004916255318103397,9.002481813044126e-06,0.0
0.0030367711180354575,1.0,1.58e-06,0.1,0.0,0.0004916255318103397,9.002481813044126e-06,0.0
0.0030367711180354575,1.0,2e-06,0.1,0.0,0.0004916255318103397,9.002481813044126e-06,0.0
0.0030367711180354575,1.0,2.51e-06,0.1,3.3333333333333335e-05,0.0004916255318103397,9.002481813044126e-06,0.0019665021272413587
0.0030367711180354575,1.0,3.98e-06,0.1,0.0001,0.0004916255318103397,9.002481813044126e-06,0.0058995063817240765
0.0030367711180354575,1.0,5.01e-06,0.1,6.666666666666667e-05,0.0004916255318103397,9.002481813044126e-06,0.003933004254482717
0.0030367711180354575,1.0,7.94e-06,0.1,6.666666666666667e-05,0.0004916255318103397,9.002481813044126e-06,0.003933004254482717
0.0030367711180354575,1.0,1e-05,0.1,6.666666666666667e-05,0.0004916255318103397,9.002481813044126e-06,0.003933004254482717
0.0030367711180354575,1.0,1.26e-05,0.1,0.00023333333333333333,0.0004916255318103397,9.002481813044126e-06,0.01376551489068951
0.0030367711180354575,1.0,1.58e-05,0.1,0.0001,0.0004916255318103397,9.002481813044126e-06,0.0058995063817240765
0.0030367711180354575,1.0,2.51e-05,0.1,0.0005,0.0004916255318103397,9.002481813044126e-06,0.02949753190862038
0.0030367711180354575,1.0,3.16e-05,0.1,0.0006,0.0004916255318103397,9.002481813044126e-06,0.035397038290344456
0.0030367711180354575,1.0,3.98e-05,0.1,0.0011,0.0004916255318103397,9.002481813044126e-06,0.06489457019896484
0.0030367711180354575,1.0,5.01e-05,0.1,0.0013333333333333333,0.0004916255318103397,9.002481813044126e-06,0.07866008508965434
0.0030367711180354575,1.0,6.31e-05,0.1,0.0018666666666666666,0.0004916255318103397,9.002481813044126e-06,0.11012411912551608
0.0030367711180354575,1.0,7.94e-05,0.1,0.0018,0.0004916255318103397,9.002481813044126e-06,0.10619111487103337
0.0030367711180354575,1.0,0.0001,0.1,0.0017666666666666666,0.0004916255318103397,9.002481813044126e-06,0.10422461274379201
0.0030367711180354575,1.0,0.000126,0.1,0.0021,0.0004916255318103397,9.002481813044126e-06,0.12388963401620559
0.0030367711180354575,1.0,0.000158,0.1,0.0012333333333333332,0.0004916255318103397,9.002481813044126e-06,0.07276057870793028
0.0030367711180354575,1.0,0.0002,0.1,0.0005,0.0004916255318103397,9.002481813044126e-06,0.02949753190862038
0.0030367711180354575,1.0,0.000251,0.1,0.0002,0.0004916255318103397,9.002481813044126e-06,0.011799012763448153
0.0030367711180354575,1.0,0.000316,0.1,3.3333333333333335e-05,0.0004916255318103397,9.002481813044126e-06,0.0019665021272413587
0.0030367711180354575,1.0,0.000398,0.1,3.3333333333333335e-05,0.0004916255318103397,9.002481813044126e-06,0.0019665021272413587
0.0030367711180354575,1.0,0.000501,0.1,0.0,0.0004916255318103397,9.002481813044126e-06,0.0
0.0030367711180354575,1.0,0.000631,0.1,0.0,0.0004916255318103397,9.002481813044126e-06,0.0
0.0030367711180354575,1.0,0.000794,0.1,0.0,0.0004916255318103397,9.002481813044126e-06,0.0
0.0030367711180354575,1.0,0.001,0.1,0.0,0.0004916255318103397,9.002481813044126e-06,0.0
0.0030367711180354575,1.0,0.00126,0.1,0.0,0.0004916255318103397,9.002481813044126e-06,0.0
0.0030367711180354575,1.0,0.00158,0.1,0.0,0.0004916255318103397,9.002481813044126e-06,0.0
0.0030367711180354575,1.0,0.002,0.1,0.0,0.0004916255318103397,9.002481813044126e-06,0.0
0.0030367711180354575,1.0,0.00251,0.1,0.0,0.0004916255318103397,9.002481813044126e-06,0.0
0.0030367711180354575,1.0,0.00316,0.1,0.0,0.0004916255318103397,9.002481813044126e-06,0.0
0.0030367711180354575,1.0,0.00398,0.1,0.0,0.0004916255318103397,9.002481813044126e-06,0.0
0.0030367711180354575,1.0,0.00501,0.1,0.0,0.0004916255318103397,9.002481813044126e-06,0.0
0.0030367711180354575,1.0,0.00631,0.1,0.0,0.0004916255318103397,9.002481813044126e-06,0.0
0.0031806256927941192,1.0,3.16e-07,0.1,0.0,0.000539305755402431,9.875586072192475e-06,0.0
0.0031806256927941192,1.0,3.98e-07,0.1,0.0,0.000539305755402431,9.875586072192475e-06,0.0
0.0031806256927941192,1.0,5.01e-07,0.1,0.0,0.000539305755402431,9.875586072192475e-06,0.0
0.0031806256927941192,1.0,6.31e-07,0.1,0.0,0.000539305755402431,9.875586072192475e-06,0.0
0.0031806256927941192,1.0,7.94e-07,0.1,0.0,0.000539305755402431,9.875586072192475e-06,0.0
0.0031806256927941192,1.0,1e-06,0.1,0.0,0.000539305755402431,9.875586072192475e-06,0.0
0.0031806256927941192,1.0,1.26e-06,0.1,0.0,0.000539305755402431,9.875586072192475e-06,0.0
0.0031806256927941192,1.0,1.58e-06,0.1,0.0,0.000539305755402431,9.875586072192475e-06,0.0
0.0031806256927941192,1.0,2e-06,0.1,0.0,0.000539305755402431,9.875586072192475e-06,0.0
0.0031806256927941192,1.0,2.51e-06,0.1,3.3333333333333335e-05,0.000539305755402431,9.875586072192475e-06,0.0021572230216097246
0.0031806256927941192,1.0,3.98e-06,0.1,0.0001,0.000539305755402431,9.875586072192475e-06,0.0064716690648291735
0.0031806256927941192,1.0,5.01e-06,0.1,6.666666666666667e-05,0.000539305755402431,9.875586072192475e-06,0.004314446043219449
0.0031806256927941192,1.0,7.94e-06,0.1,6.666666666666667e-05,0.000539305755402431,9.875586072192475e-06,0.004314446043219449
0.0031806256927941192,1.0,1e-05,0.1,6.666666666666667e-05,0.000539305755402431,9.875586072192475e-06,0.004314446043219449
0.0031806256927941192,1.0,1.26e-05,0.1,0.00023333333333333333,0.000539305755402431,9.875586072192475e-06,0.01510056115126807
0.0031806256927941192,1.0,1.58e-05,0.1,0.0001,0.000539305755402431,9.875586072192475e-06,0.0064716690648291735
0.0031806256927941192,1.0,2.51e-05,0.1,0.0005,0.000539305755402431,9.875586072192475e-06,0.03235834532414587
0.0031806256927941192,1.0,3.16e-05,0.1,0.0006,0.000539305755402431,9.875586072192475e-06,0.038830014388975036
0.0031806256927941192,1.0,3.98e-05,0.1,0.0011,0.000539305755402431,9.875586072192475e-06,0.07118835971312092
0.0031806256927941192,1.0,5.01e-05,0.1,0.0013333333333333333,0.000539305755402431,9.875586072192475e-06,0.08628892086438898
0.0031806256927941192,1.0,6.31e-05,0.1,0.0018666666666666666,0.000539305755402431,9.875586072192475e-06,0.12080448921014456
0.0031806256927941192,1.0,7.94e-05,0.1,0.0018,0.000539305755402431,9.875586072192475e-06,0.11649004316692511
0.0031806256927941192,1.0,0.0001,0.1,0.0017666666666666666,0.000539305755402431,9.875586072192475e-06,0.11433282014531539
0.0031806256927941192,1.0,0.000126,0.1,0.0021,0.000539305755402431,9.875586072192475e-06,0.13590505036141262
0.0031806256927941192,1.0,0.000158,0.1,0.0012333333333333332,0.000539305755402431,9.875586072192475e-06,0.0798172517995598
0.0031806256927941192,1.0,0.0002,0.1,0.0005,0.000539305755402431,9.875586072192475e-06,0.03235834532414587
0.0031806256927941192,1.0,0.000251,0.1,0.0002,0.000539305755402431,9.875586072192475e-06,0.012943338129658347
0.0031806256927941192,1.0,0.000316,0.1,3.3333333333333335e-05,0.000539305755402431,9.875586072192475e-06,0.0021572230216097246
0.0031806256927941192,1.0,0.000398,0.1,3.3333333333333335e-05,0.000539305755402431,9.875586072192475e-06,0.0021572230216097246
0.0031806256927941192,1.0,0.000501,0.1,0.0,0.000539305755402431,9.875586072192475e-06,0.0
0.0031806256927941192,1.0,0.000631,0.1,0.0,0.000539305755402431,9.875586072192475e-06,0.0
0.0031806256927941192,1.0,0.000794,0.1,0.0,0.000539305755402431,9.875586072192475e-06,0.0
0.0031806256927941192,1.0,0.001,0.1,0.0,0.000539305755402431,9.875586072192475e-06,0.0
0.0031806256927941192,1.0,0.00126,0.1,0.0,0.000539305755402431,9.875586072192475e-06,0.0
0.0031806256927941192,1.0,0.00158,0.1,0.0,0.000539305755402431,9.875586072192475e-06,0.0
0.0031806256927941192,1.0,0.002,0.1,0.0,0.000539305755402431,9.875586072192475e-06,0.0
0.0031806256927941192,1.0,0.00251,0.1,0.0,0.000539305755402431,9.875586072192475e-06,0.0
0.0031806256927941192,1.0,0.00316,0.1,0.0,0.000539305755402431,9.875586072192475e-06,0.0
0.0031806256927941192,1.0,0.00398,0.1,0.0,0.000539305755402431,9.875586072192475e-06,0.0
0.0031806256927941192,1.0,0.00501,0.1,0.0,0.000539305755402431,9.875586072192475e-06,0.0
0.0031806256927941192,1.0,0.00631,0.1,0.0,0.000539305755402431,9.875586072192475e-06,0.0
0.0033312947879346735,1.0,3.16e-07,0.1,0.0,0.0005916101877588253,1.0833367290950839e-05,0.0
0.0033312947879346735,1.0,3.98e-07,0.1,0.0,0.0005916101877588253,1.0833367290950839e-05,0.0
0.0033312947879346735,1.0,5.01e-07,0.1,0.0,0.0005916101877588253,1.0833367290950839e-05,0.0
0.0033312947879346735,1.0,6.31e-07,0.1,0.0,0.0005916101877588253,1.0833367290950839e-05,0.0
0.0033312947879346735,1.0,7.94e-07,0.1,0.0,0.0005916101877588253,1.0833367290950839e-05,0.0
0.0033312947879346735,1.0,1e-06,0.1,0.0,0.0005916101877588253,1.0833367290950839e-05,0.0
0.0033312947879346735,1.0,1.26e-06,0.1,0.0,0.0005916101877588253,1.0833367290950839e-05,0.0
0.0033312947879346735,1.0,1.58e-06,0.1,0.0,0.0005916101877588253,1.0833367290950839e-05,0.0
0.0033312947879346735,1.0,2e-06,0.1,0.0,0.0005916101877588253,1.0833367290950839e-05,0.0
0.0033312947879346735,1.0,2.51e-06,0.1,3.3333333333333335e-05,0.0005916101877588253,1.0833367290950839e-05,0.0023664407510353017
0.0033312947879346735,1.0,3.98e-06,0.1,0.0001,0.0005916101877588253,1.0833367290950839e-05,0.007099322253105904
0.0033312947879346735,1.0,5.01e-06,0.1,6.666666666666667e-05,0.0005916101877588253,1.0833367290950839e-05,0.004732881502070603
0.0033312947879346735,1.0,7.94e-06,0.1,6.666666666666667e-05,0.0005916101877588253,1.0833367290950839e-05,0.004732881502070603
0.0033312947879346735,1.0,1e-05,0.1,6.666666666666667e-05,0.0005916101877588253,1.0833367290950839e-05,0.004732881502070603
0.0033312947879346735,1.0,1.26e-05,0.1,0.00023333333333333333,0.0005916101877588253,1.0833367290950839e-05,0.01656508525724711
0.0033312947879346735,1.0,1.58e-05,0.1,0.0001,0.0005916101877588253,1.0833367290950839e-05,0.007099322253105904
0.0033312947879346735,1.0,2.51e-05,0.1,0.0005,0.0005916101877588253,1.0833367290950839e-05,0.03549661126552952
0.0033312947879346735,1.0,3.16e-05,0.1,0.0006,0.0005916101877588253,1.0833367290950839e-05,0.04259593351863542
0.0033312947879346735,1.0,3.98e-05,0.1,0.0011,0.0005916101877588253,1.0833367290950839e-05,0.07809254478416496
0.0033312947879346735,1.0,5.01e-05,0.1,0.0013333333333333333,0.0005916101877588253,1.0833367290950839e-05,0.09465763004141206
0.0033312947879346735,1.0,6.31e-05,0.1,0.0018666666666666666,0.0005916101877588253,1.0833367290950839e-05,0.13252068205797687
0.0033312947879346735,1.0,7.94e-05,0.1,0.0018,0.0005916101877588253,1.0833367290950839e-05,0.12778780055590627
0.0033312947879346735,1.0,0.0001,0.1,0.0017666666666666666,0.0005916101877588253,1.0833367290950839e-05,0.12542135980487099
0.0033312947879346735,1.0,0.000126,0.1,0.0021,0.0005916101877588253,1.0833367290950839e-05,0.149085767315224
0.0033312947879346735,1.0,0.000158,0.1,0.0012333333333333332,0.0005916101877588253,1.0833367290950839e-05,0.08755830778830614
0.0033312947879346735,1.0,0.0002,0.1,0.0005,0.0005916101877588253,1.0833367290950839e-05,0.03549661126552952
0.0033312947879346735,1.0,0.000251,0.1,0.0002,0.0005916101877588253,1.0833367290950839e-05,0.014198644506211808
0.0033312947879346735,1.0,0.000316,0.1,3.3333333333333335e-05,0.0005916101877588253,1.0833367290950839e-05,0.0023664407510353017
0.0033312947879346735,1.0,0.000398,0.1,3.3333333333333335e-05,0.0005916101877588253,1.0833367290950839e-05,0.0023664407510353017
0.0033312947879346735,1.0,0.000501,0.1,0.0,0.0005916101877588253,1.0833367290950839e-05,0.0
0.0033312947879346735,1.0,0.000631,0.1,0.0,0.0005916101877588253,1.0833367290950839e-05,0.0
0.0033312947879346735,1.0,0.000794,0.1,0.0,0.0005916101877588253,1.0833367290950839e-05,0.0
0.0033312947879346735,1.0,0.001,0.1,0.0,0.0005916101877588253,1.0833367290950839e-05,0.0
0.0033312947879346735,1.0,0.00126,0.1,0.0,0.0005916101877588253,1.0833367290950839e-05,0.0
0.0033312947879346735,1.0,0.00158,0.1,0.0,0.0005916101877588253,1.0833367290950839e-05,0.0
0.0033312947879346735,1.0,0.002,0.1,0.0,0.0005916101877588253,1.0833367290950839e-05,0.0
0.0033312947879346735,1.0,0.00251,0.1,0.0,0.0005916101877588253,1.0833367290950839e-05,0.0
0.0033312947879346735,1.0,0.00316,0.1,0.0,0.0005916101877588253,1.0833367290950839e-05,0.0
0.0033312947879346735,1.0,0.00398,0.1,0.0,0.0005916101877588253,1.0833367290950839e-05,0.0
0.0033312947879346735,1.0,0.00501,0.1,0.0,0.0005916101877588253,1.0833367290950839e-05,0.0
0.0033312947879346735,1.0,0.00631,0.1,0.0,0.0005916101877588253,1.0833367290950839e-05,0.0
0.0034891012134067737,1.0,3.16e-07,0.1,0.0,0.0006489872919801121,1.1884037575171436e-05,0.0
0.0034891012134067737,1.0,3.98e-07,0.1,0.0,0.0006489872919801121,1.1884037575171436e-05,0.0
0.0034891012134067737,1.0,5.01e-07,0.1,0.0,0.0006489872919801121,1.1884037575171436e-05,0.0
0.0034891012134067737,1.0,6.31e-07,0.1,0.0,0.0006489872919801121,1.1884037575171436e-05,0.0
0.0034891012134067737,1.0,7.94e-07,0.1,0.0,0.0006489872919801121,1.1884037575171436e-05,0.0
0.0034891012134067737,1.0,1e-06,0.1,0.0,0.0006489872919801121,1.1884037575171436e-05,0.0
0.0034891012134067737,1.0,1.26e-06,0.1,0.0,0.0006489872919801121,1.1884037575171436e-05,0.0
0.0034891012134067737,1.0,1.58e-06,0.1,0.0,0.0006489872919801121,1.1884037575171436e-05,0.0
0.0034891012134067737,1.0,2e-06,0.1,0.0,0.0006489872919801121,1.1884037575171436e-05,0.0
0.0034891012134067737,1.0,2.51e-06,0.1,3.3333333333333335e-05,0.0006489872919801121,1.1884037575171436e-05,0.0025959491679204486
0.0034891012134067737,1.0,3.98e-06,0.1,0.0001,0.0006489872919801121,1.1884037575171436e-05,0.007787847503761346
0.0034891012134067737,1.0,5.01e-06,0.1,6.666666666666667e-05,0.0006489872919801121,1.1884037575171436e-05,0.005191898335840897
0.0034891012134067737,1.0,7.94e-06,0.1,6.666666666666667e-05,0.0006489872919801121,1.1884037575171436e-05,0.005191898335840897
0.0034891012134067737,1.0,1e-05,0.1,6.666666666666667e-05,0.0006489872919801121,1.1884037575171436e-05,0.005191898335840897
0.0034891012134067737,1.0,1.26e-05,0.1,0.00023333333333333333,0.0006489872919801121,1.1884037575171436e-05,0.01817164417544314
0.0034891012134067737,1.0,1.58e-05,0.1,0.0001,0.0006489872919801121,1.1884037575171436e-05,0.007787847503761346
0.0034891012134067737,1.0,2.51e-05,0.1,0.0005,0.0006489872919801121,1.1884037575171436e-05,0.038939237518806735
0.0034891012134067737,1.0,3.16e-05,0.1,0.0006,0.0006489872919801121,1.1884037575171436e-05,0.04672708502256807
0.0034891012134067737,1.0,3.98e-05,0.1,0.0011,0.0006489872919801121,1.1884037575171436e-05,0.08566632254137481
0.0034891012134067737,1.0,5.01e-05,0.1,0.0013333333333333333,0.0006489872919801121,1.1884037575171436e-05,0.10383796671681794
0.0034891012134067737,1.0,6.31e-05,0.1,0.0018666666666666666,0.0006489872919801121,1.1884037575171436e-05,0.14537315340354512
0.0034891012134067737,1.0,7.94e-05,0.1,0.0018,0.0006489872919801121,1.1884037575171436e-05,0.1401812550677042
0.0034891012134067737,1.0,0.0001,0.1,0.0017666666666666666,0.0006489872919801121,1.1884037575171436e-05,0.13758530589978377
0.0034891012134067737,1.0,0.000126,0.1,0.0021,0.0006489872919801121,1.1884037575171436e-05,0.16354479757898824
0.0034891012134067737,1.0,0.000158,0.1,0.0012333333333333332,0.0006489872919801121,1.1884037575171436e-05,0.09605011921305659
0.0034891012134067737,1.0,0.0002,0.1,0.0005,0.0006489872919801121,1.1884037575171436e-05,0.038939237518806735
0.0034891012134067737,1.0,0.000251,0.1,0.0002,0.0006489872919801121,1.1884037575171436e-05,0.015575695007522691
0.0034891012134067737,1.0,0.000316,0.1,3.3333333333333335e-05,0.0006489872919801121,1.1884037575171436e-05,0.0025959491679204486
0.0034891012134067737,1.0,0.000398,0.1,3.3333333333333335e-05,0.0006489872919801121,1.1884037575171436e-05,0.0025959491679204486
0.0034891012134067737,1.0,0.000501,0.1,0.0,0.0006489872919801121,1.1884037575171436e-05,0.0
0.0034891012134067737,1.0,0.000631,0.1,0.0,0.0006489872919801121,1.1884037575171436e-05,0.0
0.0034891012134067737,1.0,0.000794,0.1,0.0,0.0006489872919801121,1.1884037575171436e-05,0.0
0.0034891012134067737,1.0,0.001,0.1,0.0,0.0006489872919801121,1.1884037575171436e-05,0.0
0.0034891012134067737,1.0,0.00126,0.1,0.0,0.0006489872919801121,1.1884037575171436e-05,0.0
0.0034891012134067737,1.0,0.00158,0.1,0.0,0.0006489872919801121,1.1884037575171436e-05,0.0
0.0034891012134067737,1.0,0.002,0.1,0.0,0.0006489872919801121,1.1884037575171436e-05,0.0
0.0034891012134067737,1.0,0.00251,0.1,0.0,0.0006489872919801121,1.1884037575171436e-05,0.0
0.0034891012134067737,1.0,0.00316,0.1,0.0,0.0006489872919801121,1.1884037575171436e-05,0.0
0.0034891012134067737,1.0,0.00398,0.1,0.0,0.0006489872919801121,1.1884037575171436e-05,0.0
0.0034891012134067737,1.0,0.00501,0.1,0.0,0.0006489872919801121,1.1884037575171436e-05,0.0
0.0034891012134067737,1.0,0.00631,0.1,0.0,0.0006489872919801121,1.1884037575171436e-05,0.0
0.0036543830709572546,1.0,3.16e-07,0.1,0.0,0.000711929021757627,1.3036605415814447e-05,0.0
0.0036543830709572546,1.0,3.98e-07,0.1,0.0,0.000711929021757627,1.3036605415814447e-05,0.0
0.0036543830709572546,1.0,5.01e-07,0.1,0.0,0.000711929021757627,1.3036605415814447e-05,0.0
0.0036543830709572546,1.0,6.31e-07,0.1,0.0,0.000711929021757627,1.3036605415814447e-05,0.0
0.0036543830709572546,1.0,7.94e-07,0.1,0.0,0.000711929021757627,1.3036605415814447e-05,0.0
0.0036543830709572546,1.0,1e-06,0.1,0.0,0.000711929021757627,1.3036605415814447e-05,0.0
0.0036543830709572546,1.0,1.26e-06,0.1,0.0,0.000711929021757627,1.3036605415814447e-05,0.0
0.0036543830709572546,1.0,1.58e-06,0.1,0.0,0.000711929021757627,1.3036605415814447e-05,0.0
0.0036543830709572546,1.0,2e-06,0.1,0.0,0.000711929021757627,1.3036605415814447e-05,0.0
0.0036543830709572546,1.0,2.51e-06,0.1,3.3333333333333335e-05,0.000711929021757627,1.3036605415814447e-05,0.0028477160870305084
0.0036543830709572546,1.0,3.98e-06,0.1,0.0001,0.000711929021757627,1.3036605415814447e-05,0.008543148261091526
0.0036543830709572546,1.0,5.01e-06,0.1,6.666666666666667e-05,0.000711929021757627,1.3036605415814447e-05,0.005695432174061017
0.0036543830709572546,1.0,7.94e-06,0.1,6.666666666666667e-05,0.000711929021757627,1.3036605415814447e-05,0.005695432174061017
0.0036543830709572546,1.0,1e-05,0.1,6.666666666666667e-05,0.000711929021757627,1.3036605415814447e-05,0.005695432174061017
0.0036543830709572546,1.0,1.26e-05,0.1,0.00023333333333333333,0.000711929021757627,1.3036605415814447e-05,0.01993401260921356
0.0036543830709572546,1.0,1.58e-05,0.1,0.0001,0.000711929021757627,1.3036605415814447e-05,0.008543148261091526
0.0036543830709572546,1.0,2.51e-05,0.1,0.0005,0.000711929021757627,1.3036605415814447e-05,0.04271574130545763
0.0036543830709572546,1.0,3.16e-05,0.1,0.0006,0.000711929021757627,1.3036605415814447e-05,0.05125888956654915
0.0036543830709572546,1.0,3.98e-05,0.1,0.0011,0.000711929021757627,1.3036605415814447e-05,0.09397463087200679
0.0036543830709572546,1.0,5.01e-05,0.1,0.0013333333333333333,0.000711929021757627,1.3036605415814447e-05,0.11390864348122032
0.0036543830709572546,1.0,6.31e-05,0.1,0.0018666666666666666,0.000711929021757627,1.3036605415814447e-05,0.15947210087370847
0.0036543830709572546,1.0,7.94e-05,0.1,0.0018,0.000711929021757627,1.3036605415814447e-05,0.15377666869964746
0.0036543830709572546,1.0,0.0001,0.1,0.0017666666666666666,0.000711929021757627,1.3036605415814447e-05,0.15092895261261696
0.0036543830709572546,1.0,0.000126,0.1,0.0021,0.000711929021757627,1.3036605415814447e-05,0.17940611348292201
0.0036543830709572546,1.0,0.000158,0.1,0.0012333333333333332,0.000711929021757627,1.3036605415814447e-05,0.1053654952201288
0.0036543830709572546,1.0,0.0002,0.1,0.0005,0.000711929021757627,1.3036605415814447e-05,0.04271574130545763
0.0036543830709572546,1.0,0.000251,0.1,0.0002,0.000711929021757627,1.3036605415814447e-05,0.01708629652218305
0.0036543830709572546,1.0,0.000316,0.1,3.3333333333333335e-05,0.000711929021757627,1.3036605415814447e-05,0.0028477160870305084
0.0036543830709572546,1.0,0.000398,0.1,3.3333333333333335e-05,0.000711929021757627,1.3036605415814447e-05,0.0028477160870305084
0.0036543830709572546,1.0,0.000501,0.1,0.0,0.000711929021757627,1.3036605415814447e-05,0.0
0.0036543830709572546,1.0,0.000631,0.1,0.0,0.000711929021757627,1.3036605415814447e-05,0.0
0.0036543830709572546,1.0,0.000794,0.1,0.0,0.000711929021757627,1.3036605415814447e-05,0.0
0.0036543830709572546,1.0,0.001,0.1,0.0,0.000711929021757627,1.3036605415814447e-05,0.0
0.0036543830709572546,1.0,0.00126,0.1,0.0,0.000711929021757627,1.3036605415814447e-05,0.0
0.0036543830709572546,1.0,0.00158,0.1,0.0,0.000711929021757627,1.3036605415814447e-05,0.0
0.0036543830709572546,1.0,0.002,0.1,0.0,0.000711929021757627,1.3036605415814447e-05,0.0
0.0036543830709572546,1.0,0.00251,0.1,0.0,0.000711929021757627,1.3036605415814447e-05,0.0
0.0036543830709572546,1.0,0.00316,0.1,0.0,0.000711929021757627,1.3036605415814447e-05,0.0
0.0036543830709572546,1.0,0.00398,0.1,0.0,0.000711929021757627,1.3036605415814447e-05,0.0
0.0036543830709572546,1.0,0.00501,0.1,0.0,0.000711929021757627,1.3036605415814447e-05,0.0
0.0036543830709572546,1.0,0.00631,0.1,0.0,0.000711929021757627,1.3036605415814447e-05,0.0
0.003827494478516311,1.0,3.16e-07,0.1,0.0,0.0007809750385375787,1.4300952912242788e-05,0.0
0.003827494478516311,1.0,3.98e-07,0.1,0.0,0.0007809750385375787,1.4300952912242788e-05,0.0
0.003827494478516311,1.0,5.01e-07,0.1,0.0,0.0007809750385375787,1.4300952912242788e-05,0.0
0.003827494478516311,1.0,6.31e-07,0.1,0.0,0.0007809750385375787,1.4300952912242788e-05,0.0
0.003827494478516311,1.0,7.94e-07,0.1,0.0,0.0007809750385375787,1.4300952912242788e-05,0.0
0.003827494478516311,1.0,1e-06,0.1,0.0,0.0007809750385375787,1.4300952912242788e-05,0.0
0.003827494478516311,1.0,1.26e-06,0.1,0.0,0.0007809750385375787,1.4300952912242788e-05,0.0
0.003827494478516311,1.0,1.58e-06,0.1,0.0,0.0007809750385375787,1.4300952912242788e-05,0.0
0.003827494478516311,1.0,2e-06,0.1,0.0,0.0007809750385375787,1.4300952912242788e-05,0.0
0.003827494478516311,1.0,2.51e-06,0.1,3.3333333333333335e-05,0.0007809750385375787,1.4300952912242788e-05,0.003123900154150315
0.003827494478516311,1.0,3.98e-06,0.1,0.0001,0.0007809750385375787,1.4300952912242788e-05,0.009371700462450946
0.003827494478516311,1.0,5.01e-06,0.1,6.666666666666667e-05,0.0007809750385375787,1.4300952912242788e-05,0.00624780030830063
0.003827494478516311,1.0,7.94e-06,0.1,6.666666666666667e-05,0.0007809750385375787,1.4300952912242788e-05,0.00624780030830063
0.003827494478516311,1.0,1e-05,0.1,6.666666666666667e-05,0.0007809750385375787,1.4300952912242788e-05,0.00624780030830063
0.003827494478516311,1.0,1.26e-05,0.1,0.00023333333333333333,0.0007809750385375787,1.4300952912242788e-05,0.021867301079052204
0.003827494478516311,1.0,1.58e-05,0.1,0.0001,0.0007809750385375787,1.4300952912242788e-05,0.009371700462450946
0.003827494478516311,1.0,2.51e-05,0.1,0.0005,0.0007809750385375787,1.4300952912242788e-05,0.046858502312254725
0.003827494478516311,1.0,3.16e-05,0.1,0.0006,0.0007809750385375787,1.4300952912242788e-05,0.05623020277470567
0.003827494478516311,1.0,3.98e-05,0.1,0.0011,0.0007809750385375787,1.4300952912242788e-05,0.1030887050869604
0.003827494478516311,1.0,5.01e-05,0.1,0.0013333333333333333,0.0007809750385375787,1.4300952912242788e-05,0.1249560061660126
0.003827494478516311,1.0,6.31e-05,0.1,0.0018666666666666666,0.0007809750385375787,1.4300952912242788e-05,0.17493840863241764
0.003827494478516311,1.0,7.94e-05,0.1,0.0018,0.0007809750385375787,1.4300952912242788e-05,0.168690608324117
0.003827494478516311,1.0,0.0001,0.1,0.0017666666666666666,0.0007809750385375787,1.4300952912242788e-05,0.1655667081699667
0.003827494478516311,1.0,0.000126,0.1,0.0021,0.0007809750385375787,1.4300952912242788e-05,0.19680570971146982
0.003827494478516311,1.0,0.000158,0.1,0.0012333333333333332,0.0007809750385375787,1.4300952912242788e-05,0.11558430570356165
0.003827494478516311,1.0,0.0002,0.1,0.0005,0.0007809750385375787,1.4300952912242788e-05,0.046858502312254725
0.003827494478516311,1.0,0.000251,0.1,0.0002,0.0007809750385375787,1.4300952912242788e-05,0.01874340092490189
0.003827494478516311,1.0,0.000316,0.1,3.3333333333333335e-05,0.0007809750385375787,1.4300952912242788e-05,0.003123900154150315
0.003827494478516311,1.0,0.000398,0.1,3.3333333333333335e-05,0.0007809750385375787,1.4300952912242788e-05,0.003123900154150315
0.003827494478516311,1.0,0.000501,0.1,0.0,0.0007809750385375787,1.4300952912242788e-05,0.0
0.003827494478516311,1.0,0.000631,0.1,0.0,0.0007809750385375787,1.4300952912242788e-05,0.0
0.003827494478516311,1.0,0.000794,0.1,0.0,0.0007809750385375787,1.4300952912242788e-05,0.0
0.003827494478516311,1.0,0.001,0.1,0.0,0.0007809750385375787,1.4300952912242788e-05,0.0
0.003827494478516311,1.0,0.00126,0.1,0.0,0.0007809750385375787,1.4300952912242788e-05,0.0
0.003827494478516311,1.0,0.00158,0.1,0.0,0.0007809750385375787,1.4300952912242788e-05,0.0
0.003827494478516311,1.0,0.002,0.1,0.0,0.0007809750385375787,1.4300952912242788e-05,0.0
0.003827494478516311,1.0,0.00251,0.1,0.0,0.0007809750385375787,1.4300952912242788e-05,0.0
0.003827494478516311,1.0,0.00316,0.1,0.0,0.0007809750385375787,1.4300952912242788e-05,0.0
0.003827494478516311,1.0,0.00398,0.1,0.0,0.0007809750385375787,1.4300952912242788e-05,0.0
0.003827494478516311,1.0,0.00501,0.1,0.0,0.0007809750385375787,1.4300952912242788e-05,0.0
0.003827494478516311,1.0,0.00631,0.1,0.0,0.0007809750385375787,1.4300952912242788e-05,0.0
0.004008806328898464,1.0,3.16e-07,0.1,0.0,0.0008567173375263762,1.568792048207977e-05,0.0
0.004008806328898464,1.0,3.98e-07,0.1,0.0,0.0008567173375263762,1.568792048207977e-05,0.0
0.004008806328898464,1.0,5.01e-07,0.1,0.0,0.0008567173375263762,1.568792048207977e-05,0.0
0.004008806328898464,1.0,6.31e-07,0.1,0.0,0.0008567173375263762,1.568792048207977e-05,0.0
0.004008806328898464,1.0,7.94e-07,0.1,0.0,0.0008567173375263762,1.568792048207977e-05,0.0
0.004008806328898464,1.0,1e-06,0.1,0.0,0.0008567173375263762,1.568792048207977e-05,0.0
0.004008806328898464,1.0,1.26e-06,0.1,0.0,0.0008567173375263762,1.568792048207977e-05,0.0
0.004008806328898464,1.0,1.58e-06,0.1,0.0,0.0008567173375263762,1.568792048207977e-05,0.0
0.004008806328898464,1.0,2e-06,0.1,0.0,0.0008567173375263762,1.568792048207977e-05,0.0
0.004008806328898464,1.0,2.51e-06,0.1,3.3333333333333335e-05,0.0008567173375263762,1.568792048207977e-05,0.003426869350105505
0.004008806328898464,1.0,3.98e-06,0.1,0.0001,0.0008567173375263762,1.568792048207977e-05,0.010280608050316515
0.004008806328898464,1.0,5.01e-06,0.1,6.666666666666667e-05,0.0008567173375263762,1.568792048207977e-05,0.00685373870021101
0.004008806328898464,1.0,7.94e-06,0.1,6.666666666666667e-05,0.0008567173375263762,1.568792048207977e-05,0.00685373870021101
0.004008806328898464,1.0,1e-05,0.1,6.666666666666667e-05,0.0008567173375263762,1.568792048207977e-05,0.00685373870021101
0.004008806328898464,1.0,1.26e-05,0.1,0.00023333333333333333,0.0008567173375263762,1.568792048207977e-05,0.023988085450738536
0.004008806328898464,1.0,1.58e-05,0.1,0.0001,0.0008567173375263762,1.568792048207977e-05,0.010280608050316515
0.004008806328898464,1.0,2.51e-05,0.1,0.0005,0.0008567173375263762,1.568792048207977e-05,0.05140304025158257
0.004008806328898464,1.0,3.16e-05,0.1,0.0006,0.0008567173375263762,1.568792048207977e-05,0.061683648301899076
0.004008806328898464,1.0,3.98e-05,0.1,0.0011,0.0008567173375263762,1.568792048207977e-05,0.11308668855348165
0.004008806328898464,1.0,5.01e-05,0.1,0.0013333333333333333,0.0008567173375263762,1.568792048207977e-05,0.1370747740042202
0.004008806328898464,1.0,6.31e-05,0.1,0.0018666666666666666,0.0008567173375263762,1.568792048207977e-05,0.1919046836059083
0.004008806328898464,1.0,7.94e-05,0.1,0.0018,0.0008567173375263762,1.568792048207977e-05,0.18505094490569726
0.004008806328898464,1.0,0.0001,0.1,0.0017666666666666666,0.0008567173375263762,1.568792048207977e-05,0.18162407555559176
0.004008806328898464,1.0,0.000126,0.1,0.0021,0.0008567173375263762,1.568792048207977e-05,0.21589276905664678
0.004008806328898464,1.0,0.000158,0.1,0.0012333333333333332,0.0008567173375263762,1.568792048207977e-05,0.12679416595390366
0.004008806328898464,1.0,0.0002,0.1,0.0005,0.0008567173375263762,1.568792048207977e-05,0.05140304025158257
0.004008806328898464,1.0,0.000251,0.1,0.0002,0.0008567173375263762,1.568792048207977e-05,0.02056121610063303
0.004008806328898464,1.0,0.000316,0.1,3.3333333333333335e-05,0.0008567173375263762,1.568792048207977e-05,0.003426869350105505
0.004008806328898464,1.0,0.000398,0.1,3.3333333333333335e-05,0.0008567173375263762,1.568792048207977e-05,0.003426869350105505
0.004008806328898464,1.0,0.000501,0.1,0.0,0.0008567173375263762,1.568792048207977e-05,0.0
0.004008806328898464,1.0,0.000631,0.1,0.0,0.0008567173375263762,1.568792048207977e-05,0.0
0.004008806328898464,1.0,0.000794,0.1,0.0,0.0008567173375263762,1.568792048207977e-05,0.0
0.004008806328898464,1.0,0.001,0.1,0.0,0.0008567173375263762,1.568792048207977e-05,0.0
0.004008806328898464,1.0,0.00126,0.1,0.0,0.0008567173375263762,1.568792048207977e-05,0.0
0.004008806328898464,1.0,0.00158,0.1,0.0,0.0008567173375263762,1.568792048207977e-05,0.0
0.004008806328898464,1.0,0.002,0.1,0.0,0.0008567173375263762,1.568792048207977e-05,0.0
0.004008806328898464,1.0,0.00251,0.1,0.0,0.0008567173375263762,1.568792048207977e-05,0.0
0.004008806328898464,1.0,0.00316,0.1,0.0,0.0008567173375263762,1.568792048207977e-05,0.0
0.004008806328898464,1.0,0.00398,0.1,0.0,0.0008567173375263762,1.568792048207977e-05,0.0
0.004008806328898464,1.0,0.00501,0.1,0.0,0.0008567173375263762,1.568792048207977e-05,0.0
0.004008806328898464,1.0,0.00631,0.1,0.0,0.0008567173375263762,1.568792048207977e-05,0.0
0.00419870708444391,1.0,3.16e-07,0.1,0.0,0.0009398053221556583,1.720939978311039e-05,0.0
0.00419870708444391,1.0,3.98e-07,0.1,0.0,0.0009398053221556583,1.720939978311039e-05,0.0
0.00419870708444391,1.0,5.01e-07,0.1,0.0,0.0009398053221556583,1.720939978311039e-05,0.0
0.00419870708444391,1.0,6.31e-07,0.1,0.0,0.0009398053221556583,1.720939978311039e-05,0.0
0.00419870708444391,1.0,7.94e-07,0.1,0.0,0.0009398053221556583,1.720939978311039e-05,0.0
0.00419870708444391,1.0,1e-06,0.1,0.0,0.0009398053221556583,1.720939978311039e-05,0.0
0.00419870708444391,1.0,1.26e-06,0.1,0.0,0.0009398053221556583,1.720939978311039e-05,0.0
0.00419870708444391,1.0,1.58e-06,0.1,0.0,0.0009398053221556583,1.720939978311039e-05,0.0
0.00419870708444391,1.0,2e-06,0.1,0.0,0.0009398053221556583,1.720939978311039e-05,0.0
0.00419870708444391,1.0,2.51e-06,0.1,3.3333333333333335e-05,0.0009398053221556583,1.720939978311039e-05,0.0037592212886226337
0.00419870708444391,1.0,3.98e-06,0.1,0.0001,0.0009398053221556583,1.720939978311039e-05,0.011277663865867902
0.00419870708444391,1.0,5.01e-06,0.1,6.666666666666667e-05,0.0009398053221556583,1.720939978311039e-05,0.007518442577245267
0.00419870708444391,1.0,7.94e-06,0.1,6.666666666666667e-05,0.0009398053221556583,1.720939978311039e-05,0.007518442577245267
0.00419870708444391,1.0,1e-05,0.1,6.666666666666667e-05,0.0009398053221556583,1.720939978311039e-05,0.007518442577245267
0.00419870708444391,1.0,1.26e-05,0.1,0.00023333333333333333,0.0009398053221556583,1.720939978311039e-05,0.026314549020358437
0.00419870708444391,1.0,1.58e-05,0.1,0.0001,0.0009398053221556583,1.720939978311039e-05,0.011277663865867902
0.00419870708444391,1.0,2.51e-05,0.1,0.0005,0.0009398053221556583,1.720939978311039e-05,0.05638831932933951
0.00419870708444391,1.0,3.16e-05,0.1,0.0006,0.0009398053221556583,1.720939978311039e-05,0.0676659831952074
0.00419870708444391,1.0,3.98e-05,0.1,0.0011,0.0009398053221556583,1.720939978311039e-05,0.12405430252454692
0.00419870708444391,1.0,5.01e-05,0.1,0.0013333333333333333,0.0009398053221556583,1.720939978311039e-05,0.15036885154490534
0.00419870708444391,1.0,6.31e-05,0.1,0.0018666666666666666,0.0009398053221556583,1.720939978311039e-05,0.2105163921628675
0.00419870708444391,1.0,7.94e-05,0.1,0.0018,0.0009398053221556583,1.720939978311039e-05,0.20299794958562223
0.00419870708444391,1.0,0.0001,0.1,0.0017666666666666666,0.0009398053221556583,1.720939978311039e-05,0.1992387282969996
0.00419870708444391,1.0,0.000126,0.1,0.0021,0.0009398053221556583,1.720939978311039e-05,0.2368309411832259
0.00419870708444391,1.0,0.000158,0.1,0.0012333333333333332,0.0009398053221556583,1.720939978311039e-05,0.13909118767903744
0.00419870708444391,1.0,0.0002,0.1,0.0005,0.0009398053221556583,1.720939978311039e-05,0.05638831932933951
0.00419870708444391,1.0,0.000251,0.1,0.0002,0.0009398053221556583,1.720939978311039e-05,0.022555327731735804
0.00419870708444391,1.0,0.000316,0.1,3.3333333333333335e-05,0.0009398053221556583,1.720939978311039e-05,0.0037592212886226337
0.00419870708444391,1.0,0.000398,0.1,3.3333333333333335e-05,0.0009398053221556583,1.720939978311039e-05,0.0037592212886226337
0.00419870708444391,1.0,0.000501,0.1,0.0,0.0009398053221556583,1.720939978311039e-05,0.0
0.00419870708444391,1.0,0.000631,0.1,0.0,0.0009398053221556583,1.720939978311039e-05,0.0
0.00419870708444391,1.0,0.000794,0.1,0.0,0.0009398053221556583,1.720939978311039e-05,0.0
0.00419870708444391,1.0,0.001,0.1,0.0,0.0009398053221556583,1.720939978311039e-05,0.0
0.00419870708444391,1.0,0.00126,0.1,0.0,0.0009398053221556583,1.720939978311039e-05,0.0
0.00419870708444391,1.0,0.00158,0.1,0.0,0.0009398053221556583,1.720939978311039e-05,0.0
0.00419870708444391,1.0,0.002,0.1,0.0,0.0009398053221556583,1.720939978311039e-05,0.0
0.00419870708444391,1.0,0.00251,0.1,0.0,0.0009398053221556583,1.720939978311039e-05,0.0
0.00419870708444391,1.0,0.00316,0.1,0.0,0.0009398053221556583,1.720939978311039e-05,0.0
0.00419870708444391,1.0,0.00398,0.1,0.0,0.0009398053221556583,1.720939978311039e-05,0.0
0.00419870708444391,1.0,0.00501,0.1,0.0,0.0009398053221556583,1.720939978311039e-05,0.0
0.00419870708444391,1.0,0.00631,0.1,0.0,0.0009398053221556583,1.720939978311039e-05,0.0
0.004397603609302721,1.0,3.16e-07,0.1,0.0,0.001030951370461142,1.8878435642943453e-05,0.0
0.004397603609302721,1.0,3.98e-07,0.1,0.0,0.001030951370461142,1.8878435642943453e-05,0.0
0.004397603609302721,1.0,5.01e-07,0.1,0.0,0.001030951370461142,1.8878435642943453e-05,0.0
0.004397603609302721,1.0,6.31e-07,0.1,0.0,0.001030951370461142,1.8878435642943453e-05,0.0
0.004397603609302721,1.0,7.94e-07,0.1,0.0,0.001030951370461142,1.8878435642943453e-05,0.0
0.004397603609302721,1.0,1e-06,0.1,0.0,0.001030951370461142,1.8878435642943453e-05,0.0
0.004397603609302721,1.0,1.26e-06,0.1,0.0,0.001030951370461142,1.8878435642943453e-05,0.0
0.004397603609302721,1.0,1.58e-06,0.1,0.0,0.001030951370461142,1.8878435642943453e-05,0.0
0.004397603609302721,1.0,2e-06,0.1,0.0,0.001030951370461142,1.8878435642943453e-05,0.0
0.004397603609302721,1.0,2.51e-06,0.1,3.3333333333333335e-05,0.001030951370461142,1.8878435642943453e-05,0.004123805481844568
0.004397603609302721,1.0,3.98e-06,0.1,0.0001,0.001030951370461142,1.8878435642943453e-05,0.012371416445533707
0.004397603609302721,1.0,5.01e-06,0.1,6.666666666666667e-05,0.001030951370461142,1.8878435642943453e-05,0.008247610963689136
0.004397603609302721,1.0,7.94e-06,0.1,6.666666666666667e-05,0.001030951370461142,1.8878435642943453e-05,0.008247610963689136
0.004397603609302721,1.0,1e-05,0.1,6.666666666666667e-05,0.001030951370461142,1.8878435642943453e-05,0.008247610963689136
0.004397603609302721,1.0,1.26e-05,0.1,0.00023333333333333333,0.001030951370461142,1.8878435642943453e-05,0.02886663837291198
0.004397603609302721,1.0,1.58e-05,0.1,0.0001,0.001030951370461142,1.8878435642943453e-05,0.012371416445533707
0.004397603609302721,1.0,2.51e-05,0.1,0.0005,0.001030951370461142,1.8878435642943453e-05,0.06185708222766853
0.004397603609302721,1.0,3.16e-05,0.1,0.0006,0.001030951370461142,1.8878435642943453e-05,0.07422849867320223
0.004397603609302721,1.0,3.98e-05,0.1,0.0011,0.001030951370461142,1.8878435642943453e-05,0.13608558090087078
0.004397603609302721,1.0,5.01e-05,0.1,0.0013333333333333333,0.001030951370461142,1.8878435642943453e-05,0.16495221927378273
0.004397603609302721,1.0,6.31e-05,0.1,0.0018666666666666666,0.001030951370461142,1.8878435642943453e-05,0.23093310698329583
0.004397603609302721,1.0,7.94e-05,0.1,0.0018,0.001030951370461142,1.8878435642943453e-05,0.22268549601960672
0.004397603609302721,1.0,0.0001,0.1,0.0017666666666666666,0.001030951370461142,1.8878435642943453e-05,0.21856169053776214
0.004397603609302721,1.0,0.000126,0.1,0.0021,0.001030951370461142,1.8878435642943453e-05,0.2597997453562078
0.004397603609302721,1.0,0.000158,0.1,0.0012333333333333332,0.001030951370461142,1.8878435642943453e-05,0.15258080282824904
0.004397603609302721,1.0,0.0002,0.1,0.0005,0.001030951370461142,1.8878435642943453e-05,0.06185708222766853
0.004397603609302721,1.0,0.000251,0.1,0.0002,0.001030951370461142,1.8878435642943453e-05,0.024742832891067414
0.004397603609302721,1.0,0.000316,0.1,3.3333333333333335e-05,0.001030951370461142,1.8878435642943453e-05,0.004123805481844568
0.004397603609302721,1.0,0.000398,0.1,3.3333333333333335e-05,0.001030951370461142,1.8878435642943453e-05,0.004123805481844568
0.004397603609302721,1.0,0.000501,0.1,0.0,0.001030951370461142,1.8878435642943453e-05,0.0
0.004397603609302721,1.0,0.000631,0.1,0.0,0.001030951370461142,1.8878435642943453e-05,0.0
0.004397603609302721,1.0,0.000794,0.1,0.0,0.001030951370461142,1.8878435642943453e-05,0.0
0.004397603609302721,1.0,0.001,0.1,0.0,0.001030951370461142,1.8878435642943453e-05,0.0
0.004397603609302721,1.0,0.00126,0.1,0.0,0.001030951370461142,1.8878435642943453e-05,0.0
0.004397603609302721,1.0,0.00158,0.1,0.0,0.001030951370461142,1.8878435642943453e-05,0.0
0.004397603609302721,1.0,0.002,0.1,0.0,0.001030951370461142,1.8878435642943453e-05,0.0
0.004397603609302721,1.0,0.00251,0.1,0.0,0.001030951370461142,1.8878435642943453e-05,0.0
0.004397603609302721,1.0,0.00316,0.1,0.0,0.001030951370461142,1.8878435642943453e-05,0.0
0.004397603609302721,1.0,0.00398,0.1,0.0,0.001030951370461142,1.8878435642943453e-05,0.0
0.004397603609302721,1.0,0.00501,0.1,0.0,0.001030951370461142,1.8878435642943453e-05,0.0
0.004397603609302721,1.0,0.00631,0.1,0.0,0.001030951370461142,1.8878435642943453e-05,0.0
0.004605922041145104,1.0,3.16e-07,0.1,0.0,0.0011309369410357152,2.0709337869176255e-05,0.0
0.004605922041145104,1.0,3.98e-07,0.1,0.0,0.0011309369410357152,2.0709337869176255e-05,0.0
0.004605922041145104,1.0,5.01e-07,0.1,0.0,0.0011309369410357152,2.0709337869176255e-05,0.0
0.004605922041145104,1.0,6.31e-07,0.1,0.0,0.0011309369410357152,2.0709337869176255e-05,0.0
0.004605922041145104,1.0,7.94e-07,0.1,0.0,0.0011309369410357152,2.0709337869176255e-05,0.0
0.004605922041145104,1.0,1e-06,0.1,0.0,0.0011309369410357152,2.0709337869176255e-05,0.0
0.004605922041145104,1.0,1.26e-06,0.1,0.0,0.0011309369410357152,2.0709337869176255e-05,0.0
0.004605922041145104,1.0,1.58e-06,0.1,0.0,0.0011309369410357152,2.0709337869176255e-05,0.0
0.004605922041145104,1.0,2e-06,0.1,0.0,0.0011309369410357152,2.0709337869176255e-05,0.0
0.004605922041145104,1.0,2.51e-06,0.1,3.3333333333333335e-05,0.0011309369410357152,2.0709337869176255e-05,0.004523747764142861
0.004605922041145104,1.0,3.98e-06,0.1,0.0001,0.0011309369410357152,2.0709337869176255e-05,0.013571243292428585
0.004605922041145104,1.0,5.01e-06,0.1,6.666666666666667e-05,0.0011309369410357152,2.0709337869176255e-05,0.009047495528285722
0.004605922041145104,1.0,7.94e-06,0.1,6.666666666666667e-05,0.0011309369410357152,2.0709337869176255e-05,0.009047495528285722
0.004605922041145104,1.0,1e-05,0.1,6.666666666666667e-05,0.0011309369410357152,2.0709337869176255e-05,0.009047495528285722
0.004605922041145104,1.0,1.26e-05,0.1,0.00023333333333333333,0.0011309369410357152,2.0709337869176255e-05,0.03166623434900003
0.004605922041145104,1.0,1.58e-05,0.1,0.0001,0.0011309369410357152,2.0709337869176255e-05,0.013571243292428585
0.004605922041145104,1.0,2.51e-05,0.1,0.0005,0.0011309369410357152,2.0709337869176255e-05,0.06785621646214292
0.004605922041145104,1.0,3.16e-05,0.1,0.0006,0.0011309369410357152,2.0709337869176255e-05,0.0814274597545715
0.004605922041145104,1.0,3.98e-05,0.1,0.0011,0.0011309369410357152,2.0709337869176255e-05,0.14928367621671443
0.004605922041145104,1.0,5.01e-05,0.1,0.0013333333333333333,0.0011309369410357152,2.0709337869176255e-05,0.18094991056571444
0.004605922041145104,1.0,6.31e-05,0.1,0.0018666666666666666,0.0011309369410357152,2.0709337869176255e-05,0.25332987479200025
0.004605922041145104,1.0,7.94e-05,0.1,0.0018,0.0011309369410357152,2.0709337869176255e-05,0.24428237926371452
0.004605922041145104,1.0,0.0001,0.1,0.0017666666666666666,0.0011309369410357152,2.0709337869176255e-05,0.23975863149957163
0.004605922041145104,1.0,0.000126,0.1,0.0021,0.0011309369410357152,2.0709337869176255e-05,0.2849961091410002
0.004605922041145104,1.0,0.000158,0.1,0.0012333333333333332,0.0011309369410357152,2.0709337869176255e-05,0.16737866727328585
0.004605922041145104,1.0,0.0002,0.1,0.0005,0.0011309369410357152,2.0709337869176255e-05,0.06785621646214292
0.004605922041145104,1.0,0.000251,0.1,0.0002,0.0011309369410357152,2.0709337869176255e-05,0.02714248658485717
0.004605922041145104,1.0,0.000316,0.1,3.3333333333333335e-05,0.0011309369410357152,2.0709337869176255e-05,0.004523747764142861
0.004605922041145104,1.0,0.000398,0.1,3.3333333333333335e-05,0.0011309369410357152,2.0709337869176255e-05,0.004523747764142861
0.004605922041145104,1.0,0.000501,0.1,0.0,0.0011309369410357152,2.0709337869176255e-05,0.0
0.004605922041145104,1.0,0.000631,0.1,0.0,0.0011309369410357152,2.0709337869176255e-05,0.0
0.004605922041145104,1.0,0.000794,0.1,0.0,0.0011309369410357152,2.0709337869176255e-05,0.0
0.004605922041145104,1.0,0.001,0.1,0.0,0.0011309369410357152,2.0709337869176255e-05,0.0
0.004605922041145104,1.0,0.00126,0.1,0.0,0.0011309369410357152,2.0709337869176255e-05,0.0
0.004605922041145104,1.0,0.00158,0.1,0.0,0.0011309369410357152,2.0709337869176255e-05,0.0
0.004605922041145104,1.0,0.002,0.1,0.0,0.0011309369410357152,2.0709337869176255e-05,0.0
0.004605922041145104,1.0,0.00251,0.1,0.0,0.0011309369410357152,2.0709337869176255e-05,0.0
0.004605922041145104,1.0,0.00316,0.1,0.0,0.0011309369410357152,2.0709337869176255e-05,0.0
0.004605922041145104,1.0,0.00398,0.1,0.0,0.0011309369410357152,2.0709337869176255e-05,0.0
0.004605922041145104,1.0,0.00501,0.1,0.0,0.0011309369410357152,2.0709337869176255e-05,0.0
0.004605922041145104,1.0,0.00631,0.1,0.0,0.0011309369410357152,2.0709337869176255e-05,0.0
0.004824108704165369,1.0,3.16e-07,0.1,0.0,0.0012406192708297686,2.2717803897267327e-05,0.0
0.004824108704165369,1.0,3.98e-07,0.1,0.0,0.0012406192708297686,2.2717803897267327e-05,0.0
0.004824108704165369,1.0,5.01e-07,0.1,0.0,0.0012406192708297686,2.2717803897267327e-05,0.0
0.004824108704165369,1.0,6.31e-07,0.1,0.0,0.0012406192708297686,2.2717803897267327e-05,0.0
0.004824108704165369,1.0,7.94e-07,0.1,0.0,0.0012406192708297686,2.2717803897267327e-05,0.0
0.004824108704165369,1.0,1e-06,0.1,0.0,0.0012406192708297686,2.2717803897267327e-05,0.0
0.004824108704165369,1.0,1.26e-06,0.1,0.0,0.0012406192708297686,2.2717803897267327e-05,0.0
0.004824108704165369,1.0,1.58e-06,0.1,0.0,0.0012406192708297686,2.2717803897267327e-05,0.0
0.004824108704165369,1.0,2e-06,0.1,0.0,0.0012406192708297686,2.2717803897267327e-05,0.0
0.004824108704165369,1.0,2.51e-06,0.1,3.3333333333333335e-05,0.0012406192708297686,2.2717803897267327e-05,0.004962477083319076
0.004824108704165369,1.0,3.98e-06,0.1,0.0001,0.0012406192708297686,2.2717803897267327e-05,0.014887431249957228
0.004824108704165369,1.0,5.01e-06,0.1,6.666666666666667e-05,0.0012406192708297686,2.2717803897267327e-05,0.009924954166638153
0.004824108704165369,1.0,7.94e-06,0.1,6.666666666666667e-05,0.0012406192708297686,2.2717803897267327e-05,0.009924954166638153
0.004824108704165369,1.0,1e-05,0.1,6.666666666666667e-05,0.0012406192708297686,2.2717803897267327e-05,0.009924954166638153
0.004824108704165369,1.0,1.26e-05,0.1,0.00023333333333333333,0.0012406192708297686,2.2717803897267327e-05,0.03473733958323353
0.004824108704165369,1.0,1.58e-05,0.1,0.0001,0.0012406192708297686,2.2717803897267327e-05,0.014887431249957228
0.004824108704165369,1.0,2.51e-05,0.1,0.0005,0.0012406192708297686,2.2717803897267327e-05,0.07443715624978613
0.004824108704165369,1.0,3.16e-05,0.1,0.0006,0.0012406192708297686,2.2717803897267327e-05,0.08932458749974335
0.004824108704165369,1.0,3.98e-05,0.1,0.0011,0.0012406192708297686,2.2717803897267327e-05,0.1637617437495295
0.004824108704165369,1.0,5.01e-05,0.1,0.0013333333333333333,0.0012406192708297686,2.2717803897267327e-05,0.198499083332763
0.004824108704165369,1.0,6.31e-05,0.1,0.0018666666666666666,0.0012406192708297686,2.2717803897267327e-05,0.27789871666586824
0.004824108704165369,1.0,7.94e-05,0.1,0.0018,0.0012406192708297686,2.2717803897267327e-05,0.2679737624992301
0.004824108704165369,1.0,0.0001,0.1,0.0017666666666666666,0.0012406192708297686,2.2717803897267327e-05,0.26301128541591096
0.004824108704165369,1.0,0.000126,0.1,0.0021,0.0012406192708297686,2.2717803897267327e-05,0.31263605624910173
0.004824108704165369,1.0,0.000158,0.1,0.0012333333333333332,0.0012406192708297686,2.2717803897267327e-05,0.18361165208280578
0.004824108704165369,1.0,0.0002,0.1,0.0005,0.0012406192708297686,2.2717803897267327e-05,0.07443715624978613
0.004824108704165369,1.0,0.000251,0.1,0.0002,0.0012406192708297686,2.2717803897267327e-05,0.029774862499914456
0.004824108704165369,1.0,0.000316,0.1,3.3333333333333335e-05,0.0012406192708297686,2.2717803897267327e-05,0.004962477083319076
0.004824108704165369,1.0,0.000398,0.1,3.3333333333333335e-05,0.0012406192708297686,2.2717803897267327e-05,0.004962477083319076
0.004824108704165369,1.0,0.000501,0.1,0.0,0.0012406192708297686,2.2717803897267327e-05,0.0
0.004824108704165369,1.0,0.000631,0.1,0.0,0.0012406192708297686,2.2717803897267327e-05,0.0
0.004824108704165369,1.0,0.000794,0.1,0.0,0.0012406192708297686,2.2717803897267327e-05,0.0
0.004824108704165369,1.0,0.001,0.1,0.0,0.0012406192708297686,2.2717803897267327e-05,0.0
0.004824108704165369,1.0,0.00126,0.1,0.0,0.0012406192708297686,2.2717803897267327e-05,0.0
0.004824108704165369,1.0,0.00158,0.1,0.0,0.0012406192708297686,2.2717803897267327e-05,0.0
0.004824108704165369,1.0,0.002,0.1,0.0,0.0012406192708297686,2.2717803897267327e-05,0.0
0.004824108704165369,1.0,0.00251,0.1,0.0,0.0012406192708297686,2.2717803897267327e-05,0.0
0.004824108704165369,1.0,0.00316,0.1,0.0,0.0012406192708297686,2.2717803897267327e-05,0.0
0.004824108704165369,1.0,0.00398,0.1,0.0,0.0012406192708297686,2.2717803897267327e-05,0.0
0.004824108704165369,1.0,0.00501,0.1,0.0,0.0012406192708297686,2.2717803897267327e-05,0.0
0.004824108704165369,1.0,0.00631,0.1,0.0,0.0012406192708297686,2.2717803897267327e-05,0.0
0.00505263106533568,1.0,3.16e-07,0.1,0.0,0.0013609387221296717,2.4921053325941618e-05,0.0
0.00505263106533568,1.0,3.98e-07,0.1,0.0,0.0013609387221296717,2.4921053325941618e-05,0.0
0.00505263106533568,1.0,5.01e-07,0.1,0.0,0.0013609387221296717,2.4921053325941618e-05,0.0
0.00505263106533568,1.0,6.31e-07,0.1,0.0,0.0013609387221296717,2.4921053325941618e-05,0.0
0.00505263106533568,1.0,7.94e-07,0.1,0.0,0.0013609387221296717,2.4921053325941618e-05,0.0
0.00505263106533568,1.0,1e-06,0.1,0.0,0.0013609387221296717,2.4921053325941618e-05,0.0
0.00505263106533568,1.0,1.26e-06,0.1,0.0,0.0013609387221296717,2.4921053325941618e-05,0.0
0.00505263106533568,1.0,1.58e-06,0.1,0.0,0.0013609387221296717,2.4921053325941618e-05,0.0
0.00505263106533568,1.0,2e-06,0.1,0.0,0.0013609387221296717,2.4921053325941618e-05,0.0
0.00505263106533568,1.0,2.51e-06,0.1,3.3333333333333335e-05,0.0013609387221296717,2.4921053325941618e-05,0.005443754888518688
0.00505263106533568,1.0,3.98e-06,0.1,0.0001,0.0013609387221296717,2.4921053325941618e-05,0.016331264665556063
0.00505263106533568,1.0,5.01e-06,0.1,6.666666666666667e-05,0.0013609387221296717,2.4921053325941618e-05,0.010887509777037375
0.00505263106533568,1.0,7.94e-06,0.1,6.666666666666667e-05,0.0013609387221296717,2.4921053325941618e-05,0.010887509777037375
0.00505263106533568,1.0,1e-05,0.1,6.666666666666667e-05,0.0013609387221296717,2.4921053325941618e-05,0.010887509777037375
0.00505263106533568,1.0,1.26e-05,0.1,0.00023333333333333333,0.0013609387221296717,2.4921053325941618e-05,0.03810628421963081
0.00505263106533568,1.0,1.58e-05,0.1,0.0001,0.0013609387221296717,2.4921053325941618e-05,0.016331264665556063
0.00505263106533568,1.0,2.51e-05,0.1,0.0005,0.0013609387221296717,2.4921053325941618e-05,0.08165632332778032
0.00505263106533568,1.0,3.16e-05,0.1,0.0006,0.0013609387221296717,2.4921053325941618e-05,0.09798758799333636
0.00505263106533568,1.0,3.98e-05,0.1,0.0011,0.0013609387221296717,2.4921053325941618e-05,0.17964391132111668
0.00505263106533568,1.0,5.01e-05,0.1,0.0013333333333333333,0.0013609387221296717,2.4921053325941618e-05,0.21775019554074748
0.00505263106533568,1.0,6.31e-05,0.1,0.0018666666666666666,0.0013609387221296717,2.4921053325941618e-05,0.3048502737570465
0.00505263106533568,1.0,7.94e-05,0.1,0.0018,0.0013609387221296717,2.4921053325941618e-05,0.2939627639800091
0.00505263106533568,1.0,0.0001,0.1,0.0017666666666666666,0.0013609387221296717,2.4921053325941618e-05,0.2885190090914904
0.00505263106533568,1.0,0.000126,0.1,0.0021,0.0013609387221296717,2.4921053325941618e-05,0.3429565579766773
0.00505263106533568,1.0,0.000158,0.1,0.0012333333333333332,0.0013609387221296717,2.4921053325941618e-05,0.20141893087519144
0.00505263106533568,1.0,0.0002,0.1,0.0005,0.0013609387221296717,2.4921053325941618e-05,0.08165632332778032
0.00505263106533568,1.0,0.000251,0.1,0.0002,0.0013609387221296717,2.4921053325941618e-05,0.032662529331112126
0.00505263106533568,1.0,0.000316,0.1,3.3333333333333335e-05,0.0013609387221296717,2.4921053325941618e-05,0.005443754888518688
0.00505263106533568,1.0,0.000398,0.1,3.3333333333333335e-05,0.0013609387221296717,2.4921053325941618e-05,0.005443754888518688
0.00505263106533568,1.0,0.000501,0.1,0.0,0.0013609387221296717,2.4921053325941618e-05,0.0
0.00505263106533568,1.0,0.000631,0.1,0.0,0.0013609387221296717,2.4921053325941618e-05,0.0
0.00505263106533568,1.0,0.000794,0.1,0.0,0.0013609387221296717,2.4921053325941618e-05,0.0
0.00505263106533568,1.0,0.001,0.1,0.0,0.0013609387221296717,2.4921053325941618e-05,0.0
0.00505263106533568,1.0,0.00126,0.1,0.0,0.0013609387221296717,2.4921053325941618e-05,0.0
0.00505263106533568,1.0,0.00158,0.1,0.0,0.0013609387221296717,2.4921053325941618e-05,0.0
0.00505263106533568,1.0,0.002,0.1,0.0,0.0013609387221296717,2.4921053325941618e-05,0.0
0.00505263106533568,1.0,0.00251,0.1,0.0,0.0013609387221296717,2.4921053325941618e-05,0.0
0.00505263106533568,1.0,0.00316,0.1,0.0,0.0013609387221296717,2.4921053325941618e-05,0.0
0.00505263106533568,1.0,0.00398,0.1,0.0,0.0013609387221296717,2.4921053325941618e-05,0.0
0.00505263106533568,1.0,0.00501,0.1,0.0,0.0013609387221296717,2.4921053325941618e-05,0.0
0.00505263106533568,1.0,0.00631,0.1,0.0,0.0013609387221296717,2.4921053325941618e-05,0.0
0.005291978735958442,1.0,3.16e-07,0.1,0.0,0.0014929268415914386,2.733797549151142e-05,0.0
0.005291978735958442,1.0,3.98e-07,0.1,0.0,0.0014929268415914386,2.733797549151142e-05,0.0
0.005291978735958442,1.0,5.01e-07,0.1,0.0,0.0014929268415914386,2.733797549151142e-05,0.0
0.005291978735958442,1.0,6.31e-07,0.1,0.0,0.0014929268415914386,2.733797549151142e-05,0.0
0.005291978735958442,1.0,7.94e-07,0.1,0.0,0.0014929268415914386,2.733797549151142e-05,0.0
0.005291978735958442,1.0,1e-06,0.1,0.0,0.0014929268415914386,2.733797549151142e-05,0.0
0.005291978735958442,1.0,1.26e-06,0.1,0.0,0.0014929268415914386,2.733797549151142e-05,0.0
0.005291978735958442,1.0,1.58e-06,0.1,0.0,0.0014929268415914386,2.733797549151142e-05,0.0
0.005291978735958442,1.0,2e-06,0.1,0.0,0.0014929268415914386,2.733797549151142e-05,0.0
0.005291978735958442,1.0,2.51e-06,0.1,3.3333333333333335e-05,0.0014929268415914386,2.733797549151142e-05,0.005971707366365754
0.005291978735958442,1.0,3.98e-06,0.1,0.0001,0.0014929268415914386,2.733797549151142e-05,0.017915122099097264
0.005291978735958442,1.0,5.01e-06,0.1,6.666666666666667e-05,0.0014929268415914386,2.733797549151142e-05,0.011943414732731509
0.005291978735958442,1.0,7.94e-06,0.1,6.666666666666667e-05,0.0014929268415914386,2.733797549151142e-05,0.011943414732731509
0.005291978735958442,1.0,1e-05,0.1,6.666666666666667e-05,0.0014929268415914386,2.733797549151142e-05,0.011943414732731509
0.005291978735958442,1.0,1.26e-05,0.1,0.00023333333333333333,0.0014929268415914386,2.733797549151142e-05,0.04180195156456028
0.005291978735958442,1.0,1.58e-05,0.1,0.0001,0.0014929268415914386,2.733797549151142e-05,0.017915122099097264
0.005291978735958442,1.0,2.51e-05,0.1,0.0005,0.0014929268415914386,2.733797549151142e-05,0.08957561049548632
0.005291978735958442,1.0,3.16e-05,0.1,0.0006,0.0014929268415914386,2.733797549151142e-05,0.10749073259458355
0.005291978735958442,1.0,3.98e-05,0.1,0.0011,0.0014929268415914386,2.733797549151142e-05,0.1970663430900699
0.005291978735958442,1.0,5.01e-05,0.1,0.0013333333333333333,0.0014929268415914386,2.733797549151142e-05,0.23886829465463016
0.005291978735958442,1.0,6.31e-05,0.1,0.0018666666666666666,0.0014929268415914386,2.733797549151142e-05,0.3344156125164822
0.005291978735958442,1.0,7.94e-05,0.1,0.0018,0.0014929268415914386,2.733797549151142e-05,0.32247219778375075
0.005291978735958442,1.0,0.0001,0.1,0.0017666666666666666,0.0014929268415914386,2.733797549151142e-05,0.3165004904173849
0.005291978735958442,1.0,0.000126,0.1,0.0021,0.0014929268415914386,2.733797549151142e-05,0.3762175640810425
0.005291978735958442,1.0,0.000158,0.1,0.0012333333333333332,0.0014929268415914386,2.733797549151142e-05,0.2209531725555329
0.005291978735958442,1.0,0.0002,0.1,0.0005,0.0014929268415914386,2.733797549151142e-05,0.08957561049548632
0.005291978735958442,1.0,0.000251,0.1,0.0002,0.0014929268415914386,2.733797549151142e-05,0.03583024419819453
0.005291978735958442,1.0,0.000316,0.1,3.3333333333333335e-05,0.0014929268415914386,2.733797549151142e-05,0.005971707366365754
0.005291978735958442,1.0,0.000398,0.1,3.3333333333333335e-05,0.0014929268415914386,2.733797549151142e-05,0.005971707366365754
0.005291978735958442,1.0,0.000501,0.1,0.0,0.0014929268415914386,2.733797549151142e-05,0.0
0.005291978735958442,1.0,0.000631,0.1,0.0,0.0014929268415914386,2.733797549151142e-05,0.0
0.005291978735958442,1.0,0.000794,0.1,0.0,0.0014929268415914386,2.733797549151142e-05,0.0
0.005291978735958442,1.0,0.001,0.1,0.0,0.0014929268415914386,2.733797549151142e-05,0.0
0.005291978735958442,1.0,0.00126,0.1,0.0,0.0014929268415914386,2.733797549151142e-05,0.0
0.005291978735958442,1.0,0.00158,0.1,0.0,0.0014929268415914386,2.733797549151142e-05,0.0
0.005291978735958442,1.0,0.002,0.1,0.0,0.0014929268415914386,2.733797549151142e-05,0.0
0.005291978735958442,1.0,0.00251,0.1,0.0,0.0014929268415914386,2.733797549151142e-05,0.0
0.005291978735958442,1.0,0.00316,0.1,0.0,0.0014929268415914386,2.733797549151142e-05,0.0
0.005291978735958442,1.0,0.00398,0.1,0.0,0.0014929268415914386,2.733797549151142e-05,0.0
0.005291978735958442,1.0,0.00501,0.1,0.0,0.0014929268415914386,2.733797549151142e-05,0.0
0.005291978735958442,1.0,0.00631,0.1,0.0,0.0014929268415914386,2.733797549151142e-05,0.0
0.005542664520663107,1.0,3.16e-07,0.1,0.0,0.0016377152002876494,2.9989291343850016e-05,0.0
0.005542664520663107,1.0,3.98e-07,0.1,0.0,0.0016377152002876494,2.9989291343850016e-05,0.0
0.005542664520663107,1.0,5.01e-07,0.1,0.0,0.0016377152002876494,2.9989291343850016e-05,0.0
0.005542664520663107,1.0,6.31e-07,0.1,0.0,0.0016377152002876494,2.9989291343850016e-05,0.0
0.005542664520663107,1.0,7.94e-07,0.1,0.0,0.0016377152002876494,2.9989291343850016e-05,0.0
0.005542664520663107,1.0,1e-06,0.1,0.0,0.0016377152002876494,2.9989291343850016e-05,0.0
0.005542664520663107,1.0,1.26e-06,0.1,0.0,0.0016377152002876494,2.9989291343850016e-05,0.0
0.005542664520663107,1.0,1.58e-06,0.1,0.0,0.0016377152002876494,2.9989291343850016e-05,0.0
0.005542664520663107,1.0,2e-06,0.1,0.0,0.0016377152002876494,2.9989291343850016e-05,0.0
0.005542664520663107,1.0,2.51e-06,0.1,3.3333333333333335e-05,0.0016377152002876494,2.9989291343850016e-05,0.006550860801150599
0.005542664520663107,1.0,3.98e-06,0.1,0.0001,0.0016377152002876494,2.9989291343850016e-05,0.019652582403451798
0.005542664520663107,1.0,5.01e-06,0.1,6.666666666666667e-05,0.0016377152002876494,2.9989291343850016e-05,0.013101721602301199
0.005542664520663107,1.0,7.94e-06,0.1,6.666666666666667e-05,0.0016377152002876494,2.9989291343850016e-05,0.013101721602301199
0.005542664520663107,1.0,1e-05,0.1,6.666666666666667e-05,0.0016377152002876494,2.9989291343850016e-05,0.013101721602301199
0.005542664520663107,1.0,1.26e-05,0.1,0.00023333333333333333,0.0016377152002876494,2.9989291343850016e-05,0.04585602560805419
0.005542664520663107,1.0,1.58e-05,0.1,0.0001,0.0016377152002876494,2.9989291343850016e-05,0.019652582403451798
0.005542664520663107,1.0,2.51e-05,0.1,0.0005,0.0016377152002876494,2.9989291343850016e-05,0.09826291201725898
0.005542664520663107,1.0,3.16e-05,0.1,0.0006,0.0016377152002876494,2.9989291343850016e-05,0.11791549442071077
0.005542664520663107,1.0,3.98e-05,0.1,0.0011,0.0016377152002876494,2.9989291343850016e-05,0.21617840643796976
0.005542664520663107,1.0,5.01e-05,0.1,0.0013333333333333333,0.0016377152002876494,2.9989291343850016e-05,0.26203443204602395
0.005542664520663107,1.0,6.31e-05,0.1,0.0018666666666666666,0.0016377152002876494,2.9989291343850016e-05,0.36684820486443354
0.005542664520663107,1.0,7.94e-05,0.1,0.0018,0.0016377152002876494,2.9989291343850016e-05,0.3537464832621323
0.005542664520663107,1.0,0.0001,0.1,0.0017666666666666666,0.0016377152002876494,2.9989291343850016e-05,0.34719562246098173
0.005542664520663107,1.0,0.000126,0.1,0.0021,0.0016377152002876494,2.9989291343850016e-05,0.4127042304724877
0.005542664520663107,1.0,0.000158,0.1,0.0012333333333333332,0.0016377152002876494,2.9989291343850016e-05,0.24238184964257214
0.005542664520663107,1.0,0.0002,0.1,0.0005,0.0016377152002876494,2.9989291343850016e-05,0.09826291201725898
0.005542664520663107,1.0,0.000251,0.1,0.0002,0.0016377152002876494,2.9989291343850016e-05,0.039305164806903596
0.005542664520663107,1.0,0.000316,0.1,3.3333333333333335e-05,0.0016377152002876494,2.9989291343850016e-05,0.006550860801150599
0.005542664520663107,1.0,0.000398,0.1,3.3333333333333335e-05,0.0016377152002876494,2.9989291343850016e-05,0.006550860801150599
0.005542664520663107,1.0,0.000501,0.1,0.0,0.0016377152002876494,2.9989291343850016e-05,0.0
0.005542664520663107,1.0,0.000631,0.1,0.0,0.0016377152002876494,2.9989291343850016e-05,0.0
0.005542664520663107,1.0,0.000794,0.1,0.0,0.0016377152002876494,2.9989291343850016e-05,0.0
0.005542664520663107,1.0,0.001,0.1,0.0,0.0016377152002876494,2.9989291343850016e-05,0.0
0.005542664520663107,1.0,0.00126,0.1,0.0,0.0016377152002876494,2.9989291343850016e-05,0.0
0.005542664520663107,1.0,0.00158,0.1,0.0,0.0016377152002876494,2.9989291343850016e-05,0.0
0.005542664520663107,1.0,0.002,0.1,0.0,0.0016377152002876494,2.9989291343850016e-05,0.0
0.005542664520663107,1.0,0.00251,0.1,0.0,0.0016377152002876494,2.9989291343850016e-05,0.0
0.005542664520663107,1.0,0.00316,0.1,0.0,0.0016377152002876494,2.9989291343850016e-05,0.0
0.005542664520663107,1.0,0.00398,0.1,0.0,0.0016377152002876494,2.9989291343850016e-05,0.0
0.005542664520663107,1.0,0.00501,0.1,0.0,0.0016377152002876494,2.9989291343850016e-05,0.0
0.005542664520663107,1.0,0.00631,0.1,0.0,0.0016377152002876494,2.9989291343850016e-05,0.0
0.005805225516094896,1.0,3.16e-07,0.1,0.0,0.0017965450903931262,3.2897731008846846e-05,0.0
0.005805225516094896,1.0,3.98e-07,0.1,0.0,0.0017965450903931262,3.2897731008846846e-05,0.0
0.005805225516094896,1.0,5.01e-07,0.1,0.0,0.0017965450903931262,3.2897731008846846e-05,0.0
0.005805225516094896,1.0,6.31e-07,0.1,0.0,0.0017965450903931262,3.2897731008846846e-05,0.0
0.005805225516094896,1.0,7.94e-07,0.1,0.0,0.0017965450903931262,3.2897731008846846e-05,0.0
0.005805225516094896,1.0,1e-06,0.1,0.0,0.0017965450903931262,3.2897731008846846e-05,0.0
0.005805225516094896,1.0,1.26e-06,0.1,0.0,0.0017965450903931262,3.2897731008846846e-05,0.0
0.005805225516094896,1.0,1.58e-06,0.1,0.0,0.0017965450903931262,3.2897731008846846e-05,0.0
0.005805225516094896,1.0,2e-06,0.1,0.0,0.0017965450903931262,3.2897731008846846e-05,0.0
0.005805225516094896,1.0,2.51e-06,0.1,3.3333333333333335e-05,0.0017965450903931262,3.2897731008846846e-05,0.007186180361572506
0.005805225516094896,1.0,3.98e-06,0.1,0.0001,0.0017965450903931262,3.2897731008846846e-05,0.021558541084717518
0.005805225516094896,1.0,5.01e-06,0.1,6.666666666666667e-05,0.0017965450903931262,3.2897731008846846e-05,0.014372360723145012
0.005805225516094896,1.0,7.94e-06,0.1,6.666666666666667e-05,0.0017965450903931262,3.2897731008846846e-05,0.014372360723145012
0.005805225516094896,1.0,1e-05,0.1,6.666666666666667e-05,0.0017965450903931262,3.2897731008846846e-05,0.014372360723145012
0.005805225516094896,1.0,1.26e-05,0.1,0.00023333333333333333,0.0017965450903931262,3.2897731008846846e-05,0.050303262531007545
0.005805225516094896,1.0,1.58e-05,0.1,0.0001,0.0017965450903931262,3.2897731008846846e-05,0.021558541084717518
0.005805225516094896,1.0,2.51e-05,0.1,0.0005,0.0017965450903931262,3.2897731008846846e-05,0.1077927054235876
0.005805225516094896,1.0,3.16e-05,0.1,0.0006,0.0017965450903931262,3.2897731008846846e-05,0.1293512465083051
0.005805225516094896,1.0,3.98e-05,0.1,0.0011,0.0017965450903931262,3.2897731008846846e-05,0.23714395193189272
0.005805225516094896,1.0,5.01e-05,0.1,0.0013333333333333333,0.0017965450903931262,3.2897731008846846e-05,0.2874472144629002
0.005805225516094896,1.0,6.31e-05,0.1,0.0018666666666666666,0.0017965450903931262,3.2897731008846846e-05,0.40242610024806036
0.005805225516094896,1.0,7.94e-05,0.1,0.0018,0.0017965450903931262,3.2897731008846846e-05,0.3880537395249153
0.005805225516094896,1.0,0.0001,0.1,0.0017666666666666666,0.0017965450903931262,3.2897731008846846e-05,0.3808675591633428
0.005805225516094896,1.0,0.000126,0.1,0.0021,0.0017965450903931262,3.2897731008846846e-05,0.45272936277906783
0.005805225516094896,1.0,0.000158,0.1,0.0012333333333333332,0.0017965450903931262,3.2897731008846846e-05,0.26588867337818267
0.005805225516094896,1.0,0.0002,0.1,0.0005,0.0017965450903931262,3.2897731008846846e-05,0.1077927054235876
0.005805225516094896,1.0,0.000251,0.1,0.0002,0.0017965450903931262,3.2897731008846846e-05,0.043117082169435036
0.005805225516094896,1.0,0.000316,0.1,3.3333333333333335e-05,0.0017965450903931262,3.2897731008846846e-05,0.007186180361572506
0.005805225516094896,1.0,0.000398,0.1,3.3333333333333335e-05,0.0017965450903931262,3.2897731008846846e-05,0.007186180361572506
0.005805225516094896,1.0,0.000501,0.1,0.0,0.0017965450903931262,3.2897731008846846e-05,0.0
0.005805225516094896,1.0,0.000631,0.1,0.0,0.0017965450903931262,3.2897731008846846e-05,0.0
0.005805225516094896,1.0,0.000794,0.1,0.0,0.0017965450903931262,3.2897731008846846e-05,0.0
0.005805225516094896,1.0,0.001,0.1,0.0,0.0017965450903931262,3.2897731008846846e-05,0.0
0.005805225516094896,1.0,0.00126,0.1,0.0,0.0017965450903931262,3.2897731008846846e-05,0.0
0.005805225516094896,1.0,0.00158,0.1,0.0,0.0017965450903931262,3.2897731008846846e-05,0.0
0.005805225516094896,1.0,0.002,0.1,0.0,0.0017965450903931262,3.2897731008846846e-05,0.0
0.005805225516094896,1.0,0.00251,0.1,0.0,0.0017965450903931262,3.2897731008846846e-05,0.0
0.005805225516094896,1.0,0.00316,0.1,0.0,0.0017965450903931262,3.2897731008846846e-05,0.0
0.005805225516094896,1.0,0.00398,0.1,0.0,0.0017965450903931262,3.2897731008846846e-05,0.0
0.005805225516094896,1.0,0.00501,0.1,0.0,0.0017965450903931262,3.2897731008846846e-05,0.0
0.005805225516094896,1.0,0.00631,0.1,0.0,0.0017965450903931262,3.2897731008846846e-05,0.0
0.006080224261649427,1.0,3.16e-07,0.1,0.0,0.0019707781614447402,3.608822855602894e-05,0.0
0.006080224261649427,1.0,3.98e-07,0.1,0.0,0.0019707781614447402,3.608822855602894e-05,0.0
0.006080224261649427,1.0,5.01e-07,0.1,0.0,0.0019707781614447402,3.608822855602894e-05,0.0
0.006080224261649427,1.0,6.31e-07,0.1,0.0,0.0019707781614447402,3.608822855602894e-05,0.0
0.006080224261649427,1.0,7.94e-07,0.1,0.0,0.0019707781614447402,3.608822855602894e-05,0.0
0.006080224261649427,1.0,1e-06,0.1,0.0,0.0019707781614447402,3.608822855602894e-05,0.0
0.006080224261649427,1.0,1.26e-06,0.1,0.0,0.0019707781614447402,3.608822855602894e-05,0.0
0.006080224261649427,1.0,1.58e-06,0.1,0.0,0.0019707781614447402,3.608822855602894e-05,0.0
0.006080224261649427,1.0,2e-06,0.1,0.0,0.0019707781614447402,3.608822855602894e-05,0.0
0.006080224261649427,1.0,2.51e-06,0.1,3.3333333333333335e-05,0.0019707781614447402,3.608822855602894e-05,0.007883112645778963
0.006080224261649427,1.0,3.98e-06,0.1,0.0001,0.0019707781614447402,3.608822855602894e-05,0.023649337937336888
0.006080224261649427,1.0,5.01e-06,0.1,6.666666666666667e-05,0.0019707781614447402,3.608822855602894e-05,0.015766225291557925
0.006080224261649427,1.0,7.94e-06,0.1,6.666666666666667e-05,0.0019707781614447402,3.608822855602894e-05,0.015766225291557925
0.006080224261649427,1.0,1e-05,0.1,6.666666666666667e-05,0.0019707781614447402,3.608822855602894e-05,0.015766225291557925
0.006080224261649427,1.0,1.26e-05,0.1,0.00023333333333333333,0.0019707781614447402,3.608822855602894e-05,0.05518178852045274
0.006080224261649427,1.0,1.58e-05,0.1,0.0001,0.0019707781614447402,3.608822855602894e-05,0.023649337937336888
0.006080224261649427,1.0,2.51e-05,0.1,0.0005,0.0019707781614447402,3.608822855602894e-05,0.11824668968668445
0.006080224261649427,1.0,3.16e-05,0.1,0.0006,0.0019707781614447402,3.608822855602894e-05,0.14189602762402131
0.006080224261649427,1.0,3.98e-05,0.1,0.0011,0.0019707781614447402,3.608822855602894e-05,0.26014271731070576
0.006080224261649427,1.0,5.01e-05,0.1,0.0013333333333333333,0.0019707781614447402,3.608822855602894e-05,0.31532450583115845
0.006080224261649427,1.0,6.31e-05,0.1,0.0018666666666666666,0.0019707781614447402,3.608822855602894e-05,0.4414543081636219
0.006080224261649427,1.0,7.94e-05,0.1,0.0018,0.0019707781614447402,3.608822855602894e-05,0.42568808287206394
0.006080224261649427,1.0,0.0001,0.1,0.0017666666666666666,0.0019707781614447402,3.608822855602894e-05,0.41780497022628493
0.006080224261649427,1.0,0.000126,0.1,0.0021,0.0019707781614447402,3.608822855602894e-05,0.4966360966840746
0.006080224261649427,1.0,0.000158,0.1,0.0012333333333333332,0.0019707781614447402,3.608822855602894e-05,0.2916751678938216
0.006080224261649427,1.0,0.0002,0.1,0.0005,0.0019707781614447402,3.608822855602894e-05,0.11824668968668445
0.006080224261649427,1.0,0.000251,0.1,0.0002,0.0019707781614447402,3.608822855602894e-05,0.047298675874673776
0.006080224261649427,1.0,0.000316,0.1,3.3333333333333335e-05,0.0019707781614447402,3.608822855602894e-05,0.007883112645778963
0.006080224261649427,1.0,0.000398,0.1,3.3333333333333335e-05,0.0019707781614447402,3.608822855602894e-05,0.007883112645778963
0.006080224261649427,1.0,0.000501,0.1,0.0,0.0019707781614447402,3.608822855602894e-05,0.0
0.006080224261649427,1.0,0.000631,0.1,0.0,0.0019707781614447402,3.608822855602894e-05,0.0
0.006080224261649427,1.0,0.000794,0.1,0.0,0.0019707781614447402,3.608822855602894e-05,0.0
0.006080224261649427,1.0,0.001,0.1,0.0,0.0019707781614447402,3.608822855602894e-05,0.0
0.006080224261649427,1.0,0.00126,0.1,0.0,0.0019707781614447402,3.608822855602894e-05,0.0
0.006080224261649427,1.0,0.00158,0.1,0.0,0.0019707781614447402,3.608822855602894e-05,0.0
0.006080224261649427,1.0,0.002,0.1,0.0,0.0019707781614447402,3.608822855602894e-05,0.0
0.006080224261649427,1.0,0.00251,0.1,0.0,0.0019707781614447402,3.608822855602894e-05,0.0
0.006080224261649427,1.0,0.00316,0.1,0.0,0.0019707781614447402,3.608822855602894e-05,0.0
0.006080224261649427,1.0,0.00398,0.1,0.0,0.0019707781614447402,3.608822855602894e-05,0.0
0.006080224261649427,1.0,0.00501,0.1,0.0,0.0019707781614447402,3.608822855602894e-05,0.0
0.006080224261649427,1.0,0.00631,0.1,0.0,0.0019707781614447402,3.608822855602894e-05,0.0
0.006368249944718587,1.0,3.16e-07,0.1,0.0,0.0021619080871243634,3.9588135636776477e-05,0.0
0.006368249944718587,1.0,3.98e-07,0.1,0.0,0.0021619080871243634,3.9588135636776477e-05,0.0
0.006368249944718587,1.0,5.01e-07,0.1,0.0,0.0021619080871243634,3.9588135636776477e-05,0.0
0.006368249944718587,1.0,6.31e-07,0.1,0.0,0.0021619080871243634,3.9588135636776477e-05,0.0
0.006368249944718587,1.0,7.94e-07,0.1,0.0,0.0021619080871243634,3.9588135636776477e-05,0.0
0.006368249944718587,1.0,1e-06,0.1,0.0,0.0021619080871243634,3.9588135636776477e-05,0.0
0.006368249944718587,1.0,1.26e-06,0.1,0.0,0.0021619080871243634,3.9588135636776477e-05,0.0
0.006368249944718587,1.0,1.58e-06,0.1,0.0,0.0021619080871243634,3.9588135636776477e-05,0.0
0.006368249944718587,1.0,2e-06,0.1,0.0,0.0021619080871243634,3.9588135636776477e-05,0.0
0.006368249944718587,1.0,2.51e-06,0.1,3.3333333333333335e-05,0.0021619080871243634,3.9588135636776477e-05,0.008647632348497455
0.006368249944718587,1.0,3.98e-06,0.1,0.0001,0.0021619080871243634,3.9588135636776477e-05,0.025942897045492366
0.006368249944718587,1.0,5.01e-06,0.1,6.666666666666667e-05,0.0021619080871243634,3.9588135636776477e-05,0.01729526469699491
0.006368249944718587,1.0,7.94e-06,0.1,6.666666666666667e-05,0.0021619080871243634,3.9588135636776477e-05,0.01729526469699491
0.006368249944718587,1.0,1e-05,0.1,6.666666666666667e-05,0.0021619080871243634,3.9588135636776477e-05,0.01729526469699491
0.006368249944718587,1.0,1.26e-05,0.1,0.00023333333333333333,0.0021619080871243634,3.9588135636776477e-05,0.06053342643948219
0.006368249944718587,1.0,1.58e-05,0.1,0.0001,0.0021619080871243634,3.9588135636776477e-05,0.025942897045492366
0.006368249944718587,1.0,2.51e-05,0.1,0.0005,0.0021619080871243634,3.9588135636776477e-05,0.12971448522746185
0.006368249944718587,1.0,3.16e-05,0.1,0.0006,0.0021619080871243634,3.9588135636776477e-05,0.15565738227295417
0.006368249944718587,1.0,3.98e-05,0.1,0.0011,0.0021619080871243634,3.9588135636776477e-05,0.28537186750041604
0.006368249944718587,1.0,5.01e-05,0.1,0.0013333333333333333,0.0021619080871243634,3.9588135636776477e-05,0.34590529393989816
0.006368249944718587,1.0,6.31e-05,0.1,0.0018666666666666666,0.0021619080871243634,3.9588135636776477e-05,0.4842674115158575
0.006368249944718587,1.0,7.94e-05,0.1,0.0018,0.0021619080871243634,3.9588135636776477e-05,0.46697214681886257
0.006368249944718587,1.0,0.0001,0.1,0.0017666666666666666,0.0021619080871243634,3.9588135636776477e-05,0.4583245144703651
0.006368249944718587,1.0,0.000126,0.1,0.0021,0.0021619080871243634,3.9588135636776477e-05,0.5448008379553396
0.006368249944718587,1.0,0.000158,0.1,0.0012333333333333332,0.0021619080871243634,3.9588135636776477e-05,0.3199623968944058
0.006368249944718587,1.0,0.0002,0.1,0.0005,0.0021619080871243634,3.9588135636776477e-05,0.12971448522746185
0.006368249944718587,1.0,0.000251,0.1,0.0002,0.0021619080871243634,3.9588135636776477e-05,0.05188579409098473
0.006368249944718587,1.0,0.000316,0.1,3.3333333333333335e-05,0.0021619080871243634,3.9588135636776477e-05,0.008647632348497455
0.006368249944718587,1.0,0.000398,0.1,3.3333333333333335e-05,0.0021619080871243634,3.9588135636776477e-05,0.008647632348497455
0.006368249944718587,1.0,0.000501,0.1,0.0,0.0021619080871243634,3.9588135636776477e-05,0.0
0.006368249944718587,1.0,0.000631,0.1,0.0,0.0021619080871243634,3.9588135636776477e-05,0.0
0.006368249944718587,1.0,0.000794,0.1,0.0,0.0021619080871243634,3.9588135636776477e-05,0.0
0.006368249944718587,1.0,0.001,0.1,0.0,0.0021619080871243634,3.9588135636776477e-05,0.0
0.006368249944718587,1.0,0.00126,0.1,0.0,0.0021619080871243634,3.9588135636776477e-05,0.0
0.006368249944718587,1.0,0.00158,0.1,0.0,0.0021619080871243634,3.9588135636776477e-05,0.0
0.006368249944718587,1.0,0.002,0.1,0.0,0.0021619080871243634,3.9588135636776477e-05,0.0
0.006368249944718587,1.0,0.00251,0.1,0.0,0.0021619080871243634,3.9588135636776477e-05,0.0
0.006368249944718587,1.0,0.00316,0.1,0.0,0.0021619080871243634,3.9588135636776477e-05,0.0
0.006368249944718587,1.0,0.00398,0.1,0.0,0.0021619080871243634,3.9588135636776477e-05,0.0
0.006368249944718587,1.0,0.00501,0.1,0.0,0.0021619080871243634,3.9588135636776477e-05,0.0
0.006368249944718587,1.0,0.00631,0.1,0.0,0.0021619080871243634,3.9588135636776477e-05,0.0
0.006669919663030122,1.0,3.16e-07,0.1,0.0,0.002371573362299209,4.34274558194325e-05,0.0
0.006669919663030122,1.0,3.98e-07,0.1,0.0,0.002371573362299209,4.34274558194325e-05,0.0
0.006669919663030122,1.0,5.01e-07,0.1,0.0,0.002371573362299209,4.34274558194325e-05,0.0
0.006669919663030122,1.0,6.31e-07,0.1,0.0,0.002371573362299209,4.34274558194325e-05,0.0
0.006669919663030122,1.0,7.94e-07,0.1,0.0,0.002371573362299209,4.34274558194325e-05,0.0
0.006669919663030122,1.0,1e-06,0.1,0.0,0.002371573362299209,4.34274558194325e-05,0.0
0.006669919663030122,1.0,1.26e-06,0.1,0.0,0.002371573362299209,4.34274558194325e-05,0.0
0.006669919663030122,1.0,1.58e-06,0.1,0.0,0.002371573362299209,4.34274558194325e-05,0.0
0.006669919663030122,1.0,2e-06,0.1,0.0,0.002371573362299209,4.34274558194325e-05,0.0
0.006669919663030122,1.0,2.51e-06,0.1,3.3333333333333335e-05,0.002371573362299209,4.34274558194325e-05,0.00948629344919684
0.006669919663030122,1.0,3.98e-06,0.1,0.0001,0.002371573362299209,4.34274558194325e-05,0.028458880347590518
0.006669919663030122,1.0,5.01e-06,0.1,6.666666666666667e-05,0.002371573362299209,4.34274558194325e-05,0.01897258689839368
0.006669919663030122,1.0,7.94e-06,0.1,6.666666666666667e-05,0.002371573362299209,4.34274558194325e-05,0.01897258689839368
0.006669919663030122,1.0,1e-05,0.1,6.666666666666667e-05,0.002371573362299209,4.34274558194325e-05,0.01897258689839368
0.006669919663030122,1.0,1.26e-05,0.1,0.00023333333333333333,0.002371573362299209,4.34274558194325e-05,0.06640405414437786
0.006669919663030122,1.0,1.58e-05,0.1,0.0001,0.002371573362299209,4.34274558194325e-05,0.028458880347590518
0.006669919663030122,1.0,2.51e-05,0.1,0.0005,0.002371573362299209,4.34274558194325e-05,0.14229440173795257
0.006669919663030122,1.0,3.16e-05,0.1,0.0006,0.002371573362299209,4.34274558194325e-05,0.17075328208554308
0.006669919663030122,1.0,3.98e-05,0.1,0.0011,0.002371573362299209,4.34274558194325e-05,0.3130476838234957
0.006669919663030122,1.0,5.01e-05,0.1,0.0013333333333333333,0.002371573362299209,4.34274558194325e-05,0.37945173796787346
0.006669919663030122,1.0,6.31e-05,0.1,0.0018666666666666666,0.002371573362299209,4.34274558194325e-05,0.5312324331550229
0.006669919663030122,1.0,7.94e-05,0.1,0.0018,0.002371573362299209,4.34274558194325e-05,0.5122598462566292
0.006669919663030122,1.0,0.0001,0.1,0.0017666666666666666,0.002371573362299209,4.34274558194325e-05,0.5027735528074324
0.006669919663030122,1.0,0.000126,0.1,0.0021,0.002371573362299209,4.34274558194325e-05,0.5976364872994008
0.006669919663030122,1.0,0.000158,0.1,0.0012333333333333332,0.002371573362299209,4.34274558194325e-05,0.350992857620283
0.006669919663030122,1.0,0.0002,0.1,0.0005,0.002371573362299209,4.34274558194325e-05,0.14229440173795257
0.006669919663030122,1.0,0.000251,0.1,0.0002,0.002371573362299209,4.34274558194325e-05,0.056917760695181036
0.006669919663030122,1.0,0.000316,0.1,3.3333333333333335e-05,0.002371573362299209,4.34274558194325e-05,0.00948629344919684
0.006669919663030122,1.0,0.000398,0.1,3.3333333333333335e-05,0.002371573362299209,4.34274558194325e-05,0.00948629344919684
0.006669919663030122,1.0,0.000501,0.1,0.0,0.002371573362299209,4.34274558194325e-05,0.0
0.006669919663030122,1.0,0.000631,0.1,0.0,0.002371573362299209,4.34274558194325e-05,0.0
0.006669919663030122,1.0,0.000794,0.1,0.0,0.002371573362299209,4.34274558194325e-05,0.0
0.006669919663030122,1.0,0.001,0.1,0.0,0.002371573362299209,4.34274558194325e-05,0.0
0.006669919663030122,1.0,0.00126,0.1,0.0,0.002371573362299209,4.34274558194325e-05,0.0
0.006669919663030122,1.0,0.00158,0.1,0.0,0.002371573362299209,4.34274558194325e-05,0.0
0.006669919663030122,1.0,0.002,0.1,0.0,0.002371573362299209,4.34274558194325e-05,0.0
0.006669919663030122,1.0,0.00251,0.1,0.0,0.002371573362299209,4.34274558194325e-05,0.0
0.006669919663030122,1.0,0.00316,0.1,0.0,0.002371573362299209,4.34274558194325e-05,0.0
0.006669919663030122,1.0,0.00398,0.1,0.0,0.002371573362299209,4.34274558194325e-05,0.0
0.006669919663030122,1.0,0.00501,0.1,0.0,0.002371573362299209,4.34274558194325e-05,0.0
0.006669919663030122,1.0,0.00631,0.1,0.0,0.002371573362299209,4.34274558194325e-05,0.0
0.0069858797467852495,1.0,3.16e-07,0.1,0.0,0.0026015713396831024,4.763910162393522e-05,0.0
0.0069858797467852495,1.0,3.98e-07,0.1,0.0,0.0026015713396831024,4.763910162393522e-05,0.0
0.0069858797467852495,1.0,5.01e-07,0.1,0.0,0.0026015713396831024,4.763910162393522e-05,0.0
0.0069858797467852495,1.0,6.31e-07,0.1,0.0,0.0026015713396831024,4.763910162393522e-05,0.0
0.0069858797467852495,1.0,7.94e-07,0.1,0.0,0.0026015713396831024,4.763910162393522e-05,0.0
0.0069858797467852495,1.0,1e-06,0.1,0.0,0.0026015713396831024,4.763910162393522e-05,0.0
0.0069858797467852495,1.0,1.26e-06,0.1,0.0,0.0026015713396831024,4.763910162393522e-05,0.0
0.0069858797467852495,1.0,1.58e-06,0.1,0.0,0.0026015713396831024,4.763910162393522e-05,0.0
0.0069858797467852495,1.0,2e-06,0.1,0.0,0.0026015713396831024,4.763910162393522e-05,0.0
0.0069858797467852495,1.0,2.51e-06,0.1,3.3333333333333335e-05,0.0026015713396831024,4.763910162393522e-05,0.010406285358732411
0.0069858797467852495,1.0,3.98e-06,0.1,0.0001,0.0026015713396831024,4.763910162393522e-05,0.031218856076197232
0.0069858797467852495,1.0,5.01e-06,0.1,6.666666666666667e-05,0.0026015713396831024,4.763910162393522e-05,0.020812570717464823
0.0069858797467852495,1.0,7.94e-06,0.1,6.666666666666667e-05,0.0026015713396831024,4.763910162393522e-05,0.020812570717464823
0.0069858797467852495,1.0,1e-05,0.1,6.666666666666667e-05,0.0026015713396831024,4.763910162393522e-05,0.020812570717464823
0.0069858797467852495,1.0,1.26e-05,0.1,0.00023333333333333333,0.0026015713396831024,4.763910162393522e-05,0.07284399751112687
0.0069858797467852495,1.0,1.58e-05,0.1,0.0001,0.0026015713396831024,4.763910162393522e-05,0.031218856076197232
0.0069858797467852495,1.0,2.51e-05,0.1,0.0005,0.0026015713396831024,4.763910162393522e-05,0.15609428038098616
0.0069858797467852495,1.0,3.16e-05,0.1,0.0006,0.0026015713396831024,4.763910162393522e-05,0.1873131364571834
0.0069858797467852495,1.0,3.98e-05,0.1,0.0011,0.0026015713396831024,4.763910162393522e-05,0.34340741683816955
0.0069858797467852495,1.0,5.01e-05,0.1,0.0013333333333333333,0.0026015713396831024,4.763910162393522e-05,0.4162514143492964
0.0069858797467852495,1.0,6.31e-05,0.1,0.0018666666666666666,0.0026015713396831024,4.763910162393522e-05,0.582751980089015
0.0069858797467852495,1.0,7.94e-05,0.1,0.0018,0.0026015713396831024,4.763910162393522e-05,0.5619394093715501
0.0069858797467852495,1.0,0.0001,0.1,0.0017666666666666666,0.0026015713396831024,4.763910162393522e-05,0.5515331240128177
0.0069858797467852495,1.0,0.000126,0.1,0.0021,0.0026015713396831024,4.763910162393522e-05,0.6555959776001419
0.0069858797467852495,1.0,0.000158,0.1,0.0012333333333333332,0.0026015713396831024,4.763910162393522e-05,0.3850325582730992
0.0069858797467852495,1.0,0.0002,0.1,0.0005,0.0026015713396831024,4.763910162393522e-05,0.15609428038098616
0.0069858797467852495,1.0,0.000251,0.1,0.0002,0.0026015713396831024,4.763910162393522e-05,0.062437712152394464
0.0069858797467852495,1.0,0.000316,0.1,3.3333333333333335e-05,0.0026015713396831024,4.763910162393522e-05,0.010406285358732411
0.0069858797467852495,1.0,0.000398,0.1,3.3333333333333335e-05,0.0026015713396831024,4.763910162393522e-05,0.010406285358732411
0.0069858797467852495,1.0,0.000501,0.1,0.0,0.0026015713396831024,4.763910162393522e-05,0.0
0.0069858797467852495,1.0,0.000631,0.1,0.0,0.0026015713396831024,4.763910162393522e-05,0.0
0.0069858797467852495,1.0,0.000794,0.1,0.0,0.0026015713396831024,4.763910162393522e-05,0.0
0.0069858797467852495,1.0,0.001,0.1,0.0,0.0026015713396831024,4.763910162393522e-05,0.0
0.0069858797467852495,1.0,0.00126,0.1,0.0,0.0026015713396831024,4.763910162393522e-05,0.0
0.0069858797467852495,1.0,0.00158,0.1,0.0,0.0026015713396831024,4.763910162393522e-05,0.0
0.0069858797467852495,1.0,0.002,0.1,0.0,0.0026015713396831024,4.763910162393522e-05,0.0
0.0069858797467852495,1.0,0.00251,0.1,0.0,0.0026015713396831024,4.763910162393522e-05,0.0
0.0069858797467852495,1.0,0.00316,0.1,0.0,0.0026015713396831024,4.763910162393522e-05,0.0
0.0069858797467852495,1.0,0.00398,0.1,0.0,0.0026015713396831024,4.763910162393522e-05,0.0
0.0069858797467852495,1.0,0.00501,0.1,0.0,0.0026015713396831024,4.763910162393522e-05,0.0
0.0069858797467852495,1.0,0.00631,0.1,0.0,0.0026015713396831024,4.763910162393522e-05,0.0
0.007316807143427192,1.0,3.16e-07,0.1,0.0,0.0028538736260374396,5.225917645188499e-05,0.0
0.007316807143427192,1.0,3.98e-07,0.1,0.0,0.0028538736260374396,5.225917645188499e-05,0.0
0.007316807143427192,1.0,5.01e-07,0.1,0.0,0.0028538736260374396,5.225917645188499e-05,0.0
0.007316807143427192,1.0,6.31e-07,0.1,0.0,0.0028538736260374396,5.225917645188499e-05,0.0
0.007316807143427192,1.0,7.94e-07,0.1,0.0,0.0028538736260374396,5.225917645188499e-05,0.0
0.007316807143427192,1.0,1e-06,0.1,0.0,0.0028538736260374396,5.225917645188499e-05,0.0
0.007316807143427192,1.0,1.26e-06,0.1,0.0,0.0028538736260374396,5.225917645188499e-05,0.0
0.007316807143427192,1.0,1.58e-06,0.1,0.0,0.0028538736260374396,5.225917645188499e-05,0.0
0.007316807143427192,1.0,2e-06,0.1,0.0,0.0028538736260374396,5.225917645188499e-05,0.0
0.007316807143427192,1.0,2.51e-06,0.1,3.3333333333333335e-05,0.0028538736260374396,5.225917645188499e-05,0.01141549450414976
0.007316807143427192,1.0,3.98e-06,0.1,0.0001,0.0028538736260374396,5.225917645188499e-05,0.03424648351244928
0.007316807143427192,1.0,5.01e-06,0.1,6.666666666666667e-05,0.0028538736260374396,5.225917645188499e-05,0.02283098900829952
0.007316807143427192,1.0,7.94e-06,0.1,6.666666666666667e-05,0.0028538736260374396,5.225917645188499e-05,0.02283098900829952
0.007316807143427192,1.0,1e-05,0.1,6.666666666666667e-05,0.0028538736260374396,5.225917645188499e-05,0.02283098900829952
0.007316807143427192,1.0,1.26e-05,0.1,0.00023333333333333333,0.0028538736260374396,5.225917645188499e-05,0.07990846152904832
0.007316807143427192,1.0,1.58e-05,0.1,0.0001,0.0028538736260374396,5.225917645188499e-05,0.03424648351244928
0.007316807143427192,1.0,2.51e-05,0.1,0.0005,0.0028538736260374396,5.225917645188499e-05,0.1712324175622464
0.007316807143427192,1.0,3.16e-05,0.1,0.0006,0.0028538736260374396,5.225917645188499e-05,0.20547890107469563
0.007316807143427192,1.0,3.98e-05,0.1,0.0011,0.0028538736260374396,5.225917645188499e-05,0.37671131863694207
0.007316807143427192,1.0,5.01e-05,0.1,0.0013333333333333333,0.0028538736260374396,5.225917645188499e-05,0.45661978016599036
0.007316807143427192,1.0,6.31e-05,0.1,0.0018666666666666666,0.0028538736260374396,5.225917645188499e-05,0.6392676922323866
0.007316807143427192,1.0,7.94e-05,0.1,0.0018,0.0028538736260374396,5.225917645188499e-05,0.6164367032240871
0.007316807143427192,1.0,0.0001,0.1,0.0017666666666666666,0.0028538736260374396,5.225917645188499e-05,0.6050212087199373
0.007316807143427192,1.0,0.000126,0.1,0.0021,0.0028538736260374396,5.225917645188499e-05,0.7191761537614347
0.007316807143427192,1.0,0.000158,0.1,0.0012333333333333332,0.0028538736260374396,5.225917645188499e-05,0.4223732966535411
0.007316807143427192,1.0,0.0002,0.1,0.0005,0.0028538736260374396,5.225917645188499e-05,0.1712324175622464
0.007316807143427192,1.0,0.000251,0.1,0.0002,0.0028538736260374396,5.225917645188499e-05,0.06849296702489856
0.007316807143427192,1.0,0.000316,0.1,3.3333333333333335e-05,0.0028538736260374396,5.225917645188499e-05,0.01141549450414976
0.007316807143427192,1.0,0.000398,0.1,3.3333333333333335e-05,0.0028538736260374396,5.225917645188499e-05,0.01141549450414976
0.007316807143427192,1.0,0.000501,0.1,0.0,0.0028538736260374396,5.225917645188499e-05,0.0
0.007316807143427192,1.0,0.000631,0.1,0.0,0.0028538736260374396,5.225917645188499e-05,0.0
0.007316807143427192,1.0,0.000794,0.1,0.0,0.0028538736260374396,5.225917645188499e-05,0.0
0.007316807143427192,1.0,0.001,0.1,0.0,0.0028538736260374396,5.225917645188499e-05,0.0
0.007316807143427192,1.0,0.00126,0.1,0.0,0.0028538736260374396,5.225917645188499e-05,0.0
0.007316807143427192,1.0,0.00158,0.1,0.0,0.0028538736260374396,5.225917645188499e-05,0.0
0.007316807143427192,1.0,0.002,0.1,0.0,0.0028538736260374396,5.225917645188499e-05,0.0
0.007316807143427192,1.0,0.00251,0.1,0.0,0.0028538736260374396,5.225917645188499e-05,0.0
0.007316807143427192,1.0,0.00316,0.1,0.0,0.0028538736260374396,5.225917645188499e-05,0.0
0.007316807143427192,1.0,0.00398,0.1,0.0,0.0028538736260374396,5.225917645188499e-05,0.0
0.007316807143427192,1.0,0.00501,0.1,0.0,0.0028538736260374396,5.225917645188499e-05,0.0
0.007316807143427192,1.0,0.00631,0.1,0.0,0.0028538736260374396,5.225917645188499e-05,0.0
0.007663410868007463,1.0,3.16e-07,0.1,0.0,0.0031306429693983874,5.732728381978369e-05,0.0
0.007663410868007463,1.0,3.98e-07,0.1,0.0,0.0031306429693983874,5.732728381978369e-05,0.0
0.007663410868007463,1.0,5.01e-07,0.1,0.0,0.0031306429693983874,5.732728381978369e-05,0.0
0.007663410868007463,1.0,6.31e-07,0.1,0.0,0.0031306429693983874,5.732728381978369e-05,0.0
0.007663410868007463,1.0,7.94e-07,0.1,0.0,0.0031306429693983874,5.732728381978369e-05,0.0
0.007663410868007463,1.0,1e-06,0.1,0.0,0.0031306429693983874,5.732728381978369e-05,0.0
0.007663410868007463,1.0,1.26e-06,0.1,0.0,0.0031306429693983874,5.732728381978369e-05,0.0
0.007663410868007463,1.0,1.58e-06,0.1,0.0,0.0031306429693983874,5.732728381978369e-05,0.0
0.007663410868007463,1.0,2e-06,0.1,0.0,0.0031306429693983874,5.732728381978369e-05,0.0
0.007663410868007463,1.0,2.51e-06,0.1,3.3333333333333335e-05,0.0031306429693983874,5.732728381978369e-05,0.012522571877593553
0.007663410868007463,1.0,3.98e-06,0.1,0.0001,0.0031306429693983874,5.732728381978369e-05,0.03756771563278066
0.007663410868007463,1.0,5.01e-06,0.1,6.666666666666667e-05,0.0031306429693983874,5.732728381978369e-05,0.025045143755187106
0.007663410868007463,1.0,7.94e-06,0.1,6.666666666666667e-05,0.0031306429693983874,5.732728381978369e-05,0.025045143755187106
0.007663410868007463,1.0,1e-05,0.1,6.666666666666667e-05,0.0031306429693983874,5.732728381978369e-05,0.025045143755187106
0.007663410868007463,1.0,1.26e-05,0.1,0.00023333333333333333,0.0031306429693983874,5.732728381978369e-05,0.08765800314315486
0.007663410868007463,1.0,1.58e-05,0.1,0.0001,0.0031306429693983874,5.732728381978369e-05,0.03756771563278066
0.007663410868007463,1.0,2.51e-05,0.1,0.0005,0.0031306429693983874,5.732728381978369e-05,0.18783857816390329
0.007663410868007463,1.0,3.16e-05,0.1,0.0006,0.0031306429693983874,5.732728381978369e-05,0.22540629379668392
0.007663410868007463,1.0,3.98e-05,0.1,0.0011,0.0031306429693983874,5.732728381978369e-05,0.41324487196058723
0.007663410868007463,1.0,5.01e-05,0.1,0.0013333333333333333,0.0031306429693983874,5.732728381978369e-05,0.5009028751037421
0.007663410868007463,1.0,6.31e-05,0.1,0.0018666666666666666,0.0031306429693983874,5.732728381978369e-05,0.7012640251452389
0.007663410868007463,1.0,7.94e-05,0.1,0.0018,0.0031306429693983874,5.732728381978369e-05,0.6762188813900518
0.007663410868007463,1.0,0.0001,0.1,0.0017666666666666666,0.0031306429693983874,5.732728381978369e-05,0.6636963095124583
0.007663410868007463,1.0,0.000126,0.1,0.0021,0.0031306429693983874,5.732728381978369e-05,0.7889220282883938
0.007663410868007463,1.0,0.000158,0.1,0.0012333333333333332,0.0031306429693983874,5.732728381978369e-05,0.46333515947096143
0.007663410868007463,1.0,0.0002,0.1,0.0005,0.0031306429693983874,5.732728381978369e-05,0.18783857816390329
0.007663410868007463,1.0,0.000251,0.1,0.0002,0.0031306429693983874,5.732728381978369e-05,0.07513543126556133
0.007663410868007463,1.0,0.000316,0.1,3.3333333333333335e-05,0.0031306429693983874,5.732728381978369e-05,0.012522571877593553
0.007663410868007463,1.0,0.000398,0.1,3.3333333333333335e-05,0.0031306429693983874,5.732728381978369e-05,0.012522571877593553
0.007663410868007463,1.0,0.000501,0.1,0.0,0.0031306429693983874,5.732728381978369e-05,0.0
0.007663410868007463,1.0,0.000631,0.1,0.0,0.0031306429693983874,5.732728381978369e-05,0.0
0.007663410868007463,1.0,0.000794,0.1,0.0,0.0031306429693983874,5.732728381978369e-05,0.0
0.007663410868007463,1.0,0.001,0.1,0.0,0.0031306429693983874,5.732728381978369e-05,0.0
0.007663410868007463,1.0,0.00126,0.1,0.0,0.0031306429693983874,5.732728381978369e-05,0.0
0.007663410868007463,1.0,0.00158,0.1,0.0,0.0031306429693983874,5.732728381978369e-05,0.0
0.007663410868007463,1.0,0.002,0.1,0.0,0.0031306429693983874,5.732728381978369e-05,0.0
0.007663410868007463,1.0,0.00251,0.1,0.0,0.0031306429693983874,5.732728381978369e-05,0.0
0.007663410868007463,1.0,0.00316,0.1,0.0,0.0031306429693983874,5.732728381978369e-05,0.0
0.007663410868007463,1.0,0.00398,0.1,0.0,0.0031306429693983874,5.732728381978369e-05,0.0
0.007663410868007463,1.0,0.00501,0.1,0.0,0.0031306429693983874,5.732728381978369e-05,0.0
0.007663410868007463,1.0,0.00631,0.1,0.0,0.0031306429693983874,5.732728381978369e-05,0.0
0.008026433522257174,1.0,3.16e-07,0.1,0.0,0.003434251781494045,6.288686653532403e-05,0.0
0.008026433522257174,1.0,3.98e-07,0.1,0.0,0.003434251781494045,6.288686653532403e-05,0.0
0.008026433522257174,1.0,5.01e-07,0.1,0.0,0.003434251781494045,6.288686653532403e-05,0.0
0.008026433522257174,1.0,6.31e-07,0.1,0.0,0.003434251781494045,6.288686653532403e-05,0.0
0.008026433522257174,1.0,7.94e-07,0.1,0.0,0.003434251781494045,6.288686653532403e-05,0.0
0.008026433522257174,1.0,1e-06,0.1,0.0,0.003434251781494045,6.288686653532403e-05,0.0
0.008026433522257174,1.0,1.26e-06,0.1,0.0,0.003434251781494045,6.288686653532403e-05,0.0
0.008026433522257174,1.0,1.58e-06,0.1,0.0,0.003434251781494045,6.288686653532403e-05,0.0
0.008026433522257174,1.0,2e-06,0.1,0.0,0.003434251781494045,6.288686653532403e-05,0.0
0.008026433522257174,1.0,2.51e-06,0.1,3.3333333333333335e-05,0.003434251781494045,6.288686653532403e-05,0.013737007125976183
0.008026433522257174,1.0,3.98e-06,0.1,0.0001,0.003434251781494045,6.288686653532403e-05,0.04121102137792855
0.008026433522257174,1.0,5.01e-06,0.1,6.666666666666667e-05,0.003434251781494045,6.288686653532403e-05,0.027474014251952367
0.008026433522257174,1.0,7.94e-06,0.1,6.666666666666667e-05,0.003434251781494045,6.288686653532403e-05,0.027474014251952367
0.008026433522257174,1.0,1e-05,0.1,6.666666666666667e-05,0.003434251781494045,6.288686653532403e-05,0.027474014251952367
0.008026433522257174,1.0,1.26e-05,0.1,0.00023333333333333333,0.003434251781494045,6.288686653532403e-05,0.09615904988183327
0.008026433522257174,1.0,1.58e-05,0.1,0.0001,0.003434251781494045,6.288686653532403e-05,0.04121102137792855
0.008026433522257174,1.0,2.51e-05,0.1,0.0005,0.003434251781494045,6.288686653532403e-05,0.20605510688964276
0.008026433522257174,1.0,3.16e-05,0.1,0.0006,0.003434251781494045,6.288686653532403e-05,0.24726612826757127
0.008026433522257174,1.0,3.98e-05,0.1,0.0011,0.003434251781494045,6.288686653532403e-05,0.453321235157214
0.008026433522257174,1.0,5.01e-05,0.1,0.0013333333333333333,0.003434251781494045,6.288686653532403e-05,0.5494802850390473
0.008026433522257174,1.0,6.31e-05,0.1,0.0018666666666666666,0.003434251781494045,6.288686653532403e-05,0.7692723990546662
0.008026433522257174,1.0,7.94e-05,0.1,0.0018,0.003434251781494045,6.288686653532403e-05,0.7417983848027139
0.008026433522257174,1.0,0.0001,0.1,0.0017666666666666666,0.003434251781494045,6.288686653532403e-05,0.7280613776767377
0.008026433522257174,1.0,0.000126,0.1,0.0021,0.003434251781494045,6.288686653532403e-05,0.8654314489364995
0.008026433522257174,1.0,0.000158,0.1,0.0012333333333333332,0.003434251781494045,6.288686653532403e-05,0.5082692636611187
0.008026433522257174,1.0,0.0002,0.1,0.0005,0.003434251781494045,6.288686653532403e-05,0.20605510688964276
0.008026433522257174,1.0,0.000251,0.1,0.0002,0.003434251781494045,6.288686653532403e-05,0.0824220427558571
0.008026433522257174,1.0,0.000316,0.1,3.3333333333333335e-05,0.003434251781494045,6.288686653532403e-05,0.013737007125976183
0.008026433522257174,1.0,0.000398,0.1,3.3333333333333335e-05,0.003434251781494045,6.288686653532403e-05,0.013737007125976183
0.008026433522257174,1.0,0.000501,0.1,0.0,0.003434251781494045,6.288686653532403e-05,0.0
0.008026433522257174,1.0,0.000631,0.1,0.0,0.003434251781494045,6.288686653532403e-05,0.0
0.008026433522257174,1.0,0.000794,0.1,0.0,0.003434251781494045,6.288686653532403e-05,0.0
0.008026433522257174,1.0,0.001,0.1,0.0,0.003434251781494045,6.288686653532403e-05,0.0
0.008026433522257174,1.0,0.00126,0.1,0.0,0.003434251781494045,6.288686653532403e-05,0.0
0.008026433522257174,1.0,0.00158,0.1,0.0,0.003434251781494045,6.288686653532403e-05,0.0
0.008026433522257174,1.0,0.002,0.1,0.0,0.003434251781494045,6.288686653532403e-05,0.0
0.008026433522257174,1.0,0.00251,0.1,0.0,0.003434251781494045,6.288686653532403e-05,0.0
0.008026433522257174,1.0,0.00316,0.1,0.0,0.003434251781494045,6.288686653532403e-05,0.0
0.008026433522257174,1.0,0.00398,0.1,0.0,0.003434251781494045,6.288686653532403e-05,0.0
0.008026433522257174,1.0,0.00501,0.1,0.0,0.003434251781494045,6.288686653532403e-05,0.0
0.008026433522257174,1.0,0.00631,0.1,0.0,0.003434251781494045,6.288686653532403e-05,0.0
0.008406652885618326,1.0,3.16e-07,0.1,0.0,0.0037673024534071444,6.898557871098964e-05,0.0
0.008406652885618326,1.0,3.98e-07,0.1,0.0,0.0037673024534071444,6.898557871098964e-05,0.0
0.008406652885618326,1.0,5.01e-07,0.1,0.0,0.0037673024534071444,6.898557871098964e-05,0.0
0.008406652885618326,1.0,6.31e-07,0.1,0.0,0.0037673024534071444,6.898557871098964e-05,0.0
0.008406652885618326,1.0,7.94e-07,0.1,0.0,0.0037673024534071444,6.898557871098964e-05,0.0
0.008406652885618326,1.0,1e-06,0.1,0.0,0.0037673024534071444,6.898557871098964e-05,0.0
0.008406652885618326,1.0,1.26e-06,0.1,0.0,0.0037673024534071444,6.898557871098964e-05,0.0
0.008406652885618326,1.0,1.58e-06,0.1,0.0,0.0037673024534071444,6.898557871098964e-05,0.0
0.008406652885618326,1.0,2e-06,0.1,0.0,0.0037673024534071444,6.898557871098964e-05,0.0
0.008406652885618326,1.0,2.51e-06,0.1,3.3333333333333335e-05,0.0037673024534071444,6.898557871098964e-05,0.015069209813628581
0.008406652885618326,1.0,3.98e-06,0.1,0.0001,0.0037673024534071444,6.898557871098964e-05,0.045207629440885744
0.008406652885618326,1.0,5.01e-06,0.1,6.666666666666667e-05,0.0037673024534071444,6.898557871098964e-05,0.030138419627257163
0.008406652885618326,1.0,7.94e-06,0.1,6.666666666666667e-05,0.0037673024534071444,6.898557871098964e-05,0.030138419627257163
0.008406652885618326,1.0,1e-05,0.1,6.666666666666667e-05,0.0037673024534071444,6.898557871098964e-05,0.030138419627257163
0.008406652885618326,1.0,1.26e-05,0.1,0.00023333333333333333,0.0037673024534071444,6.898557871098964e-05,0.10548446869540005
0.008406652885618326,1.0,1.58e-05,0.1,0.0001,0.0037673024534071444,6.898557871098964e-05,0.045207629440885744
0.008406652885618326,1.0,2.51e-05,0.1,0.0005,0.0037673024534071444,6.898557871098964e-05,0.22603814720442872
0.008406652885618326,1.0,3.16e-05,0.1,0.0006,0.0037673024534071444,6.898557871098964e-05,0.2712457766453144
0.008406652885618326,1.0,3.98e-05,0.1,0.0011,0.0037673024534071444,6.898557871098964e-05,0.49728392384974324
0.008406652885618326,1.0,5.01e-05,0.1,0.0013333333333333333,0.0037673024534071444,6.898557871098964e-05,0.6027683925451433
0.008406652885618326,1.0,6.31e-05,0.1,0.0018666666666666666,0.0037673024534071444,6.898557871098964e-05,0.8438757495632004
0.008406652885618326,1.0,7.94e-05,0.1,0.0018,0.0037673024534071444,6.898557871098964e-05,0.8137373299359434
0.008406652885618326,1.0,0.0001,0.1,0.0017666666666666666,0.0037673024534071444,6.898557871098964e-05,0.7986681201223148
0.008406652885618326,1.0,0.000126,0.1,0.0021,0.0037673024534071444,6.898557871098964e-05,0.9493602182586005
0.008406652885618326,1.0,0.000158,0.1,0.0012333333333333332,0.0037673024534071444,6.898557871098964e-05,0.5575607631042575
0.008406652885618326,1.0,0.0002,0.1,0.0005,0.0037673024534071444,6.898557871098964e-05,0.22603814720442872
0.008406652885618326,1.0,0.000251,0.1,0.0002,0.0037673024534071444,6.898557871098964e-05,0.09041525888177149
0.008406652885618326,1.0,0.000316,0.1,3.3333333333333335e-05,0.0037673024534071444,6.898557871098964e-05,0.015069209813628581
0.008406652885618326,1.0,0.000398,0.1,3.3333333333333335e-05,0.0037673024534071444,6.898557871098964e-05,0.015069209813628581
0.008406652885618326,1.0,0.000501,0.1,0.0,0.0037673024534071444,6.898557871098964e-05,0.0
0.008406652885618326,1.0,0.000631,0.1,0.0,0.0037673024534071444,6.898557871098964e-05,0.0
0.008406652885618326,1.0,0.000794,0.1,0.0,0.0037673024534071444,6.898557871098964e-05,0.0
0.008406652885618326,1.0,0.001,0.1,0.0,0.0037673024534071444,6.898557871098964e-05,0.0
0.008406652885618326,1.0,0.00126,0.1,0.0,0.0037673024534071444,6.898557871098964e-05,0.0
0.008406652885618326,1.0,0.00158,0.1,0.0,0.0037673024534071444,6.898557871098964e-05,0.0
0.008406652885618326,1.0,0.002,0.1,0.0,0.0037673024534071444,6.898557871098964e-05,0.0
0.008406652885618326,1.0,0.00251,0.1,0.0,0.0037673024534071444,6.898557871098964e-05,0.0
0.008406652885618326,1.0,0.00316,0.1,0.0,0.0037673024534071444,6.898557871098964e-05,0.0
0.008406652885618326,1.0,0.00398,0.1,0.0,0.0037673024534071444,6.898557871098964e-05,0.0
0.008406652885618326,1.0,0.00501,0.1,0.0,0.0037673024534071444,6.898557871098964e-05,0.0
0.008406652885618326,1.0,0.00631,0.1,0.0,0.0037673024534071444,6.898557871098964e-05,0.0
0.008804883581643464,1.0,3.16e-07,0.1,0.0,0.004132649637758689,7.567569378792693e-05,0.0
0.008804883581643464,1.0,3.98e-07,0.1,0.0,0.004132649637758689,7.567569378792693e-05,0.0
0.008804883581643464,1.0,5.01e-07,0.1,0.0,0.004132649637758689,7.567569378792693e-05,0.0
0.008804883581643464,1.0,6.31e-07,0.1,0.0,0.004132649637758689,7.567569378792693e-05,0.0
0.008804883581643464,1.0,7.94e-07,0.1,0.0,0.004132649637758689,7.567569378792693e-05,0.0
0.008804883581643464,1.0,1e-06,0.1,0.0,0.004132649637758689,7.567569378792693e-05,0.0
0.008804883581643464,1.0,1.26e-06,0.1,0.0,0.004132649637758689,7.567569378792693e-05,0.0
0.008804883581643464,1.0,1.58e-06,0.1,0.0,0.004132649637758689,7.567569378792693e-05,0.0
0.008804883581643464,1.0,2e-06,0.1,0.0,0.004132649637758689,7.567569378792693e-05,0.0
0.008804883581643464,1.0,2.51e-06,0.1,3.3333333333333335e-05,0.004132649637758689,7.567569378792693e-05,0.01653059855103476
0.008804883581643464,1.0,3.98e-06,0.1,0.0001,0.004132649637758689,7.567569378792693e-05,0.04959179565310428
0.008804883581643464,1.0,5.01e-06,0.1,6.666666666666667e-05,0.004132649637758689,7.567569378792693e-05,0.03306119710206952
0.008804883581643464,1.0,7.94e-06,0.1,6.666666666666667e-05,0.004132649637758689,7.567569378792693e-05,0.03306119710206952
0.008804883581643464,1.0,1e-05,0.1,6.666666666666667e-05,0.004132649637758689,7.567569378792693e-05,0.03306119710206952
0.008804883581643464,1.0,1.26e-05,0.1,0.00023333333333333333,0.004132649637758689,7.567569378792693e-05,0.11571418985724331
0.008804883581643464,1.0,1.58e-05,0.1,0.0001,0.004132649637758689,7.567569378792693e-05,0.04959179565310428
0.008804883581643464,1.0,2.51e-05,0.1,0.0005,0.004132649637758689,7.567569378792693e-05,0.24795897826552138
0.008804883581643464,1.0,3.16e-05,0.1,0.0006,0.004132649637758689,7.567569378792693e-05,0.2975507739186256
0.008804883581643464,1.0,3.98e-05,0.1,0.0011,0.004132649637758689,7.567569378792693e-05,0.545509752184147
0.008804883581643464,1.0,5.01e-05,0.1,0.0013333333333333333,0.004132649637758689,7.567569378792693e-05,0.6612239420413903
0.008804883581643464,1.0,6.31e-05,0.1,0.0018666666666666666,0.004132649637758689,7.567569378792693e-05,0.9257135188579465
0.008804883581643464,1.0,7.94e-05,0.1,0.0018,0.004132649637758689,7.567569378792693e-05,0.8926523217558769
0.008804883581643464,1.0,0.0001,0.1,0.0017666666666666666,0.004132649637758689,7.567569378792693e-05,0.8761217232048422
0.008804883581643464,1.0,0.000126,0.1,0.0021,0.004132649637758689,7.567569378792693e-05,1.0414277087151897
0.008804883581643464,1.0,0.000158,0.1,0.0012333333333333332,0.004132649637758689,7.567569378792693e-05,0.6116321463882861
0.008804883581643464,1.0,0.0002,0.1,0.0005,0.004132649637758689,7.567569378792693e-05,0.24795897826552138
0.008804883581643464,1.0,0.000251,0.1,0.0002,0.004132649637758689,7.567569378792693e-05,0.09918359130620856
0.008804883581643464,1.0,0.000316,0.1,3.3333333333333335e-05,0.004132649637758689,7.567569378792693e-05,0.01653059855103476
0.008804883581643464,1.0,0.000398,0.1,3.3333333333333335e-05,0.004132649637758689,7.567569378792693e-05,0.01653059855103476
0.008804883581643464,1.0,0.000501,0.1,0.0,0.004132649637758689,7.567569378792693e-05,0.0
0.008804883581643464,1.0,0.000631,0.1,0.0,0.004132649637758689,7.567569378792693e-05,0.0
0.008804883581643464,1.0,0.000794,0.1,0.0,0.004132649637758689,7.567569378792693e-05,0.0
0.008804883581643464,1.0,0.001,0.1,0.0,0.004132649637758689,7.567569378792693e-05,0.0
0.008804883581643464,1.0,0.00126,0.1,0.0,0.004132649637758689,7.567569378792693e-05,0.0
0.008804883581643464,1.0,0.00158,0.1,0.0,0.004132649637758689,7.567569378792693e-05,0.0
0.008804883581643464,1.0,0.002,0.1,0.0,0.004132649637758689,7.567569378792693e-05,0.0
0.008804883581643464,1.0,0.00251,0.1,0.0,0.004132649637758689,7.567569378792693e-05,0.0
0.008804883581643464,1.0,0.00316,0.1,0.0,0.004132649637758689,7.567569378792693e-05,0.0
0.008804883581643464,1.0,0.00398,0.1,0.0,0.004132649637758689,7.567569378792693e-05,0.0
0.008804883581643464,1.0,0.00501,0.1,0.0,0.004132649637758689,7.567569378792693e-05,0.0
0.008804883581643464,1.0,0.00631,0.1,0.0,0.004132649637758689,7.567569378792693e-05,0.0
0.009221978823334321,1.0,3.16e-07,0.1,0.0,0.004533424687363028,8.301455204839823e-05,0.0
0.009221978823334321,1.0,3.98e-07,0.1,0.0,0.004533424687363028,8.301455204839823e-05,0.0
0.009221978823334321,1.0,5.01e-07,0.1,0.0,0.004533424687363028,8.301455204839823e-05,0.0
0.009221978823334321,1.0,6.31e-07,0.1,0.0,0.004533424687363028,8.301455204839823e-05,0.0
0.009221978823334321,1.0,7.94e-07,0.1,0.0,0.004533424687363028,8.301455204839823e-05,0.0
0.009221978823334321,1.0,1e-06,0.1,0.0,0.004533424687363028,8.301455204839823e-05,0.0
0.009221978823334321,1.0,1.26e-06,0.1,0.0,0.004533424687363028,8.301455204839823e-05,0.0
0.009221978823334321,1.0,1.58e-06,0.1,0.0,0.004533424687363028,8.301455204839823e-05,0.0
0.009221978823334321,1.0,2e-06,0.1,0.0,0.004533424687363028,8.301455204839823e-05,0.0
0.009221978823334321,1.0,2.51e-06,0.1,3.3333333333333335e-05,0.004533424687363028,8.301455204839823e-05,0.01813369874945211
0.009221978823334321,1.0,3.98e-06,0.1,0.0001,0.004533424687363028,8.301455204839823e-05,0.054401096248356345
0.009221978823334321,1.0,5.01e-06,0.1,6.666666666666667e-05,0.004533424687363028,8.301455204839823e-05,0.03626739749890422
0.009221978823334321,1.0,7.94e-06,0.1,6.666666666666667e-05,0.004533424687363028,8.301455204839823e-05,0.03626739749890422
0.009221978823334321,1.0,1e-05,0.1,6.666666666666667e-05,0.004533424687363028,8.301455204839823e-05,0.03626739749890422
0.009221978823334321,1.0,1.26e-05,0.1,0.00023333333333333333,0.004533424687363028,8.301455204839823e-05,0.12693589124616478
0.009221978823334321,1.0,1.58e-05,0.1,0.0001,0.004533424687363028,8.301455204839823e-05,0.054401096248356345
0.009221978823334321,1.0,2.51e-05,0.1,0.0005,0.004533424687363028,8.301455204839823e-05,0.2720054812417817
0.009221978823334321,1.0,3.16e-05,0.1,0.0006,0.004533424687363028,8.301455204839823e-05,0.326406577490138
0.009221978823334321,1.0,3.98e-05,0.1,0.0011,0.004533424687363028,8.301455204839823e-05,0.5984120587319197
0.009221978823334321,1.0,5.01e-05,0.1,0.0013333333333333333,0.004533424687363028,8.301455204839823e-05,0.7253479499780845
0.009221978823334321,1.0,6.31e-05,0.1,0.0018666666666666666,0.004533424687363028,8.301455204839823e-05,1.0154871299693182
0.009221978823334321,1.0,7.94e-05,0.1,0.0018,0.004533424687363028,8.301455204839823e-05,0.9792197324704142
0.009221978823334321,1.0,0.0001,0.1,0.0017666666666666666,0.004533424687363028,8.301455204839823e-05,0.9610860337209619
0.009221978823334321,1.0,0.000126,0.1,0.0021,0.004533424687363028,8.301455204839823e-05,1.1424230212154831
0.009221978823334321,1.0,0.000158,0.1,0.0012333333333333332,0.004533424687363028,8.301455204839823e-05,0.6709468537297281
0.009221978823334321,1.0,0.0002,0.1,0.0005,0.004533424687363028,8.301455204839823e-05,0.2720054812417817
0.009221978823334321,1.0,0.000251,0.1,0.0002,0.004533424687363028,8.301455204839823e-05,0.10880219249671269
0.009221978823334321,1.0,0.000316,0.1,3.3333333333333335e-05,0.004533424687363028,8.301455204839823e-05,0.01813369874945211
0.009221978823334321,1.0,0.000398,0.1,3.3333333333333335e-05,0.004533424687363028,8.301455204839823e-05,0.01813369874945211
0.009221978823334321,1.0,0.000501,0.1,0.0,0.004533424687363028,8.301455204839823e-05,0.0
0.009221978823334321,1.0,0.000631,0.1,0.0,0.004533424687363028,8.301455204839823e-05,0.0
0.009221978823334321,1.0,0.000794,0.1,0.0,0.004533424687363028,8.301455204839823e-05,0.0
0.009221978823334321,1.0,0.001,0.1,0.0,0.004533424687363028,8.301455204839823e-05,0.0
0.009221978823334321,1.0,0.00126,0.1,0.0,0.004533424687363028,8.301455204839823e-05,0.0
0.009221978823334321,1.0,0.00158,0.1,0.0,0.004533424687363028,8.301455204839823e-05,0.0
0.009221978823334321,1.0,0.002,0.1,0.0,0.004533424687363028,8.301455204839823e-05,0.0
0.009221978823334321,1.0,0.00251,0.1,0.0,0.004533424687363028,8.301455204839823e-05,0.0
0.009221978823334321,1.0,0.00316,0.1,0.0,0.004533424687363028,8.301455204839823e-05,0.0
0.009221978823334321,1.0,0.00398,0.1,0.0,0.004533424687363028,8.301455204839823e-05,0.0
0.009221978823334321,1.0,0.00501,0.1,0.0,0.004533424687363028,8.301455204839823e-05,0.0
0.009221978823334321,1.0,0.00631,0.1,0.0,0.004533424687363028,8.301455204839823e-05,0.0
0.009658832241158708,1.0,3.16e-07,0.1,0.0,0.004973062458569547,9.106505142958337e-05,0.0
0.009658832241158708,1.0,3.98e-07,0.1,0.0,0.004973062458569547,9.106505142958337e-05,0.0
0.009658832241158708,1.0,5.01e-07,0.1,0.0,0.004973062458569547,9.106505142958337e-05,0.0
0.009658832241158708,1.0,6.31e-07,0.1,0.0,0.004973062458569547,9.106505142958337e-05,0.0
0.009658832241158708,1.0,7.94e-07,0.1,0.0,0.004973062458569547,9.106505142958337e-05,0.0
0.009658832241158708,1.0,1e-06,0.1,0.0,0.004973062458569547,9.106505142958337e-05,0.0
0.009658832241158708,1.0,1.26e-06,0.1,0.0,0.004973062458569547,9.106505142958337e-05,0.0
0.009658832241158708,1.0,1.58e-06,0.1,0.0,0.004973062458569547,9.106505142958337e-05,0.0
0.009658832241158708,1.0,2e-06,0.1,0.0,0.004973062458569547,9.106505142958337e-05,0.0
0.009658832241158708,1.0,2.51e-06,0.1,3.3333333333333335e-05,0.004973062458569547,9.106505142958337e-05,0.019892249834278192
0.009658832241158708,1.0,3.98e-06,0.1,0.0001,0.004973062458569547,9.106505142958337e-05,0.05967674950283458
0.009658832241158708,1.0,5.01e-06,0.1,6.666666666666667e-05,0.004973062458569547,9.106505142958337e-05,0.039784499668556385
0.009658832241158708,1.0,7.94e-06,0.1,6.666666666666667e-05,0.004973062458569547,9.106505142958337e-05,0.039784499668556385
0.009658832241158708,1.0,1e-05,0.1,6.666666666666667e-05,0.004973062458569547,9.106505142958337e-05,0.039784499668556385
0.009658832241158708,1.0,1.26e-05,0.1,0.00023333333333333333,0.004973062458569547,9.106505142958337e-05,0.13924574883994734
0.009658832241158708,1.0,1.58e-05,0.1,0.0001,0.004973062458569547,9.106505142958337e-05,0.05967674950283458
0.009658832241158708,1.0,2.51e-05,0.1,0.0005,0.004973062458569547,9.106505142958337e-05,0.2983837475141729
0.009658832241158708,1.0,3.16e-05,0.1,0.0006,0.004973062458569547,9.106505142958337e-05,0.35806049701700743
0.009658832241158708,1.0,3.98e-05,0.1,0.0011,0.004973062458569547,9.106505142958337e-05,0.6564442445311803
0.009658832241158708,1.0,5.01e-05,0.1,0.0013333333333333333,0.004973062458569547,9.106505142958337e-05,0.7956899933711277
0.009658832241158708,1.0,6.31e-05,0.1,0.0018666666666666666,0.004973062458569547,9.106505142958337e-05,1.1139659907195787
0.009658832241158708,1.0,7.94e-05,0.1,0.0018,0.004973062458569547,9.106505142958337e-05,1.0741814910510223
0.009658832241158708,1.0,0.0001,0.1,0.0017666666666666666,0.004973062458569547,9.106505142958337e-05,1.0542892412167442
0.009658832241158708,1.0,0.000126,0.1,0.0021,0.004973062458569547,9.106505142958337e-05,1.253211739559526
0.009658832241158708,1.0,0.000158,0.1,0.0012333333333333332,0.004973062458569547,9.106505142958337e-05,0.736013243868293
0.009658832241158708,1.0,0.0002,0.1,0.0005,0.004973062458569547,9.106505142958337e-05,0.2983837475141729
0.009658832241158708,1.0,0.000251,0.1,0.0002,0.004973062458569547,9.106505142958337e-05,0.11935349900566916
0.009658832241158708,1.0,0.000316,0.1,3.3333333333333335e-05,0.004973062458569547,9.106505142958337e-05,0.019892249834278192
0.009658832241158708,1.0,0.000398,0.1,3.3333333333333335e-05,0.004973062458569547,9.106505142958337e-05,0.019892249834278192
0.009658832241158708,1.0,0.000501,0.1,0.0,0.004973062458569547,9.106505142958337e-05,0.0
0.009658832241158708,1.0,0.000631,0.1,0.0,0.004973062458569547,9.106505142958337e-05,0.0
0.009658832241158708,1.0,0.000794,0.1,0.0,0.004973062458569547,9.106505142958337e-05,0.0
0.009658832241158708,1.0,0.001,0.1,0.0,0.004973062458569547,9.106505142958337e-05,0.0
0.009658832241158708,1.0,0.00126,0.1,0.0,0.004973062458569547,9.106505142958337e-05,0.0
0.009658832241158708,1.0,0.00158,0.1,0.0,0.004973062458569547,9.106505142958337e-05,0.0
0.009658832241158708,1.0,0.002,0.1,0.0,0.004973062458569547,9.106505142958337e-05,0.0
0.009658832241158708,1.0,0.00251,0.1,0.0,0.004973062458569547,9.106505142958337e-05,0.0
0.009658832241158708,1.0,0.00316,0.1,0.0,0.004973062458569547,9.106505142958337e-05,0.0
0.009658832241158708,1.0,0.00398,0.1,0.0,0.004973062458569547,9.106505142958337e-05,0.0
0.009658832241158708,1.0,0.00501,0.1,0.0,0.004973062458569547,9.106505142958337e-05,0.0
0.009658832241158708,1.0,0.00631,0.1,0.0,0.004973062458569547,9.106505142958337e-05,0.0
0.01011637979766207,1.0,3.16e-07,0.1,0.0,0.0054553307075108,9.989618581781359e-05,0.0
0.01011637979766207,1.0,3.98e-07,0.1,0.0,0.0054553307075108,9.989618581781359e-05,0.0
0.01011637979766207,1.0,5.01e-07,0.1,0.0,0.0054553307075108,9.989618581781359e-05,0.0
0.01011637979766207,1.0,6.31e-07,0.1,0.0,0.0054553307075108,9.989618581781359e-05,0.0
0.01011637979766207,1.0,7.94e-07,0.1,0.0,0.0054553307075108,9.989618581781359e-05,0.0
0.01011637979766207,1.0,1e-06,0.1,0.0,0.0054553307075108,9.989618581781359e-05,0.0
0.01011637979766207,1.0,1.26e-06,0.1,0.0,0.0054553307075108,9.989618581781359e-05,0.0
0.01011637979766207,1.0,1.58e-06,0.1,0.0,0.0054553307075108,9.989618581781359e-05,0.0
0.01011637979766207,1.0,2e-06,0.1,0.0,0.0054553307075108,9.989618581781359e-05,0.0
0.01011637979766207,1.0,2.51e-06,0.1,3.3333333333333335e-05,0.0054553307075108,9.989618581781359e-05,0.021821322830043205
0.01011637979766207,1.0,3.98e-06,0.1,0.0001,0.0054553307075108,9.989618581781359e-05,0.06546396849012961
0.01011637979766207,1.0,5.01e-06,0.1,6.666666666666667e-05,0.0054553307075108,9.989618581781359e-05,0.04364264566008641
0.01011637979766207,1.0,7.94e-06,0.1,6.666666666666667e-05,0.0054553307075108,9.989618581781359e-05,0.04364264566008641
0.01011637979766207,1.0,1e-05,0.1,6.666666666666667e-05,0.0054553307075108,9.989618581781359e-05,0.04364264566008641
0.01011637979766207,1.0,1.26e-05,0.1,0.00023333333333333333,0.0054553307075108,9.989618581781359e-05,0.15274925981030243
0.01011637979766207,1.0,1.58e-05,0.1,0.0001,0.0054553307075108,9.989618581781359e-05,0.06546396849012961
0.01011637979766207,1.0,2.51e-05,0.1,0.0005,0.0054553307075108,9.989618581781359e-05,0.32731984245064805
0.01011637979766207,1.0,3.16e-05,0.1,0.0006,0.0054553307075108,9.989618581781359e-05,0.39278381094077763
0.01011637979766207,1.0,3.98e-05,0.1,0.0011,0.0054553307075108,9.989618581781359e-05,0.7201036533914258
0.01011637979766207,1.0,5.01e-05,0.1,0.0013333333333333333,0.0054553307075108,9.989618581781359e-05,0.8728529132017281
0.01011637979766207,1.0,6.31e-05,0.1,0.0018666666666666666,0.0054553307075108,9.989618581781359e-05,1.2219940784824195
0.01011637979766207,1.0,7.94e-05,0.1,0.0018,0.0054553307075108,9.989618581781359e-05,1.178351432822333
0.01011637979766207,1.0,0.0001,0.1,0.0017666666666666666,0.0054553307075108,9.989618581781359e-05,1.1565301099922898
0.01011637979766207,1.0,0.000126,0.1,0.0021,0.0054553307075108,9.989618581781359e-05,1.3747433382927219
0.01011637979766207,1.0,0.000158,0.1,0.0012333333333333332,0.0054553307075108,9.989618581781359e-05,0.8073889447115985
0.01011637979766207,1.0,0.0002,0.1,0.0005,0.0054553307075108,9.989618581781359e-05,0.32731984245064805
0.01011637979766207,1.0,0.000251,0.1,0.0002,0.0054553307075108,9.989618581781359e-05,0.13092793698025923
0.01011637979766207,1.0,0.000316,0.1,3.3333333333333335e-05,0.0054553307075108,9.989618581781359e-05,0.021821322830043205
0.01011637979766207,1.0,0.000398,0.1,3.3333333333333335e-05,0.0054553307075108,9.989618581781359e-05,0.021821322830043205
0.01011637979766207,1.0,0.000501,0.1,0.0,0.0054553307075108,9.989618581781359e-05,0.0
0.01011637979766207,1.0,0.000631,0.1,0.0,0.0054553307075108,9.989618581781359e-05,0.0
0.01011637979766207,1.0,0.000794,0.1,0.0,0.0054553307075108,9.989618581781359e-05,0.0
0.01011637979766207,1.0,0.001,0.1,0.0,0.0054553307075108,9.989618581781359e-05,0.0
0.01011637979766207,1.0,0.00126,0.1,0.0,0.0054553307075108,9.989618581781359e-05,0.0
0.01011637979766207,1.0,0.00158,0.1,0.0,0.0054553307075108,9.989618581781359e-05,0.0
0.01011637979766207,1.0,0.002,0.1,0.0,0.0054553307075108,9.989618581781359e-05,0.0
0.01011637979766207,1.0,0.00251,0.1,0.0,0.0054553307075108,9.989618581781359e-05,0.0
0.01011637979766207,1.0,0.00316,0.1,0.0,0.0054553307075108,9.989618581781359e-05,0.0
0.01011637979766207,1.0,0.00398,0.1,0.0,0.0054553307075108,9.989618581781359e-05,0.0
0.01011637979766207,1.0,0.00501,0.1,0.0,0.0054553307075108,9.989618581781359e-05,0.0
0.01011637979766207,1.0,0.00631,0.1,0.0,0.0054553307075108,9.989618581781359e-05,0.0
0.010595601792776159,1.0,3.16e-07,0.1,0.0,0.005984362329383579,0.00010958363540347151,0.0
0.010595601792776159,1.0,3.98e-07,0.1,0.0,0.005984362329383579,0.00010958363540347151,0.0
0.010595601792776159,1.0,5.01e-07,0.1,0.0,0.005984362329383579,0.00010958363540347151,0.0
0.010595601792776159,1.0,6.31e-07,0.1,0.0,0.005984362329383579,0.00010958363540347151,0.0
0.010595601792776159,1.0,7.94e-07,0.1,0.0,0.005984362329383579,0.00010958363540347151,0.0
0.010595601792776159,1.0,1e-06,0.1,0.0,0.005984362329383579,0.00010958363540347151,0.0
0.010595601792776159,1.0,1.26e-06,0.1,0.0,0.005984362329383579,0.00010958363540347151,0.0
0.010595601792776159,1.0,1.58e-06,0.1,0.0,0.005984362329383579,0.00010958363540347151,0.0
0.010595601792776159,1.0,2e-06,0.1,0.0,0.005984362329383579,0.00010958363540347151,0.0
0.010595601792776159,1.0,2.51e-06,0.1,3.3333333333333335e-05,0.005984362329383579,0.00010958363540347151,0.023937449317534318
0.010595601792776159,1.0,3.98e-06,0.1,0.0001,0.005984362329383579,0.00010958363540347151,0.07181234795260294
0.010595601792776159,1.0,5.01e-06,0.1,6.666666666666667e-05,0.005984362329383579,0.00010958363540347151,0.047874898635068636
0.010595601792776159,1.0,7.94e-06,0.1,6.666666666666667e-05,0.005984362329383579,0.00010958363540347151,0.047874898635068636
0.010595601792776159,1.0,1e-05,0.1,6.666666666666667e-05,0.005984362329383579,0.00010958363540347151,0.047874898635068636
0.010595601792776159,1.0,1.26e-05,0.1,0.00023333333333333333,0.005984362329383579,0.00010958363540347151,0.1675621452227402
0.010595601792776159,1.0,1.58e-05,0.1,0.0001,0.005984362329383579,0.00010958363540347151,0.07181234795260294
0.010595601792776159,1.0,2.51e-05,0.1,0.0005,0.005984362329383579,0.00010958363540347151,0.3590617397630147
0.010595601792776159,1.0,3.16e-05,0.1,0.0006,0.005984362329383579,0.00010958363540347151,0.43087408771561764
0.010595601792776159,1.0,3.98e-05,0.1,0.0011,0.005984362329383579,0.00010958363540347151,0.7899358274786324
0.010595601792776159,1.0,5.01e-05,0.1,0.0013333333333333333,0.005984362329383579,0.00010958363540347151,0.9574979727013725
0.010595601792776159,1.0,6.31e-05,0.1,0.0018666666666666666,0.005984362329383579,0.00010958363540347151,1.3404971617819217
0.010595601792776159,1.0,7.94e-05,0.1,0.0018,0.005984362329383579,0.00010958363540347151,1.292622263146853
0.010595601792776159,1.0,0.0001,0.1,0.0017666666666666666,0.005984362329383579,0.00010958363540347151,1.2686848138293187
0.010595601792776159,1.0,0.000126,0.1,0.0021,0.005984362329383579,0.00010958363540347151,1.5080593070046617
0.010595601792776159,1.0,0.000158,0.1,0.0012333333333333332,0.005984362329383579,0.00010958363540347151,0.8856856247487696
0.010595601792776159,1.0,0.0002,0.1,0.0005,0.005984362329383579,0.00010958363540347151,0.3590617397630147
0.010595601792776159,1.0,0.000251,0.1,0.0002,0.005984362329383579,0.00010958363540347151,0.14362469590520588
0.010595601792776159,1.0,0.000316,0.1,3.3333333333333335e-05,0.005984362329383579,0.00010958363540347151,0.023937449317534318
0.010595601792776159,1.0,0.000398,0.1,3.3333333333333335e-05,0.005984362329383579,0.00010958363540347151,0.023937449317534318
0.010595601792776159,1.0,0.000501,0.1,0.0,0.005984362329383579,0.00010958363540347151,0.0
0.010595601792776159,1.0,0.000631,0.1,0.0,0.005984362329383579,0.00010958363540347151,0.0
0.010595601792776159,1.0,0.000794,0.1,0.0,0.005984362329383579,0.00010958363540347151,0.0
0.010595601792776159,1.0,0.001,0.1,0.0,0.005984362329383579,0.00010958363540347151,0.0
0.010595601792776159,1.0,0.00126,0.1,0.0,0.005984362329383579,0.00010958363540347151,0.0
0.010595601792776159,1.0,0.00158,0.1,0.0,0.005984362329383579,0.00010958363540347151,0.0
0.010595601792776159,1.0,0.002,0.1,0.0,0.005984362329383579,0.00010958363540347151,0.0
0.010595601792776159,1.0,0.00251,0.1,0.0,0.005984362329383579,0.00010958363540347151,0.0
0.010595601792776159,1.0,0.00316,0.1,0.0,0.005984362329383579,0.00010958363540347151,0.0
0.010595601792776159,1.0,0.00398,0.1,0.0,0.005984362329383579,0.00010958363540347151,0.0
0.010595601792776159,1.0,0.00501,0.1,0.0,0.005984362329383579,0.00010958363540347151,0.0
0.010595601792776159,1.0,0.00631,0.1,0.0,0.005984362329383579,0.00010958363540347151,0.0
0.011097524964120722,1.0,3.16e-07,0.1,0.0,0.006564690714873362,0.0001202104141159744,0.0
0.011097524964120722,1.0,3.98e-07,0.1,0.0,0.006564690714873362,0.0001202104141159744,0.0
0.011097524964120722,1.0,5.01e-07,0.1,0.0,0.006564690714873362,0.0001202104141159744,0.0
0.011097524964120722,1.0,6.31e-07,0.1,0.0,0.006564690714873362,0.0001202104141159744,0.0
0.011097524964120722,1.0,7.94e-07,0.1,0.0,0.006564690714873362,0.0001202104141159744,0.0
0.011097524964120722,1.0,1e-06,0.1,0.0,0.006564690714873362,0.0001202104141159744,0.0
0.011097524964120722,1.0,1.26e-06,0.1,0.0,0.006564690714873362,0.0001202104141159744,0.0
0.011097524964120722,1.0,1.58e-06,0.1,0.0,0.006564690714873362,0.0001202104141159744,0.0
0.011097524964120722,1.0,2e-06,0.1,0.0,0.006564690714873362,0.0001202104141159744,0.0
0.011097524964120722,1.0,2.51e-06,0.1,3.3333333333333335e-05,0.006564690714873362,0.0001202104141159744,0.026258762859493454
0.011097524964120722,1.0,3.98e-06,0.1,0.0001,0.006564690714873362,0.0001202104141159744,0.07877628857848035
0.011097524964120722,1.0,5.01e-06,0.1,6.666666666666667e-05,0.006564690714873362,0.0001202104141159744,0.05251752571898691
0.011097524964120722,1.0,7.94e-06,0.1,6.666666666666667e-05,0.006564690714873362,0.0001202104141159744,0.05251752571898691
0.011097524964120722,1.0,1e-05,0.1,6.666666666666667e-05,0.006564690714873362,0.0001202104141159744,0.05251752571898691
0.011097524964120722,1.0,1.26e-05,0.1,0.00023333333333333333,0.006564690714873362,0.0001202104141159744,0.18381134001645416
0.011097524964120722,1.0,1.58e-05,0.1,0.0001,0.006564690714873362,0.0001202104141159744,0.07877628857848035
0.011097524964120722,1.0,2.51e-05,0.1,0.0005,0.006564690714873362,0.0001202104141159744,0.3938814428924018
0.011097524964120722,1.0,3.16e-05,0.1,0.0006,0.006564690714873362,0.0001202104141159744,0.4726577314708821
0.011097524964120722,1.0,3.98e-05,0.1,0.0011,0.006564690714873362,0.0001202104141159744,0.8665391743632839
0.011097524964120722,1.0,5.01e-05,0.1,0.0013333333333333333,0.006564690714873362,0.0001202104141159744,1.0503505143797378
0.011097524964120722,1.0,6.31e-05,0.1,0.0018666666666666666,0.006564690714873362,0.0001202104141159744,1.4704907201316333
0.011097524964120722,1.0,7.94e-05,0.1,0.0018,0.006564690714873362,0.0001202104141159744,1.4179731944126461
0.011097524964120722,1.0,0.0001,0.1,0.0017666666666666666,0.006564690714873362,0.0001202104141159744,1.3917144315531527
0.011097524964120722,1.0,0.000126,0.1,0.0021,0.006564690714873362,0.0001202104141159744,1.6543020601480873
0.011097524964120722,1.0,0.000158,0.1,0.0012333333333333332,0.006564690714873362,0.0001202104141159744,0.9715742258012576
0.011097524964120722,1.0,0.0002,0.1,0.0005,0.006564690714873362,0.0001202104141159744,0.3938814428924018
0.011097524964120722,1.0,0.000251,0.1,0.0002,0.006564690714873362,0.0001202104141159744,0.1575525771569607
0.011097524964120722,1.0,0.000316,0.1,3.3333333333333335e-05,0.006564690714873362,0.0001202104141159744,0.026258762859493454
0.011097524964120722,1.0,0.000398,0.1,3.3333333333333335e-05,0.006564690714873362,0.0001202104141159744,0.026258762859493454
0.011097524964120722,1.0,0.000501,0.1,0.0,0.006564690714873362,0.0001202104141159744,0.0
0.011097524964120722,1.0,0.000631,0.1,0.0,0.006564690714873362,0.0001202104141159744,0.0
0.011097524964120722,1.0,0.000794,0.1,0.0,0.006564690714873362,0.0001202104141159744,0.0
0.011097524964120722,1.0,0.001,0.1,0.0,0.006564690714873362,0.0001202104141159744,0.0
0.011097524964120722,1.0,0.00126,0.1,0.0,0.006564690714873362,0.0001202104141159744,0.0
0.011097524964120722,1.0,0.00158,0.1,0.0,0.006564690714873362,0.0001202104141159744,0.0
0.011097524964120722,1.0,0.002,0.1,0.0,0.006564690714873362,0.0001202104141159744,0.0
0.011097524964120722,1.0,0.00251,0.1,0.0,0.006564690714873362,0.0001202104141159744,0.0
0.011097524964120722,1.0,0.00316,0.1,0.0,0.006564690714873362,0.0001202104141159744,0.0
0.011097524964120722,1.0,0.00398,0.1,0.0,0.006564690714873362,0.0001202104141159744,0.0
0.011097524964120722,1.0,0.00501,0.1,0.0,0.006564690714873362,0.0001202104141159744,0.0
0.011097524964120722,1.0,0.00631,0.1,0.0,0.006564690714873362,0.0001202104141159744,0.0
0.011623224686798524,1.0,3.16e-07,0.1,0.0,0.007201288524088469,0.00013186757963904906,0.0
0.011623224686798524,1.0,3.98e-07,0.1,0.0,0.007201288524088469,0.00013186757963904906,0.0
0.011623224686798524,1.0,5.01e-07,0.1,0.0,0.007201288524088469,0.00013186757963904906,0.0
0.011623224686798524,1.0,6.31e-07,0.1,0.0,0.007201288524088469,0.00013186757963904906,0.0
0.011623224686798524,1.0,7.94e-07,0.1,0.0,0.007201288524088469,0.00013186757963904906,0.0
0.011623224686798524,1.0,1e-06,0.1,0.0,0.007201288524088469,0.00013186757963904906,0.0
0.011623224686798524,1.0,1.26e-06,0.1,0.0,0.007201288524088469,0.00013186757963904906,0.0
0.011623224686798524,1.0,1.58e-06,0.1,0.0,0.007201288524088469,0.00013186757963904906,0.0
0.011623224686798524,1.0,2e-06,0.1,0.0,0.007201288524088469,0.00013186757963904906,0.0
0.011623224686798524,1.0,2.51e-06,0.1,3.3333333333333335e-05,0.007201288524088469,0.00013186757963904906,0.028805154096353883
0.011623224686798524,1.0,3.98e-06,0.1,0.0001,0.007201288524088469,0.00013186757963904906,0.08641546228906165
0.011623224686798524,1.0,5.01e-06,0.1,6.666666666666667e-05,0.007201288524088469,0.00013186757963904906,0.057610308192707765
0.011623224686798524,1.0,7.94e-06,0.1,6.666666666666667e-05,0.007201288524088469,0.00013186757963904906,0.057610308192707765
0.011623224686798524,1.0,1e-05,0.1,6.666666666666667e-05,0.007201288524088469,0.00013186757963904906,0.057610308192707765
0.011623224686798524,1.0,1.26e-05,0.1,0.00023333333333333333,0.007201288524088469,0.00013186757963904906,0.20163607867447714
0.011623224686798524,1.0,1.58e-05,0.1,0.0001,0.007201288524088469,0.00013186757963904906,0.08641546228906165
0.011623224686798524,1.0,2.51e-05,0.1,0.0005,0.007201288524088469,0.00013186757963904906,0.4320773114453082
0.011623224686798524,1.0,3.16e-05,0.1,0.0006,0.007201288524088469,0.00013186757963904906,0.5184927737343697
0.011623224686798524,1.0,3.98e-05,0.1,0.0011,0.007201288524088469,0.00013186757963904906,0.950570085179678
0.011623224686798524,1.0,5.01e-05,0.1,0.0013333333333333333,0.007201288524088469,0.00013186757963904906,1.1522061638541552
0.011623224686798524,1.0,6.31e-05,0.1,0.0018666666666666666,0.007201288524088469,0.00013186757963904906,1.613088629395817
0.011623224686798524,1.0,7.94e-05,0.1,0.0018,0.007201288524088469,0.00013186757963904906,1.5554783212031094
0.011623224686798524,1.0,0.0001,0.1,0.0017666666666666666,0.007201288524088469,0.00013186757963904906,1.5266731671067557
0.011623224686798524,1.0,0.000126,0.1,0.0021,0.007201288524088469,0.00013186757963904906,1.8147247080702944
0.011623224686798524,1.0,0.000158,0.1,0.0012333333333333332,0.007201288524088469,0.00013186757963904906,1.0657907015650936
0.011623224686798524,1.0,0.0002,0.1,0.0005,0.007201288524088469,0.00013186757963904906,0.4320773114453082
0.011623224686798524,1.0,0.000251,0.1,0.0002,0.007201288524088469,0.00013186757963904906,0.1728309245781233
0.011623224686798524,1.0,0.000316,0.1,3.3333333333333335e-05,0.007201288524088469,0.00013186757963904906,0.028805154096353883
0.011623224686798524,1.0,0.000398,0.1,3.3333333333333335e-05,0.007201288524088469,0.00013186757963904906,0.028805154096353883
0.011623224686798524,1.0,0.000501,0.1,0.0,0.007201288524088469,0.00013186757963904906,0.0
0.011623224686798524,1.0,0.000631,0.1,0.0,0.007201288524088469,0.00013186757963904906,0.0
0.011623224686798524,1.0,0.000794,0.1,0.0,0.007201288524088469,0.00013186757963904906,0.0
0.011623224686798524,1.0,0.001,0.1,0.0,0.007201288524088469,0.00013186757963904906,0.0
0.011623224686798524,1.0,0.00126,0.1,0.0,0.007201288524088469,0.00013186757963904906,0.0
0.011623224686798524,1.0,0.00158,0.1,0.0,0.007201288524088469,0.00013186757963904906,0.0
0.011623224686798524,1.0,0.002,0.1,0.0,0.007201288524088469,0.00013186757963904906,0.0
0.011623224686798524,1.0,0.00251,0.1,0.0,0.007201288524088469,0.00013186757963904906,0.0
0.011623224686798524,1.0,0.00316,0.1,0.0,0.007201288524088469,0.00013186757963904906,0.0
0.011623224686798524,1.0,0.00398,0.1,0.0,0.007201288524088469,0.00013186757963904906,0.0
0.011623224686798524,1.0,0.00501,0.1,0.0,0.007201288524088469,0.00013186757963904906,0.0
0.011623224686798524,1.0,0.00631,0.1,0.0,0.007201288524088469,0.00013186757963904906,0.0
0.012173827277396614,1.0,3.16e-07,0.1,0.0,0.007899610207104453,0.0001446550120326763,0.0
0.012173827277396614,1.0,3.98e-07,0.1,0.0,0.007899610207104453,0.0001446550120326763,0.0
0.012173827277396614,1.0,5.01e-07,0.1,0.0,0.007899610207104453,0.0001446550120326763,0.0
0.012173827277396614,1.0,6.31e-07,0.1,0.0,0.007899610207104453,0.0001446550120326763,0.0
0.012173827277396614,1.0,7.94e-07,0.1,0.0,0.007899610207104453,0.0001446550120326763,0.0
0.012173827277396614,1.0,1e-06,0.1,0.0,0.007899610207104453,0.0001446550120326763,0.0
0.012173827277396614,1.0,1.26e-06,0.1,0.0,0.007899610207104453,0.0001446550120326763,0.0
0.012173827277396614,1.0,1.58e-06,0.1,0.0,0.007899610207104453,0.0001446550120326763,0.0
0.012173827277396614,1.0,2e-06,0.1,0.0,0.007899610207104453,0.0001446550120326763,0.0
0.012173827277396614,1.0,2.51e-06,0.1,3.3333333333333335e-05,0.007899610207104453,0.0001446550120326763,0.03159844082841781
0.012173827277396614,1.0,3.98e-06,0.1,0.0001,0.007899610207104453,0.0001446550120326763,0.09479532248525345
0.012173827277396614,1.0,5.01e-06,0.1,6.666666666666667e-05,0.007899610207104453,0.0001446550120326763,0.06319688165683562
0.012173827277396614,1.0,7.94e-06,0.1,6.666666666666667e-05,0.007899610207104453,0.0001446550120326763,0.06319688165683562
0.012173827277396614,1.0,1e-05,0.1,6.666666666666667e-05,0.007899610207104453,0.0001446550120326763,0.06319688165683562
0.012173827277396614,1.0,1.26e-05,0.1,0.00023333333333333333,0.007899610207104453,0.0001446550120326763,0.22118908579892468
0.012173827277396614,1.0,1.58e-05,0.1,0.0001,0.007899610207104453,0.0001446550120326763,0.09479532248525345
0.012173827277396614,1.0,2.51e-05,0.1,0.0005,0.007899610207104453,0.0001446550120326763,0.4739766124262672
0.012173827277396614,1.0,3.16e-05,0.1,0.0006,0.007899610207104453,0.0001446550120326763,0.5687719349115206
0.012173827277396614,1.0,3.98e-05,0.1,0.0011,0.007899610207104453,0.0001446550120326763,1.0427485473377878
0.012173827277396614,1.0,5.01e-05,0.1,0.0013333333333333333,0.007899610207104453,0.0001446550120326763,1.2639376331367125
0.012173827277396614,1.0,6.31e-05,0.1,0.0018666666666666666,0.007899610207104453,0.0001446550120326763,1.7695126863913975
0.012173827277396614,1.0,7.94e-05,0.1,0.0018,0.007899610207104453,0.0001446550120326763,1.7063158047345617
0.012173827277396614,1.0,0.0001,0.1,0.0017666666666666666,0.007899610207104453,0.0001446550120326763,1.6747173639061441
0.012173827277396614,1.0,0.000126,0.1,0.0021,0.007899610207104453,0.0001446550120326763,1.990701772190322
0.012173827277396614,1.0,0.000158,0.1,0.0012333333333333332,0.007899610207104453,0.0001446550120326763,1.169142310651459
0.012173827277396614,1.0,0.0002,0.1,0.0005,0.007899610207104453,0.0001446550120326763,0.4739766124262672
0.012173827277396614,1.0,0.000251,0.1,0.0002,0.007899610207104453,0.0001446550120326763,0.1895906449705069
0.012173827277396614,1.0,0.000316,0.1,3.3333333333333335e-05,0.007899610207104453,0.0001446550120326763,0.03159844082841781
0.012173827277396614,1.0,0.000398,0.1,3.3333333333333335e-05,0.007899610207104453,0.0001446550120326763,0.03159844082841781
0.012173827277396614,1.0,0.000501,0.1,0.0,0.007899610207104453,0.0001446550120326763,0.0
0.012173827277396614,1.0,0.000631,0.1,0.0,0.007899610207104453,0.0001446550120326763,0.0
0.012173827277396614,1.0,0.000794,0.1,0.0,0.007899610207104453,0.0001446550120326763,0.0
0.012173827277396614,1.0,0.001,0.1,0.0,0.007899610207104453,0.0001446550120326763,0.0
0.012173827277396614,1.0,0.00126,0.1,0.0,0.007899610207104453,0.0001446550120326763,0.0
0.012173827277396614,1.0,0.00158,0.1,0.0,0.007899610207104453,0.0001446550120326763,0.0
0.012173827277396614,1.0,0.002,0.1,0.0,0.007899610207104453,0.0001446550120326763,0.0
0.012173827277396614,1.0,0.00251,0.1,0.0,0.007899610207104453,0.0001446550120326763,0.0
0.012173827277396614,1.0,0.00316,0.1,0.0,0.007899610207104453,0.0001446550120326763,0.0
0.012173827277396614,1.0,0.00398,0.1,0.0,0.007899610207104453,0.0001446550120326763,0.0
0.012173827277396614,1.0,0.00501,0.1,0.0,0.007899610207104453,0.0001446550120326763,0.0
0.012173827277396614,1.0,0.00631,0.1,0.0,0.007899610207104453,0.0001446550120326763,0.0
0.012750512407130135,1.0,3.16e-07,0.1,0.0,0.00866563863166017,0.00015868226756381927,0.0
0.012750512407130135,1.0,3.98e-07,0.1,0.0,0.00866563863166017,0.00015868226756381927,0.0
0.012750512407130135,1.0,5.01e-07,0.1,0.0,0.00866563863166017,0.00015868226756381927,0.0
0.012750512407130135,1.0,6.31e-07,0.1,0.0,0.00866563863166017,0.00015868226756381927,0.0
0.012750512407130135,1.0,7.94e-07,0.1,0.0,0.00866563863166017,0.00015868226756381927,0.0
0.012750512407130135,1.0,1e-06,0.1,0.0,0.00866563863166017,0.00015868226756381927,0.0
0.012750512407130135,1.0,1.26e-06,0.1,0.0,0.00866563863166017,0.00015868226756381927,0.0
0.012750512407130135,1.0,1.58e-06,0.1,0.0,0.00866563863166017,0.00015868226756381927,0.0
0.012750512407130135,1.0,2e-06,0.1,0.0,0.00866563863166017,0.00015868226756381927,0.0
0.012750512407130135,1.0,2.51e-06,0.1,3.3333333333333335e-05,0.00866563863166017,0.00015868226756381927,0.03466255452664068
0.012750512407130135,1.0,3.98e-06,0.1,0.0001,0.00866563863166017,0.00015868226756381927,0.10398766357992205
0.012750512407130135,1.0,5.01e-06,0.1,6.666666666666667e-05,0.00866563863166017,0.00015868226756381927,0.06932510905328136
0.012750512407130135,1.0,7.94e-06,0.1,6.666666666666667e-05,0.00866563863166017,0.00015868226756381927,0.06932510905328136
0.012750512407130135,1.0,1e-05,0.1,6.666666666666667e-05,0.00866563863166017,0.00015868226756381927,0.06932510905328136
0.012750512407130135,1.0,1.26e-05,0.1,0.00023333333333333333,0.00866563863166017,0.00015868226756381927,0.2426378816864848
0.012750512407130135,1.0,1.58e-05,0.1,0.0001,0.00866563863166017,0.00015868226756381927,0.10398766357992205
0.012750512407130135,1.0,2.51e-05,0.1,0.0005,0.00866563863166017,0.00015868226756381927,0.5199383178996103
0.012750512407130135,1.0,3.16e-05,0.1,0.0006,0.00866563863166017,0.00015868226756381927,0.6239259814795323
0.012750512407130135,1.0,3.98e-05,0.1,0.0011,0.00866563863166017,0.00015868226756381927,1.1438642993791426
0.012750512407130135,1.0,5.01e-05,0.1,0.0013333333333333333,0.00866563863166017,0.00015868226756381927,1.3865021810656273
0.012750512407130135,1.0,6.31e-05,0.1,0.0018666666666666666,0.00866563863166017,0.00015868226756381927,1.9411030534918785
0.012750512407130135,1.0,7.94e-05,0.1,0.0018,0.00866563863166017,0.00015868226756381927,1.871777944438597
0.012750512407130135,1.0,0.0001,0.1,0.0017666666666666666,0.00866563863166017,0.00015868226756381927,1.8371153899119563
0.012750512407130135,1.0,0.000126,0.1,0.0021,0.00866563863166017,0.00015868226756381927,2.183740935178363
0.012750512407130135,1.0,0.000158,0.1,0.0012333333333333332,0.00866563863166017,0.00015868226756381927,1.282514517485705
0.012750512407130135,1.0,0.0002,0.1,0.0005,0.00866563863166017,0.00015868226756381927,0.5199383178996103
0.012750512407130135,1.0,0.000251,0.1,0.0002,0.00866563863166017,0.00015868226756381927,0.2079753271598441
0.012750512407130135,1.0,0.000316,0.1,3.3333333333333335e-05,0.00866563863166017,0.00015868226756381927,0.03466255452664068
0.012750512407130135,1.0,0.000398,0.1,3.3333333333333335e-05,0.00866563863166017,0.00015868226756381927,0.03466255452664068
0.012750512407130135,1.0,0.000501,0.1,0.0,0.00866563863166017,0.00015868226756381927,0.0
0.012750512407130135,1.0,0.000631,0.1,0.0,0.00866563863166017,0.00015868226756381927,0.0
0.012750512407130135,1.0,0.000794,0.1,0.0,0.00866563863166017,0.00015868226756381927,0.0
0.012750512407130135,1.0,0.001,0.1,0.0,0.00866563863166017,0.00015868226756381927,0.0
0.012750512407130135,1.0,0.00126,0.1,0.0,0.00866563863166017,0.00015868226756381927,0.0
0.012750512407130135,1.0,0.00158,0.1,0.0,0.00866563863166017,0.00015868226756381927,0.0
0.012750512407130135,1.0,0.002,0.1,0.0,0.00866563863166017,0.00015868226756381927,0.0
0.012750512407130135,1.0,0.00251,0.1,0.0,0.00866563863166017,0.00015868226756381927,0.0
0.012750512407130135,1.0,0.00316,0.1,0.0,0.00866563863166017,0.00015868226756381927,0.0
0.012750512407130135,1.0,0.00398,0.1,0.0,0.00866563863166017,0.00015868226756381927,0.0
0.012750512407130135,1.0,0.00501,0.1,0.0,0.00866563863166017,0.00015868226756381927,0.0
0.012750512407130135,1.0,0.00631,0.1,0.0,0.00866563863166017,0.00015868226756381927,0.0
0.013354515629298987,1.0,3.16e-07,0.1,0.0,0.009505936212940764,0.00017406951497785686,0.0
0.013354515629298987,1.0,3.98e-07,0.1,0.0,0.009505936212940764,0.00017406951497785686,0.0
0.013354515629298987,1.0,5.01e-07,0.1,0.0,0.009505936212940764,0.00017406951497785686,0.0
0.013354515629298987,1.0,6.31e-07,0.1,0.0,0.009505936212940764,0.00017406951497785686,0.0
0.013354515629298987,1.0,7.94e-07,0.1,0.0,0.009505936212940764,0.00017406951497785686,0.0
0.013354515629298987,1.0,1e-06,0.1,0.0,0.009505936212940764,0.00017406951497785686,0.0
0.013354515629298987,1.0,1.26e-06,0.1,0.0,0.009505936212940764,0.00017406951497785686,0.0
0.013354515629298987,1.0,1.58e-06,0.1,0.0,0.009505936212940764,0.00017406951497785686,0.0
0.013354515629298987,1.0,2e-06,0.1,0.0,0.009505936212940764,0.00017406951497785686,0.0
0.013354515629298987,1.0,2.51e-06,0.1,3.3333333333333335e-05,0.009505936212940764,0.00017406951497785686,0.03802374485176306
0.013354515629298987,1.0,3.98e-06,0.1,0.0001,0.009505936212940764,0.00017406951497785686,0.11407123455528918
0.013354515629298987,1.0,5.01e-06,0.1,6.666666666666667e-05,0.009505936212940764,0.00017406951497785686,0.07604748970352612
0.013354515629298987,1.0,7.94e-06,0.1,6.666666666666667e-05,0.009505936212940764,0.00017406951497785686,0.07604748970352612
0.013354515629298987,1.0,1e-05,0.1,6.666666666666667e-05,0.009505936212940764,0.00017406951497785686,0.07604748970352612
0.013354515629298987,1.0,1.26e-05,0.1,0.00023333333333333333,0.009505936212940764,0.00017406951497785686,0.2661662139623414
0.013354515629298987,1.0,1.58e-05,0.1,0.0001,0.009505936212940764,0.00017406951497785686,0.11407123455528918
0.013354515629298987,1.0,2.51e-05,0.1,0.0005,0.009505936212940764,0.00017406951497785686,0.5703561727764459
0.013354515629298987,1.0,3.16e-05,0.1,0.0006,0.009505936212940764,0.00017406951497785686,0.684427407331735
0.013354515629298987,1.0,3.98e-05,0.1,0.0011,0.009505936212940764,0.00017406951497785686,1.254783580108181
0.013354515629298987,1.0,5.01e-05,0.1,0.0013333333333333333,0.009505936212940764,0.00017406951497785686,1.5209497940705223
0.013354515629298987,1.0,6.31e-05,0.1,0.0018666666666666666,0.009505936212940764,0.00017406951497785686,2.1293297116987313
0.013354515629298987,1.0,7.94e-05,0.1,0.0018,0.009505936212940764,0.00017406951497785686,2.053282221995205
0.013354515629298987,1.0,0.0001,0.1,0.0017666666666666666,0.009505936212940764,0.00017406951497785686,2.015258477143442
0.013354515629298987,1.0,0.000126,0.1,0.0021,0.009505936212940764,0.00017406951497785686,2.3954959256610726
0.013354515629298987,1.0,0.000158,0.1,0.0012333333333333332,0.009505936212940764,0.00017406951497785686,1.406878559515233
0.013354515629298987,1.0,0.0002,0.1,0.0005,0.009505936212940764,0.00017406951497785686,0.5703561727764459
0.013354515629298987,1.0,0.000251,0.1,0.0002,0.009505936212940764,0.00017406951497785686,0.22814246911057837
0.013354515629298987,1.0,0.000316,0.1,3.3333333333333335e-05,0.009505936212940764,0.00017406951497785686,0.03802374485176306
0.013354515629298987,1.0,0.000398,0.1,3.3333333333333335e-05,0.009505936212940764,0.00017406951497785686,0.03802374485176306
0.013354515629298987,1.0,0.000501,0.1,0.0,0.009505936212940764,0.00017406951497785686,0.0
0.013354515629298987,1.0,0.000631,0.1,0.0,0.009505936212940764,0.00017406951497785686,0.0
0.013354515629298987,1.0,0.000794,0.1,0.0,0.009505936212940764,0.00017406951497785686,0.0
0.013354515629298987,1.0,0.001,0.1,0.0,0.009505936212940764,0.00017406951497785686,0.0
0.013354515629298987,1.0,0.00126,0.1,0.0,0.009505936212940764,0.00017406951497785686,0.0
0.013354515629298987,1.0,0.00158,0.1,0.0,0.009505936212940764,0.00017406951497785686,0.0
0.013354515629298987,1.0,0.002,0.1,0.0,0.009505936212940764,0.00017406951497785686,0.0
0.013354515629298987,1.0,0.00251,0.1,0.0,0.009505936212940764,0.00017406951497785686,0.0
0.013354515629298987,1.0,0.00316,0.1,0.0,0.009505936212940764,0.00017406951497785686,0.0
0.013354515629298987,1.0,0.00398,0.1,0.0,0.009505936212940764,0.00017406951497785686,0.0
0.013354515629298987,1.0,0.00501,0.1,0.0,0.009505936212940764,0.00017406951497785686,0.0
0.013354515629298987,1.0,0.00631,0.1,0.0,0.009505936212940764,0.00017406951497785686,0.0
0.013987131026472387,1.0,3.16e-07,0.1,0.0,0.010427700977995212,0.00019094856213139008,0.0
0.013987131026472387,1.0,3.98e-07,0.1,0.0,0.010427700977995212,0.00019094856213139008,0.0
0.013987131026472387,1.0,5.01e-07,0.1,0.0,0.010427700977995212,0.00019094856213139008,0.0
0.013987131026472387,1.0,6.31e-07,0.1,0.0,0.010427700977995212,0.00019094856213139008,0.0
0.013987131026472387,1.0,7.94e-07,0.1,0.0,0.010427700977995212,0.00019094856213139008,0.0
0.013987131026472387,1.0,1e-06,0.1,0.0,0.010427700977995212,0.00019094856213139008,0.0
0.013987131026472387,1.0,1.26e-06,0.1,0.0,0.010427700977995212,0.00019094856213139008,0.0
0.013987131026472387,1.0,1.58e-06,0.1,0.0,0.010427700977995212,0.00019094856213139008,0.0
0.013987131026472387,1.0,2e-06,0.1,0.0,0.010427700977995212,0.00019094856213139008,0.0
0.013987131026472387,1.0,2.51e-06,0.1,3.3333333333333335e-05,0.010427700977995212,0.00019094856213139008,0.04171080391198086
0.013987131026472387,1.0,3.98e-06,0.1,0.0001,0.010427700977995212,0.00019094856213139008,0.12513241173594256
0.013987131026472387,1.0,5.01e-06,0.1,6.666666666666667e-05,0.010427700977995212,0.00019094856213139008,0.08342160782396171
0.013987131026472387,1.0,7.94e-06,0.1,6.666666666666667e-05,0.010427700977995212,0.00019094856213139008,0.08342160782396171
0.013987131026472387,1.0,1e-05,0.1,6.666666666666667e-05,0.010427700977995212,0.00019094856213139008,0.08342160782396171
0.013987131026472387,1.0,1.26e-05,0.1,0.00023333333333333333,0.010427700977995212,0.00019094856213139008,0.29197562738386595
0.013987131026472387,1.0,1.58e-05,0.1,0.0001,0.010427700977995212,0.00019094856213139008,0.12513241173594256
0.013987131026472387,1.0,2.51e-05,0.1,0.0005,0.010427700977995212,0.00019094856213139008,0.6256620586797128
0.013987131026472387,1.0,3.16e-05,0.1,0.0006,0.010427700977995212,0.00019094856213139008,0.7507944704156553
0.013987131026472387,1.0,3.98e-05,0.1,0.0011,0.010427700977995212,0.00019094856213139008,1.3764565290953683
0.013987131026472387,1.0,5.01e-05,0.1,0.0013333333333333333,0.010427700977995212,0.00019094856213139008,1.668432156479234
0.013987131026472387,1.0,6.31e-05,0.1,0.0018666666666666666,0.010427700977995212,0.00019094856213139008,2.3358050190709276
0.013987131026472387,1.0,7.94e-05,0.1,0.0018,0.010427700977995212,0.00019094856213139008,2.252383411246966
0.013987131026472387,1.0,0.0001,0.1,0.0017666666666666666,0.010427700977995212,0.00019094856213139008,2.210672607334985
0.013987131026472387,1.0,0.000126,0.1,0.0021,0.010427700977995212,0.00019094856213139008,2.6277806464547933
0.013987131026472387,1.0,0.000158,0.1,0.0012333333333333332,0.010427700977995212,0.00019094856213139008,1.5432997447432915
0.013987131026472387,1.0,0.0002,0.1,0.0005,0.010427700977995212,0.00019094856213139008,0.6256620586797128
0.013987131026472387,1.0,0.000251,0.1,0.0002,0.010427700977995212,0.00019094856213139008,0.2502648234718851
0.013987131026472387,1.0,0.000316,0.1,3.3333333333333335e-05,0.010427700977995212,0.00019094856213139008,0.04171080391198086
0.013987131026472387,1.0,0.000398,0.1,3.3333333333333335e-05,0.010427700977995212,0.00019094856213139008,0.04171080391198086
0.013987131026472387,1.0,0.000501,0.1,0.0,0.010427700977995212,0.00019094856213139008,0.0
0.013987131026472387,1.0,0.000631,0.1,0.0,0.010427700977995212,0.00019094856213139008,0.0
0.013987131026472387,1.0,0.000794,0.1,0.0,0.010427700977995212,0.00019094856213139008,0.0
0.013987131026472387,1.0,0.001,0.1,0.0,0.010427700977995212,0.00019094856213139008,0.0
0.013987131026472387,1.0,0.00126,0.1,0.0,0.010427700977995212,0.00019094856213139008,0.0
0.013987131026472387,1.0,0.00158,0.1,0.0,0.010427700977995212,0.00019094856213139008,0.0
0.013987131026472387,1.0,0.002,0.1,0.0,0.010427700977995212,0.00019094856213139008,0.0
0.013987131026472387,1.0,0.00251,0.1,0.0,0.010427700977995212,0.00019094856213139008,0.0
0.013987131026472387,1.0,0.00316,0.1,0.0,0.010427700977995212,0.00019094856213139008,0.0
0.013987131026472387,1.0,0.00398,0.1,0.0,0.010427700977995212,0.00019094856213139008,0.0
0.013987131026472387,1.0,0.00501,0.1,0.0,0.010427700977995212,0.00019094856213139008,0.0
0.013987131026472387,1.0,0.00631,0.1,0.0,0.010427700977995212,0.00019094856213139008,0.0
0.014649713983072856,1.0,3.16e-07,0.1,0.0,0.011438828038456557,0.00020946398166007247,0.0
0.014649713983072856,1.0,3.98e-07,0.1,0.0,0.011438828038456557,0.00020946398166007247,0.0
0.014649713983072856,1.0,5.01e-07,0.1,0.0,0.011438828038456557,0.00020946398166007247,0.0
0.014649713983072856,1.0,6.31e-07,0.1,0.0,0.011438828038456557,0.00020946398166007247,0.0
0.014649713983072856,1.0,7.94e-07,0.1,0.0,0.011438828038456557,0.00020946398166007247,0.0
0.014649713983072856,1.0,1e-06,0.1,0.0,0.011438828038456557,0.00020946398166007247,0.0
0.014649713983072856,1.0,1.26e-06,0.1,0.0,0.011438828038456557,0.00020946398166007247,0.0
0.014649713983072856,1.0,1.58e-06,0.1,0.0,0.011438828038456557,0.00020946398166007247,0.0
0.014649713983072856,1.0,2e-06,0.1,0.0,0.011438828038456557,0.00020946398166007247,0.0
0.014649713983072856,1.0,2.51e-06,0.1,3.3333333333333335e-05,0.011438828038456557,0.00020946398166007247,0.045755312153826236
0.014649713983072856,1.0,3.98e-06,0.1,0.0001,0.011438828038456557,0.00020946398166007247,0.1372659364614787
0.014649713983072856,1.0,5.01e-06,0.1,6.666666666666667e-05,0.011438828038456557,0.00020946398166007247,0.09151062430765247
0.014649713983072856,1.0,7.94e-06,0.1,6.666666666666667e-05,0.011438828038456557,0.00020946398166007247,0.09151062430765247
0.014649713983072856,1.0,1e-05,0.1,6.666666666666667e-05,0.011438828038456557,0.00020946398166007247,0.09151062430765247
0.014649713983072856,1.0,1.26e-05,0.1,0.00023333333333333333,0.011438828038456557,0.00020946398166007247,0.32028718507678366
0.014649713983072856,1.0,1.58e-05,0.1,0.0001,0.011438828038456557,0.00020946398166007247,0.1372659364614787
0.014649713983072856,1.0,2.51e-05,0.1,0.0005,0.011438828038456557,0.00020946398166007247,0.6863296823073934
0.014649713983072856,1.0,3.16e-05,0.1,0.0006,0.011438828038456557,0.00020946398166007247,0.8235956187688722
0.014649713983072856,1.0,3.98e-05,0.1,0.0011,0.011438828038456557,0.00020946398166007247,1.5099253010762657
0.014649713983072856,1.0,5.01e-05,0.1,0.0013333333333333333,0.011438828038456557,0.00020946398166007247,1.830212486153049
0.014649713983072856,1.0,6.31e-05,0.1,0.0018666666666666666,0.011438828038456557,0.00020946398166007247,2.5622974806142693
0.014649713983072856,1.0,7.94e-05,0.1,0.0018,0.011438828038456557,0.00020946398166007247,2.4707868563066167
0.014649713983072856,1.0,0.0001,0.1,0.0017666666666666666,0.011438828038456557,0.00020946398166007247,2.42503154415279
0.014649713983072856,1.0,0.000126,0.1,0.0021,0.011438828038456557,0.00020946398166007247,2.882584665691052
0.014649713983072856,1.0,0.000158,0.1,0.0012333333333333332,0.011438828038456557,0.00020946398166007247,1.6929465496915705
0.014649713983072856,1.0,0.0002,0.1,0.0005,0.011438828038456557,0.00020946398166007247,0.6863296823073934
0.014649713983072856,1.0,0.000251,0.1,0.0002,0.011438828038456557,0.00020946398166007247,0.2745318729229574
0.014649713983072856,1.0,0.000316,0.1,3.3333333333333335e-05,0.011438828038456557,0.00020946398166007247,0.045755312153826236
0.014649713983072856,1.0,0.000398,0.1,3.3333333333333335e-05,0.011438828038456557,0.00020946398166007247,0.045755312153826236
0.014649713983072856,1.0,0.000501,0.1,0.0,0.011438828038456557,0.00020946398166007247,0.0
0.014649713983072856,1.0,0.000631,0.1,0.0,0.011438828038456557,0.00020946398166007247,0.0
0.014649713983072856,1.0,0.000794,0.1,0.0,0.011438828038456557,0.00020946398166007247,0.0
0.014649713983072856,1.0,0.001,0.1,0.0,0.011438828038456557,0.00020946398166007247,0.0
0.014649713983072856,1.0,0.00126,0.1,0.0,0.011438828038456557,0.00020946398166007247,0.0
0.014649713983072856,1.0,0.00158,0.1,0.0,0.011438828038456557,0.00020946398166007247,0.0
0.014649713983072856,1.0,0.002,0.1,0.0,0.011438828038456557,0.00020946398166007247,0.0
0.014649713983072856,1.0,0.00251,0.1,0.0,0.011438828038456557,0.00020946398166007247,0.0
0.014649713983072856,1.0,0.00316,0.1,0.0,0.011438828038456557,0.00020946398166007247,0.0
0.014649713983072856,1.0,0.00398,0.1,0.0,0.011438828038456557,0.00020946398166007247,0.0
0.014649713983072856,1.0,0.00501,0.1,0.0,0.011438828038456557,0.00020946398166007247,0.0
0.014649713983072856,1.0,0.00631,0.1,0.0,0.011438828038456557,0.00020946398166007247,0.0
0.015343684089300124,1.0,3.16e-07,0.1,0.0,0.012547976990173588,0.00022977434517805508,0.0
0.015343684089300124,1.0,3.98e-07,0.1,0.0,0.012547976990173588,0.00022977434517805508,0.0
0.015343684089300124,1.0,5.01e-07,0.1,0.0,0.012547976990173588,0.00022977434517805508,0.0
0.015343684089300124,1.0,6.31e-07,0.1,0.0,0.012547976990173588,0.00022977434517805508,0.0
0.015343684089300124,1.0,7.94e-07,0.1,0.0,0.012547976990173588,0.00022977434517805508,0.0
0.015343684089300124,1.0,1e-06,0.1,0.0,0.012547976990173588,0.00022977434517805508,0.0
0.015343684089300124,1.0,1.26e-06,0.1,0.0,0.012547976990173588,0.00022977434517805508,0.0
0.015343684089300124,1.0,1.58e-06,0.1,0.0,0.012547976990173588,0.00022977434517805508,0.0
0.015343684089300124,1.0,2e-06,0.1,0.0,0.012547976990173588,0.00022977434517805508,0.0
0.015343684089300124,1.0,2.51e-06,0.1,3.3333333333333335e-05,0.012547976990173588,0.00022977434517805508,0.050191907960694365
0.015343684089300124,1.0,3.98e-06,0.1,0.0001,0.012547976990173588,0.00022977434517805508,0.15057572388208307
0.015343684089300124,1.0,5.01e-06,0.1,6.666666666666667e-05,0.012547976990173588,0.00022977434517805508,0.10038381592138873
0.015343684089300124,1.0,7.94e-06,0.1,6.666666666666667e-05,0.012547976990173588,0.00022977434517805508,0.10038381592138873
0.015343684089300124,1.0,1e-05,0.1,6.666666666666667e-05,0.012547976990173588,0.00022977434517805508,0.10038381592138873
0.015343684089300124,1.0,1.26e-05,0.1,0.00023333333333333333,0.012547976990173588,0.00022977434517805508,0.3513433557248605
0.015343684089300124,1.0,1.58e-05,0.1,0.0001,0.012547976990173588,0.00022977434517805508,0.15057572388208307
0.015343684089300124,1.0,2.51e-05,0.1,0.0005,0.012547976990173588,0.00022977434517805508,0.7528786194104153
0.015343684089300124,1.0,3.16e-05,0.1,0.0006,0.012547976990173588,0.00022977434517805508,0.9034543432924983
0.015343684089300124,1.0,3.98e-05,0.1,0.0011,0.012547976990173588,0.00022977434517805508,1.6563329627029137
0.015343684089300124,1.0,5.01e-05,0.1,0.0013333333333333333,0.012547976990173588,0.00022977434517805508,2.0076763184277744
0.015343684089300124,1.0,6.31e-05,0.1,0.0018666666666666666,0.012547976990173588,0.00022977434517805508,2.810746845798884
0.015343684089300124,1.0,7.94e-05,0.1,0.0018,0.012547976990173588,0.00022977434517805508,2.7103630298774952
0.015343684089300124,1.0,0.0001,0.1,0.0017666666666666666,0.012547976990173588,0.00022977434517805508,2.6601711219168007
0.015343684089300124,1.0,0.000126,0.1,0.0021,0.012547976990173588,0.00022977434517805508,3.1620902015237444
0.015343684089300124,1.0,0.000158,0.1,0.0012333333333333332,0.012547976990173588,0.00022977434517805508,1.857100594545691
0.015343684089300124,1.0,0.0002,0.1,0.0005,0.012547976990173588,0.00022977434517805508,0.7528786194104153
0.015343684089300124,1.0,0.000251,0.1,0.0002,0.012547976990173588,0.00022977434517805508,0.30115144776416614
0.015343684089300124,1.0,0.000316,0.1,3.3333333333333335e-05,0.012547976990173588,0.00022977434517805508,0.050191907960694365
0.015343684089300124,1.0,0.000398,0.1,3.3333333333333335e-05,0.012547976990173588,0.00022977434517805508,0.050191907960694365
0.015343684089300124,1.0,0.000501,0.1,0.0,0.012547976990173588,0.00022977434517805508,0.0
0.015343684089300124,1.0,0.000631,0.1,0.0,0.012547976990173588,0.00022977434517805508,0.0
0.015343684089300124,1.0,0.000794,0.1,0.0,0.012547976990173588,0.00022977434517805508,0.0
0.015343684089300124,1.0,0.001,0.1,0.0,0.012547976990173588,0.00022977434517805508,0.0
0.015343684089300124,1.0,0.00126,0.1,0.0,0.012547976990173588,0.00022977434517805508,0.0
0.015343684089300124,1.0,0.00158,0.1,0.0,0.012547976990173588,0.00022977434517805508,0.0
0.015343684089300124,1.0,0.002,0.1,0.0,0.012547976990173588,0.00022977434517805508,0.0
0.015343684089300124,1.0,0.00251,0.1,0.0,0.012547976990173588,0.00022977434517805508,0.0
0.015343684089300124,1.0,0.00316,0.1,0.0,0.012547976990173588,0.00022977434517805508,0.0
0.015343684089300124,1.0,0.00398,0.1,0.0,0.012547976990173588,0.00022977434517805508,0.0
0.015343684089300124,1.0,0.00501,0.1,0.0,0.012547976990173588,0.00022977434517805508,0.0
0.015343684089300124,1.0,0.00631,0.1,0.0,0.012547976990173588,0.00022977434517805508,0.0
0.01607052818261639,1.0,3.16e-07,0.1,0.0,0.013764645807458472,0.0002520535764046598,0.0
0.01607052818261639,1.0,3.98e-07,0.1,0.0,0.013764645807458472,0.0002520535764046598,0.0
0.01607052818261639,1.0,5.01e-07,0.1,0.0,0.013764645807458472,0.0002520535764046598,0.0
0.01607052818261639,1.0,6.31e-07,0.1,0.0,0.013764645807458472,0.0002520535764046598,0.0
0.01607052818261639,1.0,7.94e-07,0.1,0.0,0.013764645807458472,0.0002520535764046598,0.0
0.01607052818261639,1.0,1e-06,0.1,0.0,0.013764645807458472,0.0002520535764046598,0.0
0.01607052818261639,1.0,1.26e-06,0.1,0.0,0.013764645807458472,0.0002520535764046598,0.0
0.01607052818261639,1.0,1.58e-06,0.1,0.0,0.013764645807458472,0.0002520535764046598,0.0
0.01607052818261639,1.0,2e-06,0.1,0.0,0.013764645807458472,0.0002520535764046598,0.0
0.01607052818261639,1.0,2.51e-06,0.1,3.3333333333333335e-05,0.013764645807458472,0.0002520535764046598,0.0550585832298339
0.01607052818261639,1.0,3.98e-06,0.1,0.0001,0.013764645807458472,0.0002520535764046598,0.1651757496895017
0.01607052818261639,1.0,5.01e-06,0.1,6.666666666666667e-05,0.013764645807458472,0.0002520535764046598,0.1101171664596678
0.01607052818261639,1.0,7.94e-06,0.1,6.666666666666667e-05,0.013764645807458472,0.0002520535764046598,0.1101171664596678
0.01607052818261639,1.0,1e-05,0.1,6.666666666666667e-05,0.013764645807458472,0.0002520535764046598,0.1101171664596678
0.01607052818261639,1.0,1.26e-05,0.1,0.00023333333333333333,0.013764645807458472,0.0002520535764046598,0.3854100826088373
0.01607052818261639,1.0,1.58e-05,0.1,0.0001,0.013764645807458472,0.0002520535764046598,0.1651757496895017
0.01607052818261639,1.0,2.51e-05,0.1,0.0005,0.013764645807458472,0.0002520535764046598,0.8258787484475084
0.01607052818261639,1.0,3.16e-05,0.1,0.0006,0.013764645807458472,0.0002520535764046598,0.99105449813701
0.01607052818261639,1.0,3.98e-05,0.1,0.0011,0.013764645807458472,0.0002520535764046598,1.8169332465845187
0.01607052818261639,1.0,5.01e-05,0.1,0.0013333333333333333,0.013764645807458472,0.0002520535764046598,2.2023433291933556
0.01607052818261639,1.0,6.31e-05,0.1,0.0018666666666666666,0.013764645807458472,0.0002520535764046598,3.0832806608706984
0.01607052818261639,1.0,7.94e-05,0.1,0.0018,0.013764645807458472,0.0002520535764046598,2.9731634944110303
0.01607052818261639,1.0,0.0001,0.1,0.0017666666666666666,0.013764645807458472,0.0002520535764046598,2.9181049111811963
0.01607052818261639,1.0,0.000126,0.1,0.0021,0.013764645807458472,0.0002520535764046598,3.4686907434795353
0.01607052818261639,1.0,0.000158,0.1,0.0012333333333333332,0.013764645807458472,0.0002520535764046598,2.037167579503854
0.01607052818261639,1.0,0.0002,0.1,0.0005,0.013764645807458472,0.0002520535764046598,0.8258787484475084
0.01607052818261639,1.0,0.000251,0.1,0.0002,0.013764645807458472,0.0002520535764046598,0.3303514993790034
0.01607052818261639,1.0,0.000316,0.1,3.3333333333333335e-05,0.013764645807458472,0.0002520535764046598,0.0550585832298339
0.01607052818261639,1.0,0.000398,0.1,3.3333333333333335e-05,0.013764645807458472,0.0002520535764046598,0.0550585832298339
0.01607052818261639,1.0,0.000501,0.1,0.0,0.013764645807458472,0.0002520535764046598,0.0
0.01607052818261639,1.0,0.000631,0.1,0.0,0.013764645807458472,0.0002520535764046598,0.0
0.01607052818261639,1.0,0.000794,0.1,0.0,0.013764645807458472,0.0002520535764046598,0.0
0.01607052818261639,1.0,0.001,0.1,0.0,0.013764645807458472,0.0002520535764046598,0.0
0.01607052818261639,1.0,0.00126,0.1,0.0,0.013764645807458472,0.0002520535764046598,0.0
0.01607052818261639,1.0,0.00158,0.1,0.0,0.013764645807458472,0.0002520535764046598,0.0
0.01607052818261639,1.0,0.002,0.1,0.0,0.013764645807458472,0.0002520535764046598,0.0
0.01607052818261639,1.0,0.00251,0.1,0.0,0.013764645807458472,0.0002520535764046598,0.0
0.01607052818261639,1.0,0.00316,0.1,0.0,0.013764645807458472,0.0002520535764046598,0.0
0.01607052818261639,1.0,0.00398,0.1,0.0,0.013764645807458472,0.0002520535764046598,0.0
0.01607052818261639,1.0,0.00501,0.1,0.0,0.013764645807458472,0.0002520535764046598,0.0
0.01607052818261639,1.0,0.00631,0.1,0.0,0.013764645807458472,0.0002520535764046598,0.0
0.016831803533309566,1.0,3.16e-07,0.1,0.0,0.015099251853269774,0.0002764924345956743,0.0
0.016831803533309566,1.0,3.98e-07,0.1,0.0,0.015099251853269774,0.0002764924345956743,0.0
0.016831803533309566,1.0,5.01e-07,0.1,0.0,0.015099251853269774,0.0002764924345956743,0.0
0.016831803533309566,1.0,6.31e-07,0.1,0.0,0.015099251853269774,0.0002764924345956743,0.0
0.016831803533309566,1.0,7.94e-07,0.1,0.0,0.015099251853269774,0.0002764924345956743,0.0
0.016831803533309566,1.0,1e-06,0.1,0.0,0.015099251853269774,0.0002764924345956743,0.0
0.016831803533309566,1.0,1.26e-06,0.1,0.0,0.015099251853269774,0.0002764924345956743,0.0
0.016831803533309566,1.0,1.58e-06,0.1,0.0,0.015099251853269774,0.0002764924345956743,0.0
0.016831803533309566,1.0,2e-06,0.1,0.0,0.015099251853269774,0.0002764924345956743,0.0
0.016831803533309566,1.0,2.51e-06,0.1,3.3333333333333335e-05,0.015099251853269774,0.0002764924345956743,0.06039700741307911
0.016831803533309566,1.0,3.98e-06,0.1,0.0001,0.015099251853269774,0.0002764924345956743,0.18119102223923733
0.016831803533309566,1.0,5.01e-06,0.1,6.666666666666667e-05,0.015099251853269774,0.0002764924345956743,0.12079401482615822
0.016831803533309566,1.0,7.94e-06,0.1,6.666666666666667e-05,0.015099251853269774,0.0002764924345956743,0.12079401482615822
0.016831803533309566,1.0,1e-05,0.1,6.666666666666667e-05,0.015099251853269774,0.0002764924345956743,0.12079401482615822
0.016831803533309566,1.0,1.26e-05,0.1,0.00023333333333333333,0.015099251853269774,0.0002764924345956743,0.4227790518915538
0.016831803533309566,1.0,1.58e-05,0.1,0.0001,0.015099251853269774,0.0002764924345956743,0.18119102223923733
0.016831803533309566,1.0,2.51e-05,0.1,0.0005,0.015099251853269774,0.0002764924345956743,0.9059551111961867
0.016831803533309566,1.0,3.16e-05,0.1,0.0006,0.015099251853269774,0.0002764924345956743,1.087146133435424
0.016831803533309566,1.0,3.98e-05,0.1,0.0011,0.015099251853269774,0.0002764924345956743,1.9931012446316108
0.016831803533309566,1.0,5.01e-05,0.1,0.0013333333333333333,0.015099251853269774,0.0002764924345956743,2.4158802965231643
0.016831803533309566,1.0,6.31e-05,0.1,0.0018666666666666666,0.015099251853269774,0.0002764924345956743,3.3822324151324303
0.016831803533309566,1.0,7.94e-05,0.1,0.0018,0.015099251853269774,0.0002764924345956743,3.2614384003062717
0.016831803533309566,1.0,0.0001,0.1,0.0017666666666666666,0.015099251853269774,0.0002764924345956743,3.2010413928931927
0.016831803533309566,1.0,0.000126,0.1,0.0021,0.015099251853269774,0.0002764924345956743,3.805011467023984
0.016831803533309566,1.0,0.000158,0.1,0.0012333333333333332,0.015099251853269774,0.0002764924345956743,2.2346892742839266
0.016831803533309566,1.0,0.0002,0.1,0.0005,0.015099251853269774,0.0002764924345956743,0.9059551111961867
0.016831803533309566,1.0,0.000251,0.1,0.0002,0.015099251853269774,0.0002764924345956743,0.36238204447847466
0.016831803533309566,1.0,0.000316,0.1,3.3333333333333335e-05,0.015099251853269774,0.0002764924345956743,0.06039700741307911
0.016831803533309566,1.0,0.000398,0.1,3.3333333333333335e-05,0.015099251853269774,0.0002764924345956743,0.06039700741307911
0.016831803533309566,1.0,0.000501,0.1,0.0,0.015099251853269774,0.0002764924345956743,0.0
0.016831803533309566,1.0,0.000631,0.1,0.0,0.015099251853269774,0.0002764924345956743,0.0
0.016831803533309566,1.0,0.000794,0.1,0.0,0.015099251853269774,0.0002764924345956743,0.0
0.016831803533309566,1.0,0.001,0.1,0.0,0.015099251853269774,0.0002764924345956743,0.0
0.016831803533309566,1.0,0.00126,0.1,0.0,0.015099251853269774,0.0002764924345956743,0.0
0.016831803533309566,1.0,0.00158,0.1,0.0,0.015099251853269774,0.0002764924345956743,0.0
0.016831803533309566,1.0,0.002,0.1,0.0,0.015099251853269774,0.0002764924345956743,0.0
0.016831803533309566,1.0,0.00251,0.1,0.0,0.015099251853269774,0.0002764924345956743,0.0
0.016831803533309566,1.0,0.00316,0.1,0.0,0.015099251853269774,0.0002764924345956743,0.0
0.016831803533309566,1.0,0.00398,0.1,0.0,0.015099251853269774,0.0002764924345956743,0.0
0.016831803533309566,1.0,0.00501,0.1,0.0,0.015099251853269774,0.0002764924345956743,0.0
0.016831803533309566,1.0,0.00631,0.1,0.0,0.015099251853269774,0.0002764924345956743,0.0
0.01762914118095948,1.0,3.16e-07,0.1,0.0,0.01656322068517169,0.00030330014072828585,0.0
0.01762914118095948,1.0,3.98e-07,0.1,0.0,0.01656322068517169,0.00030330014072828585,0.0
0.01762914118095948,1.0,5.01e-07,0.1,0.0,0.01656322068517169,0.00030330014072828585,0.0
0.01762914118095948,1.0,6.31e-07,0.1,0.0,0.01656322068517169,0.00030330014072828585,0.0
0.01762914118095948,1.0,7.94e-07,0.1,0.0,0.01656322068517169,0.00030330014072828585,0.0
0.01762914118095948,1.0,1e-06,0.1,0.0,0.01656322068517169,0.00030330014072828585,0.0
0.01762914118095948,1.0,1.26e-06,0.1,0.0,0.01656322068517169,0.00030330014072828585,0.0
0.01762914118095948,1.0,1.58e-06,0.1,0.0,0.01656322068517169,0.00030330014072828585,0.0
0.01762914118095948,1.0,2e-06,0.1,0.0,0.01656322068517169,0.00030330014072828585,0.0
0.01762914118095948,1.0,2.51e-06,0.1,3.3333333333333335e-05,0.01656322068517169,0.00030330014072828585,0.06625288274068677
0.01762914118095948,1.0,3.98e-06,0.1,0.0001,0.01656322068517169,0.00030330014072828585,0.19875864822206032
0.01762914118095948,1.0,5.01e-06,0.1,6.666666666666667e-05,0.01656322068517169,0.00030330014072828585,0.13250576548137355
0.01762914118095948,1.0,7.94e-06,0.1,6.666666666666667e-05,0.01656322068517169,0.00030330014072828585,0.13250576548137355
0.01762914118095948,1.0,1e-05,0.1,6.666666666666667e-05,0.01656322068517169,0.00030330014072828585,0.13250576548137355
0.01762914118095948,1.0,1.26e-05,0.1,0.00023333333333333333,0.01656322068517169,0.00030330014072828585,0.46377017918480734
0.01762914118095948,1.0,1.58e-05,0.1,0.0001,0.01656322068517169,0.00030330014072828585,0.19875864822206032
0.01762914118095948,1.0,2.51e-05,0.1,0.0005,0.01656322068517169,0.00030330014072828585,0.9937932411103015
0.01762914118095948,1.0,3.16e-05,0.1,0.0006,0.01656322068517169,0.00030330014072828585,1.1925518893323617
0.01762914118095948,1.0,3.98e-05,0.1,0.0011,0.01656322068517169,0.00030330014072828585,2.1863451304426635
0.01762914118095948,1.0,5.01e-05,0.1,0.0013333333333333333,0.01656322068517169,0.00030330014072828585,2.6501153096274708
0.01762914118095948,1.0,6.31e-05,0.1,0.0018666666666666666,0.01656322068517169,0.00030330014072828585,3.7101614334784587
0.01762914118095948,1.0,7.94e-05,0.1,0.0018,0.01656322068517169,0.00030330014072828585,3.5776556679970852
0.01762914118095948,1.0,0.0001,0.1,0.0017666666666666666,0.01656322068517169,0.00030330014072828585,3.511402785256399
0.01762914118095948,1.0,0.000126,0.1,0.0021,0.01656322068517169,0.00030330014072828585,4.173931612663266
0.01762914118095948,1.0,0.000158,0.1,0.0012333333333333332,0.01656322068517169,0.00030330014072828585,2.4513566614054105
0.01762914118095948,1.0,0.0002,0.1,0.0005,0.01656322068517169,0.00030330014072828585,0.9937932411103015
0.01762914118095948,1.0,0.000251,0.1,0.0002,0.01656322068517169,0.00030330014072828585,0.39751729644412065
0.01762914118095948,1.0,0.000316,0.1,3.3333333333333335e-05,0.01656322068517169,0.00030330014072828585,0.06625288274068677
0.01762914118095948,1.0,0.000398,0.1,3.3333333333333335e-05,0.01656322068517169,0.00030330014072828585,0.06625288274068677
0.01762914118095948,1.0,0.000501,0.1,0.0,0.01656322068517169,0.00030330014072828585,0.0
0.01762914118095948,1.0,0.000631,0.1,0.0,0.01656322068517169,0.00030330014072828585,0.0
0.01762914118095948,1.0,0.000794,0.1,0.0,0.01656322068517169,0.00030330014072828585,0.0
0.01762914118095948,1.0,0.001,0.1,0.0,0.01656322068517169,0.00030330014072828585,0.0
0.01762914118095948,1.0,0.00126,0.1,0.0,0.01656322068517169,0.00030330014072828585,0.0
0.01762914118095948,1.0,0.00158,0.1,0.0,0.01656322068517169,0.00030330014072828585,0.0
0.01762914118095948,1.0,0.002,0.1,0.0,0.01656322068517169,0.00030330014072828585,0.0
0.01762914118095948,1.0,0.00251,0.1,0.0,0.01656322068517169,0.00030330014072828585,0.0
0.01762914118095948,1.0,0.00316,0.1,0.0,0.01656322068517169,0.00030330014072828585,0.0
0.01762914118095948,1.0,0.00398,0.1,0.0,0.01656322068517169,0.00030330014072828585,0.0
0.01762914118095948,1.0,0.00501,0.1,0.0,0.01656322068517169,0.00030330014072828585,0.0
0.01762914118095948,1.0,0.00631,0.1,0.0,0.01656322068517169,0.00030330014072828585,0.0
0.018464249428955436,1.0,3.16e-07,0.1,0.0,0.018169083400755463,0.00033270616005778175,0.0
0.018464249428955436,1.0,3.98e-07,0.1,0.0,0.018169083400755463,0.00033270616005778175,0.0
0.018464249428955436,1.0,5.01e-07,0.1,0.0,0.018169083400755463,0.00033270616005778175,0.0
0.018464249428955436,1.0,6.31e-07,0.1,0.0,0.018169083400755463,0.00033270616005778175,0.0
0.018464249428955436,1.0,7.94e-07,0.1,0.0,0.018169083400755463,0.00033270616005778175,0.0
0.018464249428955436,1.0,1e-06,0.1,0.0,0.018169083400755463,0.00033270616005778175,0.0
0.018464249428955436,1.0,1.26e-06,0.1,0.0,0.018169083400755463,0.00033270616005778175,0.0
0.018464249428955436,1.0,1.58e-06,0.1,0.0,0.018169083400755463,0.00033270616005778175,0.0
0.018464249428955436,1.0,2e-06,0.1,0.0,0.018169083400755463,0.00033270616005778175,0.0
0.018464249428955436,1.0,2.51e-06,0.1,3.3333333333333335e-05,0.018169083400755463,0.00033270616005778175,0.07267633360302188
0.018464249428955436,1.0,3.98e-06,0.1,0.0001,0.018169083400755463,0.00033270616005778175,0.21802900080906562
0.018464249428955436,1.0,5.01e-06,0.1,6.666666666666667e-05,0.018169083400755463,0.00033270616005778175,0.14535266720604376
0.018464249428955436,1.0,7.94e-06,0.1,6.666666666666667e-05,0.018169083400755463,0.00033270616005778175,0.14535266720604376
0.018464249428955436,1.0,1e-05,0.1,6.666666666666667e-05,0.018169083400755463,0.00033270616005778175,0.14535266720604376
0.018464249428955436,1.0,1.26e-05,0.1,0.00023333333333333333,0.018169083400755463,0.00033270616005778175,0.508734335221153
0.018464249428955436,1.0,1.58e-05,0.1,0.0001,0.018169083400755463,0.00033270616005778175,0.21802900080906562
0.018464249428955436,1.0,2.51e-05,0.1,0.0005,0.018169083400755463,0.00033270616005778175,1.090145004045328
0.018464249428955436,1.0,3.16e-05,0.1,0.0006,0.018169083400755463,0.00033270616005778175,1.3081740048543935
0.018464249428955436,1.0,3.98e-05,0.1,0.0011,0.018169083400755463,0.00033270616005778175,2.3983190088997217
0.018464249428955436,1.0,5.01e-05,0.1,0.0013333333333333333,0.018169083400755463,0.00033270616005778175,2.9070533441208743
0.018464249428955436,1.0,6.31e-05,0.1,0.0018666666666666666,0.018169083400755463,0.00033270616005778175,4.069874681769224
0.018464249428955436,1.0,7.94e-05,0.1,0.0018,0.018169083400755463,0.00033270616005778175,3.9245220145631805
0.018464249428955436,1.0,0.0001,0.1,0.0017666666666666666,0.018169083400755463,0.00033270616005778175,3.851845680960159
0.018464249428955436,1.0,0.000126,0.1,0.0021,0.018169083400755463,0.00033270616005778175,4.578609016990377
0.018464249428955436,1.0,0.000158,0.1,0.0012333333333333332,0.018169083400755463,0.00033270616005778175,2.689024343311809
0.018464249428955436,1.0,0.0002,0.1,0.0005,0.018169083400755463,0.00033270616005778175,1.090145004045328
0.018464249428955436,1.0,0.000251,0.1,0.0002,0.018169083400755463,0.00033270616005778175,0.43605800161813124
0.018464249428955436,1.0,0.000316,0.1,3.3333333333333335e-05,0.018169083400755463,0.00033270616005778175,0.07267633360302188
0.018464249428955436,1.0,0.000398,0.1,3.3333333333333335e-05,0.018169083400755463,0.00033270616005778175,0.07267633360302188
0.018464249428955436,1.0,0.000501,0.1,0.0,0.018169083400755463,0.00033270616005778175,0.0
0.018464249428955436,1.0,0.000631,0.1,0.0,0.018169083400755463,0.00033270616005778175,0.0
0.018464249428955436,1.0,0.000794,0.1,0.0,0.018169083400755463,0.00033270616005778175,0.0
0.018464249428955436,1.0,0.001,0.1,0.0,0.018169083400755463,0.00033270616005778175,0.0
0.018464249428955436,1.0,0.00126,0.1,0.0,0.018169083400755463,0.00033270616005778175,0.0
0.018464249428955436,1.0,0.00158,0.1,0.0,0.018169083400755463,0.00033270616005778175,0.0
0.018464249428955436,1.0,0.002,0.1,0.0,0.018169083400755463,0.00033270616005778175,0.0
0.018464249428955436,1.0,0.00251,0.1,0.0,0.018169083400755463,0.00033270616005778175,0.0
0.018464249428955436,1.0,0.00316,0.1,0.0,0.018169083400755463,0.00033270616005778175,0.0
0.018464249428955436,1.0,0.00398,0.1,0.0,0.018169083400755463,0.00033270616005778175,0.0
0.018464249428955436,1.0,0.00501,0.1,0.0,0.018169083400755463,0.00033270616005778175,0.0
0.018464249428955436,1.0,0.00631,0.1,0.0,0.018169083400755463,0.00033270616005778175,0.0
0.01933891750455231,1.0,3.16e-07,0.1,0.0,0.019930583335824176,0.0003649621559389155,0.0
0.01933891750455231,1.0,3.98e-07,0.1,0.0,0.019930583335824176,0.0003649621559389155,0.0
0.01933891750455231,1.0,5.01e-07,0.1,0.0,0.019930583335824176,0.0003649621559389155,0.0
0.01933891750455231,1.0,6.31e-07,0.1,0.0,0.019930583335824176,0.0003649621559389155,0.0
0.01933891750455231,1.0,7.94e-07,0.1,0.0,0.019930583335824176,0.0003649621559389155,0.0
0.01933891750455231,1.0,1e-06,0.1,0.0,0.019930583335824176,0.0003649621559389155,0.0
0.01933891750455231,1.0,1.26e-06,0.1,0.0,0.019930583335824176,0.0003649621559389155,0.0
0.01933891750455231,1.0,1.58e-06,0.1,0.0,0.019930583335824176,0.0003649621559389155,0.0
0.01933891750455231,1.0,2e-06,0.1,0.0,0.019930583335824176,0.0003649621559389155,0.0
0.01933891750455231,1.0,2.51e-06,0.1,3.3333333333333335e-05,0.019930583335824176,0.0003649621559389155,0.07972233334329672
0.01933891750455231,1.0,3.98e-06,0.1,0.0001,0.019930583335824176,0.0003649621559389155,0.23916700002989014
0.01933891750455231,1.0,5.01e-06,0.1,6.666666666666667e-05,0.019930583335824176,0.0003649621559389155,0.15944466668659343
0.01933891750455231,1.0,7.94e-06,0.1,6.666666666666667e-05,0.019930583335824176,0.0003649621559389155,0.15944466668659343
0.01933891750455231,1.0,1e-05,0.1,6.666666666666667e-05,0.019930583335824176,0.0003649621559389155,0.15944466668659343
0.01933891750455231,1.0,1.26e-05,0.1,0.00023333333333333333,0.019930583335824176,0.0003649621559389155,0.5580563334030769
0.01933891750455231,1.0,1.58e-05,0.1,0.0001,0.019930583335824176,0.0003649621559389155,0.23916700002989014
0.01933891750455231,1.0,2.51e-05,0.1,0.0005,0.019930583335824176,0.0003649621559389155,1.1958350001494507
0.01933891750455231,1.0,3.16e-05,0.1,0.0006,0.019930583335824176,0.0003649621559389155,1.4350020001793407
0.01933891750455231,1.0,3.98e-05,0.1,0.0011,0.019930583335824176,0.0003649621559389155,2.6308370003287918
0.01933891750455231,1.0,5.01e-05,0.1,0.0013333333333333333,0.019930583335824176,0.0003649621559389155,3.188893333731868
0.01933891750455231,1.0,6.31e-05,0.1,0.0018666666666666666,0.019930583335824176,0.0003649621559389155,4.464450667224615
0.01933891750455231,1.0,7.94e-05,0.1,0.0018,0.019930583335824176,0.0003649621559389155,4.305006000538022
0.01933891750455231,1.0,0.0001,0.1,0.0017666666666666666,0.019930583335824176,0.0003649621559389155,4.225283667194725
0.01933891750455231,1.0,0.000126,0.1,0.0021,0.019930583335824176,0.0003649621559389155,5.022507000627693
0.01933891750455231,1.0,0.000158,0.1,0.0012333333333333332,0.019930583335824176,0.0003649621559389155,2.949726333701978
0.01933891750455231,1.0,0.0002,0.1,0.0005,0.019930583335824176,0.0003649621559389155,1.1958350001494507
0.01933891750455231,1.0,0.000251,0.1,0.0002,0.019930583335824176,0.0003649621559389155,0.4783340000597803
0.01933891750455231,1.0,0.000316,0.1,3.3333333333333335e-05,0.019930583335824176,0.0003649621559389155,0.07972233334329672
0.01933891750455231,1.0,0.000398,0.1,3.3333333333333335e-05,0.019930583335824176,0.0003649621559389155,0.07972233334329672
0.01933891750455231,1.0,0.000501,0.1,0.0,0.019930583335824176,0.0003649621559389155,0.0
0.01933891750455231,1.0,0.000631,0.1,0.0,0.019930583335824176,0.0003649621559389155,0.0
0.01933891750455231,1.0,0.000794,0.1,0.0,0.019930583335824176,0.0003649621559389155,0.0
0.01933891750455231,1.0,0.001,0.1,0.0,0.019930583335824176,0.0003649621559389155,0.0
0.01933891750455231,1.0,0.00126,0.1,0.0,0.019930583335824176,0.0003649621559389155,0.0
0.01933891750455231,1.0,0.00158,0.1,0.0,0.019930583335824176,0.0003649621559389155,0.0
0.01933891750455231,1.0,0.002,0.1,0.0,0.019930583335824176,0.0003649621559389155,0.0
0.01933891750455231,1.0,0.00251,0.1,0.0,0.019930583335824176,0.0003649621559389155,0.0
0.01933891750455231,1.0,0.00316,0.1,0.0,0.019930583335824176,0.0003649621559389155,0.0
0.01933891750455231,1.0,0.00398,0.1,0.0,0.019930583335824176,0.0003649621559389155,0.0
0.01933891750455231,1.0,0.00501,0.1,0.0,0.019930583335824176,0.0003649621559389155,0.0
0.01933891750455231,1.0,0.00631,0.1,0.0,0.019930583335824176,0.0003649621559389155,0.0
0.020255019392306676,1.0,3.16e-07,0.1,0.0,0.021862793004498896,0.0004003441311939003,0.0
0.020255019392306676,1.0,3.98e-07,0.1,0.0,0.021862793004498896,0.0004003441311939003,0.0
0.020255019392306676,1.0,5.01e-07,0.1,0.0,0.021862793004498896,0.0004003441311939003,0.0
0.020255019392306676,1.0,6.31e-07,0.1,0.0,0.021862793004498896,0.0004003441311939003,0.0
0.020255019392306676,1.0,7.94e-07,0.1,0.0,0.021862793004498896,0.0004003441311939003,0.0
0.020255019392306676,1.0,1e-06,0.1,0.0,0.021862793004498896,0.0004003441311939003,0.0
0.020255019392306676,1.0,1.26e-06,0.1,0.0,0.021862793004498896,0.0004003441311939003,0.0
0.020255019392306676,1.0,1.58e-06,0.1,0.0,0.021862793004498896,0.0004003441311939003,0.0
0.020255019392306676,1.0,2e-06,0.1,0.0,0.021862793004498896,0.0004003441311939003,0.0
0.020255019392306676,1.0,2.51e-06,0.1,3.3333333333333335e-05,0.021862793004498896,0.0004003441311939003,0.08745117201799558
0.020255019392306676,1.0,3.98e-06,0.1,0.0001,0.021862793004498896,0.0004003441311939003,0.26235351605398677
0.020255019392306676,1.0,5.01e-06,0.1,6.666666666666667e-05,0.021862793004498896,0.0004003441311939003,0.17490234403599117
0.020255019392306676,1.0,7.94e-06,0.1,6.666666666666667e-05,0.021862793004498896,0.0004003441311939003,0.17490234403599117
0.020255019392306676,1.0,1e-05,0.1,6.666666666666667e-05,0.021862793004498896,0.0004003441311939003,0.17490234403599117
0.020255019392306676,1.0,1.26e-05,0.1,0.00023333333333333333,0.021862793004498896,0.0004003441311939003,0.6121582041259691
0.020255019392306676,1.0,1.58e-05,0.1,0.0001,0.021862793004498896,0.0004003441311939003,0.26235351605398677
0.020255019392306676,1.0,2.51e-05,0.1,0.0005,0.021862793004498896,0.0004003441311939003,1.311767580269934
0.020255019392306676,1.0,3.16e-05,0.1,0.0006,0.021862793004498896,0.0004003441311939003,1.5741210963239203
0.020255019392306676,1.0,3.98e-05,0.1,0.0011,0.021862793004498896,0.0004003441311939003,2.8858886765938543
0.020255019392306676,1.0,5.01e-05,0.1,0.0013333333333333333,0.021862793004498896,0.0004003441311939003,3.4980468807198237
0.020255019392306676,1.0,6.31e-05,0.1,0.0018666666666666666,0.021862793004498896,0.0004003441311939003,4.897265633007753
0.020255019392306676,1.0,7.94e-05,0.1,0.0018,0.021862793004498896,0.0004003441311939003,4.722363288971762
0.020255019392306676,1.0,0.0001,0.1,0.0017666666666666666,0.021862793004498896,0.0004003441311939003,4.634912116953767
0.020255019392306676,1.0,0.000126,0.1,0.0021,0.021862793004498896,0.0004003441311939003,5.509423837133721
0.020255019392306676,1.0,0.000158,0.1,0.0012333333333333332,0.021862793004498896,0.0004003441311939003,3.2356933646658366
0.020255019392306676,1.0,0.0002,0.1,0.0005,0.021862793004498896,0.0004003441311939003,1.311767580269934
0.020255019392306676,1.0,0.000251,0.1,0.0002,0.021862793004498896,0.0004003441311939003,0.5247070321079735
0.020255019392306676,1.0,0.000316,0.1,3.3333333333333335e-05,0.021862793004498896,0.0004003441311939003,0.08745117201799558
0.020255019392306676,1.0,0.000398,0.1,3.3333333333333335e-05,0.021862793004498896,0.0004003441311939003,0.08745117201799558
0.020255019392306676,1.0,0.000501,0.1,0.0,0.021862793004498896,0.0004003441311939003,0.0
0.020255019392306676,1.0,0.000631,0.1,0.0,0.021862793004498896,0.0004003441311939003,0.0
0.020255019392306676,1.0,0.000794,0.1,0.0,0.021862793004498896,0.0004003441311939003,0.0
0.020255019392306676,1.0,0.001,0.1,0.0,0.021862793004498896,0.0004003441311939003,0.0
0.020255019392306676,1.0,0.00126,0.1,0.0,0.021862793004498896,0.0004003441311939003,0.0
0.020255019392306676,1.0,0.00158,0.1,0.0,0.021862793004498896,0.0004003441311939003,0.0
0.020255019392306676,1.0,0.002,0.1,0.0,0.021862793004498896,0.0004003441311939003,0.0
0.020255019392306676,1.0,0.00251,0.1,0.0,0.021862793004498896,0.0004003441311939003,0.0
0.020255019392306676,1.0,0.00316,0.1,0.0,0.021862793004498896,0.0004003441311939003,0.0
0.020255019392306676,1.0,0.00398,0.1,0.0,0.021862793004498896,0.0004003441311939003,0.0
0.020255019392306676,1.0,0.00501,0.1,0.0,0.021862793004498896,0.0004003441311939003,0.0
0.020255019392306676,1.0,0.00631,0.1,0.0,0.021862793004498896,0.0004003441311939003,0.0
0.021214517849106298,1.0,3.16e-07,0.1,0.0,0.023982242253008722,0.000439154774821621,0.0
0.021214517849106298,1.0,3.98e-07,0.1,0.0,0.023982242253008722,0.000439154774821621,0.0
0.021214517849106298,1.0,5.01e-07,0.1,0.0,0.023982242253008722,0.000439154774821621,0.0
0.021214517849106298,1.0,6.31e-07,0.1,0.0,0.023982242253008722,0.000439154774821621,0.0
0.021214517849106298,1.0,7.94e-07,0.1,0.0,0.023982242253008722,0.000439154774821621,0.0
0.021214517849106298,1.0,1e-06,0.1,0.0,0.023982242253008722,0.000439154774821621,0.0
0.021214517849106298,1.0,1.26e-06,0.1,0.0,0.023982242253008722,0.000439154774821621,0.0
0.021214517849106298,1.0,1.58e-06,0.1,0.0,0.023982242253008722,0.000439154774821621,0.0
0.021214517849106298,1.0,2e-06,0.1,0.0,0.023982242253008722,0.000439154774821621,0.0
0.021214517849106298,1.0,2.51e-06,0.1,3.3333333333333335e-05,0.023982242253008722,0.000439154774821621,0.0959289690120349
0.021214517849106298,1.0,3.98e-06,0.1,0.0001,0.023982242253008722,0.000439154774821621,0.2877869070361047
0.021214517849106298,1.0,5.01e-06,0.1,6.666666666666667e-05,0.023982242253008722,0.000439154774821621,0.1918579380240698
0.021214517849106298,1.0,7.94e-06,0.1,6.666666666666667e-05,0.023982242253008722,0.000439154774821621,0.1918579380240698
0.021214517849106298,1.0,1e-05,0.1,6.666666666666667e-05,0.023982242253008722,0.000439154774821621,0.1918579380240698
0.021214517849106298,1.0,1.26e-05,0.1,0.00023333333333333333,0.023982242253008722,0.000439154774821621,0.6715027830842443
0.021214517849106298,1.0,1.58e-05,0.1,0.0001,0.023982242253008722,0.000439154774821621,0.2877869070361047
0.021214517849106298,1.0,2.51e-05,0.1,0.0005,0.023982242253008722,0.000439154774821621,1.4389345351805236
0.021214517849106298,1.0,3.16e-05,0.1,0.0006,0.023982242253008722,0.000439154774821621,1.7267214422166282
0.021214517849106298,1.0,3.98e-05,0.1,0.0011,0.023982242253008722,0.000439154774821621,3.1656559773971518
0.021214517849106298,1.0,5.01e-05,0.1,0.0013333333333333333,0.023982242253008722,0.000439154774821621,3.8371587604813957
0.021214517849106298,1.0,6.31e-05,0.1,0.0018666666666666666,0.023982242253008722,0.000439154774821621,5.372022264673954
0.021214517849106298,1.0,7.94e-05,0.1,0.0018,0.023982242253008722,0.000439154774821621,5.1801643266498845
0.021214517849106298,1.0,0.0001,0.1,0.0017666666666666666,0.023982242253008722,0.000439154774821621,5.08423535763785
0.021214517849106298,1.0,0.000126,0.1,0.0021,0.023982242253008722,0.000439154774821621,6.043525047758198
0.021214517849106298,1.0,0.000158,0.1,0.0012333333333333332,0.023982242253008722,0.000439154774821621,3.549371853445291
0.021214517849106298,1.0,0.0002,0.1,0.0005,0.023982242253008722,0.000439154774821621,1.4389345351805236
0.021214517849106298,1.0,0.000251,0.1,0.0002,0.023982242253008722,0.000439154774821621,0.5755738140722094
0.021214517849106298,1.0,0.000316,0.1,3.3333333333333335e-05,0.023982242253008722,0.000439154774821621,0.0959289690120349
0.021214517849106298,1.0,0.000398,0.1,3.3333333333333335e-05,0.023982242253008722,0.000439154774821621,0.0959289690120349
0.021214517849106298,1.0,0.000501,0.1,0.0,0.023982242253008722,0.000439154774821621,0.0
0.021214517849106298,1.0,0.000631,0.1,0.0,0.023982242253008722,0.000439154774821621,0.0
0.021214517849106298,1.0,0.000794,0.1,0.0,0.023982242253008722,0.000439154774821621,0.0
0.021214517849106298,1.0,0.001,0.1,0.0,0.023982242253008722,0.000439154774821621,0.0
0.021214517849106298,1.0,0.00126,0.1,0.0,0.023982242253008722,0.000439154774821621,0.0
0.021214517849106298,1.0,0.00158,0.1,0.0,0.023982242253008722,0.000439154774821621,0.0
0.021214517849106298,1.0,0.002,0.1,0.0,0.023982242253008722,0.000439154774821621,0.0
0.021214517849106298,1.0,0.00251,0.1,0.0,0.023982242253008722,0.000439154774821621,0.0
0.021214517849106298,1.0,0.00316,0.1,0.0,0.023982242253008722,0.000439154774821621,0.0
0.021214517849106298,1.0,0.00398,0.1,0.0,0.023982242253008722,0.000439154774821621,0.0
0.021214517849106298,1.0,0.00501,0.1,0.0,0.023982242253008722,0.000439154774821621,0.0
0.021214517849106298,1.0,0.00631,0.1,0.0,0.023982242253008722,0.000439154774821621,0.0
0.02221946860939524,1.0,3.16e-07,0.1,0.0,0.02630705868880816,0.00048172603348852156,0.0
0.02221946860939524,1.0,3.98e-07,0.1,0.0,0.02630705868880816,0.00048172603348852156,0.0
0.02221946860939524,1.0,5.01e-07,0.1,0.0,0.02630705868880816,0.00048172603348852156,0.0
0.02221946860939524,1.0,6.31e-07,0.1,0.0,0.02630705868880816,0.00048172603348852156,0.0
0.02221946860939524,1.0,7.94e-07,0.1,0.0,0.02630705868880816,0.00048172603348852156,0.0
0.02221946860939524,1.0,1e-06,0.1,0.0,0.02630705868880816,0.00048172603348852156,0.0
0.02221946860939524,1.0,1.26e-06,0.1,0.0,0.02630705868880816,0.00048172603348852156,0.0
0.02221946860939524,1.0,1.58e-06,0.1,0.0,0.02630705868880816,0.00048172603348852156,0.0
0.02221946860939524,1.0,2e-06,0.1,0.0,0.02630705868880816,0.00048172603348852156,0.0
0.02221946860939524,1.0,2.51e-06,0.1,3.3333333333333335e-05,0.02630705868880816,0.00048172603348852156,0.10522823475523267
0.02221946860939524,1.0,3.98e-06,0.1,0.0001,0.02630705868880816,0.00048172603348852156,0.315684704265698
0.02221946860939524,1.0,5.01e-06,0.1,6.666666666666667e-05,0.02630705868880816,0.00048172603348852156,0.21045646951046534
0.02221946860939524,1.0,7.94e-06,0.1,6.666666666666667e-05,0.02630705868880816,0.00048172603348852156,0.21045646951046534
0.02221946860939524,1.0,1e-05,0.1,6.666666666666667e-05,0.02630705868880816,0.00048172603348852156,0.21045646951046534
0.02221946860939524,1.0,1.26e-05,0.1,0.00023333333333333333,0.02630705868880816,0.00048172603348852156,0.7365976432866286
0.02221946860939524,1.0,1.58e-05,0.1,0.0001,0.02630705868880816,0.00048172603348852156,0.315684704265698
0.02221946860939524,1.0,2.51e-05,0.1,0.0005,0.02630705868880816,0.00048172603348852156,1.5784235213284898
0.02221946860939524,1.0,3.16e-05,0.1,0.0006,0.02630705868880816,0.00048172603348852156,1.8941082255941877
0.02221946860939524,1.0,3.98e-05,0.1,0.0011,0.02630705868880816,0.00048172603348852156,3.4725317469226775
0.02221946860939524,1.0,5.01e-05,0.1,0.0013333333333333333,0.02630705868880816,0.00048172603348852156,4.209129390209306
0.02221946860939524,1.0,6.31e-05,0.1,0.0018666666666666666,0.02630705868880816,0.00048172603348852156,5.892781146293029
0.02221946860939524,1.0,7.94e-05,0.1,0.0018,0.02630705868880816,0.00048172603348852156,5.682324676782564
0.02221946860939524,1.0,0.0001,0.1,0.0017666666666666666,0.02630705868880816,0.00048172603348852156,5.57709644202733
0.02221946860939524,1.0,0.000126,0.1,0.0021,0.02630705868880816,0.00048172603348852156,6.629378789579658
0.02221946860939524,1.0,0.000158,0.1,0.0012333333333333332,0.02630705868880816,0.00048172603348852156,3.8934446859436083
0.02221946860939524,1.0,0.0002,0.1,0.0005,0.02630705868880816,0.00048172603348852156,1.5784235213284898
0.02221946860939524,1.0,0.000251,0.1,0.0002,0.02630705868880816,0.00048172603348852156,0.631369408531396
0.02221946860939524,1.0,0.000316,0.1,3.3333333333333335e-05,0.02630705868880816,0.00048172603348852156,0.10522823475523267
0.02221946860939524,1.0,0.000398,0.1,3.3333333333333335e-05,0.02630705868880816,0.00048172603348852156,0.10522823475523267
0.02221946860939524,1.0,0.000501,0.1,0.0,0.02630705868880816,0.00048172603348852156,0.0
0.02221946860939524,1.0,0.000631,0.1,0.0,0.02630705868880816,0.00048172603348852156,0.0
0.02221946860939524,1.0,0.000794,0.1,0.0,0.02630705868880816,0.00048172603348852156,0.0
0.02221946860939524,1.0,0.001,0.1,0.0,0.02630705868880816,0.00048172603348852156,0.0
0.02221946860939524,1.0,0.00126,0.1,0.0,0.02630705868880816,0.00048172603348852156,0.0
0.02221946860939524,1.0,0.00158,0.1,0.0,0.02630705868880816,0.00048172603348852156,0.0
0.02221946860939524,1.0,0.002,0.1,0.0,0.02630705868880816,0.00048172603348852156,0.0
0.02221946860939524,1.0,0.00251,0.1,0.0,0.02630705868880816,0.00048172603348852156,0.0
0.02221946860939524,1.0,0.00316,0.1,0.0,0.02630705868880816,0.00048172603348852156,0.0
0.02221946860939524,1.0,0.00398,0.1,0.0,0.02630705868880816,0.00048172603348852156,0.0
0.02221946860939524,1.0,0.00501,0.1,0.0,0.02630705868880816,0.00048172603348852156,0.0
0.02221946860939524,1.0,0.00631,0.1,0.0,0.02630705868880816,0.00048172603348852156,0.0
0.023272024789604086,1.0,3.16e-07,0.1,0.0,0.028857121544380842,0.0005284219290309621,0.0
0.023272024789604086,1.0,3.98e-07,0.1,0.0,0.028857121544380842,0.0005284219290309621,0.0
0.023272024789604086,1.0,5.01e-07,0.1,0.0,0.028857121544380842,0.0005284219290309621,0.0
0.023272024789604086,1.0,6.31e-07,0.1,0.0,0.028857121544380842,0.0005284219290309621,0.0
0.023272024789604086,1.0,7.94e-07,0.1,0.0,0.028857121544380842,0.0005284219290309621,0.0
0.023272024789604086,1.0,1e-06,0.1,0.0,0.028857121544380842,0.0005284219290309621,0.0
0.023272024789604086,1.0,1.26e-06,0.1,0.0,0.028857121544380842,0.0005284219290309621,0.0
0.023272024789604086,1.0,1.58e-06,0.1,0.0,0.028857121544380842,0.0005284219290309621,0.0
0.023272024789604086,1.0,2e-06,0.1,0.0,0.028857121544380842,0.0005284219290309621,0.0
0.023272024789604086,1.0,2.51e-06,0.1,3.3333333333333335e-05,0.028857121544380842,0.0005284219290309621,0.11542848617752338
0.023272024789604086,1.0,3.98e-06,0.1,0.0001,0.028857121544380842,0.0005284219290309621,0.34628545853257015
0.023272024789604086,1.0,5.01e-06,0.1,6.666666666666667e-05,0.028857121544380842,0.0005284219290309621,0.23085697235504676
0.023272024789604086,1.0,7.94e-06,0.1,6.666666666666667e-05,0.028857121544380842,0.0005284219290309621,0.23085697235504676
0.023272024789604086,1.0,1e-05,0.1,6.666666666666667e-05,0.028857121544380842,0.0005284219290309621,0.23085697235504676
0.023272024789604086,1.0,1.26e-05,0.1,0.00023333333333333333,0.028857121544380842,0.0005284219290309621,0.8079994032426637
0.023272024789604086,1.0,1.58e-05,0.1,0.0001,0.028857121544380842,0.0005284219290309621,0.34628545853257015
0.023272024789604086,1.0,2.51e-05,0.1,0.0005,0.028857121544380842,0.0005284219290309621,1.731427292662851
0.023272024789604086,1.0,3.16e-05,0.1,0.0006,0.028857121544380842,0.0005284219290309621,2.0777127511954205
0.023272024789604086,1.0,3.98e-05,0.1,0.0011,0.028857121544380842,0.0005284219290309621,3.809140043858272
0.023272024789604086,1.0,5.01e-05,0.1,0.0013333333333333333,0.028857121544380842,0.0005284219290309621,4.617139447100935
0.023272024789604086,1.0,6.31e-05,0.1,0.0018666666666666666,0.028857121544380842,0.0005284219290309621,6.46399522594131
0.023272024789604086,1.0,7.94e-05,0.1,0.0018,0.028857121544380842,0.0005284219290309621,6.2331382535862625
0.023272024789604086,1.0,0.0001,0.1,0.0017666666666666666,0.028857121544380842,0.0005284219290309621,6.117709767408739
0.023272024789604086,1.0,0.000126,0.1,0.0021,0.028857121544380842,0.0005284219290309621,7.271994629183972
0.023272024789604086,1.0,0.000158,0.1,0.0012333333333333332,0.028857121544380842,0.0005284219290309621,4.270853988568365
0.023272024789604086,1.0,0.0002,0.1,0.0005,0.028857121544380842,0.0005284219290309621,1.731427292662851
0.023272024789604086,1.0,0.000251,0.1,0.0002,0.028857121544380842,0.0005284219290309621,0.6925709170651403
0.023272024789604086,1.0,0.000316,0.1,3.3333333333333335e-05,0.028857121544380842,0.0005284219290309621,0.11542848617752338
0.023272024789604086,1.0,0.000398,0.1,3.3333333333333335e-05,0.028857121544380842,0.0005284219290309621,0.11542848617752338
0.023272024789604086,1.0,0.000501,0.1,0.0,0.028857121544380842,0.0005284219290309621,0.0
0.023272024789604086,1.0,0.000631,0.1,0.0,0.028857121544380842,0.0005284219290309621,0.0
0.023272024789604086,1.0,0.000794,0.1,0.0,0.028857121544380842,0.0005284219290309621,0.0
0.023272024789604086,1.0,0.001,0.1,0.0,0.028857121544380842,0.0005284219290309621,0.0
0.023272024789604086,1.0,0.00126,0.1,0.0,0.028857121544380842,0.0005284219290309621,0.0
0.023272024789604086,1.0,0.00158,0.1,0.0,0.028857121544380842,0.0005284219290309621,0.0
0.023272024789604086,1.0,0.002,0.1,0.0,0.028857121544380842,0.0005284219290309621,0.0
0.023272024789604086,1.0,0.00251,0.1,0.0,0.028857121544380842,0.0005284219290309621,0.0
0.023272024789604086,1.0,0.00316,0.1,0.0,0.028857121544380842,0.0005284219290309621,0.0
0.023272024789604086,1.0,0.00398,0.1,0.0,0.028857121544380842,0.0005284219290309621,0.0
0.023272024789604086,1.0,0.00501,0.1,0.0,0.028857121544380842,0.0005284219290309621,0.0
0.023272024789604086,1.0,0.00631,0.1,0.0,0.028857121544380842,0.0005284219290309621,0.0
0.024374441501222206,1.0,3.16e-07,0.1,0.0,0.0316542302412234,0.0005796416451423439,0.0
0.024374441501222206,1.0,3.98e-07,0.1,0.0,0.0316542302412234,0.0005796416451423439,0.0
0.024374441501222206,1.0,5.01e-07,0.1,0.0,0.0316542302412234,0.0005796416451423439,0.0
0.024374441501222206,1.0,6.31e-07,0.1,0.0,0.0316542302412234,0.0005796416451423439,0.0
0.024374441501222206,1.0,7.94e-07,0.1,0.0,0.0316542302412234,0.0005796416451423439,0.0
0.024374441501222206,1.0,1e-06,0.1,0.0,0.0316542302412234,0.0005796416451423439,0.0
0.024374441501222206,1.0,1.26e-06,0.1,0.0,0.0316542302412234,0.0005796416451423439,0.0
0.024374441501222206,1.0,1.58e-06,0.1,0.0,0.0316542302412234,0.0005796416451423439,0.0
0.024374441501222206,1.0,2e-06,0.1,0.0,0.0316542302412234,0.0005796416451423439,0.0
0.024374441501222206,1.0,2.51e-06,0.1,3.3333333333333335e-05,0.0316542302412234,0.0005796416451423439,0.1266169209648936
0.024374441501222206,1.0,3.98e-06,0.1,0.0001,0.0316542302412234,0.0005796416451423439,0.37985076289468084
0.024374441501222206,1.0,5.01e-06,0.1,6.666666666666667e-05,0.0316542302412234,0.0005796416451423439,0.2532338419297872
0.024374441501222206,1.0,7.94e-06,0.1,6.666666666666667e-05,0.0316542302412234,0.0005796416451423439,0.2532338419297872
0.024374441501222206,1.0,1e-05,0.1,6.666666666666667e-05,0.0316542302412234,0.0005796416451423439,0.2532338419297872
0.024374441501222206,1.0,1.26e-05,0.1,0.00023333333333333333,0.0316542302412234,0.0005796416451423439,0.8863184467542553
0.024374441501222206,1.0,1.58e-05,0.1,0.0001,0.0316542302412234,0.0005796416451423439,0.37985076289468084
0.024374441501222206,1.0,2.51e-05,0.1,0.0005,0.0316542302412234,0.0005796416451423439,1.8992538144734041
0.024374441501222206,1.0,3.16e-05,0.1,0.0006,0.0316542302412234,0.0005796416451423439,2.2791045773680847
0.024374441501222206,1.0,3.98e-05,0.1,0.0011,0.0316542302412234,0.0005796416451423439,4.178358391841489
0.024374441501222206,1.0,5.01e-05,0.1,0.0013333333333333333,0.0316542302412234,0.0005796416451423439,5.064676838595744
0.024374441501222206,1.0,6.31e-05,0.1,0.0018666666666666666,0.0316542302412234,0.0005796416451423439,7.0905475740340425
0.024374441501222206,1.0,7.94e-05,0.1,0.0018,0.0316542302412234,0.0005796416451423439,6.837313732104255
0.024374441501222206,1.0,0.0001,0.1,0.0017666666666666666,0.0316542302412234,0.0005796416451423439,6.7106968111393615
0.024374441501222206,1.0,0.000126,0.1,0.0021,0.0316542302412234,0.0005796416451423439,7.976866020788297
0.024374441501222206,1.0,0.000158,0.1,0.0012333333333333332,0.0316542302412234,0.0005796416451423439,4.684826075701063
0.024374441501222206,1.0,0.0002,0.1,0.0005,0.0316542302412234,0.0005796416451423439,1.8992538144734041
0.024374441501222206,1.0,0.000251,0.1,0.0002,0.0316542302412234,0.0005796416451423439,0.7597015257893617
0.024374441501222206,1.0,0.000316,0.1,3.3333333333333335e-05,0.0316542302412234,0.0005796416451423439,0.1266169209648936
0.024374441501222206,1.0,0.000398,0.1,3.3333333333333335e-05,0.0316542302412234,0.0005796416451423439,0.1266169209648936
0.024374441501222206,1.0,0.000501,0.1,0.0,0.0316542302412234,0.0005796416451423439,0.0
0.024374441501222206,1.0,0.000631,0.1,0.0,0.0316542302412234,0.0005796416451423439,0.0
0.024374441501222206,1.0,0.000794,0.1,0.0,0.0316542302412234,0.0005796416451423439,0.0
0.024374441501222206,1.0,0.001,0.1,0.0,0.0316542302412234,0.0005796416451423439,0.0
0.024374441501222206,1.0,0.00126,0.1,0.0,0.0316542302412234,0.0005796416451423439,0.0
0.024374441501222206,1.0,0.00158,0.1,0.0,0.0316542302412234,0.0005796416451423439,0.0
0.024374441501222206,1.0,0.002,0.1,0.0,0.0316542302412234,0.0005796416451423439,0.0
0.024374441501222206,1.0,0.00251,0.1,0.0,0.0316542302412234,0.0005796416451423439,0.0
0.024374441501222206,1.0,0.00316,0.1,0.0,0.0316542302412234,0.0005796416451423439,0.0
0.024374441501222206,1.0,0.00398,0.1,0.0,0.0316542302412234,0.0005796416451423439,0.0
0.024374441501222206,1.0,0.00501,0.1,0.0,0.0316542302412234,0.0005796416451423439,0.0
0.024374441501222206,1.0,0.00631,0.1,0.0,0.0316542302412234,0.0005796416451423439,0.0
0.025529080682395178,1.0,3.16e-07,0.1,0.0,0.03472228903465648,0.0006358229085269453,0.0
0.025529080682395178,1.0,3.98e-07,0.1,0.0,0.03472228903465648,0.0006358229085269453,0.0
0.025529080682395178,1.0,5.01e-07,0.1,0.0,0.03472228903465648,0.0006358229085269453,0.0
0.025529080682395178,1.0,6.31e-07,0.1,0.0,0.03472228903465648,0.0006358229085269453,0.0
0.025529080682395178,1.0,7.94e-07,0.1,0.0,0.03472228903465648,0.0006358229085269453,0.0
0.025529080682395178,1.0,1e-06,0.1,0.0,0.03472228903465648,0.0006358229085269453,0.0
0.025529080682395178,1.0,1.26e-06,0.1,0.0,0.03472228903465648,0.0006358229085269453,0.0
0.025529080682395178,1.0,1.58e-06,0.1,0.0,0.03472228903465648,0.0006358229085269453,0.0
0.025529080682395178,1.0,2e-06,0.1,0.0,0.03472228903465648,0.0006358229085269453,0.0
0.025529080682395178,1.0,2.51e-06,0.1,3.3333333333333335e-05,0.03472228903465648,0.0006358229085269453,0.13888915613862593
0.025529080682395178,1.0,3.98e-06,0.1,0.0001,0.03472228903465648,0.0006358229085269453,0.4166674684158778
0.025529080682395178,1.0,5.01e-06,0.1,6.666666666666667e-05,0.03472228903465648,0.0006358229085269453,0.27777831227725186
0.025529080682395178,1.0,7.94e-06,0.1,6.666666666666667e-05,0.03472228903465648,0.0006358229085269453,0.27777831227725186
0.025529080682395178,1.0,1e-05,0.1,6.666666666666667e-05,0.03472228903465648,0.0006358229085269453,0.27777831227725186
0.025529080682395178,1.0,1.26e-05,0.1,0.00023333333333333333,0.03472228903465648,0.0006358229085269453,0.9722240929703816
0.025529080682395178,1.0,1.58e-05,0.1,0.0001,0.03472228903465648,0.0006358229085269453,0.4166674684158778
0.025529080682395178,1.0,2.51e-05,0.1,0.0005,0.03472228903465648,0.0006358229085269453,2.083337342079389
0.025529080682395178,1.0,3.16e-05,0.1,0.0006,0.03472228903465648,0.0006358229085269453,2.5000048104952666
0.025529080682395178,1.0,3.98e-05,0.1,0.0011,0.03472228903465648,0.0006358229085269453,4.583342152574656
0.025529080682395178,1.0,5.01e-05,0.1,0.0013333333333333333,0.03472228903465648,0.0006358229085269453,5.555566245545037
0.025529080682395178,1.0,6.31e-05,0.1,0.0018666666666666666,0.03472228903465648,0.0006358229085269453,7.777792743763053
0.025529080682395178,1.0,7.94e-05,0.1,0.0018,0.03472228903465648,0.0006358229085269453,7.500014431485801
0.025529080682395178,1.0,0.0001,0.1,0.0017666666666666666,0.03472228903465648,0.0006358229085269453,7.361125275347175
0.025529080682395178,1.0,0.000126,0.1,0.0021,0.03472228903465648,0.0006358229085269453,8.750016836733435
0.025529080682395178,1.0,0.000158,0.1,0.0012333333333333332,0.03472228903465648,0.0006358229085269453,5.13889877712916
0.025529080682395178,1.0,0.0002,0.1,0.0005,0.03472228903465648,0.0006358229085269453,2.083337342079389
0.025529080682395178,1.0,0.000251,0.1,0.0002,0.03472228903465648,0.0006358229085269453,0.8333349368317556
0.025529080682395178,1.0,0.000316,0.1,3.3333333333333335e-05,0.03472228903465648,0.0006358229085269453,0.13888915613862593
0.025529080682395178,1.0,0.000398,0.1,3.3333333333333335e-05,0.03472228903465648,0.0006358229085269453,0.13888915613862593
0.025529080682395178,1.0,0.000501,0.1,0.0,0.03472228903465648,0.0006358229085269453,0.0
0.025529080682395178,1.0,0.000631,0.1,0.0,0.03472228903465648,0.0006358229085269453,0.0
0.025529080682395178,1.0,0.000794,0.1,0.0,0.03472228903465648,0.0006358229085269453,0.0
0.025529080682395178,1.0,0.001,0.1,0.0,0.03472228903465648,0.0006358229085269453,0.0
0.025529080682395178,1.0,0.00126,0.1,0.0,0.03472228903465648,0.0006358229085269453,0.0
0.025529080682395178,1.0,0.00158,0.1,0.0,0.03472228903465648,0.0006358229085269453,0.0
0.025529080682395178,1.0,0.002,0.1,0.0,0.03472228903465648,0.0006358229085269453,0.0
0.025529080682395178,1.0,0.00251,0.1,0.0,0.03472228903465648,0.0006358229085269453,0.0
0.025529080682395178,1.0,0.00316,0.1,0.0,0.03472228903465648,0.0006358229085269453,0.0
0.025529080682395178,1.0,0.00398,0.1,0.0,0.03472228903465648,0.0006358229085269453,0.0
0.025529080682395178,1.0,0.00501,0.1,0.0,0.03472228903465648,0.0006358229085269453,0.0
0.025529080682395178,1.0,0.00631,0.1,0.0,0.03472228903465648,0.0006358229085269453,0.0
0.026738416158399468,1.0,3.16e-07,0.1,0.0,0.038087509244905816,0.0006974456920876363,0.0
0.026738416158399468,1.0,3.98e-07,0.1,0.0,0.038087509244905816,0.0006974456920876363,0.0
0.026738416158399468,1.0,5.01e-07,0.1,0.0,0.038087509244905816,0.0006974456920876363,0.0
0.026738416158399468,1.0,6.31e-07,0.1,0.0,0.038087509244905816,0.0006974456920876363,0.0
0.026738416158399468,1.0,7.94e-07,0.1,0.0,0.038087509244905816,0.0006974456920876363,0.0
0.026738416158399468,1.0,1e-06,0.1,0.0,0.038087509244905816,0.0006974456920876363,0.0
0.026738416158399468,1.0,1.26e-06,0.1,0.0,0.038087509244905816,0.0006974456920876363,0.0
0.026738416158399468,1.0,1.58e-06,0.1,0.0,0.038087509244905816,0.0006974456920876363,0.0
0.026738416158399468,1.0,2e-06,0.1,0.0,0.038087509244905816,0.0006974456920876363,0.0
0.026738416158399468,1.0,2.51e-06,0.1,3.3333333333333335e-05,0.038087509244905816,0.0006974456920876363,0.1523500369796233
0.026738416158399468,1.0,3.98e-06,0.1,0.0001,0.038087509244905816,0.0006974456920876363,0.4570501109388698
0.026738416158399468,1.0,5.01e-06,0.1,6.666666666666667e-05,0.038087509244905816,0.0006974456920876363,0.3047000739592466
0.026738416158399468,1.0,7.94e-06,0.1,6.666666666666667e-05,0.038087509244905816,0.0006974456920876363,0.3047000739592466
0.026738416158399468,1.0,1e-05,0.1,6.666666666666667e-05,0.038087509244905816,0.0006974456920876363,0.3047000739592466
0.026738416158399468,1.0,1.26e-05,0.1,0.00023333333333333333,0.038087509244905816,0.0006974456920876363,1.066450258857363
0.026738416158399468,1.0,1.58e-05,0.1,0.0001,0.038087509244905816,0.0006974456920876363,0.4570501109388698
0.026738416158399468,1.0,2.51e-05,0.1,0.0005,0.038087509244905816,0.0006974456920876363,2.2852505546943496
0.026738416158399468,1.0,3.16e-05,0.1,0.0006,0.038087509244905816,0.0006974456920876363,2.742300665633219
0.026738416158399468,1.0,3.98e-05,0.1,0.0011,0.038087509244905816,0.0006974456920876363,5.027551220327569
0.026738416158399468,1.0,5.01e-05,0.1,0.0013333333333333333,0.038087509244905816,0.0006974456920876363,6.094001479184931
0.026738416158399468,1.0,6.31e-05,0.1,0.0018666666666666666,0.038087509244905816,0.0006974456920876363,8.531602070858904
0.026738416158399468,1.0,7.94e-05,0.1,0.0018,0.038087509244905816,0.0006974456920876363,8.226901996899658
0.026738416158399468,1.0,0.0001,0.1,0.0017666666666666666,0.038087509244905816,0.0006974456920876363,8.074551959920035
0.026738416158399468,1.0,0.000126,0.1,0.0021,0.038087509244905816,0.0006974456920876363,9.598052329716266
0.026738416158399468,1.0,0.000158,0.1,0.0012333333333333332,0.038087509244905816,0.0006974456920876363,5.636951368246061
0.026738416158399468,1.0,0.0002,0.1,0.0005,0.038087509244905816,0.0006974456920876363,2.2852505546943496
0.026738416158399468,1.0,0.000251,0.1,0.0002,0.038087509244905816,0.0006974456920876363,0.9141002218777396
0.026738416158399468,1.0,0.000316,0.1,3.3333333333333335e-05,0.038087509244905816,0.0006974456920876363,0.1523500369796233
0.026738416158399468,1.0,0.000398,0.1,3.3333333333333335e-05,0.038087509244905816,0.0006974456920876363,0.1523500369796233
0.026738416158399468,1.0,0.000501,0.1,0.0,0.038087509244905816,0.0006974456920876363,0.0
0.026738416158399468,1.0,0.000631,0.1,0.0,0.038087509244905816,0.0006974456920876363,0.0
0.026738416158399468,1.0,0.000794,0.1,0.0,0.038087509244905816,0.0006974456920876363,0.0
0.026738416158399468,1.0,0.001,0.1,0.0,0.038087509244905816,0.0006974456920876363,0.0
0.026738416158399468,1.0,0.00126,0.1,0.0,0.038087509244905816,0.0006974456920876363,0.0
0.026738416158399468,1.0,0.00158,0.1,0.0,0.038087509244905816,0.0006974456920876363,0.0
0.026738416158399468,1.0,0.002,0.1,0.0,0.038087509244905816,0.0006974456920876363,0.0
0.026738416158399468,1.0,0.00251,0.1,0.0,0.038087509244905816,0.0006974456920876363,0.0
0.026738416158399468,1.0,0.00316,0.1,0.0,0.038087509244905816,0.0006974456920876363,0.0
0.026738416158399468,1.0,0.00398,0.1,0.0,0.038087509244905816,0.0006974456920876363,0.0
0.026738416158399468,1.0,0.00501,0.1,0.0,0.038087509244905816,0.0006974456920876363,0.0
0.026738416158399468,1.0,0.00631,0.1,0.0,0.038087509244905816,0.0006974456920876363,0.0
0.02800503894183631,1.0,3.16e-07,0.1,0.0,0.041778630714958895,0.0007650362701878574,0.0
0.02800503894183631,1.0,3.98e-07,0.1,0.0,0.041778630714958895,0.0007650362701878574,0.0
0.02800503894183631,1.0,5.01e-07,0.1,0.0,0.041778630714958895,0.0007650362701878574,0.0
0.02800503894183631,1.0,6.31e-07,0.1,0.0,0.041778630714958895,0.0007650362701878574,0.0
0.02800503894183631,1.0,7.94e-07,0.1,0.0,0.041778630714958895,0.0007650362701878574,0.0
0.02800503894183631,1.0,1e-06,0.1,0.0,0.041778630714958895,0.0007650362701878574,0.0
0.02800503894183631,1.0,1.26e-06,0.1,0.0,0.041778630714958895,0.0007650362701878574,0.0
0.02800503894183631,1.0,1.58e-06,0.1,0.0,0.041778630714958895,0.0007650362701878574,0.0
0.02800503894183631,1.0,2e-06,0.1,0.0,0.041778630714958895,0.0007650362701878574,0.0
0.02800503894183631,1.0,2.51e-06,0.1,3.3333333333333335e-05,0.041778630714958895,0.0007650362701878574,0.1671145228598356
0.02800503894183631,1.0,3.98e-06,0.1,0.0001,0.041778630714958895,0.0007650362701878574,0.5013435685795068
0.02800503894183631,1.0,5.01e-06,0.1,6.666666666666667e-05,0.041778630714958895,0.0007650362701878574,0.3342290457196712
0.02800503894183631,1.0,7.94e-06,0.1,6.666666666666667e-05,0.041778630714958895,0.0007650362701878574,0.3342290457196712
0.02800503894183631,1.0,1e-05,0.1,6.666666666666667e-05,0.041778630714958895,0.0007650362701878574,0.3342290457196712
0.02800503894183631,1.0,1.26e-05,0.1,0.00023333333333333333,0.041778630714958895,0.0007650362701878574,1.169801660018849
0.02800503894183631,1.0,1.58e-05,0.1,0.0001,0.041778630714958895,0.0007650362701878574,0.5013435685795068
0.02800503894183631,1.0,2.51e-05,0.1,0.0005,0.041778630714958895,0.0007650362701878574,2.506717842897534
0.02800503894183631,1.0,3.16e-05,0.1,0.0006,0.041778630714958895,0.0007650362701878574,3.0080614114770405
0.02800503894183631,1.0,3.98e-05,0.1,0.0011,0.041778630714958895,0.0007650362701878574,5.514779254374575
0.02800503894183631,1.0,5.01e-05,0.1,0.0013333333333333333,0.041778630714958895,0.0007650362701878574,6.684580914393424
0.02800503894183631,1.0,6.31e-05,0.1,0.0018666666666666666,0.041778630714958895,0.0007650362701878574,9.358413280150792
0.02800503894183631,1.0,7.94e-05,0.1,0.0018,0.041778630714958895,0.0007650362701878574,9.024184234431122
0.02800503894183631,1.0,0.0001,0.1,0.0017666666666666666,0.041778630714958895,0.0007650362701878574,8.857069711571286
0.02800503894183631,1.0,0.000126,0.1,0.0021,0.041778630714958895,0.0007650362701878574,10.528214940169642
0.02800503894183631,1.0,0.000158,0.1,0.0012333333333333332,0.041778630714958895,0.0007650362701878574,6.183237345813916
0.02800503894183631,1.0,0.0002,0.1,0.0005,0.041778630714958895,0.0007650362701878574,2.506717842897534
0.02800503894183631,1.0,0.000251,0.1,0.0002,0.041778630714958895,0.0007650362701878574,1.0026871371590136
0.02800503894183631,1.0,0.000316,0.1,3.3333333333333335e-05,0.041778630714958895,0.0007650362701878574,0.1671145228598356
0.02800503894183631,1.0,0.000398,0.1,3.3333333333333335e-05,0.041778630714958895,0.0007650362701878574,0.1671145228598356
0.02800503894183631,1.0,0.000501,0.1,0.0,0.041778630714958895,0.0007650362701878574,0.0
0.02800503894183631,1.0,0.000631,0.1,0.0,0.041778630714958895,0.0007650362701878574,0.0
0.02800503894183631,1.0,0.000794,0.1,0.0,0.041778630714958895,0.0007650362701878574,0.0
0.02800503894183631,1.0,0.001,0.1,0.0,0.041778630714958895,0.0007650362701878574,0.0
0.02800503894183631,1.0,0.00126,0.1,0.0,0.041778630714958895,0.0007650362701878574,0.0
0.02800503894183631,1.0,0.00158,0.1,0.0,0.041778630714958895,0.0007650362701878574,0.0
0.02800503894183631,1.0,0.002,0.1,0.0,0.041778630714958895,0.0007650362701878574,0.0
0.02800503894183631,1.0,0.00251,0.1,0.0,0.041778630714958895,0.0007650362701878574,0.0
0.02800503894183631,1.0,0.00316,0.1,0.0,0.041778630714958895,0.0007650362701878574,0.0
0.02800503894183631,1.0,0.00398,0.1,0.0,0.041778630714958895,0.0007650362701878574,0.0
0.02800503894183631,1.0,0.00501,0.1,0.0,0.041778630714958895,0.0007650362701878574,0.0
0.02800503894183631,1.0,0.00631,0.1,0.0,0.041778630714958895,0.0007650362701878574,0.0
0.02933166278390044,1.0,3.16e-07,0.1,0.0,0.045827164281663356,0.000839171658701032,0.0
0.02933166278390044,1.0,3.98e-07,0.1,0.0,0.045827164281663356,0.000839171658701032,0.0
0.02933166278390044,1.0,5.01e-07,0.1,0.0,0.045827164281663356,0.000839171658701032,0.0
0.02933166278390044,1.0,6.31e-07,0.1,0.0,0.045827164281663356,0.000839171658701032,0.0
0.02933166278390044,1.0,7.94e-07,0.1,0.0,0.045827164281663356,0.000839171658701032,0.0
0.02933166278390044,1.0,1e-06,0.1,0.0,0.045827164281663356,0.000839171658701032,0.0
0.02933166278390044,1.0,1.26e-06,0.1,0.0,0.045827164281663356,0.000839171658701032,0.0
0.02933166278390044,1.0,1.58e-06,0.1,0.0,0.045827164281663356,0.000839171658701032,0.0
0.02933166278390044,1.0,2e-06,0.1,0.0,0.045827164281663356,0.000839171658701032,0.0
0.02933166278390044,1.0,2.51e-06,0.1,3.3333333333333335e-05,0.045827164281663356,0.000839171658701032,0.18330865712665345
0.02933166278390044,1.0,3.98e-06,0.1,0.0001,0.045827164281663356,0.000839171658701032,0.5499259713799604
0.02933166278390044,1.0,5.01e-06,0.1,6.666666666666667e-05,0.045827164281663356,0.000839171658701032,0.3666173142533069
0.02933166278390044,1.0,7.94e-06,0.1,6.666666666666667e-05,0.045827164281663356,0.000839171658701032,0.3666173142533069
0.02933166278390044,1.0,1e-05,0.1,6.666666666666667e-05,0.045827164281663356,0.000839171658701032,0.3666173142533069
0.02933166278390044,1.0,1.26e-05,0.1,0.00023333333333333333,0.045827164281663356,0.000839171658701032,1.283160599886574
0.02933166278390044,1.0,1.58e-05,0.1,0.0001,0.045827164281663356,0.000839171658701032,0.5499259713799604
0.02933166278390044,1.0,2.51e-05,0.1,0.0005,0.045827164281663356,0.000839171658701032,2.749629856899802
0.02933166278390044,1.0,3.16e-05,0.1,0.0006,0.045827164281663356,0.000839171658701032,3.299555828279762
0.02933166278390044,1.0,3.98e-05,0.1,0.0011,0.045827164281663356,0.000839171658701032,6.049185685179564
0.02933166278390044,1.0,5.01e-05,0.1,0.0013333333333333333,0.045827164281663356,0.000839171658701032,7.332346285066137
0.02933166278390044,1.0,6.31e-05,0.1,0.0018666666666666666,0.045827164281663356,0.000839171658701032,10.265284799092592
0.02933166278390044,1.0,7.94e-05,0.1,0.0018,0.045827164281663356,0.000839171658701032,9.898667484839287
0.02933166278390044,1.0,0.0001,0.1,0.0017666666666666666,0.045827164281663356,0.000839171658701032,9.715358827712633
0.02933166278390044,1.0,0.000126,0.1,0.0021,0.045827164281663356,0.000839171658701032,11.548445398979167
0.02933166278390044,1.0,0.000158,0.1,0.0012333333333333332,0.045827164281663356,0.000839171658701032,6.782420313686178
0.02933166278390044,1.0,0.0002,0.1,0.0005,0.045827164281663356,0.000839171658701032,2.749629856899802
0.02933166278390044,1.0,0.000251,0.1,0.0002,0.045827164281663356,0.000839171658701032,1.0998519427599207
0.02933166278390044,1.0,0.000316,0.1,3.3333333333333335e-05,0.045827164281663356,0.000839171658701032,0.18330865712665345
0.02933166278390044,1.0,0.000398,0.1,3.3333333333333335e-05,0.045827164281663356,0.000839171658701032,0.18330865712665345
0.02933166278390044,1.0,0.000501,0.1,0.0,0.045827164281663356,0.000839171658701032,0.0
0.02933166278390044,1.0,0.000631,0.1,0.0,0.045827164281663356,0.000839171658701032,0.0
0.02933166278390044,1.0,0.000794,0.1,0.0,0.045827164281663356,0.000839171658701032,0.0
0.02933166278390044,1.0,0.001,0.1,0.0,0.045827164281663356,0.000839171658701032,0.0
0.02933166278390044,1.0,0.00126,0.1,0.0,0.045827164281663356,0.000839171658701032,0.0
0.02933166278390044,1.0,0.00158,0.1,0.0,0.045827164281663356,0.000839171658701032,0.0
0.02933166278390044,1.0,0.002,0.1,0.0,0.045827164281663356,0.000839171658701032,0.0
0.02933166278390044,1.0,0.00251,0.1,0.0,0.045827164281663356,0.000839171658701032,0.0
0.02933166278390044,1.0,0.00316,0.1,0.0,0.045827164281663356,0.000839171658701032,0.0
0.02933166278390044,1.0,0.00398,0.1,0.0,0.045827164281663356,0.000839171658701032,0.0
0.02933166278390044,1.0,0.00501,0.1,0.0,0.045827164281663356,0.000839171658701032,0.0
0.02933166278390044,1.0,0.00631,0.1,0.0,0.045827164281663356,0.000839171658701032,0.0
0.030721129988617576,1.0,3.16e-07,0.1,0.0,0.05026765720400842,0.000920484475444212,0.0
0.030721129988617576,1.0,3.98e-07,0.1,0.0,0.05026765720400842,0.000920484475444212,0.0
0.030721129988617576,1.0,5.01e-07,0.1,0.0,0.05026765720400842,0.000920484475444212,0.0
0.030721129988617576,1.0,6.31e-07,0.1,0.0,0.05026765720400842,0.000920484475444212,0.0
0.030721129988617576,1.0,7.94e-07,0.1,0.0,0.05026765720400842,0.000920484475444212,0.0
0.030721129988617576,1.0,1e-06,0.1,0.0,0.05026765720400842,0.000920484475444212,0.0
0.030721129988617576,1.0,1.26e-06,0.1,0.0,0.05026765720400842,0.000920484475444212,0.0
0.030721129988617576,1.0,1.58e-06,0.1,0.0,0.05026765720400842,0.000920484475444212,0.0
0.030721129988617576,1.0,2e-06,0.1,0.0,0.05026765720400842,0.000920484475444212,0.0
0.030721129988617576,1.0,2.51e-06,0.1,3.3333333333333335e-05,0.05026765720400842,0.000920484475444212,0.2010706288160337
0.030721129988617576,1.0,3.98e-06,0.1,0.0001,0.05026765720400842,0.000920484475444212,0.6032118864481011
0.030721129988617576,1.0,5.01e-06,0.1,6.666666666666667e-05,0.05026765720400842,0.000920484475444212,0.4021412576320674
0.030721129988617576,1.0,7.94e-06,0.1,6.666666666666667e-05,0.05026765720400842,0.000920484475444212,0.4021412576320674
0.030721129988617576,1.0,1e-05,0.1,6.666666666666667e-05,0.05026765720400842,0.000920484475444212,0.4021412576320674
0.030721129988617576,1.0,1.26e-05,0.1,0.00023333333333333333,0.05026765720400842,0.000920484475444212,1.407494401712236
0.030721129988617576,1.0,1.58e-05,0.1,0.0001,0.05026765720400842,0.000920484475444212,0.6032118864481011
0.030721129988617576,1.0,2.51e-05,0.1,0.0005,0.05026765720400842,0.000920484475444212,3.0160594322405054
0.030721129988617576,1.0,3.16e-05,0.1,0.0006,0.05026765720400842,0.000920484475444212,3.619271318688606
0.030721129988617576,1.0,3.98e-05,0.1,0.0011,0.05026765720400842,0.000920484475444212,6.635330750929113
0.030721129988617576,1.0,5.01e-05,0.1,0.0013333333333333333,0.05026765720400842,0.000920484475444212,8.042825152641347
0.030721129988617576,1.0,6.31e-05,0.1,0.0018666666666666666,0.05026765720400842,0.000920484475444212,11.259955213697888
0.030721129988617576,1.0,7.94e-05,0.1,0.0018,0.05026765720400842,0.000920484475444212,10.857813956065819
0.030721129988617576,1.0,0.0001,0.1,0.0017666666666666666,0.05026765720400842,0.000920484475444212,10.656743327249785
0.030721129988617576,1.0,0.000126,0.1,0.0021,0.05026765720400842,0.000920484475444212,12.667449615410122
0.030721129988617576,1.0,0.000158,0.1,0.0012333333333333332,0.05026765720400842,0.000920484475444212,7.439613266193246
0.030721129988617576,1.0,0.0002,0.1,0.0005,0.05026765720400842,0.000920484475444212,3.0160594322405054
0.030721129988617576,1.0,0.000251,0.1,0.0002,0.05026765720400842,0.000920484475444212,1.2064237728962022
0.030721129988617576,1.0,0.000316,0.1,3.3333333333333335e-05,0.05026765720400842,0.000920484475444212,0.2010706288160337
0.030721129988617576,1.0,0.000398,0.1,3.3333333333333335e-05,0.05026765720400842,0.000920484475444212,0.2010706288160337
0.030721129988617576,1.0,0.000501,0.1,0.0,0.05026765720400842,0.000920484475444212,0.0
0.030721129988617576,1.0,0.000631,0.1,0.0,0.05026765720400842,0.000920484475444212,0.0
0.030721129988617576,1.0,0.000794,0.1,0.0,0.05026765720400842,0.000920484475444212,0.0
0.030721129988617576,1.0,0.001,0.1,0.0,0.05026765720400842,0.000920484475444212,0.0
0.030721129988617576,1.0,0.00126,0.1,0.0,0.05026765720400842,0.000920484475444212,0.0
0.030721129988617576,1.0,0.00158,0.1,0.0,0.05026765720400842,0.000920484475444212,0.0
0.030721129988617576,1.0,0.002,0.1,0.0,0.05026765720400842,0.000920484475444212,0.0
0.030721129988617576,1.0,0.00251,0.1,0.0,0.05026765720400842,0.000920484475444212,0.0
0.030721129988617576,1.0,0.00316,0.1,0.0,0.05026765720400842,0.000920484475444212,0.0
0.030721129988617576,1.0,0.00398,0.1,0.0,0.05026765720400842,0.000920484475444212,0.0
0.030721129988617576,1.0,0.00501,0.1,0.0,0.05026765720400842,0.000920484475444212,0.0
0.030721129988617576,1.0,0.00631,0.1,0.0,0.05026765720400842,0.000920484475444212,0.0
0.03217641750250737,1.0,3.16e-07,0.1,0.0,0.05513798366210601,0.0010096682596979676,0.0
0.03217641750250737,1.0,3.98e-07,0.1,0.0,0.05513798366210601,0.0010096682596979676,0.0
0.03217641750250737,1.0,5.01e-07,0.1,0.0,0.05513798366210601,0.0010096682596979676,0.0
0.03217641750250737,1.0,6.31e-07,0.1,0.0,0.05513798366210601,0.0010096682596979676,0.0
0.03217641750250737,1.0,7.94e-07,0.1,0.0,0.05513798366210601,0.0010096682596979676,0.0
0.03217641750250737,1.0,1e-06,0.1,0.0,0.05513798366210601,0.0010096682596979676,0.0
0.03217641750250737,1.0,1.26e-06,0.1,0.0,0.05513798366210601,0.0010096682596979676,0.0
0.03217641750250737,1.0,1.58e-06,0.1,0.0,0.05513798366210601,0.0010096682596979676,0.0
0.03217641750250737,1.0,2e-06,0.1,0.0,0.05513798366210601,0.0010096682596979676,0.0
0.03217641750250737,1.0,2.51e-06,0.1,3.3333333333333335e-05,0.05513798366210601,0.0010096682596979676,0.22055193464842407
0.03217641750250737,1.0,3.98e-06,0.1,0.0001,0.05513798366210601,0.0010096682596979676,0.6616558039452722
0.03217641750250737,1.0,5.01e-06,0.1,6.666666666666667e-05,0.05513798366210601,0.0010096682596979676,0.44110386929684814
0.03217641750250737,1.0,7.94e-06,0.1,6.666666666666667e-05,0.05513798366210601,0.0010096682596979676,0.44110386929684814
0.03217641750250737,1.0,1e-05,0.1,6.666666666666667e-05,0.05513798366210601,0.0010096682596979676,0.44110386929684814
0.03217641750250737,1.0,1.26e-05,0.1,0.00023333333333333333,0.05513798366210601,0.0010096682596979676,1.5438635425389684
0.03217641750250737,1.0,1.58e-05,0.1,0.0001,0.05513798366210601,0.0010096682596979676,0.6616558039452722
0.03217641750250737,1.0,2.51e-05,0.1,0.0005,0.05513798366210601,0.0010096682596979676,3.3082790197263616
0.03217641750250737,1.0,3.16e-05,0.1,0.0006,0.05513798366210601,0.0010096682596979676,3.9699348236716325
0.03217641750250737,1.0,3.98e-05,0.1,0.0011,0.05513798366210601,0.0010096682596979676,7.278213843397996
0.03217641750250737,1.0,5.01e-05,0.1,0.0013333333333333333,0.05513798366210601,0.0010096682596979676,8.822077385936963
0.03217641750250737,1.0,6.31e-05,0.1,0.0018666666666666666,0.05513798366210601,0.0010096682596979676,12.350908340311747
0.03217641750250737,1.0,7.94e-05,0.1,0.0018,0.05513798366210601,0.0010096682596979676,11.909804471014901
0.03217641750250737,1.0,0.0001,0.1,0.0017666666666666666,0.05513798366210601,0.0010096682596979676,11.689252536366475
0.03217641750250737,1.0,0.000126,0.1,0.0021,0.05513798366210601,0.0010096682596979676,13.894771882850717
0.03217641750250737,1.0,0.000158,0.1,0.0012333333333333332,0.05513798366210601,0.0010096682596979676,8.16042158199169
0.03217641750250737,1.0,0.0002,0.1,0.0005,0.05513798366210601,0.0010096682596979676,3.3082790197263616
0.03217641750250737,1.0,0.000251,0.1,0.0002,0.05513798366210601,0.0010096682596979676,1.3233116078905445
0.03217641750250737,1.0,0.000316,0.1,3.3333333333333335e-05,0.05513798366210601,0.0010096682596979676,0.22055193464842407
0.03217641750250737,1.0,0.000398,0.1,3.3333333333333335e-05,0.05513798366210601,0.0010096682596979676,0.22055193464842407
0.03217641750250737,1.0,0.000501,0.1,0.0,0.05513798366210601,0.0010096682596979676,0.0
0.03217641750250737,1.0,0.000631,0.1,0.0,0.05513798366210601,0.0010096682596979676,0.0
0.03217641750250737,1.0,0.000794,0.1,0.0,0.05513798366210601,0.0010096682596979676,0.0
0.03217641750250737,1.0,0.001,0.1,0.0,0.05513798366210601,0.0010096682596979676,0.0
0.03217641750250737,1.0,0.00126,0.1,0.0,0.05513798366210601,0.0010096682596979676,0.0
0.03217641750250737,1.0,0.00158,0.1,0.0,0.05513798366210601,0.0010096682596979676,0.0
0.03217641750250737,1.0,0.002,0.1,0.0,0.05513798366210601,0.0010096682596979676,0.0
0.03217641750250737,1.0,0.00251,0.1,0.0,0.05513798366210601,0.0010096682596979676,0.0
0.03217641750250737,1.0,0.00316,0.1,0.0,0.05513798366210601,0.0010096682596979676,0.0
0.03217641750250737,1.0,0.00398,0.1,0.0,0.05513798366210601,0.0010096682596979676,0.0
0.03217641750250737,1.0,0.00501,0.1,0.0,0.05513798366210601,0.0010096682596979676,0.0
0.03217641750250737,1.0,0.00631,0.1,0.0,0.05513798366210601,0.0010096682596979676,0.0
0.03370064329271928,1.0,3.16e-07,0.1,0.0,0.06047966262261204,0.0011074832928513467,0.0
0.03370064329271928,1.0,3.98e-07,0.1,0.0,0.06047966262261204,0.0011074832928513467,0.0
0.03370064329271928,1.0,5.01e-07,0.1,0.0,0.06047966262261204,0.0011074832928513467,0.0
0.03370064329271928,1.0,6.31e-07,0.1,0.0,0.06047966262261204,0.0011074832928513467,0.0
0.03370064329271928,1.0,7.94e-07,0.1,0.0,0.06047966262261204,0.0011074832928513467,0.0
0.03370064329271928,1.0,1e-06,0.1,0.0,0.06047966262261204,0.0011074832928513467,0.0
0.03370064329271928,1.0,1.26e-06,0.1,0.0,0.06047966262261204,0.0011074832928513467,0.0
0.03370064329271928,1.0,1.58e-06,0.1,0.0,0.06047966262261204,0.0011074832928513467,0.0
0.03370064329271928,1.0,2e-06,0.1,0.0,0.06047966262261204,0.0011074832928513467,0.0
0.03370064329271928,1.0,2.51e-06,0.1,3.3333333333333335e-05,0.06047966262261204,0.0011074832928513467,0.24191865049044817
0.03370064329271928,1.0,3.98e-06,0.1,0.0001,0.06047966262261204,0.0011074832928513467,0.7257559514713445
0.03370064329271928,1.0,5.01e-06,0.1,6.666666666666667e-05,0.06047966262261204,0.0011074832928513467,0.48383730098089633
0.03370064329271928,1.0,7.94e-06,0.1,6.666666666666667e-05,0.06047966262261204,0.0011074832928513467,0.48383730098089633
0.03370064329271928,1.0,1e-05,0.1,6.666666666666667e-05,0.06047966262261204,0.0011074832928513467,0.48383730098089633
0.03370064329271928,1.0,1.26e-05,0.1,0.00023333333333333333,0.06047966262261204,0.0011074832928513467,1.6934305534331369
0.03370064329271928,1.0,1.58e-05,0.1,0.0001,0.06047966262261204,0.0011074832928513467,0.7257559514713445
0.03370064329271928,1.0,2.51e-05,0.1,0.0005,0.06047966262261204,0.0011074832928513467,3.628779757356723
0.03370064329271928,1.0,3.16e-05,0.1,0.0006,0.06047966262261204,0.0011074832928513467,4.354535708828066
0.03370064329271928,1.0,3.98e-05,0.1,0.0011,0.06047966262261204,0.0011074832928513467,7.9833154661847905
0.03370064329271928,1.0,5.01e-05,0.1,0.0013333333333333333,0.06047966262261204,0.0011074832928513467,9.676746019617926
0.03370064329271928,1.0,6.31e-05,0.1,0.0018666666666666666,0.06047966262261204,0.0011074832928513467,13.547444427465095
0.03370064329271928,1.0,7.94e-05,0.1,0.0018,0.06047966262261204,0.0011074832928513467,13.0636071264842
0.03370064329271928,1.0,0.0001,0.1,0.0017666666666666666,0.06047966262261204,0.0011074832928513467,12.821688475993753
0.03370064329271928,1.0,0.000126,0.1,0.0021,0.06047966262261204,0.0011074832928513467,15.240874980898234
0.03370064329271928,1.0,0.000158,0.1,0.0012333333333333332,0.06047966262261204,0.0011074832928513467,8.95099006814658
0.03370064329271928,1.0,0.0002,0.1,0.0005,0.06047966262261204,0.0011074832928513467,3.628779757356723
0.03370064329271928,1.0,0.000251,0.1,0.0002,0.06047966262261204,0.0011074832928513467,1.451511902942689
0.03370064329271928,1.0,0.000316,0.1,3.3333333333333335e-05,0.06047966262261204,0.0011074832928513467,0.24191865049044817
0.03370064329271928,1.0,0.000398,0.1,3.3333333333333335e-05,0.06047966262261204,0.0011074832928513467,0.24191865049044817
0.03370064329271928,1.0,0.000501,0.1,0.0,0.06047966262261204,0.0011074832928513467,0.0
0.03370064329271928,1.0,0.000631,0.1,0.0,0.06047966262261204,0.0011074832928513467,0.0
0.03370064329271928,1.0,0.000794,0.1,0.0,0.06047966262261204,0.0011074832928513467,0.0
0.03370064329271928,1.0,0.001,0.1,0.0,0.06047966262261204,0.0011074832928513467,0.0
0.03370064329271928,1.0,0.00126,0.1,0.0,0.06047966262261204,0.0011074832928513467,0.0
0.03370064329271928,1.0,0.00158,0.1,0.0,0.06047966262261204,0.0011074832928513467,0.0
0.03370064329271928,1.0,0.002,0.1,0.0,0.06047966262261204,0.0011074832928513467,0.0
0.03370064329271928,1.0,0.00251,0.1,0.0,0.06047966262261204,0.0011074832928513467,0.0
0.03370064329271928,1.0,0.00316,0.1,0.0,0.06047966262261204,0.0011074832928513467,0.0
0.03370064329271928,1.0,0.00398,0.1,0.0,0.06047966262261204,0.0011074832928513467,0.0
0.03370064329271928,1.0,0.00501,0.1,0.0,0.06047966262261204,0.0011074832928513467,0.0
0.03370064329271928,1.0,0.00631,0.1,0.0,0.06047966262261204,0.0011074832928513467,0.0
0.0352970730273065,1.0,3.16e-07,0.1,0.0,0.06633820556166446,0.0012147629657876665,0.0
0.0352970730273065,1.0,3.98e-07,0.1,0.0,0.06633820556166446,0.0012147629657876665,0.0
0.0352970730273065,1.0,5.01e-07,0.1,0.0,0.06633820556166446,0.0012147629657876665,0.0
0.0352970730273065,1.0,6.31e-07,0.1,0.0,0.06633820556166446,0.0012147629657876665,0.0
0.0352970730273065,1.0,7.94e-07,0.1,0.0,0.06633820556166446,0.0012147629657876665,0.0
0.0352970730273065,1.0,1e-06,0.1,0.0,0.06633820556166446,0.0012147629657876665,0.0
0.0352970730273065,1.0,1.26e-06,0.1,0.0,0.06633820556166446,0.0012147629657876665,0.0
0.0352970730273065,1.0,1.58e-06,0.1,0.0,0.06633820556166446,0.0012147629657876665,0.0
0.0352970730273065,1.0,2e-06,0.1,0.0,0.06633820556166446,0.0012147629657876665,0.0
0.0352970730273065,1.0,2.51e-06,0.1,3.3333333333333335e-05,0.06633820556166446,0.0012147629657876665,0.26535282224665785
0.0352970730273065,1.0,3.98e-06,0.1,0.0001,0.06633820556166446,0.0012147629657876665,0.7960584667399736
0.0352970730273065,1.0,5.01e-06,0.1,6.666666666666667e-05,0.06633820556166446,0.0012147629657876665,0.5307056444933157
0.0352970730273065,1.0,7.94e-06,0.1,6.666666666666667e-05,0.06633820556166446,0.0012147629657876665,0.5307056444933157
0.0352970730273065,1.0,1e-05,0.1,6.666666666666667e-05,0.06633820556166446,0.0012147629657876665,0.5307056444933157
0.0352970730273065,1.0,1.26e-05,0.1,0.00023333333333333333,0.06633820556166446,0.0012147629657876665,1.8574697557266049
0.0352970730273065,1.0,1.58e-05,0.1,0.0001,0.06633820556166446,0.0012147629657876665,0.7960584667399736
0.0352970730273065,1.0,2.51e-05,0.1,0.0005,0.06633820556166446,0.0012147629657876665,3.9802923336998677
0.0352970730273065,1.0,3.16e-05,0.1,0.0006,0.06633820556166446,0.0012147629657876665,4.776350800439841
0.0352970730273065,1.0,3.98e-05,0.1,0.0011,0.06633820556166446,0.0012147629657876665,8.75664313413971
0.0352970730273065,1.0,5.01e-05,0.1,0.0013333333333333333,0.06633820556166446,0.0012147629657876665,10.614112889866313
0.0352970730273065,1.0,6.31e-05,0.1,0.0018666666666666666,0.06633820556166446,0.0012147629657876665,14.859758045812839
0.0352970730273065,1.0,7.94e-05,0.1,0.0018,0.06633820556166446,0.0012147629657876665,14.329052401319524
0.0352970730273065,1.0,0.0001,0.1,0.0017666666666666666,0.06633820556166446,0.0012147629657876665,14.063699579072868
0.0352970730273065,1.0,0.000126,0.1,0.0021,0.06633820556166446,0.0012147629657876665,16.717227801539444
0.0352970730273065,1.0,0.000158,0.1,0.0012333333333333332,0.06633820556166446,0.0012147629657876665,9.818054423126341
0.0352970730273065,1.0,0.0002,0.1,0.0005,0.06633820556166446,0.0012147629657876665,3.9802923336998677
0.0352970730273065,1.0,0.000251,0.1,0.0002,0.06633820556166446,0.0012147629657876665,1.5921169334799472
0.0352970730273065,1.0,0.000316,0.1,3.3333333333333335e-05,0.06633820556166446,0.0012147629657876665,0.26535282224665785
0.0352970730273065,1.0,0.000398,0.1,3.3333333333333335e-05,0.06633820556166446,0.0012147629657876665,0.26535282224665785
0.0352970730273065,1.0,0.000501,0.1,0.0,0.06633820556166446,0.0012147629657876665,0.0
0.0352970730273065,1.0,0.000631,0.1,0.0,0.06633820556166446,0.0012147629657876665,0.0
0.0352970730273065,1.0,0.000794,0.1,0.0,0.06633820556166446,0.0012147629657876665,0.0
0.0352970730273065,1.0,0.001,0.1,0.0,0.06633820556166446,0.0012147629657876665,0.0
0.0352970730273065,1.0,0.00126,0.1,0.0,0.06633820556166446,0.0012147629657876665,0.0
0.0352970730273065,1.0,0.00158,0.1,0.0,0.06633820556166446,0.0012147629657876665,0.0
0.0352970730273065,1.0,0.002,0.1,0.0,0.06633820556166446,0.0012147629657876665,0.0
0.0352970730273065,1.0,0.00251,0.1,0.0,0.06633820556166446,0.0012147629657876665,0.0
0.0352970730273065,1.0,0.00316,0.1,0.0,0.06633820556166446,0.0012147629657876665,0.0
0.0352970730273065,1.0,0.00398,0.1,0.0,0.06633820556166446,0.0012147629657876665,0.0
0.0352970730273065,1.0,0.00501,0.1,0.0,0.06633820556166446,0.0012147629657876665,0.0
0.0352970730273065,1.0,0.00631,0.1,0.0,0.06633820556166446,0.0012147629657876665,0.0
0.036969127071950283,1.0,3.16e-07,0.1,0.0,0.07276349674523407,0.0013324207424507246,0.0
0.036969127071950283,1.0,3.98e-07,0.1,0.0,0.07276349674523407,0.0013324207424507246,0.0
0.036969127071950283,1.0,5.01e-07,0.1,0.0,0.07276349674523407,0.0013324207424507246,0.0
0.036969127071950283,1.0,6.31e-07,0.1,0.0,0.07276349674523407,0.0013324207424507246,0.0
0.036969127071950283,1.0,7.94e-07,0.1,0.0,0.07276349674523407,0.0013324207424507246,0.0
0.036969127071950283,1.0,1e-06,0.1,0.0,0.07276349674523407,0.0013324207424507246,0.0
0.036969127071950283,1.0,1.26e-06,0.1,0.0,0.07276349674523407,0.0013324207424507246,0.0
0.036969127071950283,1.0,1.58e-06,0.1,0.0,0.07276349674523407,0.0013324207424507246,0.0
0.036969127071950283,1.0,2e-06,0.1,0.0,0.07276349674523407,0.0013324207424507246,0.0
0.036969127071950283,1.0,2.51e-06,0.1,3.3333333333333335e-05,0.07276349674523407,0.0013324207424507246,0.29105398698093626
0.036969127071950283,1.0,3.98e-06,0.1,0.0001,0.07276349674523407,0.0013324207424507246,0.873161960942809
0.036969127071950283,1.0,5.01e-06,0.1,6.666666666666667e-05,0.07276349674523407,0.0013324207424507246,0.5821079739618725
0.036969127071950283,1.0,7.94e-06,0.1,6.666666666666667e-05,0.07276349674523407,0.0013324207424507246,0.5821079739618725
0.036969127071950283,1.0,1e-05,0.1,6.666666666666667e-05,0.07276349674523407,0.0013324207424507246,0.5821079739618725
0.036969127071950283,1.0,1.26e-05,0.1,0.00023333333333333333,0.07276349674523407,0.0013324207424507246,2.0373779088665542
0.036969127071950283,1.0,1.58e-05,0.1,0.0001,0.07276349674523407,0.0013324207424507246,0.873161960942809
0.036969127071950283,1.0,2.51e-05,0.1,0.0005,0.07276349674523407,0.0013324207424507246,4.365809804714044
0.036969127071950283,1.0,3.16e-05,0.1,0.0006,0.07276349674523407,0.0013324207424507246,5.238971765656853
0.036969127071950283,1.0,3.98e-05,0.1,0.0011,0.07276349674523407,0.0013324207424507246,9.604781570370898
0.036969127071950283,1.0,5.01e-05,0.1,0.0013333333333333333,0.07276349674523407,0.0013324207424507246,11.642159479237451
0.036969127071950283,1.0,6.31e-05,0.1,0.0018666666666666666,0.07276349674523407,0.0013324207424507246,16.299023270932434
0.036969127071950283,1.0,7.94e-05,0.1,0.0018,0.07276349674523407,0.0013324207424507246,15.716915296970559
0.036969127071950283,1.0,0.0001,0.1,0.0017666666666666666,0.07276349674523407,0.0013324207424507246,15.425861309989623
0.036969127071950283,1.0,0.000126,0.1,0.0021,0.07276349674523407,0.0013324207424507246,18.336401179798983
0.036969127071950283,1.0,0.000158,0.1,0.0012333333333333332,0.07276349674523407,0.0013324207424507246,10.768997518294642
0.036969127071950283,1.0,0.0002,0.1,0.0005,0.07276349674523407,0.0013324207424507246,4.365809804714044
0.036969127071950283,1.0,0.000251,0.1,0.0002,0.07276349674523407,0.0013324207424507246,1.746323921885618
0.036969127071950283,1.0,0.000316,0.1,3.3333333333333335e-05,0.07276349674523407,0.0013324207424507246,0.29105398698093626
0.036969127071950283,1.0,0.000398,0.1,3.3333333333333335e-05,0.07276349674523407,0.0013324207424507246,0.29105398698093626
0.036969127071950283,1.0,0.000501,0.1,0.0,0.07276349674523407,0.0013324207424507246,0.0
0.036969127071950283,1.0,0.000631,0.1,0.0,0.07276349674523407,0.0013324207424507246,0.0
0.036969127071950283,1.0,0.000794,0.1,0.0,0.07276349674523407,0.0013324207424507246,0.0
0.036969127071950283,1.0,0.001,0.1,0.0,0.07276349674523407,0.0013324207424507246,0.0
0.036969127071950283,1.0,0.00126,0.1,0.0,0.07276349674523407,0.0013324207424507246,0.0
0.036969127071950283,1.0,0.00158,0.1,0.0,0.07276349674523407,0.0013324207424507246,0.0
0.036969127071950283,1.0,0.002,0.1,0.0,0.07276349674523407,0.0013324207424507246,0.0
0.036969127071950283,1.0,0.00251,0.1,0.0,0.07276349674523407,0.0013324207424507246,0.0
0.036969127071950283,1.0,0.00316,0.1,0.0,0.07276349674523407,0.0013324207424507246,0.0
0.036969127071950283,1.0,0.00398,0.1,0.0,0.07276349674523407,0.0013324207424507246,0.0
0.036969127071950283,1.0,0.00501,0.1,0.0,0.07276349674523407,0.0013324207424507246,0.0
0.036969127071950283,1.0,0.00631,0.1,0.0,0.07276349674523407,0.0013324207424507246,0.0
0.03872038781812555,1.0,3.16e-07,0.1,0.0,0.07981020898931562,0.0014614577731059445,0.0
0.03872038781812555,1.0,3.98e-07,0.1,0.0,0.07981020898931562,0.0014614577731059445,0.0
0.03872038781812555,1.0,5.01e-07,0.1,0.0,0.07981020898931562,0.0014614577731059445,0.0
0.03872038781812555,1.0,6.31e-07,0.1,0.0,0.07981020898931562,0.0014614577731059445,0.0
0.03872038781812555,1.0,7.94e-07,0.1,0.0,0.07981020898931562,0.0014614577731059445,0.0
0.03872038781812555,1.0,1e-06,0.1,0.0,0.07981020898931562,0.0014614577731059445,0.0
0.03872038781812555,1.0,1.26e-06,0.1,0.0,0.07981020898931562,0.0014614577731059445,0.0
0.03872038781812555,1.0,1.58e-06,0.1,0.0,0.07981020898931562,0.0014614577731059445,0.0
0.03872038781812555,1.0,2e-06,0.1,0.0,0.07981020898931562,0.0014614577731059445,0.0
0.03872038781812555,1.0,2.51e-06,0.1,3.3333333333333335e-05,0.07981020898931562,0.0014614577731059445,0.31924083595726255
0.03872038781812555,1.0,3.98e-06,0.1,0.0001,0.07981020898931562,0.0014614577731059445,0.9577225078717876
0.03872038781812555,1.0,5.01e-06,0.1,6.666666666666667e-05,0.07981020898931562,0.0014614577731059445,0.6384816719145251
0.03872038781812555,1.0,7.94e-06,0.1,6.666666666666667e-05,0.07981020898931562,0.0014614577731059445,0.6384816719145251
0.03872038781812555,1.0,1e-05,0.1,6.666666666666667e-05,0.07981020898931562,0.0014614577731059445,0.6384816719145251
0.03872038781812555,1.0,1.26e-05,0.1,0.00023333333333333333,0.07981020898931562,0.0014614577731059445,2.2346858517008377
0.03872038781812555,1.0,1.58e-05,0.1,0.0001,0.07981020898931562,0.0014614577731059445,0.9577225078717876
0.03872038781812555,1.0,2.51e-05,0.1,0.0005,0.07981020898931562,0.0014614577731059445,4.788612539358938
0.03872038781812555,1.0,3.16e-05,0.1,0.0006,0.07981020898931562,0.0014614577731059445,5.746335047230725
0.03872038781812555,1.0,3.98e-05,0.1,0.0011,0.07981020898931562,0.0014614577731059445,10.534947586589665
0.03872038781812555,1.0,5.01e-05,0.1,0.0013333333333333333,0.07981020898931562,0.0014614577731059445,12.7696334382905
0.03872038781812555,1.0,6.31e-05,0.1,0.0018666666666666666,0.07981020898931562,0.0014614577731059445,17.8774868136067
0.03872038781812555,1.0,7.94e-05,0.1,0.0018,0.07981020898931562,0.0014614577731059445,17.239005141692175
0.03872038781812555,1.0,0.0001,0.1,0.0017666666666666666,0.07981020898931562,0.0014614577731059445,16.919764305734912
0.03872038781812555,1.0,0.000126,0.1,0.0021,0.07981020898931562,0.0014614577731059445,20.11217266530754
0.03872038781812555,1.0,0.000158,0.1,0.0012333333333333332,0.07981020898931562,0.0014614577731059445,11.811910930418712
0.03872038781812555,1.0,0.0002,0.1,0.0005,0.07981020898931562,0.0014614577731059445,4.788612539358938
0.03872038781812555,1.0,0.000251,0.1,0.0002,0.07981020898931562,0.0014614577731059445,1.9154450157435752
0.03872038781812555,1.0,0.000316,0.1,3.3333333333333335e-05,0.07981020898931562,0.0014614577731059445,0.31924083595726255
0.03872038781812555,1.0,0.000398,0.1,3.3333333333333335e-05,0.07981020898931562,0.0014614577731059445,0.31924083595726255
0.03872038781812555,1.0,0.000501,0.1,0.0,0.07981020898931562,0.0014614577731059445,0.0
0.03872038781812555,1.0,0.000631,0.1,0.0,0.07981020898931562,0.0014614577731059445,0.0
0.03872038781812555,1.0,0.000794,0.1,0.0,0.07981020898931562,0.0014614577731059445,0.0
0.03872038781812555,1.0,0.001,0.1,0.0,0.07981020898931562,0.0014614577731059445,0.0
0.03872038781812555,1.0,0.00126,0.1,0.0,0.07981020898931562,0.0014614577731059445,0.0
0.03872038781812555,1.0,0.00158,0.1,0.0,0.07981020898931562,0.0014614577731059445,0.0
0.03872038781812555,1.0,0.002,0.1,0.0,0.07981020898931562,0.0014614577731059445,0.0
0.03872038781812555,1.0,0.00251,0.1,0.0,0.07981020898931562,0.0014614577731059445,0.0
0.03872038781812555,1.0,0.00316,0.1,0.0,0.07981020898931562,0.0014614577731059445,0.0
0.03872038781812555,1.0,0.00398,0.1,0.0,0.07981020898931562,0.0014614577731059445,0.0
0.03872038781812555,1.0,0.00501,0.1,0.0,0.07981020898931562,0.0014614577731059445,0.0
0.03872038781812555,1.0,0.00631,0.1,0.0,0.07981020898931562,0.0014614577731059445,0.0
0.040554607358408296,1.0,3.16e-07,0.1,0.0,0.08753825805866189,0.0016029712151375552,0.0
0.040554607358408296,1.0,3.98e-07,0.1,0.0,0.08753825805866189,0.0016029712151375552,0.0
0.040554607358408296,1.0,5.01e-07,0.1,0.0,0.08753825805866189,0.0016029712151375552,0.0
0.040554607358408296,1.0,6.31e-07,0.1,0.0,0.08753825805866189,0.0016029712151375552,0.0
0.040554607358408296,1.0,7.94e-07,0.1,0.0,0.08753825805866189,0.0016029712151375552,0.0
0.040554607358408296,1.0,1e-06,0.1,0.0,0.08753825805866189,0.0016029712151375552,0.0
0.040554607358408296,1.0,1.26e-06,0.1,0.0,0.08753825805866189,0.0016029712151375552,0.0
0.040554607358408296,1.0,1.58e-06,0.1,0.0,0.08753825805866189,0.0016029712151375552,0.0
0.040554607358408296,1.0,2e-06,0.1,0.0,0.08753825805866189,0.0016029712151375552,0.0
0.040554607358408296,1.0,2.51e-06,0.1,3.3333333333333335e-05,0.08753825805866189,0.0016029712151375552,0.35015303223464755
0.040554607358408296,1.0,3.98e-06,0.1,0.0001,0.08753825805866189,0.0016029712151375552,1.0504590967039427
0.040554607358408296,1.0,5.01e-06,0.1,6.666666666666667e-05,0.08753825805866189,0.0016029712151375552,0.7003060644692951
0.040554607358408296,1.0,7.94e-06,0.1,6.666666666666667e-05,0.08753825805866189,0.0016029712151375552,0.7003060644692951
0.040554607358408296,1.0,1e-05,0.1,6.666666666666667e-05,0.08753825805866189,0.0016029712151375552,0.7003060644692951
0.040554607358408296,1.0,1.26e-05,0.1,0.00023333333333333333,0.08753825805866189,0.0016029712151375552,2.451071225642533
0.040554607358408296,1.0,1.58e-05,0.1,0.0001,0.08753825805866189,0.0016029712151375552,1.0504590967039427
0.040554607358408296,1.0,2.51e-05,0.1,0.0005,0.08753825805866189,0.0016029712151375552,5.252295483519713
0.040554607358408296,1.0,3.16e-05,0.1,0.0006,0.08753825805866189,0.0016029712151375552,6.302754580223656
0.040554607358408296,1.0,3.98e-05,0.1,0.0011,0.08753825805866189,0.0016029712151375552,11.555050063743371
0.040554607358408296,1.0,5.01e-05,0.1,0.0013333333333333333,0.08753825805866189,0.0016029712151375552,14.006121289385902
0.040554607358408296,1.0,6.31e-05,0.1,0.0018666666666666666,0.08753825805866189,0.0016029712151375552,19.608569805140263
0.040554607358408296,1.0,7.94e-05,0.1,0.0018,0.08753825805866189,0.0016029712151375552,18.908263740670968
0.040554607358408296,1.0,0.0001,0.1,0.0017666666666666666,0.08753825805866189,0.0016029712151375552,18.55811070843632
0.040554607358408296,1.0,0.000126,0.1,0.0021,0.08753825805866189,0.0016029712151375552,22.059641030782796
0.040554607358408296,1.0,0.000158,0.1,0.0012333333333333332,0.08753825805866189,0.0016029712151375552,12.95566219268196
0.040554607358408296,1.0,0.0002,0.1,0.0005,0.08753825805866189,0.0016029712151375552,5.252295483519713
0.040554607358408296,1.0,0.000251,0.1,0.0002,0.08753825805866189,0.0016029712151375552,2.1009181934078853
0.040554607358408296,1.0,0.000316,0.1,3.3333333333333335e-05,0.08753825805866189,0.0016029712151375552,0.35015303223464755
0.040554607358408296,1.0,0.000398,0.1,3.3333333333333335e-05,0.08753825805866189,0.0016029712151375552,0.35015303223464755
0.040554607358408296,1.0,0.000501,0.1,0.0,0.08753825805866189,0.0016029712151375552,0.0
0.040554607358408296,1.0,0.000631,0.1,0.0,0.08753825805866189,0.0016029712151375552,0.0
0.040554607358408296,1.0,0.000794,0.1,0.0,0.08753825805866189,0.0016029712151375552,0.0
0.040554607358408296,1.0,0.001,0.1,0.0,0.08753825805866189,0.0016029712151375552,0.0
0.040554607358408296,1.0,0.00126,0.1,0.0,0.08753825805866189,0.0016029712151375552,0.0
0.040554607358408296,1.0,0.00158,0.1,0.0,0.08753825805866189,0.0016029712151375552,0.0
0.040554607358408296,1.0,0.002,0.1,0.0,0.08753825805866189,0.0016029712151375552,0.0
0.040554607358408296,1.0,0.00251,0.1,0.0,0.08753825805866189,0.0016029712151375552,0.0
0.040554607358408296,1.0,0.00316,0.1,0.0,0.08753825805866189,0.0016029712151375552,0.0
0.040554607358408296,1.0,0.00398,0.1,0.0,0.08753825805866189,0.0016029712151375552,0.0
0.040554607358408296,1.0,0.00501,0.1,0.0,0.08753825805866189,0.0016029712151375552,0.0
0.040554607358408296,1.0,0.00631,0.1,0.0,0.08753825805866189,0.0016029712151375552,0.0
0.04247571552536898,1.0,3.16e-07,0.1,0.0,0.09601329911257742,0.0017581633237974256,0.0
0.04247571552536898,1.0,3.98e-07,0.1,0.0,0.09601329911257742,0.0017581633237974256,0.0
0.04247571552536898,1.0,5.01e-07,0.1,0.0,0.09601329911257742,0.0017581633237974256,0.0
0.04247571552536898,1.0,6.31e-07,0.1,0.0,0.09601329911257742,0.0017581633237974256,0.0
0.04247571552536898,1.0,7.94e-07,0.1,0.0,0.09601329911257742,0.0017581633237974256,0.0
0.04247571552536898,1.0,1e-06,0.1,0.0,0.09601329911257742,0.0017581633237974256,0.0
0.04247571552536898,1.0,1.26e-06,0.1,0.0,0.09601329911257742,0.0017581633237974256,0.0
0.04247571552536898,1.0,1.58e-06,0.1,0.0,0.09601329911257742,0.0017581633237974256,0.0
0.04247571552536898,1.0,2e-06,0.1,0.0,0.09601329911257742,0.0017581633237974256,0.0
0.04247571552536898,1.0,2.51e-06,0.1,3.3333333333333335e-05,0.09601329911257742,0.0017581633237974256,0.3840531964503097
0.04247571552536898,1.0,3.98e-06,0.1,0.0001,0.09601329911257742,0.0017581633237974256,1.152159589350929
0.04247571552536898,1.0,5.01e-06,0.1,6.666666666666667e-05,0.09601329911257742,0.0017581633237974256,0.7681063929006194
0.04247571552536898,1.0,7.94e-06,0.1,6.666666666666667e-05,0.09601329911257742,0.0017581633237974256,0.7681063929006194
0.04247571552536898,1.0,1e-05,0.1,6.666666666666667e-05,0.09601329911257742,0.0017581633237974256,0.7681063929006194
0.04247571552536898,1.0,1.26e-05,0.1,0.00023333333333333333,0.09601329911257742,0.0017581633237974256,2.688372375152168
0.04247571552536898,1.0,1.58e-05,0.1,0.0001,0.09601329911257742,0.0017581633237974256,1.152159589350929
0.04247571552536898,1.0,2.51e-05,0.1,0.0005,0.09601329911257742,0.0017581633237974256,5.7607979467546455
0.04247571552536898,1.0,3.16e-05,0.1,0.0006,0.09601329911257742,0.0017581633237974256,6.912957536105573
0.04247571552536898,1.0,3.98e-05,0.1,0.0011,0.09601329911257742,0.0017581633237974256,12.673755482860221
0.04247571552536898,1.0,5.01e-05,0.1,0.0013333333333333333,0.09601329911257742,0.0017581633237974256,15.362127858012386
0.04247571552536898,1.0,6.31e-05,0.1,0.0018666666666666666,0.09601329911257742,0.0017581633237974256,21.506979001217346
0.04247571552536898,1.0,7.94e-05,0.1,0.0018,0.09601329911257742,0.0017581633237974256,20.738872608316726
0.04247571552536898,1.0,0.0001,0.1,0.0017666666666666666,0.09601329911257742,0.0017581633237974256,20.354819411866416
0.04247571552536898,1.0,0.000126,0.1,0.0021,0.09601329911257742,0.0017581633237974256,24.19535137636951
0.04247571552536898,1.0,0.000158,0.1,0.0012333333333333332,0.09601329911257742,0.0017581633237974256,14.209968268661456
0.04247571552536898,1.0,0.0002,0.1,0.0005,0.09601329911257742,0.0017581633237974256,5.7607979467546455
0.04247571552536898,1.0,0.000251,0.1,0.0002,0.09601329911257742,0.0017581633237974256,2.304319178701858
0.04247571552536898,1.0,0.000316,0.1,3.3333333333333335e-05,0.09601329911257742,0.0017581633237974256,0.3840531964503097
0.04247571552536898,1.0,0.000398,0.1,3.3333333333333335e-05,0.09601329911257742,0.0017581633237974256,0.3840531964503097
0.04247571552536898,1.0,0.000501,0.1,0.0,0.09601329911257742,0.0017581633237974256,0.0
0.04247571552536898,1.0,0.000631,0.1,0.0,0.09601329911257742,0.0017581633237974256,0.0
0.04247571552536898,1.0,0.000794,0.1,0.0,0.09601329911257742,0.0017581633237974256,0.0
0.04247571552536898,1.0,0.001,0.1,0.0,0.09601329911257742,0.0017581633237974256,0.0
0.04247571552536898,1.0,0.00126,0.1,0.0,0.09601329911257742,0.0017581633237974256,0.0
0.04247571552536898,1.0,0.00158,0.1,0.0,0.09601329911257742,0.0017581633237974256,0.0
0.04247571552536898,1.0,0.002,0.1,0.0,0.09601329911257742,0.0017581633237974256,0.0
0.04247571552536898,1.0,0.00251,0.1,0.0,0.09601329911257742,0.0017581633237974256,0.0
0.04247571552536898,1.0,0.00316,0.1,0.0,0.09601329911257742,0.0017581633237974256,0.0
0.04247571552536898,1.0,0.00398,0.1,0.0,0.09601329911257742,0.0017581633237974256,0.0
0.04247571552536898,1.0,0.00501,0.1,0.0,0.09601329911257742,0.0017581633237974256,0.0
0.04247571552536898,1.0,0.00631,0.1,0.0,0.09601329911257742,0.0017581633237974256,0.0
0.04448782831127585,1.0,3.16e-07,0.1,0.0,0.10530726886912194,0.0019283513801340768,0.0
0.04448782831127585,1.0,3.98e-07,0.1,0.0,0.10530726886912194,0.0019283513801340768,0.0
0.04448782831127585,1.0,5.01e-07,0.1,0.0,0.10530726886912194,0.0019283513801340768,0.0
0.04448782831127585,1.0,6.31e-07,0.1,0.0,0.10530726886912194,0.0019283513801340768,0.0
0.04448782831127585,1.0,7.94e-07,0.1,0.0,0.10530726886912194,0.0019283513801340768,0.0
0.04448782831127585,1.0,1e-06,0.1,0.0,0.10530726886912194,0.0019283513801340768,0.0
0.04448782831127585,1.0,1.26e-06,0.1,0.0,0.10530726886912194,0.0019283513801340768,0.0
0.04448782831127585,1.0,1.58e-06,0.1,0.0,0.10530726886912194,0.0019283513801340768,0.0
0.04448782831127585,1.0,2e-06,0.1,0.0,0.10530726886912194,0.0019283513801340768,0.0
0.04448782831127585,1.0,2.51e-06,0.1,3.3333333333333335e-05,0.10530726886912194,0.0019283513801340768,0.4212290754764878
0.04448782831127585,1.0,3.98e-06,0.1,0.0001,0.10530726886912194,0.0019283513801340768,1.2636872264294634
0.04448782831127585,1.0,5.01e-06,0.1,6.666666666666667e-05,0.10530726886912194,0.0019283513801340768,0.8424581509529756
0.04448782831127585,1.0,7.94e-06,0.1,6.666666666666667e-05,0.10530726886912194,0.0019283513801340768,0.8424581509529756
0.04448782831127585,1.0,1e-05,0.1,6.666666666666667e-05,0.10530726886912194,0.0019283513801340768,0.8424581509529756
0.04448782831127585,1.0,1.26e-05,0.1,0.00023333333333333333,0.10530726886912194,0.0019283513801340768,2.9486035283354144
0.04448782831127585,1.0,1.58e-05,0.1,0.0001,0.10530726886912194,0.0019283513801340768,1.2636872264294634
0.04448782831127585,1.0,2.51e-05,0.1,0.0005,0.10530726886912194,0.0019283513801340768,6.318436132147316
0.04448782831127585,1.0,3.16e-05,0.1,0.0006,0.10530726886912194,0.0019283513801340768,7.582123358576779
0.04448782831127585,1.0,3.98e-05,0.1,0.0011,0.10530726886912194,0.0019283513801340768,13.900559490724095
0.04448782831127585,1.0,5.01e-05,0.1,0.0013333333333333333,0.10530726886912194,0.0019283513801340768,16.84916301905951
0.04448782831127585,1.0,6.31e-05,0.1,0.0018666666666666666,0.10530726886912194,0.0019283513801340768,23.588828226683315
0.04448782831127585,1.0,7.94e-05,0.1,0.0018,0.10530726886912194,0.0019283513801340768,22.74637007573034
0.04448782831127585,1.0,0.0001,0.1,0.0017666666666666666,0.10530726886912194,0.0019283513801340768,22.32514100025385
0.04448782831127585,1.0,0.000126,0.1,0.0021,0.10530726886912194,0.0019283513801340768,26.537431755018726
0.04448782831127585,1.0,0.000158,0.1,0.0012333333333333332,0.10530726886912194,0.0019283513801340768,15.585475792630044
0.04448782831127585,1.0,0.0002,0.1,0.0005,0.10530726886912194,0.0019283513801340768,6.318436132147316
0.04448782831127585,1.0,0.000251,0.1,0.0002,0.10530726886912194,0.0019283513801340768,2.527374452858927
0.04448782831127585,1.0,0.000316,0.1,3.3333333333333335e-05,0.10530726886912194,0.0019283513801340768,0.4212290754764878
0.04448782831127585,1.0,0.000398,0.1,3.3333333333333335e-05,0.10530726886912194,0.0019283513801340768,0.4212290754764878
0.04448782831127585,1.0,0.000501,0.1,0.0,0.10530726886912194,0.0019283513801340768,0.0
0.04448782831127585,1.0,0.000631,0.1,0.0,0.10530726886912194,0.0019283513801340768,0.0
0.04448782831127585,1.0,0.000794,0.1,0.0,0.10530726886912194,0.0019283513801340768,0.0
0.04448782831127585,1.0,0.001,0.1,0.0,0.10530726886912194,0.0019283513801340768,0.0
0.04448782831127585,1.0,0.00126,0.1,0.0,0.10530726886912194,0.0019283513801340768,0.0
0.04448782831127585,1.0,0.00158,0.1,0.0,0.10530726886912194,0.0019283513801340768,0.0
0.04448782831127585,1.0,0.002,0.1,0.0,0.10530726886912194,0.0019283513801340768,0.0
0.04448782831127585,1.0,0.00251,0.1,0.0,0.10530726886912194,0.0019283513801340768,0.0
0.04448782831127585,1.0,0.00316,0.1,0.0,0.10530726886912194,0.0019283513801340768,0.0
0.04448782831127585,1.0,0.00398,0.1,0.0,0.10530726886912194,0.0019283513801340768,0.0
0.04448782831127585,1.0,0.00501,0.1,0.0,0.10530726886912194,0.0019283513801340768,0.0
0.04448782831127585,1.0,0.00631,0.1,0.0,0.10530726886912194,0.0019283513801340768,0.0
0.046595256686646824,1.0,3.16e-07,0.1,0.0,0.1154989774339758,0.0021149785283643254,0.0
0.046595256686646824,1.0,3.98e-07,0.1,0.0,0.1154989774339758,0.0021149785283643254,0.0
0.046595256686646824,1.0,5.01e-07,0.1,0.0,0.1154989774339758,0.0021149785283643254,0.0
0.046595256686646824,1.0,6.31e-07,0.1,0.0,0.1154989774339758,0.0021149785283643254,0.0
0.046595256686646824,1.0,7.94e-07,0.1,0.0,0.1154989774339758,0.0021149785283643254,0.0
0.046595256686646824,1.0,1e-06,0.1,0.0,0.1154989774339758,0.0021149785283643254,0.0
0.046595256686646824,1.0,1.26e-06,0.1,0.0,0.1154989774339758,0.0021149785283643254,0.0
0.046595256686646824,1.0,1.58e-06,0.1,0.0,0.1154989774339758,0.0021149785283643254,0.0
0.046595256686646824,1.0,2e-06,0.1,0.0,0.1154989774339758,0.0021149785283643254,0.0
0.046595256686646824,1.0,2.51e-06,0.1,3.3333333333333335e-05,0.1154989774339758,0.0021149785283643254,0.46199590973590327
0.046595256686646824,1.0,3.98e-06,0.1,0.0001,0.1154989774339758,0.0021149785283643254,1.3859877292077099
0.046595256686646824,1.0,5.01e-06,0.1,6.666666666666667e-05,0.1154989774339758,0.0021149785283643254,0.9239918194718065
0.046595256686646824,1.0,7.94e-06,0.1,6.666666666666667e-05,0.1154989774339758,0.0021149785283643254,0.9239918194718065
0.046595256686646824,1.0,1e-05,0.1,6.666666666666667e-05,0.1154989774339758,0.0021149785283643254,0.9239918194718065
0.046595256686646824,1.0,1.26e-05,0.1,0.00023333333333333333,0.1154989774339758,0.0021149785283643254,3.233971368151323
0.046595256686646824,1.0,1.58e-05,0.1,0.0001,0.1154989774339758,0.0021149785283643254,1.3859877292077099
0.046595256686646824,1.0,2.51e-05,0.1,0.0005,0.1154989774339758,0.0021149785283643254,6.92993864603855
0.046595256686646824,1.0,3.16e-05,0.1,0.0006,0.1154989774339758,0.0021149785283643254,8.315926375246258
0.046595256686646824,1.0,3.98e-05,0.1,0.0011,0.1154989774339758,0.0021149785283643254,15.245865021284809
0.046595256686646824,1.0,5.01e-05,0.1,0.0013333333333333333,0.1154989774339758,0.0021149785283643254,18.47983638943613
0.046595256686646824,1.0,6.31e-05,0.1,0.0018666666666666666,0.1154989774339758,0.0021149785283643254,25.871770945210585
0.046595256686646824,1.0,7.94e-05,0.1,0.0018,0.1154989774339758,0.0021149785283643254,24.947779125738776
0.046595256686646824,1.0,0.0001,0.1,0.0017666666666666666,0.1154989774339758,0.0021149785283643254,24.485783216002872
0.046595256686646824,1.0,0.000126,0.1,0.0021,0.1154989774339758,0.0021149785283643254,29.1057423133619
0.046595256686646824,1.0,0.000158,0.1,0.0012333333333333332,0.1154989774339758,0.0021149785283643254,17.09384866022842
0.046595256686646824,1.0,0.0002,0.1,0.0005,0.1154989774339758,0.0021149785283643254,6.92993864603855
0.046595256686646824,1.0,0.000251,0.1,0.0002,0.1154989774339758,0.0021149785283643254,2.7719754584154197
0.046595256686646824,1.0,0.000316,0.1,3.3333333333333335e-05,0.1154989774339758,0.0021149785283643254,0.46199590973590327
0.046595256686646824,1.0,0.000398,0.1,3.3333333333333335e-05,0.1154989774339758,0.0021149785283643254,0.46199590973590327
0.046595256686646824,1.0,0.000501,0.1,0.0,0.1154989774339758,0.0021149785283643254,0.0
0.046595256686646824,1.0,0.000631,0.1,0.0,0.1154989774339758,0.0021149785283643254,0.0
0.046595256686646824,1.0,0.000794,0.1,0.0,0.1154989774339758,0.0021149785283643254,0.0
0.046595256686646824,1.0,0.001,0.1,0.0,0.1154989774339758,0.0021149785283643254,0.0
0.046595256686646824,1.0,0.00126,0.1,0.0,0.1154989774339758,0.0021149785283643254,0.0
0.046595256686646824,1.0,0.00158,0.1,0.0,0.1154989774339758,0.0021149785283643254,0.0
0.046595256686646824,1.0,0.002,0.1,0.0,0.1154989774339758,0.0021149785283643254,0.0
0.046595256686646824,1.0,0.00251,0.1,0.0,0.1154989774339758,0.0021149785283643254,0.0
0.046595256686646824,1.0,0.00316,0.1,0.0,0.1154989774339758,0.0021149785283643254,0.0
0.046595256686646824,1.0,0.00398,0.1,0.0,0.1154989774339758,0.0021149785283643254,0.0
0.046595256686646824,1.0,0.00501,0.1,0.0,0.1154989774339758,0.0021149785283643254,0.0
0.046595256686646824,1.0,0.00631,0.1,0.0,0.1154989774339758,0.0021149785283643254,0.0
0.04880251583654431,1.0,3.16e-07,0.1,0.0,0.1266747540257827,0.002319625600179138,0.0
0.04880251583654431,1.0,3.98e-07,0.1,0.0,0.1266747540257827,0.002319625600179138,0.0
0.04880251583654431,1.0,5.01e-07,0.1,0.0,0.1266747540257827,0.002319625600179138,0.0
0.04880251583654431,1.0,6.31e-07,0.1,0.0,0.1266747540257827,0.002319625600179138,0.0
0.04880251583654431,1.0,7.94e-07,0.1,0.0,0.1266747540257827,0.002319625600179138,0.0
0.04880251583654431,1.0,1e-06,0.1,0.0,0.1266747540257827,0.002319625600179138,0.0
0.04880251583654431,1.0,1.26e-06,0.1,0.0,0.1266747540257827,0.002319625600179138,0.0
0.04880251583654431,1.0,1.58e-06,0.1,0.0,0.1266747540257827,0.002319625600179138,0.0
0.04880251583654431,1.0,2e-06,0.1,0.0,0.1266747540257827,0.002319625600179138,0.0
0.04880251583654431,1.0,2.51e-06,0.1,3.3333333333333335e-05,0.1266747540257827,0.002319625600179138,0.506699016103131
0.04880251583654431,1.0,3.98e-06,0.1,0.0001,0.1266747540257827,0.002319625600179138,1.5200970483093927
0.04880251583654431,1.0,5.01e-06,0.1,6.666666666666667e-05,0.1266747540257827,0.002319625600179138,1.013398032206262
0.04880251583654431,1.0,7.94e-06,0.1,6.666666666666667e-05,0.1266747540257827,0.002319625600179138,1.013398032206262
0.04880251583654431,1.0,1e-05,0.1,6.666666666666667e-05,0.1266747540257827,0.002319625600179138,1.013398032206262
0.04880251583654431,1.0,1.26e-05,0.1,0.00023333333333333333,0.1266747540257827,0.002319625600179138,3.5468931127219165
0.04880251583654431,1.0,1.58e-05,0.1,0.0001,0.1266747540257827,0.002319625600179138,1.5200970483093927
0.04880251583654431,1.0,2.51e-05,0.1,0.0005,0.1266747540257827,0.002319625600179138,7.600485241546965
0.04880251583654431,1.0,3.16e-05,0.1,0.0006,0.1266747540257827,0.002319625600179138,9.120582289856356
0.04880251583654431,1.0,3.98e-05,0.1,0.0011,0.1266747540257827,0.002319625600179138,16.72106753140332
0.04880251583654431,1.0,5.01e-05,0.1,0.0013333333333333333,0.1266747540257827,0.002319625600179138,20.26796064412524
0.04880251583654431,1.0,6.31e-05,0.1,0.0018666666666666666,0.1266747540257827,0.002319625600179138,28.375144901775332
0.04880251583654431,1.0,7.94e-05,0.1,0.0018,0.1266747540257827,0.002319625600179138,27.361746869569068
0.04880251583654431,1.0,0.0001,0.1,0.0017666666666666666,0.1266747540257827,0.002319625600179138,26.855047853465937
0.04880251583654431,1.0,0.000126,0.1,0.0021,0.1266747540257827,0.002319625600179138,31.922038014497247
0.04880251583654431,1.0,0.000158,0.1,0.0012333333333333332,0.1266747540257827,0.002319625600179138,18.74786359581584
0.04880251583654431,1.0,0.0002,0.1,0.0005,0.1266747540257827,0.002319625600179138,7.600485241546965
0.04880251583654431,1.0,0.000251,0.1,0.0002,0.1266747540257827,0.002319625600179138,3.0401940966187855
0.04880251583654431,1.0,0.000316,0.1,3.3333333333333335e-05,0.1266747540257827,0.002319625600179138,0.506699016103131
0.04880251583654431,1.0,0.000398,0.1,3.3333333333333335e-05,0.1266747540257827,0.002319625600179138,0.506699016103131
0.04880251583654431,1.0,0.000501,0.1,0.0,0.1266747540257827,0.002319625600179138,0.0
0.04880251583654431,1.0,0.000631,0.1,0.0,0.1266747540257827,0.002319625600179138,0.0
0.04880251583654431,1.0,0.000794,0.1,0.0,0.1266747540257827,0.002319625600179138,0.0
0.04880251583654431,1.0,0.001,0.1,0.0,0.1266747540257827,0.002319625600179138,0.0
0.04880251583654431,1.0,0.00126,0.1,0.0,0.1266747540257827,0.002319625600179138,0.0
0.04880251583654431,1.0,0.00158,0.1,0.0,0.1266747540257827,0.002319625600179138,0.0
0.04880251583654431,1.0,0.002,0.1,0.0,0.1266747540257827,0.002319625600179138,0.0
0.04880251583654431,1.0,0.00251,0.1,0.0,0.1266747540257827,0.002319625600179138,0.0
0.04880251583654431,1.0,0.00316,0.1,0.0,0.1266747540257827,0.002319625600179138,0.0
0.04880251583654431,1.0,0.00398,0.1,0.0,0.1266747540257827,0.002319625600179138,0.0
0.04880251583654431,1.0,0.00501,0.1,0.0,0.1266747540257827,0.002319625600179138,0.0
0.04880251583654431,1.0,0.00631,0.1,0.0,0.1266747540257827,0.002319625600179138,0.0
0.051114334834401684,1.0,3.16e-07,0.1,0.0,0.13892915112390816,0.0025440240088611637,0.0
0.051114334834401684,1.0,3.98e-07,0.1,0.0,0.13892915112390816,0.0025440240088611637,0.0
0.051114334834401684,1.0,5.01e-07,0.1,0.0,0.13892915112390816,0.0025440240088611637,0.0
0.051114334834401684,1.0,6.31e-07,0.1,0.0,0.13892915112390816,0.0025440240088611637,0.0
0.051114334834401684,1.0,7.94e-07,0.1,0.0,0.13892915112390816,0.0025440240088611637,0.0
0.051114334834401684,1.0,1e-06,0.1,0.0,0.13892915112390816,0.0025440240088611637,0.0
0.051114334834401684,1.0,1.26e-06,0.1,0.0,0.13892915112390816,0.0025440240088611637,0.0
0.051114334834401684,1.0,1.58e-06,0.1,0.0,0.13892915112390816,0.0025440240088611637,0.0
0.051114334834401684,1.0,2e-06,0.1,0.0,0.13892915112390816,0.0025440240088611637,0.0
0.051114334834401684,1.0,2.51e-06,0.1,3.3333333333333335e-05,0.13892915112390816,0.0025440240088611637,0.5557166044956326
0.051114334834401684,1.0,3.98e-06,0.1,0.0001,0.13892915112390816,0.0025440240088611637,1.667149813486898
0.051114334834401684,1.0,5.01e-06,0.1,6.666666666666667e-05,0.13892915112390816,0.0025440240088611637,1.1114332089912653
0.051114334834401684,1.0,7.94e-06,0.1,6.666666666666667e-05,0.13892915112390816,0.0025440240088611637,1.1114332089912653
0.051114334834401684,1.0,1e-05,0.1,6.666666666666667e-05,0.13892915112390816,0.0025440240088611637,1.1114332089912653
0.051114334834401684,1.0,1.26e-05,0.1,0.00023333333333333333,0.13892915112390816,0.0025440240088611637,3.8900162314694287
0.051114334834401684,1.0,1.58e-05,0.1,0.0001,0.13892915112390816,0.0025440240088611637,1.667149813486898
0.051114334834401684,1.0,2.51e-05,0.1,0.0005,0.13892915112390816,0.0025440240088611637,8.33574906743449
0.051114334834401684,1.0,3.16e-05,0.1,0.0006,0.13892915112390816,0.0025440240088611637,10.002898880921387
0.051114334834401684,1.0,3.98e-05,0.1,0.0011,0.13892915112390816,0.0025440240088611637,18.33864794835588
0.051114334834401684,1.0,5.01e-05,0.1,0.0013333333333333333,0.13892915112390816,0.0025440240088611637,22.228664179825305
0.051114334834401684,1.0,6.31e-05,0.1,0.0018666666666666666,0.13892915112390816,0.0025440240088611637,31.12012985175543
0.051114334834401684,1.0,7.94e-05,0.1,0.0018,0.13892915112390816,0.0025440240088611637,30.008696642764164
0.051114334834401684,1.0,0.0001,0.1,0.0017666666666666666,0.13892915112390816,0.0025440240088611637,29.452980038268528
0.051114334834401684,1.0,0.000126,0.1,0.0021,0.13892915112390816,0.0025440240088611637,35.01014608322486
0.051114334834401684,1.0,0.000158,0.1,0.0012333333333333332,0.13892915112390816,0.0025440240088611637,20.561514366338407
0.051114334834401684,1.0,0.0002,0.1,0.0005,0.13892915112390816,0.0025440240088611637,8.33574906743449
0.051114334834401684,1.0,0.000251,0.1,0.0002,0.13892915112390816,0.0025440240088611637,3.334299626973796
0.051114334834401684,1.0,0.000316,0.1,3.3333333333333335e-05,0.13892915112390816,0.0025440240088611637,0.5557166044956326
0.051114334834401684,1.0,0.000398,0.1,3.3333333333333335e-05,0.13892915112390816,0.0025440240088611637,0.5557166044956326
0.051114334834401684,1.0,0.000501,0.1,0.0,0.13892915112390816,0.0025440240088611637,0.0
0.051114334834401684,1.0,0.000631,0.1,0.0,0.13892915112390816,0.0025440240088611637,0.0
0.051114334834401684,1.0,0.000794,0.1,0.0,0.13892915112390816,0.0025440240088611637,0.0
0.051114334834401684,1.0,0.001,0.1,0.0,0.13892915112390816,0.0025440240088611637,0.0
0.051114334834401684,1.0,0.00126,0.1,0.0,0.13892915112390816,0.0025440240088611637,0.0
0.051114334834401684,1.0,0.00158,0.1,0.0,0.13892915112390816,0.0025440240088611637,0.0
0.051114334834401684,1.0,0.002,0.1,0.0,0.13892915112390816,0.0025440240088611637,0.0
0.051114334834401684,1.0,0.00251,0.1,0.0,0.13892915112390816,0.0025440240088611637,0.0
0.051114334834401684,1.0,0.00316,0.1,0.0,0.13892915112390816,0.0025440240088611637,0.0
0.051114334834401684,1.0,0.00398,0.1,0.0,0.13892915112390816,0.0025440240088611637,0.0
0.051114334834401684,1.0,0.00501,0.1,0.0,0.13892915112390816,0.0025440240088611637,0.0
0.051114334834401684,1.0,0.00631,0.1,0.0,0.13892915112390816,0.0025440240088611637,0.0
0.053535666774107246,1.0,3.16e-07,0.1,0.0,0.15236571186439796,0.0027900698015820903,0.0
0.053535666774107246,1.0,3.98e-07,0.1,0.0,0.15236571186439796,0.0027900698015820903,0.0
0.053535666774107246,1.0,5.01e-07,0.1,0.0,0.15236571186439796,0.0027900698015820903,0.0
0.053535666774107246,1.0,6.31e-07,0.1,0.0,0.15236571186439796,0.0027900698015820903,0.0
0.053535666774107246,1.0,7.94e-07,0.1,0.0,0.15236571186439796,0.0027900698015820903,0.0
0.053535666774107246,1.0,1e-06,0.1,0.0,0.15236571186439796,0.0027900698015820903,0.0
0.053535666774107246,1.0,1.26e-06,0.1,0.0,0.15236571186439796,0.0027900698015820903,0.0
0.053535666774107246,1.0,1.58e-06,0.1,0.0,0.15236571186439796,0.0027900698015820903,0.0
0.053535666774107246,1.0,2e-06,0.1,0.0,0.15236571186439796,0.0027900698015820903,0.0
0.053535666774107246,1.0,2.51e-06,0.1,3.3333333333333335e-05,0.15236571186439796,0.0027900698015820903,0.6094628474575919
0.053535666774107246,1.0,3.98e-06,0.1,0.0001,0.15236571186439796,0.0027900698015820903,1.8283885423727757
0.053535666774107246,1.0,5.01e-06,0.1,6.666666666666667e-05,0.15236571186439796,0.0027900698015820903,1.2189256949151839
0.053535666774107246,1.0,7.94e-06,0.1,6.666666666666667e-05,0.15236571186439796,0.0027900698015820903,1.2189256949151839
0.053535666774107246,1.0,1e-05,0.1,6.666666666666667e-05,0.15236571186439796,0.0027900698015820903,1.2189256949151839
0.053535666774107246,1.0,1.26e-05,0.1,0.00023333333333333333,0.15236571186439796,0.0027900698015820903,4.266239932203143
0.053535666774107246,1.0,1.58e-05,0.1,0.0001,0.15236571186439796,0.0027900698015820903,1.8283885423727757
0.053535666774107246,1.0,2.51e-05,0.1,0.0005,0.15236571186439796,0.0027900698015820903,9.141942711863878
0.053535666774107246,1.0,3.16e-05,0.1,0.0006,0.15236571186439796,0.0027900698015820903,10.970331254236653
0.053535666774107246,1.0,3.98e-05,0.1,0.0011,0.15236571186439796,0.0027900698015820903,20.11227396610053
0.053535666774107246,1.0,5.01e-05,0.1,0.0013333333333333333,0.15236571186439796,0.0027900698015820903,24.378513898303677
0.053535666774107246,1.0,6.31e-05,0.1,0.0018666666666666666,0.15236571186439796,0.0027900698015820903,34.12991945762514
0.053535666774107246,1.0,7.94e-05,0.1,0.0018,0.15236571186439796,0.0027900698015820903,32.910993762709964
0.053535666774107246,1.0,0.0001,0.1,0.0017666666666666666,0.15236571186439796,0.0027900698015820903,32.30153091525237
0.053535666774107246,1.0,0.000126,0.1,0.0021,0.15236571186439796,0.0027900698015820903,38.396159389828284
0.053535666774107246,1.0,0.000158,0.1,0.0012333333333333332,0.15236571186439796,0.0027900698015820903,22.5501253559309
0.053535666774107246,1.0,0.0002,0.1,0.0005,0.15236571186439796,0.0027900698015820903,9.141942711863878
0.053535666774107246,1.0,0.000251,0.1,0.0002,0.15236571186439796,0.0027900698015820903,3.6567770847455514
0.053535666774107246,1.0,0.000316,0.1,3.3333333333333335e-05,0.15236571186439796,0.0027900698015820903,0.6094628474575919
0.053535666774107246,1.0,0.000398,0.1,3.3333333333333335e-05,0.15236571186439796,0.0027900698015820903,0.6094628474575919
0.053535666774107246,1.0,0.000501,0.1,0.0,0.15236571186439796,0.0027900698015820903,0.0
0.053535666774107246,1.0,0.000631,0.1,0.0,0.15236571186439796,0.0027900698015820903,0.0
0.053535666774107246,1.0,0.000794,0.1,0.0,0.15236571186439796,0.0027900698015820903,0.0
0.053535666774107246,1.0,0.001,0.1,0.0,0.15236571186439796,0.0027900698015820903,0.0
0.053535666774107246,1.0,0.00126,0.1,0.0,0.15236571186439796,0.0027900698015820903,0.0
0.053535666774107246,1.0,0.00158,0.1,0.0,0.15236571186439796,0.0027900698015820903,0.0
0.053535666774107246,1.0,0.002,0.1,0.0,0.15236571186439796,0.0027900698015820903,0.0
0.053535666774107246,1.0,0.00251,0.1,0.0,0.15236571186439796,0.0027900698015820903,0.0
0.053535666774107246,1.0,0.00316,0.1,0.0,0.15236571186439796,0.0027900698015820903,0.0
0.053535666774107246,1.0,0.00398,0.1,0.0,0.15236571186439796,0.0027900698015820903,0.0
0.053535666774107246,1.0,0.00501,0.1,0.0,0.15236571186439796,0.0027900698015820903,0.0
0.053535666774107246,1.0,0.00631,0.1,0.0,0.15236571186439796,0.0027900698015820903,0.0
0.05607169938205458,1.0,3.16e-07,0.1,0.0,0.16709780581167183,0.003059838963773518,0.0
0.05607169938205458,1.0,3.98e-07,0.1,0.0,0.16709780581167183,0.003059838963773518,0.0
0.05607169938205458,1.0,5.01e-07,0.1,0.0,0.16709780581167183,0.003059838963773518,0.0
0.05607169938205458,1.0,6.31e-07,0.1,0.0,0.16709780581167183,0.003059838963773518,0.0
0.05607169938205458,1.0,7.94e-07,0.1,0.0,0.16709780581167183,0.003059838963773518,0.0
0.05607169938205458,1.0,1e-06,0.1,0.0,0.16709780581167183,0.003059838963773518,0.0
0.05607169938205458,1.0,1.26e-06,0.1,0.0,0.16709780581167183,0.003059838963773518,0.0
0.05607169938205458,1.0,1.58e-06,0.1,0.0,0.16709780581167183,0.003059838963773518,0.0
0.05607169938205458,1.0,2e-06,0.1,0.0,0.16709780581167183,0.003059838963773518,0.0
0.05607169938205458,1.0,2.51e-06,0.1,3.3333333333333335e-05,0.16709780581167183,0.003059838963773518,0.6683912232466874
0.05607169938205458,1.0,3.98e-06,0.1,0.0001,0.16709780581167183,0.003059838963773518,2.005173669740062
0.05607169938205458,1.0,5.01e-06,0.1,6.666666666666667e-05,0.16709780581167183,0.003059838963773518,1.3367824464933749
0.05607169938205458,1.0,7.94e-06,0.1,6.666666666666667e-05,0.16709780581167183,0.003059838963773518,1.3367824464933749
0.05607169938205458,1.0,1e-05,0.1,6.666666666666667e-05,0.16709780581167183,0.003059838963773518,1.3367824464933749
0.05607169938205458,1.0,1.26e-05,0.1,0.00023333333333333333,0.16709780581167183,0.003059838963773518,4.678738562726812
0.05607169938205458,1.0,1.58e-05,0.1,0.0001,0.16709780581167183,0.003059838963773518,2.005173669740062
0.05607169938205458,1.0,2.51e-05,0.1,0.0005,0.16709780581167183,0.003059838963773518,10.02586834870031
0.05607169938205458,1.0,3.16e-05,0.1,0.0006,0.16709780581167183,0.003059838963773518,12.031042018440372
0.05607169938205458,1.0,3.98e-05,0.1,0.0011,0.16709780581167183,0.003059838963773518,22.056910367140688
0.05607169938205458,1.0,5.01e-05,0.1,0.0013333333333333333,0.16709780581167183,0.003059838963773518,26.735648929867494
0.05607169938205458,1.0,6.31e-05,0.1,0.0018666666666666666,0.16709780581167183,0.003059838963773518,37.429908501814495
0.05607169938205458,1.0,7.94e-05,0.1,0.0018,0.16709780581167183,0.003059838963773518,36.093126055321115
0.05607169938205458,1.0,0.0001,0.1,0.0017666666666666666,0.16709780581167183,0.003059838963773518,35.42473483207443
0.05607169938205458,1.0,0.000126,0.1,0.0021,0.16709780581167183,0.003059838963773518,42.1086470645413
0.05607169938205458,1.0,0.000158,0.1,0.0012333333333333332,0.16709780581167183,0.003059838963773518,24.73047526012743
0.05607169938205458,1.0,0.0002,0.1,0.0005,0.16709780581167183,0.003059838963773518,10.02586834870031
0.05607169938205458,1.0,0.000251,0.1,0.0002,0.16709780581167183,0.003059838963773518,4.010347339480124
0.05607169938205458,1.0,0.000316,0.1,3.3333333333333335e-05,0.16709780581167183,0.003059838963773518,0.6683912232466874
0.05607169938205458,1.0,0.000398,0.1,3.3333333333333335e-05,0.16709780581167183,0.003059838963773518,0.6683912232466874
0.05607169938205458,1.0,0.000501,0.1,0.0,0.16709780581167183,0.003059838963773518,0.0
0.05607169938205458,1.0,0.000631,0.1,0.0,0.16709780581167183,0.003059838963773518,0.0
0.05607169938205458,1.0,0.000794,0.1,0.0,0.16709780581167183,0.003059838963773518,0.0
0.05607169938205458,1.0,0.001,0.1,0.0,0.16709780581167183,0.003059838963773518,0.0
0.05607169938205458,1.0,0.00126,0.1,0.0,0.16709780581167183,0.003059838963773518,0.0
0.05607169938205458,1.0,0.00158,0.1,0.0,0.16709780581167183,0.003059838963773518,0.0
0.05607169938205458,1.0,0.002,0.1,0.0,0.16709780581167183,0.003059838963773518,0.0
0.05607169938205458,1.0,0.00251,0.1,0.0,0.16709780581167183,0.003059838963773518,0.0
0.05607169938205458,1.0,0.00316,0.1,0.0,0.16709780581167183,0.003059838963773518,0.0
0.05607169938205458,1.0,0.00398,0.1,0.0,0.16709780581167183,0.003059838963773518,0.0
0.05607169938205458,1.0,0.00501,0.1,0.0,0.16709780581167183,0.003059838963773518,0.0
0.05607169938205458,1.0,0.00631,0.1,0.0,0.16709780581167183,0.003059838963773518,0.0
0.05872786613189483,1.0,3.16e-07,0.1,0.0,0.1832495385321301,0.0033556040749337136,0.0
0.05872786613189483,1.0,3.98e-07,0.1,0.0,0.1832495385321301,0.0033556040749337136,0.0
0.05872786613189483,1.0,5.01e-07,0.1,0.0,0.1832495385321301,0.0033556040749337136,0.0
0.05872786613189483,1.0,6.31e-07,0.1,0.0,0.1832495385321301,0.0033556040749337136,0.0
0.05872786613189483,1.0,7.94e-07,0.1,0.0,0.1832495385321301,0.0033556040749337136,0.0
0.05872786613189483,1.0,1e-06,0.1,0.0,0.1832495385321301,0.0033556040749337136,0.0
0.05872786613189483,1.0,1.26e-06,0.1,0.0,0.1832495385321301,0.0033556040749337136,0.0
0.05872786613189483,1.0,1.58e-06,0.1,0.0,0.1832495385321301,0.0033556040749337136,0.0
0.05872786613189483,1.0,2e-06,0.1,0.0,0.1832495385321301,0.0033556040749337136,0.0
0.05872786613189483,1.0,2.51e-06,0.1,3.3333333333333335e-05,0.1832495385321301,0.0033556040749337136,0.7329981541285205
0.05872786613189483,1.0,3.98e-06,0.1,0.0001,0.1832495385321301,0.0033556040749337136,2.1989944623855617
0.05872786613189483,1.0,5.01e-06,0.1,6.666666666666667e-05,0.1832495385321301,0.0033556040749337136,1.465996308257041
0.05872786613189483,1.0,7.94e-06,0.1,6.666666666666667e-05,0.1832495385321301,0.0033556040749337136,1.465996308257041
0.05872786613189483,1.0,1e-05,0.1,6.666666666666667e-05,0.1832495385321301,0.0033556040749337136,1.465996308257041
0.05872786613189483,1.0,1.26e-05,0.1,0.00023333333333333333,0.1832495385321301,0.0033556040749337136,5.1309870788996434
0.05872786613189483,1.0,1.58e-05,0.1,0.0001,0.1832495385321301,0.0033556040749337136,2.1989944623855617
0.05872786613189483,1.0,2.51e-05,0.1,0.0005,0.1832495385321301,0.0033556040749337136,10.994972311927809
0.05872786613189483,1.0,3.16e-05,0.1,0.0006,0.1832495385321301,0.0033556040749337136,13.193966774313367
0.05872786613189483,1.0,3.98e-05,0.1,0.0011,0.1832495385321301,0.0033556040749337136,24.188939086241177
0.05872786613189483,1.0,5.01e-05,0.1,0.0013333333333333333,0.1832495385321301,0.0033556040749337136,29.319926165140817
0.05872786613189483,1.0,6.31e-05,0.1,0.0018666666666666666,0.1832495385321301,0.0033556040749337136,41.04789663119715
0.05872786613189483,1.0,7.94e-05,0.1,0.0018,0.1832495385321301,0.0033556040749337136,39.58190032294011
0.05872786613189483,1.0,0.0001,0.1,0.0017666666666666666,0.1832495385321301,0.0033556040749337136,38.848902168811584
0.05872786613189483,1.0,0.000126,0.1,0.0021,0.1832495385321301,0.0033556040749337136,46.17888371009679
0.05872786613189483,1.0,0.000158,0.1,0.0012333333333333332,0.1832495385321301,0.0033556040749337136,27.120931702755257
0.05872786613189483,1.0,0.0002,0.1,0.0005,0.1832495385321301,0.0033556040749337136,10.994972311927809
0.05872786613189483,1.0,0.000251,0.1,0.0002,0.1832495385321301,0.0033556040749337136,4.3979889247711235
0.05872786613189483,1.0,0.000316,0.1,3.3333333333333335e-05,0.1832495385321301,0.0033556040749337136,0.7329981541285205
0.05872786613189483,1.0,0.000398,0.1,3.3333333333333335e-05,0.1832495385321301,0.0033556040749337136,0.7329981541285205
0.05872786613189483,1.0,0.000501,0.1,0.0,0.1832495385321301,0.0033556040749337136,0.0
0.05872786613189483,1.0,0.000631,0.1,0.0,0.1832495385321301,0.0033556040749337136,0.0
0.05872786613189483,1.0,0.000794,0.1,0.0,0.1832495385321301,0.0033556040749337136,0.0
0.05872786613189483,1.0,0.001,0.1,0.0,0.1832495385321301,0.0033556040749337136,0.0
0.05872786613189483,1.0,0.00126,0.1,0.0,0.1832495385321301,0.0033556040749337136,0.0
0.05872786613189483,1.0,0.00158,0.1,0.0,0.1832495385321301,0.0033556040749337136,0.0
0.05872786613189483,1.0,0.002,0.1,0.0,0.1832495385321301,0.0033556040749337136,0.0
0.05872786613189483,1.0,0.00251,0.1,0.0,0.1832495385321301,0.0033556040749337136,0.0
0.05872786613189483,1.0,0.00316,0.1,0.0,0.1832495385321301,0.0033556040749337136,0.0
0.05872786613189483,1.0,0.00398,0.1,0.0,0.1832495385321301,0.0033556040749337136,0.0
0.05872786613189483,1.0,0.00501,0.1,0.0,0.1832495385321301,0.0033556040749337136,0.0
0.05872786613189483,1.0,0.00631,0.1,0.0,0.1832495385321301,0.0033556040749337136,0.0
0.061509857885805014,1.0,3.16e-07,0.1,0.0,0.20095674068498576,0.0036798524205271152,0.0
0.061509857885805014,1.0,3.98e-07,0.1,0.0,0.20095674068498576,0.0036798524205271152,0.0
0.061509857885805014,1.0,5.01e-07,0.1,0.0,0.20095674068498576,0.0036798524205271152,0.0
0.061509857885805014,1.0,6.31e-07,0.1,0.0,0.20095674068498576,0.0036798524205271152,0.0
0.061509857885805014,1.0,7.94e-07,0.1,0.0,0.20095674068498576,0.0036798524205271152,0.0
0.061509857885805014,1.0,1e-06,0.1,0.0,0.20095674068498576,0.0036798524205271152,0.0
0.061509857885805014,1.0,1.26e-06,0.1,0.0,0.20095674068498576,0.0036798524205271152,0.0
0.061509857885805014,1.0,1.58e-06,0.1,0.0,0.20095674068498576,0.0036798524205271152,0.0
0.061509857885805014,1.0,2e-06,0.1,0.0,0.20095674068498576,0.0036798524205271152,0.0
0.061509857885805014,1.0,2.51e-06,0.1,3.3333333333333335e-05,0.20095674068498576,0.0036798524205271152,0.8038269627399433
0.061509857885805014,1.0,3.98e-06,0.1,0.0001,0.20095674068498576,0.0036798524205271152,2.4114808882198293
0.061509857885805014,1.0,5.01e-06,0.1,6.666666666666667e-05,0.20095674068498576,0.0036798524205271152,1.6076539254798865
0.061509857885805014,1.0,7.94e-06,0.1,6.666666666666667e-05,0.20095674068498576,0.0036798524205271152,1.6076539254798865
0.061509857885805014,1.0,1e-05,0.1,6.666666666666667e-05,0.20095674068498576,0.0036798524205271152,1.6076539254798865
0.061509857885805014,1.0,1.26e-05,0.1,0.00023333333333333333,0.20095674068498576,0.0036798524205271152,5.626788739179602
0.061509857885805014,1.0,1.58e-05,0.1,0.0001,0.20095674068498576,0.0036798524205271152,2.4114808882198293
0.061509857885805014,1.0,2.51e-05,0.1,0.0005,0.20095674068498576,0.0036798524205271152,12.057404441099148
0.061509857885805014,1.0,3.16e-05,0.1,0.0006,0.20095674068498576,0.0036798524205271152,14.468885329318974
0.061509857885805014,1.0,3.98e-05,0.1,0.0011,0.20095674068498576,0.0036798524205271152,26.526289770418124
0.061509857885805014,1.0,5.01e-05,0.1,0.0013333333333333333,0.20095674068498576,0.0036798524205271152,32.15307850959773
0.061509857885805014,1.0,6.31e-05,0.1,0.0018666666666666666,0.20095674068498576,0.0036798524205271152,45.01430991343682
0.061509857885805014,1.0,7.94e-05,0.1,0.0018,0.20095674068498576,0.0036798524205271152,43.40665598795693
0.061509857885805014,1.0,0.0001,0.1,0.0017666666666666666,0.20095674068498576,0.0036798524205271152,42.602829025216984
0.061509857885805014,1.0,0.000126,0.1,0.0021,0.20095674068498576,0.0036798524205271152,50.64109865261642
0.061509857885805014,1.0,0.000158,0.1,0.0012333333333333332,0.20095674068498576,0.0036798524205271152,29.741597621377895
0.061509857885805014,1.0,0.0002,0.1,0.0005,0.20095674068498576,0.0036798524205271152,12.057404441099148
0.061509857885805014,1.0,0.000251,0.1,0.0002,0.20095674068498576,0.0036798524205271152,4.822961776439659
0.061509857885805014,1.0,0.000316,0.1,3.3333333333333335e-05,0.20095674068498576,0.0036798524205271152,0.8038269627399433
0.061509857885805014,1.0,0.000398,0.1,3.3333333333333335e-05,0.20095674068498576,0.0036798524205271152,0.8038269627399433
0.061509857885805014,1.0,0.000501,0.1,0.0,0.20095674068498576,0.0036798524205271152,0.0
0.061509857885805014,1.0,0.000631,0.1,0.0,0.20095674068498576,0.0036798524205271152,0.0
0.061509857885805014,1.0,0.000794,0.1,0.0,0.20095674068498576,0.0036798524205271152,0.0
0.061509857885805014,1.0,0.001,0.1,0.0,0.20095674068498576,0.0036798524205271152,0.0
0.061509857885805014,1.0,0.00126,0.1,0.0,0.20095674068498576,0.0036798524205271152,0.0
0.061509857885805014,1.0,0.00158,0.1,0.0,0.20095674068498576,0.0036798524205271152,0.0
0.061509857885805014,1.0,0.002,0.1,0.0,0.20095674068498576,0.0036798524205271152,0.0
0.061509857885805014,1.0,0.00251,0.1,0.0,0.20095674068498576,0.0036798524205271152,0.0
0.061509857885805014,1.0,0.00316,0.1,0.0,0.20095674068498576,0.0036798524205271152,0.0
0.061509857885805014,1.0,0.00398,0.1,0.0,0.20095674068498576,0.0036798524205271152,0.0
0.061509857885805014,1.0,0.00501,0.1,0.0,0.20095674068498576,0.0036798524205271152,0.0
0.061509857885805014,1.0,0.00631,0.1,0.0,0.20095674068498576,0.0036798524205271152,0.0
0.06442363508721373,1.0,3.16e-07,0.1,0.0,0.22036804261709372,0.004035305669604353,0.0
0.06442363508721373,1.0,3.98e-07,0.1,0.0,0.22036804261709372,0.004035305669604353,0.0
0.06442363508721373,1.0,5.01e-07,0.1,0.0,0.22036804261709372,0.004035305669604353,0.0
0.06442363508721373,1.0,6.31e-07,0.1,0.0,0.22036804261709372,0.004035305669604353,0.0
0.06442363508721373,1.0,7.94e-07,0.1,0.0,0.22036804261709372,0.004035305669604353,0.0
0.06442363508721373,1.0,1e-06,0.1,0.0,0.22036804261709372,0.004035305669604353,0.0
0.06442363508721373,1.0,1.26e-06,0.1,0.0,0.22036804261709372,0.004035305669604353,0.0
0.06442363508721373,1.0,1.58e-06,0.1,0.0,0.22036804261709372,0.004035305669604353,0.0
0.06442363508721373,1.0,2e-06,0.1,0.0,0.22036804261709372,0.004035305669604353,0.0
0.06442363508721373,1.0,2.51e-06,0.1,3.3333333333333335e-05,0.22036804261709372,0.004035305669604353,0.881472170468375
0.06442363508721373,1.0,3.98e-06,0.1,0.0001,0.22036804261709372,0.004035305669604353,2.6444165114051255
0.06442363508721373,1.0,5.01e-06,0.1,6.666666666666667e-05,0.22036804261709372,0.004035305669604353,1.76294434093675
0.06442363508721373,1.0,7.94e-06,0.1,6.666666666666667e-05,0.22036804261709372,0.004035305669604353,1.76294434093675
0.06442363508721373,1.0,1e-05,0.1,6.666666666666667e-05,0.22036804261709372,0.004035305669604353,1.76294434093675
0.06442363508721373,1.0,1.26e-05,0.1,0.00023333333333333333,0.22036804261709372,0.004035305669604353,6.170305193278625
0.06442363508721373,1.0,1.58e-05,0.1,0.0001,0.22036804261709372,0.004035305669604353,2.6444165114051255
0.06442363508721373,1.0,2.51e-05,0.1,0.0005,0.22036804261709372,0.004035305669604353,13.222082557025624
0.06442363508721373,1.0,3.16e-05,0.1,0.0006,0.22036804261709372,0.004035305669604353,15.866499068430748
0.06442363508721373,1.0,3.98e-05,0.1,0.0011,0.22036804261709372,0.004035305669604353,29.088581625456374
0.06442363508721373,1.0,5.01e-05,0.1,0.0013333333333333333,0.22036804261709372,0.004035305669604353,35.258886818735
0.06442363508721373,1.0,6.31e-05,0.1,0.0018666666666666666,0.22036804261709372,0.004035305669604353,49.362441546229
0.06442363508721373,1.0,7.94e-05,0.1,0.0018,0.22036804261709372,0.004035305669604353,47.59949720529225
0.06442363508721373,1.0,0.0001,0.1,0.0017666666666666666,0.22036804261709372,0.004035305669604353,46.718025034823874
0.06442363508721373,1.0,0.000126,0.1,0.0021,0.22036804261709372,0.004035305669604353,55.532746739507616
0.06442363508721373,1.0,0.000158,0.1,0.0012333333333333332,0.22036804261709372,0.004035305669604353,32.614470307329874
0.06442363508721373,1.0,0.0002,0.1,0.0005,0.22036804261709372,0.004035305669604353,13.222082557025624
0.06442363508721373,1.0,0.000251,0.1,0.0002,0.22036804261709372,0.004035305669604353,5.288833022810251
0.06442363508721373,1.0,0.000316,0.1,3.3333333333333335e-05,0.22036804261709372,0.004035305669604353,0.881472170468375
0.06442363508721373,1.0,0.000398,0.1,3.3333333333333335e-05,0.22036804261709372,0.004035305669604353,0.881472170468375
0.06442363508721373,1.0,0.000501,0.1,0.0,0.22036804261709372,0.004035305669604353,0.0
0.06442363508721373,1.0,0.000631,0.1,0.0,0.22036804261709372,0.004035305669604353,0.0
0.06442363508721373,1.0,0.000794,0.1,0.0,0.22036804261709372,0.004035305669604353,0.0
0.06442363508721373,1.0,0.001,0.1,0.0,0.22036804261709372,0.004035305669604353,0.0
0.06442363508721373,1.0,0.00126,0.1,0.0,0.22036804261709372,0.004035305669604353,0.0
0.06442363508721373,1.0,0.00158,0.1,0.0,0.22036804261709372,0.004035305669604353,0.0
0.06442363508721373,1.0,0.002,0.1,0.0,0.22036804261709372,0.004035305669604353,0.0
0.06442363508721373,1.0,0.00251,0.1,0.0,0.22036804261709372,0.004035305669604353,0.0
0.06442363508721373,1.0,0.00316,0.1,0.0,0.22036804261709372,0.004035305669604353,0.0
0.06442363508721373,1.0,0.00398,0.1,0.0,0.22036804261709372,0.004035305669604353,0.0
0.06442363508721373,1.0,0.00501,0.1,0.0,0.22036804261709372,0.004035305669604353,0.0
0.06442363508721373,1.0,0.00631,0.1,0.0,0.22036804261709372,0.004035305669604353,0.0
0.06747544053110693,1.0,3.16e-07,0.1,0.0,0.24164604069210235,0.004424941232230404,0.0
0.06747544053110693,1.0,3.98e-07,0.1,0.0,0.24164604069210235,0.004424941232230404,0.0
0.06747544053110693,1.0,5.01e-07,0.1,0.0,0.24164604069210235,0.004424941232230404,0.0
0.06747544053110693,1.0,6.31e-07,0.1,0.0,0.24164604069210235,0.004424941232230404,0.0
0.06747544053110693,1.0,7.94e-07,0.1,0.0,0.24164604069210235,0.004424941232230404,0.0
0.06747544053110693,1.0,1e-06,0.1,0.0,0.24164604069210235,0.004424941232230404,0.0
0.06747544053110693,1.0,1.26e-06,0.1,0.0,0.24164604069210235,0.004424941232230404,0.0
0.06747544053110693,1.0,1.58e-06,0.1,0.0,0.24164604069210235,0.004424941232230404,0.0
0.06747544053110693,1.0,2e-06,0.1,0.0,0.24164604069210235,0.004424941232230404,0.0
0.06747544053110693,1.0,2.51e-06,0.1,3.3333333333333335e-05,0.24164604069210235,0.004424941232230404,0.9665841627684095
0.06747544053110693,1.0,3.98e-06,0.1,0.0001,0.24164604069210235,0.004424941232230404,2.8997524883052286
0.06747544053110693,1.0,5.01e-06,0.1,6.666666666666667e-05,0.24164604069210235,0.004424941232230404,1.933168325536819
0.06747544053110693,1.0,7.94e-06,0.1,6.666666666666667e-05,0.24164604069210235,0.004424941232230404,1.933168325536819
0.06747544053110693,1.0,1e-05,0.1,6.666666666666667e-05,0.24164604069210235,0.004424941232230404,1.933168325536819
0.06747544053110693,1.0,1.26e-05,0.1,0.00023333333333333333,0.24164604069210235,0.004424941232230404,6.766089139378867
0.06747544053110693,1.0,1.58e-05,0.1,0.0001,0.24164604069210235,0.004424941232230404,2.8997524883052286
0.06747544053110693,1.0,2.51e-05,0.1,0.0005,0.24164604069210235,0.004424941232230404,14.498762441526143
0.06747544053110693,1.0,3.16e-05,0.1,0.0006,0.24164604069210235,0.004424941232230404,17.398514929831368
0.06747544053110693,1.0,3.98e-05,0.1,0.0011,0.24164604069210235,0.004424941232230404,31.897277371357514
0.06747544053110693,1.0,5.01e-05,0.1,0.0013333333333333333,0.24164604069210235,0.004424941232230404,38.66336651073638
0.06747544053110693,1.0,6.31e-05,0.1,0.0018666666666666666,0.24164604069210235,0.004424941232230404,54.12871311503093
0.06747544053110693,1.0,7.94e-05,0.1,0.0018,0.24164604069210235,0.004424941232230404,52.19554478949411
0.06747544053110693,1.0,0.0001,0.1,0.0017666666666666666,0.24164604069210235,0.004424941232230404,51.2289606267257
0.06747544053110693,1.0,0.000126,0.1,0.0021,0.24164604069210235,0.004424941232230404,60.89480225440979
0.06747544053110693,1.0,0.000158,0.1,0.0012333333333333332,0.24164604069210235,0.004424941232230404,35.76361402243115
0.06747544053110693,1.0,0.0002,0.1,0.0005,0.24164604069210235,0.004424941232230404,14.498762441526143
0.06747544053110693,1.0,0.000251,0.1,0.0002,0.24164604069210235,0.004424941232230404,5.799504976610457
0.06747544053110693,1.0,0.000316,0.1,3.3333333333333335e-05,0.24164604069210235,0.004424941232230404,0.9665841627684095
0.06747544053110693,1.0,0.000398,0.1,3.3333333333333335e-05,0.24164604069210235,0.004424941232230404,0.9665841627684095
0.06747544053110693,1.0,0.000501,0.1,0.0,0.24164604069210235,0.004424941232230404,0.0
0.06747544053110693,1.0,0.000631,0.1,0.0,0.24164604069210235,0.004424941232230404,0.0
0.06747544053110693,1.0,0.000794,0.1,0.0,0.24164604069210235,0.004424941232230404,0.0
0.06747544053110693,1.0,0.001,0.1,0.0,0.24164604069210235,0.004424941232230404,0.0
0.06747544053110693,1.0,0.00126,0.1,0.0,0.24164604069210235,0.004424941232230404,0.0
0.06747544053110693,1.0,0.00158,0.1,0.0,0.24164604069210235,0.004424941232230404,0.0
0.06747544053110693,1.0,0.002,0.1,0.0,0.24164604069210235,0.004424941232230404,0.0
0.06747544053110693,1.0,0.00251,0.1,0.0,0.24164604069210235,0.004424941232230404,0.0
0.06747544053110693,1.0,0.00316,0.1,0.0,0.24164604069210235,0.004424941232230404,0.0
0.06747544053110693,1.0,0.00398,0.1,0.0,0.24164604069210235,0.004424941232230404,0.0
0.06747544053110693,1.0,0.00501,0.1,0.0,0.24164604069210235,0.004424941232230404,0.0
0.06747544053110693,1.0,0.00631,0.1,0.0,0.24164604069210235,0.004424941232230404,0.0
0.07067181273927492,1.0,3.16e-07,0.1,0.0,0.26496856178722417,0.004852015414525255,0.0
0.07067181273927492,1.0,3.98e-07,0.1,0.0,0.26496856178722417,0.004852015414525255,0.0
0.07067181273927492,1.0,5.01e-07,0.1,0.0,0.26496856178722417,0.004852015414525255,0.0
0.07067181273927492,1.0,6.31e-07,0.1,0.0,0.26496856178722417,0.004852015414525255,0.0
0.07067181273927492,1.0,7.94e-07,0.1,0.0,0.26496856178722417,0.004852015414525255,0.0
0.07067181273927492,1.0,1e-06,0.1,0.0,0.26496856178722417,0.004852015414525255,0.0
0.07067181273927492,1.0,1.26e-06,0.1,0.0,0.26496856178722417,0.004852015414525255,0.0
0.07067181273927492,1.0,1.58e-06,0.1,0.0,0.26496856178722417,0.004852015414525255,0.0
0.07067181273927492,1.0,2e-06,0.1,0.0,0.26496856178722417,0.004852015414525255,0.0
0.07067181273927492,1.0,2.51e-06,0.1,3.3333333333333335e-05,0.26496856178722417,0.004852015414525255,1.0598742471488969
0.07067181273927492,1.0,3.98e-06,0.1,0.0001,0.26496856178722417,0.004852015414525255,3.179622741446691
0.07067181273927492,1.0,5.01e-06,0.1,6.666666666666667e-05,0.26496856178722417,0.004852015414525255,2.1197484942977938
0.07067181273927492,1.0,7.94e-06,0.1,6.666666666666667e-05,0.26496856178722417,0.004852015414525255,2.1197484942977938
0.07067181273927492,1.0,1e-05,0.1,6.666666666666667e-05,0.26496856178722417,0.004852015414525255,2.1197484942977938
0.07067181273927492,1.0,1.26e-05,0.1,0.00023333333333333333,0.26496856178722417,0.004852015414525255,7.419119730042279
0.07067181273927492,1.0,1.58e-05,0.1,0.0001,0.26496856178722417,0.004852015414525255,3.179622741446691
0.07067181273927492,1.0,2.51e-05,0.1,0.0005,0.26496856178722417,0.004852015414525255,15.898113707233456
0.07067181273927492,1.0,3.16e-05,0.1,0.0006,0.26496856178722417,0.004852015414525255,19.07773644868014
0.07067181273927492,1.0,3.98e-05,0.1,0.0011,0.26496856178722417,0.004852015414525255,34.9758501559136
0.07067181273927492,1.0,5.01e-05,0.1,0.0013333333333333333,0.26496856178722417,0.004852015414525255,42.394969885955874
0.07067181273927492,1.0,6.31e-05,0.1,0.0018666666666666666,0.26496856178722417,0.004852015414525255,59.352957840338235
0.07067181273927492,1.0,7.94e-05,0.1,0.0018,0.26496856178722417,0.004852015414525255,57.23320934604043
0.07067181273927492,1.0,0.0001,0.1,0.0017666666666666666,0.26496856178722417,0.004852015414525255,56.17333509889153
0.07067181273927492,1.0,0.000126,0.1,0.0021,0.26496856178722417,0.004852015414525255,66.7720775703805
0.07067181273927492,1.0,0.000158,0.1,0.0012333333333333332,0.26496856178722417,0.004852015414525255,39.21534714450919
0.07067181273927492,1.0,0.0002,0.1,0.0005,0.26496856178722417,0.004852015414525255,15.898113707233456
0.07067181273927492,1.0,0.000251,0.1,0.0002,0.26496856178722417,0.004852015414525255,6.359245482893382
0.07067181273927492,1.0,0.000316,0.1,3.3333333333333335e-05,0.26496856178722417,0.004852015414525255,1.0598742471488969
0.07067181273927492,1.0,0.000398,0.1,3.3333333333333335e-05,0.26496856178722417,0.004852015414525255,1.0598742471488969
0.07067181273927492,1.0,0.000501,0.1,0.0,0.26496856178722417,0.004852015414525255,0.0
0.07067181273927492,1.0,0.000631,0.1,0.0,0.26496856178722417,0.004852015414525255,0.0
0.07067181273927492,1.0,0.000794,0.1,0.0,0.26496856178722417,0.004852015414525255,0.0
0.07067181273927492,1.0,0.001,0.1,0.0,0.26496856178722417,0.004852015414525255,0.0
0.07067181273927492,1.0,0.00126,0.1,0.0,0.26496856178722417,0.004852015414525255,0.0
0.07067181273927492,1.0,0.00158,0.1,0.0,0.26496856178722417,0.004852015414525255,0.0
0.07067181273927492,1.0,0.002,0.1,0.0,0.26496856178722417,0.004852015414525255,0.0
0.07067181273927492,1.0,0.00251,0.1,0.0,0.26496856178722417,0.004852015414525255,0.0
0.07067181273927492,1.0,0.00316,0.1,0.0,0.26496856178722417,0.004852015414525255,0.0
0.07067181273927492,1.0,0.00398,0.1,0.0,0.26496856178722417,0.004852015414525255,0.0
0.07067181273927492,1.0,0.00501,0.1,0.0,0.26496856178722417,0.004852015414525255,0.0
0.07067181273927492,1.0,0.00631,0.1,0.0,0.26496856178722417,0.004852015414525255,0.0
0.07401959996915644,1.0,3.16e-07,0.1,0.0,0.29053003253760773,0.005320088491807503,0.0
0.07401959996915644,1.0,3.98e-07,0.1,0.0,0.29053003253760773,0.005320088491807503,0.0
0.07401959996915644,1.0,5.01e-07,0.1,0.0,0.29053003253760773,0.005320088491807503,0.0
0.07401959996915644,1.0,6.31e-07,0.1,0.0,0.29053003253760773,0.005320088491807503,0.0
0.07401959996915644,1.0,7.94e-07,0.1,0.0,0.29053003253760773,0.005320088491807503,0.0
0.07401959996915644,1.0,1e-06,0.1,0.0,0.29053003253760773,0.005320088491807503,0.0
0.07401959996915644,1.0,1.26e-06,0.1,0.0,0.29053003253760773,0.005320088491807503,0.0
0.07401959996915644,1.0,1.58e-06,0.1,0.0,0.29053003253760773,0.005320088491807503,0.0
0.07401959996915644,1.0,2e-06,0.1,0.0,0.29053003253760773,0.005320088491807503,0.0
0.07401959996915644,1.0,2.51e-06,0.1,3.3333333333333335e-05,0.29053003253760773,0.005320088491807503,1.1621201301504311
0.07401959996915644,1.0,3.98e-06,0.1,0.0001,0.29053003253760773,0.005320088491807503,3.486360390451294
0.07401959996915644,1.0,5.01e-06,0.1,6.666666666666667e-05,0.29053003253760773,0.005320088491807503,2.3242402603008623
0.07401959996915644,1.0,7.94e-06,0.1,6.666666666666667e-05,0.29053003253760773,0.005320088491807503,2.3242402603008623
0.07401959996915644,1.0,1e-05,0.1,6.666666666666667e-05,0.29053003253760773,0.005320088491807503,2.3242402603008623
0.07401959996915644,1.0,1.26e-05,0.1,0.00023333333333333333,0.29053003253760773,0.005320088491807503,8.134840911053017
0.07401959996915644,1.0,1.58e-05,0.1,0.0001,0.29053003253760773,0.005320088491807503,3.486360390451294
0.07401959996915644,1.0,2.51e-05,0.1,0.0005,0.29053003253760773,0.005320088491807503,17.431801952256468
0.07401959996915644,1.0,3.16e-05,0.1,0.0006,0.29053003253760773,0.005320088491807503,20.91816234270776
0.07401959996915644,1.0,3.98e-05,0.1,0.0011,0.29053003253760773,0.005320088491807503,38.34996429496423
0.07401959996915644,1.0,5.01e-05,0.1,0.0013333333333333333,0.29053003253760773,0.005320088491807503,46.48480520601724
0.07401959996915644,1.0,6.31e-05,0.1,0.0018666666666666666,0.29053003253760773,0.005320088491807503,65.07872728842413
0.07401959996915644,1.0,7.94e-05,0.1,0.0018,0.29053003253760773,0.005320088491807503,62.75448702812328
0.07401959996915644,1.0,0.0001,0.1,0.0017666666666666666,0.29053003253760773,0.005320088491807503,61.592366897972845
0.07401959996915644,1.0,0.000126,0.1,0.0021,0.29053003253760773,0.005320088491807503,73.21356819947715
0.07401959996915644,1.0,0.000158,0.1,0.0012333333333333332,0.29053003253760773,0.005320088491807503,42.998444815565946
0.07401959996915644,1.0,0.0002,0.1,0.0005,0.29053003253760773,0.005320088491807503,17.431801952256468
0.07401959996915644,1.0,0.000251,0.1,0.0002,0.29053003253760773,0.005320088491807503,6.972720780902588
0.07401959996915644,1.0,0.000316,0.1,3.3333333333333335e-05,0.29053003253760773,0.005320088491807503,1.1621201301504311
0.07401959996915644,1.0,0.000398,0.1,3.3333333333333335e-05,0.29053003253760773,0.005320088491807503,1.1621201301504311
0.07401959996915644,1.0,0.000501,0.1,0.0,0.29053003253760773,0.005320088491807503,0.0
0.07401959996915644,1.0,0.000631,0.1,0.0,0.29053003253760773,0.005320088491807503,0.0
0.07401959996915644,1.0,0.000794,0.1,0.0,0.29053003253760773,0.005320088491807503,0.0
0.07401959996915644,1.0,0.001,0.1,0.0,0.29053003253760773,0.005320088491807503,0.0
0.07401959996915644,1.0,0.00126,0.1,0.0,0.29053003253760773,0.005320088491807503,0.0
0.07401959996915644,1.0,0.00158,0.1,0.0,0.29053003253760773,0.005320088491807503,0.0
0.07401959996915644,1.0,0.002,0.1,0.0,0.29053003253760773,0.005320088491807503,0.0
0.07401959996915644,1.0,0.00251,0.1,0.0,0.29053003253760773,0.005320088491807503,0.0
0.07401959996915644,1.0,0.00316,0.1,0.0,0.29053003253760773,0.005320088491807503,0.0
0.07401959996915644,1.0,0.00398,0.1,0.0,0.29053003253760773,0.005320088491807503,0.0
0.07401959996915644,1.0,0.00501,0.1,0.0,0.29053003253760773,0.005320088491807503,0.0
0.07401959996915644,1.0,0.00631,0.1,0.0,0.29053003253760773,0.005320088491807503,0.0
0.0775259748862946,1.0,3.16e-07,0.1,0.0,0.31854295997960225,0.005833051821637104,0.0
0.0775259748862946,1.0,3.98e-07,0.1,0.0,0.31854295997960225,0.005833051821637104,0.0
0.0775259748862946,1.0,5.01e-07,0.1,0.0,0.31854295997960225,0.005833051821637104,0.0
0.0775259748862946,1.0,6.31e-07,0.1,0.0,0.31854295997960225,0.005833051821637104,0.0
0.0775259748862946,1.0,7.94e-07,0.1,0.0,0.31854295997960225,0.005833051821637104,0.0
0.0775259748862946,1.0,1e-06,0.1,0.0,0.31854295997960225,0.005833051821637104,0.0
0.0775259748862946,1.0,1.26e-06,0.1,0.0,0.31854295997960225,0.005833051821637104,0.0
0.0775259748862946,1.0,1.58e-06,0.1,0.0,0.31854295997960225,0.005833051821637104,0.0
0.0775259748862946,1.0,2e-06,0.1,0.0,0.31854295997960225,0.005833051821637104,0.0
0.0775259748862946,1.0,2.51e-06,0.1,3.3333333333333335e-05,0.31854295997960225,0.005833051821637104,1.2741718399184092
0.0775259748862946,1.0,3.98e-06,0.1,0.0001,0.31854295997960225,0.005833051821637104,3.822515519755228
0.0775259748862946,1.0,5.01e-06,0.1,6.666666666666667e-05,0.31854295997960225,0.005833051821637104,2.5483436798368184
0.0775259748862946,1.0,7.94e-06,0.1,6.666666666666667e-05,0.31854295997960225,0.005833051821637104,2.5483436798368184
0.0775259748862946,1.0,1e-05,0.1,6.666666666666667e-05,0.31854295997960225,0.005833051821637104,2.5483436798368184
0.0775259748862946,1.0,1.26e-05,0.1,0.00023333333333333333,0.31854295997960225,0.005833051821637104,8.919202879428864
0.0775259748862946,1.0,1.58e-05,0.1,0.0001,0.31854295997960225,0.005833051821637104,3.822515519755228
0.0775259748862946,1.0,2.51e-05,0.1,0.0005,0.31854295997960225,0.005833051821637104,19.112577598776138
0.0775259748862946,1.0,3.16e-05,0.1,0.0006,0.31854295997960225,0.005833051821637104,22.935093118531363
0.0775259748862946,1.0,3.98e-05,0.1,0.0011,0.31854295997960225,0.005833051821637104,42.047670717307504
0.0775259748862946,1.0,5.01e-05,0.1,0.0013333333333333333,0.31854295997960225,0.005833051821637104,50.96687359673636
0.0775259748862946,1.0,6.31e-05,0.1,0.0018666666666666666,0.31854295997960225,0.005833051821637104,71.35362303543091
0.0775259748862946,1.0,7.94e-05,0.1,0.0018,0.31854295997960225,0.005833051821637104,68.8052793555941
0.0775259748862946,1.0,0.0001,0.1,0.0017666666666666666,0.31854295997960225,0.005833051821637104,67.53110751567567
0.0775259748862946,1.0,0.000126,0.1,0.0021,0.31854295997960225,0.005833051821637104,80.27282591485977
0.0775259748862946,1.0,0.000158,0.1,0.0012333333333333332,0.31854295997960225,0.005833051821637104,47.144358076981135
0.0775259748862946,1.0,0.0002,0.1,0.0005,0.31854295997960225,0.005833051821637104,19.112577598776138
0.0775259748862946,1.0,0.000251,0.1,0.0002,0.31854295997960225,0.005833051821637104,7.645031039510456
0.0775259748862946,1.0,0.000316,0.1,3.3333333333333335e-05,0.31854295997960225,0.005833051821637104,1.2741718399184092
0.0775259748862946,1.0,0.000398,0.1,3.3333333333333335e-05,0.31854295997960225,0.005833051821637104,1.2741718399184092
0.0775259748862946,1.0,0.000501,0.1,0.0,0.31854295997960225,0.005833051821637104,0.0
0.0775259748862946,1.0,0.000631,0.1,0.0,0.31854295997960225,0.005833051821637104,0.0
0.0775259748862946,1.0,0.000794,0.1,0.0,0.31854295997960225,0.005833051821637104,0.0
0.0775259748862946,1.0,0.001,0.1,0.0,0.31854295997960225,0.005833051821637104,0.0
0.0775259748862946,1.0,0.00126,0.1,0.0,0.31854295997960225,0.005833051821637104,0.0
0.0775259748862946,1.0,0.00158,0.1,0.0,0.31854295997960225,0.005833051821637104,0.0
0.0775259748862946,1.0,0.002,0.1,0.0,0.31854295997960225,0.005833051821637104,0.0
0.0775259748862946,1.0,0.00251,0.1,0.0,0.31854295997960225,0.005833051821637104,0.0
0.0775259748862946,1.0,0.00316,0.1,0.0,0.31854295997960225,0.005833051821637104,0.0
0.0775259748862946,1.0,0.00398,0.1,0.0,0.31854295997960225,0.005833051821637104,0.0
0.0775259748862946,1.0,0.00501,0.1,0.0,0.31854295997960225,0.005833051821637104,0.0
0.0775259748862946,1.0,0.00631,0.1,0.0,0.31854295997960225,0.005833051821637104,0.0
0.08119844993184012,1.0,3.16e-07,0.1,0.0,0.3492395302168394,0.006395157118052361,0.0
0.08119844993184012,1.0,3.98e-07,0.1,0.0,0.3492395302168394,0.006395157118052361,0.0
0.08119844993184012,1.0,5.01e-07,0.1,0.0,0.3492395302168394,0.006395157118052361,0.0
0.08119844993184012,1.0,6.31e-07,0.1,0.0,0.3492395302168394,0.006395157118052361,0.0
0.08119844993184012,1.0,7.94e-07,0.1,0.0,0.3492395302168394,0.006395157118052361,0.0
0.08119844993184012,1.0,1e-06,0.1,0.0,0.3492395302168394,0.006395157118052361,0.0
0.08119844993184012,1.0,1.26e-06,0.1,0.0,0.3492395302168394,0.006395157118052361,0.0
0.08119844993184012,1.0,1.58e-06,0.1,0.0,0.3492395302168394,0.006395157118052361,0.0
0.08119844993184012,1.0,2e-06,0.1,0.0,0.3492395302168394,0.006395157118052361,0.0
0.08119844993184012,1.0,2.51e-06,0.1,3.3333333333333335e-05,0.3492395302168394,0.006395157118052361,1.3969581208673578
0.08119844993184012,1.0,3.98e-06,0.1,0.0001,0.3492395302168394,0.006395157118052361,4.190874362602074
0.08119844993184012,1.0,5.01e-06,0.1,6.666666666666667e-05,0.3492395302168394,0.006395157118052361,2.7939162417347156
0.08119844993184012,1.0,7.94e-06,0.1,6.666666666666667e-05,0.3492395302168394,0.006395157118052361,2.7939162417347156
0.08119844993184012,1.0,1e-05,0.1,6.666666666666667e-05,0.3492395302168394,0.006395157118052361,2.7939162417347156
0.08119844993184012,1.0,1.26e-05,0.1,0.00023333333333333333,0.3492395302168394,0.006395157118052361,9.778706846071506
0.08119844993184012,1.0,1.58e-05,0.1,0.0001,0.3492395302168394,0.006395157118052361,4.190874362602074
0.08119844993184012,1.0,2.51e-05,0.1,0.0005,0.3492395302168394,0.006395157118052361,20.95437181301037
0.08119844993184012,1.0,3.16e-05,0.1,0.0006,0.3492395302168394,0.006395157118052361,25.14524617561244
0.08119844993184012,1.0,3.98e-05,0.1,0.0011,0.3492395302168394,0.006395157118052361,46.09961798862281
0.08119844993184012,1.0,5.01e-05,0.1,0.0013333333333333333,0.3492395302168394,0.006395157118052361,55.87832483469431
0.08119844993184012,1.0,6.31e-05,0.1,0.0018666666666666666,0.3492395302168394,0.006395157118052361,78.22965476857205
0.08119844993184012,1.0,7.94e-05,0.1,0.0018,0.3492395302168394,0.006395157118052361,75.43573852683731
0.08119844993184012,1.0,0.0001,0.1,0.0017666666666666666,0.3492395302168394,0.006395157118052361,74.03878040596996
0.08119844993184012,1.0,0.000126,0.1,0.0021,0.3492395302168394,0.006395157118052361,88.00836161464355
0.08119844993184012,1.0,0.000158,0.1,0.0012333333333333332,0.3492395302168394,0.006395157118052361,51.68745047209224
0.08119844993184012,1.0,0.0002,0.1,0.0005,0.3492395302168394,0.006395157118052361,20.95437181301037
0.08119844993184012,1.0,0.000251,0.1,0.0002,0.3492395302168394,0.006395157118052361,8.381748725204147
0.08119844993184012,1.0,0.000316,0.1,3.3333333333333335e-05,0.3492395302168394,0.006395157118052361,1.3969581208673578
0.08119844993184012,1.0,0.000398,0.1,3.3333333333333335e-05,0.3492395302168394,0.006395157118052361,1.3969581208673578
0.08119844993184012,1.0,0.000501,0.1,0.0,0.3492395302168394,0.006395157118052361,0.0
0.08119844993184012,1.0,0.000631,0.1,0.0,0.3492395302168394,0.006395157118052361,0.0
0.08119844993184012,1.0,0.000794,0.1,0.0,0.3492395302168394,0.006395157118052361,0.0
0.08119844993184012,1.0,0.001,0.1,0.0,0.3492395302168394,0.006395157118052361,0.0
0.08119844993184012,1.0,0.00126,0.1,0.0,0.3492395302168394,0.006395157118052361,0.0
0.08119844993184012,1.0,0.00158,0.1,0.0,0.3492395302168394,0.006395157118052361,0.0
0.08119844993184012,1.0,0.002,0.1,0.0,0.3492395302168394,0.006395157118052361,0.0
0.08119844993184012,1.0,0.00251,0.1,0.0,0.3492395302168394,0.006395157118052361,0.0
0.08119844993184012,1.0,0.00316,0.1,0.0,0.3492395302168394,0.006395157118052361,0.0
0.08119844993184012,1.0,0.00398,0.1,0.0,0.3492395302168394,0.006395157118052361,0.0
0.08119844993184012,1.0,0.00501,0.1,0.0,0.3492395302168394,0.006395157118052361,0.0
0.08119844993184012,1.0,0.00631,0.1,0.0,0.3492395302168394,0.006395157118052361,0.0
0.08504489341802678,1.0,3.16e-07,0.1,0.0,0.3828733315789991,0.007011048005475171,0.0
0.08504489341802678,1.0,3.98e-07,0.1,0.0,0.3828733315789991,0.007011048005475171,0.0
0.08504489341802678,1.0,5.01e-07,0.1,0.0,0.3828733315789991,0.007011048005475171,0.0
0.08504489341802678,1.0,6.31e-07,0.1,0.0,0.3828733315789991,0.007011048005475171,0.0
0.08504489341802678,1.0,7.94e-07,0.1,0.0,0.3828733315789991,0.007011048005475171,0.0
0.08504489341802678,1.0,1e-06,0.1,0.0,0.3828733315789991,0.007011048005475171,0.0
0.08504489341802678,1.0,1.26e-06,0.1,0.0,0.3828733315789991,0.007011048005475171,0.0
0.08504489341802678,1.0,1.58e-06,0.1,0.0,0.3828733315789991,0.007011048005475171,0.0
0.08504489341802678,1.0,2e-06,0.1,0.0,0.3828733315789991,0.007011048005475171,0.0
0.08504489341802678,1.0,2.51e-06,0.1,3.3333333333333335e-05,0.3828733315789991,0.007011048005475171,1.5314933263159967
0.08504489341802678,1.0,3.98e-06,0.1,0.0001,0.3828733315789991,0.007011048005475171,4.59447997894799
0.08504489341802678,1.0,5.01e-06,0.1,6.666666666666667e-05,0.3828733315789991,0.007011048005475171,3.0629866526319933
0.08504489341802678,1.0,7.94e-06,0.1,6.666666666666667e-05,0.3828733315789991,0.007011048005475171,3.0629866526319933
0.08504489341802678,1.0,1e-05,0.1,6.666666666666667e-05,0.3828733315789991,0.007011048005475171,3.0629866526319933
0.08504489341802678,1.0,1.26e-05,0.1,0.00023333333333333333,0.3828733315789991,0.007011048005475171,10.720453284211978
0.08504489341802678,1.0,1.58e-05,0.1,0.0001,0.3828733315789991,0.007011048005475171,4.59447997894799
0.08504489341802678,1.0,2.51e-05,0.1,0.0005,0.3828733315789991,0.007011048005475171,22.97239989473995
0.08504489341802678,1.0,3.16e-05,0.1,0.0006,0.3828733315789991,0.007011048005475171,27.566879873687938
0.08504489341802678,1.0,3.98e-05,0.1,0.0011,0.3828733315789991,0.007011048005475171,50.53927976842789
0.08504489341802678,1.0,5.01e-05,0.1,0.0013333333333333333,0.3828733315789991,0.007011048005475171,61.25973305263987
0.08504489341802678,1.0,6.31e-05,0.1,0.0018666666666666666,0.3828733315789991,0.007011048005475171,85.76362627369582
0.08504489341802678,1.0,7.94e-05,0.1,0.0018,0.3828733315789991,0.007011048005475171,82.70063962106383
0.08504489341802678,1.0,0.0001,0.1,0.0017666666666666666,0.3828733315789991,0.007011048005475171,81.16914629474782
0.08504489341802678,1.0,0.000126,0.1,0.0021,0.3828733315789991,0.007011048005475171,96.48407955790779
0.08504489341802678,1.0,0.000158,0.1,0.0012333333333333332,0.3828733315789991,0.007011048005475171,56.66525307369187
0.08504489341802678,1.0,0.0002,0.1,0.0005,0.3828733315789991,0.007011048005475171,22.97239989473995
0.08504489341802678,1.0,0.000251,0.1,0.0002,0.3828733315789991,0.007011048005475171,9.18895995789598
0.08504489341802678,1.0,0.000316,0.1,3.3333333333333335e-05,0.3828733315789991,0.007011048005475171,1.5314933263159967
0.08504489341802678,1.0,0.000398,0.1,3.3333333333333335e-05,0.3828733315789991,0.007011048005475171,1.5314933263159967
0.08504489341802678,1.0,0.000501,0.1,0.0,0.3828733315789991,0.007011048005475171,0.0
0.08504489341802678,1.0,0.000631,0.1,0.0,0.3828733315789991,0.007011048005475171,0.0
0.08504489341802678,1.0,0.000794,0.1,0.0,0.3828733315789991,0.007011048005475171,0.0
0.08504489341802678,1.0,0.001,0.1,0.0,0.3828733315789991,0.007011048005475171,0.0
0.08504489341802678,1.0,0.00126,0.1,0.0,0.3828733315789991,0.007011048005475171,0.0
0.08504489341802678,1.0,0.00158,0.1,0.0,0.3828733315789991,0.007011048005475171,0.0
0.08504489341802678,1.0,0.002,0.1,0.0,0.3828733315789991,0.007011048005475171,0.0
0.08504489341802678,1.0,0.00251,0.1,0.0,0.3828733315789991,0.007011048005475171,0.0
0.08504489341802678,1.0,0.00316,0.1,0.0,0.3828733315789991,0.007011048005475171,0.0
0.08504489341802678,1.0,0.00398,0.1,0.0,0.3828733315789991,0.007011048005475171,0.0
0.08504489341802678,1.0,0.00501,0.1,0.0,0.3828733315789991,0.007011048005475171,0.0
0.08504489341802678,1.0,0.00631,0.1,0.0,0.3828733315789991,0.007011048005475171,0.0
0.0890735463861044,1.0,3.16e-07,0.1,0.0,0.41972120842874305,0.007685793965001704,0.0
0.0890735463861044,1.0,3.98e-07,0.1,0.0,0.41972120842874305,0.007685793965001704,0.0
0.0890735463861044,1.0,5.01e-07,0.1,0.0,0.41972120842874305,0.007685793965001704,0.0
0.0890735463861044,1.0,6.31e-07,0.1,0.0,0.41972120842874305,0.007685793965001704,0.0
0.0890735463861044,1.0,7.94e-07,0.1,0.0,0.41972120842874305,0.007685793965001704,0.0
0.0890735463861044,1.0,1e-06,0.1,0.0,0.41972120842874305,0.007685793965001704,0.0
0.0890735463861044,1.0,1.26e-06,0.1,0.0,0.41972120842874305,0.007685793965001704,0.0
0.0890735463861044,1.0,1.58e-06,0.1,0.0,0.41972120842874305,0.007685793965001704,0.0
0.0890735463861044,1.0,2e-06,0.1,0.0,0.41972120842874305,0.007685793965001704,0.0
0.0890735463861044,1.0,2.51e-06,0.1,3.3333333333333335e-05,0.41972120842874305,0.007685793965001704,1.6788848337149724
0.0890735463861044,1.0,3.98e-06,0.1,0.0001,0.41972120842874305,0.007685793965001704,5.036654501144917
0.0890735463861044,1.0,5.01e-06,0.1,6.666666666666667e-05,0.41972120842874305,0.007685793965001704,3.357769667429945
0.0890735463861044,1.0,7.94e-06,0.1,6.666666666666667e-05,0.41972120842874305,0.007685793965001704,3.357769667429945
0.0890735463861044,1.0,1e-05,0.1,6.666666666666667e-05,0.41972120842874305,0.007685793965001704,3.357769667429945
0.0890735463861044,1.0,1.26e-05,0.1,0.00023333333333333333,0.41972120842874305,0.007685793965001704,11.752193836004807
0.0890735463861044,1.0,1.58e-05,0.1,0.0001,0.41972120842874305,0.007685793965001704,5.036654501144917
0.0890735463861044,1.0,2.51e-05,0.1,0.0005,0.41972120842874305,0.007685793965001704,25.183272505724588
0.0890735463861044,1.0,3.16e-05,0.1,0.0006,0.41972120842874305,0.007685793965001704,30.2199270068695
0.0890735463861044,1.0,3.98e-05,0.1,0.0011,0.41972120842874305,0.007685793965001704,55.403199512594085
0.0890735463861044,1.0,5.01e-05,0.1,0.0013333333333333333,0.41972120842874305,0.007685793965001704,67.15539334859889
0.0890735463861044,1.0,6.31e-05,0.1,0.0018666666666666666,0.41972120842874305,0.007685793965001704,94.01755068803845
0.0890735463861044,1.0,7.94e-05,0.1,0.0018,0.41972120842874305,0.007685793965001704,90.6597810206085
0.0890735463861044,1.0,0.0001,0.1,0.0017666666666666666,0.41972120842874305,0.007685793965001704,88.98089618689353
0.0890735463861044,1.0,0.000126,0.1,0.0021,0.41972120842874305,0.007685793965001704,105.76974452404325
0.0890735463861044,1.0,0.000158,0.1,0.0012333333333333332,0.41972120842874305,0.007685793965001704,62.118738847453976
0.0890735463861044,1.0,0.0002,0.1,0.0005,0.41972120842874305,0.007685793965001704,25.183272505724588
0.0890735463861044,1.0,0.000251,0.1,0.0002,0.41972120842874305,0.007685793965001704,10.073309002289834
0.0890735463861044,1.0,0.000316,0.1,3.3333333333333335e-05,0.41972120842874305,0.007685793965001704,1.6788848337149724
0.0890735463861044,1.0,0.000398,0.1,3.3333333333333335e-05,0.41972120842874305,0.007685793965001704,1.6788848337149724
0.0890735463861044,1.0,0.000501,0.1,0.0,0.41972120842874305,0.007685793965001704,0.0
0.0890735463861044,1.0,0.000631,0.1,0.0,0.41972120842874305,0.007685793965001704,0.0
0.0890735463861044,1.0,0.000794,0.1,0.0,0.41972120842874305,0.007685793965001704,0.0
0.0890735463861044,1.0,0.001,0.1,0.0,0.41972120842874305,0.007685793965001704,0.0
0.0890735463861044,1.0,0.00126,0.1,0.0,0.41972120842874305,0.007685793965001704,0.0
0.0890735463861044,1.0,0.00158,0.1,0.0,0.41972120842874305,0.007685793965001704,0.0
0.0890735463861044,1.0,0.002,0.1,0.0,0.41972120842874305,0.007685793965001704,0.0
0.0890735463861044,1.0,0.00251,0.1,0.0,0.41972120842874305,0.007685793965001704,0.0
0.0890735463861044,1.0,0.00316,0.1,0.0,0.41972120842874305,0.007685793965001704,0.0
0.0890735463861044,1.0,0.00398,0.1,0.0,0.41972120842874305,0.007685793965001704,0.0
0.0890735463861044,1.0,0.00501,0.1,0.0,0.41972120842874305,0.007685793965001704,0.0
0.0890735463861044,1.0,0.00631,0.1,0.0,0.41972120842874305,0.007685793965001704,0.0
0.09329304026284686,1.0,3.16e-07,0.1,0.0,0.4600852512575158,0.008424926776369086,0.0
0.09329304026284686,1.0,3.98e-07,0.1,0.0,0.4600852512575158,0.008424926776369086,0.0
0.09329304026284686,1.0,5.01e-07,0.1,0.0,0.4600852512575158,0.008424926776369086,0.0
0.09329304026284686,1.0,6.31e-07,0.1,0.0,0.4600852512575158,0.008424926776369086,0.0
0.09329304026284686,1.0,7.94e-07,0.1,0.0,0.4600852512575158,0.008424926776369086,0.0
0.09329304026284686,1.0,1e-06,0.1,0.0,0.4600852512575158,0.008424926776369086,0.0
0.09329304026284686,1.0,1.26e-06,0.1,0.0,0.4600852512575158,0.008424926776369086,0.0
0.09329304026284686,1.0,1.58e-06,0.1,0.0,0.4600852512575158,0.008424926776369086,0.0
0.09329304026284686,1.0,2e-06,0.1,0.0,0.4600852512575158,0.008424926776369086,0.0
0.09329304026284686,1.0,2.51e-06,0.1,3.3333333333333335e-05,0.4600852512575158,0.008424926776369086,1.8403410050300633
0.09329304026284686,1.0,3.98e-06,0.1,0.0001,0.4600852512575158,0.008424926776369086,5.52102301509019
0.09329304026284686,1.0,5.01e-06,0.1,6.666666666666667e-05,0.4600852512575158,0.008424926776369086,3.6806820100601265
0.09329304026284686,1.0,7.94e-06,0.1,6.666666666666667e-05,0.4600852512575158,0.008424926776369086,3.6806820100601265
0.09329304026284686,1.0,1e-05,0.1,6.666666666666667e-05,0.4600852512575158,0.008424926776369086,3.6806820100601265
0.09329304026284686,1.0,1.26e-05,0.1,0.00023333333333333333,0.4600852512575158,0.008424926776369086,12.882387035210442
0.09329304026284686,1.0,1.58e-05,0.1,0.0001,0.4600852512575158,0.008424926776369086,5.52102301509019
0.09329304026284686,1.0,2.51e-05,0.1,0.0005,0.4600852512575158,0.008424926776369086,27.60511507545095
0.09329304026284686,1.0,3.16e-05,0.1,0.0006,0.4600852512575158,0.008424926776369086,33.12613809054114
0.09329304026284686,1.0,3.98e-05,0.1,0.0011,0.4600852512575158,0.008424926776369086,60.7312531659921
0.09329304026284686,1.0,5.01e-05,0.1,0.0013333333333333333,0.4600852512575158,0.008424926776369086,73.61364020120253
0.09329304026284686,1.0,6.31e-05,0.1,0.0018666666666666666,0.4600852512575158,0.008424926776369086,103.05909628168354
0.09329304026284686,1.0,7.94e-05,0.1,0.0018,0.4600852512575158,0.008424926776369086,99.37841427162341
0.09329304026284686,1.0,0.0001,0.1,0.0017666666666666666,0.4600852512575158,0.008424926776369086,97.53807326659336
0.09329304026284686,1.0,0.000126,0.1,0.0021,0.4600852512575158,0.008424926776369086,115.941483316894
0.09329304026284686,1.0,0.000158,0.1,0.0012333333333333332,0.4600852512575158,0.008424926776369086,68.09261718611235
0.09329304026284686,1.0,0.0002,0.1,0.0005,0.4600852512575158,0.008424926776369086,27.60511507545095
0.09329304026284686,1.0,0.000251,0.1,0.0002,0.4600852512575158,0.008424926776369086,11.04204603018038
0.09329304026284686,1.0,0.000316,0.1,3.3333333333333335e-05,0.4600852512575158,0.008424926776369086,1.8403410050300633
0.09329304026284686,1.0,0.000398,0.1,3.3333333333333335e-05,0.4600852512575158,0.008424926776369086,1.8403410050300633
0.09329304026284686,1.0,0.000501,0.1,0.0,0.4600852512575158,0.008424926776369086,0.0
0.09329304026284686,1.0,0.000631,0.1,0.0,0.4600852512575158,0.008424926776369086,0.0
0.09329304026284686,1.0,0.000794,0.1,0.0,0.4600852512575158,0.008424926776369086,0.0
0.09329304026284686,1.0,0.001,0.1,0.0,0.4600852512575158,0.008424926776369086,0.0
0.09329304026284686,1.0,0.00126,0.1,0.0,0.4600852512575158,0.008424926776369086,0.0
0.09329304026284686,1.0,0.00158,0.1,0.0,0.4600852512575158,0.008424926776369086,0.0
0.09329304026284686,1.0,0.002,0.1,0.0,0.4600852512575158,0.008424926776369086,0.0
0.09329304026284686,1.0,0.00251,0.1,0.0,0.4600852512575158,0.008424926776369086,0.0
0.09329304026284686,1.0,0.00316,0.1,0.0,0.4600852512575158,0.008424926776369086,0.0
0.09329304026284686,1.0,0.00398,0.1,0.0,0.4600852512575158,0.008424926776369086,0.0
0.09329304026284686,1.0,0.00501,0.1,0.0,0.4600852512575158,0.008424926776369086,0.0
0.09329304026284686,1.0,0.00631,0.1,0.0,0.4600852512575158,0.008424926776369086,0.0
0.09771241535346496,1.0,3.16e-07,0.1,0.0,0.5042949279483563,0.009234479544925038,0.0
0.09771241535346496,1.0,3.98e-07,0.1,0.0,0.5042949279483563,0.009234479544925038,0.0
0.09771241535346496,1.0,5.01e-07,0.1,0.0,0.5042949279483563,0.009234479544925038,0.0
0.09771241535346496,1.0,6.31e-07,0.1,0.0,0.5042949279483563,0.009234479544925038,0.0
0.09771241535346496,1.0,7.94e-07,0.1,0.0,0.5042949279483563,0.009234479544925038,0.0
0.09771241535346496,1.0,1e-06,0.1,0.0,0.5042949279483563,0.009234479544925038,0.0
0.09771241535346496,1.0,1.26e-06,0.1,0.0,0.5042949279483563,0.009234479544925038,0.0
0.09771241535346496,1.0,1.58e-06,0.1,0.0,0.5042949279483563,0.009234479544925038,0.0
0.09771241535346496,1.0,2e-06,0.1,0.0,0.5042949279483563,0.009234479544925038,0.0
0.09771241535346496,1.0,2.51e-06,0.1,3.3333333333333335e-05,0.5042949279483563,0.009234479544925038,2.0171797117934256
0.09771241535346496,1.0,3.98e-06,0.1,0.0001,0.5042949279483563,0.009234479544925038,6.051539135380276
0.09771241535346496,1.0,5.01e-06,0.1,6.666666666666667e-05,0.5042949279483563,0.009234479544925038,4.034359423586851
0.09771241535346496,1.0,7.94e-06,0.1,6.666666666666667e-05,0.5042949279483563,0.009234479544925038,4.034359423586851
0.09771241535346496,1.0,1e-05,0.1,6.666666666666667e-05,0.5042949279483563,0.009234479544925038,4.034359423586851
0.09771241535346496,1.0,1.26e-05,0.1,0.00023333333333333333,0.5042949279483563,0.009234479544925038,14.120257982553978
0.09771241535346496,1.0,1.58e-05,0.1,0.0001,0.5042949279483563,0.009234479544925038,6.051539135380276
0.09771241535346496,1.0,2.51e-05,0.1,0.0005,0.5042949279483563,0.009234479544925038,30.25769567690138
0.09771241535346496,1.0,3.16e-05,0.1,0.0006,0.5042949279483563,0.009234479544925038,36.30923481228165
0.09771241535346496,1.0,3.98e-05,0.1,0.0011,0.5042949279483563,0.009234479544925038,66.56693048918304
0.09771241535346496,1.0,5.01e-05,0.1,0.0013333333333333333,0.5042949279483563,0.009234479544925038,80.687188471737
0.09771241535346496,1.0,6.31e-05,0.1,0.0018666666666666666,0.5042949279483563,0.009234479544925038,112.96206386043183
0.09771241535346496,1.0,7.94e-05,0.1,0.0018,0.5042949279483563,0.009234479544925038,108.92770443684498
0.09771241535346496,1.0,0.0001,0.1,0.0017666666666666666,0.5042949279483563,0.009234479544925038,106.91052472505153
0.09771241535346496,1.0,0.000126,0.1,0.0021,0.5042949279483563,0.009234479544925038,127.08232184298579
0.09771241535346496,1.0,0.000158,0.1,0.0012333333333333332,0.5042949279483563,0.009234479544925038,74.63564933635672
0.09771241535346496,1.0,0.0002,0.1,0.0005,0.5042949279483563,0.009234479544925038,30.25769567690138
0.09771241535346496,1.0,0.000251,0.1,0.0002,0.5042949279483563,0.009234479544925038,12.103078270760552
0.09771241535346496,1.0,0.000316,0.1,3.3333333333333335e-05,0.5042949279483563,0.009234479544925038,2.0171797117934256
0.09771241535346496,1.0,0.000398,0.1,3.3333333333333335e-05,0.5042949279483563,0.009234479544925038,2.0171797117934256
0.09771241535346496,1.0,0.000501,0.1,0.0,0.5042949279483563,0.009234479544925038,0.0
0.09771241535346496,1.0,0.000631,0.1,0.0,0.5042949279483563,0.009234479544925038,0.0
0.09771241535346496,1.0,0.000794,0.1,0.0,0.5042949279483563,0.009234479544925038,0.0
0.09771241535346496,1.0,0.001,0.1,0.0,0.5042949279483563,0.009234479544925038,0.0
0.09771241535346496,1.0,0.00126,0.1,0.0,0.5042949279483563,0.009234479544925038,0.0
0.09771241535346496,1.0,0.00158,0.1,0.0,0.5042949279483563,0.009234479544925038,0.0
0.09771241535346496,1.0,0.002,0.1,0.0,0.5042949279483563,0.009234479544925038,0.0
0.09771241535346496,1.0,0.00251,0.1,0.0,0.5042949279483563,0.009234479544925038,0.0
0.09771241535346496,1.0,0.00316,0.1,0.0,0.5042949279483563,0.009234479544925038,0.0
0.09771241535346496,1.0,0.00398,0.1,0.0,0.5042949279483563,0.009234479544925038,0.0
0.09771241535346496,1.0,0.00501,0.1,0.0,0.5042949279483563,0.009234479544925038,0.0
0.09771241535346496,1.0,0.00631,0.1,0.0,0.5042949279483563,0.009234479544925038,0.0
0.10234114021054527,1.0,3.16e-07,0.1,0.0,0.5527093600177302,0.010121028383404692,0.0
0.10234114021054527,1.0,3.98e-07,0.1,0.0,0.5527093600177302,0.010121028383404692,0.0
0.10234114021054527,1.0,5.01e-07,0.1,0.0,0.5527093600177302,0.010121028383404692,0.0
0.10234114021054527,1.0,6.31e-07,0.1,0.0,0.5527093600177302,0.010121028383404692,0.0
0.10234114021054527,1.0,7.94e-07,0.1,0.0,0.5527093600177302,0.010121028383404692,0.0
0.10234114021054527,1.0,1e-06,0.1,0.0,0.5527093600177302,0.010121028383404692,0.0
0.10234114021054527,1.0,1.26e-06,0.1,0.0,0.5527093600177302,0.010121028383404692,0.0
0.10234114021054527,1.0,1.58e-06,0.1,0.0,0.5527093600177302,0.010121028383404692,0.0
0.10234114021054527,1.0,2e-06,0.1,0.0,0.5527093600177302,0.010121028383404692,0.0
0.10234114021054527,1.0,2.51e-06,0.1,3.3333333333333335e-05,0.5527093600177302,0.010121028383404692,2.210837440070921
0.10234114021054527,1.0,3.98e-06,0.1,0.0001,0.5527093600177302,0.010121028383404692,6.632512320212763
0.10234114021054527,1.0,5.01e-06,0.1,6.666666666666667e-05,0.5527093600177302,0.010121028383404692,4.421674880141842
0.10234114021054527,1.0,7.94e-06,0.1,6.666666666666667e-05,0.5527093600177302,0.010121028383404692,4.421674880141842
0.10234114021054527,1.0,1e-05,0.1,6.666666666666667e-05,0.5527093600177302,0.010121028383404692,4.421674880141842
0.10234114021054527,1.0,1.26e-05,0.1,0.00023333333333333333,0.5527093600177302,0.010121028383404692,15.475862080496448
0.10234114021054527,1.0,1.58e-05,0.1,0.0001,0.5527093600177302,0.010121028383404692,6.632512320212763
0.10234114021054527,1.0,2.51e-05,0.1,0.0005,0.5527093600177302,0.010121028383404692,33.162561601063814
0.10234114021054527,1.0,3.16e-05,0.1,0.0006,0.5527093600177302,0.010121028383404692,39.795073921276575
0.10234114021054527,1.0,3.98e-05,0.1,0.0011,0.5527093600177302,0.010121028383404692,72.9576355223404
0.10234114021054527,1.0,5.01e-05,0.1,0.0013333333333333333,0.5527093600177302,0.010121028383404692,88.43349760283684
0.10234114021054527,1.0,6.31e-05,0.1,0.0018666666666666666,0.5527093600177302,0.010121028383404692,123.80689664397158
0.10234114021054527,1.0,7.94e-05,0.1,0.0018,0.5527093600177302,0.010121028383404692,119.38522176382972
0.10234114021054527,1.0,0.0001,0.1,0.0017666666666666666,0.5527093600177302,0.010121028383404692,117.1743843237588
0.10234114021054527,1.0,0.000126,0.1,0.0021,0.5527093600177302,0.010121028383404692,139.282758724468
0.10234114021054527,1.0,0.000158,0.1,0.0012333333333333332,0.5527093600177302,0.010121028383404692,81.80098528262407
0.10234114021054527,1.0,0.0002,0.1,0.0005,0.5527093600177302,0.010121028383404692,33.162561601063814
0.10234114021054527,1.0,0.000251,0.1,0.0002,0.5527093600177302,0.010121028383404692,13.265024640425526
0.10234114021054527,1.0,0.000316,0.1,3.3333333333333335e-05,0.5527093600177302,0.010121028383404692,2.210837440070921
0.10234114021054527,1.0,0.000398,0.1,3.3333333333333335e-05,0.5527093600177302,0.010121028383404692,2.210837440070921
0.10234114021054527,1.0,0.000501,0.1,0.0,0.5527093600177302,0.010121028383404692,0.0
0.10234114021054527,1.0,0.000631,0.1,0.0,0.5527093600177302,0.010121028383404692,0.0
0.10234114021054527,1.0,0.000794,0.1,0.0,0.5527093600177302,0.010121028383404692,0.0
0.10234114021054527,1.0,0.001,0.1,0.0,0.5527093600177302,0.010121028383404692,0.0
0.10234114021054527,1.0,0.00126,0.1,0.0,0.5527093600177302,0.010121028383404692,0.0
0.10234114021054527,1.0,0.00158,0.1,0.0,0.5527093600177302,0.010121028383404692,0.0
0.10234114021054527,1.0,0.002,0.1,0.0,0.5527093600177302,0.010121028383404692,0.0
0.10234114021054527,1.0,0.00251,0.1,0.0,0.5527093600177302,0.010121028383404692,0.0
0.10234114021054527,1.0,0.00316,0.1,0.0,0.5527093600177302,0.010121028383404692,0.0
0.10234114021054527,1.0,0.00398,0.1,0.0,0.5527093600177302,0.010121028383404692,0.0
0.10234114021054527,1.0,0.00501,0.1,0.0,0.5527093600177302,0.010121028383404692,0.0
0.10234114021054527,1.0,0.00631,0.1,0.0,0.5527093600177302,0.010121028383404692,0.0
0.10718913192051276,1.0,3.16e-07,0.1,0.0,0.605719746213605,0.011091736792045505,0.0
0.10718913192051276,1.0,3.98e-07,0.1,0.0,0.605719746213605,0.011091736792045505,0.0
0.10718913192051276,1.0,5.01e-07,0.1,0.0,0.605719746213605,0.011091736792045505,0.0
0.10718913192051276,1.0,6.31e-07,0.1,0.0,0.605719746213605,0.011091736792045505,0.0
0.10718913192051276,1.0,7.94e-07,0.1,0.0,0.605719746213605,0.011091736792045505,0.0
0.10718913192051276,1.0,1e-06,0.1,0.0,0.605719746213605,0.011091736792045505,0.0
0.10718913192051276,1.0,1.26e-06,0.1,0.0,0.605719746213605,0.011091736792045505,0.0
0.10718913192051276,1.0,1.58e-06,0.1,0.0,0.605719746213605,0.011091736792045505,0.0
0.10718913192051276,1.0,2e-06,0.1,0.0,0.605719746213605,0.011091736792045505,0.0
0.10718913192051276,1.0,2.51e-06,0.1,3.3333333333333335e-05,0.605719746213605,0.011091736792045505,2.4228789848544205
0.10718913192051276,1.0,3.98e-06,0.1,0.0001,0.605719746213605,0.011091736792045505,7.26863695456326
0.10718913192051276,1.0,5.01e-06,0.1,6.666666666666667e-05,0.605719746213605,0.011091736792045505,4.845757969708841
0.10718913192051276,1.0,7.94e-06,0.1,6.666666666666667e-05,0.605719746213605,0.011091736792045505,4.845757969708841
0.10718913192051276,1.0,1e-05,0.1,6.666666666666667e-05,0.605719746213605,0.011091736792045505,4.845757969708841
0.10718913192051276,1.0,1.26e-05,0.1,0.00023333333333333333,0.605719746213605,0.011091736792045505,16.960152893980943
0.10718913192051276,1.0,1.58e-05,0.1,0.0001,0.605719746213605,0.011091736792045505,7.26863695456326
0.10718913192051276,1.0,2.51e-05,0.1,0.0005,0.605719746213605,0.011091736792045505,36.3431847728163
0.10718913192051276,1.0,3.16e-05,0.1,0.0006,0.605719746213605,0.011091736792045505,43.61182172737956
0.10718913192051276,1.0,3.98e-05,0.1,0.0011,0.605719746213605,0.011091736792045505,79.95500650019586
0.10718913192051276,1.0,5.01e-05,0.1,0.0013333333333333333,0.605719746213605,0.011091736792045505,96.9151593941768
0.10718913192051276,1.0,6.31e-05,0.1,0.0018666666666666666,0.605719746213605,0.011091736792045505,135.68122315184755
0.10718913192051276,1.0,7.94e-05,0.1,0.0018,0.605719746213605,0.011091736792045505,130.83546518213868
0.10718913192051276,1.0,0.0001,0.1,0.0017666666666666666,0.605719746213605,0.011091736792045505,128.41258619728427
0.10718913192051276,1.0,0.000126,0.1,0.0021,0.605719746213605,0.011091736792045505,152.64137604582845
0.10718913192051276,1.0,0.000158,0.1,0.0012333333333333332,0.605719746213605,0.011091736792045505,89.64652243961353
0.10718913192051276,1.0,0.0002,0.1,0.0005,0.605719746213605,0.011091736792045505,36.3431847728163
0.10718913192051276,1.0,0.000251,0.1,0.0002,0.605719746213605,0.011091736792045505,14.53727390912652
0.10718913192051276,1.0,0.000316,0.1,3.3333333333333335e-05,0.605719746213605,0.011091736792045505,2.4228789848544205
0.10718913192051276,1.0,0.000398,0.1,3.3333333333333335e-05,0.605719746213605,0.011091736792045505,2.4228789848544205
0.10718913192051276,1.0,0.000501,0.1,0.0,0.605719746213605,0.011091736792045505,0.0
0.10718913192051276,1.0,0.000631,0.1,0.0,0.605719746213605,0.011091736792045505,0.0
0.10718913192051276,1.0,0.000794,0.1,0.0,0.605719746213605,0.011091736792045505,0.0
0.10718913192051276,1.0,0.001,0.1,0.0,0.605719746213605,0.011091736792045505,0.0
0.10718913192051276,1.0,0.00126,0.1,0.0,0.605719746213605,0.011091736792045505,0.0
0.10718913192051276,1.0,0.00158,0.1,0.0,0.605719746213605,0.011091736792045505,0.0
0.10718913192051276,1.0,0.002,0.1,0.0,0.605719746213605,0.011091736792045505,0.0
0.10718913192051276,1.0,0.00251,0.1,0.0,0.605719746213605,0.011091736792045505,0.0
0.10718913192051276,1.0,0.00316,0.1,0.0,0.605719746213605,0.011091736792045505,0.0
0.10718913192051276,1.0,0.00398,0.1,0.0,0.605719746213605,0.011091736792045505,0.0
0.10718913192051276,1.0,0.00501,0.1,0.0,0.605719746213605,0.011091736792045505,0.0
0.10718913192051276,1.0,0.00631,0.1,0.0,0.605719746213605,0.011091736792045505,0.0
0.11226677735108136,1.0,3.16e-07,0.1,0.0,0.6637519339680792,0.012154402746165156,0.0
0.11226677735108136,1.0,3.98e-07,0.1,0.0,0.6637519339680792,0.012154402746165156,0.0
0.11226677735108136,1.0,5.01e-07,0.1,0.0,0.6637519339680792,0.012154402746165156,0.0
0.11226677735108136,1.0,6.31e-07,0.1,0.0,0.6637519339680792,0.012154402746165156,0.0
0.11226677735108136,1.0,7.94e-07,0.1,0.0,0.6637519339680792,0.012154402746165156,0.0
0.11226677735108136,1.0,1e-06,0.1,0.0,0.6637519339680792,0.012154402746165156,0.0
0.11226677735108136,1.0,1.26e-06,0.1,0.0,0.6637519339680792,0.012154402746165156,0.0
0.11226677735108136,1.0,1.58e-06,0.1,0.0,0.6637519339680792,0.012154402746165156,0.0
0.11226677735108136,1.0,2e-06,0.1,0.0,0.6637519339680792,0.012154402746165156,0.0
0.11226677735108136,1.0,2.51e-06,0.1,3.3333333333333335e-05,0.6637519339680792,0.012154402746165156,2.655007735872317
0.11226677735108136,1.0,3.98e-06,0.1,0.0001,0.6637519339680792,0.012154402746165156,7.965023207616951
0.11226677735108136,1.0,5.01e-06,0.1,6.666666666666667e-05,0.6637519339680792,0.012154402746165156,5.310015471744634
0.11226677735108136,1.0,7.94e-06,0.1,6.666666666666667e-05,0.6637519339680792,0.012154402746165156,5.310015471744634
0.11226677735108136,1.0,1e-05,0.1,6.666666666666667e-05,0.6637519339680792,0.012154402746165156,5.310015471744634
0.11226677735108136,1.0,1.26e-05,0.1,0.00023333333333333333,0.6637519339680792,0.012154402746165156,18.585054151106217
0.11226677735108136,1.0,1.58e-05,0.1,0.0001,0.6637519339680792,0.012154402746165156,7.965023207616951
0.11226677735108136,1.0,2.51e-05,0.1,0.0005,0.6637519339680792,0.012154402746165156,39.82511603808476
0.11226677735108136,1.0,3.16e-05,0.1,0.0006,0.6637519339680792,0.012154402746165156,47.7901392457017
0.11226677735108136,1.0,3.98e-05,0.1,0.0011,0.6637519339680792,0.012154402746165156,87.61525528378647
0.11226677735108136,1.0,5.01e-05,0.1,0.0013333333333333333,0.6637519339680792,0.012154402746165156,106.20030943489267
0.11226677735108136,1.0,6.31e-05,0.1,0.0018666666666666666,0.6637519339680792,0.012154402746165156,148.68043320884973
0.11226677735108136,1.0,7.94e-05,0.1,0.0018,0.6637519339680792,0.012154402746165156,143.3704177371051
0.11226677735108136,1.0,0.0001,0.1,0.0017666666666666666,0.6637519339680792,0.012154402746165156,140.7154100012328
0.11226677735108136,1.0,0.000126,0.1,0.0021,0.6637519339680792,0.012154402746165156,167.26548735995596
0.11226677735108136,1.0,0.000158,0.1,0.0012333333333333332,0.6637519339680792,0.012154402746165156,98.23528622727572
0.11226677735108136,1.0,0.0002,0.1,0.0005,0.6637519339680792,0.012154402746165156,39.82511603808476
0.11226677735108136,1.0,0.000251,0.1,0.0002,0.6637519339680792,0.012154402746165156,15.930046415233901
0.11226677735108136,1.0,0.000316,0.1,3.3333333333333335e-05,0.6637519339680792,0.012154402746165156,2.655007735872317
0.11226677735108136,1.0,0.000398,0.1,3.3333333333333335e-05,0.6637519339680792,0.012154402746165156,2.655007735872317
0.11226677735108136,1.0,0.000501,0.1,0.0,0.6637519339680792,0.012154402746165156,0.0
0.11226677735108136,1.0,0.000631,0.1,0.0,0.6637519339680792,0.012154402746165156,0.0
0.11226677735108136,1.0,0.000794,0.1,0.0,0.6637519339680792,0.012154402746165156,0.0
0.11226677735108136,1.0,0.001,0.1,0.0,0.6637519339680792,0.012154402746165156,0.0
0.11226677735108136,1.0,0.00126,0.1,0.0,0.6637519339680792,0.012154402746165156,0.0
0.11226677735108136,1.0,0.00158,0.1,0.0,0.6637519339680792,0.012154402746165156,0.0
0.11226677735108136,1.0,0.002,0.1,0.0,0.6637519339680792,0.012154402746165156,0.0
0.11226677735108136,1.0,0.00251,0.1,0.0,0.6637519339680792,0.012154402746165156,0.0
0.11226677735108136,1.0,0.00316,0.1,0.0,0.6637519339680792,0.012154402746165156,0.0
0.11226677735108136,1.0,0.00398,0.1,0.0,0.6637519339680792,0.012154402746165156,0.0
0.11226677735108136,1.0,0.00501,0.1,0.0,0.6637519339680792,0.012154402746165156,0.0
0.11226677735108136,1.0,0.00631,0.1,0.0,0.6637519339680792,0.012154402746165156,0.0
0.1175849554052157,1.0,3.16e-07,0.1,0.0,0.7272691367930654,0.013317508456199695,0.0
0.1175849554052157,1.0,3.98e-07,0.1,0.0,0.7272691367930654,0.013317508456199695,0.0
0.1175849554052157,1.0,5.01e-07,0.1,0.0,0.7272691367930654,0.013317508456199695,0.0
0.1175849554052157,1.0,6.31e-07,0.1,0.0,0.7272691367930654,0.013317508456199695,0.0
0.1175849554052157,1.0,7.94e-07,0.1,0.0,0.7272691367930654,0.013317508456199695,0.0
0.1175849554052157,1.0,1e-06,0.1,0.0,0.7272691367930654,0.013317508456199695,0.0
0.1175849554052157,1.0,1.26e-06,0.1,0.0,0.7272691367930654,0.013317508456199695,0.0
0.1175849554052157,1.0,1.58e-06,0.1,0.0,0.7272691367930654,0.013317508456199695,0.0
0.1175849554052157,1.0,2e-06,0.1,0.0,0.7272691367930654,0.013317508456199695,0.0
0.1175849554052157,1.0,2.51e-06,0.1,3.3333333333333335e-05,0.7272691367930654,0.013317508456199695,2.909076547172262
0.1175849554052157,1.0,3.98e-06,0.1,0.0001,0.7272691367930654,0.013317508456199695,8.727229641516786
0.1175849554052157,1.0,5.01e-06,0.1,6.666666666666667e-05,0.7272691367930654,0.013317508456199695,5.818153094344524
0.1175849554052157,1.0,7.94e-06,0.1,6.666666666666667e-05,0.7272691367930654,0.013317508456199695,5.818153094344524
0.1175849554052157,1.0,1e-05,0.1,6.666666666666667e-05,0.7272691367930654,0.013317508456199695,5.818153094344524
0.1175849554052157,1.0,1.26e-05,0.1,0.00023333333333333333,0.7272691367930654,0.013317508456199695,20.363535830205834
0.1175849554052157,1.0,1.58e-05,0.1,0.0001,0.7272691367930654,0.013317508456199695,8.727229641516786
0.1175849554052157,1.0,2.51e-05,0.1,0.0005,0.7272691367930654,0.013317508456199695,43.63614820758393
0.1175849554052157,1.0,3.16e-05,0.1,0.0006,0.7272691367930654,0.013317508456199695,52.363377849100715
0.1175849554052157,1.0,3.98e-05,0.1,0.0011,0.7272691367930654,0.013317508456199695,95.99952605668464
0.1175849554052157,1.0,5.01e-05,0.1,0.0013333333333333333,0.7272691367930654,0.013317508456199695,116.36306188689046
0.1175849554052157,1.0,6.31e-05,0.1,0.0018666666666666666,0.7272691367930654,0.013317508456199695,162.90828664164667
0.1175849554052157,1.0,7.94e-05,0.1,0.0018,0.7272691367930654,0.013317508456199695,157.09013354730212
0.1175849554052157,1.0,0.0001,0.1,0.0017666666666666666,0.7272691367930654,0.013317508456199695,154.18105700012987
0.1175849554052157,1.0,0.000126,0.1,0.0021,0.7272691367930654,0.013317508456199695,183.2718224718525
0.1175849554052157,1.0,0.000158,0.1,0.0012333333333333332,0.7272691367930654,0.013317508456199695,107.63583224537368
0.1175849554052157,1.0,0.0002,0.1,0.0005,0.7272691367930654,0.013317508456199695,43.63614820758393
0.1175849554052157,1.0,0.000251,0.1,0.0002,0.7272691367930654,0.013317508456199695,17.45445928303357
0.1175849554052157,1.0,0.000316,0.1,3.3333333333333335e-05,0.7272691367930654,0.013317508456199695,2.909076547172262
0.1175849554052157,1.0,0.000398,0.1,3.3333333333333335e-05,0.7272691367930654,0.013317508456199695,2.909076547172262
0.1175849554052157,1.0,0.000501,0.1,0.0,0.7272691367930654,0.013317508456199695,0.0
0.1175849554052157,1.0,0.000631,0.1,0.0,0.7272691367930654,0.013317508456199695,0.0
0.1175849554052157,1.0,0.000794,0.1,0.0,0.7272691367930654,0.013317508456199695,0.0
0.1175849554052157,1.0,0.001,0.1,0.0,0.7272691367930654,0.013317508456199695,0.0
0.1175849554052157,1.0,0.00126,0.1,0.0,0.7272691367930654,0.013317508456199695,0.0
0.1175849554052157,1.0,0.00158,0.1,0.0,0.7272691367930654,0.013317508456199695,0.0
0.1175849554052157,1.0,0.002,0.1,0.0,0.7272691367930654,0.013317508456199695,0.0
0.1175849554052157,1.0,0.00251,0.1,0.0,0.7272691367930654,0.013317508456199695,0.0
0.1175849554052157,1.0,0.00316,0.1,0.0,0.7272691367930654,0.013317508456199695,0.0
0.1175849554052157,1.0,0.00398,0.1,0.0,0.7272691367930654,0.013317508456199695,0.0
0.1175849554052157,1.0,0.00501,0.1,0.0,0.7272691367930654,0.013317508456199695,0.0
0.1175849554052157,1.0,0.00631,0.1,0.0,0.7272691367930654,0.013317508456199695,0.0
0.12315506032928261,1.0,3.16e-07,0.1,0.0,0.7967747926680044,0.014590272709540459,0.0
0.12315506032928261,1.0,3.98e-07,0.1,0.0,0.7967747926680044,0.014590272709540459,0.0
0.12315506032928261,1.0,5.01e-07,0.1,0.0,0.7967747926680044,0.014590272709540459,0.0
0.12315506032928261,1.0,6.31e-07,0.1,0.0,0.7967747926680044,0.014590272709540459,0.0
0.12315506032928261,1.0,7.94e-07,0.1,0.0,0.7967747926680044,0.014590272709540459,0.0
0.12315506032928261,1.0,1e-06,0.1,0.0,0.7967747926680044,0.014590272709540459,0.0
0.12315506032928261,1.0,1.26e-06,0.1,0.0,0.7967747926680044,0.014590272709540459,0.0
0.12315506032928261,1.0,1.58e-06,0.1,0.0,0.7967747926680044,0.014590272709540459,0.0
0.12315506032928261,1.0,2e-06,0.1,0.0,0.7967747926680044,0.014590272709540459,0.0
0.12315506032928261,1.0,2.51e-06,0.1,3.3333333333333335e-05,0.7967747926680044,0.014590272709540459,3.187099170672018
0.12315506032928261,1.0,3.98e-06,0.1,0.0001,0.7967747926680044,0.014590272709540459,9.561297512016054
0.12315506032928261,1.0,5.01e-06,0.1,6.666666666666667e-05,0.7967747926680044,0.014590272709540459,6.374198341344036
0.12315506032928261,1.0,7.94e-06,0.1,6.666666666666667e-05,0.7967747926680044,0.014590272709540459,6.374198341344036
0.12315506032928261,1.0,1e-05,0.1,6.666666666666667e-05,0.7967747926680044,0.014590272709540459,6.374198341344036
0.12315506032928261,1.0,1.26e-05,0.1,0.00023333333333333333,0.7967747926680044,0.014590272709540459,22.309694194704125
0.12315506032928261,1.0,1.58e-05,0.1,0.0001,0.7967747926680044,0.014590272709540459,9.561297512016054
0.12315506032928261,1.0,2.51e-05,0.1,0.0005,0.7967747926680044,0.014590272709540459,47.80648756008027
0.12315506032928261,1.0,3.16e-05,0.1,0.0006,0.7967747926680044,0.014590272709540459,57.36778507209631
0.12315506032928261,1.0,3.98e-05,0.1,0.0011,0.7967747926680044,0.014590272709540459,105.17427263217661
0.12315506032928261,1.0,5.01e-05,0.1,0.0013333333333333333,0.7967747926680044,0.014590272709540459,127.48396682688072
0.12315506032928261,1.0,6.31e-05,0.1,0.0018666666666666666,0.7967747926680044,0.014590272709540459,178.477553557633
0.12315506032928261,1.0,7.94e-05,0.1,0.0018,0.7967747926680044,0.014590272709540459,172.10335521628895
0.12315506032928261,1.0,0.0001,0.1,0.0017666666666666666,0.7967747926680044,0.014590272709540459,168.91625604561693
0.12315506032928261,1.0,0.000126,0.1,0.0021,0.7967747926680044,0.014590272709540459,200.78724775233712
0.12315506032928261,1.0,0.000158,0.1,0.0012333333333333332,0.7967747926680044,0.014590272709540459,117.92266931486466
0.12315506032928261,1.0,0.0002,0.1,0.0005,0.7967747926680044,0.014590272709540459,47.80648756008027
0.12315506032928261,1.0,0.000251,0.1,0.0002,0.7967747926680044,0.014590272709540459,19.12259502403211
0.12315506032928261,1.0,0.000316,0.1,3.3333333333333335e-05,0.7967747926680044,0.014590272709540459,3.187099170672018
0.12315506032928261,1.0,0.000398,0.1,3.3333333333333335e-05,0.7967747926680044,0.014590272709540459,3.187099170672018
0.12315506032928261,1.0,0.000501,0.1,0.0,0.7967747926680044,0.014590272709540459,0.0
0.12315506032928261,1.0,0.000631,0.1,0.0,0.7967747926680044,0.014590272709540459,0.0
0.12315506032928261,1.0,0.000794,0.1,0.0,0.7967747926680044,0.014590272709540459,0.0
0.12315506032928261,1.0,0.001,0.1,0.0,0.7967747926680044,0.014590272709540459,0.0
0.12315506032928261,1.0,0.00126,0.1,0.0,0.7967747926680044,0.014590272709540459,0.0
0.12315506032928261,1.0,0.00158,0.1,0.0,0.7967747926680044,0.014590272709540459,0.0
0.12315506032928261,1.0,0.002,0.1,0.0,0.7967747926680044,0.014590272709540459,0.0
0.12315506032928261,1.0,0.00251,0.1,0.0,0.7967747926680044,0.014590272709540459,0.0
0.12315506032928261,1.0,0.00316,0.1,0.0,0.7967747926680044,0.014590272709540459,0.0
0.12315506032928261,1.0,0.00398,0.1,0.0,0.7967747926680044,0.014590272709540459,0.0
0.12315506032928261,1.0,0.00501,0.1,0.0,0.7967747926680044,0.014590272709540459,0.0
0.12315506032928261,1.0,0.00631,0.1,0.0,0.7967747926680044,0.014590272709540459,0.0
0.1289890261253308,1.0,3.16e-07,0.1,0.0,0.8728155546879505,0.01598270563427853,0.0
0.1289890261253308,1.0,3.98e-07,0.1,0.0,0.8728155546879505,0.01598270563427853,0.0
0.1289890261253308,1.0,5.01e-07,0.1,0.0,0.8728155546879505,0.01598270563427853,0.0
0.1289890261253308,1.0,6.31e-07,0.1,0.0,0.8728155546879505,0.01598270563427853,0.0
0.1289890261253308,1.0,7.94e-07,0.1,0.0,0.8728155546879505,0.01598270563427853,0.0
0.1289890261253308,1.0,1e-06,0.1,0.0,0.8728155546879505,0.01598270563427853,0.0
0.1289890261253308,1.0,1.26e-06,0.1,0.0,0.8728155546879505,0.01598270563427853,0.0
0.1289890261253308,1.0,1.58e-06,0.1,0.0,0.8728155546879505,0.01598270563427853,0.0
0.1289890261253308,1.0,2e-06,0.1,0.0,0.8728155546879505,0.01598270563427853,0.0
0.1289890261253308,1.0,2.51e-06,0.1,3.3333333333333335e-05,0.8728155546879505,0.01598270563427853,3.491262218751802
0.1289890261253308,1.0,3.98e-06,0.1,0.0001,0.8728155546879505,0.01598270563427853,10.473786656255406
0.1289890261253308,1.0,5.01e-06,0.1,6.666666666666667e-05,0.8728155546879505,0.01598270563427853,6.982524437503604
0.1289890261253308,1.0,7.94e-06,0.1,6.666666666666667e-05,0.8728155546879505,0.01598270563427853,6.982524437503604
0.1289890261253308,1.0,1e-05,0.1,6.666666666666667e-05,0.8728155546879505,0.01598270563427853,6.982524437503604
0.1289890261253308,1.0,1.26e-05,0.1,0.00023333333333333333,0.8728155546879505,0.01598270563427853,24.43883553126261
0.1289890261253308,1.0,1.58e-05,0.1,0.0001,0.8728155546879505,0.01598270563427853,10.473786656255406
0.1289890261253308,1.0,2.51e-05,0.1,0.0005,0.8728155546879505,0.01598270563427853,52.36893328127704
0.1289890261253308,1.0,3.16e-05,0.1,0.0006,0.8728155546879505,0.01598270563427853,62.84271993753242
0.1289890261253308,1.0,3.98e-05,0.1,0.0011,0.8728155546879505,0.01598270563427853,115.21165321880947
0.1289890261253308,1.0,5.01e-05,0.1,0.0013333333333333333,0.8728155546879505,0.01598270563427853,139.65048875007207
0.1289890261253308,1.0,6.31e-05,0.1,0.0018666666666666666,0.8728155546879505,0.01598270563427853,195.5106842501009
0.1289890261253308,1.0,7.94e-05,0.1,0.0018,0.8728155546879505,0.01598270563427853,188.52815981259732
0.1289890261253308,1.0,0.0001,0.1,0.0017666666666666666,0.8728155546879505,0.01598270563427853,185.0368975938455
0.1289890261253308,1.0,0.000126,0.1,0.0021,0.8728155546879505,0.01598270563427853,219.9495197813635
0.1289890261253308,1.0,0.000158,0.1,0.0012333333333333332,0.8728155546879505,0.01598270563427853,129.17670209381666
0.1289890261253308,1.0,0.0002,0.1,0.0005,0.8728155546879505,0.01598270563427853,52.36893328127704
0.1289890261253308,1.0,0.000251,0.1,0.0002,0.8728155546879505,0.01598270563427853,20.947573312510812
0.1289890261253308,1.0,0.000316,0.1,3.3333333333333335e-05,0.8728155546879505,0.01598270563427853,3.491262218751802
0.1289890261253308,1.0,0.000398,0.1,3.3333333333333335e-05,0.8728155546879505,0.01598270563427853,3.491262218751802
0.1289890261253308,1.0,0.000501,0.1,0.0,0.8728155546879505,0.01598270563427853,0.0
0.1289890261253308,1.0,0.000631,0.1,0.0,0.8728155546879505,0.01598270563427853,0.0
0.1289890261253308,1.0,0.000794,0.1,0.0,0.8728155546879505,0.01598270563427853,0.0
0.1289890261253308,1.0,0.001,0.1,0.0,0.8728155546879505,0.01598270563427853,0.0
0.1289890261253308,1.0,0.00126,0.1,0.0,0.8728155546879505,0.01598270563427853,0.0
0.1289890261253308,1.0,0.00158,0.1,0.0,0.8728155546879505,0.01598270563427853,0.0
0.1289890261253308,1.0,0.002,0.1,0.0,0.8728155546879505,0.01598270563427853,0.0
0.1289890261253308,1.0,0.00251,0.1,0.0,0.8728155546879505,0.01598270563427853,0.0
0.1289890261253308,1.0,0.00316,0.1,0.0,0.8728155546879505,0.01598270563427853,0.0
0.1289890261253308,1.0,0.00398,0.1,0.0,0.8728155546879505,0.01598270563427853,0.0
0.1289890261253308,1.0,0.00501,0.1,0.0,0.8728155546879505,0.01598270563427853,0.0
0.1289890261253308,1.0,0.00631,0.1,0.0,0.8728155546879505,0.01598270563427853,0.0
0.13509935211980265,1.0,3.16e-07,0.1,0.0,0.9559844005945634,0.01750566563989312,0.0
0.13509935211980265,1.0,3.98e-07,0.1,0.0,0.9559844005945634,0.01750566563989312,0.0
0.13509935211980265,1.0,5.01e-07,0.1,0.0,0.9559844005945634,0.01750566563989312,0.0
0.13509935211980265,1.0,6.31e-07,0.1,0.0,0.9559844005945634,0.01750566563989312,0.0
0.13509935211980265,1.0,7.94e-07,0.1,0.0,0.9559844005945634,0.01750566563989312,0.0
0.13509935211980265,1.0,1e-06,0.1,0.0,0.9559844005945634,0.01750566563989312,0.0
0.13509935211980265,1.0,1.26e-06,0.1,0.0,0.9559844005945634,0.01750566563989312,0.0
0.13509935211980265,1.0,1.58e-06,0.1,0.0,0.9559844005945634,0.01750566563989312,0.0
0.13509935211980265,1.0,2e-06,0.1,0.0,0.9559844005945634,0.01750566563989312,0.0
0.13509935211980265,1.0,2.51e-06,0.1,3.3333333333333335e-05,0.9559844005945634,0.01750566563989312,3.8239376023782534
0.13509935211980265,1.0,3.98e-06,0.1,0.0001,0.9559844005945634,0.01750566563989312,11.47181280713476
0.13509935211980265,1.0,5.01e-06,0.1,6.666666666666667e-05,0.9559844005945634,0.01750566563989312,7.647875204756507
0.13509935211980265,1.0,7.94e-06,0.1,6.666666666666667e-05,0.9559844005945634,0.01750566563989312,7.647875204756507
0.13509935211980265,1.0,1e-05,0.1,6.666666666666667e-05,0.9559844005945634,0.01750566563989312,7.647875204756507
0.13509935211980265,1.0,1.26e-05,0.1,0.00023333333333333333,0.9559844005945634,0.01750566563989312,26.767563216647773
0.13509935211980265,1.0,1.58e-05,0.1,0.0001,0.9559844005945634,0.01750566563989312,11.47181280713476
0.13509935211980265,1.0,2.51e-05,0.1,0.0005,0.9559844005945634,0.01750566563989312,57.35906403567381
0.13509935211980265,1.0,3.16e-05,0.1,0.0006,0.9559844005945634,0.01750566563989312,68.83087684280855
0.13509935211980265,1.0,3.98e-05,0.1,0.0011,0.9559844005945634,0.01750566563989312,126.18994087848237
0.13509935211980265,1.0,5.01e-05,0.1,0.0013333333333333333,0.9559844005945634,0.01750566563989312,152.95750409513013
0.13509935211980265,1.0,6.31e-05,0.1,0.0018666666666666666,0.9559844005945634,0.01750566563989312,214.14050573318218
0.13509935211980265,1.0,7.94e-05,0.1,0.0018,0.9559844005945634,0.01750566563989312,206.49263052842568
0.13509935211980265,1.0,0.0001,0.1,0.0017666666666666666,0.9559844005945634,0.01750566563989312,202.66869292604744
0.13509935211980265,1.0,0.000126,0.1,0.0021,0.9559844005945634,0.01750566563989312,240.90806894982995
0.13509935211980265,1.0,0.000158,0.1,0.0012333333333333332,0.9559844005945634,0.01750566563989312,141.48569128799537
0.13509935211980265,1.0,0.0002,0.1,0.0005,0.9559844005945634,0.01750566563989312,57.35906403567381
0.13509935211980265,1.0,0.000251,0.1,0.0002,0.9559844005945634,0.01750566563989312,22.94362561426952
0.13509935211980265,1.0,0.000316,0.1,3.3333333333333335e-05,0.9559844005945634,0.01750566563989312,3.8239376023782534
0.13509935211980265,1.0,0.000398,0.1,3.3333333333333335e-05,0.9559844005945634,0.01750566563989312,3.8239376023782534
0.13509935211980265,1.0,0.000501,0.1,0.0,0.9559844005945634,0.01750566563989312,0.0
0.13509935211980265,1.0,0.000631,0.1,0.0,0.9559844005945634,0.01750566563989312,0.0
0.13509935211980265,1.0,0.000794,0.1,0.0,0.9559844005945634,0.01750566563989312,0.0
0.13509935211980265,1.0,0.001,0.1,0.0,0.9559844005945634,0.01750566563989312,0.0
0.13509935211980265,1.0,0.00126,0.1,0.0,0.9559844005945634,0.01750566563989312,0.0
0.13509935211980265,1.0,0.00158,0.1,0.0,0.9559844005945634,0.01750566563989312,0.0
0.13509935211980265,1.0,0.002,0.1,0.0,0.9559844005945634,0.01750566563989312,0.0
0.13509935211980265,1.0,0.00251,0.1,0.0,0.9559844005945634,0.01750566563989312,0.0
0.13509935211980265,1.0,0.00316,0.1,0.0,0.9559844005945634,0.01750566563989312,0.0
0.13509935211980265,1.0,0.00398,0.1,0.0,0.9559844005945634,0.01750566563989312,0.0
0.13509935211980265,1.0,0.00501,0.1,0.0,0.9559844005945634,0.01750566563989312,0.0
0.13509935211980265,1.0,0.00631,0.1,0.0,0.9559844005945634,0.01750566563989312,0.0
0.1414991297434576,1.0,3.16e-07,0.1,0.0,1.0469238421653841,0.01917091818651134,0.0
0.1414991297434576,1.0,3.98e-07,0.1,0.0,1.0469238421653841,0.01917091818651134,0.0
0.1414991297434576,1.0,5.01e-07,0.1,0.0,1.0469238421653841,0.01917091818651134,0.0
0.1414991297434576,1.0,6.31e-07,0.1,0.0,1.0469238421653841,0.01917091818651134,0.0
0.1414991297434576,1.0,7.94e-07,0.1,0.0,1.0469238421653841,0.01917091818651134,0.0
0.1414991297434576,1.0,1e-06,0.1,0.0,1.0469238421653841,0.01917091818651134,0.0
0.1414991297434576,1.0,1.26e-06,0.1,0.0,1.0469238421653841,0.01917091818651134,0.0
0.1414991297434576,1.0,1.58e-06,0.1,0.0,1.0469238421653841,0.01917091818651134,0.0
0.1414991297434576,1.0,2e-06,0.1,0.0,1.0469238421653841,0.01917091818651134,0.0
0.1414991297434576,1.0,2.51e-06,0.1,3.3333333333333335e-05,1.0469238421653841,0.01917091818651134,4.187695368661537
0.1414991297434576,1.0,3.98e-06,0.1,0.0001,1.0469238421653841,0.01917091818651134,12.563086105984612
0.1414991297434576,1.0,5.01e-06,0.1,6.666666666666667e-05,1.0469238421653841,0.01917091818651134,8.375390737323073
0.1414991297434576,1.0,7.94e-06,0.1,6.666666666666667e-05,1.0469238421653841,0.01917091818651134,8.375390737323073
0.1414991297434576,1.0,1e-05,0.1,6.666666666666667e-05,1.0469238421653841,0.01917091818651134,8.375390737323073
0.1414991297434576,1.0,1.26e-05,0.1,0.00023333333333333333,1.0469238421653841,0.01917091818651134,29.313867580630756
0.1414991297434576,1.0,1.58e-05,0.1,0.0001,1.0469238421653841,0.01917091818651134,12.563086105984612
0.1414991297434576,1.0,2.51e-05,0.1,0.0005,1.0469238421653841,0.01917091818651134,62.81543052992305
0.1414991297434576,1.0,3.16e-05,0.1,0.0006,1.0469238421653841,0.01917091818651134,75.37851663590766
0.1414991297434576,1.0,3.98e-05,0.1,0.0011,1.0469238421653841,0.01917091818651134,138.19394716583074
0.1414991297434576,1.0,5.01e-05,0.1,0.0013333333333333333,1.0469238421653841,0.01917091818651134,167.50781474646146
0.1414991297434576,1.0,6.31e-05,0.1,0.0018666666666666666,1.0469238421653841,0.01917091818651134,234.51094064504605
0.1414991297434576,1.0,7.94e-05,0.1,0.0018,1.0469238421653841,0.01917091818651134,226.13554990772298
0.1414991297434576,1.0,0.0001,0.1,0.0017666666666666666,1.0469238421653841,0.01917091818651134,221.94785453906144
0.1414991297434576,1.0,0.000126,0.1,0.0021,1.0469238421653841,0.01917091818651134,263.8248082256768
0.1414991297434576,1.0,0.000158,0.1,0.0012333333333333332,1.0469238421653841,0.01917091818651134,154.94472864047685
0.1414991297434576,1.0,0.0002,0.1,0.0005,1.0469238421653841,0.01917091818651134,62.81543052992305
0.1414991297434576,1.0,0.000251,0.1,0.0002,1.0469238421653841,0.01917091818651134,25.126172211969223
0.1414991297434576,1.0,0.000316,0.1,3.3333333333333335e-05,1.0469238421653841,0.01917091818651134,4.187695368661537
0.1414991297434576,1.0,0.000398,0.1,3.3333333333333335e-05,1.0469238421653841,0.01917091818651134,4.187695368661537
0.1414991297434576,1.0,0.000501,0.1,0.0,1.0469238421653841,0.01917091818651134,0.0
0.1414991297434576,1.0,0.000631,0.1,0.0,1.0469238421653841,0.01917091818651134,0.0
0.1414991297434576,1.0,0.000794,0.1,0.0,1.0469238421653841,0.01917091818651134,0.0
0.1414991297434576,1.0,0.001,0.1,0.0,1.0469238421653841,0.01917091818651134,0.0
0.1414991297434576,1.0,0.00126,0.1,0.0,1.0469238421653841,0.01917091818651134,0.0
0.1414991297434576,1.0,0.00158,0.1,0.0,1.0469238421653841,0.01917091818651134,0.0
0.1414991297434576,1.0,0.002,0.1,0.0,1.0469238421653841,0.01917091818651134,0.0
0.1414991297434576,1.0,0.00251,0.1,0.0,1.0469238421653841,0.01917091818651134,0.0
0.1414991297434576,1.0,0.00316,0.1,0.0,1.0469238421653841,0.01917091818651134,0.0
0.1414991297434576,1.0,0.00398,0.1,0.0,1.0469238421653841,0.01917091818651134,0.0
0.1414991297434576,1.0,0.00501,0.1,0.0,1.0469238421653841,0.01917091818651134,0.0
0.1414991297434576,1.0,0.00631,0.1,0.0,1.0469238421653841,0.01917091818651134,0.0
0.14820207057988585,1.0,3.16e-07,0.1,0.0,1.1463292086415304,0.020991195909934635,0.0
0.14820207057988585,1.0,3.98e-07,0.1,0.0,1.1463292086415304,0.020991195909934635,0.0
0.14820207057988585,1.0,5.01e-07,0.1,0.0,1.1463292086415304,0.020991195909934635,0.0
0.14820207057988585,1.0,6.31e-07,0.1,0.0,1.1463292086415304,0.020991195909934635,0.0
0.14820207057988585,1.0,7.94e-07,0.1,0.0,1.1463292086415304,0.020991195909934635,0.0
0.14820207057988585,1.0,1e-06,0.1,0.0,1.1463292086415304,0.020991195909934635,0.0
0.14820207057988585,1.0,1.26e-06,0.1,0.0,1.1463292086415304,0.020991195909934635,0.0
0.14820207057988585,1.0,1.58e-06,0.1,0.0,1.1463292086415304,0.020991195909934635,0.0
0.14820207057988585,1.0,2e-06,0.1,0.0,1.1463292086415304,0.020991195909934635,0.0
0.14820207057988585,1.0,2.51e-06,0.1,3.3333333333333335e-05,1.1463292086415304,0.020991195909934635,4.585316834566123
0.14820207057988585,1.0,3.98e-06,0.1,0.0001,1.1463292086415304,0.020991195909934635,13.755950503698367
0.14820207057988585,1.0,5.01e-06,0.1,6.666666666666667e-05,1.1463292086415304,0.020991195909934635,9.170633669132245
0.14820207057988585,1.0,7.94e-06,0.1,6.666666666666667e-05,1.1463292086415304,0.020991195909934635,9.170633669132245
0.14820207057988585,1.0,1e-05,0.1,6.666666666666667e-05,1.1463292086415304,0.020991195909934635,9.170633669132245
0.14820207057988585,1.0,1.26e-05,0.1,0.00023333333333333333,1.1463292086415304,0.020991195909934635,32.09721784196286
0.14820207057988585,1.0,1.58e-05,0.1,0.0001,1.1463292086415304,0.020991195909934635,13.755950503698367
0.14820207057988585,1.0,2.51e-05,0.1,0.0005,1.1463292086415304,0.020991195909934635,68.77975251849183
0.14820207057988585,1.0,3.16e-05,0.1,0.0006,1.1463292086415304,0.020991195909934635,82.5357030221902
0.14820207057988585,1.0,3.98e-05,0.1,0.0011,1.1463292086415304,0.020991195909934635,151.31545554068205
0.14820207057988585,1.0,5.01e-05,0.1,0.0013333333333333333,1.1463292086415304,0.020991195909934635,183.4126733826449
0.14820207057988585,1.0,6.31e-05,0.1,0.0018666666666666666,1.1463292086415304,0.020991195909934635,256.7777427357029
0.14820207057988585,1.0,7.94e-05,0.1,0.0018,1.1463292086415304,0.020991195909934635,247.60710906657062
0.14820207057988585,1.0,0.0001,0.1,0.0017666666666666666,1.1463292086415304,0.020991195909934635,243.0217922320045
0.14820207057988585,1.0,0.000126,0.1,0.0021,1.1463292086415304,0.020991195909934635,288.87496057766566
0.14820207057988585,1.0,0.000158,0.1,0.0012333333333333332,1.1463292086415304,0.020991195909934635,169.6567228789465
0.14820207057988585,1.0,0.0002,0.1,0.0005,1.1463292086415304,0.020991195909934635,68.77975251849183
0.14820207057988585,1.0,0.000251,0.1,0.0002,1.1463292086415304,0.020991195909934635,27.511901007396734
0.14820207057988585,1.0,0.000316,0.1,3.3333333333333335e-05,1.1463292086415304,0.020991195909934635,4.585316834566123
0.14820207057988585,1.0,0.000398,0.1,3.3333333333333335e-05,1.1463292086415304,0.020991195909934635,4.585316834566123
0.14820207057988585,1.0,0.000501,0.1,0.0,1.1463292086415304,0.020991195909934635,0.0
0.14820207057988585,1.0,0.000631,0.1,0.0,1.1463292086415304,0.020991195909934635,0.0
0.14820207057988585,1.0,0.000794,0.1,0.0,1.1463292086415304,0.020991195909934635,0.0
0.14820207057988585,1.0,0.001,0.1,0.0,1.1463292086415304,0.020991195909934635,0.0
0.14820207057988585,1.0,0.00126,0.1,0.0,1.1463292086415304,0.020991195909934635,0.0
0.14820207057988585,1.0,0.00158,0.1,0.0,1.1463292086415304,0.020991195909934635,0.0
0.14820207057988585,1.0,0.002,0.1,0.0,1.1463292086415304,0.020991195909934635,0.0
0.14820207057988585,1.0,0.00251,0.1,0.0,1.1463292086415304,0.020991195909934635,0.0
0.14820207057988585,1.0,0.00316,0.1,0.0,1.1463292086415304,0.020991195909934635,0.0
0.14820207057988585,1.0,0.00398,0.1,0.0,1.1463292086415304,0.020991195909934635,0.0
0.14820207057988585,1.0,0.00501,0.1,0.0,1.1463292086415304,0.020991195909934635,0.0
0.14820207057988585,1.0,0.00631,0.1,0.0,1.1463292086415304,0.020991195909934635,0.0
0.1552225357427048,1.0,3.16e-07,0.1,0.0,1.254951970275717,0.02298025948133523,0.0
0.1552225357427048,1.0,3.98e-07,0.1,0.0,1.254951970275717,0.02298025948133523,0.0
0.1552225357427048,1.0,5.01e-07,0.1,0.0,1.254951970275717,0.02298025948133523,0.0
0.1552225357427048,1.0,6.31e-07,0.1,0.0,1.254951970275717,0.02298025948133523,0.0
0.1552225357427048,1.0,7.94e-07,0.1,0.0,1.254951970275717,0.02298025948133523,0.0
0.1552225357427048,1.0,1e-06,0.1,0.0,1.254951970275717,0.02298025948133523,0.0
0.1552225357427048,1.0,1.26e-06,0.1,0.0,1.254951970275717,0.02298025948133523,0.0
0.1552225357427048,1.0,1.58e-06,0.1,0.0,1.254951970275717,0.02298025948133523,0.0
0.1552225357427048,1.0,2e-06,0.1,0.0,1.254951970275717,0.02298025948133523,0.0
0.1552225357427048,1.0,2.51e-06,0.1,3.3333333333333335e-05,1.254951970275717,0.02298025948133523,5.019807881102869
0.1552225357427048,1.0,3.98e-06,0.1,0.0001,1.254951970275717,0.02298025948133523,15.059423643308605
0.1552225357427048,1.0,5.01e-06,0.1,6.666666666666667e-05,1.254951970275717,0.02298025948133523,10.039615762205738
0.1552225357427048,1.0,7.94e-06,0.1,6.666666666666667e-05,1.254951970275717,0.02298025948133523,10.039615762205738
0.1552225357427048,1.0,1e-05,0.1,6.666666666666667e-05,1.254951970275717,0.02298025948133523,10.039615762205738
0.1552225357427048,1.0,1.26e-05,0.1,0.00023333333333333333,1.254951970275717,0.02298025948133523,35.13865516772008
0.1552225357427048,1.0,1.58e-05,0.1,0.0001,1.254951970275717,0.02298025948133523,15.059423643308605
0.1552225357427048,1.0,2.51e-05,0.1,0.0005,1.254951970275717,0.02298025948133523,75.29711821654303
0.1552225357427048,1.0,3.16e-05,0.1,0.0006,1.254951970275717,0.02298025948133523,90.35654185985163
0.1552225357427048,1.0,3.98e-05,0.1,0.0011,1.254951970275717,0.02298025948133523,165.6536600763947
0.1552225357427048,1.0,5.01e-05,0.1,0.0013333333333333333,1.254951970275717,0.02298025948133523,200.79231524411475
0.1552225357427048,1.0,6.31e-05,0.1,0.0018666666666666666,1.254951970275717,0.02298025948133523,281.10924134176065
0.1552225357427048,1.0,7.94e-05,0.1,0.0018,1.254951970275717,0.02298025948133523,271.0696255795549
0.1552225357427048,1.0,0.0001,0.1,0.0017666666666666666,1.254951970275717,0.02298025948133523,266.04981769845205
0.1552225357427048,1.0,0.000126,0.1,0.0021,1.254951970275717,0.02298025948133523,316.2478965094807
0.1552225357427048,1.0,0.000158,0.1,0.0012333333333333332,1.254951970275717,0.02298025948133523,185.73289160080614
0.1552225357427048,1.0,0.0002,0.1,0.0005,1.254951970275717,0.02298025948133523,75.29711821654303
0.1552225357427048,1.0,0.000251,0.1,0.0002,1.254951970275717,0.02298025948133523,30.11884728661721
0.1552225357427048,1.0,0.000316,0.1,3.3333333333333335e-05,1.254951970275717,0.02298025948133523,5.019807881102869
0.1552225357427048,1.0,0.000398,0.1,3.3333333333333335e-05,1.254951970275717,0.02298025948133523,5.019807881102869
0.1552225357427048,1.0,0.000501,0.1,0.0,1.254951970275717,0.02298025948133523,0.0
0.1552225357427048,1.0,0.000631,0.1,0.0,1.254951970275717,0.02298025948133523,0.0
0.1552225357427048,1.0,0.000794,0.1,0.0,1.254951970275717,0.02298025948133523,0.0
0.1552225357427048,1.0,0.001,0.1,0.0,1.254951970275717,0.02298025948133523,0.0
0.1552225357427048,1.0,0.00126,0.1,0.0,1.254951970275717,0.02298025948133523,0.0
0.1552225357427048,1.0,0.00158,0.1,0.0,1.254951970275717,0.02298025948133523,0.0
0.1552225357427048,1.0,0.002,0.1,0.0,1.254951970275717,0.02298025948133523,0.0
0.1552225357427048,1.0,0.00251,0.1,0.0,1.254951970275717,0.02298025948133523,0.0
0.1552225357427048,1.0,0.00316,0.1,0.0,1.254951970275717,0.02298025948133523,0.0
0.1552225357427048,1.0,0.00398,0.1,0.0,1.254951970275717,0.02298025948133523,0.0
0.1552225357427048,1.0,0.00501,0.1,0.0,1.254951970275717,0.02298025948133523,0.0
0.1552225357427048,1.0,0.00631,0.1,0.0,1.254951970275717,0.02298025948133523,0.0
0.1625755666443795,1.0,3.16e-07,0.1,0.0,1.3736030585229781,0.02515295840547479,0.0
0.1625755666443795,1.0,3.98e-07,0.1,0.0,1.3736030585229781,0.02515295840547479,0.0
0.1625755666443795,1.0,5.01e-07,0.1,0.0,1.3736030585229781,0.02515295840547479,0.0
0.1625755666443795,1.0,6.31e-07,0.1,0.0,1.3736030585229781,0.02515295840547479,0.0
0.1625755666443795,1.0,7.94e-07,0.1,0.0,1.3736030585229781,0.02515295840547479,0.0
0.1625755666443795,1.0,1e-06,0.1,0.0,1.3736030585229781,0.02515295840547479,0.0
0.1625755666443795,1.0,1.26e-06,0.1,0.0,1.3736030585229781,0.02515295840547479,0.0
0.1625755666443795,1.0,1.58e-06,0.1,0.0,1.3736030585229781,0.02515295840547479,0.0
0.1625755666443795,1.0,2e-06,0.1,0.0,1.3736030585229781,0.02515295840547479,0.0
0.1625755666443795,1.0,2.51e-06,0.1,3.3333333333333335e-05,1.3736030585229781,0.02515295840547479,5.494412234091914
0.1625755666443795,1.0,3.98e-06,0.1,0.0001,1.3736030585229781,0.02515295840547479,16.483236702275743
0.1625755666443795,1.0,5.01e-06,0.1,6.666666666666667e-05,1.3736030585229781,0.02515295840547479,10.988824468183829
0.1625755666443795,1.0,7.94e-06,0.1,6.666666666666667e-05,1.3736030585229781,0.02515295840547479,10.988824468183829
0.1625755666443795,1.0,1e-05,0.1,6.666666666666667e-05,1.3736030585229781,0.02515295840547479,10.988824468183829
0.1625755666443795,1.0,1.26e-05,0.1,0.00023333333333333333,1.3736030585229781,0.02515295840547479,38.46088563864339
0.1625755666443795,1.0,1.58e-05,0.1,0.0001,1.3736030585229781,0.02515295840547479,16.483236702275743
0.1625755666443795,1.0,2.51e-05,0.1,0.0005,1.3736030585229781,0.02515295840547479,82.4161835113787
0.1625755666443795,1.0,3.16e-05,0.1,0.0006,1.3736030585229781,0.02515295840547479,98.89942021365442
0.1625755666443795,1.0,3.98e-05,0.1,0.0011,1.3736030585229781,0.02515295840547479,181.31560372503316
0.1625755666443795,1.0,5.01e-05,0.1,0.0013333333333333333,1.3736030585229781,0.02515295840547479,219.77648936367652
0.1625755666443795,1.0,6.31e-05,0.1,0.0018666666666666666,1.3736030585229781,0.02515295840547479,307.6870851091471
0.1625755666443795,1.0,7.94e-05,0.1,0.0018,1.3736030585229781,0.02515295840547479,296.69826064096327
0.1625755666443795,1.0,0.0001,0.1,0.0017666666666666666,1.3736030585229781,0.02515295840547479,291.2038484068714
0.1625755666443795,1.0,0.000126,0.1,0.0021,1.3736030585229781,0.02515295840547479,346.1479707477905
0.1625755666443795,1.0,0.000158,0.1,0.0012333333333333332,1.3736030585229781,0.02515295840547479,203.29325266140077
0.1625755666443795,1.0,0.0002,0.1,0.0005,1.3736030585229781,0.02515295840547479,82.4161835113787
0.1625755666443795,1.0,0.000251,0.1,0.0002,1.3736030585229781,0.02515295840547479,32.966473404551486
0.1625755666443795,1.0,0.000316,0.1,3.3333333333333335e-05,1.3736030585229781,0.02515295840547479,5.494412234091914
0.1625755666443795,1.0,0.000398,0.1,3.3333333333333335e-05,1.3736030585229781,0.02515295840547479,5.494412234091914
0.1625755666443795,1.0,0.000501,0.1,0.0,1.3736030585229781,0.02515295840547479,0.0
0.1625755666443795,1.0,0.000631,0.1,0.0,1.3736030585229781,0.02515295840547479,0.0
0.1625755666443795,1.0,0.000794,0.1,0.0,1.3736030585229781,0.02515295840547479,0.0
0.1625755666443795,1.0,0.001,0.1,0.0,1.3736030585229781,0.02515295840547479,0.0
0.1625755666443795,1.0,0.00126,0.1,0.0,1.3736030585229781,0.02515295840547479,0.0
0.1625755666443795,1.0,0.00158,0.1,0.0,1.3736030585229781,0.02515295840547479,0.0
0.1625755666443795,1.0,0.002,0.1,0.0,1.3736030585229781,0.02515295840547479,0.0
0.1625755666443795,1.0,0.00251,0.1,0.0,1.3736030585229781,0.02515295840547479,0.0
0.1625755666443795,1.0,0.00316,0.1,0.0,1.3736030585229781,0.02515295840547479,0.0
0.1625755666443795,1.0,0.00398,0.1,0.0,1.3736030585229781,0.02515295840547479,0.0
0.1625755666443795,1.0,0.00501,0.1,0.0,1.3736030585229781,0.02515295840547479,0.0
0.1625755666443795,1.0,0.00631,0.1,0.0,1.3736030585229781,0.02515295840547479,0.0
0.17027691722258995,1.0,3.16e-07,0.1,0.0,1.5031561282199315,0.027525290756636723,0.0
0.17027691722258995,1.0,3.98e-07,0.1,0.0,1.5031561282199315,0.027525290756636723,0.0
0.17027691722258995,1.0,5.01e-07,0.1,0.0,1.5031561282199315,0.027525290756636723,0.0
0.17027691722258995,1.0,6.31e-07,0.1,0.0,1.5031561282199315,0.027525290756636723,0.0
0.17027691722258995,1.0,7.94e-07,0.1,0.0,1.5031561282199315,0.027525290756636723,0.0
0.17027691722258995,1.0,1e-06,0.1,0.0,1.5031561282199315,0.027525290756636723,0.0
0.17027691722258995,1.0,1.26e-06,0.1,0.0,1.5031561282199315,0.027525290756636723,0.0
0.17027691722258995,1.0,1.58e-06,0.1,0.0,1.5031561282199315,0.027525290756636723,0.0
0.17027691722258995,1.0,2e-06,0.1,0.0,1.5031561282199315,0.027525290756636723,0.0
0.17027691722258995,1.0,2.51e-06,0.1,3.3333333333333335e-05,1.5031561282199315,0.027525290756636723,6.012624512879726
0.17027691722258995,1.0,3.98e-06,0.1,0.0001,1.5031561282199315,0.027525290756636723,18.03787353863918
0.17027691722258995,1.0,5.01e-06,0.1,6.666666666666667e-05,1.5031561282199315,0.027525290756636723,12.025249025759452
0.17027691722258995,1.0,7.94e-06,0.1,6.666666666666667e-05,1.5031561282199315,0.027525290756636723,12.025249025759452
0.17027691722258995,1.0,1e-05,0.1,6.666666666666667e-05,1.5031561282199315,0.027525290756636723,12.025249025759452
0.17027691722258995,1.0,1.26e-05,0.1,0.00023333333333333333,1.5031561282199315,0.027525290756636723,42.08837159015808
0.17027691722258995,1.0,1.58e-05,0.1,0.0001,1.5031561282199315,0.027525290756636723,18.03787353863918
0.17027691722258995,1.0,2.51e-05,0.1,0.0005,1.5031561282199315,0.027525290756636723,90.18936769319589
0.17027691722258995,1.0,3.16e-05,0.1,0.0006,1.5031561282199315,0.027525290756636723,108.22724123183505
0.17027691722258995,1.0,3.98e-05,0.1,0.0011,1.5031561282199315,0.027525290756636723,198.41660892503097
0.17027691722258995,1.0,5.01e-05,0.1,0.0013333333333333333,1.5031561282199315,0.027525290756636723,240.50498051518903
0.17027691722258995,1.0,6.31e-05,0.1,0.0018666666666666666,1.5031561282199315,0.027525290756636723,336.70697272126466
0.17027691722258995,1.0,7.94e-05,0.1,0.0018,1.5031561282199315,0.027525290756636723,324.68172369550524
0.17027691722258995,1.0,0.0001,0.1,0.0017666666666666666,1.5031561282199315,0.027525290756636723,318.6690991826255
0.17027691722258995,1.0,0.000126,0.1,0.0021,1.5031561282199315,0.027525290756636723,378.7953443114227
0.17027691722258995,1.0,0.000158,0.1,0.0012333333333333332,1.5031561282199315,0.027525290756636723,222.46710697654987
0.17027691722258995,1.0,0.0002,0.1,0.0005,1.5031561282199315,0.027525290756636723,90.18936769319589
0.17027691722258995,1.0,0.000251,0.1,0.0002,1.5031561282199315,0.027525290756636723,36.07574707727836
0.17027691722258995,1.0,0.000316,0.1,3.3333333333333335e-05,1.5031561282199315,0.027525290756636723,6.012624512879726
0.17027691722258995,1.0,0.000398,0.1,3.3333333333333335e-05,1.5031561282199315,0.027525290756636723,6.012624512879726
0.17027691722258995,1.0,0.000501,0.1,0.0,1.5031561282199315,0.027525290756636723,0.0
0.17027691722258995,1.0,0.000631,0.1,0.0,1.5031561282199315,0.027525290756636723,0.0
0.17027691722258995,1.0,0.000794,0.1,0.0,1.5031561282199315,0.027525290756636723,0.0
0.17027691722258995,1.0,0.001,0.1,0.0,1.5031561282199315,0.027525290756636723,0.0
0.17027691722258995,1.0,0.00126,0.1,0.0,1.5031561282199315,0.027525290756636723,0.0
0.17027691722258995,1.0,0.00158,0.1,0.0,1.5031561282199315,0.027525290756636723,0.0
0.17027691722258995,1.0,0.002,0.1,0.0,1.5031561282199315,0.027525290756636723,0.0
0.17027691722258995,1.0,0.00251,0.1,0.0,1.5031561282199315,0.027525290756636723,0.0
0.17027691722258995,1.0,0.00316,0.1,0.0,1.5031561282199315,0.027525290756636723,0.0
0.17027691722258995,1.0,0.00398,0.1,0.0,1.5031561282199315,0.027525290756636723,0.0
0.17027691722258995,1.0,0.00501,0.1,0.0,1.5031561282199315,0.027525290756636723,0.0
0.17027691722258995,1.0,0.00631,0.1,0.0,1.5031561282199315,0.027525290756636723,0.0
0.17834308769319093,1.0,3.16e-07,0.1,0.0,1.6445506941612058,0.030114460614561543,0.0
0.17834308769319093,1.0,3.98e-07,0.1,0.0,1.6445506941612058,0.030114460614561543,0.0
0.17834308769319093,1.0,5.01e-07,0.1,0.0,1.6445506941612058,0.030114460614561543,0.0
0.17834308769319093,1.0,6.31e-07,0.1,0.0,1.6445506941612058,0.030114460614561543,0.0
0.17834308769319093,1.0,7.94e-07,0.1,0.0,1.6445506941612058,0.030114460614561543,0.0
0.17834308769319093,1.0,1e-06,0.1,0.0,1.6445506941612058,0.030114460614561543,0.0
0.17834308769319093,1.0,1.26e-06,0.1,0.0,1.6445506941612058,0.030114460614561543,0.0
0.17834308769319093,1.0,1.58e-06,0.1,0.0,1.6445506941612058,0.030114460614561543,0.0
0.17834308769319093,1.0,2e-06,0.1,0.0,1.6445506941612058,0.030114460614561543,0.0
0.17834308769319093,1.0,2.51e-06,0.1,3.3333333333333335e-05,1.6445506941612058,0.030114460614561543,6.578202776644824
0.17834308769319093,1.0,3.98e-06,0.1,0.0001,1.6445506941612058,0.030114460614561543,19.734608329934474
0.17834308769319093,1.0,5.01e-06,0.1,6.666666666666667e-05,1.6445506941612058,0.030114460614561543,13.156405553289648
0.17834308769319093,1.0,7.94e-06,0.1,6.666666666666667e-05,1.6445506941612058,0.030114460614561543,13.156405553289648
0.17834308769319093,1.0,1e-05,0.1,6.666666666666667e-05,1.6445506941612058,0.030114460614561543,13.156405553289648
0.17834308769319093,1.0,1.26e-05,0.1,0.00023333333333333333,1.6445506941612058,0.030114460614561543,46.04741943651376
0.17834308769319093,1.0,1.58e-05,0.1,0.0001,1.6445506941612058,0.030114460614561543,19.734608329934474
0.17834308769319093,1.0,2.51e-05,0.1,0.0005,1.6445506941612058,0.030114460614561543,98.67304164967237
0.17834308769319093,1.0,3.16e-05,0.1,0.0006,1.6445506941612058,0.030114460614561543,118.40764997960683
0.17834308769319093,1.0,3.98e-05,0.1,0.0011,1.6445506941612058,0.030114460614561543,217.0806916292792
0.17834308769319093,1.0,5.01e-05,0.1,0.0013333333333333333,1.6445506941612058,0.030114460614561543,263.12811106579295
0.17834308769319093,1.0,6.31e-05,0.1,0.0018666666666666666,1.6445506941612058,0.030114460614561543,368.3793554921101
0.17834308769319093,1.0,7.94e-05,0.1,0.0018,1.6445506941612058,0.030114460614561543,355.2229499388205
0.17834308769319093,1.0,0.0001,0.1,0.0017666666666666666,1.6445506941612058,0.030114460614561543,348.6447471621757
0.17834308769319093,1.0,0.000126,0.1,0.0021,1.6445506941612058,0.030114460614561543,414.4267749286239
0.17834308769319093,1.0,0.000158,0.1,0.0012333333333333332,1.6445506941612058,0.030114460614561543,243.39350273585848
0.17834308769319093,1.0,0.0002,0.1,0.0005,1.6445506941612058,0.030114460614561543,98.67304164967237
0.17834308769319093,1.0,0.000251,0.1,0.0002,1.6445506941612058,0.030114460614561543,39.46921665986895
0.17834308769319093,1.0,0.000316,0.1,3.3333333333333335e-05,1.6445506941612058,0.030114460614561543,6.578202776644824
0.17834308769319093,1.0,0.000398,0.1,3.3333333333333335e-05,1.6445506941612058,0.030114460614561543,6.578202776644824
0.17834308769319093,1.0,0.000501,0.1,0.0,1.6445506941612058,0.030114460614561543,0.0
0.17834308769319093,1.0,0.000631,0.1,0.0,1.6445506941612058,0.030114460614561543,0.0
0.17834308769319093,1.0,0.000794,0.1,0.0,1.6445506941612058,0.030114460614561543,0.0
0.17834308769319093,1.0,0.001,0.1,0.0,1.6445506941612058,0.030114460614561543,0.0
0.17834308769319093,1.0,0.00126,0.1,0.0,1.6445506941612058,0.030114460614561543,0.0
0.17834308769319093,1.0,0.00158,0.1,0.0,1.6445506941612058,0.030114460614561543,0.0
0.17834308769319093,1.0,0.002,0.1,0.0,1.6445506941612058,0.030114460614561543,0.0
0.17834308769319093,1.0,0.00251,0.1,0.0,1.6445506941612058,0.030114460614561543,0.0
0.17834308769319093,1.0,0.00316,0.1,0.0,1.6445506941612058,0.030114460614561543,0.0
0.17834308769319093,1.0,0.00398,0.1,0.0,1.6445506941612058,0.030114460614561543,0.0
0.17834308769319093,1.0,0.00501,0.1,0.0,1.6445506941612058,0.030114460614561543,0.0
0.17834308769319093,1.0,0.00631,0.1,0.0,1.6445506941612058,0.030114460614561543,0.0
0.1867913599020783,1.0,3.16e-07,0.1,0.0,1.798795059664564,0.03293893169134891,0.0
0.1867913599020783,1.0,3.98e-07,0.1,0.0,1.798795059664564,0.03293893169134891,0.0
0.1867913599020783,1.0,5.01e-07,0.1,0.0,1.798795059664564,0.03293893169134891,0.0
0.1867913599020783,1.0,6.31e-07,0.1,0.0,1.798795059664564,0.03293893169134891,0.0
0.1867913599020783,1.0,7.94e-07,0.1,0.0,1.798795059664564,0.03293893169134891,0.0
0.1867913599020783,1.0,1e-06,0.1,0.0,1.798795059664564,0.03293893169134891,0.0
0.1867913599020783,1.0,1.26e-06,0.1,0.0,1.798795059664564,0.03293893169134891,0.0
0.1867913599020783,1.0,1.58e-06,0.1,0.0,1.798795059664564,0.03293893169134891,0.0
0.1867913599020783,1.0,2e-06,0.1,0.0,1.798795059664564,0.03293893169134891,0.0
0.1867913599020783,1.0,2.51e-06,0.1,3.3333333333333335e-05,1.798795059664564,0.03293893169134891,7.195180238658257
0.1867913599020783,1.0,3.98e-06,0.1,0.0001,1.798795059664564,0.03293893169134891,21.585540715974773
0.1867913599020783,1.0,5.01e-06,0.1,6.666666666666667e-05,1.798795059664564,0.03293893169134891,14.390360477316515
0.1867913599020783,1.0,7.94e-06,0.1,6.666666666666667e-05,1.798795059664564,0.03293893169134891,14.390360477316515
0.1867913599020783,1.0,1e-05,0.1,6.666666666666667e-05,1.798795059664564,0.03293893169134891,14.390360477316515
0.1867913599020783,1.0,1.26e-05,0.1,0.00023333333333333333,1.798795059664564,0.03293893169134891,50.3662616706078
0.1867913599020783,1.0,1.58e-05,0.1,0.0001,1.798795059664564,0.03293893169134891,21.585540715974773
0.1867913599020783,1.0,2.51e-05,0.1,0.0005,1.798795059664564,0.03293893169134891,107.92770357987386
0.1867913599020783,1.0,3.16e-05,0.1,0.0006,1.798795059664564,0.03293893169134891,129.5132442958486
0.1867913599020783,1.0,3.98e-05,0.1,0.0011,1.798795059664564,0.03293893169134891,237.4409478757225
0.1867913599020783,1.0,5.01e-05,0.1,0.0013333333333333333,1.798795059664564,0.03293893169134891,287.8072095463303
0.1867913599020783,1.0,6.31e-05,0.1,0.0018666666666666666,1.798795059664564,0.03293893169134891,402.9300933648624
0.1867913599020783,1.0,7.94e-05,0.1,0.0018,1.798795059664564,0.03293893169134891,388.5397328875458
0.1867913599020783,1.0,0.0001,0.1,0.0017666666666666666,1.798795059664564,0.03293893169134891,381.3445526488876
0.1867913599020783,1.0,0.000126,0.1,0.0021,1.798795059664564,0.03293893169134891,453.2963550354702
0.1867913599020783,1.0,0.000158,0.1,0.0012333333333333332,1.798795059664564,0.03293893169134891,266.2216688303555
0.1867913599020783,1.0,0.0002,0.1,0.0005,1.798795059664564,0.03293893169134891,107.92770357987386
0.1867913599020783,1.0,0.000251,0.1,0.0002,1.798795059664564,0.03293893169134891,43.171081431949546
0.1867913599020783,1.0,0.000316,0.1,3.3333333333333335e-05,1.798795059664564,0.03293893169134891,7.195180238658257
0.1867913599020783,1.0,0.000398,0.1,3.3333333333333335e-05,1.798795059664564,0.03293893169134891,7.195180238658257
0.1867913599020783,1.0,0.000501,0.1,0.0,1.798795059664564,0.03293893169134891,0.0
0.1867913599020783,1.0,0.000631,0.1,0.0,1.798795059664564,0.03293893169134891,0.0
0.1867913599020783,1.0,0.000794,0.1,0.0,1.798795059664564,0.03293893169134891,0.0
0.1867913599020783,1.0,0.001,0.1,0.0,1.798795059664564,0.03293893169134891,0.0
0.1867913599020783,1.0,0.00126,0.1,0.0,1.798795059664564,0.03293893169134891,0.0
0.1867913599020783,1.0,0.00158,0.1,0.0,1.798795059664564,0.03293893169134891,0.0
0.1867913599020783,1.0,0.002,0.1,0.0,1.798795059664564,0.03293893169134891,0.0
0.1867913599020783,1.0,0.00251,0.1,0.0,1.798795059664564,0.03293893169134891,0.0
0.1867913599020783,1.0,0.00316,0.1,0.0,1.798795059664564,0.03293893169134891,0.0
0.1867913599020783,1.0,0.00398,0.1,0.0,1.798795059664564,0.03293893169134891,0.0
0.1867913599020783,1.0,0.00501,0.1,0.0,1.798795059664564,0.03293893169134891,0.0
0.1867913599020783,1.0,0.00631,0.1,0.0,1.798795059664564,0.03293893169134891,0.0
0.19563983435170648,1.0,3.16e-07,0.1,0.0,1.9669689379413826,0.036018475333114496,0.0
0.19563983435170648,1.0,3.98e-07,0.1,0.0,1.9669689379413826,0.036018475333114496,0.0
0.19563983435170648,1.0,5.01e-07,0.1,0.0,1.9669689379413826,0.036018475333114496,0.0
0.19563983435170648,1.0,6.31e-07,0.1,0.0,1.9669689379413826,0.036018475333114496,0.0
0.19563983435170648,1.0,7.94e-07,0.1,0.0,1.9669689379413826,0.036018475333114496,0.0
0.19563983435170648,1.0,1e-06,0.1,0.0,1.9669689379413826,0.036018475333114496,0.0
0.19563983435170648,1.0,1.26e-06,0.1,0.0,1.9669689379413826,0.036018475333114496,0.0
0.19563983435170648,1.0,1.58e-06,0.1,0.0,1.9669689379413826,0.036018475333114496,0.0
0.19563983435170648,1.0,2e-06,0.1,0.0,1.9669689379413826,0.036018475333114496,0.0
0.19563983435170648,1.0,2.51e-06,0.1,3.3333333333333335e-05,1.9669689379413826,0.036018475333114496,7.8678757517655304
0.19563983435170648,1.0,3.98e-06,0.1,0.0001,1.9669689379413826,0.036018475333114496,23.603627255296594
0.19563983435170648,1.0,5.01e-06,0.1,6.666666666666667e-05,1.9669689379413826,0.036018475333114496,15.735751503531061
0.19563983435170648,1.0,7.94e-06,0.1,6.666666666666667e-05,1.9669689379413826,0.036018475333114496,15.735751503531061
0.19563983435170648,1.0,1e-05,0.1,6.666666666666667e-05,1.9669689379413826,0.036018475333114496,15.735751503531061
0.19563983435170648,1.0,1.26e-05,0.1,0.00023333333333333333,1.9669689379413826,0.036018475333114496,55.07513026235871
0.19563983435170648,1.0,1.58e-05,0.1,0.0001,1.9669689379413826,0.036018475333114496,23.603627255296594
0.19563983435170648,1.0,2.51e-05,0.1,0.0005,1.9669689379413826,0.036018475333114496,118.01813627648296
0.19563983435170648,1.0,3.16e-05,0.1,0.0006,1.9669689379413826,0.036018475333114496,141.62176353177955
0.19563983435170648,1.0,3.98e-05,0.1,0.0011,1.9669689379413826,0.036018475333114496,259.6398998082625
0.19563983435170648,1.0,5.01e-05,0.1,0.0013333333333333333,1.9669689379413826,0.036018475333114496,314.7150300706212
0.19563983435170648,1.0,6.31e-05,0.1,0.0018666666666666666,1.9669689379413826,0.036018475333114496,440.6010420988697
0.19563983435170648,1.0,7.94e-05,0.1,0.0018,1.9669689379413826,0.036018475333114496,424.8652905953386
0.19563983435170648,1.0,0.0001,0.1,0.0017666666666666666,1.9669689379413826,0.036018475333114496,416.9974148435731
0.19563983435170648,1.0,0.000126,0.1,0.0021,1.9669689379413826,0.036018475333114496,495.67617236122845
0.19563983435170648,1.0,0.000158,0.1,0.0012333333333333332,1.9669689379413826,0.036018475333114496,291.11140281532465
0.19563983435170648,1.0,0.0002,0.1,0.0005,1.9669689379413826,0.036018475333114496,118.01813627648296
0.19563983435170648,1.0,0.000251,0.1,0.0002,1.9669689379413826,0.036018475333114496,47.20725451059319
0.19563983435170648,1.0,0.000316,0.1,3.3333333333333335e-05,1.9669689379413826,0.036018475333114496,7.8678757517655304
0.19563983435170648,1.0,0.000398,0.1,3.3333333333333335e-05,1.9669689379413826,0.036018475333114496,7.8678757517655304
0.19563983435170648,1.0,0.000501,0.1,0.0,1.9669689379413826,0.036018475333114496,0.0
0.19563983435170648,1.0,0.000631,0.1,0.0,1.9669689379413826,0.036018475333114496,0.0
0.19563983435170648,1.0,0.000794,0.1,0.0,1.9669689379413826,0.036018475333114496,0.0
0.19563983435170648,1.0,0.001,0.1,0.0,1.9669689379413826,0.036018475333114496,0.0
0.19563983435170648,1.0,0.00126,0.1,0.0,1.9669689379413826,0.036018475333114496,0.0
0.19563983435170648,1.0,0.00158,0.1,0.0,1.9669689379413826,0.036018475333114496,0.0
0.19563983435170648,1.0,0.002,0.1,0.0,1.9669689379413826,0.036018475333114496,0.0
0.19563983435170648,1.0,0.00251,0.1,0.0,1.9669689379413826,0.036018475333114496,0.0
0.19563983435170648,1.0,0.00316,0.1,0.0,1.9669689379413826,0.036018475333114496,0.0
0.19563983435170648,1.0,0.00398,0.1,0.0,1.9669689379413826,0.036018475333114496,0.0
0.19563983435170648,1.0,0.00501,0.1,0.0,1.9669689379413826,0.036018475333114496,0.0
0.19563983435170648,1.0,0.00631,0.1,0.0,1.9669689379413826,0.036018475333114496,0.0
0.20490746898158482,1.0,3.16e-07,0.1,0.0,2.1502256483407423,0.03937421073687497,0.0
0.20490746898158482,1.0,3.98e-07,0.1,0.0,2.1502256483407423,0.03937421073687497,0.0
0.20490746898158482,1.0,5.01e-07,0.1,0.0,2.1502256483407423,0.03937421073687497,0.0
0.20490746898158482,1.0,6.31e-07,0.1,0.0,2.1502256483407423,0.03937421073687497,0.0
0.20490746898158482,1.0,7.94e-07,0.1,0.0,2.1502256483407423,0.03937421073687497,0.0
0.20490746898158482,1.0,1e-06,0.1,0.0,2.1502256483407423,0.03937421073687497,0.0
0.20490746898158482,1.0,1.26e-06,0.1,0.0,2.1502256483407423,0.03937421073687497,0.0
0.20490746898158482,1.0,1.58e-06,0.1,0.0,2.1502256483407423,0.03937421073687497,0.0
0.20490746898158482,1.0,2e-06,0.1,0.0,2.1502256483407423,0.03937421073687497,0.0
0.20490746898158482,1.0,2.51e-06,0.1,3.3333333333333335e-05,2.1502256483407423,0.03937421073687497,8.60090259336297
0.20490746898158482,1.0,3.98e-06,0.1,0.0001,2.1502256483407423,0.03937421073687497,25.802707780088912
0.20490746898158482,1.0,5.01e-06,0.1,6.666666666666667e-05,2.1502256483407423,0.03937421073687497,17.20180518672594
0.20490746898158482,1.0,7.94e-06,0.1,6.666666666666667e-05,2.1502256483407423,0.03937421073687497,17.20180518672594
0.20490746898158482,1.0,1e-05,0.1,6.666666666666667e-05,2.1502256483407423,0.03937421073687497,17.20180518672594
0.20490746898158482,1.0,1.26e-05,0.1,0.00023333333333333333,2.1502256483407423,0.03937421073687497,60.206318153540785
0.20490746898158482,1.0,1.58e-05,0.1,0.0001,2.1502256483407423,0.03937421073687497,25.802707780088912
0.20490746898158482,1.0,2.51e-05,0.1,0.0005,2.1502256483407423,0.03937421073687497,129.01353890044456
0.20490746898158482,1.0,3.16e-05,0.1,0.0006,2.1502256483407423,0.03937421073687497,154.81624668053345
0.20490746898158482,1.0,3.98e-05,0.1,0.0011,2.1502256483407423,0.03937421073687497,283.829785580978
0.20490746898158482,1.0,5.01e-05,0.1,0.0013333333333333333,2.1502256483407423,0.03937421073687497,344.03610373451875
0.20490746898158482,1.0,6.31e-05,0.1,0.0018666666666666666,2.1502256483407423,0.03937421073687497,481.6505452283263
0.20490746898158482,1.0,7.94e-05,0.1,0.0018,2.1502256483407423,0.03937421073687497,464.4487400416004
0.20490746898158482,1.0,0.0001,0.1,0.0017666666666666666,2.1502256483407423,0.03937421073687497,455.8478374482374
0.20490746898158482,1.0,0.000126,0.1,0.0021,2.1502256483407423,0.03937421073687497,541.8568633818671
0.20490746898158482,1.0,0.000158,0.1,0.0012333333333333332,2.1502256483407423,0.03937421073687497,318.23339595442985
0.20490746898158482,1.0,0.0002,0.1,0.0005,2.1502256483407423,0.03937421073687497,129.01353890044456
0.20490746898158482,1.0,0.000251,0.1,0.0002,2.1502256483407423,0.03937421073687497,51.605415560177825
0.20490746898158482,1.0,0.000316,0.1,3.3333333333333335e-05,2.1502256483407423,0.03937421073687497,8.60090259336297
0.20490746898158482,1.0,0.000398,0.1,3.3333333333333335e-05,2.1502256483407423,0.03937421073687497,8.60090259336297
0.20490746898158482,1.0,0.000501,0.1,0.0,2.1502256483407423,0.03937421073687497,0.0
0.20490746898158482,1.0,0.000631,0.1,0.0,2.1502256483407423,0.03937421073687497,0.0
0.20490746898158482,1.0,0.000794,0.1,0.0,2.1502256483407423,0.03937421073687497,0.0
0.20490746898158482,1.0,0.001,0.1,0.0,2.1502256483407423,0.03937421073687497,0.0
0.20490746898158482,1.0,0.00126,0.1,0.0,2.1502256483407423,0.03937421073687497,0.0
0.20490746898158482,1.0,0.00158,0.1,0.0,2.1502256483407423,0.03937421073687497,0.0
0.20490746898158482,1.0,0.002,0.1,0.0,2.1502256483407423,0.03937421073687497,0.0
0.20490746898158482,1.0,0.00251,0.1,0.0,2.1502256483407423,0.03937421073687497,0.0
0.20490746898158482,1.0,0.00316,0.1,0.0,2.1502256483407423,0.03937421073687497,0.0
0.20490746898158482,1.0,0.00398,0.1,0.0,2.1502256483407423,0.03937421073687497,0.0
0.20490746898158482,1.0,0.00501,0.1,0.0,2.1502256483407423,0.03937421073687497,0.0
0.20490746898158482,1.0,0.00631,0.1,0.0,2.1502256483407423,0.03937421073687497,0.0
0.21461411978584036,1.0,3.16e-07,0.1,0.0,2.349793748887907,0.04302863484504499,0.0
0.21461411978584036,1.0,3.98e-07,0.1,0.0,2.349793748887907,0.04302863484504499,0.0
0.21461411978584036,1.0,5.01e-07,0.1,0.0,2.349793748887907,0.04302863484504499,0.0
0.21461411978584036,1.0,6.31e-07,0.1,0.0,2.349793748887907,0.04302863484504499,0.0
0.21461411978584036,1.0,7.94e-07,0.1,0.0,2.349793748887907,0.04302863484504499,0.0
0.21461411978584036,1.0,1e-06,0.1,0.0,2.349793748887907,0.04302863484504499,0.0
0.21461411978584036,1.0,1.26e-06,0.1,0.0,2.349793748887907,0.04302863484504499,0.0
0.21461411978584036,1.0,1.58e-06,0.1,0.0,2.349793748887907,0.04302863484504499,0.0
0.21461411978584036,1.0,2e-06,0.1,0.0,2.349793748887907,0.04302863484504499,0.0
0.21461411978584036,1.0,2.51e-06,0.1,3.3333333333333335e-05,2.349793748887907,0.04302863484504499,9.399174995551629
0.21461411978584036,1.0,3.98e-06,0.1,0.0001,2.349793748887907,0.04302863484504499,28.197524986654884
0.21461411978584036,1.0,5.01e-06,0.1,6.666666666666667e-05,2.349793748887907,0.04302863484504499,18.798349991103258
0.21461411978584036,1.0,7.94e-06,0.1,6.666666666666667e-05,2.349793748887907,0.04302863484504499,18.798349991103258
0.21461411978584036,1.0,1e-05,0.1,6.666666666666667e-05,2.349793748887907,0.04302863484504499,18.798349991103258
0.21461411978584036,1.0,1.26e-05,0.1,0.00023333333333333333,2.349793748887907,0.04302863484504499,65.7942249688614
0.21461411978584036,1.0,1.58e-05,0.1,0.0001,2.349793748887907,0.04302863484504499,28.197524986654884
0.21461411978584036,1.0,2.51e-05,0.1,0.0005,2.349793748887907,0.04302863484504499,140.98762493327442
0.21461411978584036,1.0,3.16e-05,0.1,0.0006,2.349793748887907,0.04302863484504499,169.1851499199293
0.21461411978584036,1.0,3.98e-05,0.1,0.0011,2.349793748887907,0.04302863484504499,310.17277485320375
0.21461411978584036,1.0,5.01e-05,0.1,0.0013333333333333333,2.349793748887907,0.04302863484504499,375.96699982206513
0.21461411978584036,1.0,6.31e-05,0.1,0.0018666666666666666,2.349793748887907,0.04302863484504499,526.3537997508912
0.21461411978584036,1.0,7.94e-05,0.1,0.0018,2.349793748887907,0.04302863484504499,507.55544975978796
0.21461411978584036,1.0,0.0001,0.1,0.0017666666666666666,2.349793748887907,0.04302863484504499,498.1562747642363
0.21461411978584036,1.0,0.000126,0.1,0.0021,2.349793748887907,0.04302863484504499,592.1480247197526
0.21461411978584036,1.0,0.000158,0.1,0.0012333333333333332,2.349793748887907,0.04302863484504499,347.7694748354102
0.21461411978584036,1.0,0.0002,0.1,0.0005,2.349793748887907,0.04302863484504499,140.98762493327442
0.21461411978584036,1.0,0.000251,0.1,0.0002,2.349793748887907,0.04302863484504499,56.39504997330977
0.21461411978584036,1.0,0.000316,0.1,3.3333333333333335e-05,2.349793748887907,0.04302863484504499,9.399174995551629
0.21461411978584036,1.0,0.000398,0.1,3.3333333333333335e-05,2.349793748887907,0.04302863484504499,9.399174995551629
0.21461411978584036,1.0,0.000501,0.1,0.0,2.349793748887907,0.04302863484504499,0.0
0.21461411978584036,1.0,0.000631,0.1,0.0,2.349793748887907,0.04302863484504499,0.0
0.21461411978584036,1.0,0.000794,0.1,0.0,2.349793748887907,0.04302863484504499,0.0
0.21461411978584036,1.0,0.001,0.1,0.0,2.349793748887907,0.04302863484504499,0.0
0.21461411978584036,1.0,0.00126,0.1,0.0,2.349793748887907,0.04302863484504499,0.0
0.21461411978584036,1.0,0.00158,0.1,0.0,2.349793748887907,0.04302863484504499,0.0
0.21461411978584036,1.0,0.002,0.1,0.0,2.349793748887907,0.04302863484504499,0.0
0.21461411978584036,1.0,0.00251,0.1,0.0,2.349793748887907,0.04302863484504499,0.0
0.21461411978584036,1.0,0.00316,0.1,0.0,2.349793748887907,0.04302863484504499,0.0
0.21461411978584036,1.0,0.00398,0.1,0.0,2.349793748887907,0.04302863484504499,0.0
0.21461411978584036,1.0,0.00501,0.1,0.0,2.349793748887907,0.04302863484504499,0.0
0.21461411978584036,1.0,0.00631,0.1,0.0,2.349793748887907,0.04302863484504499,0.0
0.22478058335487253,1.0,3.16e-07,0.1,0.0,2.566977944187908,0.047005638970663025,0.0
0.22478058335487253,1.0,3.98e-07,0.1,0.0,2.566977944187908,0.047005638970663025,0.0
0.22478058335487253,1.0,5.01e-07,0.1,0.0,2.566977944187908,0.047005638970663025,0.0
0.22478058335487253,1.0,6.31e-07,0.1,0.0,2.566977944187908,0.047005638970663025,0.0
0.22478058335487253,1.0,7.94e-07,0.1,0.0,2.566977944187908,0.047005638970663025,0.0
0.22478058335487253,1.0,1e-06,0.1,0.0,2.566977944187908,0.047005638970663025,0.0
0.22478058335487253,1.0,1.26e-06,0.1,0.0,2.566977944187908,0.047005638970663025,0.0
0.22478058335487253,1.0,1.58e-06,0.1,0.0,2.566977944187908,0.047005638970663025,0.0
0.22478058335487253,1.0,2e-06,0.1,0.0,2.566977944187908,0.047005638970663025,0.0
0.22478058335487253,1.0,2.51e-06,0.1,3.3333333333333335e-05,2.566977944187908,0.047005638970663025,10.267911776751633
0.22478058335487253,1.0,3.98e-06,0.1,0.0001,2.566977944187908,0.047005638970663025,30.8037353302549
0.22478058335487253,1.0,5.01e-06,0.1,6.666666666666667e-05,2.566977944187908,0.047005638970663025,20.535823553503267
0.22478058335487253,1.0,7.94e-06,0.1,6.666666666666667e-05,2.566977944187908,0.047005638970663025,20.535823553503267
0.22478058335487253,1.0,1e-05,0.1,6.666666666666667e-05,2.566977944187908,0.047005638970663025,20.535823553503267
0.22478058335487253,1.0,1.26e-05,0.1,0.00023333333333333333,2.566977944187908,0.047005638970663025,71.87538243726142
0.22478058335487253,1.0,1.58e-05,0.1,0.0001,2.566977944187908,0.047005638970663025,30.8037353302549
0.22478058335487253,1.0,2.51e-05,0.1,0.0005,2.566977944187908,0.047005638970663025,154.01867665127452
0.22478058335487253,1.0,3.16e-05,0.1,0.0006,2.566977944187908,0.047005638970663025,184.82241198152937
0.22478058335487253,1.0,3.98e-05,0.1,0.0011,2.566977944187908,0.047005638970663025,338.8410886328039
0.22478058335487253,1.0,5.01e-05,0.1,0.0013333333333333333,2.566977944187908,0.047005638970663025,410.7164710700653
0.22478058335487253,1.0,6.31e-05,0.1,0.0018666666666666666,2.566977944187908,0.047005638970663025,575.0030594980914
0.22478058335487253,1.0,7.94e-05,0.1,0.0018,2.566977944187908,0.047005638970663025,554.4672359445881
0.22478058335487253,1.0,0.0001,0.1,0.0017666666666666666,2.566977944187908,0.047005638970663025,544.1993241678365
0.22478058335487253,1.0,0.000126,0.1,0.0021,2.566977944187908,0.047005638970663025,646.8784419353528
0.22478058335487253,1.0,0.000158,0.1,0.0012333333333333332,2.566977944187908,0.047005638970663025,379.9127357398104
0.22478058335487253,1.0,0.0002,0.1,0.0005,2.566977944187908,0.047005638970663025,154.01867665127452
0.22478058335487253,1.0,0.000251,0.1,0.0002,2.566977944187908,0.047005638970663025,61.6074706605098
0.22478058335487253,1.0,0.000316,0.1,3.3333333333333335e-05,2.566977944187908,0.047005638970663025,10.267911776751633
0.22478058335487253,1.0,0.000398,0.1,3.3333333333333335e-05,2.566977944187908,0.047005638970663025,10.267911776751633
0.22478058335487253,1.0,0.000501,0.1,0.0,2.566977944187908,0.047005638970663025,0.0
0.22478058335487253,1.0,0.000631,0.1,0.0,2.566977944187908,0.047005638970663025,0.0
0.22478058335487253,1.0,0.000794,0.1,0.0,2.566977944187908,0.047005638970663025,0.0
0.22478058335487253,1.0,0.001,0.1,0.0,2.566977944187908,0.047005638970663025,0.0
0.22478058335487253,1.0,0.00126,0.1,0.0,2.566977944187908,0.047005638970663025,0.0
0.22478058335487253,1.0,0.00158,0.1,0.0,2.566977944187908,0.047005638970663025,0.0
0.22478058335487253,1.0,0.002,0.1,0.0,2.566977944187908,0.047005638970663025,0.0
0.22478058335487253,1.0,0.00251,0.1,0.0,2.566977944187908,0.047005638970663025,0.0
0.22478058335487253,1.0,0.00316,0.1,0.0,2.566977944187908,0.047005638970663025,0.0
0.22478058335487253,1.0,0.00398,0.1,0.0,2.566977944187908,0.047005638970663025,0.0
0.22478058335487253,1.0,0.00501,0.1,0.0,2.566977944187908,0.047005638970663025,0.0
0.22478058335487253,1.0,0.00631,0.1,0.0,2.566977944187908,0.047005638970663025,0.0
0.2354286414322418,1.0,3.16e-07,0.1,0.0,2.8031590840709955,0.05133050877258736,0.0
0.2354286414322418,1.0,3.98e-07,0.1,0.0,2.8031590840709955,0.05133050877258736,0.0
0.2354286414322418,1.0,5.01e-07,0.1,0.0,2.8031590840709955,0.05133050877258736,0.0
0.2354286414322418,1.0,6.31e-07,0.1,0.0,2.8031590840709955,0.05133050877258736,0.0
0.2354286414322418,1.0,7.94e-07,0.1,0.0,2.8031590840709955,0.05133050877258736,0.0
0.2354286414322418,1.0,1e-06,0.1,0.0,2.8031590840709955,0.05133050877258736,0.0
0.2354286414322418,1.0,1.26e-06,0.1,0.0,2.8031590840709955,0.05133050877258736,0.0
0.2354286414322418,1.0,1.58e-06,0.1,0.0,2.8031590840709955,0.05133050877258736,0.0
0.2354286414322418,1.0,2e-06,0.1,0.0,2.8031590840709955,0.05133050877258736,0.0
0.2354286414322418,1.0,2.51e-06,0.1,3.3333333333333335e-05,2.8031590840709955,0.05133050877258736,11.212636336283984
0.2354286414322418,1.0,3.98e-06,0.1,0.0001,2.8031590840709955,0.05133050877258736,33.63790900885195
0.2354286414322418,1.0,5.01e-06,0.1,6.666666666666667e-05,2.8031590840709955,0.05133050877258736,22.425272672567967
0.2354286414322418,1.0,7.94e-06,0.1,6.666666666666667e-05,2.8031590840709955,0.05133050877258736,22.425272672567967
0.2354286414322418,1.0,1e-05,0.1,6.666666666666667e-05,2.8031590840709955,0.05133050877258736,22.425272672567967
0.2354286414322418,1.0,1.26e-05,0.1,0.00023333333333333333,2.8031590840709955,0.05133050877258736,78.48845435398788
0.2354286414322418,1.0,1.58e-05,0.1,0.0001,2.8031590840709955,0.05133050877258736,33.63790900885195
0.2354286414322418,1.0,2.51e-05,0.1,0.0005,2.8031590840709955,0.05133050877258736,168.18954504425975
0.2354286414322418,1.0,3.16e-05,0.1,0.0006,2.8031590840709955,0.05133050877258736,201.82745405311167
0.2354286414322418,1.0,3.98e-05,0.1,0.0011,2.8031590840709955,0.05133050877258736,370.0169990973714
0.2354286414322418,1.0,5.01e-05,0.1,0.0013333333333333333,2.8031590840709955,0.05133050877258736,448.50545345135924
0.2354286414322418,1.0,6.31e-05,0.1,0.0018666666666666666,2.8031590840709955,0.05133050877258736,627.907634831903
0.2354286414322418,1.0,7.94e-05,0.1,0.0018,2.8031590840709955,0.05133050877258736,605.482362159335
0.2354286414322418,1.0,0.0001,0.1,0.0017666666666666666,2.8031590840709955,0.05133050877258736,594.269725823051
0.2354286414322418,1.0,0.000126,0.1,0.0021,2.8031590840709955,0.05133050877258736,706.3960891858909
0.2354286414322418,1.0,0.000158,0.1,0.0012333333333333332,2.8031590840709955,0.05133050877258736,414.8675444425073
0.2354286414322418,1.0,0.0002,0.1,0.0005,2.8031590840709955,0.05133050877258736,168.18954504425975
0.2354286414322418,1.0,0.000251,0.1,0.0002,2.8031590840709955,0.05133050877258736,67.2758180177039
0.2354286414322418,1.0,0.000316,0.1,3.3333333333333335e-05,2.8031590840709955,0.05133050877258736,11.212636336283984
0.2354286414322418,1.0,0.000398,0.1,3.3333333333333335e-05,2.8031590840709955,0.05133050877258736,11.212636336283984
0.2354286414322418,1.0,0.000501,0.1,0.0,2.8031590840709955,0.05133050877258736,0.0
0.2354286414322418,1.0,0.000631,0.1,0.0,2.8031590840709955,0.05133050877258736,0.0
0.2354286414322418,1.0,0.000794,0.1,0.0,2.8031590840709955,0.05133050877258736,0.0
0.2354286414322418,1.0,0.001,0.1,0.0,2.8031590840709955,0.05133050877258736,0.0
0.2354286414322418,1.0,0.00126,0.1,0.0,2.8031590840709955,0.05133050877258736,0.0
0.2354286414322418,1.0,0.00158,0.1,0.0,2.8031590840709955,0.05133050877258736,0.0
0.2354286414322418,1.0,0.002,0.1,0.0,2.8031590840709955,0.05133050877258736,0.0
0.2354286414322418,1.0,0.00251,0.1,0.0,2.8031590840709955,0.05133050877258736,0.0
0.2354286414322418,1.0,0.00316,0.1,0.0,2.8031590840709955,0.05133050877258736,0.0
0.2354286414322418,1.0,0.00398,0.1,0.0,2.8031590840709955,0.05133050877258736,0.0
0.2354286414322418,1.0,0.00501,0.1,0.0,2.8031590840709955,0.05133050877258736,0.0
0.2354286414322418,1.0,0.00631,0.1,0.0,2.8031590840709955,0.05133050877258736,0.0
0.2465811075822604,1.0,3.16e-07,0.1,0.0,3.059793043885247,0.05602990375178991,0.0
0.2465811075822604,1.0,3.98e-07,0.1,0.0,3.059793043885247,0.05602990375178991,0.0
0.2465811075822604,1.0,5.01e-07,0.1,0.0,3.059793043885247,0.05602990375178991,0.0
0.2465811075822604,1.0,6.31e-07,0.1,0.0,3.059793043885247,0.05602990375178991,0.0
0.2465811075822604,1.0,7.94e-07,0.1,0.0,3.059793043885247,0.05602990375178991,0.0
0.2465811075822604,1.0,1e-06,0.1,0.0,3.059793043885247,0.05602990375178991,0.0
0.2465811075822604,1.0,1.26e-06,0.1,0.0,3.059793043885247,0.05602990375178991,0.0
0.2465811075822604,1.0,1.58e-06,0.1,0.0,3.059793043885247,0.05602990375178991,0.0
0.2465811075822604,1.0,2e-06,0.1,0.0,3.059793043885247,0.05602990375178991,0.0
0.2465811075822604,1.0,2.51e-06,0.1,3.3333333333333335e-05,3.059793043885247,0.05602990375178991,12.239172175540991
0.2465811075822604,1.0,3.98e-06,0.1,0.0001,3.059793043885247,0.05602990375178991,36.717516526622966
0.2465811075822604,1.0,5.01e-06,0.1,6.666666666666667e-05,3.059793043885247,0.05602990375178991,24.478344351081983
0.2465811075822604,1.0,7.94e-06,0.1,6.666666666666667e-05,3.059793043885247,0.05602990375178991,24.478344351081983
0.2465811075822604,1.0,1e-05,0.1,6.666666666666667e-05,3.059793043885247,0.05602990375178991,24.478344351081983
0.2465811075822604,1.0,1.26e-05,0.1,0.00023333333333333333,3.059793043885247,0.05602990375178991,85.67420522878693
0.2465811075822604,1.0,1.58e-05,0.1,0.0001,3.059793043885247,0.05602990375178991,36.717516526622966
0.2465811075822604,1.0,2.51e-05,0.1,0.0005,3.059793043885247,0.05602990375178991,183.58758263311483
0.2465811075822604,1.0,3.16e-05,0.1,0.0006,3.059793043885247,0.05602990375178991,220.3050991597378
0.2465811075822604,1.0,3.98e-05,0.1,0.0011,3.059793043885247,0.05602990375178991,403.8926817928527
0.2465811075822604,1.0,5.01e-05,0.1,0.0013333333333333333,3.059793043885247,0.05602990375178991,489.56688702163956
0.2465811075822604,1.0,6.31e-05,0.1,0.0018666666666666666,3.059793043885247,0.05602990375178991,685.3936418302955
0.2465811075822604,1.0,7.94e-05,0.1,0.0018,3.059793043885247,0.05602990375178991,660.9152974792135
0.2465811075822604,1.0,0.0001,0.1,0.0017666666666666666,3.059793043885247,0.05602990375178991,648.6761253036725
0.2465811075822604,1.0,0.000126,0.1,0.0021,3.059793043885247,0.05602990375178991,771.0678470590824
0.2465811075822604,1.0,0.000158,0.1,0.0012333333333333332,3.059793043885247,0.05602990375178991,452.8493704950166
0.2465811075822604,1.0,0.0002,0.1,0.0005,3.059793043885247,0.05602990375178991,183.58758263311483
0.2465811075822604,1.0,0.000251,0.1,0.0002,3.059793043885247,0.05602990375178991,73.43503305324593
0.2465811075822604,1.0,0.000316,0.1,3.3333333333333335e-05,3.059793043885247,0.05602990375178991,12.239172175540991
0.2465811075822604,1.0,0.000398,0.1,3.3333333333333335e-05,3.059793043885247,0.05602990375178991,12.239172175540991
0.2465811075822604,1.0,0.000501,0.1,0.0,3.059793043885247,0.05602990375178991,0.0
0.2465811075822604,1.0,0.000631,0.1,0.0,3.059793043885247,0.05602990375178991,0.0
0.2465811075822604,1.0,0.000794,0.1,0.0,3.059793043885247,0.05602990375178991,0.0
0.2465811075822604,1.0,0.001,0.1,0.0,3.059793043885247,0.05602990375178991,0.0
0.2465811075822604,1.0,0.00126,0.1,0.0,3.059793043885247,0.05602990375178991,0.0
0.2465811075822604,1.0,0.00158,0.1,0.0,3.059793043885247,0.05602990375178991,0.0
0.2465811075822604,1.0,0.002,0.1,0.0,3.059793043885247,0.05602990375178991,0.0
0.2465811075822604,1.0,0.00251,0.1,0.0,3.059793043885247,0.05602990375178991,0.0
0.2465811075822604,1.0,0.00316,0.1,0.0,3.059793043885247,0.05602990375178991,0.0
0.2465811075822604,1.0,0.00398,0.1,0.0,3.059793043885247,0.05602990375178991,0.0
0.2465811075822604,1.0,0.00501,0.1,0.0,3.059793043885247,0.05602990375178991,0.0
0.2465811075822604,1.0,0.00631,0.1,0.0,3.059793043885247,0.05602990375178991,0.0
0.2582618760682677,1.0,3.16e-07,0.1,0.0,3.3384082529158756,0.06113181199259981,0.0
0.2582618760682677,1.0,3.98e-07,0.1,0.0,3.3384082529158756,0.06113181199259981,0.0
0.2582618760682677,1.0,5.01e-07,0.1,0.0,3.3384082529158756,0.06113181199259981,0.0
0.2582618760682677,1.0,6.31e-07,0.1,0.0,3.3384082529158756,0.06113181199259981,0.0
0.2582618760682677,1.0,7.94e-07,0.1,0.0,3.3384082529158756,0.06113181199259981,0.0
0.2582618760682677,1.0,1e-06,0.1,0.0,3.3384082529158756,0.06113181199259981,0.0
0.2582618760682677,1.0,1.26e-06,0.1,0.0,3.3384082529158756,0.06113181199259981,0.0
0.2582618760682677,1.0,1.58e-06,0.1,0.0,3.3384082529158756,0.06113181199259981,0.0
0.2582618760682677,1.0,2e-06,0.1,0.0,3.3384082529158756,0.06113181199259981,0.0
0.2582618760682677,1.0,2.51e-06,0.1,3.3333333333333335e-05,3.3384082529158756,0.06113181199259981,13.353633011663502
0.2582618760682677,1.0,3.98e-06,0.1,0.0001,3.3384082529158756,0.06113181199259981,40.06089903499051
0.2582618760682677,1.0,5.01e-06,0.1,6.666666666666667e-05,3.3384082529158756,0.06113181199259981,26.707266023327005
0.2582618760682677,1.0,7.94e-06,0.1,6.666666666666667e-05,3.3384082529158756,0.06113181199259981,26.707266023327005
0.2582618760682677,1.0,1e-05,0.1,6.666666666666667e-05,3.3384082529158756,0.06113181199259981,26.707266023327005
0.2582618760682677,1.0,1.26e-05,0.1,0.00023333333333333333,3.3384082529158756,0.06113181199259981,93.47543108164452
0.2582618760682677,1.0,1.58e-05,0.1,0.0001,3.3384082529158756,0.06113181199259981,40.06089903499051
0.2582618760682677,1.0,2.51e-05,0.1,0.0005,3.3384082529158756,0.06113181199259981,200.30449517495254
0.2582618760682677,1.0,3.16e-05,0.1,0.0006,3.3384082529158756,0.06113181199259981,240.36539420994302
0.2582618760682677,1.0,3.98e-05,0.1,0.0011,3.3384082529158756,0.06113181199259981,440.6698893848956
0.2582618760682677,1.0,5.01e-05,0.1,0.0013333333333333333,3.3384082529158756,0.06113181199259981,534.14532046654
0.2582618760682677,1.0,6.31e-05,0.1,0.0018666666666666666,3.3384082529158756,0.06113181199259981,747.8034486531561
0.2582618760682677,1.0,7.94e-05,0.1,0.0018,3.3384082529158756,0.06113181199259981,721.0961826298291
0.2582618760682677,1.0,0.0001,0.1,0.0017666666666666666,3.3384082529158756,0.06113181199259981,707.7425496181656
0.2582618760682677,1.0,0.000126,0.1,0.0021,3.3384082529158756,0.06113181199259981,841.2788797348007
0.2582618760682677,1.0,0.000158,0.1,0.0012333333333333332,3.3384082529158756,0.06113181199259981,494.0844214315496
0.2582618760682677,1.0,0.0002,0.1,0.0005,3.3384082529158756,0.06113181199259981,200.30449517495254
0.2582618760682677,1.0,0.000251,0.1,0.0002,3.3384082529158756,0.06113181199259981,80.12179806998103
0.2582618760682677,1.0,0.000316,0.1,3.3333333333333335e-05,3.3384082529158756,0.06113181199259981,13.353633011663502
0.2582618760682677,1.0,0.000398,0.1,3.3333333333333335e-05,3.3384082529158756,0.06113181199259981,13.353633011663502
0.2582618760682677,1.0,0.000501,0.1,0.0,3.3384082529158756,0.06113181199259981,0.0
0.2582618760682677,1.0,0.000631,0.1,0.0,3.3384082529158756,0.06113181199259981,0.0
0.2582618760682677,1.0,0.000794,0.1,0.0,3.3384082529158756,0.06113181199259981,0.0
0.2582618760682677,1.0,0.001,0.1,0.0,3.3384082529158756,0.06113181199259981,0.0
0.2582618760682677,1.0,0.00126,0.1,0.0,3.3384082529158756,0.06113181199259981,0.0
0.2582618760682677,1.0,0.00158,0.1,0.0,3.3384082529158756,0.06113181199259981,0.0
0.2582618760682677,1.0,0.002,0.1,0.0,3.3384082529158756,0.06113181199259981,0.0
0.2582618760682677,1.0,0.00251,0.1,0.0,3.3384082529158756,0.06113181199259981,0.0
0.2582618760682677,1.0,0.00316,0.1,0.0,3.3384082529158756,0.06113181199259981,0.0
0.2582618760682677,1.0,0.00398,0.1,0.0,3.3384082529158756,0.06113181199259981,0.0
0.2582618760682677,1.0,0.00501,0.1,0.0,3.3384082529158756,0.06113181199259981,0.0
0.2582618760682677,1.0,0.00631,0.1,0.0,3.3384082529158756,0.06113181199259981,0.0
0.27049597304631345,1.0,3.16e-07,0.1,0.0,3.6406016141663757,0.06666547544710448,0.0
0.27049597304631345,1.0,3.98e-07,0.1,0.0,3.6406016141663757,0.06666547544710448,0.0
0.27049597304631345,1.0,5.01e-07,0.1,0.0,3.6406016141663757,0.06666547544710448,0.0
0.27049597304631345,1.0,6.31e-07,0.1,0.0,3.6406016141663757,0.06666547544710448,0.0
0.27049597304631345,1.0,7.94e-07,0.1,0.0,3.6406016141663757,0.06666547544710448,0.0
0.27049597304631345,1.0,1e-06,0.1,0.0,3.6406016141663757,0.06666547544710448,0.0
0.27049597304631345,1.0,1.26e-06,0.1,0.0,3.6406016141663757,0.06666547544710448,0.0
0.27049597304631345,1.0,1.58e-06,0.1,0.0,3.6406016141663757,0.06666547544710448,0.0
0.27049597304631345,1.0,2e-06,0.1,0.0,3.6406016141663757,0.06666547544710448,0.0
0.27049597304631345,1.0,2.51e-06,0.1,3.3333333333333335e-05,3.6406016141663757,0.06666547544710448,14.562406456665506
0.27049597304631345,1.0,3.98e-06,0.1,0.0001,3.6406016141663757,0.06666547544710448,43.68721936999652
0.27049597304631345,1.0,5.01e-06,0.1,6.666666666666667e-05,3.6406016141663757,0.06666547544710448,29.124812913331013
0.27049597304631345,1.0,7.94e-06,0.1,6.666666666666667e-05,3.6406016141663757,0.06666547544710448,29.124812913331013
0.27049597304631345,1.0,1e-05,0.1,6.666666666666667e-05,3.6406016141663757,0.06666547544710448,29.124812913331013
0.27049597304631345,1.0,1.26e-05,0.1,0.00023333333333333333,3.6406016141663757,0.06666547544710448,101.93684519665854
0.27049597304631345,1.0,1.58e-05,0.1,0.0001,3.6406016141663757,0.06666547544710448,43.68721936999652
0.27049597304631345,1.0,2.51e-05,0.1,0.0005,3.6406016141663757,0.06666547544710448,218.43609684998262
0.27049597304631345,1.0,3.16e-05,0.1,0.0006,3.6406016141663757,0.06666547544710448,262.1233162199791
0.27049597304631345,1.0,3.98e-05,0.1,0.0011,3.6406016141663757,0.06666547544710448,480.55941306996175
0.27049597304631345,1.0,5.01e-05,0.1,0.0013333333333333333,3.6406016141663757,0.06666547544710448,582.4962582666202
0.27049597304631345,1.0,6.31e-05,0.1,0.0018666666666666666,3.6406016141663757,0.06666547544710448,815.4947615732683
0.27049597304631345,1.0,7.94e-05,0.1,0.0018,3.6406016141663757,0.06666547544710448,786.3699486599373
0.27049597304631345,1.0,0.0001,0.1,0.0017666666666666666,3.6406016141663757,0.06666547544710448,771.8075422032717
0.27049597304631345,1.0,0.000126,0.1,0.0021,3.6406016141663757,0.06666547544710448,917.4316067699269
0.27049597304631345,1.0,0.000158,0.1,0.0012333333333333332,3.6406016141663757,0.06666547544710448,538.8090388966237
0.27049597304631345,1.0,0.0002,0.1,0.0005,3.6406016141663757,0.06666547544710448,218.43609684998262
0.27049597304631345,1.0,0.000251,0.1,0.0002,3.6406016141663757,0.06666547544710448,87.37443873999304
0.27049597304631345,1.0,0.000316,0.1,3.3333333333333335e-05,3.6406016141663757,0.06666547544710448,14.562406456665506
0.27049597304631345,1.0,0.000398,0.1,3.3333333333333335e-05,3.6406016141663757,0.06666547544710448,14.562406456665506
0.27049597304631345,1.0,0.000501,0.1,0.0,3.6406016141663757,0.06666547544710448,0.0
0.27049597304631345,1.0,0.000631,0.1,0.0,3.6406016141663757,0.06666547544710448,0.0
0.27049597304631345,1.0,0.000794,0.1,0.0,3.6406016141663757,0.06666547544710448,0.0
0.27049597304631345,1.0,0.001,0.1,0.0,3.6406016141663757,0.06666547544710448,0.0
0.27049597304631345,1.0,0.00126,0.1,0.0,3.6406016141663757,0.06666547544710448,0.0
0.27049597304631345,1.0,0.00158,0.1,0.0,3.6406016141663757,0.06666547544710448,0.0
0.27049597304631345,1.0,0.002,0.1,0.0,3.6406016141663757,0.06666547544710448,0.0
0.27049597304631345,1.0,0.00251,0.1,0.0,3.6406016141663757,0.06666547544710448,0.0
0.27049597304631345,1.0,0.00316,0.1,0.0,3.6406016141663757,0.06666547544710448,0.0
0.27049597304631345,1.0,0.00398,0.1,0.0,3.6406016141663757,0.06666547544710448,0.0
0.27049597304631345,1.0,0.00501,0.1,0.0,3.6406016141663757,0.06666547544710448,0.0
0.27049597304631345,1.0,0.00631,0.1,0.0,3.6406016141663757,0.06666547544710448,0.0
0.2833096101839324,1.0,3.16e-07,0.1,0.0,3.9680325381717085,0.07266128068433819,0.0
0.2833096101839324,1.0,3.98e-07,0.1,0.0,3.9680325381717085,0.07266128068433819,0.0
0.2833096101839324,1.0,5.01e-07,0.1,0.0,3.9680325381717085,0.07266128068433819,0.0
0.2833096101839324,1.0,6.31e-07,0.1,0.0,3.9680325381717085,0.07266128068433819,0.0
0.2833096101839324,1.0,7.94e-07,0.1,0.0,3.9680325381717085,0.07266128068433819,0.0
0.2833096101839324,1.0,1e-06,0.1,0.0,3.9680325381717085,0.07266128068433819,0.0
0.2833096101839324,1.0,1.26e-06,0.1,0.0,3.9680325381717085,0.07266128068433819,0.0
0.2833096101839324,1.0,1.58e-06,0.1,0.0,3.9680325381717085,0.07266128068433819,0.0
0.2833096101839324,1.0,2e-06,0.1,0.0,3.9680325381717085,0.07266128068433819,0.0
0.2833096101839324,1.0,2.51e-06,0.1,3.3333333333333335e-05,3.9680325381717085,0.07266128068433819,15.872130152686836
0.2833096101839324,1.0,3.98e-06,0.1,0.0001,3.9680325381717085,0.07266128068433819,47.61639045806051
0.2833096101839324,1.0,5.01e-06,0.1,6.666666666666667e-05,3.9680325381717085,0.07266128068433819,31.744260305373672
0.2833096101839324,1.0,7.94e-06,0.1,6.666666666666667e-05,3.9680325381717085,0.07266128068433819,31.744260305373672
0.2833096101839324,1.0,1e-05,0.1,6.666666666666667e-05,3.9680325381717085,0.07266128068433819,31.744260305373672
0.2833096101839324,1.0,1.26e-05,0.1,0.00023333333333333333,3.9680325381717085,0.07266128068433819,111.10491106880784
0.2833096101839324,1.0,1.58e-05,0.1,0.0001,3.9680325381717085,0.07266128068433819,47.61639045806051
0.2833096101839324,1.0,2.51e-05,0.1,0.0005,3.9680325381717085,0.07266128068433819,238.08195229030252
0.2833096101839324,1.0,3.16e-05,0.1,0.0006,3.9680325381717085,0.07266128068433819,285.698342748363
0.2833096101839324,1.0,3.98e-05,0.1,0.0011,3.9680325381717085,0.07266128068433819,523.7802950386656
0.2833096101839324,1.0,5.01e-05,0.1,0.0013333333333333333,3.9680325381717085,0.07266128068433819,634.8852061074734
0.2833096101839324,1.0,6.31e-05,0.1,0.0018666666666666666,3.9680325381717085,0.07266128068433819,888.8392885504627
0.2833096101839324,1.0,7.94e-05,0.1,0.0018,3.9680325381717085,0.07266128068433819,857.0950282450891
0.2833096101839324,1.0,0.0001,0.1,0.0017666666666666666,3.9680325381717085,0.07266128068433819,841.2228980924021
0.2833096101839324,1.0,0.000126,0.1,0.0021,3.9680325381717085,0.07266128068433819,999.9441996192705
0.2833096101839324,1.0,0.000158,0.1,0.0012333333333333332,3.9680325381717085,0.07266128068433819,587.2688156494129
0.2833096101839324,1.0,0.0002,0.1,0.0005,3.9680325381717085,0.07266128068433819,238.08195229030252
0.2833096101839324,1.0,0.000251,0.1,0.0002,3.9680325381717085,0.07266128068433819,95.23278091612102
0.2833096101839324,1.0,0.000316,0.1,3.3333333333333335e-05,3.9680325381717085,0.07266128068433819,15.872130152686836
0.2833096101839324,1.0,0.000398,0.1,3.3333333333333335e-05,3.9680325381717085,0.07266128068433819,15.872130152686836
0.2833096101839324,1.0,0.000501,0.1,0.0,3.9680325381717085,0.07266128068433819,0.0
0.2833096101839324,1.0,0.000631,0.1,0.0,3.9680325381717085,0.07266128068433819,0.0
0.2833096101839324,1.0,0.000794,0.1,0.0,3.9680325381717085,0.07266128068433819,0.0
0.2833096101839324,1.0,0.001,0.1,0.0,3.9680325381717085,0.07266128068433819,0.0
0.2833096101839324,1.0,0.00126,0.1,0.0,3.9680325381717085,0.07266128068433819,0.0
0.2833096101839324,1.0,0.00158,0.1,0.0,3.9680325381717085,0.07266128068433819,0.0
0.2833096101839324,1.0,0.002,0.1,0.0,3.9680325381717085,0.07266128068433819,0.0
0.2833096101839324,1.0,0.00251,0.1,0.0,3.9680325381717085,0.07266128068433819,0.0
0.2833096101839324,1.0,0.00316,0.1,0.0,3.9680325381717085,0.07266128068433819,0.0
0.2833096101839324,1.0,0.00398,0.1,0.0,3.9680325381717085,0.07266128068433819,0.0
0.2833096101839324,1.0,0.00501,0.1,0.0,3.9680325381717085,0.07266128068433819,0.0
0.2833096101839324,1.0,0.00631,0.1,0.0,3.9680325381717085,0.07266128068433819,0.0
0.29673024081888694,1.0,3.16e-07,0.1,0.0,4.322414797537058,0.0791506097333283,0.0
0.29673024081888694,1.0,3.98e-07,0.1,0.0,4.322414797537058,0.0791506097333283,0.0
0.29673024081888694,1.0,5.01e-07,0.1,0.0,4.322414797537058,0.0791506097333283,0.0
0.29673024081888694,1.0,6.31e-07,0.1,0.0,4.322414797537058,0.0791506097333283,0.0
0.29673024081888694,1.0,7.94e-07,0.1,0.0,4.322414797537058,0.0791506097333283,0.0
0.29673024081888694,1.0,1e-06,0.1,0.0,4.322414797537058,0.0791506097333283,0.0
0.29673024081888694,1.0,1.26e-06,0.1,0.0,4.322414797537058,0.0791506097333283,0.0
0.29673024081888694,1.0,1.58e-06,0.1,0.0,4.322414797537058,0.0791506097333283,0.0
0.29673024081888694,1.0,2e-06,0.1,0.0,4.322414797537058,0.0791506097333283,0.0
0.29673024081888694,1.0,2.51e-06,0.1,3.3333333333333335e-05,4.322414797537058,0.0791506097333283,17.289659190148235
0.29673024081888694,1.0,3.98e-06,0.1,0.0001,4.322414797537058,0.0791506097333283,51.868977570444706
0.29673024081888694,1.0,5.01e-06,0.1,6.666666666666667e-05,4.322414797537058,0.0791506097333283,34.57931838029647
0.29673024081888694,1.0,7.94e-06,0.1,6.666666666666667e-05,4.322414797537058,0.0791506097333283,34.57931838029647
0.29673024081888694,1.0,1e-05,0.1,6.666666666666667e-05,4.322414797537058,0.0791506097333283,34.57931838029647
0.29673024081888694,1.0,1.26e-05,0.1,0.00023333333333333333,4.322414797537058,0.0791506097333283,121.02761433103763
0.29673024081888694,1.0,1.58e-05,0.1,0.0001,4.322414797537058,0.0791506097333283,51.868977570444706
0.29673024081888694,1.0,2.51e-05,0.1,0.0005,4.322414797537058,0.0791506097333283,259.3448878522235
0.29673024081888694,1.0,3.16e-05,0.1,0.0006,4.322414797537058,0.0791506097333283,311.2138654226682
0.29673024081888694,1.0,3.98e-05,0.1,0.0011,4.322414797537058,0.0791506097333283,570.5587532748917
0.29673024081888694,1.0,5.01e-05,0.1,0.0013333333333333333,4.322414797537058,0.0791506097333283,691.5863676059294
0.29673024081888694,1.0,6.31e-05,0.1,0.0018666666666666666,4.322414797537058,0.0791506097333283,968.220914648301
0.29673024081888694,1.0,7.94e-05,0.1,0.0018,4.322414797537058,0.0791506097333283,933.6415962680047
0.29673024081888694,1.0,0.0001,0.1,0.0017666666666666666,4.322414797537058,0.0791506097333283,916.3519370778564
0.29673024081888694,1.0,0.000126,0.1,0.0021,4.322414797537058,0.0791506097333283,1089.2485289793387
0.29673024081888694,1.0,0.000158,0.1,0.0012333333333333332,4.322414797537058,0.0791506097333283,639.7173900354846
0.29673024081888694,1.0,0.0002,0.1,0.0005,4.322414797537058,0.0791506097333283,259.3448878522235
0.29673024081888694,1.0,0.000251,0.1,0.0002,4.322414797537058,0.0791506097333283,103.73795514088941
0.29673024081888694,1.0,0.000316,0.1,3.3333333333333335e-05,4.322414797537058,0.0791506097333283,17.289659190148235
0.29673024081888694,1.0,0.000398,0.1,3.3333333333333335e-05,4.322414797537058,0.0791506097333283,17.289659190148235
0.29673024081888694,1.0,0.000501,0.1,0.0,4.322414797537058,0.0791506097333283,0.0
0.29673024081888694,1.0,0.000631,0.1,0.0,4.322414797537058,0.0791506097333283,0.0
0.29673024081888694,1.0,0.000794,0.1,0.0,4.322414797537058,0.0791506097333283,0.0
0.29673024081888694,1.0,0.001,0.1,0.0,4.322414797537058,0.0791506097333283,0.0
0.29673024081888694,1.0,0.00126,0.1,0.0,4.322414797537058,0.0791506097333283,0.0
0.29673024081888694,1.0,0.00158,0.1,0.0,4.322414797537058,0.0791506097333283,0.0
0.29673024081888694,1.0,0.002,0.1,0.0,4.322414797537058,0.0791506097333283,0.0
0.29673024081888694,1.0,0.00251,0.1,0.0,4.322414797537058,0.0791506097333283,0.0
0.29673024081888694,1.0,0.00316,0.1,0.0,4.322414797537058,0.0791506097333283,0.0
0.29673024081888694,1.0,0.00398,0.1,0.0,4.322414797537058,0.0791506097333283,0.0
0.29673024081888694,1.0,0.00501,0.1,0.0,4.322414797537058,0.0791506097333283,0.0
0.29673024081888694,1.0,0.00631,0.1,0.0,4.322414797537058,0.0791506097333283,0.0
0.3107866187782014,1.0,3.16e-07,0.1,0.0,4.70550589985847,0.08616564548358305,0.0
0.3107866187782014,1.0,3.98e-07,0.1,0.0,4.70550589985847,0.08616564548358305,0.0
0.3107866187782014,1.0,5.01e-07,0.1,0.0,4.70550589985847,0.08616564548358305,0.0
0.3107866187782014,1.0,6.31e-07,0.1,0.0,4.70550589985847,0.08616564548358305,0.0
0.3107866187782014,1.0,7.94e-07,0.1,0.0,4.70550589985847,0.08616564548358305,0.0
0.3107866187782014,1.0,1e-06,0.1,0.0,4.70550589985847,0.08616564548358305,0.0
0.3107866187782014,1.0,1.26e-06,0.1,0.0,4.70550589985847,0.08616564548358305,0.0
0.3107866187782014,1.0,1.58e-06,0.1,0.0,4.70550589985847,0.08616564548358305,0.0
0.3107866187782014,1.0,2e-06,0.1,0.0,4.70550589985847,0.08616564548358305,0.0
0.3107866187782014,1.0,2.51e-06,0.1,3.3333333333333335e-05,4.70550589985847,0.08616564548358305,18.822023599433884
0.3107866187782014,1.0,3.98e-06,0.1,0.0001,4.70550589985847,0.08616564548358305,56.466070798301644
0.3107866187782014,1.0,5.01e-06,0.1,6.666666666666667e-05,4.70550589985847,0.08616564548358305,37.64404719886777
0.3107866187782014,1.0,7.94e-06,0.1,6.666666666666667e-05,4.70550589985847,0.08616564548358305,37.64404719886777
0.3107866187782014,1.0,1e-05,0.1,6.666666666666667e-05,4.70550589985847,0.08616564548358305,37.64404719886777
0.3107866187782014,1.0,1.26e-05,0.1,0.00023333333333333333,4.70550589985847,0.08616564548358305,131.75416519603718
0.3107866187782014,1.0,1.58e-05,0.1,0.0001,4.70550589985847,0.08616564548358305,56.466070798301644
0.3107866187782014,1.0,2.51e-05,0.1,0.0005,4.70550589985847,0.08616564548358305,282.3303539915082
0.3107866187782014,1.0,3.16e-05,0.1,0.0006,4.70550589985847,0.08616564548358305,338.79642478980986
0.3107866187782014,1.0,3.98e-05,0.1,0.0011,4.70550589985847,0.08616564548358305,621.1267787813181
0.3107866187782014,1.0,5.01e-05,0.1,0.0013333333333333333,4.70550589985847,0.08616564548358305,752.8809439773553
0.3107866187782014,1.0,6.31e-05,0.1,0.0018666666666666666,4.70550589985847,0.08616564548358305,1054.0333215682974
0.3107866187782014,1.0,7.94e-05,0.1,0.0018,4.70550589985847,0.08616564548358305,1016.3892743694296
0.3107866187782014,1.0,0.0001,0.1,0.0017666666666666666,4.70550589985847,0.08616564548358305,997.5672507699956
0.3107866187782014,1.0,0.000126,0.1,0.0021,4.70550589985847,0.08616564548358305,1185.7874867643345
0.3107866187782014,1.0,0.000158,0.1,0.0012333333333333332,4.70550589985847,0.08616564548358305,696.4148731790535
0.3107866187782014,1.0,0.0002,0.1,0.0005,4.70550589985847,0.08616564548358305,282.3303539915082
0.3107866187782014,1.0,0.000251,0.1,0.0002,4.70550589985847,0.08616564548358305,112.93214159660329
0.3107866187782014,1.0,0.000316,0.1,3.3333333333333335e-05,4.70550589985847,0.08616564548358305,18.822023599433884
0.3107866187782014,1.0,0.000398,0.1,3.3333333333333335e-05,4.70550589985847,0.08616564548358305,18.822023599433884
0.3107866187782014,1.0,0.000501,0.1,0.0,4.70550589985847,0.08616564548358305,0.0
0.3107866187782014,1.0,0.000631,0.1,0.0,4.70550589985847,0.08616564548358305,0.0
0.3107866187782014,1.0,0.000794,0.1,0.0,4.70550589985847,0.08616564548358305,0.0
0.3107866187782014,1.0,0.001,0.1,0.0,4.70550589985847,0.08616564548358305,0.0
0.3107866187782014,1.0,0.00126,0.1,0.0,4.70550589985847,0.08616564548358305,0.0
0.3107866187782014,1.0,0.00158,0.1,0.0,4.70550589985847,0.08616564548358305,0.0
0.3107866187782014,1.0,0.002,0.1,0.0,4.70550589985847,0.08616564548358305,0.0
0.3107866187782014,1.0,0.00251,0.1,0.0,4.70550589985847,0.08616564548358305,0.0
0.3107866187782014,1.0,0.00316,0.1,0.0,4.70550589985847,0.08616564548358305,0.0
0.3107866187782014,1.0,0.00398,0.1,0.0,4.70550589985847,0.08616564548358305,0.0
0.3107866187782014,1.0,0.00501,0.1,0.0,4.70550589985847,0.08616564548358305,0.0
0.3107866187782014,1.0,0.00631,0.1,0.0,4.70550589985847,0.08616564548358305,0.0
0.325508859983506,1.0,3.16e-07,0.1,0.0,5.119093677384104,0.0937391261194672,0.0
0.325508859983506,1.0,3.98e-07,0.1,0.0,5.119093677384104,0.0937391261194672,0.0
0.325508859983506,1.0,5.01e-07,0.1,0.0,5.119093677384104,0.0937391261194672,0.0
0.325508859983506,1.0,6.31e-07,0.1,0.0,5.119093677384104,0.0937391261194672,0.0
0.325508859983506,1.0,7.94e-07,0.1,0.0,5.119093677384104,0.0937391261194672,0.0
0.325508859983506,1.0,1e-06,0.1,0.0,5.119093677384104,0.0937391261194672,0.0
0.325508859983506,1.0,1.26e-06,0.1,0.0,5.119093677384104,0.0937391261194672,0.0
0.325508859983506,1.0,1.58e-06,0.1,0.0,5.119093677384104,0.0937391261194672,0.0
0.325508859983506,1.0,2e-06,0.1,0.0,5.119093677384104,0.0937391261194672,0.0
0.325508859983506,1.0,2.51e-06,0.1,3.3333333333333335e-05,5.119093677384104,0.0937391261194672,20.47637470953642
0.325508859983506,1.0,3.98e-06,0.1,0.0001,5.119093677384104,0.0937391261194672,61.42912412860926
0.325508859983506,1.0,5.01e-06,0.1,6.666666666666667e-05,5.119093677384104,0.0937391261194672,40.95274941907284
0.325508859983506,1.0,7.94e-06,0.1,6.666666666666667e-05,5.119093677384104,0.0937391261194672,40.95274941907284
0.325508859983506,1.0,1e-05,0.1,6.666666666666667e-05,5.119093677384104,0.0937391261194672,40.95274941907284
0.325508859983506,1.0,1.26e-05,0.1,0.00023333333333333333,5.119093677384104,0.0937391261194672,143.33462296675495
0.325508859983506,1.0,1.58e-05,0.1,0.0001,5.119093677384104,0.0937391261194672,61.42912412860926
0.325508859983506,1.0,2.51e-05,0.1,0.0005,5.119093677384104,0.0937391261194672,307.1456206430463
0.325508859983506,1.0,3.16e-05,0.1,0.0006,5.119093677384104,0.0937391261194672,368.5747447716555
0.325508859983506,1.0,3.98e-05,0.1,0.0011,5.119093677384104,0.0937391261194672,675.7203654147019
0.325508859983506,1.0,5.01e-05,0.1,0.0013333333333333333,5.119093677384104,0.0937391261194672,819.0549883814567
0.325508859983506,1.0,6.31e-05,0.1,0.0018666666666666666,5.119093677384104,0.0937391261194672,1146.6769837340396
0.325508859983506,1.0,7.94e-05,0.1,0.0018,5.119093677384104,0.0937391261194672,1105.7242343149665
0.325508859983506,1.0,0.0001,0.1,0.0017666666666666666,5.119093677384104,0.0937391261194672,1085.2478596054302
0.325508859983506,1.0,0.000126,0.1,0.0021,5.119093677384104,0.0937391261194672,1290.0116067007943
0.325508859983506,1.0,0.000158,0.1,0.0012333333333333332,5.119093677384104,0.0937391261194672,757.6258642528475
0.325508859983506,1.0,0.0002,0.1,0.0005,5.119093677384104,0.0937391261194672,307.1456206430463
0.325508859983506,1.0,0.000251,0.1,0.0002,5.119093677384104,0.0937391261194672,122.85824825721852
0.325508859983506,1.0,0.000316,0.1,3.3333333333333335e-05,5.119093677384104,0.0937391261194672,20.47637470953642
0.325508859983506,1.0,0.000398,0.1,3.3333333333333335e-05,5.119093677384104,0.0937391261194672,20.47637470953642
0.325508859983506,1.0,0.000501,0.1,0.0,5.119093677384104,0.0937391261194672,0.0
0.325508859983506,1.0,0.000631,0.1,0.0,5.119093677384104,0.0937391261194672,0.0
0.325508859983506,1.0,0.000794,0.1,0.0,5.119093677384104,0.0937391261194672,0.0
0.325508859983506,1.0,0.001,0.1,0.0,5.119093677384104,0.0937391261194672,0.0
0.325508859983506,1.0,0.00126,0.1,0.0,5.119093677384104,0.0937391261194672,0.0
0.325508859983506,1.0,0.00158,0.1,0.0,5.119093677384104,0.0937391261194672,0.0
0.325508859983506,1.0,0.002,0.1,0.0,5.119093677384104,0.0937391261194672,0.0
0.325508859983506,1.0,0.00251,0.1,0.0,5.119093677384104,0.0937391261194672,0.0
0.325508859983506,1.0,0.00316,0.1,0.0,5.119093677384104,0.0937391261194672,0.0
0.325508859983506,1.0,0.00398,0.1,0.0,5.119093677384104,0.0937391261194672,0.0
0.325508859983506,1.0,0.00501,0.1,0.0,5.119093677384104,0.0937391261194672,0.0
0.325508859983506,1.0,0.00631,0.1,0.0,5.119093677384104,0.0937391261194672,0.0
0.3409285069746811,1.0,3.16e-07,0.1,0.0,5.564979805438656,0.10190404331511914,0.0
0.3409285069746811,1.0,3.98e-07,0.1,0.0,5.564979805438656,0.10190404331511914,0.0
0.3409285069746811,1.0,5.01e-07,0.1,0.0,5.564979805438656,0.10190404331511914,0.0
0.3409285069746811,1.0,6.31e-07,0.1,0.0,5.564979805438656,0.10190404331511914,0.0
0.3409285069746811,1.0,7.94e-07,0.1,0.0,5.564979805438656,0.10190404331511914,0.0
0.3409285069746811,1.0,1e-06,0.1,0.0,5.564979805438656,0.10190404331511914,0.0
0.3409285069746811,1.0,1.26e-06,0.1,0.0,5.564979805438656,0.10190404331511914,0.0
0.3409285069746811,1.0,1.58e-06,0.1,0.0,5.564979805438656,0.10190404331511914,0.0
0.3409285069746811,1.0,2e-06,0.1,0.0,5.564979805438656,0.10190404331511914,0.0
0.3409285069746811,1.0,2.51e-06,0.1,3.3333333333333335e-05,5.564979805438656,0.10190404331511914,22.25991922175463
0.3409285069746811,1.0,3.98e-06,0.1,0.0001,5.564979805438656,0.10190404331511914,66.77975766526389
0.3409285069746811,1.0,5.01e-06,0.1,6.666666666666667e-05,5.564979805438656,0.10190404331511914,44.51983844350926
0.3409285069746811,1.0,7.94e-06,0.1,6.666666666666667e-05,5.564979805438656,0.10190404331511914,44.51983844350926
0.3409285069746811,1.0,1e-05,0.1,6.666666666666667e-05,5.564979805438656,0.10190404331511914,44.51983844350926
0.3409285069746811,1.0,1.26e-05,0.1,0.00023333333333333333,5.564979805438656,0.10190404331511914,155.8194345522824
0.3409285069746811,1.0,1.58e-05,0.1,0.0001,5.564979805438656,0.10190404331511914,66.77975766526389
0.3409285069746811,1.0,2.51e-05,0.1,0.0005,5.564979805438656,0.10190404331511914,333.8987883263194
0.3409285069746811,1.0,3.16e-05,0.1,0.0006,5.564979805438656,0.10190404331511914,400.67854599158323
0.3409285069746811,1.0,3.98e-05,0.1,0.0011,5.564979805438656,0.10190404331511914,734.5773343179028
0.3409285069746811,1.0,5.01e-05,0.1,0.0013333333333333333,5.564979805438656,0.10190404331511914,890.396768870185
0.3409285069746811,1.0,6.31e-05,0.1,0.0018666666666666666,5.564979805438656,0.10190404331511914,1246.555476418259
0.3409285069746811,1.0,7.94e-05,0.1,0.0018,5.564979805438656,0.10190404331511914,1202.0356379747498
0.3409285069746811,1.0,0.0001,0.1,0.0017666666666666666,5.564979805438656,0.10190404331511914,1179.775718752995
0.3409285069746811,1.0,0.000126,0.1,0.0021,5.564979805438656,0.10190404331511914,1402.3749109705414
0.3409285069746811,1.0,0.000158,0.1,0.0012333333333333332,5.564979805438656,0.10190404331511914,823.6170112049211
0.3409285069746811,1.0,0.0002,0.1,0.0005,5.564979805438656,0.10190404331511914,333.8987883263194
0.3409285069746811,1.0,0.000251,0.1,0.0002,5.564979805438656,0.10190404331511914,133.55951533052777
0.3409285069746811,1.0,0.000316,0.1,3.3333333333333335e-05,5.564979805438656,0.10190404331511914,22.25991922175463
0.3409285069746811,1.0,0.000398,0.1,3.3333333333333335e-05,5.564979805438656,0.10190404331511914,22.25991922175463
0.3409285069746811,1.0,0.000501,0.1,0.0,5.564979805438656,0.10190404331511914,0.0
0.3409285069746811,1.0,0.000631,0.1,0.0,5.564979805438656,0.10190404331511914,0.0
0.3409285069746811,1.0,0.000794,0.1,0.0,5.564979805438656,0.10190404331511914,0.0
0.3409285069746811,1.0,0.001,0.1,0.0,5.564979805438656,0.10190404331511914,0.0
0.3409285069746811,1.0,0.00126,0.1,0.0,5.564979805438656,0.10190404331511914,0.0
0.3409285069746811,1.0,0.00158,0.1,0.0,5.564979805438656,0.10190404331511914,0.0
0.3409285069746811,1.0,0.002,0.1,0.0,5.564979805438656,0.10190404331511914,0.0
0.3409285069746811,1.0,0.00251,0.1,0.0,5.564979805438656,0.10190404331511914,0.0
0.3409285069746811,1.0,0.00316,0.1,0.0,5.564979805438656,0.10190404331511914,0.0
0.3409285069746811,1.0,0.00398,0.1,0.0,5.564979805438656,0.10190404331511914,0.0
0.3409285069746811,1.0,0.00501,0.1,0.0,5.564979805438656,0.10190404331511914,0.0
0.3409285069746811,1.0,0.00631,0.1,0.0,5.564979805438656,0.10190404331511914,0.0
0.35707859649004625,1.0,3.16e-07,0.1,0.0,6.044959991815828,0.11069327946925157,0.0
0.35707859649004625,1.0,3.98e-07,0.1,0.0,6.044959991815828,0.11069327946925157,0.0
0.35707859649004625,1.0,5.01e-07,0.1,0.0,6.044959991815828,0.11069327946925157,0.0
0.35707859649004625,1.0,6.31e-07,0.1,0.0,6.044959991815828,0.11069327946925157,0.0
0.35707859649004625,1.0,7.94e-07,0.1,0.0,6.044959991815828,0.11069327946925157,0.0
0.35707859649004625,1.0,1e-06,0.1,0.0,6.044959991815828,0.11069327946925157,0.0
0.35707859649004625,1.0,1.26e-06,0.1,0.0,6.044959991815828,0.11069327946925157,0.0
0.35707859649004625,1.0,1.58e-06,0.1,0.0,6.044959991815828,0.11069327946925157,0.0
0.35707859649004625,1.0,2e-06,0.1,0.0,6.044959991815828,0.11069327946925157,0.0
0.35707859649004625,1.0,2.51e-06,0.1,3.3333333333333335e-05,6.044959991815828,0.11069327946925157,24.179839967263316
0.35707859649004625,1.0,3.98e-06,0.1,0.0001,6.044959991815828,0.11069327946925157,72.53951990178994
0.35707859649004625,1.0,5.01e-06,0.1,6.666666666666667e-05,6.044959991815828,0.11069327946925157,48.35967993452663
0.35707859649004625,1.0,7.94e-06,0.1,6.666666666666667e-05,6.044959991815828,0.11069327946925157,48.35967993452663
0.35707859649004625,1.0,1e-05,0.1,6.666666666666667e-05,6.044959991815828,0.11069327946925157,48.35967993452663
0.35707859649004625,1.0,1.26e-05,0.1,0.00023333333333333333,6.044959991815828,0.11069327946925157,169.2588797708432
0.35707859649004625,1.0,1.58e-05,0.1,0.0001,6.044959991815828,0.11069327946925157,72.53951990178994
0.35707859649004625,1.0,2.51e-05,0.1,0.0005,6.044959991815828,0.11069327946925157,362.69759950894974
0.35707859649004625,1.0,3.16e-05,0.1,0.0006,6.044959991815828,0.11069327946925157,435.23711941073964
0.35707859649004625,1.0,3.98e-05,0.1,0.0011,6.044959991815828,0.11069327946925157,797.9347189196894
0.35707859649004625,1.0,5.01e-05,0.1,0.0013333333333333333,6.044959991815828,0.11069327946925157,967.1935986905324
0.35707859649004625,1.0,6.31e-05,0.1,0.0018666666666666666,6.044959991815828,0.11069327946925157,1354.0710381667457
0.35707859649004625,1.0,7.94e-05,0.1,0.0018,6.044959991815828,0.11069327946925157,1305.711358232219
0.35707859649004625,1.0,0.0001,0.1,0.0017666666666666666,6.044959991815828,0.11069327946925157,1281.5315182649556
0.35707859649004625,1.0,0.000126,0.1,0.0021,6.044959991815828,0.11069327946925157,1523.3299179375888
0.35707859649004625,1.0,0.000158,0.1,0.0012333333333333332,6.044959991815828,0.11069327946925157,894.6540787887425
0.35707859649004625,1.0,0.0002,0.1,0.0005,6.044959991815828,0.11069327946925157,362.69759950894974
0.35707859649004625,1.0,0.000251,0.1,0.0002,6.044959991815828,0.11069327946925157,145.0790398035799
0.35707859649004625,1.0,0.000316,0.1,3.3333333333333335e-05,6.044959991815828,0.11069327946925157,24.179839967263316
0.35707859649004625,1.0,0.000398,0.1,3.3333333333333335e-05,6.044959991815828,0.11069327946925157,24.179839967263316
0.35707859649004625,1.0,0.000501,0.1,0.0,6.044959991815828,0.11069327946925157,0.0
0.35707859649004625,1.0,0.000631,0.1,0.0,6.044959991815828,0.11069327946925157,0.0
0.35707859649004625,1.0,0.000794,0.1,0.0,6.044959991815828,0.11069327946925157,0.0
0.35707859649004625,1.0,0.001,0.1,0.0,6.044959991815828,0.11069327946925157,0.0
0.35707859649004625,1.0,0.00126,0.1,0.0,6.044959991815828,0.11069327946925157,0.0
0.35707859649004625,1.0,0.00158,0.1,0.0,6.044959991815828,0.11069327946925157,0.0
0.35707859649004625,1.0,0.002,0.1,0.0,6.044959991815828,0.11069327946925157,0.0
0.35707859649004625,1.0,0.00251,0.1,0.0,6.044959991815828,0.11069327946925157,0.0
0.35707859649004625,1.0,0.00316,0.1,0.0,6.044959991815828,0.11069327946925157,0.0
0.35707859649004625,1.0,0.00398,0.1,0.0,6.044959991815828,0.11069327946925157,0.0
0.35707859649004625,1.0,0.00501,0.1,0.0,6.044959991815828,0.11069327946925157,0.0
0.35707859649004625,1.0,0.00631,0.1,0.0,6.044959991815828,0.11069327946925157,0.0
0.3739937302478798,1.0,3.16e-07,0.1,0.0,6.560800629786553,0.12013918018287041,0.0
0.3739937302478798,1.0,3.98e-07,0.1,0.0,6.560800629786553,0.12013918018287041,0.0
0.3739937302478798,1.0,5.01e-07,0.1,0.0,6.560800629786553,0.12013918018287041,0.0
0.3739937302478798,1.0,6.31e-07,0.1,0.0,6.560800629786553,0.12013918018287041,0.0
0.3739937302478798,1.0,7.94e-07,0.1,0.0,6.560800629786553,0.12013918018287041,0.0
0.3739937302478798,1.0,1e-06,0.1,0.0,6.560800629786553,0.12013918018287041,0.0
0.3739937302478798,1.0,1.26e-06,0.1,0.0,6.560800629786553,0.12013918018287041,0.0
0.3739937302478798,1.0,1.58e-06,0.1,0.0,6.560800629786553,0.12013918018287041,0.0
0.3739937302478798,1.0,2e-06,0.1,0.0,6.560800629786553,0.12013918018287041,0.0
0.3739937302478798,1.0,2.51e-06,0.1,3.3333333333333335e-05,6.560800629786553,0.12013918018287041,26.24320251914622
0.3739937302478798,1.0,3.98e-06,0.1,0.0001,6.560800629786553,0.12013918018287041,78.72960755743867
0.3739937302478798,1.0,5.01e-06,0.1,6.666666666666667e-05,6.560800629786553,0.12013918018287041,52.48640503829244
0.3739937302478798,1.0,7.94e-06,0.1,6.666666666666667e-05,6.560800629786553,0.12013918018287041,52.48640503829244
0.3739937302478798,1.0,1e-05,0.1,6.666666666666667e-05,6.560800629786553,0.12013918018287041,52.48640503829244
0.3739937302478798,1.0,1.26e-05,0.1,0.00023333333333333333,6.560800629786553,0.12013918018287041,183.7024176340235
0.3739937302478798,1.0,1.58e-05,0.1,0.0001,6.560800629786553,0.12013918018287041,78.72960755743867
0.3739937302478798,1.0,2.51e-05,0.1,0.0005,6.560800629786553,0.12013918018287041,393.6480377871933
0.3739937302478798,1.0,3.16e-05,0.1,0.0006,6.560800629786553,0.12013918018287041,472.3776453446319
0.3739937302478798,1.0,3.98e-05,0.1,0.0011,6.560800629786553,0.12013918018287041,866.0256831318253
0.3739937302478798,1.0,5.01e-05,0.1,0.0013333333333333333,6.560800629786553,0.12013918018287041,1049.7281007658487
0.3739937302478798,1.0,6.31e-05,0.1,0.0018666666666666666,6.560800629786553,0.12013918018287041,1469.619341072188
0.3739937302478798,1.0,7.94e-05,0.1,0.0018,6.560800629786553,0.12013918018287041,1417.1329360338957
0.3739937302478798,1.0,0.0001,0.1,0.0017666666666666666,6.560800629786553,0.12013918018287041,1390.8897335147494
0.3739937302478798,1.0,0.000126,0.1,0.0021,6.560800629786553,0.12013918018287041,1653.3217587062115
0.3739937302478798,1.0,0.000158,0.1,0.0012333333333333332,6.560800629786553,0.12013918018287041,970.9984932084099
0.3739937302478798,1.0,0.0002,0.1,0.0005,6.560800629786553,0.12013918018287041,393.6480377871933
0.3739937302478798,1.0,0.000251,0.1,0.0002,6.560800629786553,0.12013918018287041,157.45921511487734
0.3739937302478798,1.0,0.000316,0.1,3.3333333333333335e-05,6.560800629786553,0.12013918018287041,26.24320251914622
0.3739937302478798,1.0,0.000398,0.1,3.3333333333333335e-05,6.560800629786553,0.12013918018287041,26.24320251914622
0.3739937302478798,1.0,0.000501,0.1,0.0,6.560800629786553,0.12013918018287041,0.0
0.3739937302478798,1.0,0.000631,0.1,0.0,6.560800629786553,0.12013918018287041,0.0
0.3739937302478798,1.0,0.000794,0.1,0.0,6.560800629786553,0.12013918018287041,0.0
0.3739937302478798,1.0,0.001,0.1,0.0,6.560800629786553,0.12013918018287041,0.0
0.3739937302478798,1.0,0.00126,0.1,0.0,6.560800629786553,0.12013918018287041,0.0
0.3739937302478798,1.0,0.00158,0.1,0.0,6.560800629786553,0.12013918018287041,0.0
0.3739937302478798,1.0,0.002,0.1,0.0,6.560800629786553,0.12013918018287041,0.0
0.3739937302478798,1.0,0.00251,0.1,0.0,6.560800629786553,0.12013918018287041,0.0
0.3739937302478798,1.0,0.00316,0.1,0.0,6.560800629786553,0.12013918018287041,0.0
0.3739937302478798,1.0,0.00398,0.1,0.0,6.560800629786553,0.12013918018287041,0.0
0.3739937302478798,1.0,0.00501,0.1,0.0,6.560800629786553,0.12013918018287041,0.0
0.3739937302478798,1.0,0.00631,0.1,0.0,6.560800629786553,0.12013918018287041,0.0
0.39171014908092605,1.0,3.16e-07,0.1,0.0,7.114211781760261,0.13027305954514304,0.0
0.39171014908092605,1.0,3.98e-07,0.1,0.0,7.114211781760261,0.13027305954514304,0.0
0.39171014908092605,1.0,5.01e-07,0.1,0.0,7.114211781760261,0.13027305954514304,0.0
0.39171014908092605,1.0,6.31e-07,0.1,0.0,7.114211781760261,0.13027305954514304,0.0
0.39171014908092605,1.0,7.94e-07,0.1,0.0,7.114211781760261,0.13027305954514304,0.0
0.39171014908092605,1.0,1e-06,0.1,0.0,7.114211781760261,0.13027305954514304,0.0
0.39171014908092605,1.0,1.26e-06,0.1,0.0,7.114211781760261,0.13027305954514304,0.0
0.39171014908092605,1.0,1.58e-06,0.1,0.0,7.114211781760261,0.13027305954514304,0.0
0.39171014908092605,1.0,2e-06,0.1,0.0,7.114211781760261,0.13027305954514304,0.0
0.39171014908092605,1.0,2.51e-06,0.1,3.3333333333333335e-05,7.114211781760261,0.13027305954514304,28.456847127041044
0.39171014908092605,1.0,3.98e-06,0.1,0.0001,7.114211781760261,0.13027305954514304,85.37054138112313
0.39171014908092605,1.0,5.01e-06,0.1,6.666666666666667e-05,7.114211781760261,0.13027305954514304,56.91369425408209
0.39171014908092605,1.0,7.94e-06,0.1,6.666666666666667e-05,7.114211781760261,0.13027305954514304,56.91369425408209
0.39171014908092605,1.0,1e-05,0.1,6.666666666666667e-05,7.114211781760261,0.13027305954514304,56.91369425408209
0.39171014908092605,1.0,1.26e-05,0.1,0.00023333333333333333,7.114211781760261,0.13027305954514304,199.19792988928728
0.39171014908092605,1.0,1.58e-05,0.1,0.0001,7.114211781760261,0.13027305954514304,85.37054138112313
0.39171014908092605,1.0,2.51e-05,0.1,0.0005,7.114211781760261,0.13027305954514304,426.85270690561566
0.39171014908092605,1.0,3.16e-05,0.1,0.0006,7.114211781760261,0.13027305954514304,512.2232482867388
0.39171014908092605,1.0,3.98e-05,0.1,0.0011,7.114211781760261,0.13027305954514304,939.0759551923544
0.39171014908092605,1.0,5.01e-05,0.1,0.0013333333333333333,7.114211781760261,0.13027305954514304,1138.2738850816418
0.39171014908092605,1.0,6.31e-05,0.1,0.0018666666666666666,7.114211781760261,0.13027305954514304,1593.5834391142982
0.39171014908092605,1.0,7.94e-05,0.1,0.0018,7.114211781760261,0.13027305954514304,1536.6697448602163
0.39171014908092605,1.0,0.0001,0.1,0.0017666666666666666,7.114211781760261,0.13027305954514304,1508.2128977331752
0.39171014908092605,1.0,0.000126,0.1,0.0021,7.114211781760261,0.13027305954514304,1792.7813690035855
0.39171014908092605,1.0,0.000158,0.1,0.0012333333333333332,7.114211781760261,0.13027305954514304,1052.9033437005185
0.39171014908092605,1.0,0.0002,0.1,0.0005,7.114211781760261,0.13027305954514304,426.85270690561566
0.39171014908092605,1.0,0.000251,0.1,0.0002,7.114211781760261,0.13027305954514304,170.74108276224626
0.39171014908092605,1.0,0.000316,0.1,3.3333333333333335e-05,7.114211781760261,0.13027305954514304,28.456847127041044
0.39171014908092605,1.0,0.000398,0.1,3.3333333333333335e-05,7.114211781760261,0.13027305954514304,28.456847127041044
0.39171014908092605,1.0,0.000501,0.1,0.0,7.114211781760261,0.13027305954514304,0.0
0.39171014908092605,1.0,0.000631,0.1,0.0,7.114211781760261,0.13027305954514304,0.0
0.39171014908092605,1.0,0.000794,0.1,0.0,7.114211781760261,0.13027305954514304,0.0
0.39171014908092605,1.0,0.001,0.1,0.0,7.114211781760261,0.13027305954514304,0.0
0.39171014908092605,1.0,0.00126,0.1,0.0,7.114211781760261,0.13027305954514304,0.0
0.39171014908092605,1.0,0.00158,0.1,0.0,7.114211781760261,0.13027305954514304,0.0
0.39171014908092605,1.0,0.002,0.1,0.0,7.114211781760261,0.13027305954514304,0.0
0.39171014908092605,1.0,0.00251,0.1,0.0,7.114211781760261,0.13027305954514304,0.0
0.39171014908092605,1.0,0.00316,0.1,0.0,7.114211781760261,0.13027305954514304,0.0
0.39171014908092605,1.0,0.00398,0.1,0.0,7.114211781760261,0.13027305954514304,0.0
0.39171014908092605,1.0,0.00501,0.1,0.0,7.114211781760261,0.13027305954514304,0.0
0.39171014908092605,1.0,0.00631,0.1,0.0,7.114211781760261,0.13027305954514304,0.0
0.41026581058271944,1.0,3.16e-07,0.1,0.0,7.706816462262156,0.1411246376535828,0.0
0.41026581058271944,1.0,3.98e-07,0.1,0.0,7.706816462262156,0.1411246376535828,0.0
0.41026581058271944,1.0,5.01e-07,0.1,0.0,7.706816462262156,0.1411246376535828,0.0
0.41026581058271944,1.0,6.31e-07,0.1,0.0,7.706816462262156,0.1411246376535828,0.0
0.41026581058271944,1.0,7.94e-07,0.1,0.0,7.706816462262156,0.1411246376535828,0.0
0.41026581058271944,1.0,1e-06,0.1,0.0,7.706816462262156,0.1411246376535828,0.0
0.41026581058271944,1.0,1.26e-06,0.1,0.0,7.706816462262156,0.1411246376535828,0.0
0.41026581058271944,1.0,1.58e-06,0.1,0.0,7.706816462262156,0.1411246376535828,0.0
0.41026581058271944,1.0,2e-06,0.1,0.0,7.706816462262156,0.1411246376535828,0.0
0.41026581058271944,1.0,2.51e-06,0.1,3.3333333333333335e-05,7.706816462262156,0.1411246376535828,30.82726584904863
0.41026581058271944,1.0,3.98e-06,0.1,0.0001,7.706816462262156,0.1411246376535828,92.48179754714589
0.41026581058271944,1.0,5.01e-06,0.1,6.666666666666667e-05,7.706816462262156,0.1411246376535828,61.65453169809726
0.41026581058271944,1.0,7.94e-06,0.1,6.666666666666667e-05,7.706816462262156,0.1411246376535828,61.65453169809726
0.41026581058271944,1.0,1e-05,0.1,6.666666666666667e-05,7.706816462262156,0.1411246376535828,61.65453169809726
0.41026581058271944,1.0,1.26e-05,0.1,0.00023333333333333333,7.706816462262156,0.1411246376535828,215.7908609433404
0.41026581058271944,1.0,1.58e-05,0.1,0.0001,7.706816462262156,0.1411246376535828,92.48179754714589
0.41026581058271944,1.0,2.51e-05,0.1,0.0005,7.706816462262156,0.1411246376535828,462.4089877357294
0.41026581058271944,1.0,3.16e-05,0.1,0.0006,7.706816462262156,0.1411246376535828,554.8907852828752
0.41026581058271944,1.0,3.98e-05,0.1,0.0011,7.706816462262156,0.1411246376535828,1017.2997730186048
0.41026581058271944,1.0,5.01e-05,0.1,0.0013333333333333333,7.706816462262156,0.1411246376535828,1233.090633961945
0.41026581058271944,1.0,6.31e-05,0.1,0.0018666666666666666,7.706816462262156,0.1411246376535828,1726.3268875467231
0.41026581058271944,1.0,7.94e-05,0.1,0.0018,7.706816462262156,0.1411246376535828,1664.6723558486258
0.41026581058271944,1.0,0.0001,0.1,0.0017666666666666666,7.706816462262156,0.1411246376535828,1633.845089999577
0.41026581058271944,1.0,0.000126,0.1,0.0021,7.706816462262156,0.1411246376535828,1942.1177484900634
0.41026581058271944,1.0,0.000158,0.1,0.0012333333333333332,7.706816462262156,0.1411246376535828,1140.608836414799
0.41026581058271944,1.0,0.0002,0.1,0.0005,7.706816462262156,0.1411246376535828,462.4089877357294
0.41026581058271944,1.0,0.000251,0.1,0.0002,7.706816462262156,0.1411246376535828,184.96359509429178
0.41026581058271944,1.0,0.000316,0.1,3.3333333333333335e-05,7.706816462262156,0.1411246376535828,30.82726584904863
0.41026581058271944,1.0,0.000398,0.1,3.3333333333333335e-05,7.706816462262156,0.1411246376535828,30.82726584904863
0.41026581058271944,1.0,0.000501,0.1,0.0,7.706816462262156,0.1411246376535828,0.0
0.41026581058271944,1.0,0.000631,0.1,0.0,7.706816462262156,0.1411246376535828,0.0
0.41026581058271944,1.0,0.000794,0.1,0.0,7.706816462262156,0.1411246376535828,0.0
0.41026581058271944,1.0,0.001,0.1,0.0,7.706816462262156,0.1411246376535828,0.0
0.41026581058271944,1.0,0.00126,0.1,0.0,7.706816462262156,0.1411246376535828,0.0
0.41026581058271944,1.0,0.00158,0.1,0.0,7.706816462262156,0.1411246376535828,0.0
0.41026581058271944,1.0,0.002,0.1,0.0,7.706816462262156,0.1411246376535828,0.0
0.41026581058271944,1.0,0.00251,0.1,0.0,7.706816462262156,0.1411246376535828,0.0
0.41026581058271944,1.0,0.00316,0.1,0.0,7.706816462262156,0.1411246376535828,0.0
0.41026581058271944,1.0,0.00398,0.1,0.0,7.706816462262156,0.1411246376535828,0.0
0.41026581058271944,1.0,0.00501,0.1,0.0,7.706816462262156,0.1411246376535828,0.0
0.41026581058271944,1.0,0.00631,0.1,0.0,7.706816462262156,0.1411246376535828,0.0
0.4297004704320839,1.0,3.16e-07,0.1,0.0,8.34011632020047,0.15272141219923954,0.0
0.4297004704320839,1.0,3.98e-07,0.1,0.0,8.34011632020047,0.15272141219923954,0.0
0.4297004704320839,1.0,5.01e-07,0.1,0.0,8.34011632020047,0.15272141219923954,0.0
0.4297004704320839,1.0,6.31e-07,0.1,0.0,8.34011632020047,0.15272141219923954,0.0
0.4297004704320839,1.0,7.94e-07,0.1,0.0,8.34011632020047,0.15272141219923954,0.0
0.4297004704320839,1.0,1e-06,0.1,0.0,8.34011632020047,0.15272141219923954,0.0
0.4297004704320839,1.0,1.26e-06,0.1,0.0,8.34011632020047,0.15272141219923954,0.0
0.4297004704320839,1.0,1.58e-06,0.1,0.0,8.34011632020047,0.15272141219923954,0.0
0.4297004704320839,1.0,2e-06,0.1,0.0,8.34011632020047,0.15272141219923954,0.0
0.4297004704320839,1.0,2.51e-06,0.1,3.3333333333333335e-05,8.34011632020047,0.15272141219923954,33.36046528080188
0.4297004704320839,1.0,3.98e-06,0.1,0.0001,8.34011632020047,0.15272141219923954,100.08139584240566
0.4297004704320839,1.0,5.01e-06,0.1,6.666666666666667e-05,8.34011632020047,0.15272141219923954,66.72093056160377
0.4297004704320839,1.0,7.94e-06,0.1,6.666666666666667e-05,8.34011632020047,0.15272141219923954,66.72093056160377
0.4297004704320839,1.0,1e-05,0.1,6.666666666666667e-05,8.34011632020047,0.15272141219923954,66.72093056160377
0.4297004704320839,1.0,1.26e-05,0.1,0.00023333333333333333,8.34011632020047,0.15272141219923954,233.5232569656132
0.4297004704320839,1.0,1.58e-05,0.1,0.0001,8.34011632020047,0.15272141219923954,100.08139584240566
0.4297004704320839,1.0,2.51e-05,0.1,0.0005,8.34011632020047,0.15272141219923954,500.4069792120283
0.4297004704320839,1.0,3.16e-05,0.1,0.0006,8.34011632020047,0.15272141219923954,600.488375054434
0.4297004704320839,1.0,3.98e-05,0.1,0.0011,8.34011632020047,0.15272141219923954,1100.8953542664622
0.4297004704320839,1.0,5.01e-05,0.1,0.0013333333333333333,8.34011632020047,0.15272141219923954,1334.4186112320754
0.4297004704320839,1.0,6.31e-05,0.1,0.0018666666666666666,8.34011632020047,0.15272141219923954,1868.1860557249056
0.4297004704320839,1.0,7.94e-05,0.1,0.0018,8.34011632020047,0.15272141219923954,1801.4651251633015
0.4297004704320839,1.0,0.0001,0.1,0.0017666666666666666,8.34011632020047,0.15272141219923954,1768.1046598824996
0.4297004704320839,1.0,0.000126,0.1,0.0021,8.34011632020047,0.15272141219923954,2101.709312690519
0.4297004704320839,1.0,0.000158,0.1,0.0012333333333333332,8.34011632020047,0.15272141219923954,1234.3372153896698
0.4297004704320839,1.0,0.0002,0.1,0.0005,8.34011632020047,0.15272141219923954,500.4069792120283
0.4297004704320839,1.0,0.000251,0.1,0.0002,8.34011632020047,0.15272141219923954,200.1627916848113
0.4297004704320839,1.0,0.000316,0.1,3.3333333333333335e-05,8.34011632020047,0.15272141219923954,33.36046528080188
0.4297004704320839,1.0,0.000398,0.1,3.3333333333333335e-05,8.34011632020047,0.15272141219923954,33.36046528080188
0.4297004704320839,1.0,0.000501,0.1,0.0,8.34011632020047,0.15272141219923954,0.0
0.4297004704320839,1.0,0.000631,0.1,0.0,8.34011632020047,0.15272141219923954,0.0
0.4297004704320839,1.0,0.000794,0.1,0.0,8.34011632020047,0.15272141219923954,0.0
0.4297004704320839,1.0,0.001,0.1,0.0,8.34011632020047,0.15272141219923954,0.0
0.4297004704320839,1.0,0.00126,0.1,0.0,8.34011632020047,0.15272141219923954,0.0
0.4297004704320839,1.0,0.00158,0.1,0.0,8.34011632020047,0.15272141219923954,0.0
0.4297004704320839,1.0,0.002,0.1,0.0,8.34011632020047,0.15272141219923954,0.0
0.4297004704320839,1.0,0.00251,0.1,0.0,8.34011632020047,0.15272141219923954,0.0
0.4297004704320839,1.0,0.00316,0.1,0.0,8.34011632020047,0.15272141219923954,0.0
0.4297004704320839,1.0,0.00398,0.1,0.0,8.34011632020047,0.15272141219923954,0.0
0.4297004704320839,1.0,0.00501,0.1,0.0,8.34011632020047,0.15272141219923954,0.0
0.4297004704320839,1.0,0.00631,0.1,0.0,8.34011632020047,0.15272141219923954,0.0
0.4500557675700497,1.0,3.16e-07,0.1,0.0,9.015453982452662,0.16508796891508262,0.0
0.4500557675700497,1.0,3.98e-07,0.1,0.0,9.015453982452662,0.16508796891508262,0.0
0.4500557675700497,1.0,5.01e-07,0.1,0.0,9.015453982452662,0.16508796891508262,0.0
0.4500557675700497,1.0,6.31e-07,0.1,0.0,9.015453982452662,0.16508796891508262,0.0
0.4500557675700497,1.0,7.94e-07,0.1,0.0,9.015453982452662,0.16508796891508262,0.0
0.4500557675700497,1.0,1e-06,0.1,0.0,9.015453982452662,0.16508796891508262,0.0
0.4500557675700497,1.0,1.26e-06,0.1,0.0,9.015453982452662,0.16508796891508262,0.0
0.4500557675700497,1.0,1.58e-06,0.1,0.0,9.015453982452662,0.16508796891508262,0.0
0.4500557675700497,1.0,2e-06,0.1,0.0,9.015453982452662,0.16508796891508262,0.0
0.4500557675700497,1.0,2.51e-06,0.1,3.3333333333333335e-05,9.015453982452662,0.16508796891508262,36.061815929810656
0.4500557675700497,1.0,3.98e-06,0.1,0.0001,9.015453982452662,0.16508796891508262,108.18544778943198
0.4500557675700497,1.0,5.01e-06,0.1,6.666666666666667e-05,9.015453982452662,0.16508796891508262,72.12363185962131
0.4500557675700497,1.0,7.94e-06,0.1,6.666666666666667e-05,9.015453982452662,0.16508796891508262,72.12363185962131
0.4500557675700497,1.0,1e-05,0.1,6.666666666666667e-05,9.015453982452662,0.16508796891508262,72.12363185962131
0.4500557675700497,1.0,1.26e-05,0.1,0.00023333333333333333,9.015453982452662,0.16508796891508262,252.4327115086746
0.4500557675700497,1.0,1.58e-05,0.1,0.0001,9.015453982452662,0.16508796891508262,108.18544778943198
0.4500557675700497,1.0,2.51e-05,0.1,0.0005,9.015453982452662,0.16508796891508262,540.9272389471598
0.4500557675700497,1.0,3.16e-05,0.1,0.0006,9.015453982452662,0.16508796891508262,649.1126867365917
0.4500557675700497,1.0,3.98e-05,0.1,0.0011,9.015453982452662,0.16508796891508262,1190.0399256837516
0.4500557675700497,1.0,5.01e-05,0.1,0.0013333333333333333,9.015453982452662,0.16508796891508262,1442.4726371924262
0.4500557675700497,1.0,6.31e-05,0.1,0.0018666666666666666,9.015453982452662,0.16508796891508262,2019.4616920693968
0.4500557675700497,1.0,7.94e-05,0.1,0.0018,9.015453982452662,0.16508796891508262,1947.3380602097754
0.4500557675700497,1.0,0.0001,0.1,0.0017666666666666666,9.015453982452662,0.16508796891508262,1911.2762442799647
0.4500557675700497,1.0,0.000126,0.1,0.0021,9.015453982452662,0.16508796891508262,2271.894403578071
0.4500557675700497,1.0,0.000158,0.1,0.0012333333333333332,9.015453982452662,0.16508796891508262,1334.287189402994
0.4500557675700497,1.0,0.0002,0.1,0.0005,9.015453982452662,0.16508796891508262,540.9272389471598
0.4500557675700497,1.0,0.000251,0.1,0.0002,9.015453982452662,0.16508796891508262,216.37089557886395
0.4500557675700497,1.0,0.000316,0.1,3.3333333333333335e-05,9.015453982452662,0.16508796891508262,36.061815929810656
0.4500557675700497,1.0,0.000398,0.1,3.3333333333333335e-05,9.015453982452662,0.16508796891508262,36.061815929810656
0.4500557675700497,1.0,0.000501,0.1,0.0,9.015453982452662,0.16508796891508262,0.0
0.4500557675700497,1.0,0.000631,0.1,0.0,9.015453982452662,0.16508796891508262,0.0
0.4500557675700497,1.0,0.000794,0.1,0.0,9.015453982452662,0.16508796891508262,0.0
0.4500557675700497,1.0,0.001,0.1,0.0,9.015453982452662,0.16508796891508262,0.0
0.4500557675700497,1.0,0.00126,0.1,0.0,9.015453982452662,0.16508796891508262,0.0
0.4500557675700497,1.0,0.00158,0.1,0.0,9.015453982452662,0.16508796891508262,0.0
0.4500557675700497,1.0,0.002,0.1,0.0,9.015453982452662,0.16508796891508262,0.0
0.4500557675700497,1.0,0.00251,0.1,0.0,9.015453982452662,0.16508796891508262,0.0
0.4500557675700497,1.0,0.00316,0.1,0.0,9.015453982452662,0.16508796891508262,0.0
0.4500557675700497,1.0,0.00398,0.1,0.0,9.015453982452662,0.16508796891508262,0.0
0.4500557675700497,1.0,0.00501,0.1,0.0,9.015453982452662,0.16508796891508262,0.0
0.4500557675700497,1.0,0.00631,0.1,0.0,9.015453982452662,0.16508796891508262,0.0
0.4713753134116724,1.0,3.16e-07,0.1,0.0,9.733972512642657,0.1782452391987302,0.0
0.4713753134116724,1.0,3.98e-07,0.1,0.0,9.733972512642657,0.1782452391987302,0.0
0.4713753134116724,1.0,5.01e-07,0.1,0.0,9.733972512642657,0.1782452391987302,0.0
0.4713753134116724,1.0,6.31e-07,0.1,0.0,9.733972512642657,0.1782452391987302,0.0
0.4713753134116724,1.0,7.94e-07,0.1,0.0,9.733972512642657,0.1782452391987302,0.0
0.4713753134116724,1.0,1e-06,0.1,0.0,9.733972512642657,0.1782452391987302,0.0
0.4713753134116724,1.0,1.26e-06,0.1,0.0,9.733972512642657,0.1782452391987302,0.0
0.4713753134116724,1.0,1.58e-06,0.1,0.0,9.733972512642657,0.1782452391987302,0.0
0.4713753134116724,1.0,2e-06,0.1,0.0,9.733972512642657,0.1782452391987302,0.0
0.4713753134116724,1.0,2.51e-06,0.1,3.3333333333333335e-05,9.733972512642657,0.1782452391987302,38.935890050570634
0.4713753134116724,1.0,3.98e-06,0.1,0.0001,9.733972512642657,0.1782452391987302,116.80767015171189
0.4713753134116724,1.0,5.01e-06,0.1,6.666666666666667e-05,9.733972512642657,0.1782452391987302,77.87178010114127
0.4713753134116724,1.0,7.94e-06,0.1,6.666666666666667e-05,9.733972512642657,0.1782452391987302,77.87178010114127
0.4713753134116724,1.0,1e-05,0.1,6.666666666666667e-05,9.733972512642657,0.1782452391987302,77.87178010114127
0.4713753134116724,1.0,1.26e-05,0.1,0.00023333333333333333,9.733972512642657,0.1782452391987302,272.5512303539944
0.4713753134116724,1.0,1.58e-05,0.1,0.0001,9.733972512642657,0.1782452391987302,116.80767015171189
0.4713753134116724,1.0,2.51e-05,0.1,0.0005,9.733972512642657,0.1782452391987302,584.0383507585595
0.4713753134116724,1.0,3.16e-05,0.1,0.0006,9.733972512642657,0.1782452391987302,700.8460209102714
0.4713753134116724,1.0,3.98e-05,0.1,0.0011,9.733972512642657,0.1782452391987302,1284.884371668831
0.4713753134116724,1.0,5.01e-05,0.1,0.0013333333333333333,9.733972512642657,0.1782452391987302,1557.4356020228252
0.4713753134116724,1.0,6.31e-05,0.1,0.0018666666666666666,9.733972512642657,0.1782452391987302,2180.4098428319553
0.4713753134116724,1.0,7.94e-05,0.1,0.0018,9.733972512642657,0.1782452391987302,2102.538062730814
0.4713753134116724,1.0,0.0001,0.1,0.0017666666666666666,9.733972512642657,0.1782452391987302,2063.6021726802433
0.4713753134116724,1.0,0.000126,0.1,0.0021,9.733972512642657,0.1782452391987302,2452.9610731859498
0.4713753134116724,1.0,0.000158,0.1,0.0012333333333333332,9.733972512642657,0.1782452391987302,1440.627931871113
0.4713753134116724,1.0,0.0002,0.1,0.0005,9.733972512642657,0.1782452391987302,584.0383507585595
0.4713753134116724,1.0,0.000251,0.1,0.0002,9.733972512642657,0.1782452391987302,233.61534030342378
0.4713753134116724,1.0,0.000316,0.1,3.3333333333333335e-05,9.733972512642657,0.1782452391987302,38.935890050570634
0.4713753134116724,1.0,0.000398,0.1,3.3333333333333335e-05,9.733972512642657,0.1782452391987302,38.935890050570634
0.4713753134116724,1.0,0.000501,0.1,0.0,9.733972512642657,0.1782452391987302,0.0
0.4713753134116724,1.0,0.000631,0.1,0.0,9.733972512642657,0.1782452391987302,0.0
0.4713753134116724,1.0,0.000794,0.1,0.0,9.733972512642657,0.1782452391987302,0.0
0.4713753134116724,1.0,0.001,0.1,0.0,9.733972512642657,0.1782452391987302,0.0
0.4713753134116724,1.0,0.00126,0.1,0.0,9.733972512642657,0.1782452391987302,0.0
0.4713753134116724,1.0,0.00158,0.1,0.0,9.733972512642657,0.1782452391987302,0.0
0.4713753134116724,1.0,0.002,0.1,0.0,9.733972512642657,0.1782452391987302,0.0
0.4713753134116724,1.0,0.00251,0.1,0.0,9.733972512642657,0.1782452391987302,0.0
0.4713753134116724,1.0,0.00316,0.1,0.0,9.733972512642657,0.1782452391987302,0.0
0.4713753134116724,1.0,0.00398,0.1,0.0,9.733972512642657,0.1782452391987302,0.0
0.4713753134116724,1.0,0.00501,0.1,0.0,9.733972512642657,0.1782452391987302,0.0
0.4713753134116724,1.0,0.00631,0.1,0.0,9.733972512642657,0.1782452391987302,0.0
0.4937047852839004,1.0,3.16e-07,0.1,0.0,10.496572656988254,0.19220971721274957,0.0
0.4937047852839004,1.0,3.98e-07,0.1,0.0,10.496572656988254,0.19220971721274957,0.0
0.4937047852839004,1.0,5.01e-07,0.1,0.0,10.496572656988254,0.19220971721274957,0.0
0.4937047852839004,1.0,6.31e-07,0.1,0.0,10.496572656988254,0.19220971721274957,0.0
0.4937047852839004,1.0,7.94e-07,0.1,0.0,10.496572656988254,0.19220971721274957,0.0
0.4937047852839004,1.0,1e-06,0.1,0.0,10.496572656988254,0.19220971721274957,0.0
0.4937047852839004,1.0,1.26e-06,0.1,0.0,10.496572656988254,0.19220971721274957,0.0
0.4937047852839004,1.0,1.58e-06,0.1,0.0,10.496572656988254,0.19220971721274957,0.0
0.4937047852839004,1.0,2e-06,0.1,0.0,10.496572656988254,0.19220971721274957,0.0
0.4937047852839004,1.0,2.51e-06,0.1,3.3333333333333335e-05,10.496572656988254,0.19220971721274957,41.986290627953025
0.4937047852839004,1.0,3.98e-06,0.1,0.0001,10.496572656988254,0.19220971721274957,125.95887188385908
0.4937047852839004,1.0,5.01e-06,0.1,6.666666666666667e-05,10.496572656988254,0.19220971721274957,83.97258125590605
0.4937047852839004,1.0,7.94e-06,0.1,6.666666666666667e-05,10.496572656988254,0.19220971721274957,83.97258125590605
0.4937047852839004,1.0,1e-05,0.1,6.666666666666667e-05,10.496572656988254,0.19220971721274957,83.97258125590605
0.4937047852839004,1.0,1.26e-05,0.1,0.00023333333333333333,10.496572656988254,0.19220971721274957,293.90403439567115
0.4937047852839004,1.0,1.58e-05,0.1,0.0001,10.496572656988254,0.19220971721274957,125.95887188385908
0.4937047852839004,1.0,2.51e-05,0.1,0.0005,10.496572656988254,0.19220971721274957,629.7943594192953
0.4937047852839004,1.0,3.16e-05,0.1,0.0006,10.496572656988254,0.19220971721274957,755.7532313031543
0.4937047852839004,1.0,3.98e-05,0.1,0.0011,10.496572656988254,0.19220971721274957,1385.54759072245
0.4937047852839004,1.0,5.01e-05,0.1,0.0013333333333333333,10.496572656988254,0.19220971721274957,1679.451625118121
0.4937047852839004,1.0,6.31e-05,0.1,0.0018666666666666666,10.496572656988254,0.19220971721274957,2351.232275165369
0.4937047852839004,1.0,7.94e-05,0.1,0.0018,10.496572656988254,0.19220971721274957,2267.2596939094633
0.4937047852839004,1.0,0.0001,0.1,0.0017666666666666666,10.496572656988254,0.19220971721274957,2225.27340328151
0.4937047852839004,1.0,0.000126,0.1,0.0021,10.496572656988254,0.19220971721274957,2645.13630956104
0.4937047852839004,1.0,0.000158,0.1,0.0012333333333333332,10.496572656988254,0.19220971721274957,1553.4927532342617
0.4937047852839004,1.0,0.0002,0.1,0.0005,10.496572656988254,0.19220971721274957,629.7943594192953
0.4937047852839004,1.0,0.000251,0.1,0.0002,10.496572656988254,0.19220971721274957,251.91774376771815
0.4937047852839004,1.0,0.000316,0.1,3.3333333333333335e-05,10.496572656988254,0.19220971721274957,41.986290627953025
0.4937047852839004,1.0,0.000398,0.1,3.3333333333333335e-05,10.496572656988254,0.19220971721274957,41.986290627953025
0.4937047852839004,1.0,0.000501,0.1,0.0,10.496572656988254,0.19220971721274957,0.0
0.4937047852839004,1.0,0.000631,0.1,0.0,10.496572656988254,0.19220971721274957,0.0
0.4937047852839004,1.0,0.000794,0.1,0.0,10.496572656988254,0.19220971721274957,0.0
0.4937047852839004,1.0,0.001,0.1,0.0,10.496572656988254,0.19220971721274957,0.0
0.4937047852839004,1.0,0.00126,0.1,0.0,10.496572656988254,0.19220971721274957,0.0
0.4937047852839004,1.0,0.00158,0.1,0.0,10.496572656988254,0.19220971721274957,0.0
0.4937047852839004,1.0,0.002,0.1,0.0,10.496572656988254,0.19220971721274957,0.0
0.4937047852839004,1.0,0.00251,0.1,0.0,10.496572656988254,0.19220971721274957,0.0
0.4937047852839004,1.0,0.00316,0.1,0.0,10.496572656988254,0.19220971721274957,0.0
0.4937047852839004,1.0,0.00398,0.1,0.0,10.496572656988254,0.19220971721274957,0.0
0.4937047852839004,1.0,0.00501,0.1,0.0,10.496572656988254,0.19220971721274957,0.0
0.4937047852839004,1.0,0.00631,0.1,0.0,10.496572656988254,0.19220971721274957,0.0
0.517092024289676,1.0,3.16e-07,0.1,0.0,11.303868786356437,0.20699265311035409,0.0
0.517092024289676,1.0,3.98e-07,0.1,0.0,11.303868786356437,0.20699265311035409,0.0
0.517092024289676,1.0,5.01e-07,0.1,0.0,11.303868786356437,0.20699265311035409,0.0
0.517092024289676,1.0,6.31e-07,0.1,0.0,11.303868786356437,0.20699265311035409,0.0
0.517092024289676,1.0,7.94e-07,0.1,0.0,11.303868786356437,0.20699265311035409,0.0
0.517092024289676,1.0,1e-06,0.1,0.0,11.303868786356437,0.20699265311035409,0.0
0.517092024289676,1.0,1.26e-06,0.1,0.0,11.303868786356437,0.20699265311035409,0.0
0.517092024289676,1.0,1.58e-06,0.1,0.0,11.303868786356437,0.20699265311035409,0.0
0.517092024289676,1.0,2e-06,0.1,0.0,11.303868786356437,0.20699265311035409,0.0
0.517092024289676,1.0,2.51e-06,0.1,3.3333333333333335e-05,11.303868786356437,0.20699265311035409,45.215475145425756
0.517092024289676,1.0,3.98e-06,0.1,0.0001,11.303868786356437,0.20699265311035409,135.64642543627724
0.517092024289676,1.0,5.01e-06,0.1,6.666666666666667e-05,11.303868786356437,0.20699265311035409,90.43095029085151
0.517092024289676,1.0,7.94e-06,0.1,6.666666666666667e-05,11.303868786356437,0.20699265311035409,90.43095029085151
0.517092024289676,1.0,1e-05,0.1,6.666666666666667e-05,11.303868786356437,0.20699265311035409,90.43095029085151
0.517092024289676,1.0,1.26e-05,0.1,0.00023333333333333333,11.303868786356437,0.20699265311035409,316.50832601798027
0.517092024289676,1.0,1.58e-05,0.1,0.0001,11.303868786356437,0.20699265311035409,135.64642543627724
0.517092024289676,1.0,2.51e-05,0.1,0.0005,11.303868786356437,0.20699265311035409,678.2321271813862
0.517092024289676,1.0,3.16e-05,0.1,0.0006,11.303868786356437,0.20699265311035409,813.8785526176634
0.517092024289676,1.0,3.98e-05,0.1,0.0011,11.303868786356437,0.20699265311035409,1492.1106797990496
0.517092024289676,1.0,5.01e-05,0.1,0.0013333333333333333,11.303868786356437,0.20699265311035409,1808.6190058170298
0.517092024289676,1.0,6.31e-05,0.1,0.0018666666666666666,11.303868786356437,0.20699265311035409,2532.066608143842
0.517092024289676,1.0,7.94e-05,0.1,0.0018,11.303868786356437,0.20699265311035409,2441.6356578529903
0.517092024289676,1.0,0.0001,0.1,0.0017666666666666666,11.303868786356437,0.20699265311035409,2396.4201827075644
0.517092024289676,1.0,0.000126,0.1,0.0021,11.303868786356437,0.20699265311035409,2848.574934161822
0.517092024289676,1.0,0.000158,0.1,0.0012333333333333332,11.303868786356437,0.20699265311035409,1672.9725803807523
0.517092024289676,1.0,0.0002,0.1,0.0005,11.303868786356437,0.20699265311035409,678.2321271813862
0.517092024289676,1.0,0.000251,0.1,0.0002,11.303868786356437,0.20699265311035409,271.2928508725545
0.517092024289676,1.0,0.000316,0.1,3.3333333333333335e-05,11.303868786356437,0.20699265311035409,45.215475145425756
0.517092024289676,1.0,0.000398,0.1,3.3333333333333335e-05,11.303868786356437,0.20699265311035409,45.215475145425756
0.517092024289676,1.0,0.000501,0.1,0.0,11.303868786356437,0.20699265311035409,0.0
0.517092024289676,1.0,0.000631,0.1,0.0,11.303868786356437,0.20699265311035409,0.0
0.517092024289676,1.0,0.000794,0.1,0.0,11.303868786356437,0.20699265311035409,0.0
0.517092024289676,1.0,0.001,0.1,0.0,11.303868786356437,0.20699265311035409,0.0
0.517092024289676,1.0,0.00126,0.1,0.0,11.303868786356437,0.20699265311035409,0.0
0.517092024289676,1.0,0.00158,0.1,0.0,11.303868786356437,0.20699265311035409,0.0
0.517092024289676,1.0,0.002,0.1,0.0,11.303868786356437,0.20699265311035409,0.0
0.517092024289676,1.0,0.00251,0.1,0.0,11.303868786356437,0.20699265311035409,0.0
0.517092024289676,1.0,0.00316,0.1,0.0,11.303868786356437,0.20699265311035409,0.0
0.517092024289676,1.0,0.00398,0.1,0.0,11.303868786356437,0.20699265311035409,0.0
0.517092024289676,1.0,0.00501,0.1,0.0,11.303868786356437,0.20699265311035409,0.0
0.517092024289676,1.0,0.00631,0.1,0.0,11.303868786356437,0.20699265311035409,0.0
0.5415871378079471,1.0,3.16e-07,0.1,0.0,12.15614468951381,0.22259924353623534,0.0
0.5415871378079471,1.0,3.98e-07,0.1,0.0,12.15614468951381,0.22259924353623534,0.0
0.5415871378079471,1.0,5.01e-07,0.1,0.0,12.15614468951381,0.22259924353623534,0.0
0.5415871378079471,1.0,6.31e-07,0.1,0.0,12.15614468951381,0.22259924353623534,0.0
0.5415871378079471,1.0,7.94e-07,0.1,0.0,12.15614468951381,0.22259924353623534,0.0
0.5415871378079471,1.0,1e-06,0.1,0.0,12.15614468951381,0.22259924353623534,0.0
0.5415871378079471,1.0,1.26e-06,0.1,0.0,12.15614468951381,0.22259924353623534,0.0
0.5415871378079471,1.0,1.58e-06,0.1,0.0,12.15614468951381,0.22259924353623534,0.0
0.5415871378079471,1.0,2e-06,0.1,0.0,12.15614468951381,0.22259924353623534,0.0
0.5415871378079471,1.0,2.51e-06,0.1,3.3333333333333335e-05,12.15614468951381,0.22259924353623534,48.62457875805525
0.5415871378079471,1.0,3.98e-06,0.1,0.0001,12.15614468951381,0.22259924353623534,145.87373627416574
0.5415871378079471,1.0,5.01e-06,0.1,6.666666666666667e-05,12.15614468951381,0.22259924353623534,97.2491575161105
0.5415871378079471,1.0,7.94e-06,0.1,6.666666666666667e-05,12.15614468951381,0.22259924353623534,97.2491575161105
0.5415871378079471,1.0,1e-05,0.1,6.666666666666667e-05,12.15614468951381,0.22259924353623534,97.2491575161105
0.5415871378079471,1.0,1.26e-05,0.1,0.00023333333333333333,12.15614468951381,0.22259924353623534,340.37205130638677
0.5415871378079471,1.0,1.58e-05,0.1,0.0001,12.15614468951381,0.22259924353623534,145.87373627416574
0.5415871378079471,1.0,2.51e-05,0.1,0.0005,12.15614468951381,0.22259924353623534,729.3686813708287
0.5415871378079471,1.0,3.16e-05,0.1,0.0006,12.15614468951381,0.22259924353623534,875.2424176449945
0.5415871378079471,1.0,3.98e-05,0.1,0.0011,12.15614468951381,0.22259924353623534,1604.6110990158231
0.5415871378079471,1.0,5.01e-05,0.1,0.0013333333333333333,12.15614468951381,0.22259924353623534,1944.9831503222097
0.5415871378079471,1.0,6.31e-05,0.1,0.0018666666666666666,12.15614468951381,0.22259924353623534,2722.976410451094
0.5415871378079471,1.0,7.94e-05,0.1,0.0018,12.15614468951381,0.22259924353623534,2625.727252934983
0.5415871378079471,1.0,0.0001,0.1,0.0017666666666666666,12.15614468951381,0.22259924353623534,2577.102674176928
0.5415871378079471,1.0,0.000126,0.1,0.0021,12.15614468951381,0.22259924353623534,3063.3484617574804
0.5415871378079471,1.0,0.000158,0.1,0.0012333333333333332,12.15614468951381,0.22259924353623534,1799.109414048044
0.5415871378079471,1.0,0.0002,0.1,0.0005,12.15614468951381,0.22259924353623534,729.3686813708287
0.5415871378079471,1.0,0.000251,0.1,0.0002,12.15614468951381,0.22259924353623534,291.7474725483315
0.5415871378079471,1.0,0.000316,0.1,3.3333333333333335e-05,12.15614468951381,0.22259924353623534,48.62457875805525
0.5415871378079471,1.0,0.000398,0.1,3.3333333333333335e-05,12.15614468951381,0.22259924353623534,48.62457875805525
0.5415871378079471,1.0,0.000501,0.1,0.0,12.15614468951381,0.22259924353623534,0.0
0.5415871378079471,1.0,0.000631,0.1,0.0,12.15614468951381,0.22259924353623534,0.0
0.5415871378079471,1.0,0.000794,0.1,0.0,12.15614468951381,0.22259924353623534,0.0
0.5415871378079471,1.0,0.001,0.1,0.0,12.15614468951381,0.22259924353623534,0.0
0.5415871378079471,1.0,0.00126,0.1,0.0,12.15614468951381,0.22259924353623534,0.0
0.5415871378079471,1.0,0.00158,0.1,0.0,12.15614468951381,0.22259924353623534,0.0
0.5415871378079471,1.0,0.002,0.1,0.0,12.15614468951381,0.22259924353623534,0.0
0.5415871378079471,1.0,0.00251,0.1,0.0,12.15614468951381,0.22259924353623534,0.0
0.5415871378079471,1.0,0.00316,0.1,0.0,12.15614468951381,0.22259924353623534,0.0
0.5415871378079471,1.0,0.00398,0.1,0.0,12.15614468951381,0.22259924353623534,0.0
0.5415871378079471,1.0,0.00501,0.1,0.0,12.15614468951381,0.22259924353623534,0.0
0.5415871378079471,1.0,0.00631,0.1,0.0,12.15614468951381,0.22259924353623534,0.0
0.5672426068491978,1.0,3.16e-07,0.1,0.0,13.053310612383815,0.23902784494385304,0.0
0.5672426068491978,1.0,3.98e-07,0.1,0.0,13.053310612383815,0.23902784494385304,0.0
0.5672426068491978,1.0,5.01e-07,0.1,0.0,13.053310612383815,0.23902784494385304,0.0
0.5672426068491978,1.0,6.31e-07,0.1,0.0,13.053310612383815,0.23902784494385304,0.0
0.5672426068491978,1.0,7.94e-07,0.1,0.0,13.053310612383815,0.23902784494385304,0.0
0.5672426068491978,1.0,1e-06,0.1,0.0,13.053310612383815,0.23902784494385304,0.0
0.5672426068491978,1.0,1.26e-06,0.1,0.0,13.053310612383815,0.23902784494385304,0.0
0.5672426068491978,1.0,1.58e-06,0.1,0.0,13.053310612383815,0.23902784494385304,0.0
0.5672426068491978,1.0,2e-06,0.1,0.0,13.053310612383815,0.23902784494385304,0.0
0.5672426068491978,1.0,2.51e-06,0.1,3.3333333333333335e-05,13.053310612383815,0.23902784494385304,52.21324244953527
0.5672426068491978,1.0,3.98e-06,0.1,0.0001,13.053310612383815,0.23902784494385304,156.6397273486058
0.5672426068491978,1.0,5.01e-06,0.1,6.666666666666667e-05,13.053310612383815,0.23902784494385304,104.42648489907054
0.5672426068491978,1.0,7.94e-06,0.1,6.666666666666667e-05,13.053310612383815,0.23902784494385304,104.42648489907054
0.5672426068491978,1.0,1e-05,0.1,6.666666666666667e-05,13.053310612383815,0.23902784494385304,104.42648489907054
0.5672426068491978,1.0,1.26e-05,0.1,0.00023333333333333333,13.053310612383815,0.23902784494385304,365.4926971467469
0.5672426068491978,1.0,1.58e-05,0.1,0.0001,13.053310612383815,0.23902784494385304,156.6397273486058
0.5672426068491978,1.0,2.51e-05,0.1,0.0005,13.053310612383815,0.23902784494385304,783.198636743029
0.5672426068491978,1.0,3.16e-05,0.1,0.0006,13.053310612383815,0.23902784494385304,939.8383640916347
0.5672426068491978,1.0,3.98e-05,0.1,0.0011,13.053310612383815,0.23902784494385304,1723.037000834664
0.5672426068491978,1.0,5.01e-05,0.1,0.0013333333333333333,13.053310612383815,0.23902784494385304,2088.5296979814107
0.5672426068491978,1.0,6.31e-05,0.1,0.0018666666666666666,13.053310612383815,0.23902784494385304,2923.941577173975
0.5672426068491978,1.0,7.94e-05,0.1,0.0018,13.053310612383815,0.23902784494385304,2819.5150922749044
0.5672426068491978,1.0,0.0001,0.1,0.0017666666666666666,13.053310612383815,0.23902784494385304,2767.301849825369
0.5672426068491978,1.0,0.000126,0.1,0.0021,13.053310612383815,0.23902784494385304,3289.4342743207217
0.5672426068491978,1.0,0.000158,0.1,0.0012333333333333332,13.053310612383815,0.23902784494385304,1931.8899706328045
0.5672426068491978,1.0,0.0002,0.1,0.0005,13.053310612383815,0.23902784494385304,783.198636743029
0.5672426068491978,1.0,0.000251,0.1,0.0002,13.053310612383815,0.23902784494385304,313.2794546972116
0.5672426068491978,1.0,0.000316,0.1,3.3333333333333335e-05,13.053310612383815,0.23902784494385304,52.21324244953527
0.5672426068491978,1.0,0.000398,0.1,3.3333333333333335e-05,13.053310612383815,0.23902784494385304,52.21324244953527
0.5672426068491978,1.0,0.000501,0.1,0.0,13.053310612383815,0.23902784494385304,0.0
0.5672426068491978,1.0,0.000631,0.1,0.0,13.053310612383815,0.23902784494385304,0.0
0.5672426068491978,1.0,0.000794,0.1,0.0,13.053310612383815,0.23902784494385304,0.0
0.5672426068491978,1.0,0.001,0.1,0.0,13.053310612383815,0.23902784494385304,0.0
0.5672426068491978,1.0,0.00126,0.1,0.0,13.053310612383815,0.23902784494385304,0.0
0.5672426068491978,1.0,0.00158,0.1,0.0,13.053310612383815,0.23902784494385304,0.0
0.5672426068491978,1.0,0.002,0.1,0.0,13.053310612383815,0.23902784494385304,0.0
0.5672426068491978,1.0,0.00251,0.1,0.0,13.053310612383815,0.23902784494385304,0.0
0.5672426068491978,1.0,0.00316,0.1,0.0,13.053310612383815,0.23902784494385304,0.0
0.5672426068491978,1.0,0.00398,0.1,0.0,13.053310612383815,0.23902784494385304,0.0
0.5672426068491978,1.0,0.00501,0.1,0.0,13.053310612383815,0.23902784494385304,0.0
0.5672426068491978,1.0,0.00631,0.1,0.0,13.053310612383815,0.23902784494385304,0.0
0.5941133984965034,1.0,3.16e-07,0.1,0.0,13.994863153564978,0.25626923921561945,0.0
0.5941133984965034,1.0,3.98e-07,0.1,0.0,13.994863153564978,0.25626923921561945,0.0
0.5941133984965034,1.0,5.01e-07,0.1,0.0,13.994863153564978,0.25626923921561945,0.0
0.5941133984965034,1.0,6.31e-07,0.1,0.0,13.994863153564978,0.25626923921561945,0.0
0.5941133984965034,1.0,7.94e-07,0.1,0.0,13.994863153564978,0.25626923921561945,0.0
0.5941133984965034,1.0,1e-06,0.1,0.0,13.994863153564978,0.25626923921561945,0.0
0.5941133984965034,1.0,1.26e-06,0.1,0.0,13.994863153564978,0.25626923921561945,0.0
0.5941133984965034,1.0,1.58e-06,0.1,0.0,13.994863153564978,0.25626923921561945,0.0
0.5941133984965034,1.0,2e-06,0.1,0.0,13.994863153564978,0.25626923921561945,0.0
0.5941133984965034,1.0,2.51e-06,0.1,3.3333333333333335e-05,13.994863153564978,0.25626923921561945,55.97945261425991
0.5941133984965034,1.0,3.98e-06,0.1,0.0001,13.994863153564978,0.25626923921561945,167.93835784277974
0.5941133984965034,1.0,5.01e-06,0.1,6.666666666666667e-05,13.994863153564978,0.25626923921561945,111.95890522851982
0.5941133984965034,1.0,7.94e-06,0.1,6.666666666666667e-05,13.994863153564978,0.25626923921561945,111.95890522851982
0.5941133984965034,1.0,1e-05,0.1,6.666666666666667e-05,13.994863153564978,0.25626923921561945,111.95890522851982
0.5941133984965034,1.0,1.26e-05,0.1,0.00023333333333333333,13.994863153564978,0.25626923921561945,391.85616829981933
0.5941133984965034,1.0,1.58e-05,0.1,0.0001,13.994863153564978,0.25626923921561945,167.93835784277974
0.5941133984965034,1.0,2.51e-05,0.1,0.0005,13.994863153564978,0.25626923921561945,839.6917892138987
0.5941133984965034,1.0,3.16e-05,0.1,0.0006,13.994863153564978,0.25626923921561945,1007.6301470566783
0.5941133984965034,1.0,3.98e-05,0.1,0.0011,13.994863153564978,0.25626923921561945,1847.3219362705772
0.5941133984965034,1.0,5.01e-05,0.1,0.0013333333333333333,13.994863153564978,0.25626923921561945,2239.1781045703965
0.5941133984965034,1.0,6.31e-05,0.1,0.0018666666666666666,13.994863153564978,0.25626923921561945,3134.8493463985546
0.5941133984965034,1.0,7.94e-05,0.1,0.0018,13.994863153564978,0.25626923921561945,3022.890441170035
0.5941133984965034,1.0,0.0001,0.1,0.0017666666666666666,13.994863153564978,0.25626923921561945,2966.910988555775
0.5941133984965034,1.0,0.000126,0.1,0.0021,13.994863153564978,0.25626923921561945,3526.705514698374
0.5941133984965034,1.0,0.000158,0.1,0.0012333333333333332,13.994863153564978,0.25626923921561945,2071.2397467276164
0.5941133984965034,1.0,0.0002,0.1,0.0005,13.994863153564978,0.25626923921561945,839.6917892138987
0.5941133984965034,1.0,0.000251,0.1,0.0002,13.994863153564978,0.25626923921561945,335.8767156855595
0.5941133984965034,1.0,0.000316,0.1,3.3333333333333335e-05,13.994863153564978,0.25626923921561945,55.97945261425991
0.5941133984965034,1.0,0.000398,0.1,3.3333333333333335e-05,13.994863153564978,0.25626923921561945,55.97945261425991
0.5941133984965034,1.0,0.000501,0.1,0.0,13.994863153564978,0.25626923921561945,0.0
0.5941133984965034,1.0,0.000631,0.1,0.0,13.994863153564978,0.25626923921561945,0.0
0.5941133984965034,1.0,0.000794,0.1,0.0,13.994863153564978,0.25626923921561945,0.0
0.5941133984965034,1.0,0.001,0.1,0.0,13.994863153564978,0.25626923921561945,0.0
0.5941133984965034,1.0,0.00126,0.1,0.0,13.994863153564978,0.25626923921561945,0.0
0.5941133984965034,1.0,0.00158,0.1,0.0,13.994863153564978,0.25626923921561945,0.0
0.5941133984965034,1.0,0.002,0.1,0.0,13.994863153564978,0.25626923921561945,0.0
0.5941133984965034,1.0,0.00251,0.1,0.0,13.994863153564978,0.25626923921561945,0.0
0.5941133984965034,1.0,0.00316,0.1,0.0,13.994863153564978,0.25626923921561945,0.0
0.5941133984965034,1.0,0.00398,0.1,0.0,13.994863153564978,0.25626923921561945,0.0
0.5941133984965034,1.0,0.00501,0.1,0.0,13.994863153564978,0.25626923921561945,0.0
0.5941133984965034,1.0,0.00631,0.1,0.0,13.994863153564978,0.25626923921561945,0.0
0.6222570836730231,1.0,3.16e-07,0.1,0.0,14.97984979607202,0.27430598418004065,0.0
0.6222570836730231,1.0,3.98e-07,0.1,0.0,14.97984979607202,0.27430598418004065,0.0
0.6222570836730231,1.0,5.01e-07,0.1,0.0,14.97984979607202,0.27430598418004065,0.0
0.6222570836730231,1.0,6.31e-07,0.1,0.0,14.97984979607202,0.27430598418004065,0.0
0.6222570836730231,1.0,7.94e-07,0.1,0.0,14.97984979607202,0.27430598418004065,0.0
0.6222570836730231,1.0,1e-06,0.1,0.0,14.97984979607202,0.27430598418004065,0.0
0.6222570836730231,1.0,1.26e-06,0.1,0.0,14.97984979607202,0.27430598418004065,0.0
0.6222570836730231,1.0,1.58e-06,0.1,0.0,14.97984979607202,0.27430598418004065,0.0
0.6222570836730231,1.0,2e-06,0.1,0.0,14.97984979607202,0.27430598418004065,0.0
0.6222570836730231,1.0,2.51e-06,0.1,3.3333333333333335e-05,14.97984979607202,0.27430598418004065,59.919399184288096
0.6222570836730231,1.0,3.98e-06,0.1,0.0001,14.97984979607202,0.27430598418004065,179.7581975528643
0.6222570836730231,1.0,5.01e-06,0.1,6.666666666666667e-05,14.97984979607202,0.27430598418004065,119.83879836857619
0.6222570836730231,1.0,7.94e-06,0.1,6.666666666666667e-05,14.97984979607202,0.27430598418004065,119.83879836857619
0.6222570836730231,1.0,1e-05,0.1,6.666666666666667e-05,14.97984979607202,0.27430598418004065,119.83879836857619
0.6222570836730231,1.0,1.26e-05,0.1,0.00023333333333333333,14.97984979607202,0.27430598418004065,419.4357942900166
0.6222570836730231,1.0,1.58e-05,0.1,0.0001,14.97984979607202,0.27430598418004065,179.7581975528643
0.6222570836730231,1.0,2.51e-05,0.1,0.0005,14.97984979607202,0.27430598418004065,898.7909877643214
0.6222570836730231,1.0,3.16e-05,0.1,0.0006,14.97984979607202,0.27430598418004065,1078.5491853171854
0.6222570836730231,1.0,3.98e-05,0.1,0.0011,14.97984979607202,0.27430598418004065,1977.340173081507
0.6222570836730231,1.0,5.01e-05,0.1,0.0013333333333333333,14.97984979607202,0.27430598418004065,2396.7759673715236
0.6222570836730231,1.0,6.31e-05,0.1,0.0018666666666666666,14.97984979607202,0.27430598418004065,3355.4863543201327
0.6222570836730231,1.0,7.94e-05,0.1,0.0018,14.97984979607202,0.27430598418004065,3235.6475559515566
0.6222570836730231,1.0,0.0001,0.1,0.0017666666666666666,14.97984979607202,0.27430598418004065,3175.7281567672685
0.6222570836730231,1.0,0.000126,0.1,0.0021,14.97984979607202,0.27430598418004065,3774.9221486101496
0.6222570836730231,1.0,0.000158,0.1,0.0012333333333333332,14.97984979607202,0.27430598418004065,2217.0177698186594
0.6222570836730231,1.0,0.0002,0.1,0.0005,14.97984979607202,0.27430598418004065,898.7909877643214
0.6222570836730231,1.0,0.000251,0.1,0.0002,14.97984979607202,0.27430598418004065,359.5163951057286
0.6222570836730231,1.0,0.000316,0.1,3.3333333333333335e-05,14.97984979607202,0.27430598418004065,59.919399184288096
0.6222570836730231,1.0,0.000398,0.1,3.3333333333333335e-05,14.97984979607202,0.27430598418004065,59.919399184288096
0.6222570836730231,1.0,0.000501,0.1,0.0,14.97984979607202,0.27430598418004065,0.0
0.6222570836730231,1.0,0.000631,0.1,0.0,14.97984979607202,0.27430598418004065,0.0
0.6222570836730231,1.0,0.000794,0.1,0.0,14.97984979607202,0.27430598418004065,0.0
0.6222570836730231,1.0,0.001,0.1,0.0,14.97984979607202,0.27430598418004065,0.0
0.6222570836730231,1.0,0.00126,0.1,0.0,14.97984979607202,0.27430598418004065,0.0
0.6222570836730231,1.0,0.00158,0.1,0.0,14.97984979607202,0.27430598418004065,0.0
0.6222570836730231,1.0,0.002,0.1,0.0,14.97984979607202,0.27430598418004065,0.0
0.6222570836730231,1.0,0.00251,0.1,0.0,14.97984979607202,0.27430598418004065,0.0
0.6222570836730231,1.0,0.00316,0.1,0.0,14.97984979607202,0.27430598418004065,0.0
0.6222570836730231,1.0,0.00398,0.1,0.0,14.97984979607202,0.27430598418004065,0.0
0.6222570836730231,1.0,0.00501,0.1,0.0,14.97984979607202,0.27430598418004065,0.0
0.6222570836730231,1.0,0.00631,0.1,0.0,14.97984979607202,0.27430598418004065,0.0
0.6517339604882427,1.0,3.16e-07,0.1,0.0,16.006839956250683,0.29311188346915734,0.0
0.6517339604882427,1.0,3.98e-07,0.1,0.0,16.006839956250683,0.29311188346915734,0.0
0.6517339604882427,1.0,5.01e-07,0.1,0.0,16.006839956250683,0.29311188346915734,0.0
0.6517339604882427,1.0,6.31e-07,0.1,0.0,16.006839956250683,0.29311188346915734,0.0
0.6517339604882427,1.0,7.94e-07,0.1,0.0,16.006839956250683,0.29311188346915734,0.0
0.6517339604882427,1.0,1e-06,0.1,0.0,16.006839956250683,0.29311188346915734,0.0
0.6517339604882427,1.0,1.26e-06,0.1,0.0,16.006839956250683,0.29311188346915734,0.0
0.6517339604882427,1.0,1.58e-06,0.1,0.0,16.006839956250683,0.29311188346915734,0.0
0.6517339604882427,1.0,2e-06,0.1,0.0,16.006839956250683,0.29311188346915734,0.0
0.6517339604882427,1.0,2.51e-06,0.1,3.3333333333333335e-05,16.006839956250683,0.29311188346915734,64.02735982500273
0.6517339604882427,1.0,3.98e-06,0.1,0.0001,16.006839956250683,0.29311188346915734,192.08207947500824
0.6517339604882427,1.0,5.01e-06,0.1,6.666666666666667e-05,16.006839956250683,0.29311188346915734,128.05471965000547
0.6517339604882427,1.0,7.94e-06,0.1,6.666666666666667e-05,16.006839956250683,0.29311188346915734,128.05471965000547
0.6517339604882427,1.0,1e-05,0.1,6.666666666666667e-05,16.006839956250683,0.29311188346915734,128.05471965000547
0.6517339604882427,1.0,1.26e-05,0.1,0.00023333333333333333,16.006839956250683,0.29311188346915734,448.1915187750192
0.6517339604882427,1.0,1.58e-05,0.1,0.0001,16.006839956250683,0.29311188346915734,192.08207947500824
0.6517339604882427,1.0,2.51e-05,0.1,0.0005,16.006839956250683,0.29311188346915734,960.4103973750412
0.6517339604882427,1.0,3.16e-05,0.1,0.0006,16.006839956250683,0.29311188346915734,1152.4924768500493
0.6517339604882427,1.0,3.98e-05,0.1,0.0011,16.006839956250683,0.29311188346915734,2112.9028742250907
0.6517339604882427,1.0,5.01e-05,0.1,0.0013333333333333333,16.006839956250683,0.29311188346915734,2561.0943930001094
0.6517339604882427,1.0,6.31e-05,0.1,0.0018666666666666666,16.006839956250683,0.29311188346915734,3585.5321502001534
0.6517339604882427,1.0,7.94e-05,0.1,0.0018,16.006839956250683,0.29311188346915734,3457.4774305501483
0.6517339604882427,1.0,0.0001,0.1,0.0017666666666666666,16.006839956250683,0.29311188346915734,3393.450070725145
0.6517339604882427,1.0,0.000126,0.1,0.0021,16.006839956250683,0.29311188346915734,4033.723668975172
0.6517339604882427,1.0,0.000158,0.1,0.0012333333333333332,16.006839956250683,0.29311188346915734,2369.012313525101
0.6517339604882427,1.0,0.0002,0.1,0.0005,16.006839956250683,0.29311188346915734,960.4103973750412
0.6517339604882427,1.0,0.000251,0.1,0.0002,16.006839956250683,0.29311188346915734,384.1641589500165
0.6517339604882427,1.0,0.000316,0.1,3.3333333333333335e-05,16.006839956250683,0.29311188346915734,64.02735982500273
0.6517339604882427,1.0,0.000398,0.1,3.3333333333333335e-05,16.006839956250683,0.29311188346915734,64.02735982500273
0.6517339604882427,1.0,0.000501,0.1,0.0,16.006839956250683,0.29311188346915734,0.0
0.6517339604882427,1.0,0.000631,0.1,0.0,16.006839956250683,0.29311188346915734,0.0
0.6517339604882427,1.0,0.000794,0.1,0.0,16.006839956250683,0.29311188346915734,0.0
0.6517339604882427,1.0,0.001,0.1,0.0,16.006839956250683,0.29311188346915734,0.0
0.6517339604882427,1.0,0.00126,0.1,0.0,16.006839956250683,0.29311188346915734,0.0
0.6517339604882427,1.0,0.00158,0.1,0.0,16.006839956250683,0.29311188346915734,0.0
0.6517339604882427,1.0,0.002,0.1,0.0,16.006839956250683,0.29311188346915734,0.0
0.6517339604882427,1.0,0.00251,0.1,0.0,16.006839956250683,0.29311188346915734,0.0
0.6517339604882427,1.0,0.00316,0.1,0.0,16.006839956250683,0.29311188346915734,0.0
0.6517339604882427,1.0,0.00398,0.1,0.0,16.006839956250683,0.29311188346915734,0.0
0.6517339604882427,1.0,0.00501,0.1,0.0,16.006839956250683,0.29311188346915734,0.0
0.6517339604882427,1.0,0.00631,0.1,0.0,16.006839956250683,0.29311188346915734,0.0
0.6826071834272386,1.0,3.16e-07,0.1,0.0,17.07390444049744,0.31265161033688776,0.0
0.6826071834272386,1.0,3.98e-07,0.1,0.0,17.07390444049744,0.31265161033688776,0.0
0.6826071834272386,1.0,5.01e-07,0.1,0.0,17.07390444049744,0.31265161033688776,0.0
0.6826071834272386,1.0,6.31e-07,0.1,0.0,17.07390444049744,0.31265161033688776,0.0
0.6826071834272386,1.0,7.94e-07,0.1,0.0,17.07390444049744,0.31265161033688776,0.0
0.6826071834272386,1.0,1e-06,0.1,0.0,17.07390444049744,0.31265161033688776,0.0
0.6826071834272386,1.0,1.26e-06,0.1,0.0,17.07390444049744,0.31265161033688776,0.0
0.6826071834272386,1.0,1.58e-06,0.1,0.0,17.07390444049744,0.31265161033688776,0.0
0.6826071834272386,1.0,2e-06,0.1,0.0,17.07390444049744,0.31265161033688776,0.0
0.6826071834272386,1.0,2.51e-06,0.1,3.3333333333333335e-05,17.07390444049744,0.31265161033688776,68.29561776198977
0.6826071834272386,1.0,3.98e-06,0.1,0.0001,17.07390444049744,0.31265161033688776,204.88685328596932
0.6826071834272386,1.0,5.01e-06,0.1,6.666666666666667e-05,17.07390444049744,0.31265161033688776,136.59123552397955
0.6826071834272386,1.0,7.94e-06,0.1,6.666666666666667e-05,17.07390444049744,0.31265161033688776,136.59123552397955
0.6826071834272386,1.0,1e-05,0.1,6.666666666666667e-05,17.07390444049744,0.31265161033688776,136.59123552397955
0.6826071834272386,1.0,1.26e-05,0.1,0.00023333333333333333,17.07390444049744,0.31265161033688776,478.0693243339284
0.6826071834272386,1.0,1.58e-05,0.1,0.0001,17.07390444049744,0.31265161033688776,204.88685328596932
0.6826071834272386,1.0,2.51e-05,0.1,0.0005,17.07390444049744,0.31265161033688776,1024.4342664298465
0.6826071834272386,1.0,3.16e-05,0.1,0.0006,17.07390444049744,0.31265161033688776,1229.321119715816
0.6826071834272386,1.0,3.98e-05,0.1,0.0011,17.07390444049744,0.31265161033688776,2253.7553861456627
0.6826071834272386,1.0,5.01e-05,0.1,0.0013333333333333333,17.07390444049744,0.31265161033688776,2731.824710479591
0.6826071834272386,1.0,6.31e-05,0.1,0.0018666666666666666,17.07390444049744,0.31265161033688776,3824.5545946714274
0.6826071834272386,1.0,7.94e-05,0.1,0.0018,17.07390444049744,0.31265161033688776,3687.963359147448
0.6826071834272386,1.0,0.0001,0.1,0.0017666666666666666,17.07390444049744,0.31265161033688776,3619.6677413854577
0.6826071834272386,1.0,0.000126,0.1,0.0021,17.07390444049744,0.31265161033688776,4302.623919005356
0.6826071834272386,1.0,0.000158,0.1,0.0012333333333333332,17.07390444049744,0.31265161033688776,2526.9378571936213
0.6826071834272386,1.0,0.0002,0.1,0.0005,17.07390444049744,0.31265161033688776,1024.4342664298465
0.6826071834272386,1.0,0.000251,0.1,0.0002,17.07390444049744,0.31265161033688776,409.77370657193865
0.6826071834272386,1.0,0.000316,0.1,3.3333333333333335e-05,17.07390444049744,0.31265161033688776,68.29561776198977
0.6826071834272386,1.0,0.000398,0.1,3.3333333333333335e-05,17.07390444049744,0.31265161033688776,68.29561776198977
0.6826071834272386,1.0,0.000501,0.1,0.0,17.07390444049744,0.31265161033688776,0.0
0.6826071834272386,1.0,0.000631,0.1,0.0,17.07390444049744,0.31265161033688776,0.0
0.6826071834272386,1.0,0.000794,0.1,0.0,17.07390444049744,0.31265161033688776,0.0
0.6826071834272386,1.0,0.001,0.1,0.0,17.07390444049744,0.31265161033688776,0.0
0.6826071834272386,1.0,0.00126,0.1,0.0,17.07390444049744,0.31265161033688776,0.0
0.6826071834272386,1.0,0.00158,0.1,0.0,17.07390444049744,0.31265161033688776,0.0
0.6826071834272386,1.0,0.002,0.1,0.0,17.07390444049744,0.31265161033688776,0.0
0.6826071834272386,1.0,0.00251,0.1,0.0,17.07390444049744,0.31265161033688776,0.0
0.6826071834272386,1.0,0.00316,0.1,0.0,17.07390444049744,0.31265161033688776,0.0
0.6826071834272386,1.0,0.00398,0.1,0.0,17.07390444049744,0.31265161033688776,0.0
0.6826071834272386,1.0,0.00501,0.1,0.0,17.07390444049744,0.31265161033688776,0.0
0.6826071834272386,1.0,0.00631,0.1,0.0,17.07390444049744,0.31265161033688776,0.0
0.7149428986597577,1.0,3.16e-07,0.1,0.0,18.178605099153348,0.3328805182046026,0.0
0.7149428986597577,1.0,3.98e-07,0.1,0.0,18.178605099153348,0.3328805182046026,0.0
0.7149428986597577,1.0,5.01e-07,0.1,0.0,18.178605099153348,0.3328805182046026,0.0
0.7149428986597577,1.0,6.31e-07,0.1,0.0,18.178605099153348,0.3328805182046026,0.0
0.7149428986597577,1.0,7.94e-07,0.1,0.0,18.178605099153348,0.3328805182046026,0.0
0.7149428986597577,1.0,1e-06,0.1,0.0,18.178605099153348,0.3328805182046026,0.0
0.7149428986597577,1.0,1.26e-06,0.1,0.0,18.178605099153348,0.3328805182046026,0.0
0.7149428986597577,1.0,1.58e-06,0.1,0.0,18.178605099153348,0.3328805182046026,0.0
0.7149428986597577,1.0,2e-06,0.1,0.0,18.178605099153348,0.3328805182046026,0.0
0.7149428986597577,1.0,2.51e-06,0.1,3.3333333333333335e-05,18.178605099153348,0.3328805182046026,72.7144203966134
0.7149428986597577,1.0,3.98e-06,0.1,0.0001,18.178605099153348,0.3328805182046026,218.1432611898402
0.7149428986597577,1.0,5.01e-06,0.1,6.666666666666667e-05,18.178605099153348,0.3328805182046026,145.4288407932268
0.7149428986597577,1.0,7.94e-06,0.1,6.666666666666667e-05,18.178605099153348,0.3328805182046026,145.4288407932268
0.7149428986597577,1.0,1e-05,0.1,6.666666666666667e-05,18.178605099153348,0.3328805182046026,145.4288407932268
0.7149428986597577,1.0,1.26e-05,0.1,0.00023333333333333333,18.178605099153348,0.3328805182046026,509.0009427762938
0.7149428986597577,1.0,1.58e-05,0.1,0.0001,18.178605099153348,0.3328805182046026,218.1432611898402
0.7149428986597577,1.0,2.51e-05,0.1,0.0005,18.178605099153348,0.3328805182046026,1090.7163059492011
0.7149428986597577,1.0,3.16e-05,0.1,0.0006,18.178605099153348,0.3328805182046026,1308.859567139041
0.7149428986597577,1.0,3.98e-05,0.1,0.0011,18.178605099153348,0.3328805182046026,2399.575873088242
0.7149428986597577,1.0,5.01e-05,0.1,0.0013333333333333333,18.178605099153348,0.3328805182046026,2908.5768158645355
0.7149428986597577,1.0,6.31e-05,0.1,0.0018666666666666666,18.178605099153348,0.3328805182046026,4072.0075422103505
0.7149428986597577,1.0,7.94e-05,0.1,0.0018,18.178605099153348,0.3328805182046026,3926.5787014171237
0.7149428986597577,1.0,0.0001,0.1,0.0017666666666666666,18.178605099153348,0.3328805182046026,3853.86428102051
0.7149428986597577,1.0,0.000126,0.1,0.0021,18.178605099153348,0.3328805182046026,4581.008484986643
0.7149428986597577,1.0,0.000158,0.1,0.0012333333333333332,18.178605099153348,0.3328805182046026,2690.433554674695
0.7149428986597577,1.0,0.0002,0.1,0.0005,18.178605099153348,0.3328805182046026,1090.7163059492011
0.7149428986597577,1.0,0.000251,0.1,0.0002,18.178605099153348,0.3328805182046026,436.2865223796804
0.7149428986597577,1.0,0.000316,0.1,3.3333333333333335e-05,18.178605099153348,0.3328805182046026,72.7144203966134
0.7149428986597577,1.0,0.000398,0.1,3.3333333333333335e-05,18.178605099153348,0.3328805182046026,72.7144203966134
0.7149428986597577,1.0,0.000501,0.1,0.0,18.178605099153348,0.3328805182046026,0.0
0.7149428986597577,1.0,0.000631,0.1,0.0,18.178605099153348,0.3328805182046026,0.0
0.7149428986597577,1.0,0.000794,0.1,0.0,18.178605099153348,0.3328805182046026,0.0
0.7149428986597577,1.0,0.001,0.1,0.0,18.178605099153348,0.3328805182046026,0.0
0.7149428986597577,1.0,0.00126,0.1,0.0,18.178605099153348,0.3328805182046026,0.0
0.7149428986597577,1.0,0.00158,0.1,0.0,18.178605099153348,0.3328805182046026,0.0
0.7149428986597577,1.0,0.002,0.1,0.0,18.178605099153348,0.3328805182046026,0.0
0.7149428986597577,1.0,0.00251,0.1,0.0,18.178605099153348,0.3328805182046026,0.0
0.7149428986597577,1.0,0.00316,0.1,0.0,18.178605099153348,0.3328805182046026,0.0
0.7149428986597577,1.0,0.00398,0.1,0.0,18.178605099153348,0.3328805182046026,0.0
0.7149428986597577,1.0,0.00501,0.1,0.0,18.178605099153348,0.3328805182046026,0.0
0.7149428986597577,1.0,0.00631,0.1,0.0,18.178605099153348,0.3328805182046026,0.0
0.7488103857590023,1.0,3.16e-07,0.1,0.0,19.317996240980705,0.35374466656254727,0.0
0.7488103857590023,1.0,3.98e-07,0.1,0.0,19.317996240980705,0.35374466656254727,0.0
0.7488103857590023,1.0,5.01e-07,0.1,0.0,19.317996240980705,0.35374466656254727,0.0
0.7488103857590023,1.0,6.31e-07,0.1,0.0,19.317996240980705,0.35374466656254727,0.0
0.7488103857590023,1.0,7.94e-07,0.1,0.0,19.317996240980705,0.35374466656254727,0.0
0.7488103857590023,1.0,1e-06,0.1,0.0,19.317996240980705,0.35374466656254727,0.0
0.7488103857590023,1.0,1.26e-06,0.1,0.0,19.317996240980705,0.35374466656254727,0.0
0.7488103857590023,1.0,1.58e-06,0.1,0.0,19.317996240980705,0.35374466656254727,0.0
0.7488103857590023,1.0,2e-06,0.1,0.0,19.317996240980705,0.35374466656254727,0.0
0.7488103857590023,1.0,2.51e-06,0.1,3.3333333333333335e-05,19.317996240980705,0.35374466656254727,77.27198496392283
0.7488103857590023,1.0,3.98e-06,0.1,0.0001,19.317996240980705,0.35374466656254727,231.81595489176848
0.7488103857590023,1.0,5.01e-06,0.1,6.666666666666667e-05,19.317996240980705,0.35374466656254727,154.54396992784567
0.7488103857590023,1.0,7.94e-06,0.1,6.666666666666667e-05,19.317996240980705,0.35374466656254727,154.54396992784567
0.7488103857590023,1.0,1e-05,0.1,6.666666666666667e-05,19.317996240980705,0.35374466656254727,154.54396992784567
0.7488103857590023,1.0,1.26e-05,0.1,0.00023333333333333333,19.317996240980705,0.35374466656254727,540.9038947474598
0.7488103857590023,1.0,1.58e-05,0.1,0.0001,19.317996240980705,0.35374466656254727,231.81595489176848
0.7488103857590023,1.0,2.51e-05,0.1,0.0005,19.317996240980705,0.35374466656254727,1159.0797744588424
0.7488103857590023,1.0,3.16e-05,0.1,0.0006,19.317996240980705,0.35374466656254727,1390.895729350611
0.7488103857590023,1.0,3.98e-05,0.1,0.0011,19.317996240980705,0.35374466656254727,2549.9755038094536
0.7488103857590023,1.0,5.01e-05,0.1,0.0013333333333333333,19.317996240980705,0.35374466656254727,3090.879398556913
0.7488103857590023,1.0,6.31e-05,0.1,0.0018666666666666666,19.317996240980705,0.35374466656254727,4327.231157979679
0.7488103857590023,1.0,7.94e-05,0.1,0.0018,19.317996240980705,0.35374466656254727,4172.687188051833
0.7488103857590023,1.0,0.0001,0.1,0.0017666666666666666,19.317996240980705,0.35374466656254727,4095.4152030879095
0.7488103857590023,1.0,0.000126,0.1,0.0021,19.317996240980705,0.35374466656254727,4868.135052727138
0.7488103857590023,1.0,0.000158,0.1,0.0012333333333333332,19.317996240980705,0.35374466656254727,2859.0634436651444
0.7488103857590023,1.0,0.0002,0.1,0.0005,19.317996240980705,0.35374466656254727,1159.0797744588424
0.7488103857590023,1.0,0.000251,0.1,0.0002,19.317996240980705,0.35374466656254727,463.63190978353697
0.7488103857590023,1.0,0.000316,0.1,3.3333333333333335e-05,19.317996240980705,0.35374466656254727,77.27198496392283
0.7488103857590023,1.0,0.000398,0.1,3.3333333333333335e-05,19.317996240980705,0.35374466656254727,77.27198496392283
0.7488103857590023,1.0,0.000501,0.1,0.0,19.317996240980705,0.35374466656254727,0.0
0.7488103857590023,1.0,0.000631,0.1,0.0,19.317996240980705,0.35374466656254727,0.0
0.7488103857590023,1.0,0.000794,0.1,0.0,19.317996240980705,0.35374466656254727,0.0
0.7488103857590023,1.0,0.001,0.1,0.0,19.317996240980705,0.35374466656254727,0.0
0.7488103857590023,1.0,0.00126,0.1,0.0,19.317996240980705,0.35374466656254727,0.0
0.7488103857590023,1.0,0.00158,0.1,0.0,19.317996240980705,0.35374466656254727,0.0
0.7488103857590023,1.0,0.002,0.1,0.0,19.317996240980705,0.35374466656254727,0.0
0.7488103857590023,1.0,0.00251,0.1,0.0,19.317996240980705,0.35374466656254727,0.0
0.7488103857590023,1.0,0.00316,0.1,0.0,19.317996240980705,0.35374466656254727,0.0
0.7488103857590023,1.0,0.00398,0.1,0.0,19.317996240980705,0.35374466656254727,0.0
0.7488103857590023,1.0,0.00501,0.1,0.0,19.317996240980705,0.35374466656254727,0.0
0.7488103857590023,1.0,0.00631,0.1,0.0,19.317996240980705,0.35374466656254727,0.0
0.7842822061337682,1.0,3.16e-07,0.1,0.0,20.488639016001528,0.3751810843435548,0.0
0.7842822061337682,1.0,3.98e-07,0.1,0.0,20.488639016001528,0.3751810843435548,0.0
0.7842822061337682,1.0,5.01e-07,0.1,0.0,20.488639016001528,0.3751810843435548,0.0
0.7842822061337682,1.0,6.31e-07,0.1,0.0,20.488639016001528,0.3751810843435548,0.0
0.7842822061337682,1.0,7.94e-07,0.1,0.0,20.488639016001528,0.3751810843435548,0.0
0.7842822061337682,1.0,1e-06,0.1,0.0,20.488639016001528,0.3751810843435548,0.0
0.7842822061337682,1.0,1.26e-06,0.1,0.0,20.488639016001528,0.3751810843435548,0.0
0.7842822061337682,1.0,1.58e-06,0.1,0.0,20.488639016001528,0.3751810843435548,0.0
0.7842822061337682,1.0,2e-06,0.1,0.0,20.488639016001528,0.3751810843435548,0.0
0.7842822061337682,1.0,2.51e-06,0.1,3.3333333333333335e-05,20.488639016001528,0.3751810843435548,81.95455606400613
0.7842822061337682,1.0,3.98e-06,0.1,0.0001,20.488639016001528,0.3751810843435548,245.86366819201837
0.7842822061337682,1.0,5.01e-06,0.1,6.666666666666667e-05,20.488639016001528,0.3751810843435548,163.90911212801225
0.7842822061337682,1.0,7.94e-06,0.1,6.666666666666667e-05,20.488639016001528,0.3751810843435548,163.90911212801225
0.7842822061337682,1.0,1e-05,0.1,6.666666666666667e-05,20.488639016001528,0.3751810843435548,163.90911212801225
0.7842822061337682,1.0,1.26e-05,0.1,0.00023333333333333333,20.488639016001528,0.3751810843435548,573.6818924480428
0.7842822061337682,1.0,1.58e-05,0.1,0.0001,20.488639016001528,0.3751810843435548,245.86366819201837
0.7842822061337682,1.0,2.51e-05,0.1,0.0005,20.488639016001528,0.3751810843435548,1229.3183409600917
0.7842822061337682,1.0,3.16e-05,0.1,0.0006,20.488639016001528,0.3751810843435548,1475.1820091521101
0.7842822061337682,1.0,3.98e-05,0.1,0.0011,20.488639016001528,0.3751810843435548,2704.5003501122023
0.7842822061337682,1.0,5.01e-05,0.1,0.0013333333333333333,20.488639016001528,0.3751810843435548,3278.182242560245
0.7842822061337682,1.0,6.31e-05,0.1,0.0018666666666666666,20.488639016001528,0.3751810843435548,4589.455139584343
0.7842822061337682,1.0,7.94e-05,0.1,0.0018,20.488639016001528,0.3751810843435548,4425.54602745633
0.7842822061337682,1.0,0.0001,0.1,0.0017666666666666666,20.488639016001528,0.3751810843435548,4343.591471392324
0.7842822061337682,1.0,0.000126,0.1,0.0021,20.488639016001528,0.3751810843435548,5163.137032032385
0.7842822061337682,1.0,0.000158,0.1,0.0012333333333333332,20.488639016001528,0.3751810843435548,3032.318574368226
0.7842822061337682,1.0,0.0002,0.1,0.0005,20.488639016001528,0.3751810843435548,1229.3183409600917
0.7842822061337682,1.0,0.000251,0.1,0.0002,20.488639016001528,0.3751810843435548,491.72733638403673
0.7842822061337682,1.0,0.000316,0.1,3.3333333333333335e-05,20.488639016001528,0.3751810843435548,81.95455606400613
0.7842822061337682,1.0,0.000398,0.1,3.3333333333333335e-05,20.488639016001528,0.3751810843435548,81.95455606400613
0.7842822061337682,1.0,0.000501,0.1,0.0,20.488639016001528,0.3751810843435548,0.0
0.7842822061337682,1.0,0.000631,0.1,0.0,20.488639016001528,0.3751810843435548,0.0
0.7842822061337682,1.0,0.000794,0.1,0.0,20.488639016001528,0.3751810843435548,0.0
0.7842822061337682,1.0,0.001,0.1,0.0,20.488639016001528,0.3751810843435548,0.0
0.7842822061337682,1.0,0.00126,0.1,0.0,20.488639016001528,0.3751810843435548,0.0
0.7842822061337682,1.0,0.00158,0.1,0.0,20.488639016001528,0.3751810843435548,0.0
0.7842822061337682,1.0,0.002,0.1,0.0,20.488639016001528,0.3751810843435548,0.0
0.7842822061337682,1.0,0.00251,0.1,0.0,20.488639016001528,0.3751810843435548,0.0
0.7842822061337682,1.0,0.00316,0.1,0.0,20.488639016001528,0.3751810843435548,0.0
0.7842822061337682,1.0,0.00398,0.1,0.0,20.488639016001528,0.3751810843435548,0.0
0.7842822061337682,1.0,0.00501,0.1,0.0,20.488639016001528,0.3751810843435548,0.0
0.7842822061337682,1.0,0.00631,0.1,0.0,20.488639016001528,0.3751810843435548,0.0
0.821434358491943,1.0,3.16e-07,0.1,0.0,21.686629495436968,0.3971182841134768,0.0
0.821434358491943,1.0,3.98e-07,0.1,0.0,21.686629495436968,0.3971182841134768,0.0
0.821434358491943,1.0,5.01e-07,0.1,0.0,21.686629495436968,0.3971182841134768,0.0
0.821434358491943,1.0,6.31e-07,0.1,0.0,21.686629495436968,0.3971182841134768,0.0
0.821434358491943,1.0,7.94e-07,0.1,0.0,21.686629495436968,0.3971182841134768,0.0
0.821434358491943,1.0,1e-06,0.1,0.0,21.686629495436968,0.3971182841134768,0.0
0.821434358491943,1.0,1.26e-06,0.1,0.0,21.686629495436968,0.3971182841134768,0.0
0.821434358491943,1.0,1.58e-06,0.1,0.0,21.686629495436968,0.3971182841134768,0.0
0.821434358491943,1.0,2e-06,0.1,0.0,21.686629495436968,0.3971182841134768,0.0
0.821434358491943,1.0,2.51e-06,0.1,3.3333333333333335e-05,21.686629495436968,0.3971182841134768,86.7465179817479
0.821434358491943,1.0,3.98e-06,0.1,0.0001,21.686629495436968,0.3971182841134768,260.2395539452437
0.821434358491943,1.0,5.01e-06,0.1,6.666666666666667e-05,21.686629495436968,0.3971182841134768,173.4930359634958
0.821434358491943,1.0,7.94e-06,0.1,6.666666666666667e-05,21.686629495436968,0.3971182841134768,173.4930359634958
0.821434358491943,1.0,1e-05,0.1,6.666666666666667e-05,21.686629495436968,0.3971182841134768,173.4930359634958
0.821434358491943,1.0,1.26e-05,0.1,0.00023333333333333333,21.686629495436968,0.3971182841134768,607.2256258722352
0.821434358491943,1.0,1.58e-05,0.1,0.0001,21.686629495436968,0.3971182841134768,260.2395539452437
0.821434358491943,1.0,2.51e-05,0.1,0.0005,21.686629495436968,0.3971182841134768,1301.1977697262184
0.821434358491943,1.0,3.16e-05,0.1,0.0006,21.686629495436968,0.3971182841134768,1561.4373236714619
0.821434358491943,1.0,3.98e-05,0.1,0.0011,21.686629495436968,0.3971182841134768,2862.6350933976805
0.821434358491943,1.0,5.01e-05,0.1,0.0013333333333333333,21.686629495436968,0.3971182841134768,3469.860719269915
0.821434358491943,1.0,6.31e-05,0.1,0.0018666666666666666,21.686629495436968,0.3971182841134768,4857.805006977882
0.821434358491943,1.0,7.94e-05,0.1,0.0018,21.686629495436968,0.3971182841134768,4684.3119710143865
0.821434358491943,1.0,0.0001,0.1,0.0017666666666666666,21.686629495436968,0.3971182841134768,4597.565453032638
0.821434358491943,1.0,0.000126,0.1,0.0021,21.686629495436968,0.3971182841134768,5465.030632850117
0.821434358491943,1.0,0.000158,0.1,0.0012333333333333332,21.686629495436968,0.3971182841134768,3209.621165324672
0.821434358491943,1.0,0.0002,0.1,0.0005,21.686629495436968,0.3971182841134768,1301.1977697262184
0.821434358491943,1.0,0.000251,0.1,0.0002,21.686629495436968,0.3971182841134768,520.4791078904874
0.821434358491943,1.0,0.000316,0.1,3.3333333333333335e-05,21.686629495436968,0.3971182841134768,86.7465179817479
0.821434358491943,1.0,0.000398,0.1,3.3333333333333335e-05,21.686629495436968,0.3971182841134768,86.7465179817479
0.821434358491943,1.0,0.000501,0.1,0.0,21.686629495436968,0.3971182841134768,0.0
0.821434358491943,1.0,0.000631,0.1,0.0,21.686629495436968,0.3971182841134768,0.0
0.821434358491943,1.0,0.000794,0.1,0.0,21.686629495436968,0.3971182841134768,0.0
0.821434358491943,1.0,0.001,0.1,0.0,21.686629495436968,0.3971182841134768,0.0
0.821434358491943,1.0,0.00126,0.1,0.0,21.686629495436968,0.3971182841134768,0.0
0.821434358491943,1.0,0.00158,0.1,0.0,21.686629495436968,0.3971182841134768,0.0
0.821434358491943,1.0,0.002,0.1,0.0,21.686629495436968,0.3971182841134768,0.0
0.821434358491943,1.0,0.00251,0.1,0.0,21.686629495436968,0.3971182841134768,0.0
0.821434358491943,1.0,0.00316,0.1,0.0,21.686629495436968,0.3971182841134768,0.0
0.821434358491943,1.0,0.00398,0.1,0.0,21.686629495436968,0.3971182841134768,0.0
0.821434358491943,1.0,0.00501,0.1,0.0,21.686629495436968,0.3971182841134768,0.0
0.821434358491943,1.0,0.00631,0.1,0.0,21.686629495436968,0.3971182841134768,0.0
0.8603464416684501,1.0,3.16e-07,0.1,0.0,22.90764059402948,0.41947702973868306,0.0
0.8603464416684501,1.0,3.98e-07,0.1,0.0,22.90764059402948,0.41947702973868306,0.0
0.8603464416684501,1.0,5.01e-07,0.1,0.0,22.90764059402948,0.41947702973868306,0.0
0.8603464416684501,1.0,6.31e-07,0.1,0.0,22.90764059402948,0.41947702973868306,0.0
0.8603464416684501,1.0,7.94e-07,0.1,0.0,22.90764059402948,0.41947702973868306,0.0
0.8603464416684501,1.0,1e-06,0.1,0.0,22.90764059402948,0.41947702973868306,0.0
0.8603464416684501,1.0,1.26e-06,0.1,0.0,22.90764059402948,0.41947702973868306,0.0
0.8603464416684501,1.0,1.58e-06,0.1,0.0,22.90764059402948,0.41947702973868306,0.0
0.8603464416684501,1.0,2e-06,0.1,0.0,22.90764059402948,0.41947702973868306,0.0
0.8603464416684501,1.0,2.51e-06,0.1,3.3333333333333335e-05,22.90764059402948,0.41947702973868306,91.63056237611795
0.8603464416684501,1.0,3.98e-06,0.1,0.0001,22.90764059402948,0.41947702973868306,274.8916871283538
0.8603464416684501,1.0,5.01e-06,0.1,6.666666666666667e-05,22.90764059402948,0.41947702973868306,183.2611247522359
0.8603464416684501,1.0,7.94e-06,0.1,6.666666666666667e-05,22.90764059402948,0.41947702973868306,183.2611247522359
0.8603464416684501,1.0,1e-05,0.1,6.666666666666667e-05,22.90764059402948,0.41947702973868306,183.2611247522359
0.8603464416684501,1.0,1.26e-05,0.1,0.00023333333333333333,22.90764059402948,0.41947702973868306,641.4139366328255
0.8603464416684501,1.0,1.58e-05,0.1,0.0001,22.90764059402948,0.41947702973868306,274.8916871283538
0.8603464416684501,1.0,2.51e-05,0.1,0.0005,22.90764059402948,0.41947702973868306,1374.458435641769
0.8603464416684501,1.0,3.16e-05,0.1,0.0006,22.90764059402948,0.41947702973868306,1649.3501227701227
0.8603464416684501,1.0,3.98e-05,0.1,0.0011,22.90764059402948,0.41947702973868306,3023.808558411892
0.8603464416684501,1.0,5.01e-05,0.1,0.0013333333333333333,22.90764059402948,0.41947702973868306,3665.222495044717
0.8603464416684501,1.0,6.31e-05,0.1,0.0018666666666666666,22.90764059402948,0.41947702973868306,5131.311493062604
0.8603464416684501,1.0,7.94e-05,0.1,0.0018,22.90764059402948,0.41947702973868306,4948.050368310368
0.8603464416684501,1.0,0.0001,0.1,0.0017666666666666666,22.90764059402948,0.41947702973868306,4856.419805934251
0.8603464416684501,1.0,0.000126,0.1,0.0021,22.90764059402948,0.41947702973868306,5772.72542969543
0.8603464416684501,1.0,0.000158,0.1,0.0012333333333333332,22.90764059402948,0.41947702973868306,3390.3308079163635
0.8603464416684501,1.0,0.0002,0.1,0.0005,22.90764059402948,0.41947702973868306,1374.458435641769
0.8603464416684501,1.0,0.000251,0.1,0.0002,22.90764059402948,0.41947702973868306,549.7833742567076
0.8603464416684501,1.0,0.000316,0.1,3.3333333333333335e-05,22.90764059402948,0.41947702973868306,91.63056237611795
0.8603464416684501,1.0,0.000398,0.1,3.3333333333333335e-05,22.90764059402948,0.41947702973868306,91.63056237611795
0.8603464416684501,1.0,0.000501,0.1,0.0,22.90764059402948,0.41947702973868306,0.0
0.8603464416684501,1.0,0.000631,0.1,0.0,22.90764059402948,0.41947702973868306,0.0
0.8603464416684501,1.0,0.000794,0.1,0.0,22.90764059402948,0.41947702973868306,0.0
0.8603464416684501,1.0,0.001,0.1,0.0,22.90764059402948,0.41947702973868306,0.0
0.8603464416684501,1.0,0.00126,0.1,0.0,22.90764059402948,0.41947702973868306,0.0
0.8603464416684501,1.0,0.00158,0.1,0.0,22.90764059402948,0.41947702973868306,0.0
0.8603464416684501,1.0,0.002,0.1,0.0,22.90764059402948,0.41947702973868306,0.0
0.8603464416684501,1.0,0.00251,0.1,0.0,22.90764059402948,0.41947702973868306,0.0
0.8603464416684501,1.0,0.00316,0.1,0.0,22.90764059402948,0.41947702973868306,0.0
0.8603464416684501,1.0,0.00398,0.1,0.0,22.90764059402948,0.41947702973868306,0.0
0.8603464416684501,1.0,0.00501,0.1,0.0,22.90764059402948,0.41947702973868306,0.0
0.8603464416684501,1.0,0.00631,0.1,0.0,22.90764059402948,0.41947702973868306,0.0
0.9011018251665018,1.0,3.16e-07,0.1,0.0,24.146977323948008,0.44217134817703735,0.0
0.9011018251665018,1.0,3.98e-07,0.1,0.0,24.146977323948008,0.44217134817703735,0.0
0.9011018251665018,1.0,5.01e-07,0.1,0.0,24.146977323948008,0.44217134817703735,0.0
0.9011018251665018,1.0,6.31e-07,0.1,0.0,24.146977323948008,0.44217134817703735,0.0
0.9011018251665018,1.0,7.94e-07,0.1,0.0,24.146977323948008,0.44217134817703735,0.0
0.9011018251665018,1.0,1e-06,0.1,0.0,24.146977323948008,0.44217134817703735,0.0
0.9011018251665018,1.0,1.26e-06,0.1,0.0,24.146977323948008,0.44217134817703735,0.0
0.9011018251665018,1.0,1.58e-06,0.1,0.0,24.146977323948008,0.44217134817703735,0.0
0.9011018251665018,1.0,2e-06,0.1,0.0,24.146977323948008,0.44217134817703735,0.0
0.9011018251665018,1.0,2.51e-06,0.1,3.3333333333333335e-05,24.146977323948008,0.44217134817703735,96.58790929579204
0.9011018251665018,1.0,3.98e-06,0.1,0.0001,24.146977323948008,0.44217134817703735,289.76372788737615
0.9011018251665018,1.0,5.01e-06,0.1,6.666666666666667e-05,24.146977323948008,0.44217134817703735,193.1758185915841
0.9011018251665018,1.0,7.94e-06,0.1,6.666666666666667e-05,24.146977323948008,0.44217134817703735,193.1758185915841
0.9011018251665018,1.0,1e-05,0.1,6.666666666666667e-05,24.146977323948008,0.44217134817703735,193.1758185915841
0.9011018251665018,1.0,1.26e-05,0.1,0.00023333333333333333,24.146977323948008,0.44217134817703735,676.1153650705443
0.9011018251665018,1.0,1.58e-05,0.1,0.0001,24.146977323948008,0.44217134817703735,289.76372788737615
0.9011018251665018,1.0,2.51e-05,0.1,0.0005,24.146977323948008,0.44217134817703735,1448.8186394368806
0.9011018251665018,1.0,3.16e-05,0.1,0.0006,24.146977323948008,0.44217134817703735,1738.5823673242567
0.9011018251665018,1.0,3.98e-05,0.1,0.0011,24.146977323948008,0.44217134817703735,3187.4010067611375
0.9011018251665018,1.0,5.01e-05,0.1,0.0013333333333333333,24.146977323948008,0.44217134817703735,3863.5163718316817
0.9011018251665018,1.0,6.31e-05,0.1,0.0018666666666666666,24.146977323948008,0.44217134817703735,5408.922920564354
0.9011018251665018,1.0,7.94e-05,0.1,0.0018,24.146977323948008,0.44217134817703735,5215.74710197277
0.9011018251665018,1.0,0.0001,0.1,0.0017666666666666666,24.146977323948008,0.44217134817703735,5119.159192676978
0.9011018251665018,1.0,0.000126,0.1,0.0021,24.146977323948008,0.44217134817703735,6085.038285634899
0.9011018251665018,1.0,0.000158,0.1,0.0012333333333333332,24.146977323948008,0.44217134817703735,3573.752643944305
0.9011018251665018,1.0,0.0002,0.1,0.0005,24.146977323948008,0.44217134817703735,1448.8186394368806
0.9011018251665018,1.0,0.000251,0.1,0.0002,24.146977323948008,0.44217134817703735,579.5274557747523
0.9011018251665018,1.0,0.000316,0.1,3.3333333333333335e-05,24.146977323948008,0.44217134817703735,96.58790929579204
0.9011018251665018,1.0,0.000398,0.1,3.3333333333333335e-05,24.146977323948008,0.44217134817703735,96.58790929579204
0.9011018251665018,1.0,0.000501,0.1,0.0,24.146977323948008,0.44217134817703735,0.0
0.9011018251665018,1.0,0.000631,0.1,0.0,24.146977323948008,0.44217134817703735,0.0
0.9011018251665018,1.0,0.000794,0.1,0.0,24.146977323948008,0.44217134817703735,0.0
0.9011018251665018,1.0,0.001,0.1,0.0,24.146977323948008,0.44217134817703735,0.0
0.9011018251665018,1.0,0.00126,0.1,0.0,24.146977323948008,0.44217134817703735,0.0
0.9011018251665018,1.0,0.00158,0.1,0.0,24.146977323948008,0.44217134817703735,0.0
0.9011018251665018,1.0,0.002,0.1,0.0,24.146977323948008,0.44217134817703735,0.0
0.9011018251665018,1.0,0.00251,0.1,0.0,24.146977323948008,0.44217134817703735,0.0
0.9011018251665018,1.0,0.00316,0.1,0.0,24.146977323948008,0.44217134817703735,0.0
0.9011018251665018,1.0,0.00398,0.1,0.0,24.146977323948008,0.44217134817703735,0.0
0.9011018251665018,1.0,0.00501,0.1,0.0,24.146977323948008,0.44217134817703735,0.0
0.9011018251665018,1.0,0.00631,0.1,0.0,24.146977323948008,0.44217134817703735,0.0
0.9437878277775381,1.0,3.16e-07,0.1,0.0,25.399644183740456,0.46510976348178823,0.0
0.9437878277775381,1.0,3.98e-07,0.1,0.0,25.399644183740456,0.46510976348178823,0.0
0.9437878277775381,1.0,5.01e-07,0.1,0.0,25.399644183740456,0.46510976348178823,0.0
0.9437878277775381,1.0,6.31e-07,0.1,0.0,25.399644183740456,0.46510976348178823,0.0
0.9437878277775381,1.0,7.94e-07,0.1,0.0,25.399644183740456,0.46510976348178823,0.0
0.9437878277775381,1.0,1e-06,0.1,0.0,25.399644183740456,0.46510976348178823,0.0
0.9437878277775381,1.0,1.26e-06,0.1,0.0,25.399644183740456,0.46510976348178823,0.0
0.9437878277775381,1.0,1.58e-06,0.1,0.0,25.399644183740456,0.46510976348178823,0.0
0.9437878277775381,1.0,2e-06,0.1,0.0,25.399644183740456,0.46510976348178823,0.0
0.9437878277775381,1.0,2.51e-06,0.1,3.3333333333333335e-05,25.399644183740456,0.46510976348178823,101.59857673496184
0.9437878277775381,1.0,3.98e-06,0.1,0.0001,25.399644183740456,0.46510976348178823,304.7957302048855
0.9437878277775381,1.0,5.01e-06,0.1,6.666666666666667e-05,25.399644183740456,0.46510976348178823,203.19715346992368
0.9437878277775381,1.0,7.94e-06,0.1,6.666666666666667e-05,25.399644183740456,0.46510976348178823,203.19715346992368
0.9437878277775381,1.0,1e-05,0.1,6.666666666666667e-05,25.399644183740456,0.46510976348178823,203.19715346992368
0.9437878277775381,1.0,1.26e-05,0.1,0.00023333333333333333,25.399644183740456,0.46510976348178823,711.1900371447329
0.9437878277775381,1.0,1.58e-05,0.1,0.0001,25.399644183740456,0.46510976348178823,304.7957302048855
0.9437878277775381,1.0,2.51e-05,0.1,0.0005,25.399644183740456,0.46510976348178823,1523.9786510244276
0.9437878277775381,1.0,3.16e-05,0.1,0.0006,25.399644183740456,0.46510976348178823,1828.774381229313
0.9437878277775381,1.0,3.98e-05,0.1,0.0011,25.399644183740456,0.46510976348178823,3352.753032253741
0.9437878277775381,1.0,5.01e-05,0.1,0.0013333333333333333,25.399644183740456,0.46510976348178823,4063.943069398473
0.9437878277775381,1.0,6.31e-05,0.1,0.0018666666666666666,25.399644183740456,0.46510976348178823,5689.520297157863
0.9437878277775381,1.0,7.94e-05,0.1,0.0018,25.399644183740456,0.46510976348178823,5486.32314368794
0.9437878277775381,1.0,0.0001,0.1,0.0017666666666666666,25.399644183740456,0.46510976348178823,5384.724566952977
0.9437878277775381,1.0,0.000126,0.1,0.0021,25.399644183740456,0.46510976348178823,6400.710334302596
0.9437878277775381,1.0,0.000158,0.1,0.0012333333333333332,25.399644183740456,0.46510976348178823,3759.147339193588
0.9437878277775381,1.0,0.0002,0.1,0.0005,25.399644183740456,0.46510976348178823,1523.9786510244276
0.9437878277775381,1.0,0.000251,0.1,0.0002,25.399644183740456,0.46510976348178823,609.591460409771
0.9437878277775381,1.0,0.000316,0.1,3.3333333333333335e-05,25.399644183740456,0.46510976348178823,101.59857673496184
0.9437878277775381,1.0,0.000398,0.1,3.3333333333333335e-05,25.399644183740456,0.46510976348178823,101.59857673496184
0.9437878277775381,1.0,0.000501,0.1,0.0,25.399644183740456,0.46510976348178823,0.0
0.9437878277775381,1.0,0.000631,0.1,0.0,25.399644183740456,0.46510976348178823,0.0
0.9437878277775381,1.0,0.000794,0.1,0.0,25.399644183740456,0.46510976348178823,0.0
0.9437878277775381,1.0,0.001,0.1,0.0,25.399644183740456,0.46510976348178823,0.0
0.9437878277775381,1.0,0.00126,0.1,0.0,25.399644183740456,0.46510976348178823,0.0
0.9437878277775381,1.0,0.00158,0.1,0.0,25.399644183740456,0.46510976348178823,0.0
0.9437878277775381,1.0,0.002,0.1,0.0,25.399644183740456,0.46510976348178823,0.0
0.9437878277775381,1.0,0.00251,0.1,0.0,25.399644183740456,0.46510976348178823,0.0
0.9437878277775381,1.0,0.00316,0.1,0.0,25.399644183740456,0.46510976348178823,0.0
0.9437878277775381,1.0,0.00398,0.1,0.0,25.399644183740456,0.46510976348178823,0.0
0.9437878277775381,1.0,0.00501,0.1,0.0,25.399644183740456,0.46510976348178823,0.0
0.9437878277775381,1.0,0.00631,0.1,0.0,25.399644183740456,0.46510976348178823,0.0
0.9884959046625587,1.0,3.16e-07,0.1,0.0,26.660422821135302,0.48819671893673877,0.0
0.9884959046625587,1.0,3.98e-07,0.1,0.0,26.660422821135302,0.48819671893673877,0.0
0.9884959046625587,1.0,5.01e-07,0.1,0.0,26.660422821135302,0.48819671893673877,0.0
0.9884959046625587,1.0,6.31e-07,0.1,0.0,26.660422821135302,0.48819671893673877,0.0
0.9884959046625587,1.0,7.94e-07,0.1,0.0,26.660422821135302,0.48819671893673877,0.0
0.9884959046625587,1.0,1e-06,0.1,0.0,26.660422821135302,0.48819671893673877,0.0
0.9884959046625587,1.0,1.26e-06,0.1,0.0,26.660422821135302,0.48819671893673877,0.0
0.9884959046625587,1.0,1.58e-06,0.1,0.0,26.660422821135302,0.48819671893673877,0.0
0.9884959046625587,1.0,2e-06,0.1,0.0,26.660422821135302,0.48819671893673877,0.0
0.9884959046625587,1.0,2.51e-06,0.1,3.3333333333333335e-05,26.660422821135302,0.48819671893673877,106.64169128454124
0.9884959046625587,1.0,3.98e-06,0.1,0.0001,26.660422821135302,0.48819671893673877,319.92507385362364
0.9884959046625587,1.0,5.01e-06,0.1,6.666666666666667e-05,26.660422821135302,0.48819671893673877,213.28338256908248
0.9884959046625587,1.0,7.94e-06,0.1,6.666666666666667e-05,26.660422821135302,0.48819671893673877,213.28338256908248
0.9884959046625587,1.0,1e-05,0.1,6.666666666666667e-05,26.660422821135302,0.48819671893673877,213.28338256908248
0.9884959046625587,1.0,1.26e-05,0.1,0.00023333333333333333,26.660422821135302,0.48819671893673877,746.4918389917885
0.9884959046625587,1.0,1.58e-05,0.1,0.0001,26.660422821135302,0.48819671893673877,319.92507385362364
0.9884959046625587,1.0,2.51e-05,0.1,0.0005,26.660422821135302,0.48819671893673877,1599.6253692681184
0.9884959046625587,1.0,3.16e-05,0.1,0.0006,26.660422821135302,0.48819671893673877,1919.5504431217419
0.9884959046625587,1.0,3.98e-05,0.1,0.0011,26.660422821135302,0.48819671893673877,3519.1758123898603
0.9884959046625587,1.0,5.01e-05,0.1,0.0013333333333333333,26.660422821135302,0.48819671893673877,4265.667651381648
0.9884959046625587,1.0,6.31e-05,0.1,0.0018666666666666666,26.660422821135302,0.48819671893673877,5971.934711934308
0.9884959046625587,1.0,7.94e-05,0.1,0.0018,26.660422821135302,0.48819671893673877,5758.651329365226
0.9884959046625587,1.0,0.0001,0.1,0.0017666666666666666,26.660422821135302,0.48819671893673877,5652.009638080684
0.9884959046625587,1.0,0.000126,0.1,0.0021,26.660422821135302,0.48819671893673877,6718.426550926097
0.9884959046625587,1.0,0.000158,0.1,0.0012333333333333332,26.660422821135302,0.48819671893673877,3945.7425775280244
0.9884959046625587,1.0,0.0002,0.1,0.0005,26.660422821135302,0.48819671893673877,1599.6253692681184
0.9884959046625587,1.0,0.000251,0.1,0.0002,26.660422821135302,0.48819671893673877,639.8501477072473
0.9884959046625587,1.0,0.000316,0.1,3.3333333333333335e-05,26.660422821135302,0.48819671893673877,106.64169128454124
0.9884959046625587,1.0,0.000398,0.1,3.3333333333333335e-05,26.660422821135302,0.48819671893673877,106.64169128454124
0.9884959046625587,1.0,0.000501,0.1,0.0,26.660422821135302,0.48819671893673877,0.0
0.9884959046625587,1.0,0.000631,0.1,0.0,26.660422821135302,0.48819671893673877,0.0
0.9884959046625587,1.0,0.000794,0.1,0.0,26.660422821135302,0.48819671893673877,0.0
0.9884959046625587,1.0,0.001,0.1,0.0,26.660422821135302,0.48819671893673877,0.0
0.9884959046625587,1.0,0.00126,0.1,0.0,26.660422821135302,0.48819671893673877,0.0
0.9884959046625587,1.0,0.00158,0.1,0.0,26.660422821135302,0.48819671893673877,0.0
0.9884959046625587,1.0,0.002,0.1,0.0,26.660422821135302,0.48819671893673877,0.0
0.9884959046625587,1.0,0.00251,0.1,0.0,26.660422821135302,0.48819671893673877,0.0
0.9884959046625587,1.0,0.00316,0.1,0.0,26.660422821135302,0.48819671893673877,0.0
0.9884959046625587,1.0,0.00398,0.1,0.0,26.660422821135302,0.48819671893673877,0.0
0.9884959046625587,1.0,0.00501,0.1,0.0,26.660422821135302,0.48819671893673877,0.0
0.9884959046625587,1.0,0.00631,0.1,0.0,26.660422821135302,0.48819671893673877,0.0
1.0353218432956626,1.0,3.16e-07,0.1,0.0,27.923957518478083,0.5113341424368812,0.0
1.0353218432956626,1.0,3.98e-07,0.1,0.0,27.923957518478083,0.5113341424368812,0.0
1.0353218432956626,1.0,5.01e-07,0.1,0.0,27.923957518478083,0.5113341424368812,0.0
1.0353218432956626,1.0,6.31e-07,0.1,0.0,27.923957518478083,0.5113341424368812,0.0
1.0353218432956626,1.0,7.94e-07,0.1,0.0,27.923957518478083,0.5113341424368812,0.0
1.0353218432956626,1.0,1e-06,0.1,0.0,27.923957518478083,0.5113341424368812,0.0
1.0353218432956626,1.0,1.26e-06,0.1,0.0,27.923957518478083,0.5113341424368812,0.0
1.0353218432956626,1.0,1.58e-06,0.1,0.0,27.923957518478083,0.5113341424368812,0.0
1.0353218432956626,1.0,2e-06,0.1,0.0,27.923957518478083,0.5113341424368812,0.0
1.0353218432956626,1.0,2.51e-06,0.1,3.3333333333333335e-05,27.923957518478083,0.5113341424368812,111.69583007391235
1.0353218432956626,1.0,3.98e-06,0.1,0.0001,27.923957518478083,0.5113341424368812,335.0874902217371
1.0353218432956626,1.0,5.01e-06,0.1,6.666666666666667e-05,27.923957518478083,0.5113341424368812,223.3916601478247
1.0353218432956626,1.0,7.94e-06,0.1,6.666666666666667e-05,27.923957518478083,0.5113341424368812,223.3916601478247
1.0353218432956626,1.0,1e-05,0.1,6.666666666666667e-05,27.923957518478083,0.5113341424368812,223.3916601478247
1.0353218432956626,1.0,1.26e-05,0.1,0.00023333333333333333,27.923957518478083,0.5113341424368812,781.8708105173864
1.0353218432956626,1.0,1.58e-05,0.1,0.0001,27.923957518478083,0.5113341424368812,335.0874902217371
1.0353218432956626,1.0,2.51e-05,0.1,0.0005,27.923957518478083,0.5113341424368812,1675.4374511086853
1.0353218432956626,1.0,3.16e-05,0.1,0.0006,27.923957518478083,0.5113341424368812,2010.524941330422
1.0353218432956626,1.0,3.98e-05,0.1,0.0011,27.923957518478083,0.5113341424368812,3685.9623924391076
1.0353218432956626,1.0,5.01e-05,0.1,0.0013333333333333333,27.923957518478083,0.5113341424368812,4467.833202956494
1.0353218432956626,1.0,6.31e-05,0.1,0.0018666666666666666,27.923957518478083,0.5113341424368812,6254.966484139091
1.0353218432956626,1.0,7.94e-05,0.1,0.0018,27.923957518478083,0.5113341424368812,6031.574823991266
1.0353218432956626,1.0,0.0001,0.1,0.0017666666666666666,27.923957518478083,0.5113341424368812,5919.878993917355
1.0353218432956626,1.0,0.000126,0.1,0.0021,27.923957518478083,0.5113341424368812,7036.837294656478
1.0353218432956626,1.0,0.000158,0.1,0.0012333333333333332,27.923957518478083,0.5113341424368812,4132.745712734757
1.0353218432956626,1.0,0.0002,0.1,0.0005,27.923957518478083,0.5113341424368812,1675.4374511086853
1.0353218432956626,1.0,0.000251,0.1,0.0002,27.923957518478083,0.5113341424368812,670.1749804434742
1.0353218432956626,1.0,0.000316,0.1,3.3333333333333335e-05,27.923957518478083,0.5113341424368812,111.69583007391235
1.0353218432956626,1.0,0.000398,0.1,3.3333333333333335e-05,27.923957518478083,0.5113341424368812,111.69583007391235
1.0353218432956626,1.0,0.000501,0.1,0.0,27.923957518478083,0.5113341424368812,0.0
1.0353218432956626,1.0,0.000631,0.1,0.0,27.923957518478083,0.5113341424368812,0.0
1.0353218432956626,1.0,0.000794,0.1,0.0,27.923957518478083,0.5113341424368812,0.0
1.0353218432956626,1.0,0.001,0.1,0.0,27.923957518478083,0.5113341424368812,0.0
1.0353218432956626,1.0,0.00126,0.1,0.0,27.923957518478083,0.5113341424368812,0.0
1.0353218432956626,1.0,0.00158,0.1,0.0,27.923957518478083,0.5113341424368812,0.0
1.0353218432956626,1.0,0.002,0.1,0.0,27.923957518478083,0.5113341424368812,0.0
1.0353218432956626,1.0,0.00251,0.1,0.0,27.923957518478083,0.5113341424368812,0.0
1.0353218432956626,1.0,0.00316,0.1,0.0,27.923957518478083,0.5113341424368812,0.0
1.0353218432956626,1.0,0.00398,0.1,0.0,27.923957518478083,0.5113341424368812,0.0
1.0353218432956626,1.0,0.00501,0.1,0.0,27.923957518478083,0.5113341424368812,0.0
1.0353218432956626,1.0,0.00631,0.1,0.0,27.923957518478083,0.5113341424368812,0.0
1.0843659686896108,1.0,3.16e-07,0.1,0.0,29.184845584770148,0.5344231017170875,0.0
1.0843659686896108,1.0,3.98e-07,0.1,0.0,29.184845584770148,0.5344231017170875,0.0
1.0843659686896108,1.0,5.01e-07,0.1,0.0,29.184845584770148,0.5344231017170875,0.0
1.0843659686896108,1.0,6.31e-07,0.1,0.0,29.184845584770148,0.5344231017170875,0.0
1.0843659686896108,1.0,7.94e-07,0.1,0.0,29.184845584770148,0.5344231017170875,0.0
1.0843659686896108,1.0,1e-06,0.1,0.0,29.184845584770148,0.5344231017170875,0.0
1.0843659686896108,1.0,1.26e-06,0.1,0.0,29.184845584770148,0.5344231017170875,0.0
1.0843659686896108,1.0,1.58e-06,0.1,0.0,29.184845584770148,0.5344231017170875,0.0
1.0843659686896108,1.0,2e-06,0.1,0.0,29.184845584770148,0.5344231017170875,0.0
1.0843659686896108,1.0,2.51e-06,0.1,3.3333333333333335e-05,29.184845584770148,0.5344231017170875,116.73938233908062
1.0843659686896108,1.0,3.98e-06,0.1,0.0001,29.184845584770148,0.5344231017170875,350.2181470172418
1.0843659686896108,1.0,5.01e-06,0.1,6.666666666666667e-05,29.184845584770148,0.5344231017170875,233.47876467816124
1.0843659686896108,1.0,7.94e-06,0.1,6.666666666666667e-05,29.184845584770148,0.5344231017170875,233.47876467816124
1.0843659686896108,1.0,1e-05,0.1,6.666666666666667e-05,29.184845584770148,0.5344231017170875,233.47876467816124
1.0843659686896108,1.0,1.26e-05,0.1,0.00023333333333333333,29.184845584770148,0.5344231017170875,817.1756763735642
1.0843659686896108,1.0,1.58e-05,0.1,0.0001,29.184845584770148,0.5344231017170875,350.2181470172418
1.0843659686896108,1.0,2.51e-05,0.1,0.0005,29.184845584770148,0.5344231017170875,1751.090735086209
1.0843659686896108,1.0,3.16e-05,0.1,0.0006,29.184845584770148,0.5344231017170875,2101.3088821034507
1.0843659686896108,1.0,3.98e-05,0.1,0.0011,29.184845584770148,0.5344231017170875,3852.39961718966
1.0843659686896108,1.0,5.01e-05,0.1,0.0013333333333333333,29.184845584770148,0.5344231017170875,4669.575293563224
1.0843659686896108,1.0,6.31e-05,0.1,0.0018666666666666666,29.184845584770148,0.5344231017170875,6537.405410988514
1.0843659686896108,1.0,7.94e-05,0.1,0.0018,29.184845584770148,0.5344231017170875,6303.926646310352
1.0843659686896108,1.0,0.0001,0.1,0.0017666666666666666,29.184845584770148,0.5344231017170875,6187.187263971272
1.0843659686896108,1.0,0.000126,0.1,0.0021,29.184845584770148,0.5344231017170875,7354.581087362077
1.0843659686896108,1.0,0.000158,0.1,0.0012333333333333332,29.184845584770148,0.5344231017170875,4319.357146545982
1.0843659686896108,1.0,0.0002,0.1,0.0005,29.184845584770148,0.5344231017170875,1751.090735086209
1.0843659686896108,1.0,0.000251,0.1,0.0002,29.184845584770148,0.5344231017170875,700.4362940344836
1.0843659686896108,1.0,0.000316,0.1,3.3333333333333335e-05,29.184845584770148,0.5344231017170875,116.73938233908062
1.0843659686896108,1.0,0.000398,0.1,3.3333333333333335e-05,29.184845584770148,0.5344231017170875,116.73938233908062
1.0843659686896108,1.0,0.000501,0.1,0.0,29.184845584770148,0.5344231017170875,0.0
1.0843659686896108,1.0,0.000631,0.1,0.0,29.184845584770148,0.5344231017170875,0.0
1.0843659686896108,1.0,0.000794,0.1,0.0,29.184845584770148,0.5344231017170875,0.0
1.0843659686896108,1.0,0.001,0.1,0.0,29.184845584770148,0.5344231017170875,0.0
1.0843659686896108,1.0,0.00126,0.1,0.0,29.184845584770148,0.5344231017170875,0.0
1.0843659686896108,1.0,0.00158,0.1,0.0,29.184845584770148,0.5344231017170875,0.0
1.0843659686896108,1.0,0.002,0.1,0.0,29.184845584770148,0.5344231017170875,0.0
1.0843659686896108,1.0,0.00251,0.1,0.0,29.184845584770148,0.5344231017170875,0.0
1.0843659686896108,1.0,0.00316,0.1,0.0,29.184845584770148,0.5344231017170875,0.0
1.0843659686896108,1.0,0.00398,0.1,0.0,29.184845584770148,0.5344231017170875,0.0
1.0843659686896108,1.0,0.00501,0.1,0.0,29.184845584770148,0.5344231017170875,0.0
1.0843659686896108,1.0,0.00631,0.1,0.0,29.184845584770148,0.5344231017170875,0.0
1.135733358343105,1.0,3.16e-07,0.1,0.0,30.437729440208713,0.5573654905733146,0.0
1.135733358343105,1.0,3.98e-07,0.1,0.0,30.437729440208713,0.5573654905733146,0.0
1.135733358343105,1.0,5.01e-07,0.1,0.0,30.437729440208713,0.5573654905733146,0.0
1.135733358343105,1.0,6.31e-07,0.1,0.0,30.437729440208713,0.5573654905733146,0.0
1.135733358343105,1.0,7.94e-07,0.1,0.0,30.437729440208713,0.5573654905733146,0.0
1.135733358343105,1.0,1e-06,0.1,0.0,30.437729440208713,0.5573654905733146,0.0
1.135733358343105,1.0,1.26e-06,0.1,0.0,30.437729440208713,0.5573654905733146,0.0
1.135733358343105,1.0,1.58e-06,0.1,0.0,30.437729440208713,0.5573654905733146,0.0
1.135733358343105,1.0,2e-06,0.1,0.0,30.437729440208713,0.5573654905733146,0.0
1.135733358343105,1.0,2.51e-06,0.1,3.3333333333333335e-05,30.437729440208713,0.5573654905733146,121.75091776083487
1.135733358343105,1.0,3.98e-06,0.1,0.0001,30.437729440208713,0.5573654905733146,365.25275328250467
1.135733358343105,1.0,5.01e-06,0.1,6.666666666666667e-05,30.437729440208713,0.5573654905733146,243.50183552166973
1.135733358343105,1.0,7.94e-06,0.1,6.666666666666667e-05,30.437729440208713,0.5573654905733146,243.50183552166973
1.135733358343105,1.0,1e-05,0.1,6.666666666666667e-05,30.437729440208713,0.5573654905733146,243.50183552166973
1.135733358343105,1.0,1.26e-05,0.1,0.00023333333333333333,30.437729440208713,0.5573654905733146,852.2564243258441
1.135733358343105,1.0,1.58e-05,0.1,0.0001,30.437729440208713,0.5573654905733146,365.25275328250467
1.135733358343105,1.0,2.51e-05,0.1,0.0005,30.437729440208713,0.5573654905733146,1826.2637664125232
1.135733358343105,1.0,3.16e-05,0.1,0.0006,30.437729440208713,0.5573654905733146,2191.5165196950275
1.135733358343105,1.0,3.98e-05,0.1,0.0011,30.437729440208713,0.5573654905733146,4017.7802861075506
1.135733358343105,1.0,5.01e-05,0.1,0.0013333333333333333,30.437729440208713,0.5573654905733146,4870.0367104333955
1.135733358343105,1.0,6.31e-05,0.1,0.0018666666666666666,30.437729440208713,0.5573654905733146,6818.051394606753
1.135733358343105,1.0,7.94e-05,0.1,0.0018,30.437729440208713,0.5573654905733146,6574.549559085083
1.135733358343105,1.0,0.0001,0.1,0.0017666666666666666,30.437729440208713,0.5573654905733146,6452.798641324248
1.135733358343105,1.0,0.000126,0.1,0.0021,30.437729440208713,0.5573654905733146,7670.307818932596
1.135733358343105,1.0,0.000158,0.1,0.0012333333333333332,30.437729440208713,0.5573654905733146,4504.78395715089
1.135733358343105,1.0,0.0002,0.1,0.0005,30.437729440208713,0.5573654905733146,1826.2637664125232
1.135733358343105,1.0,0.000251,0.1,0.0002,30.437729440208713,0.5573654905733146,730.5055065650093
1.135733358343105,1.0,0.000316,0.1,3.3333333333333335e-05,30.437729440208713,0.5573654905733146,121.75091776083487
1.135733358343105,1.0,0.000398,0.1,3.3333333333333335e-05,30.437729440208713,0.5573654905733146,121.75091776083487
1.135733358343105,1.0,0.000501,0.1,0.0,30.437729440208713,0.5573654905733146,0.0
1.135733358343105,1.0,0.000631,0.1,0.0,30.437729440208713,0.5573654905733146,0.0
1.135733358343105,1.0,0.000794,0.1,0.0,30.437729440208713,0.5573654905733146,0.0
1.135733358343105,1.0,0.001,0.1,0.0,30.437729440208713,0.5573654905733146,0.0
1.135733358343105,1.0,0.00126,0.1,0.0,30.437729440208713,0.5573654905733146,0.0
1.135733358343105,1.0,0.00158,0.1,0.0,30.437729440208713,0.5573654905733146,0.0
1.135733358343105,1.0,0.002,0.1,0.0,30.437729440208713,0.5573654905733146,0.0
1.135733358343105,1.0,0.00251,0.1,0.0,30.437729440208713,0.5573654905733146,0.0
1.135733358343105,1.0,0.00316,0.1,0.0,30.437729440208713,0.5573654905733146,0.0
1.135733358343105,1.0,0.00398,0.1,0.0,30.437729440208713,0.5573654905733146,0.0
1.135733358343105,1.0,0.00501,0.1,0.0,30.437729440208713,0.5573654905733146,0.0
1.135733358343105,1.0,0.00631,0.1,0.0,30.437729440208713,0.5573654905733146,0.0
1.1895340673703196,1.0,3.16e-07,0.1,0.0,31.677387075179478,0.5800656853173316,0.0
1.1895340673703196,1.0,3.98e-07,0.1,0.0,31.677387075179478,0.5800656853173316,0.0
1.1895340673703196,1.0,5.01e-07,0.1,0.0,31.677387075179478,0.5800656853173316,0.0
1.1895340673703196,1.0,6.31e-07,0.1,0.0,31.677387075179478,0.5800656853173316,0.0
1.1895340673703196,1.0,7.94e-07,0.1,0.0,31.677387075179478,0.5800656853173316,0.0
1.1895340673703196,1.0,1e-06,0.1,0.0,31.677387075179478,0.5800656853173316,0.0
1.1895340673703196,1.0,1.26e-06,0.1,0.0,31.677387075179478,0.5800656853173316,0.0
1.1895340673703196,1.0,1.58e-06,0.1,0.0,31.677387075179478,0.5800656853173316,0.0
1.1895340673703196,1.0,2e-06,0.1,0.0,31.677387075179478,0.5800656853173316,0.0
1.1895340673703196,1.0,2.51e-06,0.1,3.3333333333333335e-05,31.677387075179478,0.5800656853173316,126.70954830071793
1.1895340673703196,1.0,3.98e-06,0.1,0.0001,31.677387075179478,0.5800656853173316,380.12864490215384
1.1895340673703196,1.0,5.01e-06,0.1,6.666666666666667e-05,31.677387075179478,0.5800656853173316,253.41909660143585
1.1895340673703196,1.0,7.94e-06,0.1,6.666666666666667e-05,31.677387075179478,0.5800656853173316,253.41909660143585
1.1895340673703196,1.0,1e-05,0.1,6.666666666666667e-05,31.677387075179478,0.5800656853173316,253.41909660143585
1.1895340673703196,1.0,1.26e-05,0.1,0.00023333333333333333,31.677387075179478,0.5800656853173316,886.9668381050255
1.1895340673703196,1.0,1.58e-05,0.1,0.0001,31.677387075179478,0.5800656853173316,380.12864490215384
1.1895340673703196,1.0,2.51e-05,0.1,0.0005,31.677387075179478,0.5800656853173316,1900.643224510769
1.1895340673703196,1.0,3.16e-05,0.1,0.0006,31.677387075179478,0.5800656853173316,2280.7718694129226
1.1895340673703196,1.0,3.98e-05,0.1,0.0011,31.677387075179478,0.5800656853173316,4181.415093923692
1.1895340673703196,1.0,5.01e-05,0.1,0.0013333333333333333,31.677387075179478,0.5800656853173316,5068.3819320287175
1.1895340673703196,1.0,6.31e-05,0.1,0.0018666666666666666,31.677387075179478,0.5800656853173316,7095.734704840204
1.1895340673703196,1.0,7.94e-05,0.1,0.0018,31.677387075179478,0.5800656853173316,6842.315608238769
1.1895340673703196,1.0,0.0001,0.1,0.0017666666666666666,31.677387075179478,0.5800656853173316,6715.60605993805
1.1895340673703196,1.0,0.000126,0.1,0.0021,31.677387075179478,0.5800656853173316,7982.7015429452285
1.1895340673703196,1.0,0.000158,0.1,0.0012333333333333332,31.677387075179478,0.5800656853173316,4688.253287126563
1.1895340673703196,1.0,0.0002,0.1,0.0005,31.677387075179478,0.5800656853173316,1900.643224510769
1.1895340673703196,1.0,0.000251,0.1,0.0002,31.677387075179478,0.5800656853173316,760.2572898043077
1.1895340673703196,1.0,0.000316,0.1,3.3333333333333335e-05,31.677387075179478,0.5800656853173316,126.70954830071793
1.1895340673703196,1.0,0.000398,0.1,3.3333333333333335e-05,31.677387075179478,0.5800656853173316,126.70954830071793
1.1895340673703196,1.0,0.000501,0.1,0.0,31.677387075179478,0.5800656853173316,0.0
1.1895340673703196,1.0,0.000631,0.1,0.0,31.677387075179478,0.5800656853173316,0.0
1.1895340673703196,1.0,0.000794,0.1,0.0,31.677387075179478,0.5800656853173316,0.0
1.1895340673703196,1.0,0.001,0.1,0.0,31.677387075179478,0.5800656853173316,0.0
1.1895340673703196,1.0,0.00126,0.1,0.0,31.677387075179478,0.5800656853173316,0.0
1.1895340673703196,1.0,0.00158,0.1,0.0,31.677387075179478,0.5800656853173316,0.0
1.1895340673703196,1.0,0.002,0.1,0.0,31.677387075179478,0.5800656853173316,0.0
1.1895340673703196,1.0,0.00251,0.1,0.0,31.677387075179478,0.5800656853173316,0.0
1.1895340673703196,1.0,0.00316,0.1,0.0,31.677387075179478,0.5800656853173316,0.0
1.1895340673703196,1.0,0.00398,0.1,0.0,31.677387075179478,0.5800656853173316,0.0
1.1895340673703196,1.0,0.00501,0.1,0.0,31.677387075179478,0.5800656853173316,0.0
1.1895340673703196,1.0,0.00631,0.1,0.0,31.677387075179478,0.5800656853173316,0.0
1.2458833642950082,1.0,3.16e-07,0.1,0.0,32.89881766549937,0.6024321125343228,0.0
1.2458833642950082,1.0,3.98e-07,0.1,0.0,32.89881766549937,0.6024321125343228,0.0
1.2458833642950082,1.0,5.01e-07,0.1,0.0,32.89881766549937,0.6024321125343228,0.0
1.2458833642950082,1.0,6.31e-07,0.1,0.0,32.89881766549937,0.6024321125343228,0.0
1.2458833642950082,1.0,7.94e-07,0.1,0.0,32.89881766549937,0.6024321125343228,0.0
1.2458833642950082,1.0,1e-06,0.1,0.0,32.89881766549937,0.6024321125343228,0.0
1.2458833642950082,1.0,1.26e-06,0.1,0.0,32.89881766549937,0.6024321125343228,0.0
1.2458833642950082,1.0,1.58e-06,0.1,0.0,32.89881766549937,0.6024321125343228,0.0
1.2458833642950082,1.0,2e-06,0.1,0.0,32.89881766549937,0.6024321125343228,0.0
1.2458833642950082,1.0,2.51e-06,0.1,3.3333333333333335e-05,32.89881766549937,0.6024321125343228,131.59527066199752
1.2458833642950082,1.0,3.98e-06,0.1,0.0001,32.89881766549937,0.6024321125343228,394.7858119859925
1.2458833642950082,1.0,5.01e-06,0.1,6.666666666666667e-05,32.89881766549937,0.6024321125343228,263.19054132399503
1.2458833642950082,1.0,7.94e-06,0.1,6.666666666666667e-05,32.89881766549937,0.6024321125343228,263.19054132399503
1.2458833642950082,1.0,1e-05,0.1,6.666666666666667e-05,32.89881766549937,0.6024321125343228,263.19054132399503
1.2458833642950082,1.0,1.26e-05,0.1,0.00023333333333333333,32.89881766549937,0.6024321125343228,921.1668946339826
1.2458833642950082,1.0,1.58e-05,0.1,0.0001,32.89881766549937,0.6024321125343228,394.7858119859925
1.2458833642950082,1.0,2.51e-05,0.1,0.0005,32.89881766549937,0.6024321125343228,1973.9290599299625
1.2458833642950082,1.0,3.16e-05,0.1,0.0006,32.89881766549937,0.6024321125343228,2368.714871915955
1.2458833642950082,1.0,3.98e-05,0.1,0.0011,32.89881766549937,0.6024321125343228,4342.643931845918
1.2458833642950082,1.0,5.01e-05,0.1,0.0013333333333333333,32.89881766549937,0.6024321125343228,5263.8108264799
1.2458833642950082,1.0,6.31e-05,0.1,0.0018666666666666666,32.89881766549937,0.6024321125343228,7369.3351570718605
1.2458833642950082,1.0,7.94e-05,0.1,0.0018,32.89881766549937,0.6024321125343228,7106.144615747864
1.2458833642950082,1.0,0.0001,0.1,0.0017666666666666666,32.89881766549937,0.6024321125343228,6974.549345085868
1.2458833642950082,1.0,0.000126,0.1,0.0021,32.89881766549937,0.6024321125343228,8290.502051705842
1.2458833642950082,1.0,0.000158,0.1,0.0012333333333333332,32.89881766549937,0.6024321125343228,4869.025014493907
1.2458833642950082,1.0,0.0002,0.1,0.0005,32.89881766549937,0.6024321125343228,1973.9290599299625
1.2458833642950082,1.0,0.000251,0.1,0.0002,32.89881766549937,0.6024321125343228,789.571623971985
1.2458833642950082,1.0,0.000316,0.1,3.3333333333333335e-05,32.89881766549937,0.6024321125343228,131.59527066199752
1.2458833642950082,1.0,0.000398,0.1,3.3333333333333335e-05,32.89881766549937,0.6024321125343228,131.59527066199752
1.2458833642950082,1.0,0.000501,0.1,0.0,32.89881766549937,0.6024321125343228,0.0
1.2458833642950082,1.0,0.000631,0.1,0.0,32.89881766549937,0.6024321125343228,0.0
1.2458833642950082,1.0,0.000794,0.1,0.0,32.89881766549937,0.6024321125343228,0.0
1.2458833642950082,1.0,0.001,0.1,0.0,32.89881766549937,0.6024321125343228,0.0
1.2458833642950082,1.0,0.00126,0.1,0.0,32.89881766549937,0.6024321125343228,0.0
1.2458833642950082,1.0,0.00158,0.1,0.0,32.89881766549937,0.6024321125343228,0.0
1.2458833642950082,1.0,0.002,0.1,0.0,32.89881766549937,0.6024321125343228,0.0
1.2458833642950082,1.0,0.00251,0.1,0.0,32.89881766549937,0.6024321125343228,0.0
1.2458833642950082,1.0,0.00316,0.1,0.0,32.89881766549937,0.6024321125343228,0.0
1.2458833642950082,1.0,0.00398,0.1,0.0,32.89881766549937,0.6024321125343228,0.0
1.2458833642950082,1.0,0.00501,0.1,0.0,32.89881766549937,0.6024321125343228,0.0
1.2458833642950082,1.0,0.00631,0.1,0.0,32.89881766549937,0.6024321125343228,0.0
1.3049019780144029,1.0,3.16e-07,0.1,0.0,34.09731942005531,0.624378674602734,0.0
1.3049019780144029,1.0,3.98e-07,0.1,0.0,34.09731942005531,0.624378674602734,0.0
1.3049019780144029,1.0,5.01e-07,0.1,0.0,34.09731942005531,0.624378674602734,0.0
1.3049019780144029,1.0,6.31e-07,0.1,0.0,34.09731942005531,0.624378674602734,0.0
1.3049019780144029,1.0,7.94e-07,0.1,0.0,34.09731942005531,0.624378674602734,0.0
1.3049019780144029,1.0,1e-06,0.1,0.0,34.09731942005531,0.624378674602734,0.0
1.3049019780144029,1.0,1.26e-06,0.1,0.0,34.09731942005531,0.624378674602734,0.0
1.3049019780144029,1.0,1.58e-06,0.1,0.0,34.09731942005531,0.624378674602734,0.0
1.3049019780144029,1.0,2e-06,0.1,0.0,34.09731942005531,0.624378674602734,0.0
1.3049019780144029,1.0,2.51e-06,0.1,3.3333333333333335e-05,34.09731942005531,0.624378674602734,136.38927768022123
1.3049019780144029,1.0,3.98e-06,0.1,0.0001,34.09731942005531,0.624378674602734,409.1678330406637
1.3049019780144029,1.0,5.01e-06,0.1,6.666666666666667e-05,34.09731942005531,0.624378674602734,272.77855536044245
1.3049019780144029,1.0,7.94e-06,0.1,6.666666666666667e-05,34.09731942005531,0.624378674602734,272.77855536044245
1.3049019780144029,1.0,1e-05,0.1,6.666666666666667e-05,34.09731942005531,0.624378674602734,272.77855536044245
1.3049019780144029,1.0,1.26e-05,0.1,0.00023333333333333333,34.09731942005531,0.624378674602734,954.7249437615487
1.3049019780144029,1.0,1.58e-05,0.1,0.0001,34.09731942005531,0.624378674602734,409.1678330406637
1.3049019780144029,1.0,2.51e-05,0.1,0.0005,34.09731942005531,0.624378674602734,2045.8391652033185
1.3049019780144029,1.0,3.16e-05,0.1,0.0006,34.09731942005531,0.624378674602734,2455.006998243982
1.3049019780144029,1.0,3.98e-05,0.1,0.0011,34.09731942005531,0.624378674602734,4500.8461634473015
1.3049019780144029,1.0,5.01e-05,0.1,0.0013333333333333333,34.09731942005531,0.624378674602734,5455.571107208849
1.3049019780144029,1.0,6.31e-05,0.1,0.0018666666666666666,34.09731942005531,0.624378674602734,7637.79955009239
1.3049019780144029,1.0,7.94e-05,0.1,0.0018,34.09731942005531,0.624378674602734,7365.020994731945
1.3049019780144029,1.0,0.0001,0.1,0.0017666666666666666,34.09731942005531,0.624378674602734,7228.631717051725
1.3049019780144029,1.0,0.000126,0.1,0.0021,34.09731942005531,0.624378674602734,8592.524493853938
1.3049019780144029,1.0,0.000158,0.1,0.0012333333333333332,34.09731942005531,0.624378674602734,5046.403274168185
1.3049019780144029,1.0,0.0002,0.1,0.0005,34.09731942005531,0.624378674602734,2045.8391652033185
1.3049019780144029,1.0,0.000251,0.1,0.0002,34.09731942005531,0.624378674602734,818.3356660813274
1.3049019780144029,1.0,0.000316,0.1,3.3333333333333335e-05,34.09731942005531,0.624378674602734,136.38927768022123
1.3049019780144029,1.0,0.000398,0.1,3.3333333333333335e-05,34.09731942005531,0.624378674602734,136.38927768022123
1.3049019780144029,1.0,0.000501,0.1,0.0,34.09731942005531,0.624378674602734,0.0
1.3049019780144029,1.0,0.000631,0.1,0.0,34.09731942005531,0.624378674602734,0.0
1.3049019780144029,1.0,0.000794,0.1,0.0,34.09731942005531,0.624378674602734,0.0
1.3049019780144029,1.0,0.001,0.1,0.0,34.09731942005531,0.624378674602734,0.0
1.3049019780144029,1.0,0.00126,0.1,0.0,34.09731942005531,0.624378674602734,0.0
1.3049019780144029,1.0,0.00158,0.1,0.0,34.09731942005531,0.624378674602734,0.0
1.3049019780144029,1.0,0.002,0.1,0.0,34.09731942005531,0.624378674602734,0.0
1.3049019780144029,1.0,0.00251,0.1,0.0,34.09731942005531,0.624378674602734,0.0
1.3049019780144029,1.0,0.00316,0.1,0.0,34.09731942005531,0.624378674602734,0.0
1.3049019780144029,1.0,0.00398,0.1,0.0,34.09731942005531,0.624378674602734,0.0
1.3049019780144029,1.0,0.00501,0.1,0.0,34.09731942005531,0.624378674602734,0.0
1.3049019780144029,1.0,0.00631,0.1,0.0,34.09731942005531,0.624378674602734,0.0
1.3667163564620073,1.0,3.16e-07,0.1,0.0,35.268557198793,0.6458259878921991,0.0
1.3667163564620073,1.0,3.98e-07,0.1,0.0,35.268557198793,0.6458259878921991,0.0
1.3667163564620073,1.0,5.01e-07,0.1,0.0,35.268557198793,0.6458259878921991,0.0
1.3667163564620073,1.0,6.31e-07,0.1,0.0,35.268557198793,0.6458259878921991,0.0
1.3667163564620073,1.0,7.94e-07,0.1,0.0,35.268557198793,0.6458259878921991,0.0
1.3667163564620073,1.0,1e-06,0.1,0.0,35.268557198793,0.6458259878921991,0.0
1.3667163564620073,1.0,1.26e-06,0.1,0.0,35.268557198793,0.6458259878921991,0.0
1.3667163564620073,1.0,1.58e-06,0.1,0.0,35.268557198793,0.6458259878921991,0.0
1.3667163564620073,1.0,2e-06,0.1,0.0,35.268557198793,0.6458259878921991,0.0
1.3667163564620073,1.0,2.51e-06,0.1,3.3333333333333335e-05,35.268557198793,0.6458259878921991,141.07422879517202
1.3667163564620073,1.0,3.98e-06,0.1,0.0001,35.268557198793,0.6458259878921991,423.22268638551606
1.3667163564620073,1.0,5.01e-06,0.1,6.666666666666667e-05,35.268557198793,0.6458259878921991,282.14845759034404
1.3667163564620073,1.0,7.94e-06,0.1,6.666666666666667e-05,35.268557198793,0.6458259878921991,282.14845759034404
1.3667163564620073,1.0,1e-05,0.1,6.666666666666667e-05,35.268557198793,0.6458259878921991,282.14845759034404
1.3667163564620073,1.0,1.26e-05,0.1,0.00023333333333333333,35.268557198793,0.6458259878921991,987.5196015662041
1.3667163564620073,1.0,1.58e-05,0.1,0.0001,35.268557198793,0.6458259878921991,423.22268638551606
1.3667163564620073,1.0,2.51e-05,0.1,0.0005,35.268557198793,0.6458259878921991,2116.11343192758
1.3667163564620073,1.0,3.16e-05,0.1,0.0006,35.268557198793,0.6458259878921991,2539.336118313096
1.3667163564620073,1.0,3.98e-05,0.1,0.0011,35.268557198793,0.6458259878921991,4655.449550240676
1.3667163564620073,1.0,5.01e-05,0.1,0.0013333333333333333,35.268557198793,0.6458259878921991,5642.96915180688
1.3667163564620073,1.0,6.31e-05,0.1,0.0018666666666666666,35.268557198793,0.6458259878921991,7900.156812529633
1.3667163564620073,1.0,7.94e-05,0.1,0.0018,35.268557198793,0.6458259878921991,7618.0083549392875
1.3667163564620073,1.0,0.0001,0.1,0.0017666666666666666,35.268557198793,0.6458259878921991,7476.934126144117
1.3667163564620073,1.0,0.000126,0.1,0.0021,35.268557198793,0.6458259878921991,8887.676414095837
1.3667163564620073,1.0,0.000158,0.1,0.0012333333333333332,35.268557198793,0.6458259878921991,5219.7464654213645
1.3667163564620073,1.0,0.0002,0.1,0.0005,35.268557198793,0.6458259878921991,2116.11343192758
1.3667163564620073,1.0,0.000251,0.1,0.0002,35.268557198793,0.6458259878921991,846.4453727710321
1.3667163564620073,1.0,0.000316,0.1,3.3333333333333335e-05,35.268557198793,0.6458259878921991,141.07422879517202
1.3667163564620073,1.0,0.000398,0.1,3.3333333333333335e-05,35.268557198793,0.6458259878921991,141.07422879517202
1.3667163564620073,1.0,0.000501,0.1,0.0,35.268557198793,0.6458259878921991,0.0
1.3667163564620073,1.0,0.000631,0.1,0.0,35.268557198793,0.6458259878921991,0.0
1.3667163564620073,1.0,0.000794,0.1,0.0,35.268557198793,0.6458259878921991,0.0
1.3667163564620073,1.0,0.001,0.1,0.0,35.268557198793,0.6458259878921991,0.0
1.3667163564620073,1.0,0.00126,0.1,0.0,35.268557198793,0.6458259878921991,0.0
1.3667163564620073,1.0,0.00158,0.1,0.0,35.268557198793,0.6458259878921991,0.0
1.3667163564620073,1.0,0.002,0.1,0.0,35.268557198793,0.6458259878921991,0.0
1.3667163564620073,1.0,0.00251,0.1,0.0,35.268557198793,0.6458259878921991,0.0
1.3667163564620073,1.0,0.00316,0.1,0.0,35.268557198793,0.6458259878921991,0.0
1.3667163564620073,1.0,0.00398,0.1,0.0,35.268557198793,0.6458259878921991,0.0
1.3667163564620073,1.0,0.00501,0.1,0.0,35.268557198793,0.6458259878921991,0.0
1.3667163564620073,1.0,0.00631,0.1,0.0,35.268557198793,0.6458259878921991,0.0
1.4314589375234785,1.0,3.16e-07,0.1,0.0,36.40861802696851,0.6667023993218918,0.0
1.4314589375234785,1.0,3.98e-07,0.1,0.0,36.40861802696851,0.6667023993218918,0.0
1.4314589375234785,1.0,5.01e-07,0.1,0.0,36.40861802696851,0.6667023993218918,0.0
1.4314589375234785,1.0,6.31e-07,0.1,0.0,36.40861802696851,0.6667023993218918,0.0
1.4314589375234785,1.0,7.94e-07,0.1,0.0,36.40861802696851,0.6667023993218918,0.0
1.4314589375234785,1.0,1e-06,0.1,0.0,36.40861802696851,0.6667023993218918,0.0
1.4314589375234785,1.0,1.26e-06,0.1,0.0,36.40861802696851,0.6667023993218918,0.0
1.4314589375234785,1.0,1.58e-06,0.1,0.0,36.40861802696851,0.6667023993218918,0.0
1.4314589375234785,1.0,2e-06,0.1,0.0,36.40861802696851,0.6667023993218918,0.0
1.4314589375234785,1.0,2.51e-06,0.1,3.3333333333333335e-05,36.40861802696851,0.6667023993218918,145.63447210787407
1.4314589375234785,1.0,3.98e-06,0.1,0.0001,36.40861802696851,0.6667023993218918,436.9034163236222
1.4314589375234785,1.0,5.01e-06,0.1,6.666666666666667e-05,36.40861802696851,0.6667023993218918,291.26894421574815
1.4314589375234785,1.0,7.94e-06,0.1,6.666666666666667e-05,36.40861802696851,0.6667023993218918,291.26894421574815
1.4314589375234785,1.0,1e-05,0.1,6.666666666666667e-05,36.40861802696851,0.6667023993218918,291.26894421574815
1.4314589375234785,1.0,1.26e-05,0.1,0.00023333333333333333,36.40861802696851,0.6667023993218918,1019.4413047551184
1.4314589375234785,1.0,1.58e-05,0.1,0.0001,36.40861802696851,0.6667023993218918,436.9034163236222
1.4314589375234785,1.0,2.51e-05,0.1,0.0005,36.40861802696851,0.6667023993218918,2184.5170816181108
1.4314589375234785,1.0,3.16e-05,0.1,0.0006,36.40861802696851,0.6667023993218918,2621.420497941733
1.4314589375234785,1.0,3.98e-05,0.1,0.0011,36.40861802696851,0.6667023993218918,4805.937579559844
1.4314589375234785,1.0,5.01e-05,0.1,0.0013333333333333333,36.40861802696851,0.6667023993218918,5825.378884314962
1.4314589375234785,1.0,6.31e-05,0.1,0.0018666666666666666,36.40861802696851,0.6667023993218918,8155.530438040947
1.4314589375234785,1.0,7.94e-05,0.1,0.0018,36.40861802696851,0.6667023993218918,7864.2614938252
1.4314589375234785,1.0,0.0001,0.1,0.0017666666666666666,36.40861802696851,0.6667023993218918,7718.627021717326
1.4314589375234785,1.0,0.000126,0.1,0.0021,36.40861802696851,0.6667023993218918,9174.971742796066
1.4314589375234785,1.0,0.000158,0.1,0.0012333333333333332,36.40861802696851,0.6667023993218918,5388.47546799134
1.4314589375234785,1.0,0.0002,0.1,0.0005,36.40861802696851,0.6667023993218918,2184.5170816181108
1.4314589375234785,1.0,0.000251,0.1,0.0002,36.40861802696851,0.6667023993218918,873.8068326472444
1.4314589375234785,1.0,0.000316,0.1,3.3333333333333335e-05,36.40861802696851,0.6667023993218918,145.63447210787407
1.4314589375234785,1.0,0.000398,0.1,3.3333333333333335e-05,36.40861802696851,0.6667023993218918,145.63447210787407
1.4314589375234785,1.0,0.000501,0.1,0.0,36.40861802696851,0.6667023993218918,0.0
1.4314589375234785,1.0,0.000631,0.1,0.0,36.40861802696851,0.6667023993218918,0.0
1.4314589375234785,1.0,0.000794,0.1,0.0,36.40861802696851,0.6667023993218918,0.0
1.4314589375234785,1.0,0.001,0.1,0.0,36.40861802696851,0.6667023993218918,0.0
1.4314589375234785,1.0,0.00126,0.1,0.0,36.40861802696851,0.6667023993218918,0.0
1.4314589375234785,1.0,0.00158,0.1,0.0,36.40861802696851,0.6667023993218918,0.0
1.4314589375234785,1.0,0.002,0.1,0.0,36.40861802696851,0.6667023993218918,0.0
1.4314589375234785,1.0,0.00251,0.1,0.0,36.40861802696851,0.6667023993218918,0.0
1.4314589375234785,1.0,0.00316,0.1,0.0,36.40861802696851,0.6667023993218918,0.0
1.4314589375234785,1.0,0.00398,0.1,0.0,36.40861802696851,0.6667023993218918,0.0
1.4314589375234785,1.0,0.00501,0.1,0.0,36.40861802696851,0.6667023993218918,0.0
1.4314589375234785,1.0,0.00631,0.1,0.0,36.40861802696851,0.6667023993218918,0.0
1.4992684327860455,1.0,3.16e-07,0.1,0.0,37.51405329525576,0.6869447591147366,0.0
1.4992684327860455,1.0,3.98e-07,0.1,0.0,37.51405329525576,0.6869447591147366,0.0
1.4992684327860455,1.0,5.01e-07,0.1,0.0,37.51405329525576,0.6869447591147366,0.0
1.4992684327860455,1.0,6.31e-07,0.1,0.0,37.51405329525576,0.6869447591147366,0.0
1.4992684327860455,1.0,7.94e-07,0.1,0.0,37.51405329525576,0.6869447591147366,0.0
1.4992684327860455,1.0,1e-06,0.1,0.0,37.51405329525576,0.6869447591147366,0.0
1.4992684327860455,1.0,1.26e-06,0.1,0.0,37.51405329525576,0.6869447591147366,0.0
1.4992684327860455,1.0,1.58e-06,0.1,0.0,37.51405329525576,0.6869447591147366,0.0
1.4992684327860455,1.0,2e-06,0.1,0.0,37.51405329525576,0.6869447591147366,0.0
1.4992684327860455,1.0,2.51e-06,0.1,3.3333333333333335e-05,37.51405329525576,0.6869447591147366,150.05621318102308
1.4992684327860455,1.0,3.98e-06,0.1,0.0001,37.51405329525576,0.6869447591147366,450.1686395430693
1.4992684327860455,1.0,5.01e-06,0.1,6.666666666666667e-05,37.51405329525576,0.6869447591147366,300.11242636204616
1.4992684327860455,1.0,7.94e-06,0.1,6.666666666666667e-05,37.51405329525576,0.6869447591147366,300.11242636204616
1.4992684327860455,1.0,1e-05,0.1,6.666666666666667e-05,37.51405329525576,0.6869447591147366,300.11242636204616
1.4992684327860455,1.0,1.26e-05,0.1,0.00023333333333333333,37.51405329525576,0.6869447591147366,1050.3934922671615
1.4992684327860455,1.0,1.58e-05,0.1,0.0001,37.51405329525576,0.6869447591147366,450.1686395430693
1.4992684327860455,1.0,2.51e-05,0.1,0.0005,37.51405329525576,0.6869447591147366,2250.8431977153464
1.4992684327860455,1.0,3.16e-05,0.1,0.0006,37.51405329525576,0.6869447591147366,2701.011837258415
1.4992684327860455,1.0,3.98e-05,0.1,0.0011,37.51405329525576,0.6869447591147366,4951.8550349737625
1.4992684327860455,1.0,5.01e-05,0.1,0.0013333333333333333,37.51405329525576,0.6869447591147366,6002.248527240923
1.4992684327860455,1.0,6.31e-05,0.1,0.0018666666666666666,37.51405329525576,0.6869447591147366,8403.147938137292
1.4992684327860455,1.0,7.94e-05,0.1,0.0018,37.51405329525576,0.6869447591147366,8103.035511775247
1.4992684327860455,1.0,0.0001,0.1,0.0017666666666666666,37.51405329525576,0.6869447591147366,7952.979298594223
1.4992684327860455,1.0,0.000126,0.1,0.0021,37.51405329525576,0.6869447591147366,9453.541430404453
1.4992684327860455,1.0,0.000158,0.1,0.0012333333333333332,37.51405329525576,0.6869447591147366,5552.079887697854
1.4992684327860455,1.0,0.0002,0.1,0.0005,37.51405329525576,0.6869447591147366,2250.8431977153464
1.4992684327860455,1.0,0.000251,0.1,0.0002,37.51405329525576,0.6869447591147366,900.3372790861386
1.4992684327860455,1.0,0.000316,0.1,3.3333333333333335e-05,37.51405329525576,0.6869447591147366,150.05621318102308
1.4992684327860455,1.0,0.000398,0.1,3.3333333333333335e-05,37.51405329525576,0.6869447591147366,150.05621318102308
1.4992684327860455,1.0,0.000501,0.1,0.0,37.51405329525576,0.6869447591147366,0.0
1.4992684327860455,1.0,0.000631,0.1,0.0,37.51405329525576,0.6869447591147366,0.0
1.4992684327860455,1.0,0.000794,0.1,0.0,37.51405329525576,0.6869447591147366,0.0
1.4992684327860455,1.0,0.001,0.1,0.0,37.51405329525576,0.6869447591147366,0.0
1.4992684327860455,1.0,0.00126,0.1,0.0,37.51405329525576,0.6869447591147366,0.0
1.4992684327860455,1.0,0.00158,0.1,0.0,37.51405329525576,0.6869447591147366,0.0
1.4992684327860455,1.0,0.002,0.1,0.0,37.51405329525576,0.6869447591147366,0.0
1.4992684327860455,1.0,0.00251,0.1,0.0,37.51405329525576,0.6869447591147366,0.0
1.4992684327860455,1.0,0.00316,0.1,0.0,37.51405329525576,0.6869447591147366,0.0
1.4992684327860455,1.0,0.00398,0.1,0.0,37.51405329525576,0.6869447591147366,0.0
1.4992684327860455,1.0,0.00501,0.1,0.0,37.51405329525576,0.6869447591147366,0.0
1.4992684327860455,1.0,0.00631,0.1,0.0,37.51405329525576,0.6869447591147366,0.0
1.5702901247293775,1.0,3.16e-07,0.1,0.0,38.581907121134414,0.70649894014163,0.0
1.5702901247293775,1.0,3.98e-07,0.1,0.0,38.581907121134414,0.70649894014163,0.0
1.5702901247293775,1.0,5.01e-07,0.1,0.0,38.581907121134414,0.70649894014163,0.0
1.5702901247293775,1.0,6.31e-07,0.1,0.0,38.581907121134414,0.70649894014163,0.0
1.5702901247293775,1.0,7.94e-07,0.1,0.0,38.581907121134414,0.70649894014163,0.0
1.5702901247293775,1.0,1e-06,0.1,0.0,38.581907121134414,0.70649894014163,0.0
1.5702901247293775,1.0,1.26e-06,0.1,0.0,38.581907121134414,0.70649894014163,0.0
1.5702901247293775,1.0,1.58e-06,0.1,0.0,38.581907121134414,0.70649894014163,0.0
1.5702901247293775,1.0,2e-06,0.1,0.0,38.581907121134414,0.70649894014163,0.0
1.5702901247293775,1.0,2.51e-06,0.1,3.3333333333333335e-05,38.581907121134414,0.70649894014163,154.32762848453768
1.5702901247293775,1.0,3.98e-06,0.1,0.0001,38.581907121134414,0.70649894014163,462.98288545361305
1.5702901247293775,1.0,5.01e-06,0.1,6.666666666666667e-05,38.581907121134414,0.70649894014163,308.65525696907537
1.5702901247293775,1.0,7.94e-06,0.1,6.666666666666667e-05,38.581907121134414,0.70649894014163,308.65525696907537
1.5702901247293775,1.0,1e-05,0.1,6.666666666666667e-05,38.581907121134414,0.70649894014163,308.65525696907537
1.5702901247293775,1.0,1.26e-05,0.1,0.00023333333333333333,38.581907121134414,0.70649894014163,1080.2933993917638
1.5702901247293775,1.0,1.58e-05,0.1,0.0001,38.581907121134414,0.70649894014163,462.98288545361305
1.5702901247293775,1.0,2.51e-05,0.1,0.0005,38.581907121134414,0.70649894014163,2314.9144272680655
1.5702901247293775,1.0,3.16e-05,0.1,0.0006,38.581907121134414,0.70649894014163,2777.897312721678
1.5702901247293775,1.0,3.98e-05,0.1,0.0011,38.581907121134414,0.70649894014163,5092.811739989744
1.5702901247293775,1.0,5.01e-05,0.1,0.0013333333333333333,38.581907121134414,0.70649894014163,6173.105139381507
1.5702901247293775,1.0,6.31e-05,0.1,0.0018666666666666666,38.581907121134414,0.70649894014163,8642.34719513411
1.5702901247293775,1.0,7.94e-05,0.1,0.0018,38.581907121134414,0.70649894014163,8333.691938165035
1.5702901247293775,1.0,0.0001,0.1,0.0017666666666666666,38.581907121134414,0.70649894014163,8179.364309680497
1.5702901247293775,1.0,0.000126,0.1,0.0021,38.581907121134414,0.70649894014163,9722.640594525872
1.5702901247293775,1.0,0.000158,0.1,0.0012333333333333332,38.581907121134414,0.70649894014163,5710.122253927893
1.5702901247293775,1.0,0.0002,0.1,0.0005,38.581907121134414,0.70649894014163,2314.9144272680655
1.5702901247293775,1.0,0.000251,0.1,0.0002,38.581907121134414,0.70649894014163,925.9657709072261
1.5702901247293775,1.0,0.000316,0.1,3.3333333333333335e-05,38.581907121134414,0.70649894014163,154.32762848453768
1.5702901247293775,1.0,0.000398,0.1,3.3333333333333335e-05,38.581907121134414,0.70649894014163,154.32762848453768
1.5702901247293775,1.0,0.000501,0.1,0.0,38.581907121134414,0.70649894014163,0.0
1.5702901247293775,1.0,0.000631,0.1,0.0,38.581907121134414,0.70649894014163,0.0
1.5702901247293775,1.0,0.000794,0.1,0.0,38.581907121134414,0.70649894014163,0.0
1.5702901247293775,1.0,0.001,0.1,0.0,38.581907121134414,0.70649894014163,0.0
1.5702901247293775,1.0,0.00126,0.1,0.0,38.581907121134414,0.70649894014163,0.0
1.5702901247293775,1.0,0.00158,0.1,0.0,38.581907121134414,0.70649894014163,0.0
1.5702901247293775,1.0,0.002,0.1,0.0,38.581907121134414,0.70649894014163,0.0
1.5702901247293775,1.0,0.00251,0.1,0.0,38.581907121134414,0.70649894014163,0.0
1.5702901247293775,1.0,0.00316,0.1,0.0,38.581907121134414,0.70649894014163,0.0
1.5702901247293775,1.0,0.00398,0.1,0.0,38.581907121134414,0.70649894014163,0.0
1.5702901247293775,1.0,0.00501,0.1,0.0,38.581907121134414,0.70649894014163,0.0
1.5702901247293775,1.0,0.00631,0.1,0.0,38.581907121134414,0.70649894014163,0.0
1.6446761779946644,1.0,3.16e-07,0.1,0.0,39.60973100412586,0.7253201062832056,0.0
1.6446761779946644,1.0,3.98e-07,0.1,0.0,39.60973100412586,0.7253201062832056,0.0
1.6446761779946644,1.0,5.01e-07,0.1,0.0,39.60973100412586,0.7253201062832056,0.0
1.6446761779946644,1.0,6.31e-07,0.1,0.0,39.60973100412586,0.7253201062832056,0.0
1.6446761779946644,1.0,7.94e-07,0.1,0.0,39.60973100412586,0.7253201062832056,0.0
1.6446761779946644,1.0,1e-06,0.1,0.0,39.60973100412586,0.7253201062832056,0.0
1.6446761779946644,1.0,1.26e-06,0.1,0.0,39.60973100412586,0.7253201062832056,0.0
1.6446761779946644,1.0,1.58e-06,0.1,0.0,39.60973100412586,0.7253201062832056,0.0
1.6446761779946644,1.0,2e-06,0.1,0.0,39.60973100412586,0.7253201062832056,0.0
1.6446761779946644,1.0,2.51e-06,0.1,3.3333333333333335e-05,39.60973100412586,0.7253201062832056,158.4389240165035
1.6446761779946644,1.0,3.98e-06,0.1,0.0001,39.60973100412586,0.7253201062832056,475.3167720495104
1.6446761779946644,1.0,5.01e-06,0.1,6.666666666666667e-05,39.60973100412586,0.7253201062832056,316.877848033007
1.6446761779946644,1.0,7.94e-06,0.1,6.666666666666667e-05,39.60973100412586,0.7253201062832056,316.877848033007
1.6446761779946644,1.0,1e-05,0.1,6.666666666666667e-05,39.60973100412586,0.7253201062832056,316.877848033007
1.6446761779946644,1.0,1.26e-05,0.1,0.00023333333333333333,39.60973100412586,0.7253201062832056,1109.0724681155243
1.6446761779946644,1.0,1.58e-05,0.1,0.0001,39.60973100412586,0.7253201062832056,475.3167720495104
1.6446761779946644,1.0,2.51e-05,0.1,0.0005,39.60973100412586,0.7253201062832056,2376.583860247552
1.6446761779946644,1.0,3.16e-05,0.1,0.0006,39.60973100412586,0.7253201062832056,2851.900632297062
1.6446761779946644,1.0,3.98e-05,0.1,0.0011,39.60973100412586,0.7253201062832056,5228.484492544615
1.6446761779946644,1.0,5.01e-05,0.1,0.0013333333333333333,39.60973100412586,0.7253201062832056,6337.556960660138
1.6446761779946644,1.0,6.31e-05,0.1,0.0018666666666666666,39.60973100412586,0.7253201062832056,8872.579744924195
1.6446761779946644,1.0,7.94e-05,0.1,0.0018,39.60973100412586,0.7253201062832056,8555.701896891187
1.6446761779946644,1.0,0.0001,0.1,0.0017666666666666666,39.60973100412586,0.7253201062832056,8397.262972874683
1.6446761779946644,1.0,0.000126,0.1,0.0021,39.60973100412586,0.7253201062832056,9981.652213039719
1.6446761779946644,1.0,0.000158,0.1,0.0012333333333333332,39.60973100412586,0.7253201062832056,5862.240188610628
1.6446761779946644,1.0,0.0002,0.1,0.0005,39.60973100412586,0.7253201062832056,2376.583860247552
1.6446761779946644,1.0,0.000251,0.1,0.0002,39.60973100412586,0.7253201062832056,950.6335440990208
1.6446761779946644,1.0,0.000316,0.1,3.3333333333333335e-05,39.60973100412586,0.7253201062832056,158.4389240165035
1.6446761779946644,1.0,0.000398,0.1,3.3333333333333335e-05,39.60973100412586,0.7253201062832056,158.4389240165035
1.6446761779946644,1.0,0.000501,0.1,0.0,39.60973100412586,0.7253201062832056,0.0
1.6446761779946644,1.0,0.000631,0.1,0.0,39.60973100412586,0.7253201062832056,0.0
1.6446761779946644,1.0,0.000794,0.1,0.0,39.60973100412586,0.7253201062832056,0.0
1.6446761779946644,1.0,0.001,0.1,0.0,39.60973100412586,0.7253201062832056,0.0
1.6446761779946644,1.0,0.00126,0.1,0.0,39.60973100412586,0.7253201062832056,0.0
1.6446761779946644,1.0,0.00158,0.1,0.0,39.60973100412586,0.7253201062832056,0.0
1.6446761779946644,1.0,0.002,0.1,0.0,39.60973100412586,0.7253201062832056,0.0
1.6446761779946644,1.0,0.00251,0.1,0.0,39.60973100412586,0.7253201062832056,0.0
1.6446761779946644,1.0,0.00316,0.1,0.0,39.60973100412586,0.7253201062832056,0.0
1.6446761779946644,1.0,0.00398,0.1,0.0,39.60973100412586,0.7253201062832056,0.0
1.6446761779946644,1.0,0.00501,0.1,0.0,39.60973100412586,0.7253201062832056,0.0
1.6446761779946644,1.0,0.00631,0.1,0.0,39.60973100412586,0.7253201062832056,0.0
1.7225859653987874,1.0,3.16e-07,0.1,0.0,40.59558549273312,0.743372742954278,0.0
1.7225859653987874,1.0,3.98e-07,0.1,0.0,40.59558549273312,0.743372742954278,0.0
1.7225859653987874,1.0,5.01e-07,0.1,0.0,40.59558549273312,0.743372742954278,0.0
1.7225859653987874,1.0,6.31e-07,0.1,0.0,40.59558549273312,0.743372742954278,0.0
1.7225859653987874,1.0,7.94e-07,0.1,0.0,40.59558549273312,0.743372742954278,0.0
1.7225859653987874,1.0,1e-06,0.1,0.0,40.59558549273312,0.743372742954278,0.0
1.7225859653987874,1.0,1.26e-06,0.1,0.0,40.59558549273312,0.743372742954278,0.0
1.7225859653987874,1.0,1.58e-06,0.1,0.0,40.59558549273312,0.743372742954278,0.0
1.7225859653987874,1.0,2e-06,0.1,0.0,40.59558549273312,0.743372742954278,0.0
1.7225859653987874,1.0,2.51e-06,0.1,3.3333333333333335e-05,40.59558549273312,0.743372742954278,162.38234197093252
1.7225859653987874,1.0,3.98e-06,0.1,0.0001,40.59558549273312,0.743372742954278,487.1470259127975
1.7225859653987874,1.0,5.01e-06,0.1,6.666666666666667e-05,40.59558549273312,0.743372742954278,324.76468394186503
1.7225859653987874,1.0,7.94e-06,0.1,6.666666666666667e-05,40.59558549273312,0.743372742954278,324.76468394186503
1.7225859653987874,1.0,1e-05,0.1,6.666666666666667e-05,40.59558549273312,0.743372742954278,324.76468394186503
1.7225859653987874,1.0,1.26e-05,0.1,0.00023333333333333333,40.59558549273312,0.743372742954278,1136.6763937965275
1.7225859653987874,1.0,1.58e-05,0.1,0.0001,40.59558549273312,0.743372742954278,487.1470259127975
1.7225859653987874,1.0,2.51e-05,0.1,0.0005,40.59558549273312,0.743372742954278,2435.7351295639874
1.7225859653987874,1.0,3.16e-05,0.1,0.0006,40.59558549273312,0.743372742954278,2922.8821554767846
1.7225859653987874,1.0,3.98e-05,0.1,0.0011,40.59558549273312,0.743372742954278,5358.617285040773
1.7225859653987874,1.0,5.01e-05,0.1,0.0013333333333333333,40.59558549273312,0.743372742954278,6495.2936788373
1.7225859653987874,1.0,6.31e-05,0.1,0.0018666666666666666,40.59558549273312,0.743372742954278,9093.41115037222
1.7225859653987874,1.0,7.94e-05,0.1,0.0018,40.59558549273312,0.743372742954278,8768.646466430355
1.7225859653987874,1.0,0.0001,0.1,0.0017666666666666666,40.59558549273312,0.743372742954278,8606.264124459422
1.7225859653987874,1.0,0.000126,0.1,0.0021,40.59558549273312,0.743372742954278,10230.087544168746
1.7225859653987874,1.0,0.000158,0.1,0.0012333333333333332,40.59558549273312,0.743372742954278,6008.146652924502
1.7225859653987874,1.0,0.0002,0.1,0.0005,40.59558549273312,0.743372742954278,2435.7351295639874
1.7225859653987874,1.0,0.000251,0.1,0.0002,40.59558549273312,0.743372742954278,974.294051825595
1.7225859653987874,1.0,0.000316,0.1,3.3333333333333335e-05,40.59558549273312,0.743372742954278,162.38234197093252
1.7225859653987874,1.0,0.000398,0.1,3.3333333333333335e-05,40.59558549273312,0.743372742954278,162.38234197093252
1.7225859653987874,1.0,0.000501,0.1,0.0,40.59558549273312,0.743372742954278,0.0
1.7225859653987874,1.0,0.000631,0.1,0.0,40.59558549273312,0.743372742954278,0.0
1.7225859653987874,1.0,0.000794,0.1,0.0,40.59558549273312,0.743372742954278,0.0
1.7225859653987874,1.0,0.001,0.1,0.0,40.59558549273312,0.743372742954278,0.0
1.7225859653987874,1.0,0.00126,0.1,0.0,40.59558549273312,0.743372742954278,0.0
1.7225859653987874,1.0,0.00158,0.1,0.0,40.59558549273312,0.743372742954278,0.0
1.7225859653987874,1.0,0.002,0.1,0.0,40.59558549273312,0.743372742954278,0.0
1.7225859653987874,1.0,0.00251,0.1,0.0,40.59558549273312,0.743372742954278,0.0
1.7225859653987874,1.0,0.00316,0.1,0.0,40.59558549273312,0.743372742954278,0.0
1.7225859653987874,1.0,0.00398,0.1,0.0,40.59558549273312,0.743372742954278,0.0
1.7225859653987874,1.0,0.00501,0.1,0.0,40.59558549273312,0.743372742954278,0.0
1.7225859653987874,1.0,0.00631,0.1,0.0,40.59558549273312,0.743372742954278,0.0
1.8041864093920719,1.0,3.16e-07,0.1,0.0,41.53803006233035,0.760630471751151,0.0
1.8041864093920719,1.0,3.98e-07,0.1,0.0,41.53803006233035,0.760630471751151,0.0
1.8041864093920719,1.0,5.01e-07,0.1,0.0,41.53803006233035,0.760630471751151,0.0
1.8041864093920719,1.0,6.31e-07,0.1,0.0,41.53803006233035,0.760630471751151,0.0
1.8041864093920719,1.0,7.94e-07,0.1,0.0,41.53803006233035,0.760630471751151,0.0
1.8041864093920719,1.0,1e-06,0.1,0.0,41.53803006233035,0.760630471751151,0.0
1.8041864093920719,1.0,1.26e-06,0.1,0.0,41.53803006233035,0.760630471751151,0.0
1.8041864093920719,1.0,1.58e-06,0.1,0.0,41.53803006233035,0.760630471751151,0.0
1.8041864093920719,1.0,2e-06,0.1,0.0,41.53803006233035,0.760630471751151,0.0
1.8041864093920719,1.0,2.51e-06,0.1,3.3333333333333335e-05,41.53803006233035,0.760630471751151,166.15212024932143
1.8041864093920719,1.0,3.98e-06,0.1,0.0001,41.53803006233035,0.760630471751151,498.4563607479643
1.8041864093920719,1.0,5.01e-06,0.1,6.666666666666667e-05,41.53803006233035,0.760630471751151,332.30424049864286
1.8041864093920719,1.0,7.94e-06,0.1,6.666666666666667e-05,41.53803006233035,0.760630471751151,332.30424049864286
1.8041864093920719,1.0,1e-05,0.1,6.666666666666667e-05,41.53803006233035,0.760630471751151,332.30424049864286
1.8041864093920719,1.0,1.26e-05,0.1,0.00023333333333333333,41.53803006233035,0.760630471751151,1163.06484174525
1.8041864093920719,1.0,1.58e-05,0.1,0.0001,41.53803006233035,0.760630471751151,498.4563607479643
1.8041864093920719,1.0,2.51e-05,0.1,0.0005,41.53803006233035,0.760630471751151,2492.281803739821
1.8041864093920719,1.0,3.16e-05,0.1,0.0006,41.53803006233035,0.760630471751151,2990.7381644877855
1.8041864093920719,1.0,3.98e-05,0.1,0.0011,41.53803006233035,0.760630471751151,5483.019968227607
1.8041864093920719,1.0,5.01e-05,0.1,0.0013333333333333333,41.53803006233035,0.760630471751151,6646.084809972857
1.8041864093920719,1.0,6.31e-05,0.1,0.0018666666666666666,41.53803006233035,0.760630471751151,9304.518733962
1.8041864093920719,1.0,7.94e-05,0.1,0.0018,41.53803006233035,0.760630471751151,8972.214493463356
1.8041864093920719,1.0,0.0001,0.1,0.0017666666666666666,41.53803006233035,0.760630471751151,8806.062373214036
1.8041864093920719,1.0,0.000126,0.1,0.0021,41.53803006233035,0.760630471751151,10467.58357570725
1.8041864093920719,1.0,0.000158,0.1,0.0012333333333333332,41.53803006233035,0.760630471751151,6147.628449224892
1.8041864093920719,1.0,0.0002,0.1,0.0005,41.53803006233035,0.760630471751151,2492.281803739821
1.8041864093920719,1.0,0.000251,0.1,0.0002,41.53803006233035,0.760630471751151,996.9127214959286
1.8041864093920719,1.0,0.000316,0.1,3.3333333333333335e-05,41.53803006233035,0.760630471751151,166.15212024932143
1.8041864093920719,1.0,0.000398,0.1,3.3333333333333335e-05,41.53803006233035,0.760630471751151,166.15212024932143
1.8041864093920719,1.0,0.000501,0.1,0.0,41.53803006233035,0.760630471751151,0.0
1.8041864093920719,1.0,0.000631,0.1,0.0,41.53803006233035,0.760630471751151,0.0
1.8041864093920719,1.0,0.000794,0.1,0.0,41.53803006233035,0.760630471751151,0.0
1.8041864093920719,1.0,0.001,0.1,0.0,41.53803006233035,0.760630471751151,0.0
1.8041864093920719,1.0,0.00126,0.1,0.0,41.53803006233035,0.760630471751151,0.0
1.8041864093920719,1.0,0.00158,0.1,0.0,41.53803006233035,0.760630471751151,0.0
1.8041864093920719,1.0,0.002,0.1,0.0,41.53803006233035,0.760630471751151,0.0
1.8041864093920719,1.0,0.00251,0.1,0.0,41.53803006233035,0.760630471751151,0.0
1.8041864093920719,1.0,0.00316,0.1,0.0,41.53803006233035,0.760630471751151,0.0
1.8041864093920719,1.0,0.00398,0.1,0.0,41.53803006233035,0.760630471751151,0.0
1.8041864093920719,1.0,0.00501,0.1,0.0,41.53803006233035,0.760630471751151,0.0
1.8041864093920719,1.0,0.00631,0.1,0.0,41.53803006233035,0.760630471751151,0.0
1.8896523396912097,1.0,3.16e-07,0.1,0.0,42.436102761485344,0.7770756777419033,0.0
1.8896523396912097,1.0,3.98e-07,0.1,0.0,42.436102761485344,0.7770756777419033,0.0
1.8896523396912097,1.0,5.01e-07,0.1,0.0,42.436102761485344,0.7770756777419033,0.0
1.8896523396912097,1.0,6.31e-07,0.1,0.0,42.436102761485344,0.7770756777419033,0.0
1.8896523396912097,1.0,7.94e-07,0.1,0.0,42.436102761485344,0.7770756777419033,0.0
1.8896523396912097,1.0,1e-06,0.1,0.0,42.436102761485344,0.7770756777419033,0.0
1.8896523396912097,1.0,1.26e-06,0.1,0.0,42.436102761485344,0.7770756777419033,0.0
1.8896523396912097,1.0,1.58e-06,0.1,0.0,42.436102761485344,0.7770756777419033,0.0
1.8896523396912097,1.0,2e-06,0.1,0.0,42.436102761485344,0.7770756777419033,0.0
1.8896523396912097,1.0,2.51e-06,0.1,3.3333333333333335e-05,42.436102761485344,0.7770756777419033,169.7444110459414
1.8896523396912097,1.0,3.98e-06,0.1,0.0001,42.436102761485344,0.7770756777419033,509.23323313782424
1.8896523396912097,1.0,5.01e-06,0.1,6.666666666666667e-05,42.436102761485344,0.7770756777419033,339.4888220918828
1.8896523396912097,1.0,7.94e-06,0.1,6.666666666666667e-05,42.436102761485344,0.7770756777419033,339.4888220918828
1.8896523396912097,1.0,1e-05,0.1,6.666666666666667e-05,42.436102761485344,0.7770756777419033,339.4888220918828
1.8896523396912097,1.0,1.26e-05,0.1,0.00023333333333333333,42.436102761485344,0.7770756777419033,1188.2108773215898
1.8896523396912097,1.0,1.58e-05,0.1,0.0001,42.436102761485344,0.7770756777419033,509.23323313782424
1.8896523396912097,1.0,2.51e-05,0.1,0.0005,42.436102761485344,0.7770756777419033,2546.166165689121
1.8896523396912097,1.0,3.16e-05,0.1,0.0006,42.436102761485344,0.7770756777419033,3055.399398826945
1.8896523396912097,1.0,3.98e-05,0.1,0.0011,42.436102761485344,0.7770756777419033,5601.565564516066
1.8896523396912097,1.0,5.01e-05,0.1,0.0013333333333333333,42.436102761485344,0.7770756777419033,6789.7764418376555
1.8896523396912097,1.0,6.31e-05,0.1,0.0018666666666666666,42.436102761485344,0.7770756777419033,9505.687018572718
1.8896523396912097,1.0,7.94e-05,0.1,0.0018,42.436102761485344,0.7770756777419033,9166.198196480835
1.8896523396912097,1.0,0.0001,0.1,0.0017666666666666666,42.436102761485344,0.7770756777419033,8996.453785434895
1.8896523396912097,1.0,0.000126,0.1,0.0021,42.436102761485344,0.7770756777419033,10693.897895894308
1.8896523396912097,1.0,0.000158,0.1,0.0012333333333333332,42.436102761485344,0.7770756777419033,6280.543208699831
1.8896523396912097,1.0,0.0002,0.1,0.0005,42.436102761485344,0.7770756777419033,2546.166165689121
1.8896523396912097,1.0,0.000251,0.1,0.0002,42.436102761485344,0.7770756777419033,1018.4664662756485
1.8896523396912097,1.0,0.000316,0.1,3.3333333333333335e-05,42.436102761485344,0.7770756777419033,169.7444110459414
1.8896523396912097,1.0,0.000398,0.1,3.3333333333333335e-05,42.436102761485344,0.7770756777419033,169.7444110459414
1.8896523396912097,1.0,0.000501,0.1,0.0,42.436102761485344,0.7770756777419033,0.0
1.8896523396912097,1.0,0.000631,0.1,0.0,42.436102761485344,0.7770756777419033,0.0
1.8896523396912097,1.0,0.000794,0.1,0.0,42.436102761485344,0.7770756777419033,0.0
1.8896523396912097,1.0,0.001,0.1,0.0,42.436102761485344,0.7770756777419033,0.0
1.8896523396912097,1.0,0.00126,0.1,0.0,42.436102761485344,0.7770756777419033,0.0
1.8896523396912097,1.0,0.00158,0.1,0.0,42.436102761485344,0.7770756777419033,0.0
1.8896523396912097,1.0,0.002,0.1,0.0,42.436102761485344,0.7770756777419033,0.0
1.8896523396912097,1.0,0.00251,0.1,0.0,42.436102761485344,0.7770756777419033,0.0
1.8896523396912097,1.0,0.00316,0.1,0.0,42.436102761485344,0.7770756777419033,0.0
1.8896523396912097,1.0,0.00398,0.1,0.0,42.436102761485344,0.7770756777419033,0.0
1.8896523396912097,1.0,0.00501,0.1,0.0,42.436102761485344,0.7770756777419033,0.0
1.8896523396912097,1.0,0.00631,0.1,0.0,42.436102761485344,0.7770756777419033,0.0
1.9791668678535574,1.0,3.16e-07,0.1,0.0,43.289291412772904,0.7926989821053453,0.0
1.9791668678535574,1.0,3.98e-07,0.1,0.0,43.289291412772904,0.7926989821053453,0.0
1.9791668678535574,1.0,5.01e-07,0.1,0.0,43.289291412772904,0.7926989821053453,0.0
1.9791668678535574,1.0,6.31e-07,0.1,0.0,43.289291412772904,0.7926989821053453,0.0
1.9791668678535574,1.0,7.94e-07,0.1,0.0,43.289291412772904,0.7926989821053453,0.0
1.9791668678535574,1.0,1e-06,0.1,0.0,43.289291412772904,0.7926989821053453,0.0
1.9791668678535574,1.0,1.26e-06,0.1,0.0,43.289291412772904,0.7926989821053453,0.0
1.9791668678535574,1.0,1.58e-06,0.1,0.0,43.289291412772904,0.7926989821053453,0.0
1.9791668678535574,1.0,2e-06,0.1,0.0,43.289291412772904,0.7926989821053453,0.0
1.9791668678535574,1.0,2.51e-06,0.1,3.3333333333333335e-05,43.289291412772904,0.7926989821053453,173.15716565109165
1.9791668678535574,1.0,3.98e-06,0.1,0.0001,43.289291412772904,0.7926989821053453,519.4714969532749
1.9791668678535574,1.0,5.01e-06,0.1,6.666666666666667e-05,43.289291412772904,0.7926989821053453,346.3143313021833
1.9791668678535574,1.0,7.94e-06,0.1,6.666666666666667e-05,43.289291412772904,0.7926989821053453,346.3143313021833
1.9791668678535574,1.0,1e-05,0.1,6.666666666666667e-05,43.289291412772904,0.7926989821053453,346.3143313021833
1.9791668678535574,1.0,1.26e-05,0.1,0.00023333333333333333,43.289291412772904,0.7926989821053453,1212.1001595576415
1.9791668678535574,1.0,1.58e-05,0.1,0.0001,43.289291412772904,0.7926989821053453,519.4714969532749
1.9791668678535574,1.0,2.51e-05,0.1,0.0005,43.289291412772904,0.7926989821053453,2597.357484766375
1.9791668678535574,1.0,3.16e-05,0.1,0.0006,43.289291412772904,0.7926989821053453,3116.828981719649
1.9791668678535574,1.0,3.98e-05,0.1,0.0011,43.289291412772904,0.7926989821053453,5714.186466486025
1.9791668678535574,1.0,5.01e-05,0.1,0.0013333333333333333,43.289291412772904,0.7926989821053453,6926.286626043666
1.9791668678535574,1.0,6.31e-05,0.1,0.0018666666666666666,43.289291412772904,0.7926989821053453,9696.801276461132
1.9791668678535574,1.0,7.94e-05,0.1,0.0018,43.289291412772904,0.7926989821053453,9350.486945158947
1.9791668678535574,1.0,0.0001,0.1,0.0017666666666666666,43.289291412772904,0.7926989821053453,9177.329779507856
1.9791668678535574,1.0,0.000126,0.1,0.0021,43.289291412772904,0.7926989821053453,10908.901436018772
1.9791668678535574,1.0,0.000158,0.1,0.0012333333333333332,43.289291412772904,0.7926989821053453,6406.815129090391
1.9791668678535574,1.0,0.0002,0.1,0.0005,43.289291412772904,0.7926989821053453,2597.357484766375
1.9791668678535574,1.0,0.000251,0.1,0.0002,43.289291412772904,0.7926989821053453,1038.9429939065499
1.9791668678535574,1.0,0.000316,0.1,3.3333333333333335e-05,43.289291412772904,0.7926989821053453,173.15716565109165
1.9791668678535574,1.0,0.000398,0.1,3.3333333333333335e-05,43.289291412772904,0.7926989821053453,173.15716565109165
1.9791668678535574,1.0,0.000501,0.1,0.0,43.289291412772904,0.7926989821053453,0.0
1.9791668678535574,1.0,0.000631,0.1,0.0,43.289291412772904,0.7926989821053453,0.0
1.9791668678535574,1.0,0.000794,0.1,0.0,43.289291412772904,0.7926989821053453,0.0
1.9791668678535574,1.0,0.001,0.1,0.0,43.289291412772904,0.7926989821053453,0.0
1.9791668678535574,1.0,0.00126,0.1,0.0,43.289291412772904,0.7926989821053453,0.0
1.9791668678535574,1.0,0.00158,0.1,0.0,43.289291412772904,0.7926989821053453,0.0
1.9791668678535574,1.0,0.002,0.1,0.0,43.289291412772904,0.7926989821053453,0.0
1.9791668678535574,1.0,0.00251,0.1,0.0,43.289291412772904,0.7926989821053453,0.0
1.9791668678535574,1.0,0.00316,0.1,0.0,43.289291412772904,0.7926989821053453,0.0
1.9791668678535574,1.0,0.00398,0.1,0.0,43.289291412772904,0.7926989821053453,0.0
1.9791668678535574,1.0,0.00501,0.1,0.0,43.289291412772904,0.7926989821053453,0.0
1.9791668678535574,1.0,0.00631,0.1,0.0,43.289291412772904,0.7926989821053453,0.0
2.072921779595372,1.0,3.16e-07,0.1,0.0,44.097498257817364,0.8074985947228962,0.0
2.072921779595372,1.0,3.98e-07,0.1,0.0,44.097498257817364,0.8074985947228962,0.0
2.072921779595372,1.0,5.01e-07,0.1,0.0,44.097498257817364,0.8074985947228962,0.0
2.072921779595372,1.0,6.31e-07,0.1,0.0,44.097498257817364,0.8074985947228962,0.0
2.072921779595372,1.0,7.94e-07,0.1,0.0,44.097498257817364,0.8074985947228962,0.0
2.072921779595372,1.0,1e-06,0.1,0.0,44.097498257817364,0.8074985947228962,0.0
2.072921779595372,1.0,1.26e-06,0.1,0.0,44.097498257817364,0.8074985947228962,0.0
2.072921779595372,1.0,1.58e-06,0.1,0.0,44.097498257817364,0.8074985947228962,0.0
2.072921779595372,1.0,2e-06,0.1,0.0,44.097498257817364,0.8074985947228962,0.0
2.072921779595372,1.0,2.51e-06,0.1,3.3333333333333335e-05,44.097498257817364,0.8074985947228962,176.38999303126948
2.072921779595372,1.0,3.98e-06,0.1,0.0001,44.097498257817364,0.8074985947228962,529.1699790938085
2.072921779595372,1.0,5.01e-06,0.1,6.666666666666667e-05,44.097498257817364,0.8074985947228962,352.77998606253897
2.072921779595372,1.0,7.94e-06,0.1,6.666666666666667e-05,44.097498257817364,0.8074985947228962,352.77998606253897
2.072921779595372,1.0,1e-05,0.1,6.666666666666667e-05,44.097498257817364,0.8074985947228962,352.77998606253897
2.072921779595372,1.0,1.26e-05,0.1,0.00023333333333333333,44.097498257817364,0.8074985947228962,1234.7299512188863
2.072921779595372,1.0,1.58e-05,0.1,0.0001,44.097498257817364,0.8074985947228962,529.1699790938085
2.072921779595372,1.0,2.51e-05,0.1,0.0005,44.097498257817364,0.8074985947228962,2645.849895469042
2.072921779595372,1.0,3.16e-05,0.1,0.0006,44.097498257817364,0.8074985947228962,3175.01987456285
2.072921779595372,1.0,3.98e-05,0.1,0.0011,44.097498257817364,0.8074985947228962,5820.869770031893
2.072921779595372,1.0,5.01e-05,0.1,0.0013333333333333333,44.097498257817364,0.8074985947228962,7055.599721250778
2.072921779595372,1.0,6.31e-05,0.1,0.0018666666666666666,44.097498257817364,0.8074985947228962,9877.83960975109
2.072921779595372,1.0,7.94e-05,0.1,0.0018,44.097498257817364,0.8074985947228962,9525.059623688552
2.072921779595372,1.0,0.0001,0.1,0.0017666666666666666,44.097498257817364,0.8074985947228962,9348.669630657281
2.072921779595372,1.0,0.000126,0.1,0.0021,44.097498257817364,0.8074985947228962,11112.569560969976
2.072921779595372,1.0,0.000158,0.1,0.0012333333333333332,44.097498257817364,0.8074985947228962,6526.42974215697
2.072921779595372,1.0,0.0002,0.1,0.0005,44.097498257817364,0.8074985947228962,2645.849895469042
2.072921779595372,1.0,0.000251,0.1,0.0002,44.097498257817364,0.8074985947228962,1058.339958187617
2.072921779595372,1.0,0.000316,0.1,3.3333333333333335e-05,44.097498257817364,0.8074985947228962,176.38999303126948
2.072921779595372,1.0,0.000398,0.1,3.3333333333333335e-05,44.097498257817364,0.8074985947228962,176.38999303126948
2.072921779595372,1.0,0.000501,0.1,0.0,44.097498257817364,0.8074985947228962,0.0
2.072921779595372,1.0,0.000631,0.1,0.0,44.097498257817364,0.8074985947228962,0.0
2.072921779595372,1.0,0.000794,0.1,0.0,44.097498257817364,0.8074985947228962,0.0
2.072921779595372,1.0,0.001,0.1,0.0,44.097498257817364,0.8074985947228962,0.0
2.072921779595372,1.0,0.00126,0.1,0.0,44.097498257817364,0.8074985947228962,0.0
2.072921779595372,1.0,0.00158,0.1,0.0,44.097498257817364,0.8074985947228962,0.0
2.072921779595372,1.0,0.002,0.1,0.0,44.097498257817364,0.8074985947228962,0.0
2.072921779595372,1.0,0.00251,0.1,0.0,44.097498257817364,0.8074985947228962,0.0
2.072921779595372,1.0,0.00316,0.1,0.0,44.097498257817364,0.8074985947228962,0.0
2.072921779595372,1.0,0.00398,0.1,0.0,44.097498257817364,0.8074985947228962,0.0
2.072921779595372,1.0,0.00501,0.1,0.0,44.097498257817364,0.8074985947228962,0.0
2.072921779595372,1.0,0.00631,0.1,0.0,44.097498257817364,0.8074985947228962,0.0
2.171117945694505,1.0,3.16e-07,0.1,0.0,44.860999928691676,0.8214795811882746,0.0
2.171117945694505,1.0,3.98e-07,0.1,0.0,44.860999928691676,0.8214795811882746,0.0
2.171117945694505,1.0,5.01e-07,0.1,0.0,44.860999928691676,0.8214795811882746,0.0
2.171117945694505,1.0,6.31e-07,0.1,0.0,44.860999928691676,0.8214795811882746,0.0
2.171117945694505,1.0,7.94e-07,0.1,0.0,44.860999928691676,0.8214795811882746,0.0
2.171117945694505,1.0,1e-06,0.1,0.0,44.860999928691676,0.8214795811882746,0.0
2.171117945694505,1.0,1.26e-06,0.1,0.0,44.860999928691676,0.8214795811882746,0.0
2.171117945694505,1.0,1.58e-06,0.1,0.0,44.860999928691676,0.8214795811882746,0.0
2.171117945694505,1.0,2e-06,0.1,0.0,44.860999928691676,0.8214795811882746,0.0
2.171117945694505,1.0,2.51e-06,0.1,3.3333333333333335e-05,44.860999928691676,0.8214795811882746,179.44399971476673
2.171117945694505,1.0,3.98e-06,0.1,0.0001,44.860999928691676,0.8214795811882746,538.3319991443002
2.171117945694505,1.0,5.01e-06,0.1,6.666666666666667e-05,44.860999928691676,0.8214795811882746,358.88799942953347
2.171117945694505,1.0,7.94e-06,0.1,6.666666666666667e-05,44.860999928691676,0.8214795811882746,358.88799942953347
2.171117945694505,1.0,1e-05,0.1,6.666666666666667e-05,44.860999928691676,0.8214795811882746,358.88799942953347
2.171117945694505,1.0,1.26e-05,0.1,0.00023333333333333333,44.860999928691676,0.8214795811882746,1256.1079980033671
2.171117945694505,1.0,1.58e-05,0.1,0.0001,44.860999928691676,0.8214795811882746,538.3319991443002
2.171117945694505,1.0,2.51e-05,0.1,0.0005,44.860999928691676,0.8214795811882746,2691.6599957215008
2.171117945694505,1.0,3.16e-05,0.1,0.0006,44.860999928691676,0.8214795811882746,3229.9919948658007
2.171117945694505,1.0,3.98e-05,0.1,0.0011,44.860999928691676,0.8214795811882746,5921.651990587303
2.171117945694505,1.0,5.01e-05,0.1,0.0013333333333333333,44.860999928691676,0.8214795811882746,7177.759988590669
2.171117945694505,1.0,6.31e-05,0.1,0.0018666666666666666,44.860999928691676,0.8214795811882746,10048.863984026937
2.171117945694505,1.0,7.94e-05,0.1,0.0018,44.860999928691676,0.8214795811882746,9689.975984597402
2.171117945694505,1.0,0.0001,0.1,0.0017666666666666666,44.860999928691676,0.8214795811882746,9510.531984882637
2.171117945694505,1.0,0.000126,0.1,0.0021,44.860999928691676,0.8214795811882746,11304.971982030303
2.171117945694505,1.0,0.000158,0.1,0.0012333333333333332,44.860999928691676,0.8214795811882746,6639.427989446368
2.171117945694505,1.0,0.0002,0.1,0.0005,44.860999928691676,0.8214795811882746,2691.6599957215008
2.171117945694505,1.0,0.000251,0.1,0.0002,44.860999928691676,0.8214795811882746,1076.6639982886004
2.171117945694505,1.0,0.000316,0.1,3.3333333333333335e-05,44.860999928691676,0.8214795811882746,179.44399971476673
2.171117945694505,1.0,0.000398,0.1,3.3333333333333335e-05,44.860999928691676,0.8214795811882746,179.44399971476673
2.171117945694505,1.0,0.000501,0.1,0.0,44.860999928691676,0.8214795811882746,0.0
2.171117945694505,1.0,0.000631,0.1,0.0,44.860999928691676,0.8214795811882746,0.0
2.171117945694505,1.0,0.000794,0.1,0.0,44.860999928691676,0.8214795811882746,0.0
2.171117945694505,1.0,0.001,0.1,0.0,44.860999928691676,0.8214795811882746,0.0
2.171117945694505,1.0,0.00126,0.1,0.0,44.860999928691676,0.8214795811882746,0.0
2.171117945694505,1.0,0.00158,0.1,0.0,44.860999928691676,0.8214795811882746,0.0
2.171117945694505,1.0,0.002,0.1,0.0,44.860999928691676,0.8214795811882746,0.0
2.171117945694505,1.0,0.00251,0.1,0.0,44.860999928691676,0.8214795811882746,0.0
2.171117945694505,1.0,0.00316,0.1,0.0,44.860999928691676,0.8214795811882746,0.0
2.171117945694505,1.0,0.00398,0.1,0.0,44.860999928691676,0.8214795811882746,0.0
2.171117945694505,1.0,0.00501,0.1,0.0,44.860999928691676,0.8214795811882746,0.0
2.171117945694505,1.0,0.00631,0.1,0.0,44.860999928691676,0.8214795811882746,0.0
2.2739657523579275,1.0,3.16e-07,0.1,0.0,45.58040452844466,0.8346530768805102,0.0
2.2739657523579275,1.0,3.98e-07,0.1,0.0,45.58040452844466,0.8346530768805102,0.0
2.2739657523579275,1.0,5.01e-07,0.1,0.0,45.58040452844466,0.8346530768805102,0.0
2.2739657523579275,1.0,6.31e-07,0.1,0.0,45.58040452844466,0.8346530768805102,0.0
2.2739657523579275,1.0,7.94e-07,0.1,0.0,45.58040452844466,0.8346530768805102,0.0
2.2739657523579275,1.0,1e-06,0.1,0.0,45.58040452844466,0.8346530768805102,0.0
2.2739657523579275,1.0,1.26e-06,0.1,0.0,45.58040452844466,0.8346530768805102,0.0
2.2739657523579275,1.0,1.58e-06,0.1,0.0,45.58040452844466,0.8346530768805102,0.0
2.2739657523579275,1.0,2e-06,0.1,0.0,45.58040452844466,0.8346530768805102,0.0
2.2739657523579275,1.0,2.51e-06,0.1,3.3333333333333335e-05,45.58040452844466,0.8346530768805102,182.32161811377864
2.2739657523579275,1.0,3.98e-06,0.1,0.0001,45.58040452844466,0.8346530768805102,546.9648543413359
2.2739657523579275,1.0,5.01e-06,0.1,6.666666666666667e-05,45.58040452844466,0.8346530768805102,364.6432362275573
2.2739657523579275,1.0,7.94e-06,0.1,6.666666666666667e-05,45.58040452844466,0.8346530768805102,364.6432362275573
2.2739657523579275,1.0,1e-05,0.1,6.666666666666667e-05,45.58040452844466,0.8346530768805102,364.6432362275573
2.2739657523579275,1.0,1.26e-05,0.1,0.00023333333333333333,45.58040452844466,0.8346530768805102,1276.2513267964505
2.2739657523579275,1.0,1.58e-05,0.1,0.0001,45.58040452844466,0.8346530768805102,546.9648543413359
2.2739657523579275,1.0,2.51e-05,0.1,0.0005,45.58040452844466,0.8346530768805102,2734.8242717066796
2.2739657523579275,1.0,3.16e-05,0.1,0.0006,45.58040452844466,0.8346530768805102,3281.7891260480155
2.2739657523579275,1.0,3.98e-05,0.1,0.0011,45.58040452844466,0.8346530768805102,6016.613397754696
2.2739657523579275,1.0,5.01e-05,0.1,0.0013333333333333333,45.58040452844466,0.8346530768805102,7292.864724551146
2.2739657523579275,1.0,6.31e-05,0.1,0.0018666666666666666,45.58040452844466,0.8346530768805102,10210.010614371604
2.2739657523579275,1.0,7.94e-05,0.1,0.0018,45.58040452844466,0.8346530768805102,9845.367378144047
2.2739657523579275,1.0,0.0001,0.1,0.0017666666666666666,45.58040452844466,0.8346530768805102,9663.045760030267
2.2739657523579275,1.0,0.000126,0.1,0.0021,45.58040452844466,0.8346530768805102,11486.261941168053
2.2739657523579275,1.0,0.000158,0.1,0.0012333333333333332,45.58040452844466,0.8346530768805102,6745.89987020981
2.2739657523579275,1.0,0.0002,0.1,0.0005,45.58040452844466,0.8346530768805102,2734.8242717066796
2.2739657523579275,1.0,0.000251,0.1,0.0002,45.58040452844466,0.8346530768805102,1093.9297086826718
2.2739657523579275,1.0,0.000316,0.1,3.3333333333333335e-05,45.58040452844466,0.8346530768805102,182.32161811377864
2.2739657523579275,1.0,0.000398,0.1,3.3333333333333335e-05,45.58040452844466,0.8346530768805102,182.32161811377864
2.2739657523579275,1.0,0.000501,0.1,0.0,45.58040452844466,0.8346530768805102,0.0
2.2739657523579275,1.0,0.000631,0.1,0.0,45.58040452844466,0.8346530768805102,0.0
2.2739657523579275,1.0,0.000794,0.1,0.0,45.58040452844466,0.8346530768805102,0.0
2.2739657523579275,1.0,0.001,0.1,0.0,45.58040452844466,0.8346530768805102,0.0
2.2739657523579275,1.0,0.00126,0.1,0.0,45.58040452844466,0.8346530768805102,0.0
2.2739657523579275,1.0,0.00158,0.1,0.0,45.58040452844466,0.8346530768805102,0.0
2.2739657523579275,1.0,0.002,0.1,0.0,45.58040452844466,0.8346530768805102,0.0
2.2739657523579275,1.0,0.00251,0.1,0.0,45.58040452844466,0.8346530768805102,0.0
2.2739657523579275,1.0,0.00316,0.1,0.0,45.58040452844466,0.8346530768805102,0.0
2.2739657523579275,1.0,0.00398,0.1,0.0,45.58040452844466,0.8346530768805102,0.0
2.2739657523579275,1.0,0.00501,0.1,0.0,45.58040452844466,0.8346530768805102,0.0
2.2739657523579275,1.0,0.00631,0.1,0.0,45.58040452844466,0.8346530768805102,0.0
2.381685551976158,1.0,3.16e-07,0.1,0.0,46.25660743498354,0.847035477659468,0.0
2.381685551976158,1.0,3.98e-07,0.1,0.0,46.25660743498354,0.847035477659468,0.0
2.381685551976158,1.0,5.01e-07,0.1,0.0,46.25660743498354,0.847035477659468,0.0
2.381685551976158,1.0,6.31e-07,0.1,0.0,46.25660743498354,0.847035477659468,0.0
2.381685551976158,1.0,7.94e-07,0.1,0.0,46.25660743498354,0.847035477659468,0.0
2.381685551976158,1.0,1e-06,0.1,0.0,46.25660743498354,0.847035477659468,0.0
2.381685551976158,1.0,1.26e-06,0.1,0.0,46.25660743498354,0.847035477659468,0.0
2.381685551976158,1.0,1.58e-06,0.1,0.0,46.25660743498354,0.847035477659468,0.0
2.381685551976158,1.0,2e-06,0.1,0.0,46.25660743498354,0.847035477659468,0.0
2.381685551976158,1.0,2.51e-06,0.1,3.3333333333333335e-05,46.25660743498354,0.847035477659468,185.0264297399342
2.381685551976158,1.0,3.98e-06,0.1,0.0001,46.25660743498354,0.847035477659468,555.0792892198026
2.381685551976158,1.0,5.01e-06,0.1,6.666666666666667e-05,46.25660743498354,0.847035477659468,370.0528594798684
2.381685551976158,1.0,7.94e-06,0.1,6.666666666666667e-05,46.25660743498354,0.847035477659468,370.0528594798684
2.381685551976158,1.0,1e-05,0.1,6.666666666666667e-05,46.25660743498354,0.847035477659468,370.0528594798684
2.381685551976158,1.0,1.26e-05,0.1,0.00023333333333333333,46.25660743498354,0.847035477659468,1295.1850081795392
2.381685551976158,1.0,1.58e-05,0.1,0.0001,46.25660743498354,0.847035477659468,555.0792892198026
2.381685551976158,1.0,2.51e-05,0.1,0.0005,46.25660743498354,0.847035477659468,2775.396446099013
2.381685551976158,1.0,3.16e-05,0.1,0.0006,46.25660743498354,0.847035477659468,3330.475735318815
2.381685551976158,1.0,3.98e-05,0.1,0.0011,46.25660743498354,0.847035477659468,6105.872181417829
2.381685551976158,1.0,5.01e-05,0.1,0.0013333333333333333,46.25660743498354,0.847035477659468,7401.057189597367
2.381685551976158,1.0,6.31e-05,0.1,0.0018666666666666666,46.25660743498354,0.847035477659468,10361.480065436313
2.381685551976158,1.0,7.94e-05,0.1,0.0018,46.25660743498354,0.847035477659468,9991.427205956446
2.381685551976158,1.0,0.0001,0.1,0.0017666666666666666,46.25660743498354,0.847035477659468,9806.400776216511
2.381685551976158,1.0,0.000126,0.1,0.0021,46.25660743498354,0.847035477659468,11656.665073615854
2.381685551976158,1.0,0.000158,0.1,0.0012333333333333332,46.25660743498354,0.847035477659468,6845.977900377564
2.381685551976158,1.0,0.0002,0.1,0.0005,46.25660743498354,0.847035477659468,2775.396446099013
2.381685551976158,1.0,0.000251,0.1,0.0002,46.25660743498354,0.847035477659468,1110.1585784396052
2.381685551976158,1.0,0.000316,0.1,3.3333333333333335e-05,46.25660743498354,0.847035477659468,185.0264297399342
2.381685551976158,1.0,0.000398,0.1,3.3333333333333335e-05,46.25660743498354,0.847035477659468,185.0264297399342
2.381685551976158,1.0,0.000501,0.1,0.0,46.25660743498354,0.847035477659468,0.0
2.381685551976158,1.0,0.000631,0.1,0.0,46.25660743498354,0.847035477659468,0.0
2.381685551976158,1.0,0.000794,0.1,0.0,46.25660743498354,0.847035477659468,0.0
2.381685551976158,1.0,0.001,0.1,0.0,46.25660743498354,0.847035477659468,0.0
2.381685551976158,1.0,0.00126,0.1,0.0,46.25660743498354,0.847035477659468,0.0
2.381685551976158,1.0,0.00158,0.1,0.0,46.25660743498354,0.847035477659468,0.0
2.381685551976158,1.0,0.002,0.1,0.0,46.25660743498354,0.847035477659468,0.0
2.381685551976158,1.0,0.00251,0.1,0.0,46.25660743498354,0.847035477659468,0.0
2.381685551976158,1.0,0.00316,0.1,0.0,46.25660743498354,0.847035477659468,0.0
2.381685551976158,1.0,0.00398,0.1,0.0,46.25660743498354,0.847035477659468,0.0
2.381685551976158,1.0,0.00501,0.1,0.0,46.25660743498354,0.847035477659468,0.0
2.381685551976158,1.0,0.00631,0.1,0.0,46.25660743498354,0.847035477659468,0.0
2.4945081352303164,1.0,3.16e-07,0.1,0.0,46.89074722780329,0.8586476328109007,0.0
2.4945081352303164,1.0,3.98e-07,0.1,0.0,46.89074722780329,0.8586476328109007,0.0
2.4945081352303164,1.0,5.01e-07,0.1,0.0,46.89074722780329,0.8586476328109007,0.0
2.4945081352303164,1.0,6.31e-07,0.1,0.0,46.89074722780329,0.8586476328109007,0.0
2.4945081352303164,1.0,7.94e-07,0.1,0.0,46.89074722780329,0.8586476328109007,0.0
2.4945081352303164,1.0,1e-06,0.1,0.0,46.89074722780329,0.8586476328109007,0.0
2.4945081352303164,1.0,1.26e-06,0.1,0.0,46.89074722780329,0.8586476328109007,0.0
2.4945081352303164,1.0,1.58e-06,0.1,0.0,46.89074722780329,0.8586476328109007,0.0
2.4945081352303164,1.0,2e-06,0.1,0.0,46.89074722780329,0.8586476328109007,0.0
2.4945081352303164,1.0,2.51e-06,0.1,3.3333333333333335e-05,46.89074722780329,0.8586476328109007,187.5629889112132
2.4945081352303164,1.0,3.98e-06,0.1,0.0001,46.89074722780329,0.8586476328109007,562.6889667336396
2.4945081352303164,1.0,5.01e-06,0.1,6.666666666666667e-05,46.89074722780329,0.8586476328109007,375.1259778224264
2.4945081352303164,1.0,7.94e-06,0.1,6.666666666666667e-05,46.89074722780329,0.8586476328109007,375.1259778224264
2.4945081352303164,1.0,1e-05,0.1,6.666666666666667e-05,46.89074722780329,0.8586476328109007,375.1259778224264
2.4945081352303164,1.0,1.26e-05,0.1,0.00023333333333333333,46.89074722780329,0.8586476328109007,1312.9409223784924
2.4945081352303164,1.0,1.58e-05,0.1,0.0001,46.89074722780329,0.8586476328109007,562.6889667336396
2.4945081352303164,1.0,2.51e-05,0.1,0.0005,46.89074722780329,0.8586476328109007,2813.444833668198
2.4945081352303164,1.0,3.16e-05,0.1,0.0006,46.89074722780329,0.8586476328109007,3376.133800401837
2.4945081352303164,1.0,3.98e-05,0.1,0.0011,46.89074722780329,0.8586476328109007,6189.578634070036
2.4945081352303164,1.0,5.01e-05,0.1,0.0013333333333333333,46.89074722780329,0.8586476328109007,7502.5195564485275
2.4945081352303164,1.0,6.31e-05,0.1,0.0018666666666666666,46.89074722780329,0.8586476328109007,10503.527379027939
2.4945081352303164,1.0,7.94e-05,0.1,0.0018,46.89074722780329,0.8586476328109007,10128.401401205512
2.4945081352303164,1.0,0.0001,0.1,0.0017666666666666666,46.89074722780329,0.8586476328109007,9940.838412294299
2.4945081352303164,1.0,0.000126,0.1,0.0021,46.89074722780329,0.8586476328109007,11816.46830140643
2.4945081352303164,1.0,0.000158,0.1,0.0012333333333333332,46.89074722780329,0.8586476328109007,6939.830589714887
2.4945081352303164,1.0,0.0002,0.1,0.0005,46.89074722780329,0.8586476328109007,2813.444833668198
2.4945081352303164,1.0,0.000251,0.1,0.0002,46.89074722780329,0.8586476328109007,1125.3779334672793
2.4945081352303164,1.0,0.000316,0.1,3.3333333333333335e-05,46.89074722780329,0.8586476328109007,187.5629889112132
2.4945081352303164,1.0,0.000398,0.1,3.3333333333333335e-05,46.89074722780329,0.8586476328109007,187.5629889112132
2.4945081352303164,1.0,0.000501,0.1,0.0,46.89074722780329,0.8586476328109007,0.0
2.4945081352303164,1.0,0.000631,0.1,0.0,46.89074722780329,0.8586476328109007,0.0
2.4945081352303164,1.0,0.000794,0.1,0.0,46.89074722780329,0.8586476328109007,0.0
2.4945081352303164,1.0,0.001,0.1,0.0,46.89074722780329,0.8586476328109007,0.0
2.4945081352303164,1.0,0.00126,0.1,0.0,46.89074722780329,0.8586476328109007,0.0
2.4945081352303164,1.0,0.00158,0.1,0.0,46.89074722780329,0.8586476328109007,0.0
2.4945081352303164,1.0,0.002,0.1,0.0,46.89074722780329,0.8586476328109007,0.0
2.4945081352303164,1.0,0.00251,0.1,0.0,46.89074722780329,0.8586476328109007,0.0
2.4945081352303164,1.0,0.00316,0.1,0.0,46.89074722780329,0.8586476328109007,0.0
2.4945081352303164,1.0,0.00398,0.1,0.0,46.89074722780329,0.8586476328109007,0.0
2.4945081352303164,1.0,0.00501,0.1,0.0,46.89074722780329,0.8586476328109007,0.0
2.4945081352303164,1.0,0.00631,0.1,0.0,46.89074722780329,0.8586476328109007,0.0
2.612675225563329,1.0,3.16e-07,0.1,0.0,47.48416289753046,0.8695140614819714,0.0
2.612675225563329,1.0,3.98e-07,0.1,0.0,47.48416289753046,0.8695140614819714,0.0
2.612675225563329,1.0,5.01e-07,0.1,0.0,47.48416289753046,0.8695140614819714,0.0
2.612675225563329,1.0,6.31e-07,0.1,0.0,47.48416289753046,0.8695140614819714,0.0
2.612675225563329,1.0,7.94e-07,0.1,0.0,47.48416289753046,0.8695140614819714,0.0
2.612675225563329,1.0,1e-06,0.1,0.0,47.48416289753046,0.8695140614819714,0.0
2.612675225563329,1.0,1.26e-06,0.1,0.0,47.48416289753046,0.8695140614819714,0.0
2.612675225563329,1.0,1.58e-06,0.1,0.0,47.48416289753046,0.8695140614819714,0.0
2.612675225563329,1.0,2e-06,0.1,0.0,47.48416289753046,0.8695140614819714,0.0
2.612675225563329,1.0,2.51e-06,0.1,3.3333333333333335e-05,47.48416289753046,0.8695140614819714,189.93665159012187
2.612675225563329,1.0,3.98e-06,0.1,0.0001,47.48416289753046,0.8695140614819714,569.8099547703655
2.612675225563329,1.0,5.01e-06,0.1,6.666666666666667e-05,47.48416289753046,0.8695140614819714,379.87330318024374
2.612675225563329,1.0,7.94e-06,0.1,6.666666666666667e-05,47.48416289753046,0.8695140614819714,379.87330318024374
2.612675225563329,1.0,1e-05,0.1,6.666666666666667e-05,47.48416289753046,0.8695140614819714,379.87330318024374
2.612675225563329,1.0,1.26e-05,0.1,0.00023333333333333333,47.48416289753046,0.8695140614819714,1329.556561130853
2.612675225563329,1.0,1.58e-05,0.1,0.0001,47.48416289753046,0.8695140614819714,569.8099547703655
2.612675225563329,1.0,2.51e-05,0.1,0.0005,47.48416289753046,0.8695140614819714,2849.049773851828
2.612675225563329,1.0,3.16e-05,0.1,0.0006,47.48416289753046,0.8695140614819714,3418.859728622193
2.612675225563329,1.0,3.98e-05,0.1,0.0011,47.48416289753046,0.8695140614819714,6267.909502474021
2.612675225563329,1.0,5.01e-05,0.1,0.0013333333333333333,47.48416289753046,0.8695140614819714,7597.466063604874
2.612675225563329,1.0,6.31e-05,0.1,0.0018666666666666666,47.48416289753046,0.8695140614819714,10636.452489046824
2.612675225563329,1.0,7.94e-05,0.1,0.0018,47.48416289753046,0.8695140614819714,10256.57918586658
2.612675225563329,1.0,0.0001,0.1,0.0017666666666666666,47.48416289753046,0.8695140614819714,10066.642534276458
2.612675225563329,1.0,0.000126,0.1,0.0021,47.48416289753046,0.8695140614819714,11966.009050177676
2.612675225563329,1.0,0.000158,0.1,0.0012333333333333332,47.48416289753046,0.8695140614819714,7027.656108834508
2.612675225563329,1.0,0.0002,0.1,0.0005,47.48416289753046,0.8695140614819714,2849.049773851828
2.612675225563329,1.0,0.000251,0.1,0.0002,47.48416289753046,0.8695140614819714,1139.619909540731
2.612675225563329,1.0,0.000316,0.1,3.3333333333333335e-05,47.48416289753046,0.8695140614819714,189.93665159012187
2.612675225563329,1.0,0.000398,0.1,3.3333333333333335e-05,47.48416289753046,0.8695140614819714,189.93665159012187
2.612675225563329,1.0,0.000501,0.1,0.0,47.48416289753046,0.8695140614819714,0.0
2.612675225563329,1.0,0.000631,0.1,0.0,47.48416289753046,0.8695140614819714,0.0
2.612675225563329,1.0,0.000794,0.1,0.0,47.48416289753046,0.8695140614819714,0.0
2.612675225563329,1.0,0.001,0.1,0.0,47.48416289753046,0.8695140614819714,0.0
2.612675225563329,1.0,0.00126,0.1,0.0,47.48416289753046,0.8695140614819714,0.0
2.612675225563329,1.0,0.00158,0.1,0.0,47.48416289753046,0.8695140614819714,0.0
2.612675225563329,1.0,0.002,0.1,0.0,47.48416289753046,0.8695140614819714,0.0
2.612675225563329,1.0,0.00251,0.1,0.0,47.48416289753046,0.8695140614819714,0.0
2.612675225563329,1.0,0.00316,0.1,0.0,47.48416289753046,0.8695140614819714,0.0
2.612675225563329,1.0,0.00398,0.1,0.0,47.48416289753046,0.8695140614819714,0.0
2.612675225563329,1.0,0.00501,0.1,0.0,47.48416289753046,0.8695140614819714,0.0
2.612675225563329,1.0,0.00631,0.1,0.0,47.48416289753046,0.8695140614819714,0.0
2.736439997074672,1.0,3.16e-07,0.1,0.0,48.03835325236357,0.8796622093456065,0.0
2.736439997074672,1.0,3.98e-07,0.1,0.0,48.03835325236357,0.8796622093456065,0.0
2.736439997074672,1.0,5.01e-07,0.1,0.0,48.03835325236357,0.8796622093456065,0.0
2.736439997074672,1.0,6.31e-07,0.1,0.0,48.03835325236357,0.8796622093456065,0.0
2.736439997074672,1.0,7.94e-07,0.1,0.0,48.03835325236357,0.8796622093456065,0.0
2.736439997074672,1.0,1e-06,0.1,0.0,48.03835325236357,0.8796622093456065,0.0
2.736439997074672,1.0,1.26e-06,0.1,0.0,48.03835325236357,0.8796622093456065,0.0
2.736439997074672,1.0,1.58e-06,0.1,0.0,48.03835325236357,0.8796622093456065,0.0
2.736439997074672,1.0,2e-06,0.1,0.0,48.03835325236357,0.8796622093456065,0.0
2.736439997074672,1.0,2.51e-06,0.1,3.3333333333333335e-05,48.03835325236357,0.8796622093456065,192.1534130094543
2.736439997074672,1.0,3.98e-06,0.1,0.0001,48.03835325236357,0.8796622093456065,576.4602390283629
2.736439997074672,1.0,5.01e-06,0.1,6.666666666666667e-05,48.03835325236357,0.8796622093456065,384.3068260189086
2.736439997074672,1.0,7.94e-06,0.1,6.666666666666667e-05,48.03835325236357,0.8796622093456065,384.3068260189086
2.736439997074672,1.0,1e-05,0.1,6.666666666666667e-05,48.03835325236357,0.8796622093456065,384.3068260189086
2.736439997074672,1.0,1.26e-05,0.1,0.00023333333333333333,48.03835325236357,0.8796622093456065,1345.0738910661803
2.736439997074672,1.0,1.58e-05,0.1,0.0001,48.03835325236357,0.8796622093456065,576.4602390283629
2.736439997074672,1.0,2.51e-05,0.1,0.0005,48.03835325236357,0.8796622093456065,2882.301195141815
2.736439997074672,1.0,3.16e-05,0.1,0.0006,48.03835325236357,0.8796622093456065,3458.7614341701774
2.736439997074672,1.0,3.98e-05,0.1,0.0011,48.03835325236357,0.8796622093456065,6341.062629311993
2.736439997074672,1.0,5.01e-05,0.1,0.0013333333333333333,48.03835325236357,0.8796622093456065,7686.1365203781725
2.736439997074672,1.0,6.31e-05,0.1,0.0018666666666666666,48.03835325236357,0.8796622093456065,10760.591128529442
2.736439997074672,1.0,7.94e-05,0.1,0.0018,48.03835325236357,0.8796622093456065,10376.284302510532
2.736439997074672,1.0,0.0001,0.1,0.0017666666666666666,48.03835325236357,0.8796622093456065,10184.130889501079
2.736439997074672,1.0,0.000126,0.1,0.0021,48.03835325236357,0.8796622093456065,12105.66501959562
2.736439997074672,1.0,0.000158,0.1,0.0012333333333333332,48.03835325236357,0.8796622093456065,7109.67628134981
2.736439997074672,1.0,0.0002,0.1,0.0005,48.03835325236357,0.8796622093456065,2882.301195141815
2.736439997074672,1.0,0.000251,0.1,0.0002,48.03835325236357,0.8796622093456065,1152.9204780567259
2.736439997074672,1.0,0.000316,0.1,3.3333333333333335e-05,48.03835325236357,0.8796622093456065,192.1534130094543
2.736439997074672,1.0,0.000398,0.1,3.3333333333333335e-05,48.03835325236357,0.8796622093456065,192.1534130094543
2.736439997074672,1.0,0.000501,0.1,0.0,48.03835325236357,0.8796622093456065,0.0
2.736439997074672,1.0,0.000631,0.1,0.0,48.03835325236357,0.8796622093456065,0.0
2.736439997074672,1.0,0.000794,0.1,0.0,48.03835325236357,0.8796622093456065,0.0
2.736439997074672,1.0,0.001,0.1,0.0,48.03835325236357,0.8796622093456065,0.0
2.736439997074672,1.0,0.00126,0.1,0.0,48.03835325236357,0.8796622093456065,0.0
2.736439997074672,1.0,0.00158,0.1,0.0,48.03835325236357,0.8796622093456065,0.0
2.736439997074672,1.0,0.002,0.1,0.0,48.03835325236357,0.8796622093456065,0.0
2.736439997074672,1.0,0.00251,0.1,0.0,48.03835325236357,0.8796622093456065,0.0
2.736439997074672,1.0,0.00316,0.1,0.0,48.03835325236357,0.8796622093456065,0.0
2.736439997074672,1.0,0.00398,0.1,0.0,48.03835325236357,0.8796622093456065,0.0
2.736439997074672,1.0,0.00501,0.1,0.0,48.03835325236357,0.8796622093456065,0.0
2.736439997074672,1.0,0.00631,0.1,0.0,48.03835325236357,0.8796622093456065,0.0
2.8660676169482504,1.0,3.16e-07,0.1,0.0,48.554939197939305,0.8891217578820602,0.0
2.8660676169482504,1.0,3.98e-07,0.1,0.0,48.554939197939305,0.8891217578820602,0.0
2.8660676169482504,1.0,5.01e-07,0.1,0.0,48.554939197939305,0.8891217578820602,0.0
2.8660676169482504,1.0,6.31e-07,0.1,0.0,48.554939197939305,0.8891217578820602,0.0
2.8660676169482504,1.0,7.94e-07,0.1,0.0,48.554939197939305,0.8891217578820602,0.0
2.8660676169482504,1.0,1e-06,0.1,0.0,48.554939197939305,0.8891217578820602,0.0
2.8660676169482504,1.0,1.26e-06,0.1,0.0,48.554939197939305,0.8891217578820602,0.0
2.8660676169482504,1.0,1.58e-06,0.1,0.0,48.554939197939305,0.8891217578820602,0.0
2.8660676169482504,1.0,2e-06,0.1,0.0,48.554939197939305,0.8891217578820602,0.0
2.8660676169482504,1.0,2.51e-06,0.1,3.3333333333333335e-05,48.554939197939305,0.8891217578820602,194.21975679175728
2.8660676169482504,1.0,3.98e-06,0.1,0.0001,48.554939197939305,0.8891217578820602,582.6592703752718
2.8660676169482504,1.0,5.01e-06,0.1,6.666666666666667e-05,48.554939197939305,0.8891217578820602,388.43951358351455
2.8660676169482504,1.0,7.94e-06,0.1,6.666666666666667e-05,48.554939197939305,0.8891217578820602,388.43951358351455
2.8660676169482504,1.0,1e-05,0.1,6.666666666666667e-05,48.554939197939305,0.8891217578820602,388.43951358351455
2.8660676169482504,1.0,1.26e-05,0.1,0.00023333333333333333,48.554939197939305,0.8891217578820602,1359.5382975423008
2.8660676169482504,1.0,1.58e-05,0.1,0.0001,48.554939197939305,0.8891217578820602,582.6592703752718
2.8660676169482504,1.0,2.51e-05,0.1,0.0005,48.554939197939305,0.8891217578820602,2913.296351876359
2.8660676169482504,1.0,3.16e-05,0.1,0.0006,48.554939197939305,0.8891217578820602,3495.9556222516303
2.8660676169482504,1.0,3.98e-05,0.1,0.0011,48.554939197939305,0.8891217578820602,6409.25197412799
2.8660676169482504,1.0,5.01e-05,0.1,0.0013333333333333333,48.554939197939305,0.8891217578820602,7768.79027167029
2.8660676169482504,1.0,6.31e-05,0.1,0.0018666666666666666,48.554939197939305,0.8891217578820602,10876.306380338407
2.8660676169482504,1.0,7.94e-05,0.1,0.0018,48.554939197939305,0.8891217578820602,10487.866866754892
2.8660676169482504,1.0,0.0001,0.1,0.0017666666666666666,48.554939197939305,0.8891217578820602,10293.647109963134
2.8660676169482504,1.0,0.000126,0.1,0.0021,48.554939197939305,0.8891217578820602,12235.844677880707
2.8660676169482504,1.0,0.000158,0.1,0.0012333333333333332,48.554939197939305,0.8891217578820602,7186.131001295017
2.8660676169482504,1.0,0.0002,0.1,0.0005,48.554939197939305,0.8891217578820602,2913.296351876359
2.8660676169482504,1.0,0.000251,0.1,0.0002,48.554939197939305,0.8891217578820602,1165.3185407505437
2.8660676169482504,1.0,0.000316,0.1,3.3333333333333335e-05,48.554939197939305,0.8891217578820602,194.21975679175728
2.8660676169482504,1.0,0.000398,0.1,3.3333333333333335e-05,48.554939197939305,0.8891217578820602,194.21975679175728
2.8660676169482504,1.0,0.000501,0.1,0.0,48.554939197939305,0.8891217578820602,0.0
2.8660676169482504,1.0,0.000631,0.1,0.0,48.554939197939305,0.8891217578820602,0.0
2.8660676169482504,1.0,0.000794,0.1,0.0,48.554939197939305,0.8891217578820602,0.0
2.8660676169482504,1.0,0.001,0.1,0.0,48.554939197939305,0.8891217578820602,0.0
2.8660676169482504,1.0,0.00126,0.1,0.0,48.554939197939305,0.8891217578820602,0.0
2.8660676169482504,1.0,0.00158,0.1,0.0,48.554939197939305,0.8891217578820602,0.0
2.8660676169482504,1.0,0.002,0.1,0.0,48.554939197939305,0.8891217578820602,0.0
2.8660676169482504,1.0,0.00251,0.1,0.0,48.554939197939305,0.8891217578820602,0.0
2.8660676169482504,1.0,0.00316,0.1,0.0,48.554939197939305,0.8891217578820602,0.0
2.8660676169482504,1.0,0.00398,0.1,0.0,48.554939197939305,0.8891217578820602,0.0
2.8660676169482504,1.0,0.00501,0.1,0.0,48.554939197939305,0.8891217578820602,0.0
2.8660676169482504,1.0,0.00631,0.1,0.0,48.554939197939305,0.8891217578820602,0.0
3.001835813575589,1.0,3.16e-07,0.1,0.0,49.03562934867655,0.8979239946653828,0.0
3.001835813575589,1.0,3.98e-07,0.1,0.0,49.03562934867655,0.8979239946653828,0.0
3.001835813575589,1.0,5.01e-07,0.1,0.0,49.03562934867655,0.8979239946653828,0.0
3.001835813575589,1.0,6.31e-07,0.1,0.0,49.03562934867655,0.8979239946653828,0.0
3.001835813575589,1.0,7.94e-07,0.1,0.0,49.03562934867655,0.8979239946653828,0.0
3.001835813575589,1.0,1e-06,0.1,0.0,49.03562934867655,0.8979239946653828,0.0
3.001835813575589,1.0,1.26e-06,0.1,0.0,49.03562934867655,0.8979239946653828,0.0
3.001835813575589,1.0,1.58e-06,0.1,0.0,49.03562934867655,0.8979239946653828,0.0
3.001835813575589,1.0,2e-06,0.1,0.0,49.03562934867655,0.8979239946653828,0.0
3.001835813575589,1.0,2.51e-06,0.1,3.3333333333333335e-05,49.03562934867655,0.8979239946653828,196.14251739470623
3.001835813575589,1.0,3.98e-06,0.1,0.0001,49.03562934867655,0.8979239946653828,588.4275521841187
3.001835813575589,1.0,5.01e-06,0.1,6.666666666666667e-05,49.03562934867655,0.8979239946653828,392.28503478941246
3.001835813575589,1.0,7.94e-06,0.1,6.666666666666667e-05,49.03562934867655,0.8979239946653828,392.28503478941246
3.001835813575589,1.0,1e-05,0.1,6.666666666666667e-05,49.03562934867655,0.8979239946653828,392.28503478941246
3.001835813575589,1.0,1.26e-05,0.1,0.00023333333333333333,49.03562934867655,0.8979239946653828,1372.9976217629437
3.001835813575589,1.0,1.58e-05,0.1,0.0001,49.03562934867655,0.8979239946653828,588.4275521841187
3.001835813575589,1.0,2.51e-05,0.1,0.0005,49.03562934867655,0.8979239946653828,2942.1377609205933
3.001835813575589,1.0,3.16e-05,0.1,0.0006,49.03562934867655,0.8979239946653828,3530.565313104712
3.001835813575589,1.0,3.98e-05,0.1,0.0011,49.03562934867655,0.8979239946653828,6472.703074025306
3.001835813575589,1.0,5.01e-05,0.1,0.0013333333333333333,49.03562934867655,0.8979239946653828,7845.700695788248
3.001835813575589,1.0,6.31e-05,0.1,0.0018666666666666666,49.03562934867655,0.8979239946653828,10983.98097410355
3.001835813575589,1.0,7.94e-05,0.1,0.0018,49.03562934867655,0.8979239946653828,10591.695939314137
3.001835813575589,1.0,0.0001,0.1,0.0017666666666666666,49.03562934867655,0.8979239946653828,10395.55342191943
3.001835813575589,1.0,0.000126,0.1,0.0021,49.03562934867655,0.8979239946653828,12356.97859586649
3.001835813575589,1.0,0.000158,0.1,0.0012333333333333332,49.03562934867655,0.8979239946653828,7257.273143604129
3.001835813575589,1.0,0.0002,0.1,0.0005,49.03562934867655,0.8979239946653828,2942.1377609205933
3.001835813575589,1.0,0.000251,0.1,0.0002,49.03562934867655,0.8979239946653828,1176.8551043682373
3.001835813575589,1.0,0.000316,0.1,3.3333333333333335e-05,49.03562934867655,0.8979239946653828,196.14251739470623
3.001835813575589,1.0,0.000398,0.1,3.3333333333333335e-05,49.03562934867655,0.8979239946653828,196.14251739470623
3.001835813575589,1.0,0.000501,0.1,0.0,49.03562934867655,0.8979239946653828,0.0
3.001835813575589,1.0,0.000631,0.1,0.0,49.03562934867655,0.8979239946653828,0.0
3.001835813575589,1.0,0.000794,0.1,0.0,49.03562934867655,0.8979239946653828,0.0
3.001835813575589,1.0,0.001,0.1,0.0,49.03562934867655,0.8979239946653828,0.0
3.001835813575589,1.0,0.00126,0.1,0.0,49.03562934867655,0.8979239946653828,0.0
3.001835813575589,1.0,0.00158,0.1,0.0,49.03562934867655,0.8979239946653828,0.0
3.001835813575589,1.0,0.002,0.1,0.0,49.03562934867655,0.8979239946653828,0.0
3.001835813575589,1.0,0.00251,0.1,0.0,49.03562934867655,0.8979239946653828,0.0
3.001835813575589,1.0,0.00316,0.1,0.0,49.03562934867655,0.8979239946653828,0.0
3.001835813575589,1.0,0.00398,0.1,0.0,49.03562934867655,0.8979239946653828,0.0
3.001835813575589,1.0,0.00501,0.1,0.0,49.03562934867655,0.8979239946653828,0.0
3.001835813575589,1.0,0.00631,0.1,0.0,49.03562934867655,0.8979239946653828,0.0
3.1440354715915,1.0,3.16e-07,0.1,0.0,49.48218923622948,0.9061012495189431,0.0
3.1440354715915,1.0,3.98e-07,0.1,0.0,49.48218923622948,0.9061012495189431,0.0
3.1440354715915,1.0,5.01e-07,0.1,0.0,49.48218923622948,0.9061012495189431,0.0
3.1440354715915,1.0,6.31e-07,0.1,0.0,49.48218923622948,0.9061012495189431,0.0
3.1440354715915,1.0,7.94e-07,0.1,0.0,49.48218923622948,0.9061012495189431,0.0
3.1440354715915,1.0,1e-06,0.1,0.0,49.48218923622948,0.9061012495189431,0.0
3.1440354715915,1.0,1.26e-06,0.1,0.0,49.48218923622948,0.9061012495189431,0.0
3.1440354715915,1.0,1.58e-06,0.1,0.0,49.48218923622948,0.9061012495189431,0.0
3.1440354715915,1.0,2e-06,0.1,0.0,49.48218923622948,0.9061012495189431,0.0
3.1440354715915,1.0,2.51e-06,0.1,3.3333333333333335e-05,49.48218923622948,0.9061012495189431,197.92875694491795
3.1440354715915,1.0,3.98e-06,0.1,0.0001,49.48218923622948,0.9061012495189431,593.7862708347539
3.1440354715915,1.0,5.01e-06,0.1,6.666666666666667e-05,49.48218923622948,0.9061012495189431,395.8575138898359
3.1440354715915,1.0,7.94e-06,0.1,6.666666666666667e-05,49.48218923622948,0.9061012495189431,395.8575138898359
3.1440354715915,1.0,1e-05,0.1,6.666666666666667e-05,49.48218923622948,0.9061012495189431,395.8575138898359
3.1440354715915,1.0,1.26e-05,0.1,0.00023333333333333333,49.48218923622948,0.9061012495189431,1385.5012986144257
3.1440354715915,1.0,1.58e-05,0.1,0.0001,49.48218923622948,0.9061012495189431,593.7862708347539
3.1440354715915,1.0,2.51e-05,0.1,0.0005,49.48218923622948,0.9061012495189431,2968.9313541737693
3.1440354715915,1.0,3.16e-05,0.1,0.0006,49.48218923622948,0.9061012495189431,3562.717625008523
3.1440354715915,1.0,3.98e-05,0.1,0.0011,49.48218923622948,0.9061012495189431,6531.648979182293
3.1440354715915,1.0,5.01e-05,0.1,0.0013333333333333333,49.48218923622948,0.9061012495189431,7917.150277796717
3.1440354715915,1.0,6.31e-05,0.1,0.0018666666666666666,49.48218923622948,0.9061012495189431,11084.010388915405
3.1440354715915,1.0,7.94e-05,0.1,0.0018,49.48218923622948,0.9061012495189431,10688.15287502557
3.1440354715915,1.0,0.0001,0.1,0.0017666666666666666,49.48218923622948,0.9061012495189431,10490.224118080652
3.1440354715915,1.0,0.000126,0.1,0.0021,49.48218923622948,0.9061012495189431,12469.51168752983
3.1440354715915,1.0,0.000158,0.1,0.0012333333333333332,49.48218923622948,0.9061012495189431,7323.364006961964
3.1440354715915,1.0,0.0002,0.1,0.0005,49.48218923622948,0.9061012495189431,2968.9313541737693
3.1440354715915,1.0,0.000251,0.1,0.0002,49.48218923622948,0.9061012495189431,1187.5725416695077
3.1440354715915,1.0,0.000316,0.1,3.3333333333333335e-05,49.48218923622948,0.9061012495189431,197.92875694491795
3.1440354715915,1.0,0.000398,0.1,3.3333333333333335e-05,49.48218923622948,0.9061012495189431,197.92875694491795
3.1440354715915,1.0,0.000501,0.1,0.0,49.48218923622948,0.9061012495189431,0.0
3.1440354715915,1.0,0.000631,0.1,0.0,49.48218923622948,0.9061012495189431,0.0
3.1440354715915,1.0,0.000794,0.1,0.0,49.48218923622948,0.9061012495189431,0.0
3.1440354715915,1.0,0.001,0.1,0.0,49.48218923622948,0.9061012495189431,0.0
3.1440354715915,1.0,0.00126,0.1,0.0,49.48218923622948,0.9061012495189431,0.0
3.1440354715915,1.0,0.00158,0.1,0.0,49.48218923622948,0.9061012495189431,0.0
3.1440354715915,1.0,0.002,0.1,0.0,49.48218923622948,0.9061012495189431,0.0
3.1440354715915,1.0,0.00251,0.1,0.0,49.48218923622948,0.9061012495189431,0.0
3.1440354715915,1.0,0.00316,0.1,0.0,49.48218923622948,0.9061012495189431,0.0
3.1440354715915,1.0,0.00398,0.1,0.0,49.48218923622948,0.9061012495189431,0.0
3.1440354715915,1.0,0.00501,0.1,0.0,49.48218923622948,0.9061012495189431,0.0
3.1440354715915,1.0,0.00631,0.1,0.0,49.48218923622948,0.9061012495189431,0.0
3.2929712550971515,1.0,3.16e-07,0.1,0.0,49.896414218004864,0.913686398425286,0.0
3.2929712550971515,1.0,3.98e-07,0.1,0.0,49.896414218004864,0.913686398425286,0.0
3.2929712550971515,1.0,5.01e-07,0.1,0.0,49.896414218004864,0.913686398425286,0.0
3.2929712550971515,1.0,6.31e-07,0.1,0.0,49.896414218004864,0.913686398425286,0.0
3.2929712550971515,1.0,7.94e-07,0.1,0.0,49.896414218004864,0.913686398425286,0.0
3.2929712550971515,1.0,1e-06,0.1,0.0,49.896414218004864,0.913686398425286,0.0
3.2929712550971515,1.0,1.26e-06,0.1,0.0,49.896414218004864,0.913686398425286,0.0
3.2929712550971515,1.0,1.58e-06,0.1,0.0,49.896414218004864,0.913686398425286,0.0
3.2929712550971515,1.0,2e-06,0.1,0.0,49.896414218004864,0.913686398425286,0.0
3.2929712550971515,1.0,2.51e-06,0.1,3.3333333333333335e-05,49.896414218004864,0.913686398425286,199.5856568720195
3.2929712550971515,1.0,3.98e-06,0.1,0.0001,49.896414218004864,0.913686398425286,598.7569706160584
3.2929712550971515,1.0,5.01e-06,0.1,6.666666666666667e-05,49.896414218004864,0.913686398425286,399.171313744039
3.2929712550971515,1.0,7.94e-06,0.1,6.666666666666667e-05,49.896414218004864,0.913686398425286,399.171313744039
3.2929712550971515,1.0,1e-05,0.1,6.666666666666667e-05,49.896414218004864,0.913686398425286,399.171313744039
3.2929712550971515,1.0,1.26e-05,0.1,0.00023333333333333333,49.896414218004864,0.913686398425286,1397.0995981041362
3.2929712550971515,1.0,1.58e-05,0.1,0.0001,49.896414218004864,0.913686398425286,598.7569706160584
3.2929712550971515,1.0,2.51e-05,0.1,0.0005,49.896414218004864,0.913686398425286,2993.784853080292
3.2929712550971515,1.0,3.16e-05,0.1,0.0006,49.896414218004864,0.913686398425286,3592.5418236963505
3.2929712550971515,1.0,3.98e-05,0.1,0.0011,49.896414218004864,0.913686398425286,6586.326676776644
3.2929712550971515,1.0,5.01e-05,0.1,0.0013333333333333333,49.896414218004864,0.913686398425286,7983.426274880779
3.2929712550971515,1.0,6.31e-05,0.1,0.0018666666666666666,49.896414218004864,0.913686398425286,11176.79678483309
3.2929712550971515,1.0,7.94e-05,0.1,0.0018,49.896414218004864,0.913686398425286,10777.625471089052
3.2929712550971515,1.0,0.0001,0.1,0.0017666666666666666,49.896414218004864,0.913686398425286,10578.039814217032
3.2929712550971515,1.0,0.000126,0.1,0.0021,49.896414218004864,0.913686398425286,12573.896382937226
3.2929712550971515,1.0,0.000158,0.1,0.0012333333333333332,49.896414218004864,0.913686398425286,7384.66930426472
3.2929712550971515,1.0,0.0002,0.1,0.0005,49.896414218004864,0.913686398425286,2993.784853080292
3.2929712550971515,1.0,0.000251,0.1,0.0002,49.896414218004864,0.913686398425286,1197.5139412321168
3.2929712550971515,1.0,0.000316,0.1,3.3333333333333335e-05,49.896414218004864,0.913686398425286,199.5856568720195
3.2929712550971515,1.0,0.000398,0.1,3.3333333333333335e-05,49.896414218004864,0.913686398425286,199.5856568720195
3.2929712550971515,1.0,0.000501,0.1,0.0,49.896414218004864,0.913686398425286,0.0
3.2929712550971515,1.0,0.000631,0.1,0.0,49.896414218004864,0.913686398425286,0.0
3.2929712550971515,1.0,0.000794,0.1,0.0,49.896414218004864,0.913686398425286,0.0
3.2929712550971515,1.0,0.001,0.1,0.0,49.896414218004864,0.913686398425286,0.0
3.2929712550971515,1.0,0.00126,0.1,0.0,49.896414218004864,0.913686398425286,0.0
3.2929712550971515,1.0,0.00158,0.1,0.0,49.896414218004864,0.913686398425286,0.0
3.2929712550971515,1.0,0.002,0.1,0.0,49.896414218004864,0.913686398425286,0.0
3.2929712550971515,1.0,0.00251,0.1,0.0,49.896414218004864,0.913686398425286,0.0
3.2929712550971515,1.0,0.00316,0.1,0.0,49.896414218004864,0.913686398425286,0.0
3.2929712550971515,1.0,0.00398,0.1,0.0,49.896414218004864,0.913686398425286,0.0
3.2929712550971515,1.0,0.00501,0.1,0.0,49.896414218004864,0.913686398425286,0.0
3.2929712550971515,1.0,0.00631,0.1,0.0,49.896414218004864,0.913686398425286,0.0
3.44896226040576,1.0,3.16e-07,0.1,0.0,50.280106056768695,0.9207124346597454,0.0
3.44896226040576,1.0,3.98e-07,0.1,0.0,50.280106056768695,0.9207124346597454,0.0
3.44896226040576,1.0,5.01e-07,0.1,0.0,50.280106056768695,0.9207124346597454,0.0
3.44896226040576,1.0,6.31e-07,0.1,0.0,50.280106056768695,0.9207124346597454,0.0
3.44896226040576,1.0,7.94e-07,0.1,0.0,50.280106056768695,0.9207124346597454,0.0
3.44896226040576,1.0,1e-06,0.1,0.0,50.280106056768695,0.9207124346597454,0.0
3.44896226040576,1.0,1.26e-06,0.1,0.0,50.280106056768695,0.9207124346597454,0.0
3.44896226040576,1.0,1.58e-06,0.1,0.0,50.280106056768695,0.9207124346597454,0.0
3.44896226040576,1.0,2e-06,0.1,0.0,50.280106056768695,0.9207124346597454,0.0
3.44896226040576,1.0,2.51e-06,0.1,3.3333333333333335e-05,50.280106056768695,0.9207124346597454,201.1204242270748
3.44896226040576,1.0,3.98e-06,0.1,0.0001,50.280106056768695,0.9207124346597454,603.3612726812244
3.44896226040576,1.0,5.01e-06,0.1,6.666666666666667e-05,50.280106056768695,0.9207124346597454,402.2408484541496
3.44896226040576,1.0,7.94e-06,0.1,6.666666666666667e-05,50.280106056768695,0.9207124346597454,402.2408484541496
3.44896226040576,1.0,1e-05,0.1,6.666666666666667e-05,50.280106056768695,0.9207124346597454,402.2408484541496
3.44896226040576,1.0,1.26e-05,0.1,0.00023333333333333333,50.280106056768695,0.9207124346597454,1407.8429695895236
3.44896226040576,1.0,1.58e-05,0.1,0.0001,50.280106056768695,0.9207124346597454,603.3612726812244
3.44896226040576,1.0,2.51e-05,0.1,0.0005,50.280106056768695,0.9207124346597454,3016.806363406122
3.44896226040576,1.0,3.16e-05,0.1,0.0006,50.280106056768695,0.9207124346597454,3620.1676360873457
3.44896226040576,1.0,3.98e-05,0.1,0.0011,50.280106056768695,0.9207124346597454,6636.973999493469
3.44896226040576,1.0,5.01e-05,0.1,0.0013333333333333333,50.280106056768695,0.9207124346597454,8044.816969082991
3.44896226040576,1.0,6.31e-05,0.1,0.0018666666666666666,50.280106056768695,0.9207124346597454,11262.743756716189
3.44896226040576,1.0,7.94e-05,0.1,0.0018,50.280106056768695,0.9207124346597454,10860.502908262039
3.44896226040576,1.0,0.0001,0.1,0.0017666666666666666,50.280106056768695,0.9207124346597454,10659.382484034963
3.44896226040576,1.0,0.000126,0.1,0.0021,50.280106056768695,0.9207124346597454,12670.586726305712
3.44896226040576,1.0,0.000158,0.1,0.0012333333333333332,50.280106056768695,0.9207124346597454,7441.455696401767
3.44896226040576,1.0,0.0002,0.1,0.0005,50.280106056768695,0.9207124346597454,3016.806363406122
3.44896226040576,1.0,0.000251,0.1,0.0002,50.280106056768695,0.9207124346597454,1206.7225453624487
3.44896226040576,1.0,0.000316,0.1,3.3333333333333335e-05,50.280106056768695,0.9207124346597454,201.1204242270748
3.44896226040576,1.0,0.000398,0.1,3.3333333333333335e-05,50.280106056768695,0.9207124346597454,201.1204242270748
3.44896226040576,1.0,0.000501,0.1,0.0,50.280106056768695,0.9207124346597454,0.0
3.44896226040576,1.0,0.000631,0.1,0.0,50.280106056768695,0.9207124346597454,0.0
3.44896226040576,1.0,0.000794,0.1,0.0,50.280106056768695,0.9207124346597454,0.0
3.44896226040576,1.0,0.001,0.1,0.0,50.280106056768695,0.9207124346597454,0.0
3.44896226040576,1.0,0.00126,0.1,0.0,50.280106056768695,0.9207124346597454,0.0
3.44896226040576,1.0,0.00158,0.1,0.0,50.280106056768695,0.9207124346597454,0.0
3.44896226040576,1.0,0.002,0.1,0.0,50.280106056768695,0.9207124346597454,0.0
3.44896226040576,1.0,0.00251,0.1,0.0,50.280106056768695,0.9207124346597454,0.0
3.44896226040576,1.0,0.00316,0.1,0.0,50.280106056768695,0.9207124346597454,0.0
3.44896226040576,1.0,0.00398,0.1,0.0,50.280106056768695,0.9207124346597454,0.0
3.44896226040576,1.0,0.00501,0.1,0.0,50.280106056768695,0.9207124346597454,0.0
3.44896226040576,1.0,0.00631,0.1,0.0,50.280106056768695,0.9207124346597454,0.0
3.6123426997094303,1.0,3.16e-07,0.1,0.0,50.635053040159995,0.927212104745651,0.0
3.6123426997094303,1.0,3.98e-07,0.1,0.0,50.635053040159995,0.927212104745651,0.0
3.6123426997094303,1.0,5.01e-07,0.1,0.0,50.635053040159995,0.927212104745651,0.0
3.6123426997094303,1.0,6.31e-07,0.1,0.0,50.635053040159995,0.927212104745651,0.0
3.6123426997094303,1.0,7.94e-07,0.1,0.0,50.635053040159995,0.927212104745651,0.0
3.6123426997094303,1.0,1e-06,0.1,0.0,50.635053040159995,0.927212104745651,0.0
3.6123426997094303,1.0,1.26e-06,0.1,0.0,50.635053040159995,0.927212104745651,0.0
3.6123426997094303,1.0,1.58e-06,0.1,0.0,50.635053040159995,0.927212104745651,0.0
3.6123426997094303,1.0,2e-06,0.1,0.0,50.635053040159995,0.927212104745651,0.0
3.6123426997094303,1.0,2.51e-06,0.1,3.3333333333333335e-05,50.635053040159995,0.927212104745651,202.54021216064004
3.6123426997094303,1.0,3.98e-06,0.1,0.0001,50.635053040159995,0.927212104745651,607.6206364819201
3.6123426997094303,1.0,5.01e-06,0.1,6.666666666666667e-05,50.635053040159995,0.927212104745651,405.0804243212801
3.6123426997094303,1.0,7.94e-06,0.1,6.666666666666667e-05,50.635053040159995,0.927212104745651,405.0804243212801
3.6123426997094303,1.0,1e-05,0.1,6.666666666666667e-05,50.635053040159995,0.927212104745651,405.0804243212801
3.6123426997094303,1.0,1.26e-05,0.1,0.00023333333333333333,50.635053040159995,0.927212104745651,1417.7814851244802
3.6123426997094303,1.0,1.58e-05,0.1,0.0001,50.635053040159995,0.927212104745651,607.6206364819201
3.6123426997094303,1.0,2.51e-05,0.1,0.0005,50.635053040159995,0.927212104745651,3038.103182409601
3.6123426997094303,1.0,3.16e-05,0.1,0.0006,50.635053040159995,0.927212104745651,3645.7238188915203
3.6123426997094303,1.0,3.98e-05,0.1,0.0011,50.635053040159995,0.927212104745651,6683.827001301121
3.6123426997094303,1.0,5.01e-05,0.1,0.0013333333333333333,50.635053040159995,0.927212104745651,8101.608486425601
3.6123426997094303,1.0,6.31e-05,0.1,0.0018666666666666666,50.635053040159995,0.927212104745651,11342.251880995842
3.6123426997094303,1.0,7.94e-05,0.1,0.0018,50.635053040159995,0.927212104745651,10937.171456674561
3.6123426997094303,1.0,0.0001,0.1,0.0017666666666666666,50.635053040159995,0.927212104745651,10734.631244513921
3.6123426997094303,1.0,0.000126,0.1,0.0021,50.635053040159995,0.927212104745651,12760.03336612032
3.6123426997094303,1.0,0.000158,0.1,0.0012333333333333332,50.635053040159995,0.927212104745651,7493.987849943681
3.6123426997094303,1.0,0.0002,0.1,0.0005,50.635053040159995,0.927212104745651,3038.103182409601
3.6123426997094303,1.0,0.000251,0.1,0.0002,50.635053040159995,0.927212104745651,1215.2412729638402
3.6123426997094303,1.0,0.000316,0.1,3.3333333333333335e-05,50.635053040159995,0.927212104745651,202.54021216064004
3.6123426997094303,1.0,0.000398,0.1,3.3333333333333335e-05,50.635053040159995,0.927212104745651,202.54021216064004
3.6123426997094303,1.0,0.000501,0.1,0.0,50.635053040159995,0.927212104745651,0.0
3.6123426997094303,1.0,0.000631,0.1,0.0,50.635053040159995,0.927212104745651,0.0
3.6123426997094303,1.0,0.000794,0.1,0.0,50.635053040159995,0.927212104745651,0.0
3.6123426997094303,1.0,0.001,0.1,0.0,50.635053040159995,0.927212104745651,0.0
3.6123426997094303,1.0,0.00126,0.1,0.0,50.635053040159995,0.927212104745651,0.0
3.6123426997094303,1.0,0.00158,0.1,0.0,50.635053040159995,0.927212104745651,0.0
3.6123426997094303,1.0,0.002,0.1,0.0,50.635053040159995,0.927212104745651,0.0
3.6123426997094303,1.0,0.00251,0.1,0.0,50.635053040159995,0.927212104745651,0.0
3.6123426997094303,1.0,0.00316,0.1,0.0,50.635053040159995,0.927212104745651,0.0
3.6123426997094303,1.0,0.00398,0.1,0.0,50.635053040159995,0.927212104745651,0.0
3.6123426997094303,1.0,0.00501,0.1,0.0,50.635053040159995,0.927212104745651,0.0
3.6123426997094303,1.0,0.00631,0.1,0.0,50.635053040159995,0.927212104745651,0.0
3.7834626171319288,1.0,3.16e-07,0.1,0.0,50.96301343401856,0.933217605457216,0.0
3.7834626171319288,1.0,3.98e-07,0.1,0.0,50.96301343401856,0.933217605457216,0.0
3.7834626171319288,1.0,5.01e-07,0.1,0.0,50.96301343401856,0.933217605457216,0.0
3.7834626171319288,1.0,6.31e-07,0.1,0.0,50.96301343401856,0.933217605457216,0.0
3.7834626171319288,1.0,7.94e-07,0.1,0.0,50.96301343401856,0.933217605457216,0.0
3.7834626171319288,1.0,1e-06,0.1,0.0,50.96301343401856,0.933217605457216,0.0
3.7834626171319288,1.0,1.26e-06,0.1,0.0,50.96301343401856,0.933217605457216,0.0
3.7834626171319288,1.0,1.58e-06,0.1,0.0,50.96301343401856,0.933217605457216,0.0
3.7834626171319288,1.0,2e-06,0.1,0.0,50.96301343401856,0.933217605457216,0.0
3.7834626171319288,1.0,2.51e-06,0.1,3.3333333333333335e-05,50.96301343401856,0.933217605457216,203.85205373607428
3.7834626171319288,1.0,3.98e-06,0.1,0.0001,50.96301343401856,0.933217605457216,611.5561612082229
3.7834626171319288,1.0,5.01e-06,0.1,6.666666666666667e-05,50.96301343401856,0.933217605457216,407.70410747214856
3.7834626171319288,1.0,7.94e-06,0.1,6.666666666666667e-05,50.96301343401856,0.933217605457216,407.70410747214856
3.7834626171319288,1.0,1e-05,0.1,6.666666666666667e-05,50.96301343401856,0.933217605457216,407.70410747214856
3.7834626171319288,1.0,1.26e-05,0.1,0.00023333333333333333,50.96301343401856,0.933217605457216,1426.96437615252
3.7834626171319288,1.0,1.58e-05,0.1,0.0001,50.96301343401856,0.933217605457216,611.5561612082229
3.7834626171319288,1.0,2.51e-05,0.1,0.0005,50.96301343401856,0.933217605457216,3057.7808060411144
3.7834626171319288,1.0,3.16e-05,0.1,0.0006,50.96301343401856,0.933217605457216,3669.3369672493363
3.7834626171319288,1.0,3.98e-05,0.1,0.0011,50.96301343401856,0.933217605457216,6727.117773290452
3.7834626171319288,1.0,5.01e-05,0.1,0.0013333333333333333,50.96301343401856,0.933217605457216,8154.082149442971
3.7834626171319288,1.0,6.31e-05,0.1,0.0018666666666666666,50.96301343401856,0.933217605457216,11415.71500922016
3.7834626171319288,1.0,7.94e-05,0.1,0.0018,50.96301343401856,0.933217605457216,11008.010901748012
3.7834626171319288,1.0,0.0001,0.1,0.0017666666666666666,50.96301343401856,0.933217605457216,10804.158848011937
3.7834626171319288,1.0,0.000126,0.1,0.0021,50.96301343401856,0.933217605457216,12842.679385372678
3.7834626171319288,1.0,0.000158,0.1,0.0012333333333333332,50.96301343401856,0.933217605457216,7542.525988234747
3.7834626171319288,1.0,0.0002,0.1,0.0005,50.96301343401856,0.933217605457216,3057.7808060411144
3.7834626171319288,1.0,0.000251,0.1,0.0002,50.96301343401856,0.933217605457216,1223.1123224164457
3.7834626171319288,1.0,0.000316,0.1,3.3333333333333335e-05,50.96301343401856,0.933217605457216,203.85205373607428
3.7834626171319288,1.0,0.000398,0.1,3.3333333333333335e-05,50.96301343401856,0.933217605457216,203.85205373607428
3.7834626171319288,1.0,0.000501,0.1,0.0,50.96301343401856,0.933217605457216,0.0
3.7834626171319288,1.0,0.000631,0.1,0.0,50.96301343401856,0.933217605457216,0.0
3.7834626171319288,1.0,0.000794,0.1,0.0,50.96301343401856,0.933217605457216,0.0
3.7834626171319288,1.0,0.001,0.1,0.0,50.96301343401856,0.933217605457216,0.0
3.7834626171319288,1.0,0.00126,0.1,0.0,50.96301343401856,0.933217605457216,0.0
3.7834626171319288,1.0,0.00158,0.1,0.0,50.96301343401856,0.933217605457216,0.0
3.7834626171319288,1.0,0.002,0.1,0.0,50.96301343401856,0.933217605457216,0.0
3.7834626171319288,1.0,0.00251,0.1,0.0,50.96301343401856,0.933217605457216,0.0
3.7834626171319288,1.0,0.00316,0.1,0.0,50.96301343401856,0.933217605457216,0.0
3.7834626171319288,1.0,0.00398,0.1,0.0,50.96301343401856,0.933217605457216,0.0
3.7834626171319288,1.0,0.00501,0.1,0.0,50.96301343401856,0.933217605457216,0.0
3.7834626171319288,1.0,0.00631,0.1,0.0,50.96301343401856,0.933217605457216,0.0
3.9626886387014784,1.0,3.16e-07,0.1,0.0,51.26570201254045,0.9387603371642639,0.0
3.9626886387014784,1.0,3.98e-07,0.1,0.0,51.26570201254045,0.9387603371642639,0.0
3.9626886387014784,1.0,5.01e-07,0.1,0.0,51.26570201254045,0.9387603371642639,0.0
3.9626886387014784,1.0,6.31e-07,0.1,0.0,51.26570201254045,0.9387603371642639,0.0
3.9626886387014784,1.0,7.94e-07,0.1,0.0,51.26570201254045,0.9387603371642639,0.0
3.9626886387014784,1.0,1e-06,0.1,0.0,51.26570201254045,0.9387603371642639,0.0
3.9626886387014784,1.0,1.26e-06,0.1,0.0,51.26570201254045,0.9387603371642639,0.0
3.9626886387014784,1.0,1.58e-06,0.1,0.0,51.26570201254045,0.9387603371642639,0.0
3.9626886387014784,1.0,2e-06,0.1,0.0,51.26570201254045,0.9387603371642639,0.0
3.9626886387014784,1.0,2.51e-06,0.1,3.3333333333333335e-05,51.26570201254045,0.9387603371642639,205.06280805016183
3.9626886387014784,1.0,3.98e-06,0.1,0.0001,51.26570201254045,0.9387603371642639,615.1884241504854
3.9626886387014784,1.0,5.01e-06,0.1,6.666666666666667e-05,51.26570201254045,0.9387603371642639,410.12561610032367
3.9626886387014784,1.0,7.94e-06,0.1,6.666666666666667e-05,51.26570201254045,0.9387603371642639,410.12561610032367
3.9626886387014784,1.0,1e-05,0.1,6.666666666666667e-05,51.26570201254045,0.9387603371642639,410.12561610032367
3.9626886387014784,1.0,1.26e-05,0.1,0.00023333333333333333,51.26570201254045,0.9387603371642639,1435.4396563511327
3.9626886387014784,1.0,1.58e-05,0.1,0.0001,51.26570201254045,0.9387603371642639,615.1884241504854
3.9626886387014784,1.0,2.51e-05,0.1,0.0005,51.26570201254045,0.9387603371642639,3075.9421207524274
3.9626886387014784,1.0,3.16e-05,0.1,0.0006,51.26570201254045,0.9387603371642639,3691.130544902912
3.9626886387014784,1.0,3.98e-05,0.1,0.0011,51.26570201254045,0.9387603371642639,6767.07266565534
3.9626886387014784,1.0,5.01e-05,0.1,0.0013333333333333333,51.26570201254045,0.9387603371642639,8202.512322006472
3.9626886387014784,1.0,6.31e-05,0.1,0.0018666666666666666,51.26570201254045,0.9387603371642639,11483.517250809062
3.9626886387014784,1.0,7.94e-05,0.1,0.0018,51.26570201254045,0.9387603371642639,11073.391634708738
3.9626886387014784,1.0,0.0001,0.1,0.0017666666666666666,51.26570201254045,0.9387603371642639,10868.328826658575
3.9626886387014784,1.0,0.000126,0.1,0.0021,51.26570201254045,0.9387603371642639,12918.956907160195
3.9626886387014784,1.0,0.000158,0.1,0.0012333333333333332,51.26570201254045,0.9387603371642639,7587.323897855987
3.9626886387014784,1.0,0.0002,0.1,0.0005,51.26570201254045,0.9387603371642639,3075.9421207524274
3.9626886387014784,1.0,0.000251,0.1,0.0002,51.26570201254045,0.9387603371642639,1230.3768483009708
3.9626886387014784,1.0,0.000316,0.1,3.3333333333333335e-05,51.26570201254045,0.9387603371642639,205.06280805016183
3.9626886387014784,1.0,0.000398,0.1,3.3333333333333335e-05,51.26570201254045,0.9387603371642639,205.06280805016183
3.9626886387014784,1.0,0.000501,0.1,0.0,51.26570201254045,0.9387603371642639,0.0
3.9626886387014784,1.0,0.000631,0.1,0.0,51.26570201254045,0.9387603371642639,0.0
3.9626886387014784,1.0,0.000794,0.1,0.0,51.26570201254045,0.9387603371642639,0.0
3.9626886387014784,1.0,0.001,0.1,0.0,51.26570201254045,0.9387603371642639,0.0
3.9626886387014784,1.0,0.00126,0.1,0.0,51.26570201254045,0.9387603371642639,0.0
3.9626886387014784,1.0,0.00158,0.1,0.0,51.26570201254045,0.9387603371642639,0.0
3.9626886387014784,1.0,0.002,0.1,0.0,51.26570201254045,0.9387603371642639,0.0
3.9626886387014784,1.0,0.00251,0.1,0.0,51.26570201254045,0.9387603371642639,0.0
3.9626886387014784,1.0,0.00316,0.1,0.0,51.26570201254045,0.9387603371642639,0.0
3.9626886387014784,1.0,0.00398,0.1,0.0,51.26570201254045,0.9387603371642639,0.0
3.9626886387014784,1.0,0.00501,0.1,0.0,51.26570201254045,0.9387603371642639,0.0
3.9626886387014784,1.0,0.00631,0.1,0.0,51.26570201254045,0.9387603371642639,0.0
4.150404757850477,1.0,3.16e-07,0.1,0.0,51.54477937771955,0.9438707082534252,0.0
4.150404757850477,1.0,3.98e-07,0.1,0.0,51.54477937771955,0.9438707082534252,0.0
4.150404757850477,1.0,5.01e-07,0.1,0.0,51.54477937771955,0.9438707082534252,0.0
4.150404757850477,1.0,6.31e-07,0.1,0.0,51.54477937771955,0.9438707082534252,0.0
4.150404757850477,1.0,7.94e-07,0.1,0.0,51.54477937771955,0.9438707082534252,0.0
4.150404757850477,1.0,1e-06,0.1,0.0,51.54477937771955,0.9438707082534252,0.0
4.150404757850477,1.0,1.26e-06,0.1,0.0,51.54477937771955,0.9438707082534252,0.0
4.150404757850477,1.0,1.58e-06,0.1,0.0,51.54477937771955,0.9438707082534252,0.0
4.150404757850477,1.0,2e-06,0.1,0.0,51.54477937771955,0.9438707082534252,0.0
4.150404757850477,1.0,2.51e-06,0.1,3.3333333333333335e-05,51.54477937771955,0.9438707082534252,206.17911751087823
4.150404757850477,1.0,3.98e-06,0.1,0.0001,51.54477937771955,0.9438707082534252,618.5373525326347
4.150404757850477,1.0,5.01e-06,0.1,6.666666666666667e-05,51.54477937771955,0.9438707082534252,412.35823502175646
4.150404757850477,1.0,7.94e-06,0.1,6.666666666666667e-05,51.54477937771955,0.9438707082534252,412.35823502175646
4.150404757850477,1.0,1e-05,0.1,6.666666666666667e-05,51.54477937771955,0.9438707082534252,412.35823502175646
4.150404757850477,1.0,1.26e-05,0.1,0.00023333333333333333,51.54477937771955,0.9438707082534252,1443.2538225761475
4.150404757850477,1.0,1.58e-05,0.1,0.0001,51.54477937771955,0.9438707082534252,618.5373525326347
4.150404757850477,1.0,2.51e-05,0.1,0.0005,51.54477937771955,0.9438707082534252,3092.686762663174
4.150404757850477,1.0,3.16e-05,0.1,0.0006,51.54477937771955,0.9438707082534252,3711.224115195808
4.150404757850477,1.0,3.98e-05,0.1,0.0011,51.54477937771955,0.9438707082534252,6803.910877858982
4.150404757850477,1.0,5.01e-05,0.1,0.0013333333333333333,51.54477937771955,0.9438707082534252,8247.164700435129
4.150404757850477,1.0,6.31e-05,0.1,0.0018666666666666666,51.54477937771955,0.9438707082534252,11546.03058060918
4.150404757850477,1.0,7.94e-05,0.1,0.0018,51.54477937771955,0.9438707082534252,11133.672345587423
4.150404757850477,1.0,0.0001,0.1,0.0017666666666666666,51.54477937771955,0.9438707082534252,10927.493228076546
4.150404757850477,1.0,0.000126,0.1,0.0021,51.54477937771955,0.9438707082534252,12989.284403185327
4.150404757850477,1.0,0.000158,0.1,0.0012333333333333332,51.54477937771955,0.9438707082534252,7628.627347902494
4.150404757850477,1.0,0.0002,0.1,0.0005,51.54477937771955,0.9438707082534252,3092.686762663174
4.150404757850477,1.0,0.000251,0.1,0.0002,51.54477937771955,0.9438707082534252,1237.0747050652694
4.150404757850477,1.0,0.000316,0.1,3.3333333333333335e-05,51.54477937771955,0.9438707082534252,206.17911751087823
4.150404757850477,1.0,0.000398,0.1,3.3333333333333335e-05,51.54477937771955,0.9438707082534252,206.17911751087823
4.150404757850477,1.0,0.000501,0.1,0.0,51.54477937771955,0.9438707082534252,0.0
4.150404757850477,1.0,0.000631,0.1,0.0,51.54477937771955,0.9438707082534252,0.0
4.150404757850477,1.0,0.000794,0.1,0.0,51.54477937771955,0.9438707082534252,0.0
4.150404757850477,1.0,0.001,0.1,0.0,51.54477937771955,0.9438707082534252,0.0
4.150404757850477,1.0,0.00126,0.1,0.0,51.54477937771955,0.9438707082534252,0.0
4.150404757850477,1.0,0.00158,0.1,0.0,51.54477937771955,0.9438707082534252,0.0
4.150404757850477,1.0,0.002,0.1,0.0,51.54477937771955,0.9438707082534252,0.0
4.150404757850477,1.0,0.00251,0.1,0.0,51.54477937771955,0.9438707082534252,0.0
4.150404757850477,1.0,0.00316,0.1,0.0,51.54477937771955,0.9438707082534252,0.0
4.150404757850477,1.0,0.00398,0.1,0.0,51.54477937771955,0.9438707082534252,0.0
4.150404757850477,1.0,0.00501,0.1,0.0,51.54477937771955,0.9438707082534252,0.0
4.150404757850477,1.0,0.00631,0.1,0.0,51.54477937771955,0.9438707082534252,0.0
4.347013158125026,1.0,3.16e-07,0.1,0.0,51.80184376657069,0.9485779851047554,0.0
4.347013158125026,1.0,3.98e-07,0.1,0.0,51.80184376657069,0.9485779851047554,0.0
4.347013158125026,1.0,5.01e-07,0.1,0.0,51.80184376657069,0.9485779851047554,0.0
4.347013158125026,1.0,6.31e-07,0.1,0.0,51.80184376657069,0.9485779851047554,0.0
4.347013158125026,1.0,7.94e-07,0.1,0.0,51.80184376657069,0.9485779851047554,0.0
4.347013158125026,1.0,1e-06,0.1,0.0,51.80184376657069,0.9485779851047554,0.0
4.347013158125026,1.0,1.26e-06,0.1,0.0,51.80184376657069,0.9485779851047554,0.0
4.347013158125026,1.0,1.58e-06,0.1,0.0,51.80184376657069,0.9485779851047554,0.0
4.347013158125026,1.0,2e-06,0.1,0.0,51.80184376657069,0.9485779851047554,0.0
4.347013158125026,1.0,2.51e-06,0.1,3.3333333333333335e-05,51.80184376657069,0.9485779851047554,207.20737506628276
4.347013158125026,1.0,3.98e-06,0.1,0.0001,51.80184376657069,0.9485779851047554,621.6221251988483
4.347013158125026,1.0,5.01e-06,0.1,6.666666666666667e-05,51.80184376657069,0.9485779851047554,414.41475013256553
4.347013158125026,1.0,7.94e-06,0.1,6.666666666666667e-05,51.80184376657069,0.9485779851047554,414.41475013256553
4.347013158125026,1.0,1e-05,0.1,6.666666666666667e-05,51.80184376657069,0.9485779851047554,414.41475013256553
4.347013158125026,1.0,1.26e-05,0.1,0.00023333333333333333,51.80184376657069,0.9485779851047554,1450.4516254639793
4.347013158125026,1.0,1.58e-05,0.1,0.0001,51.80184376657069,0.9485779851047554,621.6221251988483
4.347013158125026,1.0,2.51e-05,0.1,0.0005,51.80184376657069,0.9485779851047554,3108.110625994241
4.347013158125026,1.0,3.16e-05,0.1,0.0006,51.80184376657069,0.9485779851047554,3729.732751193089
4.347013158125026,1.0,3.98e-05,0.1,0.0011,51.80184376657069,0.9485779851047554,6837.8433771873315
4.347013158125026,1.0,5.01e-05,0.1,0.0013333333333333333,51.80184376657069,0.9485779851047554,8288.29500265131
4.347013158125026,1.0,6.31e-05,0.1,0.0018666666666666666,51.80184376657069,0.9485779851047554,11603.613003711835
4.347013158125026,1.0,7.94e-05,0.1,0.0018,51.80184376657069,0.9485779851047554,11189.198253579269
4.347013158125026,1.0,0.0001,0.1,0.0017666666666666666,51.80184376657069,0.9485779851047554,10981.990878512986
4.347013158125026,1.0,0.000126,0.1,0.0021,51.80184376657069,0.9485779851047554,13054.064629175813
4.347013158125026,1.0,0.000158,0.1,0.0012333333333333332,51.80184376657069,0.9485779851047554,7666.672877452462
4.347013158125026,1.0,0.0002,0.1,0.0005,51.80184376657069,0.9485779851047554,3108.110625994241
4.347013158125026,1.0,0.000251,0.1,0.0002,51.80184376657069,0.9485779851047554,1243.2442503976965
4.347013158125026,1.0,0.000316,0.1,3.3333333333333335e-05,51.80184376657069,0.9485779851047554,207.20737506628276
4.347013158125026,1.0,0.000398,0.1,3.3333333333333335e-05,51.80184376657069,0.9485779851047554,207.20737506628276
4.347013158125026,1.0,0.000501,0.1,0.0,51.80184376657069,0.9485779851047554,0.0
4.347013158125026,1.0,0.000631,0.1,0.0,51.80184376657069,0.9485779851047554,0.0
4.347013158125026,1.0,0.000794,0.1,0.0,51.80184376657069,0.9485779851047554,0.0
4.347013158125026,1.0,0.001,0.1,0.0,51.80184376657069,0.9485779851047554,0.0
4.347013158125026,1.0,0.00126,0.1,0.0,51.80184376657069,0.9485779851047554,0.0
4.347013158125026,1.0,0.00158,0.1,0.0,51.80184376657069,0.9485779851047554,0.0
4.347013158125026,1.0,0.002,0.1,0.0,51.80184376657069,0.9485779851047554,0.0
4.347013158125026,1.0,0.00251,0.1,0.0,51.80184376657069,0.9485779851047554,0.0
4.347013158125026,1.0,0.00316,0.1,0.0,51.80184376657069,0.9485779851047554,0.0
4.347013158125026,1.0,0.00398,0.1,0.0,51.80184376657069,0.9485779851047554,0.0
4.347013158125026,1.0,0.00501,0.1,0.0,51.80184376657069,0.9485779851047554,0.0
4.347013158125026,1.0,0.00631,0.1,0.0,51.80184376657069,0.9485779851047554,0.0
4.552935074866948,1.0,3.16e-07,0.1,0.0,52.03842504369786,0.9529101820856595,0.0
4.552935074866948,1.0,3.98e-07,0.1,0.0,52.03842504369786,0.9529101820856595,0.0
4.552935074866948,1.0,5.01e-07,0.1,0.0,52.03842504369786,0.9529101820856595,0.0
4.552935074866948,1.0,6.31e-07,0.1,0.0,52.03842504369786,0.9529101820856595,0.0
4.552935074866948,1.0,7.94e-07,0.1,0.0,52.03842504369786,0.9529101820856595,0.0
4.552935074866948,1.0,1e-06,0.1,0.0,52.03842504369786,0.9529101820856595,0.0
4.552935074866948,1.0,1.26e-06,0.1,0.0,52.03842504369786,0.9529101820856595,0.0
4.552935074866948,1.0,1.58e-06,0.1,0.0,52.03842504369786,0.9529101820856595,0.0
4.552935074866948,1.0,2e-06,0.1,0.0,52.03842504369786,0.9529101820856595,0.0
4.552935074866948,1.0,2.51e-06,0.1,3.3333333333333335e-05,52.03842504369786,0.9529101820856595,208.1537001747915
4.552935074866948,1.0,3.98e-06,0.1,0.0001,52.03842504369786,0.9529101820856595,624.4611005243745
4.552935074866948,1.0,5.01e-06,0.1,6.666666666666667e-05,52.03842504369786,0.9529101820856595,416.307400349583
4.552935074866948,1.0,7.94e-06,0.1,6.666666666666667e-05,52.03842504369786,0.9529101820856595,416.307400349583
4.552935074866948,1.0,1e-05,0.1,6.666666666666667e-05,52.03842504369786,0.9529101820856595,416.307400349583
4.552935074866948,1.0,1.26e-05,0.1,0.00023333333333333333,52.03842504369786,0.9529101820856595,1457.0759012235403
4.552935074866948,1.0,1.58e-05,0.1,0.0001,52.03842504369786,0.9529101820856595,624.4611005243745
4.552935074866948,1.0,2.51e-05,0.1,0.0005,52.03842504369786,0.9529101820856595,3122.305502621872
4.552935074866948,1.0,3.16e-05,0.1,0.0006,52.03842504369786,0.9529101820856595,3746.7666031462463
4.552935074866948,1.0,3.98e-05,0.1,0.0011,52.03842504369786,0.9529101820856595,6869.072105768119
4.552935074866948,1.0,5.01e-05,0.1,0.0013333333333333333,52.03842504369786,0.9529101820856595,8326.148006991658
4.552935074866948,1.0,6.31e-05,0.1,0.0018666666666666666,52.03842504369786,0.9529101820856595,11656.607209788323
4.552935074866948,1.0,7.94e-05,0.1,0.0018,52.03842504369786,0.9529101820856595,11240.299809438739
4.552935074866948,1.0,0.0001,0.1,0.0017666666666666666,52.03842504369786,0.9529101820856595,11032.146109263947
4.552935074866948,1.0,0.000126,0.1,0.0021,52.03842504369786,0.9529101820856595,13113.683111011864
4.552935074866948,1.0,0.000158,0.1,0.0012333333333333332,52.03842504369786,0.9529101820856595,7701.686906467284
4.552935074866948,1.0,0.0002,0.1,0.0005,52.03842504369786,0.9529101820856595,3122.305502621872
4.552935074866948,1.0,0.000251,0.1,0.0002,52.03842504369786,0.9529101820856595,1248.922201048749
4.552935074866948,1.0,0.000316,0.1,3.3333333333333335e-05,52.03842504369786,0.9529101820856595,208.1537001747915
4.552935074866948,1.0,0.000398,0.1,3.3333333333333335e-05,52.03842504369786,0.9529101820856595,208.1537001747915
4.552935074866948,1.0,0.000501,0.1,0.0,52.03842504369786,0.9529101820856595,0.0
4.552935074866948,1.0,0.000631,0.1,0.0,52.03842504369786,0.9529101820856595,0.0
4.552935074866948,1.0,0.000794,0.1,0.0,52.03842504369786,0.9529101820856595,0.0
4.552935074866948,1.0,0.001,0.1,0.0,52.03842504369786,0.9529101820856595,0.0
4.552935074866948,1.0,0.00126,0.1,0.0,52.03842504369786,0.9529101820856595,0.0
4.552935074866948,1.0,0.00158,0.1,0.0,52.03842504369786,0.9529101820856595,0.0
4.552935074866948,1.0,0.002,0.1,0.0,52.03842504369786,0.9529101820856595,0.0
4.552935074866948,1.0,0.00251,0.1,0.0,52.03842504369786,0.9529101820856595,0.0
4.552935074866948,1.0,0.00316,0.1,0.0,52.03842504369786,0.9529101820856595,0.0
4.552935074866948,1.0,0.00398,0.1,0.0,52.03842504369786,0.9529101820856595,0.0
4.552935074866948,1.0,0.00501,0.1,0.0,52.03842504369786,0.9529101820856595,0.0
4.552935074866948,1.0,0.00631,0.1,0.0,52.03842504369786,0.9529101820856595,0.0
4.768611697714469,1.0,3.16e-07,0.1,0.0,52.255980585640124,0.956893986186415,0.0
4.768611697714469,1.0,3.98e-07,0.1,0.0,52.255980585640124,0.956893986186415,0.0
4.768611697714469,1.0,5.01e-07,0.1,0.0,52.255980585640124,0.956893986186415,0.0
4.768611697714469,1.0,6.31e-07,0.1,0.0,52.255980585640124,0.956893986186415,0.0
4.768611697714469,1.0,7.94e-07,0.1,0.0,52.255980585640124,0.956893986186415,0.0
4.768611697714469,1.0,1e-06,0.1,0.0,52.255980585640124,0.956893986186415,0.0
4.768611697714469,1.0,1.26e-06,0.1,0.0,52.255980585640124,0.956893986186415,0.0
4.768611697714469,1.0,1.58e-06,0.1,0.0,52.255980585640124,0.956893986186415,0.0
4.768611697714469,1.0,2e-06,0.1,0.0,52.255980585640124,0.956893986186415,0.0
4.768611697714469,1.0,2.51e-06,0.1,3.3333333333333335e-05,52.255980585640124,0.956893986186415,209.0239223425605
4.768611697714469,1.0,3.98e-06,0.1,0.0001,52.255980585640124,0.956893986186415,627.0717670276815
4.768611697714469,1.0,5.01e-06,0.1,6.666666666666667e-05,52.255980585640124,0.956893986186415,418.047844685121
4.768611697714469,1.0,7.94e-06,0.1,6.666666666666667e-05,52.255980585640124,0.956893986186415,418.047844685121
4.768611697714469,1.0,1e-05,0.1,6.666666666666667e-05,52.255980585640124,0.956893986186415,418.047844685121
4.768611697714469,1.0,1.26e-05,0.1,0.00023333333333333333,52.255980585640124,0.956893986186415,1463.1674563979234
4.768611697714469,1.0,1.58e-05,0.1,0.0001,52.255980585640124,0.956893986186415,627.0717670276815
4.768611697714469,1.0,2.51e-05,0.1,0.0005,52.255980585640124,0.956893986186415,3135.358835138408
4.768611697714469,1.0,3.16e-05,0.1,0.0006,52.255980585640124,0.956893986186415,3762.4306021660886
4.768611697714469,1.0,3.98e-05,0.1,0.0011,52.255980585640124,0.956893986186415,6897.789437304497
4.768611697714469,1.0,5.01e-05,0.1,0.0013333333333333333,52.255980585640124,0.956893986186415,8360.95689370242
4.768611697714469,1.0,6.31e-05,0.1,0.0018666666666666666,52.255980585640124,0.956893986186415,11705.339651183387
4.768611697714469,1.0,7.94e-05,0.1,0.0018,52.255980585640124,0.956893986186415,11287.291806498266
4.768611697714469,1.0,0.0001,0.1,0.0017666666666666666,52.255980585640124,0.956893986186415,11078.267884155706
4.768611697714469,1.0,0.000126,0.1,0.0021,52.255980585640124,0.956893986186415,13168.50710758131
4.768611697714469,1.0,0.000158,0.1,0.0012333333333333332,52.255980585640124,0.956893986186415,7733.885126674737
4.768611697714469,1.0,0.0002,0.1,0.0005,52.255980585640124,0.956893986186415,3135.358835138408
4.768611697714469,1.0,0.000251,0.1,0.0002,52.255980585640124,0.956893986186415,1254.143534055363
4.768611697714469,1.0,0.000316,0.1,3.3333333333333335e-05,52.255980585640124,0.956893986186415,209.0239223425605
4.768611697714469,1.0,0.000398,0.1,3.3333333333333335e-05,52.255980585640124,0.956893986186415,209.0239223425605
4.768611697714469,1.0,0.000501,0.1,0.0,52.255980585640124,0.956893986186415,0.0
4.768611697714469,1.0,0.000631,0.1,0.0,52.255980585640124,0.956893986186415,0.0
4.768611697714469,1.0,0.000794,0.1,0.0,52.255980585640124,0.956893986186415,0.0
4.768611697714469,1.0,0.001,0.1,0.0,52.255980585640124,0.956893986186415,0.0
4.768611697714469,1.0,0.00126,0.1,0.0,52.255980585640124,0.956893986186415,0.0
4.768611697714469,1.0,0.00158,0.1,0.0,52.255980585640124,0.956893986186415,0.0
4.768611697714469,1.0,0.002,0.1,0.0,52.255980585640124,0.956893986186415,0.0
4.768611697714469,1.0,0.00251,0.1,0.0,52.255980585640124,0.956893986186415,0.0
4.768611697714469,1.0,0.00316,0.1,0.0,52.255980585640124,0.956893986186415,0.0
4.768611697714469,1.0,0.00398,0.1,0.0,52.255980585640124,0.956893986186415,0.0
4.768611697714469,1.0,0.00501,0.1,0.0,52.255980585640124,0.956893986186415,0.0
4.768611697714469,1.0,0.00631,0.1,0.0,52.255980585640124,0.956893986186415,0.0
4.99450511585514,1.0,3.16e-07,0.1,0.0,52.45589277928856,0.9605547112120227,0.0
4.99450511585514,1.0,3.98e-07,0.1,0.0,52.45589277928856,0.9605547112120227,0.0
4.99450511585514,1.0,5.01e-07,0.1,0.0,52.45589277928856,0.9605547112120227,0.0
4.99450511585514,1.0,6.31e-07,0.1,0.0,52.45589277928856,0.9605547112120227,0.0
4.99450511585514,1.0,7.94e-07,0.1,0.0,52.45589277928856,0.9605547112120227,0.0
4.99450511585514,1.0,1e-06,0.1,0.0,52.45589277928856,0.9605547112120227,0.0
4.99450511585514,1.0,1.26e-06,0.1,0.0,52.45589277928856,0.9605547112120227,0.0
4.99450511585514,1.0,1.58e-06,0.1,0.0,52.45589277928856,0.9605547112120227,0.0
4.99450511585514,1.0,2e-06,0.1,0.0,52.45589277928856,0.9605547112120227,0.0
4.99450511585514,1.0,2.51e-06,0.1,3.3333333333333335e-05,52.45589277928856,0.9605547112120227,209.8235711171543
4.99450511585514,1.0,3.98e-06,0.1,0.0001,52.45589277928856,0.9605547112120227,629.4707133514629
4.99450511585514,1.0,5.01e-06,0.1,6.666666666666667e-05,52.45589277928856,0.9605547112120227,419.6471422343086
4.99450511585514,1.0,7.94e-06,0.1,6.666666666666667e-05,52.45589277928856,0.9605547112120227,419.6471422343086
4.99450511585514,1.0,1e-05,0.1,6.666666666666667e-05,52.45589277928856,0.9605547112120227,419.6471422343086
4.99450511585514,1.0,1.26e-05,0.1,0.00023333333333333333,52.45589277928856,0.9605547112120227,1468.7649978200798
4.99450511585514,1.0,1.58e-05,0.1,0.0001,52.45589277928856,0.9605547112120227,629.4707133514629
4.99450511585514,1.0,2.51e-05,0.1,0.0005,52.45589277928856,0.9605547112120227,3147.353566757314
4.99450511585514,1.0,3.16e-05,0.1,0.0006,52.45589277928856,0.9605547112120227,3776.8242801087763
4.99450511585514,1.0,3.98e-05,0.1,0.0011,52.45589277928856,0.9605547112120227,6924.177846866091
4.99450511585514,1.0,5.01e-05,0.1,0.0013333333333333333,52.45589277928856,0.9605547112120227,8392.94284468617
4.99450511585514,1.0,6.31e-05,0.1,0.0018666666666666666,52.45589277928856,0.9605547112120227,11750.119982560638
4.99450511585514,1.0,7.94e-05,0.1,0.0018,52.45589277928856,0.9605547112120227,11330.47284032633
4.99450511585514,1.0,0.0001,0.1,0.0017666666666666666,52.45589277928856,0.9605547112120227,11120.649269209176
4.99450511585514,1.0,0.000126,0.1,0.0021,52.45589277928856,0.9605547112120227,13218.884980380719
4.99450511585514,1.0,0.000158,0.1,0.0012333333333333332,52.45589277928856,0.9605547112120227,7763.472131334707
4.99450511585514,1.0,0.0002,0.1,0.0005,52.45589277928856,0.9605547112120227,3147.353566757314
4.99450511585514,1.0,0.000251,0.1,0.0002,52.45589277928856,0.9605547112120227,1258.9414267029258
4.99450511585514,1.0,0.000316,0.1,3.3333333333333335e-05,52.45589277928856,0.9605547112120227,209.8235711171543
4.99450511585514,1.0,0.000398,0.1,3.3333333333333335e-05,52.45589277928856,0.9605547112120227,209.8235711171543
4.99450511585514,1.0,0.000501,0.1,0.0,52.45589277928856,0.9605547112120227,0.0
4.99450511585514,1.0,0.000631,0.1,0.0,52.45589277928856,0.9605547112120227,0.0
4.99450511585514,1.0,0.000794,0.1,0.0,52.45589277928856,0.9605547112120227,0.0
4.99450511585514,1.0,0.001,0.1,0.0,52.45589277928856,0.9605547112120227,0.0
4.99450511585514,1.0,0.00126,0.1,0.0,52.45589277928856,0.9605547112120227,0.0
4.99450511585514,1.0,0.00158,0.1,0.0,52.45589277928856,0.9605547112120227,0.0
4.99450511585514,1.0,0.002,0.1,0.0,52.45589277928856,0.9605547112120227,0.0
4.99450511585514,1.0,0.00251,0.1,0.0,52.45589277928856,0.9605547112120227,0.0
4.99450511585514,1.0,0.00316,0.1,0.0,52.45589277928856,0.9605547112120227,0.0
4.99450511585514,1.0,0.00398,0.1,0.0,52.45589277928856,0.9605547112120227,0.0
4.99450511585514,1.0,0.00501,0.1,0.0,52.45589277928856,0.9605547112120227,0.0
4.99450511585514,1.0,0.00631,0.1,0.0,52.45589277928856,0.9605547112120227,0.0
5.2310993080562636,1.0,3.16e-07,0.1,0.0,52.63946787715997,0.9639162768203621,0.0
5.2310993080562636,1.0,3.98e-07,0.1,0.0,52.63946787715997,0.9639162768203621,0.0
5.2310993080562636,1.0,5.01e-07,0.1,0.0,52.63946787715997,0.9639162768203621,0.0
5.2310993080562636,1.0,6.31e-07,0.1,0.0,52.63946787715997,0.9639162768203621,0.0
5.2310993080562636,1.0,7.94e-07,0.1,0.0,52.63946787715997,0.9639162768203621,0.0
5.2310993080562636,1.0,1e-06,0.1,0.0,52.63946787715997,0.9639162768203621,0.0
5.2310993080562636,1.0,1.26e-06,0.1,0.0,52.63946787715997,0.9639162768203621,0.0
5.2310993080562636,1.0,1.58e-06,0.1,0.0,52.63946787715997,0.9639162768203621,0.0
5.2310993080562636,1.0,2e-06,0.1,0.0,52.63946787715997,0.9639162768203621,0.0
5.2310993080562636,1.0,2.51e-06,0.1,3.3333333333333335e-05,52.63946787715997,0.9639162768203621,210.5578715086399
5.2310993080562636,1.0,3.98e-06,0.1,0.0001,52.63946787715997,0.9639162768203621,631.6736145259198
5.2310993080562636,1.0,5.01e-06,0.1,6.666666666666667e-05,52.63946787715997,0.9639162768203621,421.1157430172798
5.2310993080562636,1.0,7.94e-06,0.1,6.666666666666667e-05,52.63946787715997,0.9639162768203621,421.1157430172798
5.2310993080562636,1.0,1e-05,0.1,6.666666666666667e-05,52.63946787715997,0.9639162768203621,421.1157430172798
5.2310993080562636,1.0,1.26e-05,0.1,0.00023333333333333333,52.63946787715997,0.9639162768203621,1473.9051005604795
5.2310993080562636,1.0,1.58e-05,0.1,0.0001,52.63946787715997,0.9639162768203621,631.6736145259198
5.2310993080562636,1.0,2.51e-05,0.1,0.0005,52.63946787715997,0.9639162768203621,3158.368072629599
5.2310993080562636,1.0,3.16e-05,0.1,0.0006,52.63946787715997,0.9639162768203621,3790.041687155518
5.2310993080562636,1.0,3.98e-05,0.1,0.0011,52.63946787715997,0.9639162768203621,6948.409759785118
5.2310993080562636,1.0,5.01e-05,0.1,0.0013333333333333333,52.63946787715997,0.9639162768203621,8422.314860345597
5.2310993080562636,1.0,6.31e-05,0.1,0.0018666666666666666,52.63946787715997,0.9639162768203621,11791.240804483836
5.2310993080562636,1.0,7.94e-05,0.1,0.0018,52.63946787715997,0.9639162768203621,11370.125061466555
5.2310993080562636,1.0,0.0001,0.1,0.0017666666666666666,52.63946787715997,0.9639162768203621,11159.567189957916
5.2310993080562636,1.0,0.000126,0.1,0.0021,52.63946787715997,0.9639162768203621,13265.145905044315
5.2310993080562636,1.0,0.000158,0.1,0.0012333333333333332,52.63946787715997,0.9639162768203621,7790.641245819676
5.2310993080562636,1.0,0.0002,0.1,0.0005,52.63946787715997,0.9639162768203621,3158.368072629599
5.2310993080562636,1.0,0.000251,0.1,0.0002,52.63946787715997,0.9639162768203621,1263.3472290518396
5.2310993080562636,1.0,0.000316,0.1,3.3333333333333335e-05,52.63946787715997,0.9639162768203621,210.5578715086399
5.2310993080562636,1.0,0.000398,0.1,3.3333333333333335e-05,52.63946787715997,0.9639162768203621,210.5578715086399
5.2310993080562636,1.0,0.000501,0.1,0.0,52.63946787715997,0.9639162768203621,0.0
5.2310993080562636,1.0,0.000631,0.1,0.0,52.63946787715997,0.9639162768203621,0.0
5.2310993080562636,1.0,0.000794,0.1,0.0,52.63946787715997,0.9639162768203621,0.0
5.2310993080562636,1.0,0.001,0.1,0.0,52.63946787715997,0.9639162768203621,0.0
5.2310993080562636,1.0,0.00126,0.1,0.0,52.63946787715997,0.9639162768203621,0.0
5.2310993080562636,1.0,0.00158,0.1,0.0,52.63946787715997,0.9639162768203621,0.0
5.2310993080562636,1.0,0.002,0.1,0.0,52.63946787715997,0.9639162768203621,0.0
5.2310993080562636,1.0,0.00251,0.1,0.0,52.63946787715997,0.9639162768203621,0.0
5.2310993080562636,1.0,0.00316,0.1,0.0,52.63946787715997,0.9639162768203621,0.0
5.2310993080562636,1.0,0.00398,0.1,0.0,52.63946787715997,0.9639162768203621,0.0
5.2310993080562636,1.0,0.00501,0.1,0.0,52.63946787715997,0.9639162768203621,0.0
5.2310993080562636,1.0,0.00631,0.1,0.0,52.63946787715997,0.9639162768203621,0.0
5.478901179593945,1.0,3.16e-07,0.1,0.0,52.80793597551911,0.9670012081215731,0.0
5.478901179593945,1.0,3.98e-07,0.1,0.0,52.80793597551911,0.9670012081215731,0.0
5.478901179593945,1.0,5.01e-07,0.1,0.0,52.80793597551911,0.9670012081215731,0.0
5.478901179593945,1.0,6.31e-07,0.1,0.0,52.80793597551911,0.9670012081215731,0.0
5.478901179593945,1.0,7.94e-07,0.1,0.0,52.80793597551911,0.9670012081215731,0.0
5.478901179593945,1.0,1e-06,0.1,0.0,52.80793597551911,0.9670012081215731,0.0
5.478901179593945,1.0,1.26e-06,0.1,0.0,52.80793597551911,0.9670012081215731,0.0
5.478901179593945,1.0,1.58e-06,0.1,0.0,52.80793597551911,0.9670012081215731,0.0
5.478901179593945,1.0,2e-06,0.1,0.0,52.80793597551911,0.9670012081215731,0.0
5.478901179593945,1.0,2.51e-06,0.1,3.3333333333333335e-05,52.80793597551911,0.9670012081215731,211.23174390207646
5.478901179593945,1.0,3.98e-06,0.1,0.0001,52.80793597551911,0.9670012081215731,633.6952317062295
5.478901179593945,1.0,5.01e-06,0.1,6.666666666666667e-05,52.80793597551911,0.9670012081215731,422.4634878041529
5.478901179593945,1.0,7.94e-06,0.1,6.666666666666667e-05,52.80793597551911,0.9670012081215731,422.4634878041529
5.478901179593945,1.0,1e-05,0.1,6.666666666666667e-05,52.80793597551911,0.9670012081215731,422.4634878041529
5.478901179593945,1.0,1.26e-05,0.1,0.00023333333333333333,52.80793597551911,0.9670012081215731,1478.6222073145354
5.478901179593945,1.0,1.58e-05,0.1,0.0001,52.80793597551911,0.9670012081215731,633.6952317062295
5.478901179593945,1.0,2.51e-05,0.1,0.0005,52.80793597551911,0.9670012081215731,3168.476158531147
5.478901179593945,1.0,3.16e-05,0.1,0.0006,52.80793597551911,0.9670012081215731,3802.1713902373763
5.478901179593945,1.0,3.98e-05,0.1,0.0011,52.80793597551911,0.9670012081215731,6970.647548768524
5.478901179593945,1.0,5.01e-05,0.1,0.0013333333333333333,52.80793597551911,0.9670012081215731,8449.269756083058
5.478901179593945,1.0,6.31e-05,0.1,0.0018666666666666666,52.80793597551911,0.9670012081215731,11828.977658516284
5.478901179593945,1.0,7.94e-05,0.1,0.0018,52.80793597551911,0.9670012081215731,11406.51417071213
5.478901179593945,1.0,0.0001,0.1,0.0017666666666666666,52.80793597551911,0.9670012081215731,11195.282426810052
5.478901179593945,1.0,0.000126,0.1,0.0021,52.80793597551911,0.9670012081215731,13307.599865830816
5.478901179593945,1.0,0.000158,0.1,0.0012333333333333332,52.80793597551911,0.9670012081215731,7815.574524376829
5.478901179593945,1.0,0.0002,0.1,0.0005,52.80793597551911,0.9670012081215731,3168.476158531147
5.478901179593945,1.0,0.000251,0.1,0.0002,52.80793597551911,0.9670012081215731,1267.390463412459
5.478901179593945,1.0,0.000316,0.1,3.3333333333333335e-05,52.80793597551911,0.9670012081215731,211.23174390207646
5.478901179593945,1.0,0.000398,0.1,3.3333333333333335e-05,52.80793597551911,0.9670012081215731,211.23174390207646
5.478901179593945,1.0,0.000501,0.1,0.0,52.80793597551911,0.9670012081215731,0.0
5.478901179593945,1.0,0.000631,0.1,0.0,52.80793597551911,0.9670012081215731,0.0
5.478901179593945,1.0,0.000794,0.1,0.0,52.80793597551911,0.9670012081215731,0.0
5.478901179593945,1.0,0.001,0.1,0.0,52.80793597551911,0.9670012081215731,0.0
5.478901179593945,1.0,0.00126,0.1,0.0,52.80793597551911,0.9670012081215731,0.0
5.478901179593945,1.0,0.00158,0.1,0.0,52.80793597551911,0.9670012081215731,0.0
5.478901179593945,1.0,0.002,0.1,0.0,52.80793597551911,0.9670012081215731,0.0
5.478901179593945,1.0,0.00251,0.1,0.0,52.80793597551911,0.9670012081215731,0.0
5.478901179593945,1.0,0.00316,0.1,0.0,52.80793597551911,0.9670012081215731,0.0
5.478901179593945,1.0,0.00398,0.1,0.0,52.80793597551911,0.9670012081215731,0.0
5.478901179593945,1.0,0.00501,0.1,0.0,52.80793597551911,0.9670012081215731,0.0
5.478901179593945,1.0,0.00631,0.1,0.0,52.80793597551911,0.9670012081215731,0.0
5.738441648302393,1.0,3.16e-07,0.1,0.0,52.96245190575568,0.9698306520006533,0.0
5.738441648302393,1.0,3.98e-07,0.1,0.0,52.96245190575568,0.9698306520006533,0.0
5.738441648302393,1.0,5.01e-07,0.1,0.0,52.96245190575568,0.9698306520006533,0.0
5.738441648302393,1.0,6.31e-07,0.1,0.0,52.96245190575568,0.9698306520006533,0.0
5.738441648302393,1.0,7.94e-07,0.1,0.0,52.96245190575568,0.9698306520006533,0.0
5.738441648302393,1.0,1e-06,0.1,0.0,52.96245190575568,0.9698306520006533,0.0
5.738441648302393,1.0,1.26e-06,0.1,0.0,52.96245190575568,0.9698306520006533,0.0
5.738441648302393,1.0,1.58e-06,0.1,0.0,52.96245190575568,0.9698306520006533,0.0
5.738441648302393,1.0,2e-06,0.1,0.0,52.96245190575568,0.9698306520006533,0.0
5.738441648302393,1.0,2.51e-06,0.1,3.3333333333333335e-05,52.96245190575568,0.9698306520006533,211.84980762302277
5.738441648302393,1.0,3.98e-06,0.1,0.0001,52.96245190575568,0.9698306520006533,635.5494228690682
5.738441648302393,1.0,5.01e-06,0.1,6.666666666666667e-05,52.96245190575568,0.9698306520006533,423.69961524604554
5.738441648302393,1.0,7.94e-06,0.1,6.666666666666667e-05,52.96245190575568,0.9698306520006533,423.69961524604554
5.738441648302393,1.0,1e-05,0.1,6.666666666666667e-05,52.96245190575568,0.9698306520006533,423.69961524604554
5.738441648302393,1.0,1.26e-05,0.1,0.00023333333333333333,52.96245190575568,0.9698306520006533,1482.9486533611591
5.738441648302393,1.0,1.58e-05,0.1,0.0001,52.96245190575568,0.9698306520006533,635.5494228690682
5.738441648302393,1.0,2.51e-05,0.1,0.0005,52.96245190575568,0.9698306520006533,3177.747114345341
5.738441648302393,1.0,3.16e-05,0.1,0.0006,52.96245190575568,0.9698306520006533,3813.2965372144085
5.738441648302393,1.0,3.98e-05,0.1,0.0011,52.96245190575568,0.9698306520006533,6991.04365155975
5.738441648302393,1.0,5.01e-05,0.1,0.0013333333333333333,52.96245190575568,0.9698306520006533,8473.992304920908
5.738441648302393,1.0,6.31e-05,0.1,0.0018666666666666666,52.96245190575568,0.9698306520006533,11863.589226889273
5.738441648302393,1.0,7.94e-05,0.1,0.0018,52.96245190575568,0.9698306520006533,11439.889611643228
5.738441648302393,1.0,0.0001,0.1,0.0017666666666666666,52.96245190575568,0.9698306520006533,11228.039804020205
5.738441648302393,1.0,0.000126,0.1,0.0021,52.96245190575568,0.9698306520006533,13346.537880250431
5.738441648302393,1.0,0.000158,0.1,0.0012333333333333332,52.96245190575568,0.9698306520006533,7838.442882051841
5.738441648302393,1.0,0.0002,0.1,0.0005,52.96245190575568,0.9698306520006533,3177.747114345341
5.738441648302393,1.0,0.000251,0.1,0.0002,52.96245190575568,0.9698306520006533,1271.0988457381363
5.738441648302393,1.0,0.000316,0.1,3.3333333333333335e-05,52.96245190575568,0.9698306520006533,211.84980762302277
5.738441648302393,1.0,0.000398,0.1,3.3333333333333335e-05,52.96245190575568,0.9698306520006533,211.84980762302277
5.738441648302393,1.0,0.000501,0.1,0.0,52.96245190575568,0.9698306520006533,0.0
5.738441648302393,1.0,0.000631,0.1,0.0,52.96245190575568,0.9698306520006533,0.0
5.738441648302393,1.0,0.000794,0.1,0.0,52.96245190575568,0.9698306520006533,0.0
5.738441648302393,1.0,0.001,0.1,0.0,52.96245190575568,0.9698306520006533,0.0
5.738441648302393,1.0,0.00126,0.1,0.0,52.96245190575568,0.9698306520006533,0.0
5.738441648302393,1.0,0.00158,0.1,0.0,52.96245190575568,0.9698306520006533,0.0
5.738441648302393,1.0,0.002,0.1,0.0,52.96245190575568,0.9698306520006533,0.0
5.738441648302393,1.0,0.00251,0.1,0.0,52.96245190575568,0.9698306520006533,0.0
5.738441648302393,1.0,0.00316,0.1,0.0,52.96245190575568,0.9698306520006533,0.0
5.738441648302393,1.0,0.00398,0.1,0.0,52.96245190575568,0.9698306520006533,0.0
5.738441648302393,1.0,0.00501,0.1,0.0,52.96245190575568,0.9698306520006533,0.0
5.738441648302393,1.0,0.00631,0.1,0.0,52.96245190575568,0.9698306520006533,0.0
6.010276782070382,1.0,3.16e-07,0.1,0.0,53.104096853901865,0.9724244067735189,0.0
6.010276782070382,1.0,3.98e-07,0.1,0.0,53.104096853901865,0.9724244067735189,0.0
6.010276782070382,1.0,5.01e-07,0.1,0.0,53.104096853901865,0.9724244067735189,0.0
6.010276782070382,1.0,6.31e-07,0.1,0.0,53.104096853901865,0.9724244067735189,0.0
6.010276782070382,1.0,7.94e-07,0.1,0.0,53.104096853901865,0.9724244067735189,0.0
6.010276782070382,1.0,1e-06,0.1,0.0,53.104096853901865,0.9724244067735189,0.0
6.010276782070382,1.0,1.26e-06,0.1,0.0,53.104096853901865,0.9724244067735189,0.0
6.010276782070382,1.0,1.58e-06,0.1,0.0,53.104096853901865,0.9724244067735189,0.0
6.010276782070382,1.0,2e-06,0.1,0.0,53.104096853901865,0.9724244067735189,0.0
6.010276782070382,1.0,2.51e-06,0.1,3.3333333333333335e-05,53.104096853901865,0.9724244067735189,212.41638741560746
6.010276782070382,1.0,3.98e-06,0.1,0.0001,53.104096853901865,0.9724244067735189,637.2491622468225
6.010276782070382,1.0,5.01e-06,0.1,6.666666666666667e-05,53.104096853901865,0.9724244067735189,424.8327748312149
6.010276782070382,1.0,7.94e-06,0.1,6.666666666666667e-05,53.104096853901865,0.9724244067735189,424.8327748312149
6.010276782070382,1.0,1e-05,0.1,6.666666666666667e-05,53.104096853901865,0.9724244067735189,424.8327748312149
6.010276782070382,1.0,1.26e-05,0.1,0.00023333333333333333,53.104096853901865,0.9724244067735189,1486.9147119092522
6.010276782070382,1.0,1.58e-05,0.1,0.0001,53.104096853901865,0.9724244067735189,637.2491622468225
6.010276782070382,1.0,2.51e-05,0.1,0.0005,53.104096853901865,0.9724244067735189,3186.2458112341124
6.010276782070382,1.0,3.16e-05,0.1,0.0006,53.104096853901865,0.9724244067735189,3823.4949734809343
6.010276782070382,1.0,3.98e-05,0.1,0.0011,53.104096853901865,0.9724244067735189,7009.740784715048
6.010276782070382,1.0,5.01e-05,0.1,0.0013333333333333333,53.104096853901865,0.9724244067735189,8496.655496624298
6.010276782070382,1.0,6.31e-05,0.1,0.0018666666666666666,53.104096853901865,0.9724244067735189,11895.317695274018
6.010276782070382,1.0,7.94e-05,0.1,0.0018,53.104096853901865,0.9724244067735189,11470.484920442803
6.010276782070382,1.0,0.0001,0.1,0.0017666666666666666,53.104096853901865,0.9724244067735189,11258.068533027195
6.010276782070382,1.0,0.000126,0.1,0.0021,53.104096853901865,0.9724244067735189,13382.23240718327
6.010276782070382,1.0,0.000158,0.1,0.0012333333333333332,53.104096853901865,0.9724244067735189,7859.406334377476
6.010276782070382,1.0,0.0002,0.1,0.0005,53.104096853901865,0.9724244067735189,3186.2458112341124
6.010276782070382,1.0,0.000251,0.1,0.0002,53.104096853901865,0.9724244067735189,1274.498324493645
6.010276782070382,1.0,0.000316,0.1,3.3333333333333335e-05,53.104096853901865,0.9724244067735189,212.41638741560746
6.010276782070382,1.0,0.000398,0.1,3.3333333333333335e-05,53.104096853901865,0.9724244067735189,212.41638741560746
6.010276782070382,1.0,0.000501,0.1,0.0,53.104096853901865,0.9724244067735189,0.0
6.010276782070382,1.0,0.000631,0.1,0.0,53.104096853901865,0.9724244067735189,0.0
6.010276782070382,1.0,0.000794,0.1,0.0,53.104096853901865,0.9724244067735189,0.0
6.010276782070382,1.0,0.001,0.1,0.0,53.104096853901865,0.9724244067735189,0.0
6.010276782070382,1.0,0.00126,0.1,0.0,53.104096853901865,0.9724244067735189,0.0
6.010276782070382,1.0,0.00158,0.1,0.0,53.104096853901865,0.9724244067735189,0.0
6.010276782070382,1.0,0.002,0.1,0.0,53.104096853901865,0.9724244067735189,0.0
6.010276782070382,1.0,0.00251,0.1,0.0,53.104096853901865,0.9724244067735189,0.0
6.010276782070382,1.0,0.00316,0.1,0.0,53.104096853901865,0.9724244067735189,0.0
6.010276782070382,1.0,0.00398,0.1,0.0,53.104096853901865,0.9724244067735189,0.0
6.010276782070382,1.0,0.00501,0.1,0.0,53.104096853901865,0.9724244067735189,0.0
6.010276782070382,1.0,0.00631,0.1,0.0,53.104096853901865,0.9724244067735189,0.0
6.294988990221888,1.0,3.16e-07,0.1,0.0,53.233880546892344,0.9748009622210647,0.0
6.294988990221888,1.0,3.98e-07,0.1,0.0,53.233880546892344,0.9748009622210647,0.0
6.294988990221888,1.0,5.01e-07,0.1,0.0,53.233880546892344,0.9748009622210647,0.0
6.294988990221888,1.0,6.31e-07,0.1,0.0,53.233880546892344,0.9748009622210647,0.0
6.294988990221888,1.0,7.94e-07,0.1,0.0,53.233880546892344,0.9748009622210647,0.0
6.294988990221888,1.0,1e-06,0.1,0.0,53.233880546892344,0.9748009622210647,0.0
6.294988990221888,1.0,1.26e-06,0.1,0.0,53.233880546892344,0.9748009622210647,0.0
6.294988990221888,1.0,1.58e-06,0.1,0.0,53.233880546892344,0.9748009622210647,0.0
6.294988990221888,1.0,2e-06,0.1,0.0,53.233880546892344,0.9748009622210647,0.0
6.294988990221888,1.0,2.51e-06,0.1,3.3333333333333335e-05,53.233880546892344,0.9748009622210647,212.9355221875694
6.294988990221888,1.0,3.98e-06,0.1,0.0001,53.233880546892344,0.9748009622210647,638.8065665627082
6.294988990221888,1.0,5.01e-06,0.1,6.666666666666667e-05,53.233880546892344,0.9748009622210647,425.8710443751388
6.294988990221888,1.0,7.94e-06,0.1,6.666666666666667e-05,53.233880546892344,0.9748009622210647,425.8710443751388
6.294988990221888,1.0,1e-05,0.1,6.666666666666667e-05,53.233880546892344,0.9748009622210647,425.8710443751388
6.294988990221888,1.0,1.26e-05,0.1,0.00023333333333333333,53.233880546892344,0.9748009622210647,1490.5486553129858
6.294988990221888,1.0,1.58e-05,0.1,0.0001,53.233880546892344,0.9748009622210647,638.8065665627082
6.294988990221888,1.0,2.51e-05,0.1,0.0005,53.233880546892344,0.9748009622210647,3194.032832813541
6.294988990221888,1.0,3.16e-05,0.1,0.0006,53.233880546892344,0.9748009622210647,3832.8393993762493
6.294988990221888,1.0,3.98e-05,0.1,0.0011,53.233880546892344,0.9748009622210647,7026.872232189791
6.294988990221888,1.0,5.01e-05,0.1,0.0013333333333333333,53.233880546892344,0.9748009622210647,8517.420887502774
6.294988990221888,1.0,6.31e-05,0.1,0.0018666666666666666,53.233880546892344,0.9748009622210647,11924.389242503887
6.294988990221888,1.0,7.94e-05,0.1,0.0018,53.233880546892344,0.9748009622210647,11498.518198128746
6.294988990221888,1.0,0.0001,0.1,0.0017666666666666666,53.233880546892344,0.9748009622210647,11285.58267594118
6.294988990221888,1.0,0.000126,0.1,0.0021,53.233880546892344,0.9748009622210647,13414.937897816872
6.294988990221888,1.0,0.000158,0.1,0.0012333333333333332,53.233880546892344,0.9748009622210647,7878.614320940068
6.294988990221888,1.0,0.0002,0.1,0.0005,53.233880546892344,0.9748009622210647,3194.032832813541
6.294988990221888,1.0,0.000251,0.1,0.0002,53.233880546892344,0.9748009622210647,1277.6131331254164
6.294988990221888,1.0,0.000316,0.1,3.3333333333333335e-05,53.233880546892344,0.9748009622210647,212.9355221875694
6.294988990221888,1.0,0.000398,0.1,3.3333333333333335e-05,53.233880546892344,0.9748009622210647,212.9355221875694
6.294988990221888,1.0,0.000501,0.1,0.0,53.233880546892344,0.9748009622210647,0.0
6.294988990221888,1.0,0.000631,0.1,0.0,53.233880546892344,0.9748009622210647,0.0
6.294988990221888,1.0,0.000794,0.1,0.0,53.233880546892344,0.9748009622210647,0.0
6.294988990221888,1.0,0.001,0.1,0.0,53.233880546892344,0.9748009622210647,0.0
6.294988990221888,1.0,0.00126,0.1,0.0,53.233880546892344,0.9748009622210647,0.0
6.294988990221888,1.0,0.00158,0.1,0.0,53.233880546892344,0.9748009622210647,0.0
6.294988990221888,1.0,0.002,0.1,0.0,53.233880546892344,0.9748009622210647,0.0
6.294988990221888,1.0,0.00251,0.1,0.0,53.233880546892344,0.9748009622210647,0.0
6.294988990221888,1.0,0.00316,0.1,0.0,53.233880546892344,0.9748009622210647,0.0
6.294988990221888,1.0,0.00398,0.1,0.0,53.233880546892344,0.9748009622210647,0.0
6.294988990221888,1.0,0.00501,0.1,0.0,53.233880546892344,0.9748009622210647,0.0
6.294988990221888,1.0,0.00631,0.1,0.0,53.233880546892344,0.9748009622210647,0.0
6.593188271333548,1.0,3.16e-07,0.1,0.0,53.352743866550156,0.9769775474555971,0.0
6.593188271333548,1.0,3.98e-07,0.1,0.0,53.352743866550156,0.9769775474555971,0.0
6.593188271333548,1.0,5.01e-07,0.1,0.0,53.352743866550156,0.9769775474555971,0.0
6.593188271333548,1.0,6.31e-07,0.1,0.0,53.352743866550156,0.9769775474555971,0.0
6.593188271333548,1.0,7.94e-07,0.1,0.0,53.352743866550156,0.9769775474555971,0.0
6.593188271333548,1.0,1e-06,0.1,0.0,53.352743866550156,0.9769775474555971,0.0
6.593188271333548,1.0,1.26e-06,0.1,0.0,53.352743866550156,0.9769775474555971,0.0
6.593188271333548,1.0,1.58e-06,0.1,0.0,53.352743866550156,0.9769775474555971,0.0
6.593188271333548,1.0,2e-06,0.1,0.0,53.352743866550156,0.9769775474555971,0.0
6.593188271333548,1.0,2.51e-06,0.1,3.3333333333333335e-05,53.352743866550156,0.9769775474555971,213.41097546620063
6.593188271333548,1.0,3.98e-06,0.1,0.0001,53.352743866550156,0.9769775474555971,640.232926398602
6.593188271333548,1.0,5.01e-06,0.1,6.666666666666667e-05,53.352743866550156,0.9769775474555971,426.82195093240125
6.593188271333548,1.0,7.94e-06,0.1,6.666666666666667e-05,53.352743866550156,0.9769775474555971,426.82195093240125
6.593188271333548,1.0,1e-05,0.1,6.666666666666667e-05,53.352743866550156,0.9769775474555971,426.82195093240125
6.593188271333548,1.0,1.26e-05,0.1,0.00023333333333333333,53.352743866550156,0.9769775474555971,1493.8768282634046
6.593188271333548,1.0,1.58e-05,0.1,0.0001,53.352743866550156,0.9769775474555971,640.232926398602
6.593188271333548,1.0,2.51e-05,0.1,0.0005,53.352743866550156,0.9769775474555971,3201.1646319930096
6.593188271333548,1.0,3.16e-05,0.1,0.0006,53.352743866550156,0.9769775474555971,3841.397558391611
6.593188271333548,1.0,3.98e-05,0.1,0.0011,53.352743866550156,0.9769775474555971,7042.562190384622
6.593188271333548,1.0,5.01e-05,0.1,0.0013333333333333333,53.352743866550156,0.9769775474555971,8536.439018648025
6.593188271333548,1.0,6.31e-05,0.1,0.0018666666666666666,53.352743866550156,0.9769775474555971,11951.014626107237
6.593188271333548,1.0,7.94e-05,0.1,0.0018,53.352743866550156,0.9769775474555971,11524.192675174834
6.593188271333548,1.0,0.0001,0.1,0.0017666666666666666,53.352743866550156,0.9769775474555971,11310.781699708634
6.593188271333548,1.0,0.000126,0.1,0.0021,53.352743866550156,0.9769775474555971,13444.891454370641
6.593188271333548,1.0,0.000158,0.1,0.0012333333333333332,53.352743866550156,0.9769775474555971,7896.206092249424
6.593188271333548,1.0,0.0002,0.1,0.0005,53.352743866550156,0.9769775474555971,3201.1646319930096
6.593188271333548,1.0,0.000251,0.1,0.0002,53.352743866550156,0.9769775474555971,1280.465852797204
6.593188271333548,1.0,0.000316,0.1,3.3333333333333335e-05,53.352743866550156,0.9769775474555971,213.41097546620063
6.593188271333548,1.0,0.000398,0.1,3.3333333333333335e-05,53.352743866550156,0.9769775474555971,213.41097546620063
6.593188271333548,1.0,0.000501,0.1,0.0,53.352743866550156,0.9769775474555971,0.0
6.593188271333548,1.0,0.000631,0.1,0.0,53.352743866550156,0.9769775474555971,0.0
6.593188271333548,1.0,0.000794,0.1,0.0,53.352743866550156,0.9769775474555971,0.0
6.593188271333548,1.0,0.001,0.1,0.0,53.352743866550156,0.9769775474555971,0.0
6.593188271333548,1.0,0.00126,0.1,0.0,53.352743866550156,0.9769775474555971,0.0
6.593188271333548,1.0,0.00158,0.1,0.0,53.352743866550156,0.9769775474555971,0.0
6.593188271333548,1.0,0.002,0.1,0.0,53.352743866550156,0.9769775474555971,0.0
6.593188271333548,1.0,0.00251,0.1,0.0,53.352743866550156,0.9769775474555971,0.0
6.593188271333548,1.0,0.00316,0.1,0.0,53.352743866550156,0.9769775474555971,0.0
6.593188271333548,1.0,0.00398,0.1,0.0,53.352743866550156,0.9769775474555971,0.0
6.593188271333548,1.0,0.00501,0.1,0.0,53.352743866550156,0.9769775474555971,0.0
6.593188271333548,1.0,0.00631,0.1,0.0,53.352743866550156,0.9769775474555971,0.0
6.905513520162331,1.0,3.16e-07,0.1,0.0,53.461561772966455,0.9789701844527826,0.0
6.905513520162331,1.0,3.98e-07,0.1,0.0,53.461561772966455,0.9789701844527826,0.0
6.905513520162331,1.0,5.01e-07,0.1,0.0,53.461561772966455,0.9789701844527826,0.0
6.905513520162331,1.0,6.31e-07,0.1,0.0,53.461561772966455,0.9789701844527826,0.0
6.905513520162331,1.0,7.94e-07,0.1,0.0,53.461561772966455,0.9789701844527826,0.0
6.905513520162331,1.0,1e-06,0.1,0.0,53.461561772966455,0.9789701844527826,0.0
6.905513520162331,1.0,1.26e-06,0.1,0.0,53.461561772966455,0.9789701844527826,0.0
6.905513520162331,1.0,1.58e-06,0.1,0.0,53.461561772966455,0.9789701844527826,0.0
6.905513520162331,1.0,2e-06,0.1,0.0,53.461561772966455,0.9789701844527826,0.0
6.905513520162331,1.0,2.51e-06,0.1,3.3333333333333335e-05,53.461561772966455,0.9789701844527826,213.84624709186585
6.905513520162331,1.0,3.98e-06,0.1,0.0001,53.461561772966455,0.9789701844527826,641.5387412755977
6.905513520162331,1.0,5.01e-06,0.1,6.666666666666667e-05,53.461561772966455,0.9789701844527826,427.6924941837317
6.905513520162331,1.0,7.94e-06,0.1,6.666666666666667e-05,53.461561772966455,0.9789701844527826,427.6924941837317
6.905513520162331,1.0,1e-05,0.1,6.666666666666667e-05,53.461561772966455,0.9789701844527826,427.6924941837317
6.905513520162331,1.0,1.26e-05,0.1,0.00023333333333333333,53.461561772966455,0.9789701844527826,1496.923729643061
6.905513520162331,1.0,1.58e-05,0.1,0.0001,53.461561772966455,0.9789701844527826,641.5387412755977
6.905513520162331,1.0,2.51e-05,0.1,0.0005,53.461561772966455,0.9789701844527826,3207.693706377988
6.905513520162331,1.0,3.16e-05,0.1,0.0006,53.461561772966455,0.9789701844527826,3849.232447653585
6.905513520162331,1.0,3.98e-05,0.1,0.0011,53.461561772966455,0.9789701844527826,7056.926154031573
6.905513520162331,1.0,5.01e-05,0.1,0.0013333333333333333,53.461561772966455,0.9789701844527826,8553.849883674635
6.905513520162331,1.0,6.31e-05,0.1,0.0018666666666666666,53.461561772966455,0.9789701844527826,11975.389837144488
6.905513520162331,1.0,7.94e-05,0.1,0.0018,53.461561772966455,0.9789701844527826,11547.697342960755
6.905513520162331,1.0,0.0001,0.1,0.0017666666666666666,53.461561772966455,0.9789701844527826,11333.85109586889
6.905513520162331,1.0,0.000126,0.1,0.0021,53.461561772966455,0.9789701844527826,13472.313566787547
6.905513520162331,1.0,0.000158,0.1,0.0012333333333333332,53.461561772966455,0.9789701844527826,7912.311142399036
6.905513520162331,1.0,0.0002,0.1,0.0005,53.461561772966455,0.9789701844527826,3207.693706377988
6.905513520162331,1.0,0.000251,0.1,0.0002,53.461561772966455,0.9789701844527826,1283.0774825511953
6.905513520162331,1.0,0.000316,0.1,3.3333333333333335e-05,53.461561772966455,0.9789701844527826,213.84624709186585
6.905513520162331,1.0,0.000398,0.1,3.3333333333333335e-05,53.461561772966455,0.9789701844527826,213.84624709186585
6.905513520162331,1.0,0.000501,0.1,0.0,53.461561772966455,0.9789701844527826,0.0
6.905513520162331,1.0,0.000631,0.1,0.0,53.461561772966455,0.9789701844527826,0.0
6.905513520162331,1.0,0.000794,0.1,0.0,53.461561772966455,0.9789701844527826,0.0
6.905513520162331,1.0,0.001,0.1,0.0,53.461561772966455,0.9789701844527826,0.0
6.905513520162331,1.0,0.00126,0.1,0.0,53.461561772966455,0.9789701844527826,0.0
6.905513520162331,1.0,0.00158,0.1,0.0,53.461561772966455,0.9789701844527826,0.0
6.905513520162331,1.0,0.002,0.1,0.0,53.461561772966455,0.9789701844527826,0.0
6.905513520162331,1.0,0.00251,0.1,0.0,53.461561772966455,0.9789701844527826,0.0
6.905513520162331,1.0,0.00316,0.1,0.0,53.461561772966455,0.9789701844527826,0.0
6.905513520162331,1.0,0.00398,0.1,0.0,53.461561772966455,0.9789701844527826,0.0
6.905513520162331,1.0,0.00501,0.1,0.0,53.461561772966455,0.9789701844527826,0.0
6.905513520162331,1.0,0.00631,0.1,0.0,53.461561772966455,0.9789701844527826,0.0
7.2326338964835335,1.0,3.16e-07,0.1,0.0,53.56114643772997,0.9807937454262949,0.0
7.2326338964835335,1.0,3.98e-07,0.1,0.0,53.56114643772997,0.9807937454262949,0.0
7.2326338964835335,1.0,5.01e-07,0.1,0.0,53.56114643772997,0.9807937454262949,0.0
7.2326338964835335,1.0,6.31e-07,0.1,0.0,53.56114643772997,0.9807937454262949,0.0
7.2326338964835335,1.0,7.94e-07,0.1,0.0,53.56114643772997,0.9807937454262949,0.0
7.2326338964835335,1.0,1e-06,0.1,0.0,53.56114643772997,0.9807937454262949,0.0
7.2326338964835335,1.0,1.26e-06,0.1,0.0,53.56114643772997,0.9807937454262949,0.0
7.2326338964835335,1.0,1.58e-06,0.1,0.0,53.56114643772997,0.9807937454262949,0.0
7.2326338964835335,1.0,2e-06,0.1,0.0,53.56114643772997,0.9807937454262949,0.0
7.2326338964835335,1.0,2.51e-06,0.1,3.3333333333333335e-05,53.56114643772997,0.9807937454262949,214.2445857509199
7.2326338964835335,1.0,3.98e-06,0.1,0.0001,53.56114643772997,0.9807937454262949,642.7337572527597
7.2326338964835335,1.0,5.01e-06,0.1,6.666666666666667e-05,53.56114643772997,0.9807937454262949,428.4891715018398
7.2326338964835335,1.0,7.94e-06,0.1,6.666666666666667e-05,53.56114643772997,0.9807937454262949,428.4891715018398
7.2326338964835335,1.0,1e-05,0.1,6.666666666666667e-05,53.56114643772997,0.9807937454262949,428.4891715018398
7.2326338964835335,1.0,1.26e-05,0.1,0.00023333333333333333,53.56114643772997,0.9807937454262949,1499.712100256439
7.2326338964835335,1.0,1.58e-05,0.1,0.0001,53.56114643772997,0.9807937454262949,642.7337572527597
7.2326338964835335,1.0,2.51e-05,0.1,0.0005,53.56114643772997,0.9807937454262949,3213.6687862637987
7.2326338964835335,1.0,3.16e-05,0.1,0.0006,53.56114643772997,0.9807937454262949,3856.4025435165577
7.2326338964835335,1.0,3.98e-05,0.1,0.0011,53.56114643772997,0.9807937454262949,7070.071329780357
7.2326338964835335,1.0,5.01e-05,0.1,0.0013333333333333333,53.56114643772997,0.9807937454262949,8569.783430036796
7.2326338964835335,1.0,6.31e-05,0.1,0.0018666666666666666,53.56114643772997,0.9807937454262949,11997.696802051512
7.2326338964835335,1.0,7.94e-05,0.1,0.0018,53.56114643772997,0.9807937454262949,11569.207630549674
7.2326338964835335,1.0,0.0001,0.1,0.0017666666666666666,53.56114643772997,0.9807937454262949,11354.963044798753
7.2326338964835335,1.0,0.000126,0.1,0.0021,53.56114643772997,0.9807937454262949,13497.408902307952
7.2326338964835335,1.0,0.000158,0.1,0.0012333333333333332,53.56114643772997,0.9807937454262949,7927.0496727840355
7.2326338964835335,1.0,0.0002,0.1,0.0005,53.56114643772997,0.9807937454262949,3213.6687862637987
7.2326338964835335,1.0,0.000251,0.1,0.0002,53.56114643772997,0.9807937454262949,1285.4675145055194
7.2326338964835335,1.0,0.000316,0.1,3.3333333333333335e-05,53.56114643772997,0.9807937454262949,214.2445857509199
7.2326338964835335,1.0,0.000398,0.1,3.3333333333333335e-05,53.56114643772997,0.9807937454262949,214.2445857509199
7.2326338964835335,1.0,0.000501,0.1,0.0,53.56114643772997,0.9807937454262949,0.0
7.2326338964835335,1.0,0.000631,0.1,0.0,53.56114643772997,0.9807937454262949,0.0
7.2326338964835335,1.0,0.000794,0.1,0.0,53.56114643772997,0.9807937454262949,0.0
7.2326338964835335,1.0,0.001,0.1,0.0,53.56114643772997,0.9807937454262949,0.0
7.2326338964835335,1.0,0.00126,0.1,0.0,53.56114643772997,0.9807937454262949,0.0
7.2326338964835335,1.0,0.00158,0.1,0.0,53.56114643772997,0.9807937454262949,0.0
7.2326338964835335,1.0,0.002,0.1,0.0,53.56114643772997,0.9807937454262949,0.0
7.2326338964835335,1.0,0.00251,0.1,0.0,53.56114643772997,0.9807937454262949,0.0
7.2326338964835335,1.0,0.00316,0.1,0.0,53.56114643772997,0.9807937454262949,0.0
7.2326338964835335,1.0,0.00398,0.1,0.0,53.56114643772997,0.9807937454262949,0.0
7.2326338964835335,1.0,0.00501,0.1,0.0,53.56114643772997,0.9807937454262949,0.0
7.2326338964835335,1.0,0.00631,0.1,0.0,53.56114643772997,0.9807937454262949,0.0
7.575250258771913,1.0,3.16e-07,0.1,0.0,53.65225050427698,0.9824620125302505,0.0
7.575250258771913,1.0,3.98e-07,0.1,0.0,53.65225050427698,0.9824620125302505,0.0
7.575250258771913,1.0,5.01e-07,0.1,0.0,53.65225050427698,0.9824620125302505,0.0
7.575250258771913,1.0,6.31e-07,0.1,0.0,53.65225050427698,0.9824620125302505,0.0
7.575250258771913,1.0,7.94e-07,0.1,0.0,53.65225050427698,0.9824620125302505,0.0
7.575250258771913,1.0,1e-06,0.1,0.0,53.65225050427698,0.9824620125302505,0.0
7.575250258771913,1.0,1.26e-06,0.1,0.0,53.65225050427698,0.9824620125302505,0.0
7.575250258771913,1.0,1.58e-06,0.1,0.0,53.65225050427698,0.9824620125302505,0.0
7.575250258771913,1.0,2e-06,0.1,0.0,53.65225050427698,0.9824620125302505,0.0
7.575250258771913,1.0,2.51e-06,0.1,3.3333333333333335e-05,53.65225050427698,0.9824620125302505,214.60900201710794
7.575250258771913,1.0,3.98e-06,0.1,0.0001,53.65225050427698,0.9824620125302505,643.8270060513239
7.575250258771913,1.0,5.01e-06,0.1,6.666666666666667e-05,53.65225050427698,0.9824620125302505,429.2180040342159
7.575250258771913,1.0,7.94e-06,0.1,6.666666666666667e-05,53.65225050427698,0.9824620125302505,429.2180040342159
7.575250258771913,1.0,1e-05,0.1,6.666666666666667e-05,53.65225050427698,0.9824620125302505,429.2180040342159
7.575250258771913,1.0,1.26e-05,0.1,0.00023333333333333333,53.65225050427698,0.9824620125302505,1502.2630141197556
7.575250258771913,1.0,1.58e-05,0.1,0.0001,53.65225050427698,0.9824620125302505,643.8270060513239
7.575250258771913,1.0,2.51e-05,0.1,0.0005,53.65225050427698,0.9824620125302505,3219.135030256619
7.575250258771913,1.0,3.16e-05,0.1,0.0006,53.65225050427698,0.9824620125302505,3862.962036307943
7.575250258771913,1.0,3.98e-05,0.1,0.0011,53.65225050427698,0.9824620125302505,7082.097066564563
7.575250258771913,1.0,5.01e-05,0.1,0.0013333333333333333,53.65225050427698,0.9824620125302505,8584.360080684317
7.575250258771913,1.0,6.31e-05,0.1,0.0018666666666666666,53.65225050427698,0.9824620125302505,12018.104112958044
7.575250258771913,1.0,7.94e-05,0.1,0.0018,53.65225050427698,0.9824620125302505,11588.886108923827
7.575250258771913,1.0,0.0001,0.1,0.0017666666666666666,53.65225050427698,0.9824620125302505,11374.27710690672
7.575250258771913,1.0,0.000126,0.1,0.0021,53.65225050427698,0.9824620125302505,13520.3671270778
7.575250258771913,1.0,0.000158,0.1,0.0012333333333333332,53.65225050427698,0.9824620125302505,7940.533074632993
7.575250258771913,1.0,0.0002,0.1,0.0005,53.65225050427698,0.9824620125302505,3219.135030256619
7.575250258771913,1.0,0.000251,0.1,0.0002,53.65225050427698,0.9824620125302505,1287.6540121026478
7.575250258771913,1.0,0.000316,0.1,3.3333333333333335e-05,53.65225050427698,0.9824620125302505,214.60900201710794
7.575250258771913,1.0,0.000398,0.1,3.3333333333333335e-05,53.65225050427698,0.9824620125302505,214.60900201710794
7.575250258771913,1.0,0.000501,0.1,0.0,53.65225050427698,0.9824620125302505,0.0
7.575250258771913,1.0,0.000631,0.1,0.0,53.65225050427698,0.9824620125302505,0.0
7.575250258771913,1.0,0.000794,0.1,0.0,53.65225050427698,0.9824620125302505,0.0
7.575250258771913,1.0,0.001,0.1,0.0,53.65225050427698,0.9824620125302505,0.0
7.575250258771913,1.0,0.00126,0.1,0.0,53.65225050427698,0.9824620125302505,0.0
7.575250258771913,1.0,0.00158,0.1,0.0,53.65225050427698,0.9824620125302505,0.0
7.575250258771913,1.0,0.002,0.1,0.0,53.65225050427698,0.9824620125302505,0.0
7.575250258771913,1.0,0.00251,0.1,0.0,53.65225050427698,0.9824620125302505,0.0
7.575250258771913,1.0,0.00316,0.1,0.0,53.65225050427698,0.9824620125302505,0.0
7.575250258771913,1.0,0.00398,0.1,0.0,53.65225050427698,0.9824620125302505,0.0
7.575250258771913,1.0,0.00501,0.1,0.0,53.65225050427698,0.9824620125302505,0.0
7.575250258771913,1.0,0.00631,0.1,0.0,53.65225050427698,0.9824620125302505,0.0
7.934096665797492,1.0,3.16e-07,0.1,0.0,53.735570407489156,0.9839877386465694,0.0
7.934096665797492,1.0,3.98e-07,0.1,0.0,53.735570407489156,0.9839877386465694,0.0
7.934096665797492,1.0,5.01e-07,0.1,0.0,53.735570407489156,0.9839877386465694,0.0
7.934096665797492,1.0,6.31e-07,0.1,0.0,53.735570407489156,0.9839877386465694,0.0
7.934096665797492,1.0,7.94e-07,0.1,0.0,53.735570407489156,0.9839877386465694,0.0
7.934096665797492,1.0,1e-06,0.1,0.0,53.735570407489156,0.9839877386465694,0.0
7.934096665797492,1.0,1.26e-06,0.1,0.0,53.735570407489156,0.9839877386465694,0.0
7.934096665797492,1.0,1.58e-06,0.1,0.0,53.735570407489156,0.9839877386465694,0.0
7.934096665797492,1.0,2e-06,0.1,0.0,53.735570407489156,0.9839877386465694,0.0
7.934096665797492,1.0,2.51e-06,0.1,3.3333333333333335e-05,53.735570407489156,0.9839877386465694,214.9422816299567
7.934096665797492,1.0,3.98e-06,0.1,0.0001,53.735570407489156,0.9839877386465694,644.8268448898701
7.934096665797492,1.0,5.01e-06,0.1,6.666666666666667e-05,53.735570407489156,0.9839877386465694,429.8845632599134
7.934096665797492,1.0,7.94e-06,0.1,6.666666666666667e-05,53.735570407489156,0.9839877386465694,429.8845632599134
7.934096665797492,1.0,1e-05,0.1,6.666666666666667e-05,53.735570407489156,0.9839877386465694,429.8845632599134
7.934096665797492,1.0,1.26e-05,0.1,0.00023333333333333333,53.735570407489156,0.9839877386465694,1504.5959714096966
7.934096665797492,1.0,1.58e-05,0.1,0.0001,53.735570407489156,0.9839877386465694,644.8268448898701
7.934096665797492,1.0,2.51e-05,0.1,0.0005,53.735570407489156,0.9839877386465694,3224.13422444935
7.934096665797492,1.0,3.16e-05,0.1,0.0006,53.735570407489156,0.9839877386465694,3868.96106933922
7.934096665797492,1.0,3.98e-05,0.1,0.0011,53.735570407489156,0.9839877386465694,7093.09529378857
7.934096665797492,1.0,5.01e-05,0.1,0.0013333333333333333,53.735570407489156,0.9839877386465694,8597.691265198268
7.934096665797492,1.0,6.31e-05,0.1,0.0018666666666666666,53.735570407489156,0.9839877386465694,12036.767771277573
7.934096665797492,1.0,7.94e-05,0.1,0.0018,53.735570407489156,0.9839877386465694,11606.88320801766
7.934096665797492,1.0,0.0001,0.1,0.0017666666666666666,53.735570407489156,0.9839877386465694,11391.940926387702
7.934096665797492,1.0,0.000126,0.1,0.0021,53.735570407489156,0.9839877386465694,13541.363742687268
7.934096665797492,1.0,0.000158,0.1,0.0012333333333333332,53.735570407489156,0.9839877386465694,7952.864420308396
7.934096665797492,1.0,0.0002,0.1,0.0005,53.735570407489156,0.9839877386465694,3224.13422444935
7.934096665797492,1.0,0.000251,0.1,0.0002,53.735570407489156,0.9839877386465694,1289.6536897797403
7.934096665797492,1.0,0.000316,0.1,3.3333333333333335e-05,53.735570407489156,0.9839877386465694,214.9422816299567
7.934096665797492,1.0,0.000398,0.1,3.3333333333333335e-05,53.735570407489156,0.9839877386465694,214.9422816299567
7.934096665797492,1.0,0.000501,0.1,0.0,53.735570407489156,0.9839877386465694,0.0
7.934096665797492,1.0,0.000631,0.1,0.0,53.735570407489156,0.9839877386465694,0.0
7.934096665797492,1.0,0.000794,0.1,0.0,53.735570407489156,0.9839877386465694,0.0
7.934096665797492,1.0,0.001,0.1,0.0,53.735570407489156,0.9839877386465694,0.0
7.934096665797492,1.0,0.00126,0.1,0.0,53.735570407489156,0.9839877386465694,0.0
7.934096665797492,1.0,0.00158,0.1,0.0,53.735570407489156,0.9839877386465694,0.0
7.934096665797492,1.0,0.002,0.1,0.0,53.735570407489156,0.9839877386465694,0.0
7.934096665797492,1.0,0.00251,0.1,0.0,53.735570407489156,0.9839877386465694,0.0
7.934096665797492,1.0,0.00316,0.1,0.0,53.735570407489156,0.9839877386465694,0.0
7.934096665797492,1.0,0.00398,0.1,0.0,53.735570407489156,0.9839877386465694,0.0
7.934096665797492,1.0,0.00501,0.1,0.0,53.735570407489156,0.9839877386465694,0.0
7.934096665797492,1.0,0.00631,0.1,0.0,53.735570407489156,0.9839877386465694,0.0
8.309941949353396,1.0,3.16e-07,0.1,0.0,53.811749697640444,0.9853827082519766,0.0
8.309941949353396,1.0,3.98e-07,0.1,0.0,53.811749697640444,0.9853827082519766,0.0
8.309941949353396,1.0,5.01e-07,0.1,0.0,53.811749697640444,0.9853827082519766,0.0
8.309941949353396,1.0,6.31e-07,0.1,0.0,53.811749697640444,0.9853827082519766,0.0
8.309941949353396,1.0,7.94e-07,0.1,0.0,53.811749697640444,0.9853827082519766,0.0
8.309941949353396,1.0,1e-06,0.1,0.0,53.811749697640444,0.9853827082519766,0.0
8.309941949353396,1.0,1.26e-06,0.1,0.0,53.811749697640444,0.9853827082519766,0.0
8.309941949353396,1.0,1.58e-06,0.1,0.0,53.811749697640444,0.9853827082519766,0.0
8.309941949353396,1.0,2e-06,0.1,0.0,53.811749697640444,0.9853827082519766,0.0
8.309941949353396,1.0,2.51e-06,0.1,3.3333333333333335e-05,53.811749697640444,0.9853827082519766,215.24699879056186
8.309941949353396,1.0,3.98e-06,0.1,0.0001,53.811749697640444,0.9853827082519766,645.7409963716855
8.309941949353396,1.0,5.01e-06,0.1,6.666666666666667e-05,53.811749697640444,0.9853827082519766,430.4939975811237
8.309941949353396,1.0,7.94e-06,0.1,6.666666666666667e-05,53.811749697640444,0.9853827082519766,430.4939975811237
8.309941949353396,1.0,1e-05,0.1,6.666666666666667e-05,53.811749697640444,0.9853827082519766,430.4939975811237
8.309941949353396,1.0,1.26e-05,0.1,0.00023333333333333333,53.811749697640444,0.9853827082519766,1506.7289915339327
8.309941949353396,1.0,1.58e-05,0.1,0.0001,53.811749697640444,0.9853827082519766,645.7409963716855
8.309941949353396,1.0,2.51e-05,0.1,0.0005,53.811749697640444,0.9853827082519766,3228.7049818584273
8.309941949353396,1.0,3.16e-05,0.1,0.0006,53.811749697640444,0.9853827082519766,3874.4459782301124
8.309941949353396,1.0,3.98e-05,0.1,0.0011,53.811749697640444,0.9853827082519766,7103.15096008854
8.309941949353396,1.0,5.01e-05,0.1,0.0013333333333333333,53.811749697640444,0.9853827082519766,8609.879951622474
8.309941949353396,1.0,6.31e-05,0.1,0.0018666666666666666,53.811749697640444,0.9853827082519766,12053.831932271461
8.309941949353396,1.0,7.94e-05,0.1,0.0018,53.811749697640444,0.9853827082519766,11623.337934690338
8.309941949353396,1.0,0.0001,0.1,0.0017666666666666666,53.811749697640444,0.9853827082519766,11408.090935899776
8.309941949353396,1.0,0.000126,0.1,0.0021,53.811749697640444,0.9853827082519766,13560.560923805395
8.309941949353396,1.0,0.000158,0.1,0.0012333333333333332,53.811749697640444,0.9853827082519766,7964.138955250786
8.309941949353396,1.0,0.0002,0.1,0.0005,53.811749697640444,0.9853827082519766,3228.7049818584273
8.309941949353396,1.0,0.000251,0.1,0.0002,53.811749697640444,0.9853827082519766,1291.481992743371
8.309941949353396,1.0,0.000316,0.1,3.3333333333333335e-05,53.811749697640444,0.9853827082519766,215.24699879056186
8.309941949353396,1.0,0.000398,0.1,3.3333333333333335e-05,53.811749697640444,0.9853827082519766,215.24699879056186
8.309941949353396,1.0,0.000501,0.1,0.0,53.811749697640444,0.9853827082519766,0.0
8.309941949353396,1.0,0.000631,0.1,0.0,53.811749697640444,0.9853827082519766,0.0
8.309941949353396,1.0,0.000794,0.1,0.0,53.811749697640444,0.9853827082519766,0.0
8.309941949353396,1.0,0.001,0.1,0.0,53.811749697640444,0.9853827082519766,0.0
8.309941949353396,1.0,0.00126,0.1,0.0,53.811749697640444,0.9853827082519766,0.0
8.309941949353396,1.0,0.00158,0.1,0.0,53.811749697640444,0.9853827082519766,0.0
8.309941949353396,1.0,0.002,0.1,0.0,53.811749697640444,0.9853827082519766,0.0
8.309941949353396,1.0,0.00251,0.1,0.0,53.811749697640444,0.9853827082519766,0.0
8.309941949353396,1.0,0.00316,0.1,0.0,53.811749697640444,0.9853827082519766,0.0
8.309941949353396,1.0,0.00398,0.1,0.0,53.811749697640444,0.9853827082519766,0.0
8.309941949353396,1.0,0.00501,0.1,0.0,53.811749697640444,0.9853827082519766,0.0
8.309941949353396,1.0,0.00631,0.1,0.0,53.811749697640444,0.9853827082519766,0.0
8.703591361485167,1.0,3.16e-07,0.1,0.0,53.88138232500524,0.9866577975646446,0.0
8.703591361485167,1.0,3.98e-07,0.1,0.0,53.88138232500524,0.9866577975646446,0.0
8.703591361485167,1.0,5.01e-07,0.1,0.0,53.88138232500524,0.9866577975646446,0.0
8.703591361485167,1.0,6.31e-07,0.1,0.0,53.88138232500524,0.9866577975646446,0.0
8.703591361485167,1.0,7.94e-07,0.1,0.0,53.88138232500524,0.9866577975646446,0.0
8.703591361485167,1.0,1e-06,0.1,0.0,53.88138232500524,0.9866577975646446,0.0
8.703591361485167,1.0,1.26e-06,0.1,0.0,53.88138232500524,0.9866577975646446,0.0
8.703591361485167,1.0,1.58e-06,0.1,0.0,53.88138232500524,0.9866577975646446,0.0
8.703591361485167,1.0,2e-06,0.1,0.0,53.88138232500524,0.9866577975646446,0.0
8.703591361485167,1.0,2.51e-06,0.1,3.3333333333333335e-05,53.88138232500524,0.9866577975646446,215.525529300021
8.703591361485167,1.0,3.98e-06,0.1,0.0001,53.88138232500524,0.9866577975646446,646.576587900063
8.703591361485167,1.0,5.01e-06,0.1,6.666666666666667e-05,53.88138232500524,0.9866577975646446,431.051058600042
8.703591361485167,1.0,7.94e-06,0.1,6.666666666666667e-05,53.88138232500524,0.9866577975646446,431.051058600042
8.703591361485167,1.0,1e-05,0.1,6.666666666666667e-05,53.88138232500524,0.9866577975646446,431.051058600042
8.703591361485167,1.0,1.26e-05,0.1,0.00023333333333333333,53.88138232500524,0.9866577975646446,1508.678705100147
8.703591361485167,1.0,1.58e-05,0.1,0.0001,53.88138232500524,0.9866577975646446,646.576587900063
8.703591361485167,1.0,2.51e-05,0.1,0.0005,53.88138232500524,0.9866577975646446,3232.882939500315
8.703591361485167,1.0,3.16e-05,0.1,0.0006,53.88138232500524,0.9866577975646446,3879.4595274003777
8.703591361485167,1.0,3.98e-05,0.1,0.0011,53.88138232500524,0.9866577975646446,7112.342466900693
8.703591361485167,1.0,5.01e-05,0.1,0.0013333333333333333,53.88138232500524,0.9866577975646446,8621.02117200084
8.703591361485167,1.0,6.31e-05,0.1,0.0018666666666666666,53.88138232500524,0.9866577975646446,12069.429640801176
8.703591361485167,1.0,7.94e-05,0.1,0.0018,53.88138232500524,0.9866577975646446,11638.378582201134
8.703591361485167,1.0,0.0001,0.1,0.0017666666666666666,53.88138232500524,0.9866577975646446,11422.853052901111
8.703591361485167,1.0,0.000126,0.1,0.0021,53.88138232500524,0.9866577975646446,13578.10834590132
8.703591361485167,1.0,0.000158,0.1,0.0012333333333333332,53.88138232500524,0.9866577975646446,7974.444584100776
8.703591361485167,1.0,0.0002,0.1,0.0005,53.88138232500524,0.9866577975646446,3232.882939500315
8.703591361485167,1.0,0.000251,0.1,0.0002,53.88138232500524,0.9866577975646446,1293.153175800126
8.703591361485167,1.0,0.000316,0.1,3.3333333333333335e-05,53.88138232500524,0.9866577975646446,215.525529300021
8.703591361485167,1.0,0.000398,0.1,3.3333333333333335e-05,53.88138232500524,0.9866577975646446,215.525529300021
8.703591361485167,1.0,0.000501,0.1,0.0,53.88138232500524,0.9866577975646446,0.0
8.703591361485167,1.0,0.000631,0.1,0.0,53.88138232500524,0.9866577975646446,0.0
8.703591361485167,1.0,0.000794,0.1,0.0,53.88138232500524,0.9866577975646446,0.0
8.703591361485167,1.0,0.001,0.1,0.0,53.88138232500524,0.9866577975646446,0.0
8.703591361485167,1.0,0.00126,0.1,0.0,53.88138232500524,0.9866577975646446,0.0
8.703591361485167,1.0,0.00158,0.1,0.0,53.88138232500524,0.9866577975646446,0.0
8.703591361485167,1.0,0.002,0.1,0.0,53.88138232500524,0.9866577975646446,0.0
8.703591361485167,1.0,0.00251,0.1,0.0,53.88138232500524,0.9866577975646446,0.0
8.703591361485167,1.0,0.00316,0.1,0.0,53.88138232500524,0.9866577975646446,0.0
8.703591361485167,1.0,0.00398,0.1,0.0,53.88138232500524,0.9866577975646446,0.0
8.703591361485167,1.0,0.00501,0.1,0.0,53.88138232500524,0.9866577975646446,0.0
8.703591361485167,1.0,0.00631,0.1,0.0,53.88138232500524,0.9866577975646446,0.0
9.115888299750829,1.0,3.16e-07,0.1,0.0,53.9450158510311,0.9878230333461107,0.0
9.115888299750829,1.0,3.98e-07,0.1,0.0,53.9450158510311,0.9878230333461107,0.0
9.115888299750829,1.0,5.01e-07,0.1,0.0,53.9450158510311,0.9878230333461107,0.0
9.115888299750829,1.0,6.31e-07,0.1,0.0,53.9450158510311,0.9878230333461107,0.0
9.115888299750829,1.0,7.94e-07,0.1,0.0,53.9450158510311,0.9878230333461107,0.0
9.115888299750829,1.0,1e-06,0.1,0.0,53.9450158510311,0.9878230333461107,0.0
9.115888299750829,1.0,1.26e-06,0.1,0.0,53.9450158510311,0.9878230333461107,0.0
9.115888299750829,1.0,1.58e-06,0.1,0.0,53.9450158510311,0.9878230333461107,0.0
9.115888299750829,1.0,2e-06,0.1,0.0,53.9450158510311,0.9878230333461107,0.0
9.115888299750829,1.0,2.51e-06,0.1,3.3333333333333335e-05,53.9450158510311,0.9878230333461107,215.78006340412446
9.115888299750829,1.0,3.98e-06,0.1,0.0001,53.9450158510311,0.9878230333461107,647.3401902123733
9.115888299750829,1.0,5.01e-06,0.1,6.666666666666667e-05,53.9450158510311,0.9878230333461107,431.5601268082489
9.115888299750829,1.0,7.94e-06,0.1,6.666666666666667e-05,53.9450158510311,0.9878230333461107,431.5601268082489
9.115888299750829,1.0,1e-05,0.1,6.666666666666667e-05,53.9450158510311,0.9878230333461107,431.5601268082489
9.115888299750829,1.0,1.26e-05,0.1,0.00023333333333333333,53.9450158510311,0.9878230333461107,1510.4604438288711
9.115888299750829,1.0,1.58e-05,0.1,0.0001,53.9450158510311,0.9878230333461107,647.3401902123733
9.115888299750829,1.0,2.51e-05,0.1,0.0005,53.9450158510311,0.9878230333461107,3236.7009510618664
9.115888299750829,1.0,3.16e-05,0.1,0.0006,53.9450158510311,0.9878230333461107,3884.0411412742396
9.115888299750829,1.0,3.98e-05,0.1,0.0011,53.9450158510311,0.9878230333461107,7120.742092336106
9.115888299750829,1.0,5.01e-05,0.1,0.0013333333333333333,53.9450158510311,0.9878230333461107,8631.202536164978
9.115888299750829,1.0,6.31e-05,0.1,0.0018666666666666666,53.9450158510311,0.9878230333461107,12083.683550630969
9.115888299750829,1.0,7.94e-05,0.1,0.0018,53.9450158510311,0.9878230333461107,11652.123423822719
9.115888299750829,1.0,0.0001,0.1,0.0017666666666666666,53.9450158510311,0.9878230333461107,11436.343360418596
9.115888299750829,1.0,0.000126,0.1,0.0021,53.9450158510311,0.9878230333461107,13594.143994459839
9.115888299750829,1.0,0.000158,0.1,0.0012333333333333332,53.9450158510311,0.9878230333461107,7983.862345952603
9.115888299750829,1.0,0.0002,0.1,0.0005,53.9450158510311,0.9878230333461107,3236.7009510618664
9.115888299750829,1.0,0.000251,0.1,0.0002,53.9450158510311,0.9878230333461107,1294.6803804247465
9.115888299750829,1.0,0.000316,0.1,3.3333333333333335e-05,53.9450158510311,0.9878230333461107,215.78006340412446
9.115888299750829,1.0,0.000398,0.1,3.3333333333333335e-05,53.9450158510311,0.9878230333461107,215.78006340412446
9.115888299750829,1.0,0.000501,0.1,0.0,53.9450158510311,0.9878230333461107,0.0
9.115888299750829,1.0,0.000631,0.1,0.0,53.9450158510311,0.9878230333461107,0.0
9.115888299750829,1.0,0.000794,0.1,0.0,53.9450158510311,0.9878230333461107,0.0
9.115888299750829,1.0,0.001,0.1,0.0,53.9450158510311,0.9878230333461107,0.0
9.115888299750829,1.0,0.00126,0.1,0.0,53.9450158510311,0.9878230333461107,0.0
9.115888299750829,1.0,0.00158,0.1,0.0,53.9450158510311,0.9878230333461107,0.0
9.115888299750829,1.0,0.002,0.1,0.0,53.9450158510311,0.9878230333461107,0.0
9.115888299750829,1.0,0.00251,0.1,0.0,53.9450158510311,0.9878230333461107,0.0
9.115888299750829,1.0,0.00316,0.1,0.0,53.9450158510311,0.9878230333461107,0.0
9.115888299750829,1.0,0.00398,0.1,0.0,53.9450158510311,0.9878230333461107,0.0
9.115888299750829,1.0,0.00501,0.1,0.0,53.9450158510311,0.9878230333461107,0.0
9.115888299750829,1.0,0.00631,0.1,0.0,53.9450158510311,0.9878230333461107,0.0
9.547716114208056,1.0,3.16e-07,0.1,0.0,54.003154560105145,0.9888876498828996,0.0
9.547716114208056,1.0,3.98e-07,0.1,0.0,54.003154560105145,0.9888876498828996,0.0
9.547716114208056,1.0,5.01e-07,0.1,0.0,54.003154560105145,0.9888876498828996,0.0
9.547716114208056,1.0,6.31e-07,0.1,0.0,54.003154560105145,0.9888876498828996,0.0
9.547716114208056,1.0,7.94e-07,0.1,0.0,54.003154560105145,0.9888876498828996,0.0
9.547716114208056,1.0,1e-06,0.1,0.0,54.003154560105145,0.9888876498828996,0.0
9.547716114208056,1.0,1.26e-06,0.1,0.0,54.003154560105145,0.9888876498828996,0.0
9.547716114208056,1.0,1.58e-06,0.1,0.0,54.003154560105145,0.9888876498828996,0.0
9.547716114208056,1.0,2e-06,0.1,0.0,54.003154560105145,0.9888876498828996,0.0
9.547716114208056,1.0,2.51e-06,0.1,3.3333333333333335e-05,54.003154560105145,0.9888876498828996,216.01261824042064
9.547716114208056,1.0,3.98e-06,0.1,0.0001,54.003154560105145,0.9888876498828996,648.0378547212619
9.547716114208056,1.0,5.01e-06,0.1,6.666666666666667e-05,54.003154560105145,0.9888876498828996,432.0252364808413
9.547716114208056,1.0,7.94e-06,0.1,6.666666666666667e-05,54.003154560105145,0.9888876498828996,432.0252364808413
9.547716114208056,1.0,1e-05,0.1,6.666666666666667e-05,54.003154560105145,0.9888876498828996,432.0252364808413
9.547716114208056,1.0,1.26e-05,0.1,0.00023333333333333333,54.003154560105145,0.9888876498828996,1512.0883276829443
9.547716114208056,1.0,1.58e-05,0.1,0.0001,54.003154560105145,0.9888876498828996,648.0378547212619
9.547716114208056,1.0,2.51e-05,0.1,0.0005,54.003154560105145,0.9888876498828996,3240.189273606309
9.547716114208056,1.0,3.16e-05,0.1,0.0006,54.003154560105145,0.9888876498828996,3888.2271283275704
9.547716114208056,1.0,3.98e-05,0.1,0.0011,54.003154560105145,0.9888876498828996,7128.4164019338805
9.547716114208056,1.0,5.01e-05,0.1,0.0013333333333333333,54.003154560105145,0.9888876498828996,8640.504729616825
9.547716114208056,1.0,6.31e-05,0.1,0.0018666666666666666,54.003154560105145,0.9888876498828996,12096.706621463554
9.547716114208056,1.0,7.94e-05,0.1,0.0018,54.003154560105145,0.9888876498828996,11664.681384982712
9.547716114208056,1.0,0.0001,0.1,0.0017666666666666666,54.003154560105145,0.9888876498828996,11448.668766742292
9.547716114208056,1.0,0.000126,0.1,0.0021,54.003154560105145,0.9888876498828996,13608.794949146497
9.547716114208056,1.0,0.000158,0.1,0.0012333333333333332,54.003154560105145,0.9888876498828996,7992.466874895563
9.547716114208056,1.0,0.0002,0.1,0.0005,54.003154560105145,0.9888876498828996,3240.189273606309
9.547716114208056,1.0,0.000251,0.1,0.0002,54.003154560105145,0.9888876498828996,1296.0757094425237
9.547716114208056,1.0,0.000316,0.1,3.3333333333333335e-05,54.003154560105145,0.9888876498828996,216.01261824042064
9.547716114208056,1.0,0.000398,0.1,3.3333333333333335e-05,54.003154560105145,0.9888876498828996,216.01261824042064
9.547716114208056,1.0,0.000501,0.1,0.0,54.003154560105145,0.9888876498828996,0.0
9.547716114208056,1.0,0.000631,0.1,0.0,54.003154560105145,0.9888876498828996,0.0
9.547716114208056,1.0,0.000794,0.1,0.0,54.003154560105145,0.9888876498828996,0.0
9.547716114208056,1.0,0.001,0.1,0.0,54.003154560105145,0.9888876498828996,0.0
9.547716114208056,1.0,0.00126,0.1,0.0,54.003154560105145,0.9888876498828996,0.0
9.547716114208056,1.0,0.00158,0.1,0.0,54.003154560105145,0.9888876498828996,0.0
9.547716114208056,1.0,0.002,0.1,0.0,54.003154560105145,0.9888876498828996,0.0
9.547716114208056,1.0,0.00251,0.1,0.0,54.003154560105145,0.9888876498828996,0.0
9.547716114208056,1.0,0.00316,0.1,0.0,54.003154560105145,0.9888876498828996,0.0
9.547716114208056,1.0,0.00398,0.1,0.0,54.003154560105145,0.9888876498828996,0.0
9.547716114208056,1.0,0.00501,0.1,0.0,54.003154560105145,0.9888876498828996,0.0
9.547716114208056,1.0,0.00631,0.1,0.0,54.003154560105145,0.9888876498828996,0.0
10.0,1.0,3.16e-07,0.1,0.0,54.05626245276372,0.9898601437971749,0.0
10.0,1.0,3.98e-07,0.1,0.0,54.05626245276372,0.9898601437971749,0.0
10.0,1.0,5.01e-07,0.1,0.0,54.05626245276372,0.9898601437971749,0.0
10.0,1.0,6.31e-07,0.1,0.0,54.05626245276372,0.9898601437971749,0.0
10.0,1.0,7.94e-07,0.1,0.0,54.05626245276372,0.9898601437971749,0.0
10.0,1.0,1e-06,0.1,0.0,54.05626245276372,0.9898601437971749,0.0
10.0,1.0,1.26e-06,0.1,0.0,54.05626245276372,0.9898601437971749,0.0
10.0,1.0,1.58e-06,0.1,0.0,54.05626245276372,0.9898601437971749,0.0
10.0,1.0,2e-06,0.1,0.0,54.05626245276372,0.9898601437971749,0.0
10.0,1.0,2.51e-06,0.1,3.3333333333333335e-05,54.05626245276372,0.9898601437971749,216.2250498110549
10.0,1.0,3.98e-06,0.1,0.0001,54.05626245276372,0.9898601437971749,648.6751494331647
10.0,1.0,5.01e-06,0.1,6.666666666666667e-05,54.05626245276372,0.9898601437971749,432.4500996221098
10.0,1.0,7.94e-06,0.1,6.666666666666667e-05,54.05626245276372,0.9898601437971749,432.4500996221098
10.0,1.0,1e-05,0.1,6.666666666666667e-05,54.05626245276372,0.9898601437971749,432.4500996221098
10.0,1.0,1.26e-05,0.1,0.00023333333333333333,54.05626245276372,0.9898601437971749,1513.575348677384
10.0,1.0,1.58e-05,0.1,0.0001,54.05626245276372,0.9898601437971749,648.6751494331647
10.0,1.0,2.51e-05,0.1,0.0005,54.05626245276372,0.9898601437971749,3243.375747165823
10.0,1.0,3.16e-05,0.1,0.0006,54.05626245276372,0.9898601437971749,3892.0508965989875
10.0,1.0,3.98e-05,0.1,0.0011,54.05626245276372,0.9898601437971749,7135.426643764811
10.0,1.0,5.01e-05,0.1,0.0013333333333333333,54.05626245276372,0.9898601437971749,8649.001992442194
10.0,1.0,6.31e-05,0.1,0.0018666666666666666,54.05626245276372,0.9898601437971749,12108.602789419072
10.0,1.0,7.94e-05,0.1,0.0018,54.05626245276372,0.9898601437971749,11676.152689796963
10.0,1.0,0.0001,0.1,0.0017666666666666666,54.05626245276372,0.9898601437971749,11459.927639985908
10.0,1.0,0.000126,0.1,0.0021,54.05626245276372,0.9898601437971749,13622.178138096457
10.0,1.0,0.000158,0.1,0.0012333333333333332,54.05626245276372,0.9898601437971749,8000.326843009029
10.0,1.0,0.0002,0.1,0.0005,54.05626245276372,0.9898601437971749,3243.375747165823
10.0,1.0,0.000251,0.1,0.0002,54.05626245276372,0.9898601437971749,1297.3502988663295
10.0,1.0,0.000316,0.1,3.3333333333333335e-05,54.05626245276372,0.9898601437971749,216.2250498110549
10.0,1.0,0.000398,0.1,3.3333333333333335e-05,54.05626245276372,0.9898601437971749,216.2250498110549
10.0,1.0,0.000501,0.1,0.0,54.05626245276372,0.9898601437971749,0.0
10.0,1.0,0.000631,0.1,0.0,54.05626245276372,0.9898601437971749,0.0
10.0,1.0,0.000794,0.1,0.0,54.05626245276372,0.9898601437971749,0.0
10.0,1.0,0.001,0.1,0.0,54.05626245276372,0.9898601437971749,0.0
10.0,1.0,0.00126,0.1,0.0,54.05626245276372,0.9898601437971749,0.0
10.0,1.0,0.00158,0.1,0.0,54.05626245276372,0.9898601437971749,0.0
10.0,1.0,0.002,0.1,0.0,54.05626245276372,0.9898601437971749,0.0
10.0,1.0,0.00251,0.1,0.0,54.05626245276372,0.9898601437971749,0.0
10.0,1.0,0.00316,0.1,0.0,54.05626245276372,0.9898601437971749,0.0
10.0,1.0,0.00398,0.1,0.0,54.05626245276372,0.9898601437971749,0.0
10.0,1.0,0.00501,0.1,0.0,54.05626245276372,0.9898601437971749,0.0
10.0,1.0,0.00631,0.1,0.0,54.05626245276372,0.9898601437971749,0.0
